solid tube_cap_2p25id_tpu
  facet normal 0.000000e+0 0.000000e+0 -1.000000e+0
    outer loop
      vertex 0.000000e+0 0.000000e+0 0.000000e+0
      vertex 2.696748e+1 1.324827e+0 0.000000e+0
      vertex 2.700000e+1 0.000000e+0 0.000000e+0
    endloop
  endfacet
  facet normal 0.000000e+0 0.000000e+0 -1.000000e+0
    outer loop
      vertex 0.000000e+0 0.000000e+0 0.000000e+0
      vertex 2.686999e+1 2.646463e+0 0.000000e+0
      vertex 2.696748e+1 1.324827e+0 0.000000e+0
    endloop
  endfacet
  facet normal 0.000000e+0 0.000000e+0 -1.000000e+0
    outer loop
      vertex 0.000000e+0 0.000000e+0 0.000000e+0
      vertex 2.670777e+1 3.961723e+0 0.000000e+0
      vertex 2.686999e+1 2.646463e+0 0.000000e+0
    endloop
  endfacet
  facet normal 0.000000e+0 0.000000e+0 -1.000000e+0
    outer loop
      vertex 0.000000e+0 0.000000e+0 0.000000e+0
      vertex 2.648120e+1 5.267439e+0 0.000000e+0
      vertex 2.670777e+1 3.961723e+0 0.000000e+0
    endloop
  endfacet
  facet normal 0.000000e+0 0.000000e+0 -1.000000e+0
    outer loop
      vertex 0.000000e+0 0.000000e+0 0.000000e+0
      vertex 2.619084e+1 6.560465e+0 0.000000e+0
      vertex 2.648120e+1 5.267439e+0 0.000000e+0
    endloop
  endfacet
  facet normal 0.000000e+0 0.000000e+0 -1.000000e+0
    outer loop
      vertex 0.000000e+0 0.000000e+0 0.000000e+0
      vertex 2.583739e+1 7.837686e+0 0.000000e+0
      vertex 2.619084e+1 6.560465e+0 0.000000e+0
    endloop
  endfacet
  facet normal 0.000000e+0 0.000000e+0 -1.000000e+0
    outer loop
      vertex 0.000000e+0 0.000000e+0 0.000000e+0
      vertex 2.542169e+1 9.096026e+0 0.000000e+0
      vertex 2.583739e+1 7.837686e+0 0.000000e+0
    endloop
  endfacet
  facet normal 0.000000e+0 0.000000e+0 -1.000000e+0
    outer loop
      vertex 0.000000e+0 0.000000e+0 0.000000e+0
      vertex 2.494475e+1 1.033245e+1 0.000000e+0
      vertex 2.542169e+1 9.096026e+0 0.000000e+0
    endloop
  endfacet
  facet normal 0.000000e+0 0.000000e+0 -1.000000e+0
    outer loop
      vertex 0.000000e+0 0.000000e+0 0.000000e+0
      vertex 2.440771e+1 1.154399e+1 0.000000e+0
      vertex 2.494475e+1 1.033245e+1 0.000000e+0
    endloop
  endfacet
  facet normal 0.000000e+0 0.000000e+0 -1.000000e+0
    outer loop
      vertex 0.000000e+0 0.000000e+0 0.000000e+0
      vertex 2.381187e+1 1.272771e+1 0.000000e+0
      vertex 2.440771e+1 1.154399e+1 0.000000e+0
    endloop
  endfacet
  facet normal 0.000000e+0 0.000000e+0 -1.000000e+0
    outer loop
      vertex 0.000000e+0 0.000000e+0 0.000000e+0
      vertex 2.315867e+1 1.388077e+1 0.000000e+0
      vertex 2.381187e+1 1.272771e+1 0.000000e+0
    endloop
  endfacet
  facet normal 0.000000e+0 0.000000e+0 -1.000000e+0
    outer loop
      vertex 0.000000e+0 0.000000e+0 0.000000e+0
      vertex 2.244968e+1 1.500040e+1 0.000000e+0
      vertex 2.315867e+1 1.388077e+1 0.000000e+0
    endloop
  endfacet
  facet normal 0.000000e+0 0.000000e+0 -1.000000e+0
    outer loop
      vertex 0.000000e+0 0.000000e+0 0.000000e+0
      vertex 2.168660e+1 1.608388e+1 0.000000e+0
      vertex 2.244968e+1 1.500040e+1 0.000000e+0
    endloop
  endfacet
  facet normal 0.000000e+0 0.000000e+0 -1.000000e+0
    outer loop
      vertex 0.000000e+0 0.000000e+0 0.000000e+0
      vertex 2.087128e+1 1.712862e+1 0.000000e+0
      vertex 2.168660e+1 1.608388e+1 0.000000e+0
    endloop
  endfacet
  facet normal 0.000000e+0 0.000000e+0 -1.000000e+0
    outer loop
      vertex 0.000000e+0 0.000000e+0 0.000000e+0
      vertex 2.000568e+1 1.813209e+1 0.000000e+0
      vertex 2.087128e+1 1.712862e+1 0.000000e+0
    endloop
  endfacet
  facet normal 0.000000e+0 0.000000e+0 -1.000000e+0
    outer loop
      vertex 0.000000e+0 0.000000e+0 0.000000e+0
      vertex 1.909188e+1 1.909188e+1 0.000000e+0
      vertex 2.000568e+1 1.813209e+1 0.000000e+0
    endloop
  endfacet
  facet normal 0.000000e+0 0.000000e+0 -1.000000e+0
    outer loop
      vertex 0.000000e+0 0.000000e+0 0.000000e+0
      vertex 1.813209e+1 2.000568e+1 0.000000e+0
      vertex 1.909188e+1 1.909188e+1 0.000000e+0
    endloop
  endfacet
  facet normal 0.000000e+0 0.000000e+0 -1.000000e+0
    outer loop
      vertex 0.000000e+0 0.000000e+0 0.000000e+0
      vertex 1.712862e+1 2.087128e+1 0.000000e+0
      vertex 1.813209e+1 2.000568e+1 0.000000e+0
    endloop
  endfacet
  facet normal 0.000000e+0 0.000000e+0 -1.000000e+0
    outer loop
      vertex 0.000000e+0 0.000000e+0 0.000000e+0
      vertex 1.608388e+1 2.168660e+1 0.000000e+0
      vertex 1.712862e+1 2.087128e+1 0.000000e+0
    endloop
  endfacet
  facet normal 0.000000e+0 0.000000e+0 -1.000000e+0
    outer loop
      vertex 0.000000e+0 0.000000e+0 0.000000e+0
      vertex 1.500040e+1 2.244968e+1 0.000000e+0
      vertex 1.608388e+1 2.168660e+1 0.000000e+0
    endloop
  endfacet
  facet normal 0.000000e+0 0.000000e+0 -1.000000e+0
    outer loop
      vertex 0.000000e+0 0.000000e+0 0.000000e+0
      vertex 1.388077e+1 2.315867e+1 0.000000e+0
      vertex 1.500040e+1 2.244968e+1 0.000000e+0
    endloop
  endfacet
  facet normal 0.000000e+0 0.000000e+0 -1.000000e+0
    outer loop
      vertex 0.000000e+0 0.000000e+0 0.000000e+0
      vertex 1.272771e+1 2.381187e+1 0.000000e+0
      vertex 1.388077e+1 2.315867e+1 0.000000e+0
    endloop
  endfacet
  facet normal 0.000000e+0 0.000000e+0 -1.000000e+0
    outer loop
      vertex 0.000000e+0 0.000000e+0 0.000000e+0
      vertex 1.154399e+1 2.440771e+1 0.000000e+0
      vertex 1.272771e+1 2.381187e+1 0.000000e+0
    endloop
  endfacet
  facet normal 0.000000e+0 0.000000e+0 -1.000000e+0
    outer loop
      vertex 0.000000e+0 0.000000e+0 0.000000e+0
      vertex 1.033245e+1 2.494475e+1 0.000000e+0
      vertex 1.154399e+1 2.440771e+1 0.000000e+0
    endloop
  endfacet
  facet normal 0.000000e+0 0.000000e+0 -1.000000e+0
    outer loop
      vertex 0.000000e+0 0.000000e+0 0.000000e+0
      vertex 9.096026e+0 2.542169e+1 0.000000e+0
      vertex 1.033245e+1 2.494475e+1 0.000000e+0
    endloop
  endfacet
  facet normal 0.000000e+0 0.000000e+0 -1.000000e+0
    outer loop
      vertex 0.000000e+0 0.000000e+0 0.000000e+0
      vertex 7.837686e+0 2.583739e+1 0.000000e+0
      vertex 9.096026e+0 2.542169e+1 0.000000e+0
    endloop
  endfacet
  facet normal 0.000000e+0 0.000000e+0 -1.000000e+0
    outer loop
      vertex 0.000000e+0 0.000000e+0 0.000000e+0
      vertex 6.560465e+0 2.619084e+1 0.000000e+0
      vertex 7.837686e+0 2.583739e+1 0.000000e+0
    endloop
  endfacet
  facet normal 0.000000e+0 0.000000e+0 -1.000000e+0
    outer loop
      vertex 0.000000e+0 0.000000e+0 0.000000e+0
      vertex 5.267439e+0 2.648120e+1 0.000000e+0
      vertex 6.560465e+0 2.619084e+1 0.000000e+0
    endloop
  endfacet
  facet normal 0.000000e+0 0.000000e+0 -1.000000e+0
    outer loop
      vertex 0.000000e+0 0.000000e+0 0.000000e+0
      vertex 3.961723e+0 2.670777e+1 0.000000e+0
      vertex 5.267439e+0 2.648120e+1 0.000000e+0
    endloop
  endfacet
  facet normal 0.000000e+0 0.000000e+0 -1.000000e+0
    outer loop
      vertex 0.000000e+0 0.000000e+0 0.000000e+0
      vertex 2.646463e+0 2.686999e+1 0.000000e+0
      vertex 3.961723e+0 2.670777e+1 0.000000e+0
    endloop
  endfacet
  facet normal 0.000000e+0 0.000000e+0 -1.000000e+0
    outer loop
      vertex 0.000000e+0 0.000000e+0 0.000000e+0
      vertex 1.324827e+0 2.696748e+1 0.000000e+0
      vertex 2.646463e+0 2.686999e+1 0.000000e+0
    endloop
  endfacet
  facet normal 0.000000e+0 0.000000e+0 -1.000000e+0
    outer loop
      vertex 0.000000e+0 0.000000e+0 0.000000e+0
      vertex 1.653273e-15 2.700000e+1 0.000000e+0
      vertex 1.324827e+0 2.696748e+1 0.000000e+0
    endloop
  endfacet
  facet normal 0.000000e+0 0.000000e+0 -1.000000e+0
    outer loop
      vertex 0.000000e+0 0.000000e+0 0.000000e+0
      vertex -1.324827e+0 2.696748e+1 0.000000e+0
      vertex 1.653273e-15 2.700000e+1 0.000000e+0
    endloop
  endfacet
  facet normal 0.000000e+0 0.000000e+0 -1.000000e+0
    outer loop
      vertex 0.000000e+0 0.000000e+0 0.000000e+0
      vertex -2.646463e+0 2.686999e+1 0.000000e+0
      vertex -1.324827e+0 2.696748e+1 0.000000e+0
    endloop
  endfacet
  facet normal 0.000000e+0 0.000000e+0 -1.000000e+0
    outer loop
      vertex 0.000000e+0 0.000000e+0 0.000000e+0
      vertex -3.961723e+0 2.670777e+1 0.000000e+0
      vertex -2.646463e+0 2.686999e+1 0.000000e+0
    endloop
  endfacet
  facet normal 0.000000e+0 0.000000e+0 -1.000000e+0
    outer loop
      vertex 0.000000e+0 0.000000e+0 0.000000e+0
      vertex -5.267439e+0 2.648120e+1 0.000000e+0
      vertex -3.961723e+0 2.670777e+1 0.000000e+0
    endloop
  endfacet
  facet normal 0.000000e+0 0.000000e+0 -1.000000e+0
    outer loop
      vertex 0.000000e+0 0.000000e+0 0.000000e+0
      vertex -6.560465e+0 2.619084e+1 0.000000e+0
      vertex -5.267439e+0 2.648120e+1 0.000000e+0
    endloop
  endfacet
  facet normal 0.000000e+0 0.000000e+0 -1.000000e+0
    outer loop
      vertex 0.000000e+0 0.000000e+0 0.000000e+0
      vertex -7.837686e+0 2.583739e+1 0.000000e+0
      vertex -6.560465e+0 2.619084e+1 0.000000e+0
    endloop
  endfacet
  facet normal 0.000000e+0 0.000000e+0 -1.000000e+0
    outer loop
      vertex 0.000000e+0 0.000000e+0 0.000000e+0
      vertex -9.096026e+0 2.542169e+1 0.000000e+0
      vertex -7.837686e+0 2.583739e+1 0.000000e+0
    endloop
  endfacet
  facet normal 0.000000e+0 0.000000e+0 -1.000000e+0
    outer loop
      vertex 0.000000e+0 0.000000e+0 0.000000e+0
      vertex -1.033245e+1 2.494475e+1 0.000000e+0
      vertex -9.096026e+0 2.542169e+1 0.000000e+0
    endloop
  endfacet
  facet normal 0.000000e+0 0.000000e+0 -1.000000e+0
    outer loop
      vertex 0.000000e+0 0.000000e+0 0.000000e+0
      vertex -1.154399e+1 2.440771e+1 0.000000e+0
      vertex -1.033245e+1 2.494475e+1 0.000000e+0
    endloop
  endfacet
  facet normal 0.000000e+0 0.000000e+0 -1.000000e+0
    outer loop
      vertex 0.000000e+0 0.000000e+0 0.000000e+0
      vertex -1.272771e+1 2.381187e+1 0.000000e+0
      vertex -1.154399e+1 2.440771e+1 0.000000e+0
    endloop
  endfacet
  facet normal 0.000000e+0 0.000000e+0 -1.000000e+0
    outer loop
      vertex 0.000000e+0 0.000000e+0 0.000000e+0
      vertex -1.388077e+1 2.315867e+1 0.000000e+0
      vertex -1.272771e+1 2.381187e+1 0.000000e+0
    endloop
  endfacet
  facet normal 0.000000e+0 0.000000e+0 -1.000000e+0
    outer loop
      vertex 0.000000e+0 0.000000e+0 0.000000e+0
      vertex -1.500040e+1 2.244968e+1 0.000000e+0
      vertex -1.388077e+1 2.315867e+1 0.000000e+0
    endloop
  endfacet
  facet normal 0.000000e+0 0.000000e+0 -1.000000e+0
    outer loop
      vertex 0.000000e+0 0.000000e+0 0.000000e+0
      vertex -1.608388e+1 2.168660e+1 0.000000e+0
      vertex -1.500040e+1 2.244968e+1 0.000000e+0
    endloop
  endfacet
  facet normal 0.000000e+0 0.000000e+0 -1.000000e+0
    outer loop
      vertex 0.000000e+0 0.000000e+0 0.000000e+0
      vertex -1.712862e+1 2.087128e+1 0.000000e+0
      vertex -1.608388e+1 2.168660e+1 0.000000e+0
    endloop
  endfacet
  facet normal 0.000000e+0 0.000000e+0 -1.000000e+0
    outer loop
      vertex 0.000000e+0 0.000000e+0 0.000000e+0
      vertex -1.813209e+1 2.000568e+1 0.000000e+0
      vertex -1.712862e+1 2.087128e+1 0.000000e+0
    endloop
  endfacet
  facet normal 0.000000e+0 0.000000e+0 -1.000000e+0
    outer loop
      vertex 0.000000e+0 0.000000e+0 0.000000e+0
      vertex -1.909188e+1 1.909188e+1 0.000000e+0
      vertex -1.813209e+1 2.000568e+1 0.000000e+0
    endloop
  endfacet
  facet normal 0.000000e+0 0.000000e+0 -1.000000e+0
    outer loop
      vertex 0.000000e+0 0.000000e+0 0.000000e+0
      vertex -2.000568e+1 1.813209e+1 0.000000e+0
      vertex -1.909188e+1 1.909188e+1 0.000000e+0
    endloop
  endfacet
  facet normal 0.000000e+0 0.000000e+0 -1.000000e+0
    outer loop
      vertex 0.000000e+0 0.000000e+0 0.000000e+0
      vertex -2.087128e+1 1.712862e+1 0.000000e+0
      vertex -2.000568e+1 1.813209e+1 0.000000e+0
    endloop
  endfacet
  facet normal 0.000000e+0 0.000000e+0 -1.000000e+0
    outer loop
      vertex 0.000000e+0 0.000000e+0 0.000000e+0
      vertex -2.168660e+1 1.608388e+1 0.000000e+0
      vertex -2.087128e+1 1.712862e+1 0.000000e+0
    endloop
  endfacet
  facet normal 0.000000e+0 0.000000e+0 -1.000000e+0
    outer loop
      vertex 0.000000e+0 0.000000e+0 0.000000e+0
      vertex -2.244968e+1 1.500040e+1 0.000000e+0
      vertex -2.168660e+1 1.608388e+1 0.000000e+0
    endloop
  endfacet
  facet normal 0.000000e+0 0.000000e+0 -1.000000e+0
    outer loop
      vertex 0.000000e+0 0.000000e+0 0.000000e+0
      vertex -2.315867e+1 1.388077e+1 0.000000e+0
      vertex -2.244968e+1 1.500040e+1 0.000000e+0
    endloop
  endfacet
  facet normal 0.000000e+0 0.000000e+0 -1.000000e+0
    outer loop
      vertex 0.000000e+0 0.000000e+0 0.000000e+0
      vertex -2.381187e+1 1.272771e+1 0.000000e+0
      vertex -2.315867e+1 1.388077e+1 0.000000e+0
    endloop
  endfacet
  facet normal 0.000000e+0 0.000000e+0 -1.000000e+0
    outer loop
      vertex 0.000000e+0 0.000000e+0 0.000000e+0
      vertex -2.440771e+1 1.154399e+1 0.000000e+0
      vertex -2.381187e+1 1.272771e+1 0.000000e+0
    endloop
  endfacet
  facet normal 0.000000e+0 0.000000e+0 -1.000000e+0
    outer loop
      vertex 0.000000e+0 0.000000e+0 0.000000e+0
      vertex -2.494475e+1 1.033245e+1 0.000000e+0
      vertex -2.440771e+1 1.154399e+1 0.000000e+0
    endloop
  endfacet
  facet normal 0.000000e+0 0.000000e+0 -1.000000e+0
    outer loop
      vertex 0.000000e+0 0.000000e+0 0.000000e+0
      vertex -2.542169e+1 9.096026e+0 0.000000e+0
      vertex -2.494475e+1 1.033245e+1 0.000000e+0
    endloop
  endfacet
  facet normal 0.000000e+0 0.000000e+0 -1.000000e+0
    outer loop
      vertex 0.000000e+0 0.000000e+0 0.000000e+0
      vertex -2.583739e+1 7.837686e+0 0.000000e+0
      vertex -2.542169e+1 9.096026e+0 0.000000e+0
    endloop
  endfacet
  facet normal 0.000000e+0 0.000000e+0 -1.000000e+0
    outer loop
      vertex 0.000000e+0 0.000000e+0 0.000000e+0
      vertex -2.619084e+1 6.560465e+0 0.000000e+0
      vertex -2.583739e+1 7.837686e+0 0.000000e+0
    endloop
  endfacet
  facet normal 0.000000e+0 0.000000e+0 -1.000000e+0
    outer loop
      vertex 0.000000e+0 0.000000e+0 0.000000e+0
      vertex -2.648120e+1 5.267439e+0 0.000000e+0
      vertex -2.619084e+1 6.560465e+0 0.000000e+0
    endloop
  endfacet
  facet normal 0.000000e+0 0.000000e+0 -1.000000e+0
    outer loop
      vertex 0.000000e+0 0.000000e+0 0.000000e+0
      vertex -2.670777e+1 3.961723e+0 0.000000e+0
      vertex -2.648120e+1 5.267439e+0 0.000000e+0
    endloop
  endfacet
  facet normal 0.000000e+0 0.000000e+0 -1.000000e+0
    outer loop
      vertex 0.000000e+0 0.000000e+0 0.000000e+0
      vertex -2.686999e+1 2.646463e+0 0.000000e+0
      vertex -2.670777e+1 3.961723e+0 0.000000e+0
    endloop
  endfacet
  facet normal 0.000000e+0 0.000000e+0 -1.000000e+0
    outer loop
      vertex 0.000000e+0 0.000000e+0 0.000000e+0
      vertex -2.696748e+1 1.324827e+0 0.000000e+0
      vertex -2.686999e+1 2.646463e+0 0.000000e+0
    endloop
  endfacet
  facet normal 0.000000e+0 0.000000e+0 -1.000000e+0
    outer loop
      vertex 0.000000e+0 0.000000e+0 0.000000e+0
      vertex -2.700000e+1 3.306546e-15 0.000000e+0
      vertex -2.696748e+1 1.324827e+0 0.000000e+0
    endloop
  endfacet
  facet normal 0.000000e+0 0.000000e+0 -1.000000e+0
    outer loop
      vertex 0.000000e+0 0.000000e+0 0.000000e+0
      vertex -2.696748e+1 -1.324827e+0 0.000000e+0
      vertex -2.700000e+1 3.306546e-15 0.000000e+0
    endloop
  endfacet
  facet normal 0.000000e+0 0.000000e+0 -1.000000e+0
    outer loop
      vertex 0.000000e+0 0.000000e+0 0.000000e+0
      vertex -2.686999e+1 -2.646463e+0 0.000000e+0
      vertex -2.696748e+1 -1.324827e+0 0.000000e+0
    endloop
  endfacet
  facet normal 0.000000e+0 0.000000e+0 -1.000000e+0
    outer loop
      vertex 0.000000e+0 0.000000e+0 0.000000e+0
      vertex -2.670777e+1 -3.961723e+0 0.000000e+0
      vertex -2.686999e+1 -2.646463e+0 0.000000e+0
    endloop
  endfacet
  facet normal 0.000000e+0 0.000000e+0 -1.000000e+0
    outer loop
      vertex 0.000000e+0 0.000000e+0 0.000000e+0
      vertex -2.648120e+1 -5.267439e+0 0.000000e+0
      vertex -2.670777e+1 -3.961723e+0 0.000000e+0
    endloop
  endfacet
  facet normal 0.000000e+0 0.000000e+0 -1.000000e+0
    outer loop
      vertex 0.000000e+0 0.000000e+0 0.000000e+0
      vertex -2.619084e+1 -6.560465e+0 0.000000e+0
      vertex -2.648120e+1 -5.267439e+0 0.000000e+0
    endloop
  endfacet
  facet normal 0.000000e+0 0.000000e+0 -1.000000e+0
    outer loop
      vertex 0.000000e+0 0.000000e+0 0.000000e+0
      vertex -2.583739e+1 -7.837686e+0 0.000000e+0
      vertex -2.619084e+1 -6.560465e+0 0.000000e+0
    endloop
  endfacet
  facet normal 0.000000e+0 0.000000e+0 -1.000000e+0
    outer loop
      vertex 0.000000e+0 0.000000e+0 0.000000e+0
      vertex -2.542169e+1 -9.096026e+0 0.000000e+0
      vertex -2.583739e+1 -7.837686e+0 0.000000e+0
    endloop
  endfacet
  facet normal 0.000000e+0 0.000000e+0 -1.000000e+0
    outer loop
      vertex 0.000000e+0 0.000000e+0 0.000000e+0
      vertex -2.494475e+1 -1.033245e+1 0.000000e+0
      vertex -2.542169e+1 -9.096026e+0 0.000000e+0
    endloop
  endfacet
  facet normal 0.000000e+0 0.000000e+0 -1.000000e+0
    outer loop
      vertex 0.000000e+0 0.000000e+0 0.000000e+0
      vertex -2.440771e+1 -1.154399e+1 0.000000e+0
      vertex -2.494475e+1 -1.033245e+1 0.000000e+0
    endloop
  endfacet
  facet normal 0.000000e+0 0.000000e+0 -1.000000e+0
    outer loop
      vertex 0.000000e+0 0.000000e+0 0.000000e+0
      vertex -2.381187e+1 -1.272771e+1 0.000000e+0
      vertex -2.440771e+1 -1.154399e+1 0.000000e+0
    endloop
  endfacet
  facet normal 0.000000e+0 0.000000e+0 -1.000000e+0
    outer loop
      vertex 0.000000e+0 0.000000e+0 0.000000e+0
      vertex -2.315867e+1 -1.388077e+1 0.000000e+0
      vertex -2.381187e+1 -1.272771e+1 0.000000e+0
    endloop
  endfacet
  facet normal 0.000000e+0 0.000000e+0 -1.000000e+0
    outer loop
      vertex 0.000000e+0 0.000000e+0 0.000000e+0
      vertex -2.244968e+1 -1.500040e+1 0.000000e+0
      vertex -2.315867e+1 -1.388077e+1 0.000000e+0
    endloop
  endfacet
  facet normal 0.000000e+0 0.000000e+0 -1.000000e+0
    outer loop
      vertex 0.000000e+0 0.000000e+0 0.000000e+0
      vertex -2.168660e+1 -1.608388e+1 0.000000e+0
      vertex -2.244968e+1 -1.500040e+1 0.000000e+0
    endloop
  endfacet
  facet normal 0.000000e+0 0.000000e+0 -1.000000e+0
    outer loop
      vertex 0.000000e+0 0.000000e+0 0.000000e+0
      vertex -2.087128e+1 -1.712862e+1 0.000000e+0
      vertex -2.168660e+1 -1.608388e+1 0.000000e+0
    endloop
  endfacet
  facet normal 0.000000e+0 0.000000e+0 -1.000000e+0
    outer loop
      vertex 0.000000e+0 0.000000e+0 0.000000e+0
      vertex -2.000568e+1 -1.813209e+1 0.000000e+0
      vertex -2.087128e+1 -1.712862e+1 0.000000e+0
    endloop
  endfacet
  facet normal 0.000000e+0 0.000000e+0 -1.000000e+0
    outer loop
      vertex 0.000000e+0 0.000000e+0 0.000000e+0
      vertex -1.909188e+1 -1.909188e+1 0.000000e+0
      vertex -2.000568e+1 -1.813209e+1 0.000000e+0
    endloop
  endfacet
  facet normal 0.000000e+0 0.000000e+0 -1.000000e+0
    outer loop
      vertex 0.000000e+0 0.000000e+0 0.000000e+0
      vertex -1.813209e+1 -2.000568e+1 0.000000e+0
      vertex -1.909188e+1 -1.909188e+1 0.000000e+0
    endloop
  endfacet
  facet normal 0.000000e+0 0.000000e+0 -1.000000e+0
    outer loop
      vertex 0.000000e+0 0.000000e+0 0.000000e+0
      vertex -1.712862e+1 -2.087128e+1 0.000000e+0
      vertex -1.813209e+1 -2.000568e+1 0.000000e+0
    endloop
  endfacet
  facet normal 0.000000e+0 0.000000e+0 -1.000000e+0
    outer loop
      vertex 0.000000e+0 0.000000e+0 0.000000e+0
      vertex -1.608388e+1 -2.168660e+1 0.000000e+0
      vertex -1.712862e+1 -2.087128e+1 0.000000e+0
    endloop
  endfacet
  facet normal 0.000000e+0 0.000000e+0 -1.000000e+0
    outer loop
      vertex 0.000000e+0 0.000000e+0 0.000000e+0
      vertex -1.500040e+1 -2.244968e+1 0.000000e+0
      vertex -1.608388e+1 -2.168660e+1 0.000000e+0
    endloop
  endfacet
  facet normal 0.000000e+0 0.000000e+0 -1.000000e+0
    outer loop
      vertex 0.000000e+0 0.000000e+0 0.000000e+0
      vertex -1.388077e+1 -2.315867e+1 0.000000e+0
      vertex -1.500040e+1 -2.244968e+1 0.000000e+0
    endloop
  endfacet
  facet normal 0.000000e+0 0.000000e+0 -1.000000e+0
    outer loop
      vertex 0.000000e+0 0.000000e+0 0.000000e+0
      vertex -1.272771e+1 -2.381187e+1 0.000000e+0
      vertex -1.388077e+1 -2.315867e+1 0.000000e+0
    endloop
  endfacet
  facet normal 0.000000e+0 0.000000e+0 -1.000000e+0
    outer loop
      vertex 0.000000e+0 0.000000e+0 0.000000e+0
      vertex -1.154399e+1 -2.440771e+1 0.000000e+0
      vertex -1.272771e+1 -2.381187e+1 0.000000e+0
    endloop
  endfacet
  facet normal 0.000000e+0 0.000000e+0 -1.000000e+0
    outer loop
      vertex 0.000000e+0 0.000000e+0 0.000000e+0
      vertex -1.033245e+1 -2.494475e+1 0.000000e+0
      vertex -1.154399e+1 -2.440771e+1 0.000000e+0
    endloop
  endfacet
  facet normal 0.000000e+0 0.000000e+0 -1.000000e+0
    outer loop
      vertex 0.000000e+0 0.000000e+0 0.000000e+0
      vertex -9.096026e+0 -2.542169e+1 0.000000e+0
      vertex -1.033245e+1 -2.494475e+1 0.000000e+0
    endloop
  endfacet
  facet normal 0.000000e+0 0.000000e+0 -1.000000e+0
    outer loop
      vertex 0.000000e+0 0.000000e+0 0.000000e+0
      vertex -7.837686e+0 -2.583739e+1 0.000000e+0
      vertex -9.096026e+0 -2.542169e+1 0.000000e+0
    endloop
  endfacet
  facet normal 0.000000e+0 0.000000e+0 -1.000000e+0
    outer loop
      vertex 0.000000e+0 0.000000e+0 0.000000e+0
      vertex -6.560465e+0 -2.619084e+1 0.000000e+0
      vertex -7.837686e+0 -2.583739e+1 0.000000e+0
    endloop
  endfacet
  facet normal 0.000000e+0 0.000000e+0 -1.000000e+0
    outer loop
      vertex 0.000000e+0 0.000000e+0 0.000000e+0
      vertex -5.267439e+0 -2.648120e+1 0.000000e+0
      vertex -6.560465e+0 -2.619084e+1 0.000000e+0
    endloop
  endfacet
  facet normal 0.000000e+0 0.000000e+0 -1.000000e+0
    outer loop
      vertex 0.000000e+0 0.000000e+0 0.000000e+0
      vertex -3.961723e+0 -2.670777e+1 0.000000e+0
      vertex -5.267439e+0 -2.648120e+1 0.000000e+0
    endloop
  endfacet
  facet normal 0.000000e+0 0.000000e+0 -1.000000e+0
    outer loop
      vertex 0.000000e+0 0.000000e+0 0.000000e+0
      vertex -2.646463e+0 -2.686999e+1 0.000000e+0
      vertex -3.961723e+0 -2.670777e+1 0.000000e+0
    endloop
  endfacet
  facet normal 0.000000e+0 0.000000e+0 -1.000000e+0
    outer loop
      vertex 0.000000e+0 0.000000e+0 0.000000e+0
      vertex -1.324827e+0 -2.696748e+1 0.000000e+0
      vertex -2.646463e+0 -2.686999e+1 0.000000e+0
    endloop
  endfacet
  facet normal 0.000000e+0 0.000000e+0 -1.000000e+0
    outer loop
      vertex 0.000000e+0 0.000000e+0 0.000000e+0
      vertex -4.959820e-15 -2.700000e+1 0.000000e+0
      vertex -1.324827e+0 -2.696748e+1 0.000000e+0
    endloop
  endfacet
  facet normal 0.000000e+0 0.000000e+0 -1.000000e+0
    outer loop
      vertex 0.000000e+0 0.000000e+0 0.000000e+0
      vertex 1.324827e+0 -2.696748e+1 0.000000e+0
      vertex -4.959820e-15 -2.700000e+1 0.000000e+0
    endloop
  endfacet
  facet normal 0.000000e+0 0.000000e+0 -1.000000e+0
    outer loop
      vertex 0.000000e+0 0.000000e+0 0.000000e+0
      vertex 2.646463e+0 -2.686999e+1 0.000000e+0
      vertex 1.324827e+0 -2.696748e+1 0.000000e+0
    endloop
  endfacet
  facet normal 0.000000e+0 0.000000e+0 -1.000000e+0
    outer loop
      vertex 0.000000e+0 0.000000e+0 0.000000e+0
      vertex 3.961723e+0 -2.670777e+1 0.000000e+0
      vertex 2.646463e+0 -2.686999e+1 0.000000e+0
    endloop
  endfacet
  facet normal 0.000000e+0 0.000000e+0 -1.000000e+0
    outer loop
      vertex 0.000000e+0 0.000000e+0 0.000000e+0
      vertex 5.267439e+0 -2.648120e+1 0.000000e+0
      vertex 3.961723e+0 -2.670777e+1 0.000000e+0
    endloop
  endfacet
  facet normal 0.000000e+0 0.000000e+0 -1.000000e+0
    outer loop
      vertex 0.000000e+0 0.000000e+0 0.000000e+0
      vertex 6.560465e+0 -2.619084e+1 0.000000e+0
      vertex 5.267439e+0 -2.648120e+1 0.000000e+0
    endloop
  endfacet
  facet normal 0.000000e+0 0.000000e+0 -1.000000e+0
    outer loop
      vertex 0.000000e+0 0.000000e+0 0.000000e+0
      vertex 7.837686e+0 -2.583739e+1 0.000000e+0
      vertex 6.560465e+0 -2.619084e+1 0.000000e+0
    endloop
  endfacet
  facet normal 0.000000e+0 0.000000e+0 -1.000000e+0
    outer loop
      vertex 0.000000e+0 0.000000e+0 0.000000e+0
      vertex 9.096026e+0 -2.542169e+1 0.000000e+0
      vertex 7.837686e+0 -2.583739e+1 0.000000e+0
    endloop
  endfacet
  facet normal 0.000000e+0 0.000000e+0 -1.000000e+0
    outer loop
      vertex 0.000000e+0 0.000000e+0 0.000000e+0
      vertex 1.033245e+1 -2.494475e+1 0.000000e+0
      vertex 9.096026e+0 -2.542169e+1 0.000000e+0
    endloop
  endfacet
  facet normal 0.000000e+0 0.000000e+0 -1.000000e+0
    outer loop
      vertex 0.000000e+0 0.000000e+0 0.000000e+0
      vertex 1.154399e+1 -2.440771e+1 0.000000e+0
      vertex 1.033245e+1 -2.494475e+1 0.000000e+0
    endloop
  endfacet
  facet normal 0.000000e+0 0.000000e+0 -1.000000e+0
    outer loop
      vertex 0.000000e+0 0.000000e+0 0.000000e+0
      vertex 1.272771e+1 -2.381187e+1 0.000000e+0
      vertex 1.154399e+1 -2.440771e+1 0.000000e+0
    endloop
  endfacet
  facet normal 0.000000e+0 0.000000e+0 -1.000000e+0
    outer loop
      vertex 0.000000e+0 0.000000e+0 0.000000e+0
      vertex 1.388077e+1 -2.315867e+1 0.000000e+0
      vertex 1.272771e+1 -2.381187e+1 0.000000e+0
    endloop
  endfacet
  facet normal 0.000000e+0 0.000000e+0 -1.000000e+0
    outer loop
      vertex 0.000000e+0 0.000000e+0 0.000000e+0
      vertex 1.500040e+1 -2.244968e+1 0.000000e+0
      vertex 1.388077e+1 -2.315867e+1 0.000000e+0
    endloop
  endfacet
  facet normal 0.000000e+0 0.000000e+0 -1.000000e+0
    outer loop
      vertex 0.000000e+0 0.000000e+0 0.000000e+0
      vertex 1.608388e+1 -2.168660e+1 0.000000e+0
      vertex 1.500040e+1 -2.244968e+1 0.000000e+0
    endloop
  endfacet
  facet normal 0.000000e+0 0.000000e+0 -1.000000e+0
    outer loop
      vertex 0.000000e+0 0.000000e+0 0.000000e+0
      vertex 1.712862e+1 -2.087128e+1 0.000000e+0
      vertex 1.608388e+1 -2.168660e+1 0.000000e+0
    endloop
  endfacet
  facet normal 0.000000e+0 0.000000e+0 -1.000000e+0
    outer loop
      vertex 0.000000e+0 0.000000e+0 0.000000e+0
      vertex 1.813209e+1 -2.000568e+1 0.000000e+0
      vertex 1.712862e+1 -2.087128e+1 0.000000e+0
    endloop
  endfacet
  facet normal 0.000000e+0 0.000000e+0 -1.000000e+0
    outer loop
      vertex 0.000000e+0 0.000000e+0 0.000000e+0
      vertex 1.909188e+1 -1.909188e+1 0.000000e+0
      vertex 1.813209e+1 -2.000568e+1 0.000000e+0
    endloop
  endfacet
  facet normal 0.000000e+0 0.000000e+0 -1.000000e+0
    outer loop
      vertex 0.000000e+0 0.000000e+0 0.000000e+0
      vertex 2.000568e+1 -1.813209e+1 0.000000e+0
      vertex 1.909188e+1 -1.909188e+1 0.000000e+0
    endloop
  endfacet
  facet normal 0.000000e+0 0.000000e+0 -1.000000e+0
    outer loop
      vertex 0.000000e+0 0.000000e+0 0.000000e+0
      vertex 2.087128e+1 -1.712862e+1 0.000000e+0
      vertex 2.000568e+1 -1.813209e+1 0.000000e+0
    endloop
  endfacet
  facet normal 0.000000e+0 0.000000e+0 -1.000000e+0
    outer loop
      vertex 0.000000e+0 0.000000e+0 0.000000e+0
      vertex 2.168660e+1 -1.608388e+1 0.000000e+0
      vertex 2.087128e+1 -1.712862e+1 0.000000e+0
    endloop
  endfacet
  facet normal 0.000000e+0 0.000000e+0 -1.000000e+0
    outer loop
      vertex 0.000000e+0 0.000000e+0 0.000000e+0
      vertex 2.244968e+1 -1.500040e+1 0.000000e+0
      vertex 2.168660e+1 -1.608388e+1 0.000000e+0
    endloop
  endfacet
  facet normal 0.000000e+0 0.000000e+0 -1.000000e+0
    outer loop
      vertex 0.000000e+0 0.000000e+0 0.000000e+0
      vertex 2.315867e+1 -1.388077e+1 0.000000e+0
      vertex 2.244968e+1 -1.500040e+1 0.000000e+0
    endloop
  endfacet
  facet normal 0.000000e+0 0.000000e+0 -1.000000e+0
    outer loop
      vertex 0.000000e+0 0.000000e+0 0.000000e+0
      vertex 2.381187e+1 -1.272771e+1 0.000000e+0
      vertex 2.315867e+1 -1.388077e+1 0.000000e+0
    endloop
  endfacet
  facet normal 0.000000e+0 0.000000e+0 -1.000000e+0
    outer loop
      vertex 0.000000e+0 0.000000e+0 0.000000e+0
      vertex 2.440771e+1 -1.154399e+1 0.000000e+0
      vertex 2.381187e+1 -1.272771e+1 0.000000e+0
    endloop
  endfacet
  facet normal 0.000000e+0 0.000000e+0 -1.000000e+0
    outer loop
      vertex 0.000000e+0 0.000000e+0 0.000000e+0
      vertex 2.494475e+1 -1.033245e+1 0.000000e+0
      vertex 2.440771e+1 -1.154399e+1 0.000000e+0
    endloop
  endfacet
  facet normal 0.000000e+0 0.000000e+0 -1.000000e+0
    outer loop
      vertex 0.000000e+0 0.000000e+0 0.000000e+0
      vertex 2.542169e+1 -9.096026e+0 0.000000e+0
      vertex 2.494475e+1 -1.033245e+1 0.000000e+0
    endloop
  endfacet
  facet normal 0.000000e+0 0.000000e+0 -1.000000e+0
    outer loop
      vertex 0.000000e+0 0.000000e+0 0.000000e+0
      vertex 2.583739e+1 -7.837686e+0 0.000000e+0
      vertex 2.542169e+1 -9.096026e+0 0.000000e+0
    endloop
  endfacet
  facet normal 0.000000e+0 0.000000e+0 -1.000000e+0
    outer loop
      vertex 0.000000e+0 0.000000e+0 0.000000e+0
      vertex 2.619084e+1 -6.560465e+0 0.000000e+0
      vertex 2.583739e+1 -7.837686e+0 0.000000e+0
    endloop
  endfacet
  facet normal 0.000000e+0 0.000000e+0 -1.000000e+0
    outer loop
      vertex 0.000000e+0 0.000000e+0 0.000000e+0
      vertex 2.648120e+1 -5.267439e+0 0.000000e+0
      vertex 2.619084e+1 -6.560465e+0 0.000000e+0
    endloop
  endfacet
  facet normal 0.000000e+0 0.000000e+0 -1.000000e+0
    outer loop
      vertex 0.000000e+0 0.000000e+0 0.000000e+0
      vertex 2.670777e+1 -3.961723e+0 0.000000e+0
      vertex 2.648120e+1 -5.267439e+0 0.000000e+0
    endloop
  endfacet
  facet normal 0.000000e+0 0.000000e+0 -1.000000e+0
    outer loop
      vertex 0.000000e+0 0.000000e+0 0.000000e+0
      vertex 2.686999e+1 -2.646463e+0 0.000000e+0
      vertex 2.670777e+1 -3.961723e+0 0.000000e+0
    endloop
  endfacet
  facet normal 0.000000e+0 0.000000e+0 -1.000000e+0
    outer loop
      vertex 0.000000e+0 0.000000e+0 0.000000e+0
      vertex 2.696748e+1 -1.324827e+0 0.000000e+0
      vertex 2.686999e+1 -2.646463e+0 0.000000e+0
    endloop
  endfacet
  facet normal 0.000000e+0 0.000000e+0 -1.000000e+0
    outer loop
      vertex 0.000000e+0 0.000000e+0 0.000000e+0
      vertex 2.700000e+1 -6.613093e-15 0.000000e+0
      vertex 2.696748e+1 -1.324827e+0 0.000000e+0
    endloop
  endfacet
  facet normal 8.318768e-1 2.042143e-2 -5.545845e-1
    outer loop
      vertex 2.700000e+1 0.000000e+0 0.000000e+0
      vertex 2.696748e+1 1.324827e+0 0.000000e+0
      vertex 2.796627e+1 1.373895e+0 1.500000e+0
    endloop
  endfacet
  facet normal 8.318768e-1 2.042143e-2 -5.545845e-1
    outer loop
      vertex 2.700000e+1 0.000000e+0 0.000000e+0
      vertex 2.796627e+1 1.373895e+0 1.500000e+0
      vertex 2.800000e+1 0.000000e+0 1.500000e+0
    endloop
  endfacet
  facet normal 8.298727e-1 6.121509e-2 -5.545845e-1
    outer loop
      vertex 2.696748e+1 1.324827e+0 0.000000e+0
      vertex 2.686999e+1 2.646463e+0 0.000000e+0
      vertex 2.786517e+1 2.744480e+0 1.500000e+0
    endloop
  endfacet
  facet normal 8.298727e-1 6.121509e-2 -5.545845e-1
    outer loop
      vertex 2.696748e+1 1.324827e+0 0.000000e+0
      vertex 2.786517e+1 2.744480e+0 1.500000e+0
      vertex 2.796627e+1 1.373895e+0 1.500000e+0
    endloop
  endfacet
  facet normal 8.258694e-1 1.018613e-1 -5.545845e-1
    outer loop
      vertex 2.686999e+1 2.646463e+0 0.000000e+0
      vertex 2.670777e+1 3.961723e+0 0.000000e+0
      vertex 2.769694e+1 4.108453e+0 1.500000e+0
    endloop
  endfacet
  facet normal 8.258694e-1 1.018613e-1 -5.545845e-1
    outer loop
      vertex 2.686999e+1 2.646463e+0 0.000000e+0
      vertex 2.769694e+1 4.108453e+0 1.500000e+0
      vertex 2.786517e+1 2.744480e+0 1.500000e+0
    endloop
  endfacet
  facet normal 8.198765e-1 1.422621e-1 -5.545845e-1
    outer loop
      vertex 2.670777e+1 3.961723e+0 0.000000e+0
      vertex 2.648120e+1 5.267439e+0 0.000000e+0
      vertex 2.746199e+1 5.462529e+0 1.500000e+0
    endloop
  endfacet
  facet normal 8.198765e-1 1.422621e-1 -5.545845e-1
    outer loop
      vertex 2.670777e+1 3.961723e+0 0.000000e+0
      vertex 2.746199e+1 5.462529e+0 1.500000e+0
      vertex 2.769694e+1 4.108453e+0 1.500000e+0
    endloop
  endfacet
  facet normal 8.119085e-1 1.823201e-1 -5.545845e-1
    outer loop
      vertex 2.648120e+1 5.267439e+0 0.000000e+0
      vertex 2.619084e+1 6.560465e+0 0.000000e+0
      vertex 2.716088e+1 6.803445e+0 1.500000e+0
    endloop
  endfacet
  facet normal 8.119085e-1 1.823201e-1 -5.545845e-1
    outer loop
      vertex 2.648120e+1 5.267439e+0 0.000000e+0
      vertex 2.716088e+1 6.803445e+0 1.500000e+0
      vertex 2.746199e+1 5.462529e+0 1.500000e+0
    endloop
  endfacet
  facet normal 8.019845e-1 2.219390e-1 -5.545845e-1
    outer loop
      vertex 2.619084e+1 6.560465e+0 0.000000e+0
      vertex 2.583739e+1 7.837686e+0 0.000000e+0
      vertex 2.679433e+1 8.127971e+0 1.500000e+0
    endloop
  endfacet
  facet normal 8.019845e-1 2.219390e-1 -5.545845e-1
    outer loop
      vertex 2.619084e+1 6.560465e+0 0.000000e+0
      vertex 2.679433e+1 8.127971e+0 1.500000e+0
      vertex 2.716088e+1 6.803445e+0 1.500000e+0
    endloop
  endfacet
  facet normal 7.901284e-1 2.610232e-1 -5.545845e-1
    outer loop
      vertex 2.583739e+1 7.837686e+0 0.000000e+0
      vertex 2.542169e+1 9.096026e+0 0.000000e+0
      vertex 2.636323e+1 9.432916e+0 1.500000e+0
    endloop
  endfacet
  facet normal 7.901284e-1 2.610232e-1 -5.545845e-1
    outer loop
      vertex 2.583739e+1 7.837686e+0 0.000000e+0
      vertex 2.636323e+1 9.432916e+0 1.500000e+0
      vertex 2.679433e+1 8.127971e+0 1.500000e+0
    endloop
  endfacet
  facet normal 7.763689e-1 2.994785e-1 -5.545845e-1
    outer loop
      vertex 2.542169e+1 9.096026e+0 0.000000e+0
      vertex 2.494475e+1 1.033245e+1 0.000000e+0
      vertex 2.586863e+1 1.071514e+1 1.500000e+0
    endloop
  endfacet
  facet normal 7.763689e-1 2.994785e-1 -5.545845e-1
    outer loop
      vertex 2.542169e+1 9.096026e+0 0.000000e+0
      vertex 2.586863e+1 1.071514e+1 1.500000e+0
      vertex 2.636323e+1 9.432916e+0 1.500000e+0
    endloop
  endfacet
  facet normal 7.607390e-1 3.372124e-1 -5.545845e-1
    outer loop
      vertex 2.494475e+1 1.033245e+1 0.000000e+0
      vertex 2.440771e+1 1.154399e+1 0.000000e+0
      vertex 2.531170e+1 1.197154e+1 1.500000e+0
    endloop
  endfacet
  facet normal 7.607390e-1 3.372124e-1 -5.545845e-1
    outer loop
      vertex 2.494475e+1 1.033245e+1 0.000000e+0
      vertex 2.531170e+1 1.197154e+1 1.500000e+0
      vertex 2.586863e+1 1.071514e+1 1.500000e+0
    endloop
  endfacet
  facet normal 7.432764e-1 3.741339e-1 -5.545845e-1
    outer loop
      vertex 2.440771e+1 1.154399e+1 0.000000e+0
      vertex 2.381187e+1 1.272771e+1 0.000000e+0
      vertex 2.469380e+1 1.319911e+1 1.500000e+0
    endloop
  endfacet
  facet normal 7.432764e-1 3.741339e-1 -5.545845e-1
    outer loop
      vertex 2.440771e+1 1.154399e+1 0.000000e+0
      vertex 2.469380e+1 1.319911e+1 1.500000e+0
      vertex 2.531170e+1 1.197154e+1 1.500000e+0
    endloop
  endfacet
  facet normal 7.240232e-1 4.101541e-1 -5.545845e-1
    outer loop
      vertex 2.381187e+1 1.272771e+1 0.000000e+0
      vertex 2.315867e+1 1.388077e+1 0.000000e+0
      vertex 2.401640e+1 1.439488e+1 1.500000e+0
    endloop
  endfacet
  facet normal 7.240232e-1 4.101541e-1 -5.545845e-1
    outer loop
      vertex 2.381187e+1 1.272771e+1 0.000000e+0
      vertex 2.401640e+1 1.439488e+1 1.500000e+0
      vertex 2.469380e+1 1.319911e+1 1.500000e+0
    endloop
  endfacet
  facet normal 7.030258e-1 4.451862e-1 -5.545845e-1
    outer loop
      vertex 2.315867e+1 1.388077e+1 0.000000e+0
      vertex 2.244968e+1 1.500040e+1 0.000000e+0
      vertex 2.328115e+1 1.555597e+1 1.500000e+0
    endloop
  endfacet
  facet normal 7.030258e-1 4.451862e-1 -5.545845e-1
    outer loop
      vertex 2.315867e+1 1.388077e+1 0.000000e+0
      vertex 2.328115e+1 1.555597e+1 1.500000e+0
      vertex 2.401640e+1 1.439488e+1 1.500000e+0
    endloop
  endfacet
  facet normal 6.803347e-1 4.791458e-1 -5.545845e-1
    outer loop
      vertex 2.244968e+1 1.500040e+1 0.000000e+0
      vertex 2.168660e+1 1.608388e+1 0.000000e+0
      vertex 2.248981e+1 1.667958e+1 1.500000e+0
    endloop
  endfacet
  facet normal 6.803347e-1 4.791458e-1 -5.545845e-1
    outer loop
      vertex 2.244968e+1 1.500040e+1 0.000000e+0
      vertex 2.248981e+1 1.667958e+1 1.500000e+0
      vertex 2.328115e+1 1.555597e+1 1.500000e+0
    endloop
  endfacet
  facet normal 6.560047e-1 5.119511e-1 -5.545845e-1
    outer loop
      vertex 2.168660e+1 1.608388e+1 0.000000e+0
      vertex 2.087128e+1 1.712862e+1 0.000000e+0
      vertex 2.164429e+1 1.776301e+1 1.500000e+0
    endloop
  endfacet
  facet normal 6.560047e-1 5.119511e-1 -5.545845e-1
    outer loop
      vertex 2.168660e+1 1.608388e+1 0.000000e+0
      vertex 2.164429e+1 1.776301e+1 1.500000e+0
      vertex 2.248981e+1 1.667958e+1 1.500000e+0
    endloop
  endfacet
  facet normal 6.300942e-1 5.435230e-1 -5.545845e-1
    outer loop
      vertex 2.087128e+1 1.712862e+1 0.000000e+0
      vertex 2.000568e+1 1.813209e+1 0.000000e+0
      vertex 2.074663e+1 1.880365e+1 1.500000e+0
    endloop
  endfacet
  facet normal 6.300942e-1 5.435230e-1 -5.545845e-1
    outer loop
      vertex 2.087128e+1 1.712862e+1 0.000000e+0
      vertex 2.074663e+1 1.880365e+1 1.500000e+0
      vertex 2.164429e+1 1.776301e+1 1.500000e+0
    endloop
  endfacet
  facet normal 6.026658e-1 5.737856e-1 -5.545845e-1
    outer loop
      vertex 2.000568e+1 1.813209e+1 0.000000e+0
      vertex 1.909188e+1 1.909188e+1 0.000000e+0
      vertex 1.979899e+1 1.979899e+1 1.500000e+0
    endloop
  endfacet
  facet normal 6.026658e-1 5.737856e-1 -5.545845e-1
    outer loop
      vertex 2.000568e+1 1.813209e+1 0.000000e+0
      vertex 1.979899e+1 1.979899e+1 1.500000e+0
      vertex 2.074663e+1 1.880365e+1 1.500000e+0
    endloop
  endfacet
  facet normal 5.737856e-1 6.026658e-1 -5.545845e-1
    outer loop
      vertex 1.909188e+1 1.909188e+1 0.000000e+0
      vertex 1.813209e+1 2.000568e+1 0.000000e+0
      vertex 1.880365e+1 2.074663e+1 1.500000e+0
    endloop
  endfacet
  facet normal 5.737856e-1 6.026658e-1 -5.545845e-1
    outer loop
      vertex 1.909188e+1 1.909188e+1 0.000000e+0
      vertex 1.880365e+1 2.074663e+1 1.500000e+0
      vertex 1.979899e+1 1.979899e+1 1.500000e+0
    endloop
  endfacet
  facet normal 5.435230e-1 6.300942e-1 -5.545845e-1
    outer loop
      vertex 1.813209e+1 2.000568e+1 0.000000e+0
      vertex 1.712862e+1 2.087128e+1 0.000000e+0
      vertex 1.776301e+1 2.164429e+1 1.500000e+0
    endloop
  endfacet
  facet normal 5.435230e-1 6.300942e-1 -5.545845e-1
    outer loop
      vertex 1.813209e+1 2.000568e+1 0.000000e+0
      vertex 1.776301e+1 2.164429e+1 1.500000e+0
      vertex 1.880365e+1 2.074663e+1 1.500000e+0
    endloop
  endfacet
  facet normal 5.119511e-1 6.560047e-1 -5.545845e-1
    outer loop
      vertex 1.712862e+1 2.087128e+1 0.000000e+0
      vertex 1.608388e+1 2.168660e+1 0.000000e+0
      vertex 1.667958e+1 2.248981e+1 1.500000e+0
    endloop
  endfacet
  facet normal 5.119511e-1 6.560047e-1 -5.545845e-1
    outer loop
      vertex 1.712862e+1 2.087128e+1 0.000000e+0
      vertex 1.667958e+1 2.248981e+1 1.500000e+0
      vertex 1.776301e+1 2.164429e+1 1.500000e+0
    endloop
  endfacet
  facet normal 4.791458e-1 6.803347e-1 -5.545845e-1
    outer loop
      vertex 1.608388e+1 2.168660e+1 0.000000e+0
      vertex 1.500040e+1 2.244968e+1 0.000000e+0
      vertex 1.555597e+1 2.328115e+1 1.500000e+0
    endloop
  endfacet
  facet normal 4.791458e-1 6.803347e-1 -5.545845e-1
    outer loop
      vertex 1.608388e+1 2.168660e+1 0.000000e+0
      vertex 1.555597e+1 2.328115e+1 1.500000e+0
      vertex 1.667958e+1 2.248981e+1 1.500000e+0
    endloop
  endfacet
  facet normal 4.451862e-1 7.030258e-1 -5.545845e-1
    outer loop
      vertex 1.500040e+1 2.244968e+1 0.000000e+0
      vertex 1.388077e+1 2.315867e+1 0.000000e+0
      vertex 1.439488e+1 2.401640e+1 1.500000e+0
    endloop
  endfacet
  facet normal 4.451862e-1 7.030258e-1 -5.545845e-1
    outer loop
      vertex 1.500040e+1 2.244968e+1 0.000000e+0
      vertex 1.439488e+1 2.401640e+1 1.500000e+0
      vertex 1.555597e+1 2.328115e+1 1.500000e+0
    endloop
  endfacet
  facet normal 4.101541e-1 7.240232e-1 -5.545845e-1
    outer loop
      vertex 1.388077e+1 2.315867e+1 0.000000e+0
      vertex 1.272771e+1 2.381187e+1 0.000000e+0
      vertex 1.319911e+1 2.469380e+1 1.500000e+0
    endloop
  endfacet
  facet normal 4.101541e-1 7.240232e-1 -5.545845e-1
    outer loop
      vertex 1.388077e+1 2.315867e+1 0.000000e+0
      vertex 1.319911e+1 2.469380e+1 1.500000e+0
      vertex 1.439488e+1 2.401640e+1 1.500000e+0
    endloop
  endfacet
  facet normal 3.741339e-1 7.432764e-1 -5.545845e-1
    outer loop
      vertex 1.272771e+1 2.381187e+1 0.000000e+0
      vertex 1.154399e+1 2.440771e+1 0.000000e+0
      vertex 1.197154e+1 2.531170e+1 1.500000e+0
    endloop
  endfacet
  facet normal 3.741339e-1 7.432764e-1 -5.545845e-1
    outer loop
      vertex 1.272771e+1 2.381187e+1 0.000000e+0
      vertex 1.197154e+1 2.531170e+1 1.500000e+0
      vertex 1.319911e+1 2.469380e+1 1.500000e+0
    endloop
  endfacet
  facet normal 3.372124e-1 7.607390e-1 -5.545845e-1
    outer loop
      vertex 1.154399e+1 2.440771e+1 0.000000e+0
      vertex 1.033245e+1 2.494475e+1 0.000000e+0
      vertex 1.071514e+1 2.586863e+1 1.500000e+0
    endloop
  endfacet
  facet normal 3.372124e-1 7.607390e-1 -5.545845e-1
    outer loop
      vertex 1.154399e+1 2.440771e+1 0.000000e+0
      vertex 1.071514e+1 2.586863e+1 1.500000e+0
      vertex 1.197154e+1 2.531170e+1 1.500000e+0
    endloop
  endfacet
  facet normal 2.994785e-1 7.763689e-1 -5.545845e-1
    outer loop
      vertex 1.033245e+1 2.494475e+1 0.000000e+0
      vertex 9.096026e+0 2.542169e+1 0.000000e+0
      vertex 9.432916e+0 2.636323e+1 1.500000e+0
    endloop
  endfacet
  facet normal 2.994785e-1 7.763689e-1 -5.545845e-1
    outer loop
      vertex 1.033245e+1 2.494475e+1 0.000000e+0
      vertex 9.432916e+0 2.636323e+1 1.500000e+0
      vertex 1.071514e+1 2.586863e+1 1.500000e+0
    endloop
  endfacet
  facet normal 2.610232e-1 7.901284e-1 -5.545845e-1
    outer loop
      vertex 9.096026e+0 2.542169e+1 0.000000e+0
      vertex 7.837686e+0 2.583739e+1 0.000000e+0
      vertex 8.127971e+0 2.679433e+1 1.500000e+0
    endloop
  endfacet
  facet normal 2.610232e-1 7.901284e-1 -5.545845e-1
    outer loop
      vertex 9.096026e+0 2.542169e+1 0.000000e+0
      vertex 8.127971e+0 2.679433e+1 1.500000e+0
      vertex 9.432916e+0 2.636323e+1 1.500000e+0
    endloop
  endfacet
  facet normal 2.219390e-1 8.019845e-1 -5.545845e-1
    outer loop
      vertex 7.837686e+0 2.583739e+1 0.000000e+0
      vertex 6.560465e+0 2.619084e+1 0.000000e+0
      vertex 6.803445e+0 2.716088e+1 1.500000e+0
    endloop
  endfacet
  facet normal 2.219390e-1 8.019845e-1 -5.545845e-1
    outer loop
      vertex 7.837686e+0 2.583739e+1 0.000000e+0
      vertex 6.803445e+0 2.716088e+1 1.500000e+0
      vertex 8.127971e+0 2.679433e+1 1.500000e+0
    endloop
  endfacet
  facet normal 1.823201e-1 8.119085e-1 -5.545845e-1
    outer loop
      vertex 6.560465e+0 2.619084e+1 0.000000e+0
      vertex 5.267439e+0 2.648120e+1 0.000000e+0
      vertex 5.462529e+0 2.746199e+1 1.500000e+0
    endloop
  endfacet
  facet normal 1.823201e-1 8.119085e-1 -5.545845e-1
    outer loop
      vertex 6.560465e+0 2.619084e+1 0.000000e+0
      vertex 5.462529e+0 2.746199e+1 1.500000e+0
      vertex 6.803445e+0 2.716088e+1 1.500000e+0
    endloop
  endfacet
  facet normal 1.422621e-1 8.198765e-1 -5.545845e-1
    outer loop
      vertex 5.267439e+0 2.648120e+1 0.000000e+0
      vertex 3.961723e+0 2.670777e+1 0.000000e+0
      vertex 4.108453e+0 2.769694e+1 1.500000e+0
    endloop
  endfacet
  facet normal 1.422621e-1 8.198765e-1 -5.545845e-1
    outer loop
      vertex 5.267439e+0 2.648120e+1 0.000000e+0
      vertex 4.108453e+0 2.769694e+1 1.500000e+0
      vertex 5.462529e+0 2.746199e+1 1.500000e+0
    endloop
  endfacet
  facet normal 1.018613e-1 8.258694e-1 -5.545845e-1
    outer loop
      vertex 3.961723e+0 2.670777e+1 0.000000e+0
      vertex 2.646463e+0 2.686999e+1 0.000000e+0
      vertex 2.744480e+0 2.786517e+1 1.500000e+0
    endloop
  endfacet
  facet normal 1.018613e-1 8.258694e-1 -5.545845e-1
    outer loop
      vertex 3.961723e+0 2.670777e+1 0.000000e+0
      vertex 2.744480e+0 2.786517e+1 1.500000e+0
      vertex 4.108453e+0 2.769694e+1 1.500000e+0
    endloop
  endfacet
  facet normal 6.121509e-2 8.298727e-1 -5.545845e-1
    outer loop
      vertex 2.646463e+0 2.686999e+1 0.000000e+0
      vertex 1.324827e+0 2.696748e+1 0.000000e+0
      vertex 1.373895e+0 2.796627e+1 1.500000e+0
    endloop
  endfacet
  facet normal 6.121509e-2 8.298727e-1 -5.545845e-1
    outer loop
      vertex 2.646463e+0 2.686999e+1 0.000000e+0
      vertex 1.373895e+0 2.796627e+1 1.500000e+0
      vertex 2.744480e+0 2.786517e+1 1.500000e+0
    endloop
  endfacet
  facet normal 2.042143e-2 8.318768e-1 -5.545845e-1
    outer loop
      vertex 1.324827e+0 2.696748e+1 0.000000e+0
      vertex 1.653273e-15 2.700000e+1 0.000000e+0
      vertex 1.714506e-15 2.800000e+1 1.500000e+0
    endloop
  endfacet
  facet normal 2.042143e-2 8.318768e-1 -5.545845e-1
    outer loop
      vertex 1.324827e+0 2.696748e+1 0.000000e+0
      vertex 1.714506e-15 2.800000e+1 1.500000e+0
      vertex 1.373895e+0 2.796627e+1 1.500000e+0
    endloop
  endfacet
  facet normal -2.042143e-2 8.318768e-1 -5.545845e-1
    outer loop
      vertex 1.653273e-15 2.700000e+1 0.000000e+0
      vertex -1.324827e+0 2.696748e+1 0.000000e+0
      vertex -1.373895e+0 2.796627e+1 1.500000e+0
    endloop
  endfacet
  facet normal -2.042143e-2 8.318768e-1 -5.545845e-1
    outer loop
      vertex 1.653273e-15 2.700000e+1 0.000000e+0
      vertex -1.373895e+0 2.796627e+1 1.500000e+0
      vertex 1.714506e-15 2.800000e+1 1.500000e+0
    endloop
  endfacet
  facet normal -6.121509e-2 8.298727e-1 -5.545845e-1
    outer loop
      vertex -1.324827e+0 2.696748e+1 0.000000e+0
      vertex -2.646463e+0 2.686999e+1 0.000000e+0
      vertex -2.744480e+0 2.786517e+1 1.500000e+0
    endloop
  endfacet
  facet normal -6.121509e-2 8.298727e-1 -5.545845e-1
    outer loop
      vertex -1.324827e+0 2.696748e+1 0.000000e+0
      vertex -2.744480e+0 2.786517e+1 1.500000e+0
      vertex -1.373895e+0 2.796627e+1 1.500000e+0
    endloop
  endfacet
  facet normal -1.018613e-1 8.258694e-1 -5.545845e-1
    outer loop
      vertex -2.646463e+0 2.686999e+1 0.000000e+0
      vertex -3.961723e+0 2.670777e+1 0.000000e+0
      vertex -4.108453e+0 2.769694e+1 1.500000e+0
    endloop
  endfacet
  facet normal -1.018613e-1 8.258694e-1 -5.545845e-1
    outer loop
      vertex -2.646463e+0 2.686999e+1 0.000000e+0
      vertex -4.108453e+0 2.769694e+1 1.500000e+0
      vertex -2.744480e+0 2.786517e+1 1.500000e+0
    endloop
  endfacet
  facet normal -1.422621e-1 8.198765e-1 -5.545845e-1
    outer loop
      vertex -3.961723e+0 2.670777e+1 0.000000e+0
      vertex -5.267439e+0 2.648120e+1 0.000000e+0
      vertex -5.462529e+0 2.746199e+1 1.500000e+0
    endloop
  endfacet
  facet normal -1.422621e-1 8.198765e-1 -5.545845e-1
    outer loop
      vertex -3.961723e+0 2.670777e+1 0.000000e+0
      vertex -5.462529e+0 2.746199e+1 1.500000e+0
      vertex -4.108453e+0 2.769694e+1 1.500000e+0
    endloop
  endfacet
  facet normal -1.823201e-1 8.119085e-1 -5.545845e-1
    outer loop
      vertex -5.267439e+0 2.648120e+1 0.000000e+0
      vertex -6.560465e+0 2.619084e+1 0.000000e+0
      vertex -6.803445e+0 2.716088e+1 1.500000e+0
    endloop
  endfacet
  facet normal -1.823201e-1 8.119085e-1 -5.545845e-1
    outer loop
      vertex -5.267439e+0 2.648120e+1 0.000000e+0
      vertex -6.803445e+0 2.716088e+1 1.500000e+0
      vertex -5.462529e+0 2.746199e+1 1.500000e+0
    endloop
  endfacet
  facet normal -2.219390e-1 8.019845e-1 -5.545845e-1
    outer loop
      vertex -6.560465e+0 2.619084e+1 0.000000e+0
      vertex -7.837686e+0 2.583739e+1 0.000000e+0
      vertex -8.127971e+0 2.679433e+1 1.500000e+0
    endloop
  endfacet
  facet normal -2.219390e-1 8.019845e-1 -5.545845e-1
    outer loop
      vertex -6.560465e+0 2.619084e+1 0.000000e+0
      vertex -8.127971e+0 2.679433e+1 1.500000e+0
      vertex -6.803445e+0 2.716088e+1 1.500000e+0
    endloop
  endfacet
  facet normal -2.610232e-1 7.901284e-1 -5.545845e-1
    outer loop
      vertex -7.837686e+0 2.583739e+1 0.000000e+0
      vertex -9.096026e+0 2.542169e+1 0.000000e+0
      vertex -9.432916e+0 2.636323e+1 1.500000e+0
    endloop
  endfacet
  facet normal -2.610232e-1 7.901284e-1 -5.545845e-1
    outer loop
      vertex -7.837686e+0 2.583739e+1 0.000000e+0
      vertex -9.432916e+0 2.636323e+1 1.500000e+0
      vertex -8.127971e+0 2.679433e+1 1.500000e+0
    endloop
  endfacet
  facet normal -2.994785e-1 7.763689e-1 -5.545845e-1
    outer loop
      vertex -9.096026e+0 2.542169e+1 0.000000e+0
      vertex -1.033245e+1 2.494475e+1 0.000000e+0
      vertex -1.071514e+1 2.586863e+1 1.500000e+0
    endloop
  endfacet
  facet normal -2.994785e-1 7.763689e-1 -5.545845e-1
    outer loop
      vertex -9.096026e+0 2.542169e+1 0.000000e+0
      vertex -1.071514e+1 2.586863e+1 1.500000e+0
      vertex -9.432916e+0 2.636323e+1 1.500000e+0
    endloop
  endfacet
  facet normal -3.372124e-1 7.607390e-1 -5.545845e-1
    outer loop
      vertex -1.033245e+1 2.494475e+1 0.000000e+0
      vertex -1.154399e+1 2.440771e+1 0.000000e+0
      vertex -1.197154e+1 2.531170e+1 1.500000e+0
    endloop
  endfacet
  facet normal -3.372124e-1 7.607390e-1 -5.545845e-1
    outer loop
      vertex -1.033245e+1 2.494475e+1 0.000000e+0
      vertex -1.197154e+1 2.531170e+1 1.500000e+0
      vertex -1.071514e+1 2.586863e+1 1.500000e+0
    endloop
  endfacet
  facet normal -3.741339e-1 7.432764e-1 -5.545845e-1
    outer loop
      vertex -1.154399e+1 2.440771e+1 0.000000e+0
      vertex -1.272771e+1 2.381187e+1 0.000000e+0
      vertex -1.319911e+1 2.469380e+1 1.500000e+0
    endloop
  endfacet
  facet normal -3.741339e-1 7.432764e-1 -5.545845e-1
    outer loop
      vertex -1.154399e+1 2.440771e+1 0.000000e+0
      vertex -1.319911e+1 2.469380e+1 1.500000e+0
      vertex -1.197154e+1 2.531170e+1 1.500000e+0
    endloop
  endfacet
  facet normal -4.101541e-1 7.240232e-1 -5.545845e-1
    outer loop
      vertex -1.272771e+1 2.381187e+1 0.000000e+0
      vertex -1.388077e+1 2.315867e+1 0.000000e+0
      vertex -1.439488e+1 2.401640e+1 1.500000e+0
    endloop
  endfacet
  facet normal -4.101541e-1 7.240232e-1 -5.545845e-1
    outer loop
      vertex -1.272771e+1 2.381187e+1 0.000000e+0
      vertex -1.439488e+1 2.401640e+1 1.500000e+0
      vertex -1.319911e+1 2.469380e+1 1.500000e+0
    endloop
  endfacet
  facet normal -4.451862e-1 7.030258e-1 -5.545845e-1
    outer loop
      vertex -1.388077e+1 2.315867e+1 0.000000e+0
      vertex -1.500040e+1 2.244968e+1 0.000000e+0
      vertex -1.555597e+1 2.328115e+1 1.500000e+0
    endloop
  endfacet
  facet normal -4.451862e-1 7.030258e-1 -5.545845e-1
    outer loop
      vertex -1.388077e+1 2.315867e+1 0.000000e+0
      vertex -1.555597e+1 2.328115e+1 1.500000e+0
      vertex -1.439488e+1 2.401640e+1 1.500000e+0
    endloop
  endfacet
  facet normal -4.791458e-1 6.803347e-1 -5.545845e-1
    outer loop
      vertex -1.500040e+1 2.244968e+1 0.000000e+0
      vertex -1.608388e+1 2.168660e+1 0.000000e+0
      vertex -1.667958e+1 2.248981e+1 1.500000e+0
    endloop
  endfacet
  facet normal -4.791458e-1 6.803347e-1 -5.545845e-1
    outer loop
      vertex -1.500040e+1 2.244968e+1 0.000000e+0
      vertex -1.667958e+1 2.248981e+1 1.500000e+0
      vertex -1.555597e+1 2.328115e+1 1.500000e+0
    endloop
  endfacet
  facet normal -5.119511e-1 6.560047e-1 -5.545845e-1
    outer loop
      vertex -1.608388e+1 2.168660e+1 0.000000e+0
      vertex -1.712862e+1 2.087128e+1 0.000000e+0
      vertex -1.776301e+1 2.164429e+1 1.500000e+0
    endloop
  endfacet
  facet normal -5.119511e-1 6.560047e-1 -5.545845e-1
    outer loop
      vertex -1.608388e+1 2.168660e+1 0.000000e+0
      vertex -1.776301e+1 2.164429e+1 1.500000e+0
      vertex -1.667958e+1 2.248981e+1 1.500000e+0
    endloop
  endfacet
  facet normal -5.435230e-1 6.300942e-1 -5.545845e-1
    outer loop
      vertex -1.712862e+1 2.087128e+1 0.000000e+0
      vertex -1.813209e+1 2.000568e+1 0.000000e+0
      vertex -1.880365e+1 2.074663e+1 1.500000e+0
    endloop
  endfacet
  facet normal -5.435230e-1 6.300942e-1 -5.545845e-1
    outer loop
      vertex -1.712862e+1 2.087128e+1 0.000000e+0
      vertex -1.880365e+1 2.074663e+1 1.500000e+0
      vertex -1.776301e+1 2.164429e+1 1.500000e+0
    endloop
  endfacet
  facet normal -5.737856e-1 6.026658e-1 -5.545845e-1
    outer loop
      vertex -1.813209e+1 2.000568e+1 0.000000e+0
      vertex -1.909188e+1 1.909188e+1 0.000000e+0
      vertex -1.979899e+1 1.979899e+1 1.500000e+0
    endloop
  endfacet
  facet normal -5.737856e-1 6.026658e-1 -5.545845e-1
    outer loop
      vertex -1.813209e+1 2.000568e+1 0.000000e+0
      vertex -1.979899e+1 1.979899e+1 1.500000e+0
      vertex -1.880365e+1 2.074663e+1 1.500000e+0
    endloop
  endfacet
  facet normal -6.026658e-1 5.737856e-1 -5.545845e-1
    outer loop
      vertex -1.909188e+1 1.909188e+1 0.000000e+0
      vertex -2.000568e+1 1.813209e+1 0.000000e+0
      vertex -2.074663e+1 1.880365e+1 1.500000e+0
    endloop
  endfacet
  facet normal -6.026658e-1 5.737856e-1 -5.545845e-1
    outer loop
      vertex -1.909188e+1 1.909188e+1 0.000000e+0
      vertex -2.074663e+1 1.880365e+1 1.500000e+0
      vertex -1.979899e+1 1.979899e+1 1.500000e+0
    endloop
  endfacet
  facet normal -6.300942e-1 5.435230e-1 -5.545845e-1
    outer loop
      vertex -2.000568e+1 1.813209e+1 0.000000e+0
      vertex -2.087128e+1 1.712862e+1 0.000000e+0
      vertex -2.164429e+1 1.776301e+1 1.500000e+0
    endloop
  endfacet
  facet normal -6.300942e-1 5.435230e-1 -5.545845e-1
    outer loop
      vertex -2.000568e+1 1.813209e+1 0.000000e+0
      vertex -2.164429e+1 1.776301e+1 1.500000e+0
      vertex -2.074663e+1 1.880365e+1 1.500000e+0
    endloop
  endfacet
  facet normal -6.560047e-1 5.119511e-1 -5.545845e-1
    outer loop
      vertex -2.087128e+1 1.712862e+1 0.000000e+0
      vertex -2.168660e+1 1.608388e+1 0.000000e+0
      vertex -2.248981e+1 1.667958e+1 1.500000e+0
    endloop
  endfacet
  facet normal -6.560047e-1 5.119511e-1 -5.545845e-1
    outer loop
      vertex -2.087128e+1 1.712862e+1 0.000000e+0
      vertex -2.248981e+1 1.667958e+1 1.500000e+0
      vertex -2.164429e+1 1.776301e+1 1.500000e+0
    endloop
  endfacet
  facet normal -6.803347e-1 4.791458e-1 -5.545845e-1
    outer loop
      vertex -2.168660e+1 1.608388e+1 0.000000e+0
      vertex -2.244968e+1 1.500040e+1 0.000000e+0
      vertex -2.328115e+1 1.555597e+1 1.500000e+0
    endloop
  endfacet
  facet normal -6.803347e-1 4.791458e-1 -5.545845e-1
    outer loop
      vertex -2.168660e+1 1.608388e+1 0.000000e+0
      vertex -2.328115e+1 1.555597e+1 1.500000e+0
      vertex -2.248981e+1 1.667958e+1 1.500000e+0
    endloop
  endfacet
  facet normal -7.030258e-1 4.451862e-1 -5.545845e-1
    outer loop
      vertex -2.244968e+1 1.500040e+1 0.000000e+0
      vertex -2.315867e+1 1.388077e+1 0.000000e+0
      vertex -2.401640e+1 1.439488e+1 1.500000e+0
    endloop
  endfacet
  facet normal -7.030258e-1 4.451862e-1 -5.545845e-1
    outer loop
      vertex -2.244968e+1 1.500040e+1 0.000000e+0
      vertex -2.401640e+1 1.439488e+1 1.500000e+0
      vertex -2.328115e+1 1.555597e+1 1.500000e+0
    endloop
  endfacet
  facet normal -7.240232e-1 4.101541e-1 -5.545845e-1
    outer loop
      vertex -2.315867e+1 1.388077e+1 0.000000e+0
      vertex -2.381187e+1 1.272771e+1 0.000000e+0
      vertex -2.469380e+1 1.319911e+1 1.500000e+0
    endloop
  endfacet
  facet normal -7.240232e-1 4.101541e-1 -5.545845e-1
    outer loop
      vertex -2.315867e+1 1.388077e+1 0.000000e+0
      vertex -2.469380e+1 1.319911e+1 1.500000e+0
      vertex -2.401640e+1 1.439488e+1 1.500000e+0
    endloop
  endfacet
  facet normal -7.432764e-1 3.741339e-1 -5.545845e-1
    outer loop
      vertex -2.381187e+1 1.272771e+1 0.000000e+0
      vertex -2.440771e+1 1.154399e+1 0.000000e+0
      vertex -2.531170e+1 1.197154e+1 1.500000e+0
    endloop
  endfacet
  facet normal -7.432764e-1 3.741339e-1 -5.545845e-1
    outer loop
      vertex -2.381187e+1 1.272771e+1 0.000000e+0
      vertex -2.531170e+1 1.197154e+1 1.500000e+0
      vertex -2.469380e+1 1.319911e+1 1.500000e+0
    endloop
  endfacet
  facet normal -7.607390e-1 3.372124e-1 -5.545845e-1
    outer loop
      vertex -2.440771e+1 1.154399e+1 0.000000e+0
      vertex -2.494475e+1 1.033245e+1 0.000000e+0
      vertex -2.586863e+1 1.071514e+1 1.500000e+0
    endloop
  endfacet
  facet normal -7.607390e-1 3.372124e-1 -5.545845e-1
    outer loop
      vertex -2.440771e+1 1.154399e+1 0.000000e+0
      vertex -2.586863e+1 1.071514e+1 1.500000e+0
      vertex -2.531170e+1 1.197154e+1 1.500000e+0
    endloop
  endfacet
  facet normal -7.763689e-1 2.994785e-1 -5.545845e-1
    outer loop
      vertex -2.494475e+1 1.033245e+1 0.000000e+0
      vertex -2.542169e+1 9.096026e+0 0.000000e+0
      vertex -2.636323e+1 9.432916e+0 1.500000e+0
    endloop
  endfacet
  facet normal -7.763689e-1 2.994785e-1 -5.545845e-1
    outer loop
      vertex -2.494475e+1 1.033245e+1 0.000000e+0
      vertex -2.636323e+1 9.432916e+0 1.500000e+0
      vertex -2.586863e+1 1.071514e+1 1.500000e+0
    endloop
  endfacet
  facet normal -7.901284e-1 2.610232e-1 -5.545845e-1
    outer loop
      vertex -2.542169e+1 9.096026e+0 0.000000e+0
      vertex -2.583739e+1 7.837686e+0 0.000000e+0
      vertex -2.679433e+1 8.127971e+0 1.500000e+0
    endloop
  endfacet
  facet normal -7.901284e-1 2.610232e-1 -5.545845e-1
    outer loop
      vertex -2.542169e+1 9.096026e+0 0.000000e+0
      vertex -2.679433e+1 8.127971e+0 1.500000e+0
      vertex -2.636323e+1 9.432916e+0 1.500000e+0
    endloop
  endfacet
  facet normal -8.019845e-1 2.219390e-1 -5.545845e-1
    outer loop
      vertex -2.583739e+1 7.837686e+0 0.000000e+0
      vertex -2.619084e+1 6.560465e+0 0.000000e+0
      vertex -2.716088e+1 6.803445e+0 1.500000e+0
    endloop
  endfacet
  facet normal -8.019845e-1 2.219390e-1 -5.545845e-1
    outer loop
      vertex -2.583739e+1 7.837686e+0 0.000000e+0
      vertex -2.716088e+1 6.803445e+0 1.500000e+0
      vertex -2.679433e+1 8.127971e+0 1.500000e+0
    endloop
  endfacet
  facet normal -8.119085e-1 1.823201e-1 -5.545845e-1
    outer loop
      vertex -2.619084e+1 6.560465e+0 0.000000e+0
      vertex -2.648120e+1 5.267439e+0 0.000000e+0
      vertex -2.746199e+1 5.462529e+0 1.500000e+0
    endloop
  endfacet
  facet normal -8.119085e-1 1.823201e-1 -5.545845e-1
    outer loop
      vertex -2.619084e+1 6.560465e+0 0.000000e+0
      vertex -2.746199e+1 5.462529e+0 1.500000e+0
      vertex -2.716088e+1 6.803445e+0 1.500000e+0
    endloop
  endfacet
  facet normal -8.198765e-1 1.422621e-1 -5.545845e-1
    outer loop
      vertex -2.648120e+1 5.267439e+0 0.000000e+0
      vertex -2.670777e+1 3.961723e+0 0.000000e+0
      vertex -2.769694e+1 4.108453e+0 1.500000e+0
    endloop
  endfacet
  facet normal -8.198765e-1 1.422621e-1 -5.545845e-1
    outer loop
      vertex -2.648120e+1 5.267439e+0 0.000000e+0
      vertex -2.769694e+1 4.108453e+0 1.500000e+0
      vertex -2.746199e+1 5.462529e+0 1.500000e+0
    endloop
  endfacet
  facet normal -8.258694e-1 1.018613e-1 -5.545845e-1
    outer loop
      vertex -2.670777e+1 3.961723e+0 0.000000e+0
      vertex -2.686999e+1 2.646463e+0 0.000000e+0
      vertex -2.786517e+1 2.744480e+0 1.500000e+0
    endloop
  endfacet
  facet normal -8.258694e-1 1.018613e-1 -5.545845e-1
    outer loop
      vertex -2.670777e+1 3.961723e+0 0.000000e+0
      vertex -2.786517e+1 2.744480e+0 1.500000e+0
      vertex -2.769694e+1 4.108453e+0 1.500000e+0
    endloop
  endfacet
  facet normal -8.298727e-1 6.121509e-2 -5.545845e-1
    outer loop
      vertex -2.686999e+1 2.646463e+0 0.000000e+0
      vertex -2.696748e+1 1.324827e+0 0.000000e+0
      vertex -2.796627e+1 1.373895e+0 1.500000e+0
    endloop
  endfacet
  facet normal -8.298727e-1 6.121509e-2 -5.545845e-1
    outer loop
      vertex -2.686999e+1 2.646463e+0 0.000000e+0
      vertex -2.796627e+1 1.373895e+0 1.500000e+0
      vertex -2.786517e+1 2.744480e+0 1.500000e+0
    endloop
  endfacet
  facet normal -8.318768e-1 2.042143e-2 -5.545845e-1
    outer loop
      vertex -2.696748e+1 1.324827e+0 0.000000e+0
      vertex -2.700000e+1 3.306546e-15 0.000000e+0
      vertex -2.800000e+1 3.429011e-15 1.500000e+0
    endloop
  endfacet
  facet normal -8.318768e-1 2.042143e-2 -5.545845e-1
    outer loop
      vertex -2.696748e+1 1.324827e+0 0.000000e+0
      vertex -2.800000e+1 3.429011e-15 1.500000e+0
      vertex -2.796627e+1 1.373895e+0 1.500000e+0
    endloop
  endfacet
  facet normal -8.318768e-1 -2.042143e-2 -5.545845e-1
    outer loop
      vertex -2.700000e+1 3.306546e-15 0.000000e+0
      vertex -2.696748e+1 -1.324827e+0 0.000000e+0
      vertex -2.796627e+1 -1.373895e+0 1.500000e+0
    endloop
  endfacet
  facet normal -8.318768e-1 -2.042143e-2 -5.545845e-1
    outer loop
      vertex -2.700000e+1 3.306546e-15 0.000000e+0
      vertex -2.796627e+1 -1.373895e+0 1.500000e+0
      vertex -2.800000e+1 3.429011e-15 1.500000e+0
    endloop
  endfacet
  facet normal -8.298727e-1 -6.121509e-2 -5.545845e-1
    outer loop
      vertex -2.696748e+1 -1.324827e+0 0.000000e+0
      vertex -2.686999e+1 -2.646463e+0 0.000000e+0
      vertex -2.786517e+1 -2.744480e+0 1.500000e+0
    endloop
  endfacet
  facet normal -8.298727e-1 -6.121509e-2 -5.545845e-1
    outer loop
      vertex -2.696748e+1 -1.324827e+0 0.000000e+0
      vertex -2.786517e+1 -2.744480e+0 1.500000e+0
      vertex -2.796627e+1 -1.373895e+0 1.500000e+0
    endloop
  endfacet
  facet normal -8.258694e-1 -1.018613e-1 -5.545845e-1
    outer loop
      vertex -2.686999e+1 -2.646463e+0 0.000000e+0
      vertex -2.670777e+1 -3.961723e+0 0.000000e+0
      vertex -2.769694e+1 -4.108453e+0 1.500000e+0
    endloop
  endfacet
  facet normal -8.258694e-1 -1.018613e-1 -5.545845e-1
    outer loop
      vertex -2.686999e+1 -2.646463e+0 0.000000e+0
      vertex -2.769694e+1 -4.108453e+0 1.500000e+0
      vertex -2.786517e+1 -2.744480e+0 1.500000e+0
    endloop
  endfacet
  facet normal -8.198765e-1 -1.422621e-1 -5.545845e-1
    outer loop
      vertex -2.670777e+1 -3.961723e+0 0.000000e+0
      vertex -2.648120e+1 -5.267439e+0 0.000000e+0
      vertex -2.746199e+1 -5.462529e+0 1.500000e+0
    endloop
  endfacet
  facet normal -8.198765e-1 -1.422621e-1 -5.545845e-1
    outer loop
      vertex -2.670777e+1 -3.961723e+0 0.000000e+0
      vertex -2.746199e+1 -5.462529e+0 1.500000e+0
      vertex -2.769694e+1 -4.108453e+0 1.500000e+0
    endloop
  endfacet
  facet normal -8.119085e-1 -1.823201e-1 -5.545845e-1
    outer loop
      vertex -2.648120e+1 -5.267439e+0 0.000000e+0
      vertex -2.619084e+1 -6.560465e+0 0.000000e+0
      vertex -2.716088e+1 -6.803445e+0 1.500000e+0
    endloop
  endfacet
  facet normal -8.119085e-1 -1.823201e-1 -5.545845e-1
    outer loop
      vertex -2.648120e+1 -5.267439e+0 0.000000e+0
      vertex -2.716088e+1 -6.803445e+0 1.500000e+0
      vertex -2.746199e+1 -5.462529e+0 1.500000e+0
    endloop
  endfacet
  facet normal -8.019845e-1 -2.219390e-1 -5.545845e-1
    outer loop
      vertex -2.619084e+1 -6.560465e+0 0.000000e+0
      vertex -2.583739e+1 -7.837686e+0 0.000000e+0
      vertex -2.679433e+1 -8.127971e+0 1.500000e+0
    endloop
  endfacet
  facet normal -8.019845e-1 -2.219390e-1 -5.545845e-1
    outer loop
      vertex -2.619084e+1 -6.560465e+0 0.000000e+0
      vertex -2.679433e+1 -8.127971e+0 1.500000e+0
      vertex -2.716088e+1 -6.803445e+0 1.500000e+0
    endloop
  endfacet
  facet normal -7.901284e-1 -2.610232e-1 -5.545845e-1
    outer loop
      vertex -2.583739e+1 -7.837686e+0 0.000000e+0
      vertex -2.542169e+1 -9.096026e+0 0.000000e+0
      vertex -2.636323e+1 -9.432916e+0 1.500000e+0
    endloop
  endfacet
  facet normal -7.901284e-1 -2.610232e-1 -5.545845e-1
    outer loop
      vertex -2.583739e+1 -7.837686e+0 0.000000e+0
      vertex -2.636323e+1 -9.432916e+0 1.500000e+0
      vertex -2.679433e+1 -8.127971e+0 1.500000e+0
    endloop
  endfacet
  facet normal -7.763689e-1 -2.994785e-1 -5.545845e-1
    outer loop
      vertex -2.542169e+1 -9.096026e+0 0.000000e+0
      vertex -2.494475e+1 -1.033245e+1 0.000000e+0
      vertex -2.586863e+1 -1.071514e+1 1.500000e+0
    endloop
  endfacet
  facet normal -7.763689e-1 -2.994785e-1 -5.545845e-1
    outer loop
      vertex -2.542169e+1 -9.096026e+0 0.000000e+0
      vertex -2.586863e+1 -1.071514e+1 1.500000e+0
      vertex -2.636323e+1 -9.432916e+0 1.500000e+0
    endloop
  endfacet
  facet normal -7.607390e-1 -3.372124e-1 -5.545845e-1
    outer loop
      vertex -2.494475e+1 -1.033245e+1 0.000000e+0
      vertex -2.440771e+1 -1.154399e+1 0.000000e+0
      vertex -2.531170e+1 -1.197154e+1 1.500000e+0
    endloop
  endfacet
  facet normal -7.607390e-1 -3.372124e-1 -5.545845e-1
    outer loop
      vertex -2.494475e+1 -1.033245e+1 0.000000e+0
      vertex -2.531170e+1 -1.197154e+1 1.500000e+0
      vertex -2.586863e+1 -1.071514e+1 1.500000e+0
    endloop
  endfacet
  facet normal -7.432764e-1 -3.741339e-1 -5.545845e-1
    outer loop
      vertex -2.440771e+1 -1.154399e+1 0.000000e+0
      vertex -2.381187e+1 -1.272771e+1 0.000000e+0
      vertex -2.469380e+1 -1.319911e+1 1.500000e+0
    endloop
  endfacet
  facet normal -7.432764e-1 -3.741339e-1 -5.545845e-1
    outer loop
      vertex -2.440771e+1 -1.154399e+1 0.000000e+0
      vertex -2.469380e+1 -1.319911e+1 1.500000e+0
      vertex -2.531170e+1 -1.197154e+1 1.500000e+0
    endloop
  endfacet
  facet normal -7.240232e-1 -4.101541e-1 -5.545845e-1
    outer loop
      vertex -2.381187e+1 -1.272771e+1 0.000000e+0
      vertex -2.315867e+1 -1.388077e+1 0.000000e+0
      vertex -2.401640e+1 -1.439488e+1 1.500000e+0
    endloop
  endfacet
  facet normal -7.240232e-1 -4.101541e-1 -5.545845e-1
    outer loop
      vertex -2.381187e+1 -1.272771e+1 0.000000e+0
      vertex -2.401640e+1 -1.439488e+1 1.500000e+0
      vertex -2.469380e+1 -1.319911e+1 1.500000e+0
    endloop
  endfacet
  facet normal -7.030258e-1 -4.451862e-1 -5.545845e-1
    outer loop
      vertex -2.315867e+1 -1.388077e+1 0.000000e+0
      vertex -2.244968e+1 -1.500040e+1 0.000000e+0
      vertex -2.328115e+1 -1.555597e+1 1.500000e+0
    endloop
  endfacet
  facet normal -7.030258e-1 -4.451862e-1 -5.545845e-1
    outer loop
      vertex -2.315867e+1 -1.388077e+1 0.000000e+0
      vertex -2.328115e+1 -1.555597e+1 1.500000e+0
      vertex -2.401640e+1 -1.439488e+1 1.500000e+0
    endloop
  endfacet
  facet normal -6.803347e-1 -4.791458e-1 -5.545845e-1
    outer loop
      vertex -2.244968e+1 -1.500040e+1 0.000000e+0
      vertex -2.168660e+1 -1.608388e+1 0.000000e+0
      vertex -2.248981e+1 -1.667958e+1 1.500000e+0
    endloop
  endfacet
  facet normal -6.803347e-1 -4.791458e-1 -5.545845e-1
    outer loop
      vertex -2.244968e+1 -1.500040e+1 0.000000e+0
      vertex -2.248981e+1 -1.667958e+1 1.500000e+0
      vertex -2.328115e+1 -1.555597e+1 1.500000e+0
    endloop
  endfacet
  facet normal -6.560047e-1 -5.119511e-1 -5.545845e-1
    outer loop
      vertex -2.168660e+1 -1.608388e+1 0.000000e+0
      vertex -2.087128e+1 -1.712862e+1 0.000000e+0
      vertex -2.164429e+1 -1.776301e+1 1.500000e+0
    endloop
  endfacet
  facet normal -6.560047e-1 -5.119511e-1 -5.545845e-1
    outer loop
      vertex -2.168660e+1 -1.608388e+1 0.000000e+0
      vertex -2.164429e+1 -1.776301e+1 1.500000e+0
      vertex -2.248981e+1 -1.667958e+1 1.500000e+0
    endloop
  endfacet
  facet normal -6.300942e-1 -5.435230e-1 -5.545845e-1
    outer loop
      vertex -2.087128e+1 -1.712862e+1 0.000000e+0
      vertex -2.000568e+1 -1.813209e+1 0.000000e+0
      vertex -2.074663e+1 -1.880365e+1 1.500000e+0
    endloop
  endfacet
  facet normal -6.300942e-1 -5.435230e-1 -5.545845e-1
    outer loop
      vertex -2.087128e+1 -1.712862e+1 0.000000e+0
      vertex -2.074663e+1 -1.880365e+1 1.500000e+0
      vertex -2.164429e+1 -1.776301e+1 1.500000e+0
    endloop
  endfacet
  facet normal -6.026658e-1 -5.737856e-1 -5.545845e-1
    outer loop
      vertex -2.000568e+1 -1.813209e+1 0.000000e+0
      vertex -1.909188e+1 -1.909188e+1 0.000000e+0
      vertex -1.979899e+1 -1.979899e+1 1.500000e+0
    endloop
  endfacet
  facet normal -6.026658e-1 -5.737856e-1 -5.545845e-1
    outer loop
      vertex -2.000568e+1 -1.813209e+1 0.000000e+0
      vertex -1.979899e+1 -1.979899e+1 1.500000e+0
      vertex -2.074663e+1 -1.880365e+1 1.500000e+0
    endloop
  endfacet
  facet normal -5.737856e-1 -6.026658e-1 -5.545845e-1
    outer loop
      vertex -1.909188e+1 -1.909188e+1 0.000000e+0
      vertex -1.813209e+1 -2.000568e+1 0.000000e+0
      vertex -1.880365e+1 -2.074663e+1 1.500000e+0
    endloop
  endfacet
  facet normal -5.737856e-1 -6.026658e-1 -5.545845e-1
    outer loop
      vertex -1.909188e+1 -1.909188e+1 0.000000e+0
      vertex -1.880365e+1 -2.074663e+1 1.500000e+0
      vertex -1.979899e+1 -1.979899e+1 1.500000e+0
    endloop
  endfacet
  facet normal -5.435230e-1 -6.300942e-1 -5.545845e-1
    outer loop
      vertex -1.813209e+1 -2.000568e+1 0.000000e+0
      vertex -1.712862e+1 -2.087128e+1 0.000000e+0
      vertex -1.776301e+1 -2.164429e+1 1.500000e+0
    endloop
  endfacet
  facet normal -5.435230e-1 -6.300942e-1 -5.545845e-1
    outer loop
      vertex -1.813209e+1 -2.000568e+1 0.000000e+0
      vertex -1.776301e+1 -2.164429e+1 1.500000e+0
      vertex -1.880365e+1 -2.074663e+1 1.500000e+0
    endloop
  endfacet
  facet normal -5.119511e-1 -6.560047e-1 -5.545845e-1
    outer loop
      vertex -1.712862e+1 -2.087128e+1 0.000000e+0
      vertex -1.608388e+1 -2.168660e+1 0.000000e+0
      vertex -1.667958e+1 -2.248981e+1 1.500000e+0
    endloop
  endfacet
  facet normal -5.119511e-1 -6.560047e-1 -5.545845e-1
    outer loop
      vertex -1.712862e+1 -2.087128e+1 0.000000e+0
      vertex -1.667958e+1 -2.248981e+1 1.500000e+0
      vertex -1.776301e+1 -2.164429e+1 1.500000e+0
    endloop
  endfacet
  facet normal -4.791458e-1 -6.803347e-1 -5.545845e-1
    outer loop
      vertex -1.608388e+1 -2.168660e+1 0.000000e+0
      vertex -1.500040e+1 -2.244968e+1 0.000000e+0
      vertex -1.555597e+1 -2.328115e+1 1.500000e+0
    endloop
  endfacet
  facet normal -4.791458e-1 -6.803347e-1 -5.545845e-1
    outer loop
      vertex -1.608388e+1 -2.168660e+1 0.000000e+0
      vertex -1.555597e+1 -2.328115e+1 1.500000e+0
      vertex -1.667958e+1 -2.248981e+1 1.500000e+0
    endloop
  endfacet
  facet normal -4.451862e-1 -7.030258e-1 -5.545845e-1
    outer loop
      vertex -1.500040e+1 -2.244968e+1 0.000000e+0
      vertex -1.388077e+1 -2.315867e+1 0.000000e+0
      vertex -1.439488e+1 -2.401640e+1 1.500000e+0
    endloop
  endfacet
  facet normal -4.451862e-1 -7.030258e-1 -5.545845e-1
    outer loop
      vertex -1.500040e+1 -2.244968e+1 0.000000e+0
      vertex -1.439488e+1 -2.401640e+1 1.500000e+0
      vertex -1.555597e+1 -2.328115e+1 1.500000e+0
    endloop
  endfacet
  facet normal -4.101541e-1 -7.240232e-1 -5.545845e-1
    outer loop
      vertex -1.388077e+1 -2.315867e+1 0.000000e+0
      vertex -1.272771e+1 -2.381187e+1 0.000000e+0
      vertex -1.319911e+1 -2.469380e+1 1.500000e+0
    endloop
  endfacet
  facet normal -4.101541e-1 -7.240232e-1 -5.545845e-1
    outer loop
      vertex -1.388077e+1 -2.315867e+1 0.000000e+0
      vertex -1.319911e+1 -2.469380e+1 1.500000e+0
      vertex -1.439488e+1 -2.401640e+1 1.500000e+0
    endloop
  endfacet
  facet normal -3.741339e-1 -7.432764e-1 -5.545845e-1
    outer loop
      vertex -1.272771e+1 -2.381187e+1 0.000000e+0
      vertex -1.154399e+1 -2.440771e+1 0.000000e+0
      vertex -1.197154e+1 -2.531170e+1 1.500000e+0
    endloop
  endfacet
  facet normal -3.741339e-1 -7.432764e-1 -5.545845e-1
    outer loop
      vertex -1.272771e+1 -2.381187e+1 0.000000e+0
      vertex -1.197154e+1 -2.531170e+1 1.500000e+0
      vertex -1.319911e+1 -2.469380e+1 1.500000e+0
    endloop
  endfacet
  facet normal -3.372124e-1 -7.607390e-1 -5.545845e-1
    outer loop
      vertex -1.154399e+1 -2.440771e+1 0.000000e+0
      vertex -1.033245e+1 -2.494475e+1 0.000000e+0
      vertex -1.071514e+1 -2.586863e+1 1.500000e+0
    endloop
  endfacet
  facet normal -3.372124e-1 -7.607390e-1 -5.545845e-1
    outer loop
      vertex -1.154399e+1 -2.440771e+1 0.000000e+0
      vertex -1.071514e+1 -2.586863e+1 1.500000e+0
      vertex -1.197154e+1 -2.531170e+1 1.500000e+0
    endloop
  endfacet
  facet normal -2.994785e-1 -7.763689e-1 -5.545845e-1
    outer loop
      vertex -1.033245e+1 -2.494475e+1 0.000000e+0
      vertex -9.096026e+0 -2.542169e+1 0.000000e+0
      vertex -9.432916e+0 -2.636323e+1 1.500000e+0
    endloop
  endfacet
  facet normal -2.994785e-1 -7.763689e-1 -5.545845e-1
    outer loop
      vertex -1.033245e+1 -2.494475e+1 0.000000e+0
      vertex -9.432916e+0 -2.636323e+1 1.500000e+0
      vertex -1.071514e+1 -2.586863e+1 1.500000e+0
    endloop
  endfacet
  facet normal -2.610232e-1 -7.901284e-1 -5.545845e-1
    outer loop
      vertex -9.096026e+0 -2.542169e+1 0.000000e+0
      vertex -7.837686e+0 -2.583739e+1 0.000000e+0
      vertex -8.127971e+0 -2.679433e+1 1.500000e+0
    endloop
  endfacet
  facet normal -2.610232e-1 -7.901284e-1 -5.545845e-1
    outer loop
      vertex -9.096026e+0 -2.542169e+1 0.000000e+0
      vertex -8.127971e+0 -2.679433e+1 1.500000e+0
      vertex -9.432916e+0 -2.636323e+1 1.500000e+0
    endloop
  endfacet
  facet normal -2.219390e-1 -8.019845e-1 -5.545845e-1
    outer loop
      vertex -7.837686e+0 -2.583739e+1 0.000000e+0
      vertex -6.560465e+0 -2.619084e+1 0.000000e+0
      vertex -6.803445e+0 -2.716088e+1 1.500000e+0
    endloop
  endfacet
  facet normal -2.219390e-1 -8.019845e-1 -5.545845e-1
    outer loop
      vertex -7.837686e+0 -2.583739e+1 0.000000e+0
      vertex -6.803445e+0 -2.716088e+1 1.500000e+0
      vertex -8.127971e+0 -2.679433e+1 1.500000e+0
    endloop
  endfacet
  facet normal -1.823201e-1 -8.119085e-1 -5.545845e-1
    outer loop
      vertex -6.560465e+0 -2.619084e+1 0.000000e+0
      vertex -5.267439e+0 -2.648120e+1 0.000000e+0
      vertex -5.462529e+0 -2.746199e+1 1.500000e+0
    endloop
  endfacet
  facet normal -1.823201e-1 -8.119085e-1 -5.545845e-1
    outer loop
      vertex -6.560465e+0 -2.619084e+1 0.000000e+0
      vertex -5.462529e+0 -2.746199e+1 1.500000e+0
      vertex -6.803445e+0 -2.716088e+1 1.500000e+0
    endloop
  endfacet
  facet normal -1.422621e-1 -8.198765e-1 -5.545845e-1
    outer loop
      vertex -5.267439e+0 -2.648120e+1 0.000000e+0
      vertex -3.961723e+0 -2.670777e+1 0.000000e+0
      vertex -4.108453e+0 -2.769694e+1 1.500000e+0
    endloop
  endfacet
  facet normal -1.422621e-1 -8.198765e-1 -5.545845e-1
    outer loop
      vertex -5.267439e+0 -2.648120e+1 0.000000e+0
      vertex -4.108453e+0 -2.769694e+1 1.500000e+0
      vertex -5.462529e+0 -2.746199e+1 1.500000e+0
    endloop
  endfacet
  facet normal -1.018613e-1 -8.258694e-1 -5.545845e-1
    outer loop
      vertex -3.961723e+0 -2.670777e+1 0.000000e+0
      vertex -2.646463e+0 -2.686999e+1 0.000000e+0
      vertex -2.744480e+0 -2.786517e+1 1.500000e+0
    endloop
  endfacet
  facet normal -1.018613e-1 -8.258694e-1 -5.545845e-1
    outer loop
      vertex -3.961723e+0 -2.670777e+1 0.000000e+0
      vertex -2.744480e+0 -2.786517e+1 1.500000e+0
      vertex -4.108453e+0 -2.769694e+1 1.500000e+0
    endloop
  endfacet
  facet normal -6.121509e-2 -8.298727e-1 -5.545845e-1
    outer loop
      vertex -2.646463e+0 -2.686999e+1 0.000000e+0
      vertex -1.324827e+0 -2.696748e+1 0.000000e+0
      vertex -1.373895e+0 -2.796627e+1 1.500000e+0
    endloop
  endfacet
  facet normal -6.121509e-2 -8.298727e-1 -5.545845e-1
    outer loop
      vertex -2.646463e+0 -2.686999e+1 0.000000e+0
      vertex -1.373895e+0 -2.796627e+1 1.500000e+0
      vertex -2.744480e+0 -2.786517e+1 1.500000e+0
    endloop
  endfacet
  facet normal -2.042143e-2 -8.318768e-1 -5.545845e-1
    outer loop
      vertex -1.324827e+0 -2.696748e+1 0.000000e+0
      vertex -4.959820e-15 -2.700000e+1 0.000000e+0
      vertex -5.143517e-15 -2.800000e+1 1.500000e+0
    endloop
  endfacet
  facet normal -2.042143e-2 -8.318768e-1 -5.545845e-1
    outer loop
      vertex -1.324827e+0 -2.696748e+1 0.000000e+0
      vertex -5.143517e-15 -2.800000e+1 1.500000e+0
      vertex -1.373895e+0 -2.796627e+1 1.500000e+0
    endloop
  endfacet
  facet normal 2.042143e-2 -8.318768e-1 -5.545845e-1
    outer loop
      vertex -4.959820e-15 -2.700000e+1 0.000000e+0
      vertex 1.324827e+0 -2.696748e+1 0.000000e+0
      vertex 1.373895e+0 -2.796627e+1 1.500000e+0
    endloop
  endfacet
  facet normal 2.042143e-2 -8.318768e-1 -5.545845e-1
    outer loop
      vertex -4.959820e-15 -2.700000e+1 0.000000e+0
      vertex 1.373895e+0 -2.796627e+1 1.500000e+0
      vertex -5.143517e-15 -2.800000e+1 1.500000e+0
    endloop
  endfacet
  facet normal 6.121509e-2 -8.298727e-1 -5.545845e-1
    outer loop
      vertex 1.324827e+0 -2.696748e+1 0.000000e+0
      vertex 2.646463e+0 -2.686999e+1 0.000000e+0
      vertex 2.744480e+0 -2.786517e+1 1.500000e+0
    endloop
  endfacet
  facet normal 6.121509e-2 -8.298727e-1 -5.545845e-1
    outer loop
      vertex 1.324827e+0 -2.696748e+1 0.000000e+0
      vertex 2.744480e+0 -2.786517e+1 1.500000e+0
      vertex 1.373895e+0 -2.796627e+1 1.500000e+0
    endloop
  endfacet
  facet normal 1.018613e-1 -8.258694e-1 -5.545845e-1
    outer loop
      vertex 2.646463e+0 -2.686999e+1 0.000000e+0
      vertex 3.961723e+0 -2.670777e+1 0.000000e+0
      vertex 4.108453e+0 -2.769694e+1 1.500000e+0
    endloop
  endfacet
  facet normal 1.018613e-1 -8.258694e-1 -5.545845e-1
    outer loop
      vertex 2.646463e+0 -2.686999e+1 0.000000e+0
      vertex 4.108453e+0 -2.769694e+1 1.500000e+0
      vertex 2.744480e+0 -2.786517e+1 1.500000e+0
    endloop
  endfacet
  facet normal 1.422621e-1 -8.198765e-1 -5.545845e-1
    outer loop
      vertex 3.961723e+0 -2.670777e+1 0.000000e+0
      vertex 5.267439e+0 -2.648120e+1 0.000000e+0
      vertex 5.462529e+0 -2.746199e+1 1.500000e+0
    endloop
  endfacet
  facet normal 1.422621e-1 -8.198765e-1 -5.545845e-1
    outer loop
      vertex 3.961723e+0 -2.670777e+1 0.000000e+0
      vertex 5.462529e+0 -2.746199e+1 1.500000e+0
      vertex 4.108453e+0 -2.769694e+1 1.500000e+0
    endloop
  endfacet
  facet normal 1.823201e-1 -8.119085e-1 -5.545845e-1
    outer loop
      vertex 5.267439e+0 -2.648120e+1 0.000000e+0
      vertex 6.560465e+0 -2.619084e+1 0.000000e+0
      vertex 6.803445e+0 -2.716088e+1 1.500000e+0
    endloop
  endfacet
  facet normal 1.823201e-1 -8.119085e-1 -5.545845e-1
    outer loop
      vertex 5.267439e+0 -2.648120e+1 0.000000e+0
      vertex 6.803445e+0 -2.716088e+1 1.500000e+0
      vertex 5.462529e+0 -2.746199e+1 1.500000e+0
    endloop
  endfacet
  facet normal 2.219390e-1 -8.019845e-1 -5.545845e-1
    outer loop
      vertex 6.560465e+0 -2.619084e+1 0.000000e+0
      vertex 7.837686e+0 -2.583739e+1 0.000000e+0
      vertex 8.127971e+0 -2.679433e+1 1.500000e+0
    endloop
  endfacet
  facet normal 2.219390e-1 -8.019845e-1 -5.545845e-1
    outer loop
      vertex 6.560465e+0 -2.619084e+1 0.000000e+0
      vertex 8.127971e+0 -2.679433e+1 1.500000e+0
      vertex 6.803445e+0 -2.716088e+1 1.500000e+0
    endloop
  endfacet
  facet normal 2.610232e-1 -7.901284e-1 -5.545845e-1
    outer loop
      vertex 7.837686e+0 -2.583739e+1 0.000000e+0
      vertex 9.096026e+0 -2.542169e+1 0.000000e+0
      vertex 9.432916e+0 -2.636323e+1 1.500000e+0
    endloop
  endfacet
  facet normal 2.610232e-1 -7.901284e-1 -5.545845e-1
    outer loop
      vertex 7.837686e+0 -2.583739e+1 0.000000e+0
      vertex 9.432916e+0 -2.636323e+1 1.500000e+0
      vertex 8.127971e+0 -2.679433e+1 1.500000e+0
    endloop
  endfacet
  facet normal 2.994785e-1 -7.763689e-1 -5.545845e-1
    outer loop
      vertex 9.096026e+0 -2.542169e+1 0.000000e+0
      vertex 1.033245e+1 -2.494475e+1 0.000000e+0
      vertex 1.071514e+1 -2.586863e+1 1.500000e+0
    endloop
  endfacet
  facet normal 2.994785e-1 -7.763689e-1 -5.545845e-1
    outer loop
      vertex 9.096026e+0 -2.542169e+1 0.000000e+0
      vertex 1.071514e+1 -2.586863e+1 1.500000e+0
      vertex 9.432916e+0 -2.636323e+1 1.500000e+0
    endloop
  endfacet
  facet normal 3.372124e-1 -7.607390e-1 -5.545845e-1
    outer loop
      vertex 1.033245e+1 -2.494475e+1 0.000000e+0
      vertex 1.154399e+1 -2.440771e+1 0.000000e+0
      vertex 1.197154e+1 -2.531170e+1 1.500000e+0
    endloop
  endfacet
  facet normal 3.372124e-1 -7.607390e-1 -5.545845e-1
    outer loop
      vertex 1.033245e+1 -2.494475e+1 0.000000e+0
      vertex 1.197154e+1 -2.531170e+1 1.500000e+0
      vertex 1.071514e+1 -2.586863e+1 1.500000e+0
    endloop
  endfacet
  facet normal 3.741339e-1 -7.432764e-1 -5.545845e-1
    outer loop
      vertex 1.154399e+1 -2.440771e+1 0.000000e+0
      vertex 1.272771e+1 -2.381187e+1 0.000000e+0
      vertex 1.319911e+1 -2.469380e+1 1.500000e+0
    endloop
  endfacet
  facet normal 3.741339e-1 -7.432764e-1 -5.545845e-1
    outer loop
      vertex 1.154399e+1 -2.440771e+1 0.000000e+0
      vertex 1.319911e+1 -2.469380e+1 1.500000e+0
      vertex 1.197154e+1 -2.531170e+1 1.500000e+0
    endloop
  endfacet
  facet normal 4.101541e-1 -7.240232e-1 -5.545845e-1
    outer loop
      vertex 1.272771e+1 -2.381187e+1 0.000000e+0
      vertex 1.388077e+1 -2.315867e+1 0.000000e+0
      vertex 1.439488e+1 -2.401640e+1 1.500000e+0
    endloop
  endfacet
  facet normal 4.101541e-1 -7.240232e-1 -5.545845e-1
    outer loop
      vertex 1.272771e+1 -2.381187e+1 0.000000e+0
      vertex 1.439488e+1 -2.401640e+1 1.500000e+0
      vertex 1.319911e+1 -2.469380e+1 1.500000e+0
    endloop
  endfacet
  facet normal 4.451862e-1 -7.030258e-1 -5.545845e-1
    outer loop
      vertex 1.388077e+1 -2.315867e+1 0.000000e+0
      vertex 1.500040e+1 -2.244968e+1 0.000000e+0
      vertex 1.555597e+1 -2.328115e+1 1.500000e+0
    endloop
  endfacet
  facet normal 4.451862e-1 -7.030258e-1 -5.545845e-1
    outer loop
      vertex 1.388077e+1 -2.315867e+1 0.000000e+0
      vertex 1.555597e+1 -2.328115e+1 1.500000e+0
      vertex 1.439488e+1 -2.401640e+1 1.500000e+0
    endloop
  endfacet
  facet normal 4.791458e-1 -6.803347e-1 -5.545845e-1
    outer loop
      vertex 1.500040e+1 -2.244968e+1 0.000000e+0
      vertex 1.608388e+1 -2.168660e+1 0.000000e+0
      vertex 1.667958e+1 -2.248981e+1 1.500000e+0
    endloop
  endfacet
  facet normal 4.791458e-1 -6.803347e-1 -5.545845e-1
    outer loop
      vertex 1.500040e+1 -2.244968e+1 0.000000e+0
      vertex 1.667958e+1 -2.248981e+1 1.500000e+0
      vertex 1.555597e+1 -2.328115e+1 1.500000e+0
    endloop
  endfacet
  facet normal 5.119511e-1 -6.560047e-1 -5.545845e-1
    outer loop
      vertex 1.608388e+1 -2.168660e+1 0.000000e+0
      vertex 1.712862e+1 -2.087128e+1 0.000000e+0
      vertex 1.776301e+1 -2.164429e+1 1.500000e+0
    endloop
  endfacet
  facet normal 5.119511e-1 -6.560047e-1 -5.545845e-1
    outer loop
      vertex 1.608388e+1 -2.168660e+1 0.000000e+0
      vertex 1.776301e+1 -2.164429e+1 1.500000e+0
      vertex 1.667958e+1 -2.248981e+1 1.500000e+0
    endloop
  endfacet
  facet normal 5.435230e-1 -6.300942e-1 -5.545845e-1
    outer loop
      vertex 1.712862e+1 -2.087128e+1 0.000000e+0
      vertex 1.813209e+1 -2.000568e+1 0.000000e+0
      vertex 1.880365e+1 -2.074663e+1 1.500000e+0
    endloop
  endfacet
  facet normal 5.435230e-1 -6.300942e-1 -5.545845e-1
    outer loop
      vertex 1.712862e+1 -2.087128e+1 0.000000e+0
      vertex 1.880365e+1 -2.074663e+1 1.500000e+0
      vertex 1.776301e+1 -2.164429e+1 1.500000e+0
    endloop
  endfacet
  facet normal 5.737856e-1 -6.026658e-1 -5.545845e-1
    outer loop
      vertex 1.813209e+1 -2.000568e+1 0.000000e+0
      vertex 1.909188e+1 -1.909188e+1 0.000000e+0
      vertex 1.979899e+1 -1.979899e+1 1.500000e+0
    endloop
  endfacet
  facet normal 5.737856e-1 -6.026658e-1 -5.545845e-1
    outer loop
      vertex 1.813209e+1 -2.000568e+1 0.000000e+0
      vertex 1.979899e+1 -1.979899e+1 1.500000e+0
      vertex 1.880365e+1 -2.074663e+1 1.500000e+0
    endloop
  endfacet
  facet normal 6.026658e-1 -5.737856e-1 -5.545845e-1
    outer loop
      vertex 1.909188e+1 -1.909188e+1 0.000000e+0
      vertex 2.000568e+1 -1.813209e+1 0.000000e+0
      vertex 2.074663e+1 -1.880365e+1 1.500000e+0
    endloop
  endfacet
  facet normal 6.026658e-1 -5.737856e-1 -5.545845e-1
    outer loop
      vertex 1.909188e+1 -1.909188e+1 0.000000e+0
      vertex 2.074663e+1 -1.880365e+1 1.500000e+0
      vertex 1.979899e+1 -1.979899e+1 1.500000e+0
    endloop
  endfacet
  facet normal 6.300942e-1 -5.435230e-1 -5.545845e-1
    outer loop
      vertex 2.000568e+1 -1.813209e+1 0.000000e+0
      vertex 2.087128e+1 -1.712862e+1 0.000000e+0
      vertex 2.164429e+1 -1.776301e+1 1.500000e+0
    endloop
  endfacet
  facet normal 6.300942e-1 -5.435230e-1 -5.545845e-1
    outer loop
      vertex 2.000568e+1 -1.813209e+1 0.000000e+0
      vertex 2.164429e+1 -1.776301e+1 1.500000e+0
      vertex 2.074663e+1 -1.880365e+1 1.500000e+0
    endloop
  endfacet
  facet normal 6.560047e-1 -5.119511e-1 -5.545845e-1
    outer loop
      vertex 2.087128e+1 -1.712862e+1 0.000000e+0
      vertex 2.168660e+1 -1.608388e+1 0.000000e+0
      vertex 2.248981e+1 -1.667958e+1 1.500000e+0
    endloop
  endfacet
  facet normal 6.560047e-1 -5.119511e-1 -5.545845e-1
    outer loop
      vertex 2.087128e+1 -1.712862e+1 0.000000e+0
      vertex 2.248981e+1 -1.667958e+1 1.500000e+0
      vertex 2.164429e+1 -1.776301e+1 1.500000e+0
    endloop
  endfacet
  facet normal 6.803347e-1 -4.791458e-1 -5.545845e-1
    outer loop
      vertex 2.168660e+1 -1.608388e+1 0.000000e+0
      vertex 2.244968e+1 -1.500040e+1 0.000000e+0
      vertex 2.328115e+1 -1.555597e+1 1.500000e+0
    endloop
  endfacet
  facet normal 6.803347e-1 -4.791458e-1 -5.545845e-1
    outer loop
      vertex 2.168660e+1 -1.608388e+1 0.000000e+0
      vertex 2.328115e+1 -1.555597e+1 1.500000e+0
      vertex 2.248981e+1 -1.667958e+1 1.500000e+0
    endloop
  endfacet
  facet normal 7.030258e-1 -4.451862e-1 -5.545845e-1
    outer loop
      vertex 2.244968e+1 -1.500040e+1 0.000000e+0
      vertex 2.315867e+1 -1.388077e+1 0.000000e+0
      vertex 2.401640e+1 -1.439488e+1 1.500000e+0
    endloop
  endfacet
  facet normal 7.030258e-1 -4.451862e-1 -5.545845e-1
    outer loop
      vertex 2.244968e+1 -1.500040e+1 0.000000e+0
      vertex 2.401640e+1 -1.439488e+1 1.500000e+0
      vertex 2.328115e+1 -1.555597e+1 1.500000e+0
    endloop
  endfacet
  facet normal 7.240232e-1 -4.101541e-1 -5.545845e-1
    outer loop
      vertex 2.315867e+1 -1.388077e+1 0.000000e+0
      vertex 2.381187e+1 -1.272771e+1 0.000000e+0
      vertex 2.469380e+1 -1.319911e+1 1.500000e+0
    endloop
  endfacet
  facet normal 7.240232e-1 -4.101541e-1 -5.545845e-1
    outer loop
      vertex 2.315867e+1 -1.388077e+1 0.000000e+0
      vertex 2.469380e+1 -1.319911e+1 1.500000e+0
      vertex 2.401640e+1 -1.439488e+1 1.500000e+0
    endloop
  endfacet
  facet normal 7.432764e-1 -3.741339e-1 -5.545845e-1
    outer loop
      vertex 2.381187e+1 -1.272771e+1 0.000000e+0
      vertex 2.440771e+1 -1.154399e+1 0.000000e+0
      vertex 2.531170e+1 -1.197154e+1 1.500000e+0
    endloop
  endfacet
  facet normal 7.432764e-1 -3.741339e-1 -5.545845e-1
    outer loop
      vertex 2.381187e+1 -1.272771e+1 0.000000e+0
      vertex 2.531170e+1 -1.197154e+1 1.500000e+0
      vertex 2.469380e+1 -1.319911e+1 1.500000e+0
    endloop
  endfacet
  facet normal 7.607390e-1 -3.372124e-1 -5.545845e-1
    outer loop
      vertex 2.440771e+1 -1.154399e+1 0.000000e+0
      vertex 2.494475e+1 -1.033245e+1 0.000000e+0
      vertex 2.586863e+1 -1.071514e+1 1.500000e+0
    endloop
  endfacet
  facet normal 7.607390e-1 -3.372124e-1 -5.545845e-1
    outer loop
      vertex 2.440771e+1 -1.154399e+1 0.000000e+0
      vertex 2.586863e+1 -1.071514e+1 1.500000e+0
      vertex 2.531170e+1 -1.197154e+1 1.500000e+0
    endloop
  endfacet
  facet normal 7.763689e-1 -2.994785e-1 -5.545845e-1
    outer loop
      vertex 2.494475e+1 -1.033245e+1 0.000000e+0
      vertex 2.542169e+1 -9.096026e+0 0.000000e+0
      vertex 2.636323e+1 -9.432916e+0 1.500000e+0
    endloop
  endfacet
  facet normal 7.763689e-1 -2.994785e-1 -5.545845e-1
    outer loop
      vertex 2.494475e+1 -1.033245e+1 0.000000e+0
      vertex 2.636323e+1 -9.432916e+0 1.500000e+0
      vertex 2.586863e+1 -1.071514e+1 1.500000e+0
    endloop
  endfacet
  facet normal 7.901284e-1 -2.610232e-1 -5.545845e-1
    outer loop
      vertex 2.542169e+1 -9.096026e+0 0.000000e+0
      vertex 2.583739e+1 -7.837686e+0 0.000000e+0
      vertex 2.679433e+1 -8.127971e+0 1.500000e+0
    endloop
  endfacet
  facet normal 7.901284e-1 -2.610232e-1 -5.545845e-1
    outer loop
      vertex 2.542169e+1 -9.096026e+0 0.000000e+0
      vertex 2.679433e+1 -8.127971e+0 1.500000e+0
      vertex 2.636323e+1 -9.432916e+0 1.500000e+0
    endloop
  endfacet
  facet normal 8.019845e-1 -2.219390e-1 -5.545845e-1
    outer loop
      vertex 2.583739e+1 -7.837686e+0 0.000000e+0
      vertex 2.619084e+1 -6.560465e+0 0.000000e+0
      vertex 2.716088e+1 -6.803445e+0 1.500000e+0
    endloop
  endfacet
  facet normal 8.019845e-1 -2.219390e-1 -5.545845e-1
    outer loop
      vertex 2.583739e+1 -7.837686e+0 0.000000e+0
      vertex 2.716088e+1 -6.803445e+0 1.500000e+0
      vertex 2.679433e+1 -8.127971e+0 1.500000e+0
    endloop
  endfacet
  facet normal 8.119085e-1 -1.823201e-1 -5.545845e-1
    outer loop
      vertex 2.619084e+1 -6.560465e+0 0.000000e+0
      vertex 2.648120e+1 -5.267439e+0 0.000000e+0
      vertex 2.746199e+1 -5.462529e+0 1.500000e+0
    endloop
  endfacet
  facet normal 8.119085e-1 -1.823201e-1 -5.545845e-1
    outer loop
      vertex 2.619084e+1 -6.560465e+0 0.000000e+0
      vertex 2.746199e+1 -5.462529e+0 1.500000e+0
      vertex 2.716088e+1 -6.803445e+0 1.500000e+0
    endloop
  endfacet
  facet normal 8.198765e-1 -1.422621e-1 -5.545845e-1
    outer loop
      vertex 2.648120e+1 -5.267439e+0 0.000000e+0
      vertex 2.670777e+1 -3.961723e+0 0.000000e+0
      vertex 2.769694e+1 -4.108453e+0 1.500000e+0
    endloop
  endfacet
  facet normal 8.198765e-1 -1.422621e-1 -5.545845e-1
    outer loop
      vertex 2.648120e+1 -5.267439e+0 0.000000e+0
      vertex 2.769694e+1 -4.108453e+0 1.500000e+0
      vertex 2.746199e+1 -5.462529e+0 1.500000e+0
    endloop
  endfacet
  facet normal 8.258694e-1 -1.018613e-1 -5.545845e-1
    outer loop
      vertex 2.670777e+1 -3.961723e+0 0.000000e+0
      vertex 2.686999e+1 -2.646463e+0 0.000000e+0
      vertex 2.786517e+1 -2.744480e+0 1.500000e+0
    endloop
  endfacet
  facet normal 8.258694e-1 -1.018613e-1 -5.545845e-1
    outer loop
      vertex 2.670777e+1 -3.961723e+0 0.000000e+0
      vertex 2.786517e+1 -2.744480e+0 1.500000e+0
      vertex 2.769694e+1 -4.108453e+0 1.500000e+0
    endloop
  endfacet
  facet normal 8.298727e-1 -6.121509e-2 -5.545845e-1
    outer loop
      vertex 2.686999e+1 -2.646463e+0 0.000000e+0
      vertex 2.696748e+1 -1.324827e+0 0.000000e+0
      vertex 2.796627e+1 -1.373895e+0 1.500000e+0
    endloop
  endfacet
  facet normal 8.298727e-1 -6.121509e-2 -5.545845e-1
    outer loop
      vertex 2.686999e+1 -2.646463e+0 0.000000e+0
      vertex 2.796627e+1 -1.373895e+0 1.500000e+0
      vertex 2.786517e+1 -2.744480e+0 1.500000e+0
    endloop
  endfacet
  facet normal 8.318768e-1 -2.042143e-2 -5.545845e-1
    outer loop
      vertex 2.696748e+1 -1.324827e+0 0.000000e+0
      vertex 2.700000e+1 -6.613093e-15 0.000000e+0
      vertex 2.800000e+1 -6.858022e-15 1.500000e+0
    endloop
  endfacet
  facet normal 8.318768e-1 -2.042143e-2 -5.545845e-1
    outer loop
      vertex 2.696748e+1 -1.324827e+0 0.000000e+0
      vertex 2.800000e+1 -6.858022e-15 1.500000e+0
      vertex 2.796627e+1 -1.373895e+0 1.500000e+0
    endloop
  endfacet
  facet normal 9.996988e-1 2.454123e-2 0.000000e+0
    outer loop
      vertex 2.800000e+1 0.000000e+0 1.500000e+0
      vertex 2.796627e+1 1.373895e+0 1.500000e+0
      vertex 2.796627e+1 1.373895e+0 3.000000e+0
    endloop
  endfacet
  facet normal 9.996988e-1 2.454123e-2 0.000000e+0
    outer loop
      vertex 2.800000e+1 0.000000e+0 1.500000e+0
      vertex 2.796627e+1 1.373895e+0 3.000000e+0
      vertex 2.800000e+1 0.000000e+0 3.000000e+0
    endloop
  endfacet
  facet normal 9.972905e-1 7.356456e-2 0.000000e+0
    outer loop
      vertex 2.796627e+1 1.373895e+0 1.500000e+0
      vertex 2.786517e+1 2.744480e+0 1.500000e+0
      vertex 2.786517e+1 2.744480e+0 3.000000e+0
    endloop
  endfacet
  facet normal 9.972905e-1 7.356456e-2 0.000000e+0
    outer loop
      vertex 2.796627e+1 1.373895e+0 1.500000e+0
      vertex 2.786517e+1 2.744480e+0 3.000000e+0
      vertex 2.796627e+1 1.373895e+0 3.000000e+0
    endloop
  endfacet
  facet normal 9.924795e-1 1.224107e-1 0.000000e+0
    outer loop
      vertex 2.786517e+1 2.744480e+0 1.500000e+0
      vertex 2.769694e+1 4.108453e+0 1.500000e+0
      vertex 2.769694e+1 4.108453e+0 3.000000e+0
    endloop
  endfacet
  facet normal 9.924795e-1 1.224107e-1 0.000000e+0
    outer loop
      vertex 2.786517e+1 2.744480e+0 1.500000e+0
      vertex 2.769694e+1 4.108453e+0 3.000000e+0
      vertex 2.786517e+1 2.744480e+0 3.000000e+0
    endloop
  endfacet
  facet normal 9.852776e-1 1.709619e-1 0.000000e+0
    outer loop
      vertex 2.769694e+1 4.108453e+0 1.500000e+0
      vertex 2.746199e+1 5.462529e+0 1.500000e+0
      vertex 2.746199e+1 5.462529e+0 3.000000e+0
    endloop
  endfacet
  facet normal 9.852776e-1 1.709619e-1 0.000000e+0
    outer loop
      vertex 2.769694e+1 4.108453e+0 1.500000e+0
      vertex 2.746199e+1 5.462529e+0 3.000000e+0
      vertex 2.769694e+1 4.108453e+0 3.000000e+0
    endloop
  endfacet
  facet normal 9.757021e-1 2.191012e-1 0.000000e+0
    outer loop
      vertex 2.746199e+1 5.462529e+0 1.500000e+0
      vertex 2.716088e+1 6.803445e+0 1.500000e+0
      vertex 2.716088e+1 6.803445e+0 3.000000e+0
    endloop
  endfacet
  facet normal 9.757021e-1 2.191012e-1 0.000000e+0
    outer loop
      vertex 2.746199e+1 5.462529e+0 1.500000e+0
      vertex 2.716088e+1 6.803445e+0 3.000000e+0
      vertex 2.746199e+1 5.462529e+0 3.000000e+0
    endloop
  endfacet
  facet normal 9.637761e-1 2.667128e-1 0.000000e+0
    outer loop
      vertex 2.716088e+1 6.803445e+0 1.500000e+0
      vertex 2.679433e+1 8.127971e+0 1.500000e+0
      vertex 2.679433e+1 8.127971e+0 3.000000e+0
    endloop
  endfacet
  facet normal 9.637761e-1 2.667128e-1 0.000000e+0
    outer loop
      vertex 2.716088e+1 6.803445e+0 1.500000e+0
      vertex 2.679433e+1 8.127971e+0 3.000000e+0
      vertex 2.716088e+1 6.803445e+0 3.000000e+0
    endloop
  endfacet
  facet normal 9.495282e-1 3.136817e-1 0.000000e+0
    outer loop
      vertex 2.679433e+1 8.127971e+0 1.500000e+0
      vertex 2.636323e+1 9.432916e+0 1.500000e+0
      vertex 2.636323e+1 9.432916e+0 3.000000e+0
    endloop
  endfacet
  facet normal 9.495282e-1 3.136817e-1 0.000000e+0
    outer loop
      vertex 2.679433e+1 8.127971e+0 1.500000e+0
      vertex 2.636323e+1 9.432916e+0 3.000000e+0
      vertex 2.679433e+1 8.127971e+0 3.000000e+0
    endloop
  endfacet
  facet normal 9.329928e-1 3.598950e-1 0.000000e+0
    outer loop
      vertex 2.636323e+1 9.432916e+0 1.500000e+0
      vertex 2.586863e+1 1.071514e+1 1.500000e+0
      vertex 2.586863e+1 1.071514e+1 3.000000e+0
    endloop
  endfacet
  facet normal 9.329928e-1 3.598950e-1 0.000000e+0
    outer loop
      vertex 2.636323e+1 9.432916e+0 1.500000e+0
      vertex 2.586863e+1 1.071514e+1 3.000000e+0
      vertex 2.636323e+1 9.432916e+0 3.000000e+0
    endloop
  endfacet
  facet normal 9.142098e-1 4.052413e-1 0.000000e+0
    outer loop
      vertex 2.586863e+1 1.071514e+1 1.500000e+0
      vertex 2.531170e+1 1.197154e+1 1.500000e+0
      vertex 2.531170e+1 1.197154e+1 3.000000e+0
    endloop
  endfacet
  facet normal 9.142098e-1 4.052413e-1 0.000000e+0
    outer loop
      vertex 2.586863e+1 1.071514e+1 1.500000e+0
      vertex 2.531170e+1 1.197154e+1 3.000000e+0
      vertex 2.586863e+1 1.071514e+1 3.000000e+0
    endloop
  endfacet
  facet normal 8.932243e-1 4.496113e-1 0.000000e+0
    outer loop
      vertex 2.531170e+1 1.197154e+1 1.500000e+0
      vertex 2.469380e+1 1.319911e+1 1.500000e+0
      vertex 2.469380e+1 1.319911e+1 3.000000e+0
    endloop
  endfacet
  facet normal 8.932243e-1 4.496113e-1 0.000000e+0
    outer loop
      vertex 2.531170e+1 1.197154e+1 1.500000e+0
      vertex 2.469380e+1 1.319911e+1 3.000000e+0
      vertex 2.531170e+1 1.197154e+1 3.000000e+0
    endloop
  endfacet
  facet normal 8.700870e-1 4.928982e-1 0.000000e+0
    outer loop
      vertex 2.469380e+1 1.319911e+1 1.500000e+0
      vertex 2.401640e+1 1.439488e+1 1.500000e+0
      vertex 2.401640e+1 1.439488e+1 3.000000e+0
    endloop
  endfacet
  facet normal 8.700870e-1 4.928982e-1 0.000000e+0
    outer loop
      vertex 2.469380e+1 1.319911e+1 1.500000e+0
      vertex 2.401640e+1 1.439488e+1 3.000000e+0
      vertex 2.469380e+1 1.319911e+1 3.000000e+0
    endloop
  endfacet
  facet normal 8.448536e-1 5.349976e-1 0.000000e+0
    outer loop
      vertex 2.401640e+1 1.439488e+1 1.500000e+0
      vertex 2.328115e+1 1.555597e+1 1.500000e+0
      vertex 2.328115e+1 1.555597e+1 3.000000e+0
    endloop
  endfacet
  facet normal 8.448536e-1 5.349976e-1 0.000000e+0
    outer loop
      vertex 2.401640e+1 1.439488e+1 1.500000e+0
      vertex 2.328115e+1 1.555597e+1 3.000000e+0
      vertex 2.401640e+1 1.439488e+1 3.000000e+0
    endloop
  endfacet
  facet normal 8.175848e-1 5.758082e-1 0.000000e+0
    outer loop
      vertex 2.328115e+1 1.555597e+1 1.500000e+0
      vertex 2.248981e+1 1.667958e+1 1.500000e+0
      vertex 2.248981e+1 1.667958e+1 3.000000e+0
    endloop
  endfacet
  facet normal 8.175848e-1 5.758082e-1 0.000000e+0
    outer loop
      vertex 2.328115e+1 1.555597e+1 1.500000e+0
      vertex 2.248981e+1 1.667958e+1 3.000000e+0
      vertex 2.328115e+1 1.555597e+1 3.000000e+0
    endloop
  endfacet
  facet normal 7.883464e-1 6.152316e-1 0.000000e+0
    outer loop
      vertex 2.248981e+1 1.667958e+1 1.500000e+0
      vertex 2.164429e+1 1.776301e+1 1.500000e+0
      vertex 2.164429e+1 1.776301e+1 3.000000e+0
    endloop
  endfacet
  facet normal 7.883464e-1 6.152316e-1 0.000000e+0
    outer loop
      vertex 2.248981e+1 1.667958e+1 1.500000e+0
      vertex 2.164429e+1 1.776301e+1 3.000000e+0
      vertex 2.248981e+1 1.667958e+1 3.000000e+0
    endloop
  endfacet
  facet normal 7.572088e-1 6.531728e-1 0.000000e+0
    outer loop
      vertex 2.164429e+1 1.776301e+1 1.500000e+0
      vertex 2.074663e+1 1.880365e+1 1.500000e+0
      vertex 2.074663e+1 1.880365e+1 3.000000e+0
    endloop
  endfacet
  facet normal 7.572088e-1 6.531728e-1 0.000000e+0
    outer loop
      vertex 2.164429e+1 1.776301e+1 1.500000e+0
      vertex 2.074663e+1 1.880365e+1 3.000000e+0
      vertex 2.164429e+1 1.776301e+1 3.000000e+0
    endloop
  endfacet
  facet normal 7.242471e-1 6.895405e-1 0.000000e+0
    outer loop
      vertex 2.074663e+1 1.880365e+1 1.500000e+0
      vertex 1.979899e+1 1.979899e+1 1.500000e+0
      vertex 1.979899e+1 1.979899e+1 3.000000e+0
    endloop
  endfacet
  facet normal 7.242471e-1 6.895405e-1 0.000000e+0
    outer loop
      vertex 2.074663e+1 1.880365e+1 1.500000e+0
      vertex 1.979899e+1 1.979899e+1 3.000000e+0
      vertex 2.074663e+1 1.880365e+1 3.000000e+0
    endloop
  endfacet
  facet normal 6.895405e-1 7.242471e-1 0.000000e+0
    outer loop
      vertex 1.979899e+1 1.979899e+1 1.500000e+0
      vertex 1.880365e+1 2.074663e+1 1.500000e+0
      vertex 1.880365e+1 2.074663e+1 3.000000e+0
    endloop
  endfacet
  facet normal 6.895405e-1 7.242471e-1 0.000000e+0
    outer loop
      vertex 1.979899e+1 1.979899e+1 1.500000e+0
      vertex 1.880365e+1 2.074663e+1 3.000000e+0
      vertex 1.979899e+1 1.979899e+1 3.000000e+0
    endloop
  endfacet
  facet normal 6.531728e-1 7.572088e-1 0.000000e+0
    outer loop
      vertex 1.880365e+1 2.074663e+1 1.500000e+0
      vertex 1.776301e+1 2.164429e+1 1.500000e+0
      vertex 1.776301e+1 2.164429e+1 3.000000e+0
    endloop
  endfacet
  facet normal 6.531728e-1 7.572088e-1 0.000000e+0
    outer loop
      vertex 1.880365e+1 2.074663e+1 1.500000e+0
      vertex 1.776301e+1 2.164429e+1 3.000000e+0
      vertex 1.880365e+1 2.074663e+1 3.000000e+0
    endloop
  endfacet
  facet normal 6.152316e-1 7.883464e-1 0.000000e+0
    outer loop
      vertex 1.776301e+1 2.164429e+1 1.500000e+0
      vertex 1.667958e+1 2.248981e+1 1.500000e+0
      vertex 1.667958e+1 2.248981e+1 3.000000e+0
    endloop
  endfacet
  facet normal 6.152316e-1 7.883464e-1 0.000000e+0
    outer loop
      vertex 1.776301e+1 2.164429e+1 1.500000e+0
      vertex 1.667958e+1 2.248981e+1 3.000000e+0
      vertex 1.776301e+1 2.164429e+1 3.000000e+0
    endloop
  endfacet
  facet normal 5.758082e-1 8.175848e-1 0.000000e+0
    outer loop
      vertex 1.667958e+1 2.248981e+1 1.500000e+0
      vertex 1.555597e+1 2.328115e+1 1.500000e+0
      vertex 1.555597e+1 2.328115e+1 3.000000e+0
    endloop
  endfacet
  facet normal 5.758082e-1 8.175848e-1 0.000000e+0
    outer loop
      vertex 1.667958e+1 2.248981e+1 1.500000e+0
      vertex 1.555597e+1 2.328115e+1 3.000000e+0
      vertex 1.667958e+1 2.248981e+1 3.000000e+0
    endloop
  endfacet
  facet normal 5.349976e-1 8.448536e-1 0.000000e+0
    outer loop
      vertex 1.555597e+1 2.328115e+1 1.500000e+0
      vertex 1.439488e+1 2.401640e+1 1.500000e+0
      vertex 1.439488e+1 2.401640e+1 3.000000e+0
    endloop
  endfacet
  facet normal 5.349976e-1 8.448536e-1 0.000000e+0
    outer loop
      vertex 1.555597e+1 2.328115e+1 1.500000e+0
      vertex 1.439488e+1 2.401640e+1 3.000000e+0
      vertex 1.555597e+1 2.328115e+1 3.000000e+0
    endloop
  endfacet
  facet normal 4.928982e-1 8.700870e-1 0.000000e+0
    outer loop
      vertex 1.439488e+1 2.401640e+1 1.500000e+0
      vertex 1.319911e+1 2.469380e+1 1.500000e+0
      vertex 1.319911e+1 2.469380e+1 3.000000e+0
    endloop
  endfacet
  facet normal 4.928982e-1 8.700870e-1 0.000000e+0
    outer loop
      vertex 1.439488e+1 2.401640e+1 1.500000e+0
      vertex 1.319911e+1 2.469380e+1 3.000000e+0
      vertex 1.439488e+1 2.401640e+1 3.000000e+0
    endloop
  endfacet
  facet normal 4.496113e-1 8.932243e-1 0.000000e+0
    outer loop
      vertex 1.319911e+1 2.469380e+1 1.500000e+0
      vertex 1.197154e+1 2.531170e+1 1.500000e+0
      vertex 1.197154e+1 2.531170e+1 3.000000e+0
    endloop
  endfacet
  facet normal 4.496113e-1 8.932243e-1 0.000000e+0
    outer loop
      vertex 1.319911e+1 2.469380e+1 1.500000e+0
      vertex 1.197154e+1 2.531170e+1 3.000000e+0
      vertex 1.319911e+1 2.469380e+1 3.000000e+0
    endloop
  endfacet
  facet normal 4.052413e-1 9.142098e-1 0.000000e+0
    outer loop
      vertex 1.197154e+1 2.531170e+1 1.500000e+0
      vertex 1.071514e+1 2.586863e+1 1.500000e+0
      vertex 1.071514e+1 2.586863e+1 3.000000e+0
    endloop
  endfacet
  facet normal 4.052413e-1 9.142098e-1 0.000000e+0
    outer loop
      vertex 1.197154e+1 2.531170e+1 1.500000e+0
      vertex 1.071514e+1 2.586863e+1 3.000000e+0
      vertex 1.197154e+1 2.531170e+1 3.000000e+0
    endloop
  endfacet
  facet normal 3.598950e-1 9.329928e-1 0.000000e+0
    outer loop
      vertex 1.071514e+1 2.586863e+1 1.500000e+0
      vertex 9.432916e+0 2.636323e+1 1.500000e+0
      vertex 9.432916e+0 2.636323e+1 3.000000e+0
    endloop
  endfacet
  facet normal 3.598950e-1 9.329928e-1 0.000000e+0
    outer loop
      vertex 1.071514e+1 2.586863e+1 1.500000e+0
      vertex 9.432916e+0 2.636323e+1 3.000000e+0
      vertex 1.071514e+1 2.586863e+1 3.000000e+0
    endloop
  endfacet
  facet normal 3.136817e-1 9.495282e-1 0.000000e+0
    outer loop
      vertex 9.432916e+0 2.636323e+1 1.500000e+0
      vertex 8.127971e+0 2.679433e+1 1.500000e+0
      vertex 8.127971e+0 2.679433e+1 3.000000e+0
    endloop
  endfacet
  facet normal 3.136817e-1 9.495282e-1 0.000000e+0
    outer loop
      vertex 9.432916e+0 2.636323e+1 1.500000e+0
      vertex 8.127971e+0 2.679433e+1 3.000000e+0
      vertex 9.432916e+0 2.636323e+1 3.000000e+0
    endloop
  endfacet
  facet normal 2.667128e-1 9.637761e-1 0.000000e+0
    outer loop
      vertex 8.127971e+0 2.679433e+1 1.500000e+0
      vertex 6.803445e+0 2.716088e+1 1.500000e+0
      vertex 6.803445e+0 2.716088e+1 3.000000e+0
    endloop
  endfacet
  facet normal 2.667128e-1 9.637761e-1 0.000000e+0
    outer loop
      vertex 8.127971e+0 2.679433e+1 1.500000e+0
      vertex 6.803445e+0 2.716088e+1 3.000000e+0
      vertex 8.127971e+0 2.679433e+1 3.000000e+0
    endloop
  endfacet
  facet normal 2.191012e-1 9.757021e-1 0.000000e+0
    outer loop
      vertex 6.803445e+0 2.716088e+1 1.500000e+0
      vertex 5.462529e+0 2.746199e+1 1.500000e+0
      vertex 5.462529e+0 2.746199e+1 3.000000e+0
    endloop
  endfacet
  facet normal 2.191012e-1 9.757021e-1 0.000000e+0
    outer loop
      vertex 6.803445e+0 2.716088e+1 1.500000e+0
      vertex 5.462529e+0 2.746199e+1 3.000000e+0
      vertex 6.803445e+0 2.716088e+1 3.000000e+0
    endloop
  endfacet
  facet normal 1.709619e-1 9.852776e-1 0.000000e+0
    outer loop
      vertex 5.462529e+0 2.746199e+1 1.500000e+0
      vertex 4.108453e+0 2.769694e+1 1.500000e+0
      vertex 4.108453e+0 2.769694e+1 3.000000e+0
    endloop
  endfacet
  facet normal 1.709619e-1 9.852776e-1 0.000000e+0
    outer loop
      vertex 5.462529e+0 2.746199e+1 1.500000e+0
      vertex 4.108453e+0 2.769694e+1 3.000000e+0
      vertex 5.462529e+0 2.746199e+1 3.000000e+0
    endloop
  endfacet
  facet normal 1.224107e-1 9.924795e-1 0.000000e+0
    outer loop
      vertex 4.108453e+0 2.769694e+1 1.500000e+0
      vertex 2.744480e+0 2.786517e+1 1.500000e+0
      vertex 2.744480e+0 2.786517e+1 3.000000e+0
    endloop
  endfacet
  facet normal 1.224107e-1 9.924795e-1 0.000000e+0
    outer loop
      vertex 4.108453e+0 2.769694e+1 1.500000e+0
      vertex 2.744480e+0 2.786517e+1 3.000000e+0
      vertex 4.108453e+0 2.769694e+1 3.000000e+0
    endloop
  endfacet
  facet normal 7.356456e-2 9.972905e-1 0.000000e+0
    outer loop
      vertex 2.744480e+0 2.786517e+1 1.500000e+0
      vertex 1.373895e+0 2.796627e+1 1.500000e+0
      vertex 1.373895e+0 2.796627e+1 3.000000e+0
    endloop
  endfacet
  facet normal 7.356456e-2 9.972905e-1 0.000000e+0
    outer loop
      vertex 2.744480e+0 2.786517e+1 1.500000e+0
      vertex 1.373895e+0 2.796627e+1 3.000000e+0
      vertex 2.744480e+0 2.786517e+1 3.000000e+0
    endloop
  endfacet
  facet normal 2.454123e-2 9.996988e-1 0.000000e+0
    outer loop
      vertex 1.373895e+0 2.796627e+1 1.500000e+0
      vertex 1.714506e-15 2.800000e+1 1.500000e+0
      vertex 1.714506e-15 2.800000e+1 3.000000e+0
    endloop
  endfacet
  facet normal 2.454123e-2 9.996988e-1 0.000000e+0
    outer loop
      vertex 1.373895e+0 2.796627e+1 1.500000e+0
      vertex 1.714506e-15 2.800000e+1 3.000000e+0
      vertex 1.373895e+0 2.796627e+1 3.000000e+0
    endloop
  endfacet
  facet normal -2.454123e-2 9.996988e-1 0.000000e+0
    outer loop
      vertex 1.714506e-15 2.800000e+1 1.500000e+0
      vertex -1.373895e+0 2.796627e+1 1.500000e+0
      vertex -1.373895e+0 2.796627e+1 3.000000e+0
    endloop
  endfacet
  facet normal -2.454123e-2 9.996988e-1 0.000000e+0
    outer loop
      vertex 1.714506e-15 2.800000e+1 1.500000e+0
      vertex -1.373895e+0 2.796627e+1 3.000000e+0
      vertex 1.714506e-15 2.800000e+1 3.000000e+0
    endloop
  endfacet
  facet normal -7.356456e-2 9.972905e-1 0.000000e+0
    outer loop
      vertex -1.373895e+0 2.796627e+1 1.500000e+0
      vertex -2.744480e+0 2.786517e+1 1.500000e+0
      vertex -2.744480e+0 2.786517e+1 3.000000e+0
    endloop
  endfacet
  facet normal -7.356456e-2 9.972905e-1 0.000000e+0
    outer loop
      vertex -1.373895e+0 2.796627e+1 1.500000e+0
      vertex -2.744480e+0 2.786517e+1 3.000000e+0
      vertex -1.373895e+0 2.796627e+1 3.000000e+0
    endloop
  endfacet
  facet normal -1.224107e-1 9.924795e-1 0.000000e+0
    outer loop
      vertex -2.744480e+0 2.786517e+1 1.500000e+0
      vertex -4.108453e+0 2.769694e+1 1.500000e+0
      vertex -4.108453e+0 2.769694e+1 3.000000e+0
    endloop
  endfacet
  facet normal -1.224107e-1 9.924795e-1 0.000000e+0
    outer loop
      vertex -2.744480e+0 2.786517e+1 1.500000e+0
      vertex -4.108453e+0 2.769694e+1 3.000000e+0
      vertex -2.744480e+0 2.786517e+1 3.000000e+0
    endloop
  endfacet
  facet normal -1.709619e-1 9.852776e-1 0.000000e+0
    outer loop
      vertex -4.108453e+0 2.769694e+1 1.500000e+0
      vertex -5.462529e+0 2.746199e+1 1.500000e+0
      vertex -5.462529e+0 2.746199e+1 3.000000e+0
    endloop
  endfacet
  facet normal -1.709619e-1 9.852776e-1 0.000000e+0
    outer loop
      vertex -4.108453e+0 2.769694e+1 1.500000e+0
      vertex -5.462529e+0 2.746199e+1 3.000000e+0
      vertex -4.108453e+0 2.769694e+1 3.000000e+0
    endloop
  endfacet
  facet normal -2.191012e-1 9.757021e-1 0.000000e+0
    outer loop
      vertex -5.462529e+0 2.746199e+1 1.500000e+0
      vertex -6.803445e+0 2.716088e+1 1.500000e+0
      vertex -6.803445e+0 2.716088e+1 3.000000e+0
    endloop
  endfacet
  facet normal -2.191012e-1 9.757021e-1 0.000000e+0
    outer loop
      vertex -5.462529e+0 2.746199e+1 1.500000e+0
      vertex -6.803445e+0 2.716088e+1 3.000000e+0
      vertex -5.462529e+0 2.746199e+1 3.000000e+0
    endloop
  endfacet
  facet normal -2.667128e-1 9.637761e-1 0.000000e+0
    outer loop
      vertex -6.803445e+0 2.716088e+1 1.500000e+0
      vertex -8.127971e+0 2.679433e+1 1.500000e+0
      vertex -8.127971e+0 2.679433e+1 3.000000e+0
    endloop
  endfacet
  facet normal -2.667128e-1 9.637761e-1 0.000000e+0
    outer loop
      vertex -6.803445e+0 2.716088e+1 1.500000e+0
      vertex -8.127971e+0 2.679433e+1 3.000000e+0
      vertex -6.803445e+0 2.716088e+1 3.000000e+0
    endloop
  endfacet
  facet normal -3.136817e-1 9.495282e-1 0.000000e+0
    outer loop
      vertex -8.127971e+0 2.679433e+1 1.500000e+0
      vertex -9.432916e+0 2.636323e+1 1.500000e+0
      vertex -9.432916e+0 2.636323e+1 3.000000e+0
    endloop
  endfacet
  facet normal -3.136817e-1 9.495282e-1 0.000000e+0
    outer loop
      vertex -8.127971e+0 2.679433e+1 1.500000e+0
      vertex -9.432916e+0 2.636323e+1 3.000000e+0
      vertex -8.127971e+0 2.679433e+1 3.000000e+0
    endloop
  endfacet
  facet normal -3.598950e-1 9.329928e-1 0.000000e+0
    outer loop
      vertex -9.432916e+0 2.636323e+1 1.500000e+0
      vertex -1.071514e+1 2.586863e+1 1.500000e+0
      vertex -1.071514e+1 2.586863e+1 3.000000e+0
    endloop
  endfacet
  facet normal -3.598950e-1 9.329928e-1 0.000000e+0
    outer loop
      vertex -9.432916e+0 2.636323e+1 1.500000e+0
      vertex -1.071514e+1 2.586863e+1 3.000000e+0
      vertex -9.432916e+0 2.636323e+1 3.000000e+0
    endloop
  endfacet
  facet normal -4.052413e-1 9.142098e-1 0.000000e+0
    outer loop
      vertex -1.071514e+1 2.586863e+1 1.500000e+0
      vertex -1.197154e+1 2.531170e+1 1.500000e+0
      vertex -1.197154e+1 2.531170e+1 3.000000e+0
    endloop
  endfacet
  facet normal -4.052413e-1 9.142098e-1 0.000000e+0
    outer loop
      vertex -1.071514e+1 2.586863e+1 1.500000e+0
      vertex -1.197154e+1 2.531170e+1 3.000000e+0
      vertex -1.071514e+1 2.586863e+1 3.000000e+0
    endloop
  endfacet
  facet normal -4.496113e-1 8.932243e-1 0.000000e+0
    outer loop
      vertex -1.197154e+1 2.531170e+1 1.500000e+0
      vertex -1.319911e+1 2.469380e+1 1.500000e+0
      vertex -1.319911e+1 2.469380e+1 3.000000e+0
    endloop
  endfacet
  facet normal -4.496113e-1 8.932243e-1 0.000000e+0
    outer loop
      vertex -1.197154e+1 2.531170e+1 1.500000e+0
      vertex -1.319911e+1 2.469380e+1 3.000000e+0
      vertex -1.197154e+1 2.531170e+1 3.000000e+0
    endloop
  endfacet
  facet normal -4.928982e-1 8.700870e-1 0.000000e+0
    outer loop
      vertex -1.319911e+1 2.469380e+1 1.500000e+0
      vertex -1.439488e+1 2.401640e+1 1.500000e+0
      vertex -1.439488e+1 2.401640e+1 3.000000e+0
    endloop
  endfacet
  facet normal -4.928982e-1 8.700870e-1 0.000000e+0
    outer loop
      vertex -1.319911e+1 2.469380e+1 1.500000e+0
      vertex -1.439488e+1 2.401640e+1 3.000000e+0
      vertex -1.319911e+1 2.469380e+1 3.000000e+0
    endloop
  endfacet
  facet normal -5.349976e-1 8.448536e-1 0.000000e+0
    outer loop
      vertex -1.439488e+1 2.401640e+1 1.500000e+0
      vertex -1.555597e+1 2.328115e+1 1.500000e+0
      vertex -1.555597e+1 2.328115e+1 3.000000e+0
    endloop
  endfacet
  facet normal -5.349976e-1 8.448536e-1 0.000000e+0
    outer loop
      vertex -1.439488e+1 2.401640e+1 1.500000e+0
      vertex -1.555597e+1 2.328115e+1 3.000000e+0
      vertex -1.439488e+1 2.401640e+1 3.000000e+0
    endloop
  endfacet
  facet normal -5.758082e-1 8.175848e-1 0.000000e+0
    outer loop
      vertex -1.555597e+1 2.328115e+1 1.500000e+0
      vertex -1.667958e+1 2.248981e+1 1.500000e+0
      vertex -1.667958e+1 2.248981e+1 3.000000e+0
    endloop
  endfacet
  facet normal -5.758082e-1 8.175848e-1 0.000000e+0
    outer loop
      vertex -1.555597e+1 2.328115e+1 1.500000e+0
      vertex -1.667958e+1 2.248981e+1 3.000000e+0
      vertex -1.555597e+1 2.328115e+1 3.000000e+0
    endloop
  endfacet
  facet normal -6.152316e-1 7.883464e-1 0.000000e+0
    outer loop
      vertex -1.667958e+1 2.248981e+1 1.500000e+0
      vertex -1.776301e+1 2.164429e+1 1.500000e+0
      vertex -1.776301e+1 2.164429e+1 3.000000e+0
    endloop
  endfacet
  facet normal -6.152316e-1 7.883464e-1 0.000000e+0
    outer loop
      vertex -1.667958e+1 2.248981e+1 1.500000e+0
      vertex -1.776301e+1 2.164429e+1 3.000000e+0
      vertex -1.667958e+1 2.248981e+1 3.000000e+0
    endloop
  endfacet
  facet normal -6.531728e-1 7.572088e-1 0.000000e+0
    outer loop
      vertex -1.776301e+1 2.164429e+1 1.500000e+0
      vertex -1.880365e+1 2.074663e+1 1.500000e+0
      vertex -1.880365e+1 2.074663e+1 3.000000e+0
    endloop
  endfacet
  facet normal -6.531728e-1 7.572088e-1 0.000000e+0
    outer loop
      vertex -1.776301e+1 2.164429e+1 1.500000e+0
      vertex -1.880365e+1 2.074663e+1 3.000000e+0
      vertex -1.776301e+1 2.164429e+1 3.000000e+0
    endloop
  endfacet
  facet normal -6.895405e-1 7.242471e-1 0.000000e+0
    outer loop
      vertex -1.880365e+1 2.074663e+1 1.500000e+0
      vertex -1.979899e+1 1.979899e+1 1.500000e+0
      vertex -1.979899e+1 1.979899e+1 3.000000e+0
    endloop
  endfacet
  facet normal -6.895405e-1 7.242471e-1 0.000000e+0
    outer loop
      vertex -1.880365e+1 2.074663e+1 1.500000e+0
      vertex -1.979899e+1 1.979899e+1 3.000000e+0
      vertex -1.880365e+1 2.074663e+1 3.000000e+0
    endloop
  endfacet
  facet normal -7.242471e-1 6.895405e-1 0.000000e+0
    outer loop
      vertex -1.979899e+1 1.979899e+1 1.500000e+0
      vertex -2.074663e+1 1.880365e+1 1.500000e+0
      vertex -2.074663e+1 1.880365e+1 3.000000e+0
    endloop
  endfacet
  facet normal -7.242471e-1 6.895405e-1 0.000000e+0
    outer loop
      vertex -1.979899e+1 1.979899e+1 1.500000e+0
      vertex -2.074663e+1 1.880365e+1 3.000000e+0
      vertex -1.979899e+1 1.979899e+1 3.000000e+0
    endloop
  endfacet
  facet normal -7.572088e-1 6.531728e-1 0.000000e+0
    outer loop
      vertex -2.074663e+1 1.880365e+1 1.500000e+0
      vertex -2.164429e+1 1.776301e+1 1.500000e+0
      vertex -2.164429e+1 1.776301e+1 3.000000e+0
    endloop
  endfacet
  facet normal -7.572088e-1 6.531728e-1 0.000000e+0
    outer loop
      vertex -2.074663e+1 1.880365e+1 1.500000e+0
      vertex -2.164429e+1 1.776301e+1 3.000000e+0
      vertex -2.074663e+1 1.880365e+1 3.000000e+0
    endloop
  endfacet
  facet normal -7.883464e-1 6.152316e-1 0.000000e+0
    outer loop
      vertex -2.164429e+1 1.776301e+1 1.500000e+0
      vertex -2.248981e+1 1.667958e+1 1.500000e+0
      vertex -2.248981e+1 1.667958e+1 3.000000e+0
    endloop
  endfacet
  facet normal -7.883464e-1 6.152316e-1 0.000000e+0
    outer loop
      vertex -2.164429e+1 1.776301e+1 1.500000e+0
      vertex -2.248981e+1 1.667958e+1 3.000000e+0
      vertex -2.164429e+1 1.776301e+1 3.000000e+0
    endloop
  endfacet
  facet normal -8.175848e-1 5.758082e-1 0.000000e+0
    outer loop
      vertex -2.248981e+1 1.667958e+1 1.500000e+0
      vertex -2.328115e+1 1.555597e+1 1.500000e+0
      vertex -2.328115e+1 1.555597e+1 3.000000e+0
    endloop
  endfacet
  facet normal -8.175848e-1 5.758082e-1 0.000000e+0
    outer loop
      vertex -2.248981e+1 1.667958e+1 1.500000e+0
      vertex -2.328115e+1 1.555597e+1 3.000000e+0
      vertex -2.248981e+1 1.667958e+1 3.000000e+0
    endloop
  endfacet
  facet normal -8.448536e-1 5.349976e-1 0.000000e+0
    outer loop
      vertex -2.328115e+1 1.555597e+1 1.500000e+0
      vertex -2.401640e+1 1.439488e+1 1.500000e+0
      vertex -2.401640e+1 1.439488e+1 3.000000e+0
    endloop
  endfacet
  facet normal -8.448536e-1 5.349976e-1 0.000000e+0
    outer loop
      vertex -2.328115e+1 1.555597e+1 1.500000e+0
      vertex -2.401640e+1 1.439488e+1 3.000000e+0
      vertex -2.328115e+1 1.555597e+1 3.000000e+0
    endloop
  endfacet
  facet normal -8.700870e-1 4.928982e-1 0.000000e+0
    outer loop
      vertex -2.401640e+1 1.439488e+1 1.500000e+0
      vertex -2.469380e+1 1.319911e+1 1.500000e+0
      vertex -2.469380e+1 1.319911e+1 3.000000e+0
    endloop
  endfacet
  facet normal -8.700870e-1 4.928982e-1 0.000000e+0
    outer loop
      vertex -2.401640e+1 1.439488e+1 1.500000e+0
      vertex -2.469380e+1 1.319911e+1 3.000000e+0
      vertex -2.401640e+1 1.439488e+1 3.000000e+0
    endloop
  endfacet
  facet normal -8.932243e-1 4.496113e-1 0.000000e+0
    outer loop
      vertex -2.469380e+1 1.319911e+1 1.500000e+0
      vertex -2.531170e+1 1.197154e+1 1.500000e+0
      vertex -2.531170e+1 1.197154e+1 3.000000e+0
    endloop
  endfacet
  facet normal -8.932243e-1 4.496113e-1 0.000000e+0
    outer loop
      vertex -2.469380e+1 1.319911e+1 1.500000e+0
      vertex -2.531170e+1 1.197154e+1 3.000000e+0
      vertex -2.469380e+1 1.319911e+1 3.000000e+0
    endloop
  endfacet
  facet normal -9.142098e-1 4.052413e-1 0.000000e+0
    outer loop
      vertex -2.531170e+1 1.197154e+1 1.500000e+0
      vertex -2.586863e+1 1.071514e+1 1.500000e+0
      vertex -2.586863e+1 1.071514e+1 3.000000e+0
    endloop
  endfacet
  facet normal -9.142098e-1 4.052413e-1 0.000000e+0
    outer loop
      vertex -2.531170e+1 1.197154e+1 1.500000e+0
      vertex -2.586863e+1 1.071514e+1 3.000000e+0
      vertex -2.531170e+1 1.197154e+1 3.000000e+0
    endloop
  endfacet
  facet normal -9.329928e-1 3.598950e-1 0.000000e+0
    outer loop
      vertex -2.586863e+1 1.071514e+1 1.500000e+0
      vertex -2.636323e+1 9.432916e+0 1.500000e+0
      vertex -2.636323e+1 9.432916e+0 3.000000e+0
    endloop
  endfacet
  facet normal -9.329928e-1 3.598950e-1 0.000000e+0
    outer loop
      vertex -2.586863e+1 1.071514e+1 1.500000e+0
      vertex -2.636323e+1 9.432916e+0 3.000000e+0
      vertex -2.586863e+1 1.071514e+1 3.000000e+0
    endloop
  endfacet
  facet normal -9.495282e-1 3.136817e-1 0.000000e+0
    outer loop
      vertex -2.636323e+1 9.432916e+0 1.500000e+0
      vertex -2.679433e+1 8.127971e+0 1.500000e+0
      vertex -2.679433e+1 8.127971e+0 3.000000e+0
    endloop
  endfacet
  facet normal -9.495282e-1 3.136817e-1 0.000000e+0
    outer loop
      vertex -2.636323e+1 9.432916e+0 1.500000e+0
      vertex -2.679433e+1 8.127971e+0 3.000000e+0
      vertex -2.636323e+1 9.432916e+0 3.000000e+0
    endloop
  endfacet
  facet normal -9.637761e-1 2.667128e-1 0.000000e+0
    outer loop
      vertex -2.679433e+1 8.127971e+0 1.500000e+0
      vertex -2.716088e+1 6.803445e+0 1.500000e+0
      vertex -2.716088e+1 6.803445e+0 3.000000e+0
    endloop
  endfacet
  facet normal -9.637761e-1 2.667128e-1 0.000000e+0
    outer loop
      vertex -2.679433e+1 8.127971e+0 1.500000e+0
      vertex -2.716088e+1 6.803445e+0 3.000000e+0
      vertex -2.679433e+1 8.127971e+0 3.000000e+0
    endloop
  endfacet
  facet normal -9.757021e-1 2.191012e-1 0.000000e+0
    outer loop
      vertex -2.716088e+1 6.803445e+0 1.500000e+0
      vertex -2.746199e+1 5.462529e+0 1.500000e+0
      vertex -2.746199e+1 5.462529e+0 3.000000e+0
    endloop
  endfacet
  facet normal -9.757021e-1 2.191012e-1 0.000000e+0
    outer loop
      vertex -2.716088e+1 6.803445e+0 1.500000e+0
      vertex -2.746199e+1 5.462529e+0 3.000000e+0
      vertex -2.716088e+1 6.803445e+0 3.000000e+0
    endloop
  endfacet
  facet normal -9.852776e-1 1.709619e-1 0.000000e+0
    outer loop
      vertex -2.746199e+1 5.462529e+0 1.500000e+0
      vertex -2.769694e+1 4.108453e+0 1.500000e+0
      vertex -2.769694e+1 4.108453e+0 3.000000e+0
    endloop
  endfacet
  facet normal -9.852776e-1 1.709619e-1 0.000000e+0
    outer loop
      vertex -2.746199e+1 5.462529e+0 1.500000e+0
      vertex -2.769694e+1 4.108453e+0 3.000000e+0
      vertex -2.746199e+1 5.462529e+0 3.000000e+0
    endloop
  endfacet
  facet normal -9.924795e-1 1.224107e-1 0.000000e+0
    outer loop
      vertex -2.769694e+1 4.108453e+0 1.500000e+0
      vertex -2.786517e+1 2.744480e+0 1.500000e+0
      vertex -2.786517e+1 2.744480e+0 3.000000e+0
    endloop
  endfacet
  facet normal -9.924795e-1 1.224107e-1 0.000000e+0
    outer loop
      vertex -2.769694e+1 4.108453e+0 1.500000e+0
      vertex -2.786517e+1 2.744480e+0 3.000000e+0
      vertex -2.769694e+1 4.108453e+0 3.000000e+0
    endloop
  endfacet
  facet normal -9.972905e-1 7.356456e-2 0.000000e+0
    outer loop
      vertex -2.786517e+1 2.744480e+0 1.500000e+0
      vertex -2.796627e+1 1.373895e+0 1.500000e+0
      vertex -2.796627e+1 1.373895e+0 3.000000e+0
    endloop
  endfacet
  facet normal -9.972905e-1 7.356456e-2 0.000000e+0
    outer loop
      vertex -2.786517e+1 2.744480e+0 1.500000e+0
      vertex -2.796627e+1 1.373895e+0 3.000000e+0
      vertex -2.786517e+1 2.744480e+0 3.000000e+0
    endloop
  endfacet
  facet normal -9.996988e-1 2.454123e-2 0.000000e+0
    outer loop
      vertex -2.796627e+1 1.373895e+0 1.500000e+0
      vertex -2.800000e+1 3.429011e-15 1.500000e+0
      vertex -2.800000e+1 3.429011e-15 3.000000e+0
    endloop
  endfacet
  facet normal -9.996988e-1 2.454123e-2 0.000000e+0
    outer loop
      vertex -2.796627e+1 1.373895e+0 1.500000e+0
      vertex -2.800000e+1 3.429011e-15 3.000000e+0
      vertex -2.796627e+1 1.373895e+0 3.000000e+0
    endloop
  endfacet
  facet normal -9.996988e-1 -2.454123e-2 0.000000e+0
    outer loop
      vertex -2.800000e+1 3.429011e-15 1.500000e+0
      vertex -2.796627e+1 -1.373895e+0 1.500000e+0
      vertex -2.796627e+1 -1.373895e+0 3.000000e+0
    endloop
  endfacet
  facet normal -9.996988e-1 -2.454123e-2 0.000000e+0
    outer loop
      vertex -2.800000e+1 3.429011e-15 1.500000e+0
      vertex -2.796627e+1 -1.373895e+0 3.000000e+0
      vertex -2.800000e+1 3.429011e-15 3.000000e+0
    endloop
  endfacet
  facet normal -9.972905e-1 -7.356456e-2 0.000000e+0
    outer loop
      vertex -2.796627e+1 -1.373895e+0 1.500000e+0
      vertex -2.786517e+1 -2.744480e+0 1.500000e+0
      vertex -2.786517e+1 -2.744480e+0 3.000000e+0
    endloop
  endfacet
  facet normal -9.972905e-1 -7.356456e-2 0.000000e+0
    outer loop
      vertex -2.796627e+1 -1.373895e+0 1.500000e+0
      vertex -2.786517e+1 -2.744480e+0 3.000000e+0
      vertex -2.796627e+1 -1.373895e+0 3.000000e+0
    endloop
  endfacet
  facet normal -9.924795e-1 -1.224107e-1 0.000000e+0
    outer loop
      vertex -2.786517e+1 -2.744480e+0 1.500000e+0
      vertex -2.769694e+1 -4.108453e+0 1.500000e+0
      vertex -2.769694e+1 -4.108453e+0 3.000000e+0
    endloop
  endfacet
  facet normal -9.924795e-1 -1.224107e-1 0.000000e+0
    outer loop
      vertex -2.786517e+1 -2.744480e+0 1.500000e+0
      vertex -2.769694e+1 -4.108453e+0 3.000000e+0
      vertex -2.786517e+1 -2.744480e+0 3.000000e+0
    endloop
  endfacet
  facet normal -9.852776e-1 -1.709619e-1 0.000000e+0
    outer loop
      vertex -2.769694e+1 -4.108453e+0 1.500000e+0
      vertex -2.746199e+1 -5.462529e+0 1.500000e+0
      vertex -2.746199e+1 -5.462529e+0 3.000000e+0
    endloop
  endfacet
  facet normal -9.852776e-1 -1.709619e-1 0.000000e+0
    outer loop
      vertex -2.769694e+1 -4.108453e+0 1.500000e+0
      vertex -2.746199e+1 -5.462529e+0 3.000000e+0
      vertex -2.769694e+1 -4.108453e+0 3.000000e+0
    endloop
  endfacet
  facet normal -9.757021e-1 -2.191012e-1 0.000000e+0
    outer loop
      vertex -2.746199e+1 -5.462529e+0 1.500000e+0
      vertex -2.716088e+1 -6.803445e+0 1.500000e+0
      vertex -2.716088e+1 -6.803445e+0 3.000000e+0
    endloop
  endfacet
  facet normal -9.757021e-1 -2.191012e-1 0.000000e+0
    outer loop
      vertex -2.746199e+1 -5.462529e+0 1.500000e+0
      vertex -2.716088e+1 -6.803445e+0 3.000000e+0
      vertex -2.746199e+1 -5.462529e+0 3.000000e+0
    endloop
  endfacet
  facet normal -9.637761e-1 -2.667128e-1 0.000000e+0
    outer loop
      vertex -2.716088e+1 -6.803445e+0 1.500000e+0
      vertex -2.679433e+1 -8.127971e+0 1.500000e+0
      vertex -2.679433e+1 -8.127971e+0 3.000000e+0
    endloop
  endfacet
  facet normal -9.637761e-1 -2.667128e-1 0.000000e+0
    outer loop
      vertex -2.716088e+1 -6.803445e+0 1.500000e+0
      vertex -2.679433e+1 -8.127971e+0 3.000000e+0
      vertex -2.716088e+1 -6.803445e+0 3.000000e+0
    endloop
  endfacet
  facet normal -9.495282e-1 -3.136817e-1 0.000000e+0
    outer loop
      vertex -2.679433e+1 -8.127971e+0 1.500000e+0
      vertex -2.636323e+1 -9.432916e+0 1.500000e+0
      vertex -2.636323e+1 -9.432916e+0 3.000000e+0
    endloop
  endfacet
  facet normal -9.495282e-1 -3.136817e-1 0.000000e+0
    outer loop
      vertex -2.679433e+1 -8.127971e+0 1.500000e+0
      vertex -2.636323e+1 -9.432916e+0 3.000000e+0
      vertex -2.679433e+1 -8.127971e+0 3.000000e+0
    endloop
  endfacet
  facet normal -9.329928e-1 -3.598950e-1 0.000000e+0
    outer loop
      vertex -2.636323e+1 -9.432916e+0 1.500000e+0
      vertex -2.586863e+1 -1.071514e+1 1.500000e+0
      vertex -2.586863e+1 -1.071514e+1 3.000000e+0
    endloop
  endfacet
  facet normal -9.329928e-1 -3.598950e-1 0.000000e+0
    outer loop
      vertex -2.636323e+1 -9.432916e+0 1.500000e+0
      vertex -2.586863e+1 -1.071514e+1 3.000000e+0
      vertex -2.636323e+1 -9.432916e+0 3.000000e+0
    endloop
  endfacet
  facet normal -9.142098e-1 -4.052413e-1 0.000000e+0
    outer loop
      vertex -2.586863e+1 -1.071514e+1 1.500000e+0
      vertex -2.531170e+1 -1.197154e+1 1.500000e+0
      vertex -2.531170e+1 -1.197154e+1 3.000000e+0
    endloop
  endfacet
  facet normal -9.142098e-1 -4.052413e-1 0.000000e+0
    outer loop
      vertex -2.586863e+1 -1.071514e+1 1.500000e+0
      vertex -2.531170e+1 -1.197154e+1 3.000000e+0
      vertex -2.586863e+1 -1.071514e+1 3.000000e+0
    endloop
  endfacet
  facet normal -8.932243e-1 -4.496113e-1 0.000000e+0
    outer loop
      vertex -2.531170e+1 -1.197154e+1 1.500000e+0
      vertex -2.469380e+1 -1.319911e+1 1.500000e+0
      vertex -2.469380e+1 -1.319911e+1 3.000000e+0
    endloop
  endfacet
  facet normal -8.932243e-1 -4.496113e-1 0.000000e+0
    outer loop
      vertex -2.531170e+1 -1.197154e+1 1.500000e+0
      vertex -2.469380e+1 -1.319911e+1 3.000000e+0
      vertex -2.531170e+1 -1.197154e+1 3.000000e+0
    endloop
  endfacet
  facet normal -8.700870e-1 -4.928982e-1 0.000000e+0
    outer loop
      vertex -2.469380e+1 -1.319911e+1 1.500000e+0
      vertex -2.401640e+1 -1.439488e+1 1.500000e+0
      vertex -2.401640e+1 -1.439488e+1 3.000000e+0
    endloop
  endfacet
  facet normal -8.700870e-1 -4.928982e-1 0.000000e+0
    outer loop
      vertex -2.469380e+1 -1.319911e+1 1.500000e+0
      vertex -2.401640e+1 -1.439488e+1 3.000000e+0
      vertex -2.469380e+1 -1.319911e+1 3.000000e+0
    endloop
  endfacet
  facet normal -8.448536e-1 -5.349976e-1 0.000000e+0
    outer loop
      vertex -2.401640e+1 -1.439488e+1 1.500000e+0
      vertex -2.328115e+1 -1.555597e+1 1.500000e+0
      vertex -2.328115e+1 -1.555597e+1 3.000000e+0
    endloop
  endfacet
  facet normal -8.448536e-1 -5.349976e-1 0.000000e+0
    outer loop
      vertex -2.401640e+1 -1.439488e+1 1.500000e+0
      vertex -2.328115e+1 -1.555597e+1 3.000000e+0
      vertex -2.401640e+1 -1.439488e+1 3.000000e+0
    endloop
  endfacet
  facet normal -8.175848e-1 -5.758082e-1 0.000000e+0
    outer loop
      vertex -2.328115e+1 -1.555597e+1 1.500000e+0
      vertex -2.248981e+1 -1.667958e+1 1.500000e+0
      vertex -2.248981e+1 -1.667958e+1 3.000000e+0
    endloop
  endfacet
  facet normal -8.175848e-1 -5.758082e-1 0.000000e+0
    outer loop
      vertex -2.328115e+1 -1.555597e+1 1.500000e+0
      vertex -2.248981e+1 -1.667958e+1 3.000000e+0
      vertex -2.328115e+1 -1.555597e+1 3.000000e+0
    endloop
  endfacet
  facet normal -7.883464e-1 -6.152316e-1 0.000000e+0
    outer loop
      vertex -2.248981e+1 -1.667958e+1 1.500000e+0
      vertex -2.164429e+1 -1.776301e+1 1.500000e+0
      vertex -2.164429e+1 -1.776301e+1 3.000000e+0
    endloop
  endfacet
  facet normal -7.883464e-1 -6.152316e-1 0.000000e+0
    outer loop
      vertex -2.248981e+1 -1.667958e+1 1.500000e+0
      vertex -2.164429e+1 -1.776301e+1 3.000000e+0
      vertex -2.248981e+1 -1.667958e+1 3.000000e+0
    endloop
  endfacet
  facet normal -7.572088e-1 -6.531728e-1 0.000000e+0
    outer loop
      vertex -2.164429e+1 -1.776301e+1 1.500000e+0
      vertex -2.074663e+1 -1.880365e+1 1.500000e+0
      vertex -2.074663e+1 -1.880365e+1 3.000000e+0
    endloop
  endfacet
  facet normal -7.572088e-1 -6.531728e-1 0.000000e+0
    outer loop
      vertex -2.164429e+1 -1.776301e+1 1.500000e+0
      vertex -2.074663e+1 -1.880365e+1 3.000000e+0
      vertex -2.164429e+1 -1.776301e+1 3.000000e+0
    endloop
  endfacet
  facet normal -7.242471e-1 -6.895405e-1 0.000000e+0
    outer loop
      vertex -2.074663e+1 -1.880365e+1 1.500000e+0
      vertex -1.979899e+1 -1.979899e+1 1.500000e+0
      vertex -1.979899e+1 -1.979899e+1 3.000000e+0
    endloop
  endfacet
  facet normal -7.242471e-1 -6.895405e-1 0.000000e+0
    outer loop
      vertex -2.074663e+1 -1.880365e+1 1.500000e+0
      vertex -1.979899e+1 -1.979899e+1 3.000000e+0
      vertex -2.074663e+1 -1.880365e+1 3.000000e+0
    endloop
  endfacet
  facet normal -6.895405e-1 -7.242471e-1 0.000000e+0
    outer loop
      vertex -1.979899e+1 -1.979899e+1 1.500000e+0
      vertex -1.880365e+1 -2.074663e+1 1.500000e+0
      vertex -1.880365e+1 -2.074663e+1 3.000000e+0
    endloop
  endfacet
  facet normal -6.895405e-1 -7.242471e-1 0.000000e+0
    outer loop
      vertex -1.979899e+1 -1.979899e+1 1.500000e+0
      vertex -1.880365e+1 -2.074663e+1 3.000000e+0
      vertex -1.979899e+1 -1.979899e+1 3.000000e+0
    endloop
  endfacet
  facet normal -6.531728e-1 -7.572088e-1 0.000000e+0
    outer loop
      vertex -1.880365e+1 -2.074663e+1 1.500000e+0
      vertex -1.776301e+1 -2.164429e+1 1.500000e+0
      vertex -1.776301e+1 -2.164429e+1 3.000000e+0
    endloop
  endfacet
  facet normal -6.531728e-1 -7.572088e-1 0.000000e+0
    outer loop
      vertex -1.880365e+1 -2.074663e+1 1.500000e+0
      vertex -1.776301e+1 -2.164429e+1 3.000000e+0
      vertex -1.880365e+1 -2.074663e+1 3.000000e+0
    endloop
  endfacet
  facet normal -6.152316e-1 -7.883464e-1 0.000000e+0
    outer loop
      vertex -1.776301e+1 -2.164429e+1 1.500000e+0
      vertex -1.667958e+1 -2.248981e+1 1.500000e+0
      vertex -1.667958e+1 -2.248981e+1 3.000000e+0
    endloop
  endfacet
  facet normal -6.152316e-1 -7.883464e-1 0.000000e+0
    outer loop
      vertex -1.776301e+1 -2.164429e+1 1.500000e+0
      vertex -1.667958e+1 -2.248981e+1 3.000000e+0
      vertex -1.776301e+1 -2.164429e+1 3.000000e+0
    endloop
  endfacet
  facet normal -5.758082e-1 -8.175848e-1 0.000000e+0
    outer loop
      vertex -1.667958e+1 -2.248981e+1 1.500000e+0
      vertex -1.555597e+1 -2.328115e+1 1.500000e+0
      vertex -1.555597e+1 -2.328115e+1 3.000000e+0
    endloop
  endfacet
  facet normal -5.758082e-1 -8.175848e-1 0.000000e+0
    outer loop
      vertex -1.667958e+1 -2.248981e+1 1.500000e+0
      vertex -1.555597e+1 -2.328115e+1 3.000000e+0
      vertex -1.667958e+1 -2.248981e+1 3.000000e+0
    endloop
  endfacet
  facet normal -5.349976e-1 -8.448536e-1 0.000000e+0
    outer loop
      vertex -1.555597e+1 -2.328115e+1 1.500000e+0
      vertex -1.439488e+1 -2.401640e+1 1.500000e+0
      vertex -1.439488e+1 -2.401640e+1 3.000000e+0
    endloop
  endfacet
  facet normal -5.349976e-1 -8.448536e-1 0.000000e+0
    outer loop
      vertex -1.555597e+1 -2.328115e+1 1.500000e+0
      vertex -1.439488e+1 -2.401640e+1 3.000000e+0
      vertex -1.555597e+1 -2.328115e+1 3.000000e+0
    endloop
  endfacet
  facet normal -4.928982e-1 -8.700870e-1 0.000000e+0
    outer loop
      vertex -1.439488e+1 -2.401640e+1 1.500000e+0
      vertex -1.319911e+1 -2.469380e+1 1.500000e+0
      vertex -1.319911e+1 -2.469380e+1 3.000000e+0
    endloop
  endfacet
  facet normal -4.928982e-1 -8.700870e-1 0.000000e+0
    outer loop
      vertex -1.439488e+1 -2.401640e+1 1.500000e+0
      vertex -1.319911e+1 -2.469380e+1 3.000000e+0
      vertex -1.439488e+1 -2.401640e+1 3.000000e+0
    endloop
  endfacet
  facet normal -4.496113e-1 -8.932243e-1 0.000000e+0
    outer loop
      vertex -1.319911e+1 -2.469380e+1 1.500000e+0
      vertex -1.197154e+1 -2.531170e+1 1.500000e+0
      vertex -1.197154e+1 -2.531170e+1 3.000000e+0
    endloop
  endfacet
  facet normal -4.496113e-1 -8.932243e-1 0.000000e+0
    outer loop
      vertex -1.319911e+1 -2.469380e+1 1.500000e+0
      vertex -1.197154e+1 -2.531170e+1 3.000000e+0
      vertex -1.319911e+1 -2.469380e+1 3.000000e+0
    endloop
  endfacet
  facet normal -4.052413e-1 -9.142098e-1 0.000000e+0
    outer loop
      vertex -1.197154e+1 -2.531170e+1 1.500000e+0
      vertex -1.071514e+1 -2.586863e+1 1.500000e+0
      vertex -1.071514e+1 -2.586863e+1 3.000000e+0
    endloop
  endfacet
  facet normal -4.052413e-1 -9.142098e-1 0.000000e+0
    outer loop
      vertex -1.197154e+1 -2.531170e+1 1.500000e+0
      vertex -1.071514e+1 -2.586863e+1 3.000000e+0
      vertex -1.197154e+1 -2.531170e+1 3.000000e+0
    endloop
  endfacet
  facet normal -3.598950e-1 -9.329928e-1 0.000000e+0
    outer loop
      vertex -1.071514e+1 -2.586863e+1 1.500000e+0
      vertex -9.432916e+0 -2.636323e+1 1.500000e+0
      vertex -9.432916e+0 -2.636323e+1 3.000000e+0
    endloop
  endfacet
  facet normal -3.598950e-1 -9.329928e-1 0.000000e+0
    outer loop
      vertex -1.071514e+1 -2.586863e+1 1.500000e+0
      vertex -9.432916e+0 -2.636323e+1 3.000000e+0
      vertex -1.071514e+1 -2.586863e+1 3.000000e+0
    endloop
  endfacet
  facet normal -3.136817e-1 -9.495282e-1 0.000000e+0
    outer loop
      vertex -9.432916e+0 -2.636323e+1 1.500000e+0
      vertex -8.127971e+0 -2.679433e+1 1.500000e+0
      vertex -8.127971e+0 -2.679433e+1 3.000000e+0
    endloop
  endfacet
  facet normal -3.136817e-1 -9.495282e-1 0.000000e+0
    outer loop
      vertex -9.432916e+0 -2.636323e+1 1.500000e+0
      vertex -8.127971e+0 -2.679433e+1 3.000000e+0
      vertex -9.432916e+0 -2.636323e+1 3.000000e+0
    endloop
  endfacet
  facet normal -2.667128e-1 -9.637761e-1 0.000000e+0
    outer loop
      vertex -8.127971e+0 -2.679433e+1 1.500000e+0
      vertex -6.803445e+0 -2.716088e+1 1.500000e+0
      vertex -6.803445e+0 -2.716088e+1 3.000000e+0
    endloop
  endfacet
  facet normal -2.667128e-1 -9.637761e-1 0.000000e+0
    outer loop
      vertex -8.127971e+0 -2.679433e+1 1.500000e+0
      vertex -6.803445e+0 -2.716088e+1 3.000000e+0
      vertex -8.127971e+0 -2.679433e+1 3.000000e+0
    endloop
  endfacet
  facet normal -2.191012e-1 -9.757021e-1 0.000000e+0
    outer loop
      vertex -6.803445e+0 -2.716088e+1 1.500000e+0
      vertex -5.462529e+0 -2.746199e+1 1.500000e+0
      vertex -5.462529e+0 -2.746199e+1 3.000000e+0
    endloop
  endfacet
  facet normal -2.191012e-1 -9.757021e-1 0.000000e+0
    outer loop
      vertex -6.803445e+0 -2.716088e+1 1.500000e+0
      vertex -5.462529e+0 -2.746199e+1 3.000000e+0
      vertex -6.803445e+0 -2.716088e+1 3.000000e+0
    endloop
  endfacet
  facet normal -1.709619e-1 -9.852776e-1 0.000000e+0
    outer loop
      vertex -5.462529e+0 -2.746199e+1 1.500000e+0
      vertex -4.108453e+0 -2.769694e+1 1.500000e+0
      vertex -4.108453e+0 -2.769694e+1 3.000000e+0
    endloop
  endfacet
  facet normal -1.709619e-1 -9.852776e-1 0.000000e+0
    outer loop
      vertex -5.462529e+0 -2.746199e+1 1.500000e+0
      vertex -4.108453e+0 -2.769694e+1 3.000000e+0
      vertex -5.462529e+0 -2.746199e+1 3.000000e+0
    endloop
  endfacet
  facet normal -1.224107e-1 -9.924795e-1 0.000000e+0
    outer loop
      vertex -4.108453e+0 -2.769694e+1 1.500000e+0
      vertex -2.744480e+0 -2.786517e+1 1.500000e+0
      vertex -2.744480e+0 -2.786517e+1 3.000000e+0
    endloop
  endfacet
  facet normal -1.224107e-1 -9.924795e-1 0.000000e+0
    outer loop
      vertex -4.108453e+0 -2.769694e+1 1.500000e+0
      vertex -2.744480e+0 -2.786517e+1 3.000000e+0
      vertex -4.108453e+0 -2.769694e+1 3.000000e+0
    endloop
  endfacet
  facet normal -7.356456e-2 -9.972905e-1 0.000000e+0
    outer loop
      vertex -2.744480e+0 -2.786517e+1 1.500000e+0
      vertex -1.373895e+0 -2.796627e+1 1.500000e+0
      vertex -1.373895e+0 -2.796627e+1 3.000000e+0
    endloop
  endfacet
  facet normal -7.356456e-2 -9.972905e-1 0.000000e+0
    outer loop
      vertex -2.744480e+0 -2.786517e+1 1.500000e+0
      vertex -1.373895e+0 -2.796627e+1 3.000000e+0
      vertex -2.744480e+0 -2.786517e+1 3.000000e+0
    endloop
  endfacet
  facet normal -2.454123e-2 -9.996988e-1 0.000000e+0
    outer loop
      vertex -1.373895e+0 -2.796627e+1 1.500000e+0
      vertex -5.143517e-15 -2.800000e+1 1.500000e+0
      vertex -5.143517e-15 -2.800000e+1 3.000000e+0
    endloop
  endfacet
  facet normal -2.454123e-2 -9.996988e-1 0.000000e+0
    outer loop
      vertex -1.373895e+0 -2.796627e+1 1.500000e+0
      vertex -5.143517e-15 -2.800000e+1 3.000000e+0
      vertex -1.373895e+0 -2.796627e+1 3.000000e+0
    endloop
  endfacet
  facet normal 2.454123e-2 -9.996988e-1 0.000000e+0
    outer loop
      vertex -5.143517e-15 -2.800000e+1 1.500000e+0
      vertex 1.373895e+0 -2.796627e+1 1.500000e+0
      vertex 1.373895e+0 -2.796627e+1 3.000000e+0
    endloop
  endfacet
  facet normal 2.454123e-2 -9.996988e-1 0.000000e+0
    outer loop
      vertex -5.143517e-15 -2.800000e+1 1.500000e+0
      vertex 1.373895e+0 -2.796627e+1 3.000000e+0
      vertex -5.143517e-15 -2.800000e+1 3.000000e+0
    endloop
  endfacet
  facet normal 7.356456e-2 -9.972905e-1 0.000000e+0
    outer loop
      vertex 1.373895e+0 -2.796627e+1 1.500000e+0
      vertex 2.744480e+0 -2.786517e+1 1.500000e+0
      vertex 2.744480e+0 -2.786517e+1 3.000000e+0
    endloop
  endfacet
  facet normal 7.356456e-2 -9.972905e-1 0.000000e+0
    outer loop
      vertex 1.373895e+0 -2.796627e+1 1.500000e+0
      vertex 2.744480e+0 -2.786517e+1 3.000000e+0
      vertex 1.373895e+0 -2.796627e+1 3.000000e+0
    endloop
  endfacet
  facet normal 1.224107e-1 -9.924795e-1 0.000000e+0
    outer loop
      vertex 2.744480e+0 -2.786517e+1 1.500000e+0
      vertex 4.108453e+0 -2.769694e+1 1.500000e+0
      vertex 4.108453e+0 -2.769694e+1 3.000000e+0
    endloop
  endfacet
  facet normal 1.224107e-1 -9.924795e-1 0.000000e+0
    outer loop
      vertex 2.744480e+0 -2.786517e+1 1.500000e+0
      vertex 4.108453e+0 -2.769694e+1 3.000000e+0
      vertex 2.744480e+0 -2.786517e+1 3.000000e+0
    endloop
  endfacet
  facet normal 1.709619e-1 -9.852776e-1 0.000000e+0
    outer loop
      vertex 4.108453e+0 -2.769694e+1 1.500000e+0
      vertex 5.462529e+0 -2.746199e+1 1.500000e+0
      vertex 5.462529e+0 -2.746199e+1 3.000000e+0
    endloop
  endfacet
  facet normal 1.709619e-1 -9.852776e-1 0.000000e+0
    outer loop
      vertex 4.108453e+0 -2.769694e+1 1.500000e+0
      vertex 5.462529e+0 -2.746199e+1 3.000000e+0
      vertex 4.108453e+0 -2.769694e+1 3.000000e+0
    endloop
  endfacet
  facet normal 2.191012e-1 -9.757021e-1 0.000000e+0
    outer loop
      vertex 5.462529e+0 -2.746199e+1 1.500000e+0
      vertex 6.803445e+0 -2.716088e+1 1.500000e+0
      vertex 6.803445e+0 -2.716088e+1 3.000000e+0
    endloop
  endfacet
  facet normal 2.191012e-1 -9.757021e-1 0.000000e+0
    outer loop
      vertex 5.462529e+0 -2.746199e+1 1.500000e+0
      vertex 6.803445e+0 -2.716088e+1 3.000000e+0
      vertex 5.462529e+0 -2.746199e+1 3.000000e+0
    endloop
  endfacet
  facet normal 2.667128e-1 -9.637761e-1 0.000000e+0
    outer loop
      vertex 6.803445e+0 -2.716088e+1 1.500000e+0
      vertex 8.127971e+0 -2.679433e+1 1.500000e+0
      vertex 8.127971e+0 -2.679433e+1 3.000000e+0
    endloop
  endfacet
  facet normal 2.667128e-1 -9.637761e-1 0.000000e+0
    outer loop
      vertex 6.803445e+0 -2.716088e+1 1.500000e+0
      vertex 8.127971e+0 -2.679433e+1 3.000000e+0
      vertex 6.803445e+0 -2.716088e+1 3.000000e+0
    endloop
  endfacet
  facet normal 3.136817e-1 -9.495282e-1 0.000000e+0
    outer loop
      vertex 8.127971e+0 -2.679433e+1 1.500000e+0
      vertex 9.432916e+0 -2.636323e+1 1.500000e+0
      vertex 9.432916e+0 -2.636323e+1 3.000000e+0
    endloop
  endfacet
  facet normal 3.136817e-1 -9.495282e-1 0.000000e+0
    outer loop
      vertex 8.127971e+0 -2.679433e+1 1.500000e+0
      vertex 9.432916e+0 -2.636323e+1 3.000000e+0
      vertex 8.127971e+0 -2.679433e+1 3.000000e+0
    endloop
  endfacet
  facet normal 3.598950e-1 -9.329928e-1 0.000000e+0
    outer loop
      vertex 9.432916e+0 -2.636323e+1 1.500000e+0
      vertex 1.071514e+1 -2.586863e+1 1.500000e+0
      vertex 1.071514e+1 -2.586863e+1 3.000000e+0
    endloop
  endfacet
  facet normal 3.598950e-1 -9.329928e-1 0.000000e+0
    outer loop
      vertex 9.432916e+0 -2.636323e+1 1.500000e+0
      vertex 1.071514e+1 -2.586863e+1 3.000000e+0
      vertex 9.432916e+0 -2.636323e+1 3.000000e+0
    endloop
  endfacet
  facet normal 4.052413e-1 -9.142098e-1 0.000000e+0
    outer loop
      vertex 1.071514e+1 -2.586863e+1 1.500000e+0
      vertex 1.197154e+1 -2.531170e+1 1.500000e+0
      vertex 1.197154e+1 -2.531170e+1 3.000000e+0
    endloop
  endfacet
  facet normal 4.052413e-1 -9.142098e-1 0.000000e+0
    outer loop
      vertex 1.071514e+1 -2.586863e+1 1.500000e+0
      vertex 1.197154e+1 -2.531170e+1 3.000000e+0
      vertex 1.071514e+1 -2.586863e+1 3.000000e+0
    endloop
  endfacet
  facet normal 4.496113e-1 -8.932243e-1 0.000000e+0
    outer loop
      vertex 1.197154e+1 -2.531170e+1 1.500000e+0
      vertex 1.319911e+1 -2.469380e+1 1.500000e+0
      vertex 1.319911e+1 -2.469380e+1 3.000000e+0
    endloop
  endfacet
  facet normal 4.496113e-1 -8.932243e-1 0.000000e+0
    outer loop
      vertex 1.197154e+1 -2.531170e+1 1.500000e+0
      vertex 1.319911e+1 -2.469380e+1 3.000000e+0
      vertex 1.197154e+1 -2.531170e+1 3.000000e+0
    endloop
  endfacet
  facet normal 4.928982e-1 -8.700870e-1 0.000000e+0
    outer loop
      vertex 1.319911e+1 -2.469380e+1 1.500000e+0
      vertex 1.439488e+1 -2.401640e+1 1.500000e+0
      vertex 1.439488e+1 -2.401640e+1 3.000000e+0
    endloop
  endfacet
  facet normal 4.928982e-1 -8.700870e-1 0.000000e+0
    outer loop
      vertex 1.319911e+1 -2.469380e+1 1.500000e+0
      vertex 1.439488e+1 -2.401640e+1 3.000000e+0
      vertex 1.319911e+1 -2.469380e+1 3.000000e+0
    endloop
  endfacet
  facet normal 5.349976e-1 -8.448536e-1 0.000000e+0
    outer loop
      vertex 1.439488e+1 -2.401640e+1 1.500000e+0
      vertex 1.555597e+1 -2.328115e+1 1.500000e+0
      vertex 1.555597e+1 -2.328115e+1 3.000000e+0
    endloop
  endfacet
  facet normal 5.349976e-1 -8.448536e-1 0.000000e+0
    outer loop
      vertex 1.439488e+1 -2.401640e+1 1.500000e+0
      vertex 1.555597e+1 -2.328115e+1 3.000000e+0
      vertex 1.439488e+1 -2.401640e+1 3.000000e+0
    endloop
  endfacet
  facet normal 5.758082e-1 -8.175848e-1 0.000000e+0
    outer loop
      vertex 1.555597e+1 -2.328115e+1 1.500000e+0
      vertex 1.667958e+1 -2.248981e+1 1.500000e+0
      vertex 1.667958e+1 -2.248981e+1 3.000000e+0
    endloop
  endfacet
  facet normal 5.758082e-1 -8.175848e-1 0.000000e+0
    outer loop
      vertex 1.555597e+1 -2.328115e+1 1.500000e+0
      vertex 1.667958e+1 -2.248981e+1 3.000000e+0
      vertex 1.555597e+1 -2.328115e+1 3.000000e+0
    endloop
  endfacet
  facet normal 6.152316e-1 -7.883464e-1 0.000000e+0
    outer loop
      vertex 1.667958e+1 -2.248981e+1 1.500000e+0
      vertex 1.776301e+1 -2.164429e+1 1.500000e+0
      vertex 1.776301e+1 -2.164429e+1 3.000000e+0
    endloop
  endfacet
  facet normal 6.152316e-1 -7.883464e-1 0.000000e+0
    outer loop
      vertex 1.667958e+1 -2.248981e+1 1.500000e+0
      vertex 1.776301e+1 -2.164429e+1 3.000000e+0
      vertex 1.667958e+1 -2.248981e+1 3.000000e+0
    endloop
  endfacet
  facet normal 6.531728e-1 -7.572088e-1 0.000000e+0
    outer loop
      vertex 1.776301e+1 -2.164429e+1 1.500000e+0
      vertex 1.880365e+1 -2.074663e+1 1.500000e+0
      vertex 1.880365e+1 -2.074663e+1 3.000000e+0
    endloop
  endfacet
  facet normal 6.531728e-1 -7.572088e-1 0.000000e+0
    outer loop
      vertex 1.776301e+1 -2.164429e+1 1.500000e+0
      vertex 1.880365e+1 -2.074663e+1 3.000000e+0
      vertex 1.776301e+1 -2.164429e+1 3.000000e+0
    endloop
  endfacet
  facet normal 6.895405e-1 -7.242471e-1 0.000000e+0
    outer loop
      vertex 1.880365e+1 -2.074663e+1 1.500000e+0
      vertex 1.979899e+1 -1.979899e+1 1.500000e+0
      vertex 1.979899e+1 -1.979899e+1 3.000000e+0
    endloop
  endfacet
  facet normal 6.895405e-1 -7.242471e-1 0.000000e+0
    outer loop
      vertex 1.880365e+1 -2.074663e+1 1.500000e+0
      vertex 1.979899e+1 -1.979899e+1 3.000000e+0
      vertex 1.880365e+1 -2.074663e+1 3.000000e+0
    endloop
  endfacet
  facet normal 7.242471e-1 -6.895405e-1 0.000000e+0
    outer loop
      vertex 1.979899e+1 -1.979899e+1 1.500000e+0
      vertex 2.074663e+1 -1.880365e+1 1.500000e+0
      vertex 2.074663e+1 -1.880365e+1 3.000000e+0
    endloop
  endfacet
  facet normal 7.242471e-1 -6.895405e-1 0.000000e+0
    outer loop
      vertex 1.979899e+1 -1.979899e+1 1.500000e+0
      vertex 2.074663e+1 -1.880365e+1 3.000000e+0
      vertex 1.979899e+1 -1.979899e+1 3.000000e+0
    endloop
  endfacet
  facet normal 7.572088e-1 -6.531728e-1 0.000000e+0
    outer loop
      vertex 2.074663e+1 -1.880365e+1 1.500000e+0
      vertex 2.164429e+1 -1.776301e+1 1.500000e+0
      vertex 2.164429e+1 -1.776301e+1 3.000000e+0
    endloop
  endfacet
  facet normal 7.572088e-1 -6.531728e-1 0.000000e+0
    outer loop
      vertex 2.074663e+1 -1.880365e+1 1.500000e+0
      vertex 2.164429e+1 -1.776301e+1 3.000000e+0
      vertex 2.074663e+1 -1.880365e+1 3.000000e+0
    endloop
  endfacet
  facet normal 7.883464e-1 -6.152316e-1 0.000000e+0
    outer loop
      vertex 2.164429e+1 -1.776301e+1 1.500000e+0
      vertex 2.248981e+1 -1.667958e+1 1.500000e+0
      vertex 2.248981e+1 -1.667958e+1 3.000000e+0
    endloop
  endfacet
  facet normal 7.883464e-1 -6.152316e-1 0.000000e+0
    outer loop
      vertex 2.164429e+1 -1.776301e+1 1.500000e+0
      vertex 2.248981e+1 -1.667958e+1 3.000000e+0
      vertex 2.164429e+1 -1.776301e+1 3.000000e+0
    endloop
  endfacet
  facet normal 8.175848e-1 -5.758082e-1 0.000000e+0
    outer loop
      vertex 2.248981e+1 -1.667958e+1 1.500000e+0
      vertex 2.328115e+1 -1.555597e+1 1.500000e+0
      vertex 2.328115e+1 -1.555597e+1 3.000000e+0
    endloop
  endfacet
  facet normal 8.175848e-1 -5.758082e-1 0.000000e+0
    outer loop
      vertex 2.248981e+1 -1.667958e+1 1.500000e+0
      vertex 2.328115e+1 -1.555597e+1 3.000000e+0
      vertex 2.248981e+1 -1.667958e+1 3.000000e+0
    endloop
  endfacet
  facet normal 8.448536e-1 -5.349976e-1 0.000000e+0
    outer loop
      vertex 2.328115e+1 -1.555597e+1 1.500000e+0
      vertex 2.401640e+1 -1.439488e+1 1.500000e+0
      vertex 2.401640e+1 -1.439488e+1 3.000000e+0
    endloop
  endfacet
  facet normal 8.448536e-1 -5.349976e-1 0.000000e+0
    outer loop
      vertex 2.328115e+1 -1.555597e+1 1.500000e+0
      vertex 2.401640e+1 -1.439488e+1 3.000000e+0
      vertex 2.328115e+1 -1.555597e+1 3.000000e+0
    endloop
  endfacet
  facet normal 8.700870e-1 -4.928982e-1 0.000000e+0
    outer loop
      vertex 2.401640e+1 -1.439488e+1 1.500000e+0
      vertex 2.469380e+1 -1.319911e+1 1.500000e+0
      vertex 2.469380e+1 -1.319911e+1 3.000000e+0
    endloop
  endfacet
  facet normal 8.700870e-1 -4.928982e-1 0.000000e+0
    outer loop
      vertex 2.401640e+1 -1.439488e+1 1.500000e+0
      vertex 2.469380e+1 -1.319911e+1 3.000000e+0
      vertex 2.401640e+1 -1.439488e+1 3.000000e+0
    endloop
  endfacet
  facet normal 8.932243e-1 -4.496113e-1 0.000000e+0
    outer loop
      vertex 2.469380e+1 -1.319911e+1 1.500000e+0
      vertex 2.531170e+1 -1.197154e+1 1.500000e+0
      vertex 2.531170e+1 -1.197154e+1 3.000000e+0
    endloop
  endfacet
  facet normal 8.932243e-1 -4.496113e-1 0.000000e+0
    outer loop
      vertex 2.469380e+1 -1.319911e+1 1.500000e+0
      vertex 2.531170e+1 -1.197154e+1 3.000000e+0
      vertex 2.469380e+1 -1.319911e+1 3.000000e+0
    endloop
  endfacet
  facet normal 9.142098e-1 -4.052413e-1 0.000000e+0
    outer loop
      vertex 2.531170e+1 -1.197154e+1 1.500000e+0
      vertex 2.586863e+1 -1.071514e+1 1.500000e+0
      vertex 2.586863e+1 -1.071514e+1 3.000000e+0
    endloop
  endfacet
  facet normal 9.142098e-1 -4.052413e-1 0.000000e+0
    outer loop
      vertex 2.531170e+1 -1.197154e+1 1.500000e+0
      vertex 2.586863e+1 -1.071514e+1 3.000000e+0
      vertex 2.531170e+1 -1.197154e+1 3.000000e+0
    endloop
  endfacet
  facet normal 9.329928e-1 -3.598950e-1 0.000000e+0
    outer loop
      vertex 2.586863e+1 -1.071514e+1 1.500000e+0
      vertex 2.636323e+1 -9.432916e+0 1.500000e+0
      vertex 2.636323e+1 -9.432916e+0 3.000000e+0
    endloop
  endfacet
  facet normal 9.329928e-1 -3.598950e-1 0.000000e+0
    outer loop
      vertex 2.586863e+1 -1.071514e+1 1.500000e+0
      vertex 2.636323e+1 -9.432916e+0 3.000000e+0
      vertex 2.586863e+1 -1.071514e+1 3.000000e+0
    endloop
  endfacet
  facet normal 9.495282e-1 -3.136817e-1 0.000000e+0
    outer loop
      vertex 2.636323e+1 -9.432916e+0 1.500000e+0
      vertex 2.679433e+1 -8.127971e+0 1.500000e+0
      vertex 2.679433e+1 -8.127971e+0 3.000000e+0
    endloop
  endfacet
  facet normal 9.495282e-1 -3.136817e-1 0.000000e+0
    outer loop
      vertex 2.636323e+1 -9.432916e+0 1.500000e+0
      vertex 2.679433e+1 -8.127971e+0 3.000000e+0
      vertex 2.636323e+1 -9.432916e+0 3.000000e+0
    endloop
  endfacet
  facet normal 9.637761e-1 -2.667128e-1 0.000000e+0
    outer loop
      vertex 2.679433e+1 -8.127971e+0 1.500000e+0
      vertex 2.716088e+1 -6.803445e+0 1.500000e+0
      vertex 2.716088e+1 -6.803445e+0 3.000000e+0
    endloop
  endfacet
  facet normal 9.637761e-1 -2.667128e-1 0.000000e+0
    outer loop
      vertex 2.679433e+1 -8.127971e+0 1.500000e+0
      vertex 2.716088e+1 -6.803445e+0 3.000000e+0
      vertex 2.679433e+1 -8.127971e+0 3.000000e+0
    endloop
  endfacet
  facet normal 9.757021e-1 -2.191012e-1 0.000000e+0
    outer loop
      vertex 2.716088e+1 -6.803445e+0 1.500000e+0
      vertex 2.746199e+1 -5.462529e+0 1.500000e+0
      vertex 2.746199e+1 -5.462529e+0 3.000000e+0
    endloop
  endfacet
  facet normal 9.757021e-1 -2.191012e-1 0.000000e+0
    outer loop
      vertex 2.716088e+1 -6.803445e+0 1.500000e+0
      vertex 2.746199e+1 -5.462529e+0 3.000000e+0
      vertex 2.716088e+1 -6.803445e+0 3.000000e+0
    endloop
  endfacet
  facet normal 9.852776e-1 -1.709619e-1 0.000000e+0
    outer loop
      vertex 2.746199e+1 -5.462529e+0 1.500000e+0
      vertex 2.769694e+1 -4.108453e+0 1.500000e+0
      vertex 2.769694e+1 -4.108453e+0 3.000000e+0
    endloop
  endfacet
  facet normal 9.852776e-1 -1.709619e-1 0.000000e+0
    outer loop
      vertex 2.746199e+1 -5.462529e+0 1.500000e+0
      vertex 2.769694e+1 -4.108453e+0 3.000000e+0
      vertex 2.746199e+1 -5.462529e+0 3.000000e+0
    endloop
  endfacet
  facet normal 9.924795e-1 -1.224107e-1 0.000000e+0
    outer loop
      vertex 2.769694e+1 -4.108453e+0 1.500000e+0
      vertex 2.786517e+1 -2.744480e+0 1.500000e+0
      vertex 2.786517e+1 -2.744480e+0 3.000000e+0
    endloop
  endfacet
  facet normal 9.924795e-1 -1.224107e-1 0.000000e+0
    outer loop
      vertex 2.769694e+1 -4.108453e+0 1.500000e+0
      vertex 2.786517e+1 -2.744480e+0 3.000000e+0
      vertex 2.769694e+1 -4.108453e+0 3.000000e+0
    endloop
  endfacet
  facet normal 9.972905e-1 -7.356456e-2 0.000000e+0
    outer loop
      vertex 2.786517e+1 -2.744480e+0 1.500000e+0
      vertex 2.796627e+1 -1.373895e+0 1.500000e+0
      vertex 2.796627e+1 -1.373895e+0 3.000000e+0
    endloop
  endfacet
  facet normal 9.972905e-1 -7.356456e-2 0.000000e+0
    outer loop
      vertex 2.786517e+1 -2.744480e+0 1.500000e+0
      vertex 2.796627e+1 -1.373895e+0 3.000000e+0
      vertex 2.786517e+1 -2.744480e+0 3.000000e+0
    endloop
  endfacet
  facet normal 9.996988e-1 -2.454123e-2 0.000000e+0
    outer loop
      vertex 2.796627e+1 -1.373895e+0 1.500000e+0
      vertex 2.800000e+1 -6.858022e-15 1.500000e+0
      vertex 2.800000e+1 -6.858022e-15 3.000000e+0
    endloop
  endfacet
  facet normal 9.996988e-1 -2.454123e-2 0.000000e+0
    outer loop
      vertex 2.796627e+1 -1.373895e+0 1.500000e+0
      vertex 2.800000e+1 -6.858022e-15 3.000000e+0
      vertex 2.796627e+1 -1.373895e+0 3.000000e+0
    endloop
  endfacet
  facet normal 8.942117e-1 2.195166e-2 -4.471058e-1
    outer loop
      vertex 2.800000e+1 0.000000e+0 3.000000e+0
      vertex 2.796627e+1 1.373895e+0 3.000000e+0
      vertex 2.886519e+1 1.418056e+0 4.800000e+0
    endloop
  endfacet
  facet normal 8.942117e-1 2.195166e-2 -4.471058e-1
    outer loop
      vertex 2.800000e+1 0.000000e+0 3.000000e+0
      vertex 2.886519e+1 1.418056e+0 4.800000e+0
      vertex 2.890000e+1 0.000000e+0 4.800000e+0
    endloop
  endfacet
  facet normal 8.920574e-1 6.580211e-2 -4.471058e-1
    outer loop
      vertex 2.796627e+1 1.373895e+0 3.000000e+0
      vertex 2.786517e+1 2.744480e+0 3.000000e+0
      vertex 2.876084e+1 2.832695e+0 4.800000e+0
    endloop
  endfacet
  facet normal 8.920574e-1 6.580211e-2 -4.471058e-1
    outer loop
      vertex 2.796627e+1 1.373895e+0 3.000000e+0
      vertex 2.876084e+1 2.832695e+0 4.800000e+0
      vertex 2.886519e+1 1.418056e+0 4.800000e+0
    endloop
  endfacet
  facet normal 8.877542e-1 1.094940e-1 -4.471058e-1
    outer loop
      vertex 2.786517e+1 2.744480e+0 3.000000e+0
      vertex 2.769694e+1 4.108453e+0 3.000000e+0
      vertex 2.858720e+1 4.240511e+0 4.800000e+0
    endloop
  endfacet
  facet normal 8.877542e-1 1.094940e-1 -4.471058e-1
    outer loop
      vertex 2.786517e+1 2.744480e+0 3.000000e+0
      vertex 2.858720e+1 4.240511e+0 4.800000e+0
      vertex 2.876084e+1 2.832695e+0 4.800000e+0
    endloop
  endfacet
  facet normal 8.813122e-1 1.529222e-1 -4.471058e-1
    outer loop
      vertex 2.769694e+1 4.108453e+0 3.000000e+0
      vertex 2.746199e+1 5.462529e+0 3.000000e+0
      vertex 2.834469e+1 5.638110e+0 4.800000e+0
    endloop
  endfacet
  facet normal 8.813122e-1 1.529222e-1 -4.471058e-1
    outer loop
      vertex 2.769694e+1 4.108453e+0 3.000000e+0
      vertex 2.834469e+1 5.638110e+0 4.800000e+0
      vertex 2.858720e+1 4.240511e+0 4.800000e+0
    endloop
  endfacet
  facet normal 8.727471e-1 1.959819e-1 -4.471058e-1
    outer loop
      vertex 2.746199e+1 5.462529e+0 3.000000e+0
      vertex 2.716088e+1 6.803445e+0 3.000000e+0
      vertex 2.803390e+1 7.022127e+0 4.800000e+0
    endloop
  endfacet
  facet normal 8.727471e-1 1.959819e-1 -4.471058e-1
    outer loop
      vertex 2.746199e+1 5.462529e+0 3.000000e+0
      vertex 2.803390e+1 7.022127e+0 4.800000e+0
      vertex 2.834469e+1 5.638110e+0 4.800000e+0
    endloop
  endfacet
  facet normal 8.620794e-1 2.385695e-1 -4.471058e-1
    outer loop
      vertex 2.716088e+1 6.803445e+0 3.000000e+0
      vertex 2.679433e+1 8.127971e+0 3.000000e+0
      vertex 2.765558e+1 8.389227e+0 4.800000e+0
    endloop
  endfacet
  facet normal 8.620794e-1 2.385695e-1 -4.471058e-1
    outer loop
      vertex 2.716088e+1 6.803445e+0 3.000000e+0
      vertex 2.765558e+1 8.389227e+0 4.800000e+0
      vertex 2.803390e+1 7.022127e+0 4.800000e+0
    endloop
  endfacet
  facet normal 8.493350e-1 2.805824e-1 -4.471058e-1
    outer loop
      vertex 2.679433e+1 8.127971e+0 3.000000e+0
      vertex 2.636323e+1 9.432916e+0 3.000000e+0
      vertex 2.721062e+1 9.736117e+0 4.800000e+0
    endloop
  endfacet
  facet normal 8.493350e-1 2.805824e-1 -4.471058e-1
    outer loop
      vertex 2.679433e+1 8.127971e+0 3.000000e+0
      vertex 2.721062e+1 9.736117e+0 4.800000e+0
      vertex 2.765558e+1 8.389227e+0 4.800000e+0
    endloop
  endfacet
  facet normal 8.345444e-1 3.219193e-1 -4.471058e-1
    outer loop
      vertex 2.636323e+1 9.432916e+0 3.000000e+0
      vertex 2.586863e+1 1.071514e+1 3.000000e+0
      vertex 2.670012e+1 1.105955e+1 4.800000e+0
    endloop
  endfacet
  facet normal 8.345444e-1 3.219193e-1 -4.471058e-1
    outer loop
      vertex 2.636323e+1 9.432916e+0 3.000000e+0
      vertex 2.670012e+1 1.105955e+1 4.800000e+0
      vertex 2.721062e+1 9.736117e+0 4.800000e+0
    endloop
  endfacet
  facet normal 8.177433e-1 3.624807e-1 -4.471058e-1
    outer loop
      vertex 2.586863e+1 1.071514e+1 3.000000e+0
      vertex 2.531170e+1 1.197154e+1 3.000000e+0
      vertex 2.612529e+1 1.235634e+1 4.800000e+0
    endloop
  endfacet
  facet normal 8.177433e-1 3.624807e-1 -4.471058e-1
    outer loop
      vertex 2.586863e+1 1.071514e+1 3.000000e+0
      vertex 2.612529e+1 1.235634e+1 4.800000e+0
      vertex 2.670012e+1 1.105955e+1 4.800000e+0
    endloop
  endfacet
  facet normal 7.989722e-1 4.021688e-1 -4.471058e-1
    outer loop
      vertex 2.531170e+1 1.197154e+1 3.000000e+0
      vertex 2.469380e+1 1.319911e+1 3.000000e+0
      vertex 2.548752e+1 1.362337e+1 4.800000e+0
    endloop
  endfacet
  facet normal 7.989722e-1 4.021688e-1 -4.471058e-1
    outer loop
      vertex 2.531170e+1 1.197154e+1 3.000000e+0
      vertex 2.548752e+1 1.362337e+1 4.800000e+0
      vertex 2.612529e+1 1.235634e+1 4.800000e+0
    endloop
  endfacet
  facet normal 7.782763e-1 4.408881e-1 -4.471058e-1
    outer loop
      vertex 2.469380e+1 1.319911e+1 3.000000e+0
      vertex 2.401640e+1 1.439488e+1 3.000000e+0
      vertex 2.478836e+1 1.485757e+1 4.800000e+0
    endloop
  endfacet
  facet normal 7.782763e-1 4.408881e-1 -4.471058e-1
    outer loop
      vertex 2.469380e+1 1.319911e+1 3.000000e+0
      vertex 2.478836e+1 1.485757e+1 4.800000e+0
      vertex 2.548752e+1 1.362337e+1 4.800000e+0
    endloop
  endfacet
  facet normal 7.557055e-1 4.785452e-1 -4.471058e-1
    outer loop
      vertex 2.401640e+1 1.439488e+1 3.000000e+0
      vertex 2.328115e+1 1.555597e+1 3.000000e+0
      vertex 2.402947e+1 1.605598e+1 4.800000e+0
    endloop
  endfacet
  facet normal 7.557055e-1 4.785452e-1 -4.471058e-1
    outer loop
      vertex 2.401640e+1 1.439488e+1 3.000000e+0
      vertex 2.402947e+1 1.605598e+1 4.800000e+0
      vertex 2.478836e+1 1.485757e+1 4.800000e+0
    endloop
  endfacet
  facet normal 7.313141e-1 5.150495e-1 -4.471058e-1
    outer loop
      vertex 2.328115e+1 1.555597e+1 3.000000e+0
      vertex 2.248981e+1 1.667958e+1 3.000000e+0
      vertex 2.321270e+1 1.721571e+1 4.800000e+0
    endloop
  endfacet
  facet normal 7.313141e-1 5.150495e-1 -4.471058e-1
    outer loop
      vertex 2.328115e+1 1.555597e+1 3.000000e+0
      vertex 2.321270e+1 1.721571e+1 4.800000e+0
      vertex 2.402947e+1 1.605598e+1 4.800000e+0
    endloop
  endfacet
  facet normal 7.051610e-1 5.503130e-1 -4.471058e-1
    outer loop
      vertex 2.248981e+1 1.667958e+1 3.000000e+0
      vertex 2.164429e+1 1.776301e+1 3.000000e+0
      vertex 2.234000e+1 1.833397e+1 4.800000e+0
    endloop
  endfacet
  facet normal 7.051610e-1 5.503130e-1 -4.471058e-1
    outer loop
      vertex 2.248981e+1 1.667958e+1 3.000000e+0
      vertex 2.234000e+1 1.833397e+1 4.800000e+0
      vertex 2.321270e+1 1.721571e+1 4.800000e+0
    endloop
  endfacet
  facet normal 6.773090e-1 5.842507e-1 -4.471058e-1
    outer loop
      vertex 2.164429e+1 1.776301e+1 3.000000e+0
      vertex 2.074663e+1 1.880365e+1 3.000000e+0
      vertex 2.141349e+1 1.940805e+1 4.800000e+0
    endloop
  endfacet
  facet normal 6.773090e-1 5.842507e-1 -4.471058e-1
    outer loop
      vertex 2.164429e+1 1.776301e+1 3.000000e+0
      vertex 2.141349e+1 1.940805e+1 4.800000e+0
      vertex 2.234000e+1 1.833397e+1 4.800000e+0
    endloop
  endfacet
  facet normal 6.478253e-1 6.167810e-1 -4.471058e-1
    outer loop
      vertex 2.074663e+1 1.880365e+1 3.000000e+0
      vertex 1.979899e+1 1.979899e+1 3.000000e+0
      vertex 2.043539e+1 2.043539e+1 4.800000e+0
    endloop
  endfacet
  facet normal 6.478253e-1 6.167810e-1 -4.471058e-1
    outer loop
      vertex 2.074663e+1 1.880365e+1 3.000000e+0
      vertex 2.043539e+1 2.043539e+1 4.800000e+0
      vertex 2.141349e+1 1.940805e+1 4.800000e+0
    endloop
  endfacet
  facet normal 6.167810e-1 6.478253e-1 -4.471058e-1
    outer loop
      vertex 1.979899e+1 1.979899e+1 3.000000e+0
      vertex 1.880365e+1 2.074663e+1 3.000000e+0
      vertex 1.940805e+1 2.141349e+1 4.800000e+0
    endloop
  endfacet
  facet normal 6.167810e-1 6.478253e-1 -4.471058e-1
    outer loop
      vertex 1.979899e+1 1.979899e+1 3.000000e+0
      vertex 1.940805e+1 2.141349e+1 4.800000e+0
      vertex 2.043539e+1 2.043539e+1 4.800000e+0
    endloop
  endfacet
  facet normal 5.842507e-1 6.773090e-1 -4.471058e-1
    outer loop
      vertex 1.880365e+1 2.074663e+1 3.000000e+0
      vertex 1.776301e+1 2.164429e+1 3.000000e+0
      vertex 1.833397e+1 2.234000e+1 4.800000e+0
    endloop
  endfacet
  facet normal 5.842507e-1 6.773090e-1 -4.471058e-1
    outer loop
      vertex 1.880365e+1 2.074663e+1 3.000000e+0
      vertex 1.833397e+1 2.234000e+1 4.800000e+0
      vertex 1.940805e+1 2.141349e+1 4.800000e+0
    endloop
  endfacet
  facet normal 5.503130e-1 7.051610e-1 -4.471058e-1
    outer loop
      vertex 1.776301e+1 2.164429e+1 3.000000e+0
      vertex 1.667958e+1 2.248981e+1 3.000000e+0
      vertex 1.721571e+1 2.321270e+1 4.800000e+0
    endloop
  endfacet
  facet normal 5.503130e-1 7.051610e-1 -4.471058e-1
    outer loop
      vertex 1.776301e+1 2.164429e+1 3.000000e+0
      vertex 1.721571e+1 2.321270e+1 4.800000e+0
      vertex 1.833397e+1 2.234000e+1 4.800000e+0
    endloop
  endfacet
  facet normal 5.150495e-1 7.313141e-1 -4.471058e-1
    outer loop
      vertex 1.667958e+1 2.248981e+1 3.000000e+0
      vertex 1.555597e+1 2.328115e+1 3.000000e+0
      vertex 1.605598e+1 2.402947e+1 4.800000e+0
    endloop
  endfacet
  facet normal 5.150495e-1 7.313141e-1 -4.471058e-1
    outer loop
      vertex 1.667958e+1 2.248981e+1 3.000000e+0
      vertex 1.605598e+1 2.402947e+1 4.800000e+0
      vertex 1.721571e+1 2.321270e+1 4.800000e+0
    endloop
  endfacet
  facet normal 4.785452e-1 7.557055e-1 -4.471058e-1
    outer loop
      vertex 1.555597e+1 2.328115e+1 3.000000e+0
      vertex 1.439488e+1 2.401640e+1 3.000000e+0
      vertex 1.485757e+1 2.478836e+1 4.800000e+0
    endloop
  endfacet
  facet normal 4.785452e-1 7.557055e-1 -4.471058e-1
    outer loop
      vertex 1.555597e+1 2.328115e+1 3.000000e+0
      vertex 1.485757e+1 2.478836e+1 4.800000e+0
      vertex 1.605598e+1 2.402947e+1 4.800000e+0
    endloop
  endfacet
  facet normal 4.408881e-1 7.782763e-1 -4.471058e-1
    outer loop
      vertex 1.439488e+1 2.401640e+1 3.000000e+0
      vertex 1.319911e+1 2.469380e+1 3.000000e+0
      vertex 1.362337e+1 2.548752e+1 4.800000e+0
    endloop
  endfacet
  facet normal 4.408881e-1 7.782763e-1 -4.471058e-1
    outer loop
      vertex 1.439488e+1 2.401640e+1 3.000000e+0
      vertex 1.362337e+1 2.548752e+1 4.800000e+0
      vertex 1.485757e+1 2.478836e+1 4.800000e+0
    endloop
  endfacet
  facet normal 4.021688e-1 7.989722e-1 -4.471058e-1
    outer loop
      vertex 1.319911e+1 2.469380e+1 3.000000e+0
      vertex 1.197154e+1 2.531170e+1 3.000000e+0
      vertex 1.235634e+1 2.612529e+1 4.800000e+0
    endloop
  endfacet
  facet normal 4.021688e-1 7.989722e-1 -4.471058e-1
    outer loop
      vertex 1.319911e+1 2.469380e+1 3.000000e+0
      vertex 1.235634e+1 2.612529e+1 4.800000e+0
      vertex 1.362337e+1 2.548752e+1 4.800000e+0
    endloop
  endfacet
  facet normal 3.624807e-1 8.177433e-1 -4.471058e-1
    outer loop
      vertex 1.197154e+1 2.531170e+1 3.000000e+0
      vertex 1.071514e+1 2.586863e+1 3.000000e+0
      vertex 1.105955e+1 2.670012e+1 4.800000e+0
    endloop
  endfacet
  facet normal 3.624807e-1 8.177433e-1 -4.471058e-1
    outer loop
      vertex 1.197154e+1 2.531170e+1 3.000000e+0
      vertex 1.105955e+1 2.670012e+1 4.800000e+0
      vertex 1.235634e+1 2.612529e+1 4.800000e+0
    endloop
  endfacet
  facet normal 3.219193e-1 8.345444e-1 -4.471058e-1
    outer loop
      vertex 1.071514e+1 2.586863e+1 3.000000e+0
      vertex 9.432916e+0 2.636323e+1 3.000000e+0
      vertex 9.736117e+0 2.721062e+1 4.800000e+0
    endloop
  endfacet
  facet normal 3.219193e-1 8.345444e-1 -4.471058e-1
    outer loop
      vertex 1.071514e+1 2.586863e+1 3.000000e+0
      vertex 9.736117e+0 2.721062e+1 4.800000e+0
      vertex 1.105955e+1 2.670012e+1 4.800000e+0
    endloop
  endfacet
  facet normal 2.805824e-1 8.493350e-1 -4.471058e-1
    outer loop
      vertex 9.432916e+0 2.636323e+1 3.000000e+0
      vertex 8.127971e+0 2.679433e+1 3.000000e+0
      vertex 8.389227e+0 2.765558e+1 4.800000e+0
    endloop
  endfacet
  facet normal 2.805824e-1 8.493350e-1 -4.471058e-1
    outer loop
      vertex 9.432916e+0 2.636323e+1 3.000000e+0
      vertex 8.389227e+0 2.765558e+1 4.800000e+0
      vertex 9.736117e+0 2.721062e+1 4.800000e+0
    endloop
  endfacet
  facet normal 2.385695e-1 8.620794e-1 -4.471058e-1
    outer loop
      vertex 8.127971e+0 2.679433e+1 3.000000e+0
      vertex 6.803445e+0 2.716088e+1 3.000000e+0
      vertex 7.022127e+0 2.803390e+1 4.800000e+0
    endloop
  endfacet
  facet normal 2.385695e-1 8.620794e-1 -4.471058e-1
    outer loop
      vertex 8.127971e+0 2.679433e+1 3.000000e+0
      vertex 7.022127e+0 2.803390e+1 4.800000e+0
      vertex 8.389227e+0 2.765558e+1 4.800000e+0
    endloop
  endfacet
  facet normal 1.959819e-1 8.727471e-1 -4.471058e-1
    outer loop
      vertex 6.803445e+0 2.716088e+1 3.000000e+0
      vertex 5.462529e+0 2.746199e+1 3.000000e+0
      vertex 5.638110e+0 2.834469e+1 4.800000e+0
    endloop
  endfacet
  facet normal 1.959819e-1 8.727471e-1 -4.471058e-1
    outer loop
      vertex 6.803445e+0 2.716088e+1 3.000000e+0
      vertex 5.638110e+0 2.834469e+1 4.800000e+0
      vertex 7.022127e+0 2.803390e+1 4.800000e+0
    endloop
  endfacet
  facet normal 1.529222e-1 8.813122e-1 -4.471058e-1
    outer loop
      vertex 5.462529e+0 2.746199e+1 3.000000e+0
      vertex 4.108453e+0 2.769694e+1 3.000000e+0
      vertex 4.240511e+0 2.858720e+1 4.800000e+0
    endloop
  endfacet
  facet normal 1.529222e-1 8.813122e-1 -4.471058e-1
    outer loop
      vertex 5.462529e+0 2.746199e+1 3.000000e+0
      vertex 4.240511e+0 2.858720e+1 4.800000e+0
      vertex 5.638110e+0 2.834469e+1 4.800000e+0
    endloop
  endfacet
  facet normal 1.094940e-1 8.877542e-1 -4.471058e-1
    outer loop
      vertex 4.108453e+0 2.769694e+1 3.000000e+0
      vertex 2.744480e+0 2.786517e+1 3.000000e+0
      vertex 2.832695e+0 2.876084e+1 4.800000e+0
    endloop
  endfacet
  facet normal 1.094940e-1 8.877542e-1 -4.471058e-1
    outer loop
      vertex 4.108453e+0 2.769694e+1 3.000000e+0
      vertex 2.832695e+0 2.876084e+1 4.800000e+0
      vertex 4.240511e+0 2.858720e+1 4.800000e+0
    endloop
  endfacet
  facet normal 6.580211e-2 8.920574e-1 -4.471058e-1
    outer loop
      vertex 2.744480e+0 2.786517e+1 3.000000e+0
      vertex 1.373895e+0 2.796627e+1 3.000000e+0
      vertex 1.418056e+0 2.886519e+1 4.800000e+0
    endloop
  endfacet
  facet normal 6.580211e-2 8.920574e-1 -4.471058e-1
    outer loop
      vertex 2.744480e+0 2.786517e+1 3.000000e+0
      vertex 1.418056e+0 2.886519e+1 4.800000e+0
      vertex 2.832695e+0 2.876084e+1 4.800000e+0
    endloop
  endfacet
  facet normal 2.195166e-2 8.942117e-1 -4.471058e-1
    outer loop
      vertex 1.373895e+0 2.796627e+1 3.000000e+0
      vertex 1.714506e-15 2.800000e+1 3.000000e+0
      vertex 1.769615e-15 2.890000e+1 4.800000e+0
    endloop
  endfacet
  facet normal 2.195166e-2 8.942117e-1 -4.471058e-1
    outer loop
      vertex 1.373895e+0 2.796627e+1 3.000000e+0
      vertex 1.769615e-15 2.890000e+1 4.800000e+0
      vertex 1.418056e+0 2.886519e+1 4.800000e+0
    endloop
  endfacet
  facet normal -2.195166e-2 8.942117e-1 -4.471058e-1
    outer loop
      vertex 1.714506e-15 2.800000e+1 3.000000e+0
      vertex -1.373895e+0 2.796627e+1 3.000000e+0
      vertex -1.418056e+0 2.886519e+1 4.800000e+0
    endloop
  endfacet
  facet normal -2.195166e-2 8.942117e-1 -4.471058e-1
    outer loop
      vertex 1.714506e-15 2.800000e+1 3.000000e+0
      vertex -1.418056e+0 2.886519e+1 4.800000e+0
      vertex 1.769615e-15 2.890000e+1 4.800000e+0
    endloop
  endfacet
  facet normal -6.580211e-2 8.920574e-1 -4.471058e-1
    outer loop
      vertex -1.373895e+0 2.796627e+1 3.000000e+0
      vertex -2.744480e+0 2.786517e+1 3.000000e+0
      vertex -2.832695e+0 2.876084e+1 4.800000e+0
    endloop
  endfacet
  facet normal -6.580211e-2 8.920574e-1 -4.471058e-1
    outer loop
      vertex -1.373895e+0 2.796627e+1 3.000000e+0
      vertex -2.832695e+0 2.876084e+1 4.800000e+0
      vertex -1.418056e+0 2.886519e+1 4.800000e+0
    endloop
  endfacet
  facet normal -1.094940e-1 8.877542e-1 -4.471058e-1
    outer loop
      vertex -2.744480e+0 2.786517e+1 3.000000e+0
      vertex -4.108453e+0 2.769694e+1 3.000000e+0
      vertex -4.240511e+0 2.858720e+1 4.800000e+0
    endloop
  endfacet
  facet normal -1.094940e-1 8.877542e-1 -4.471058e-1
    outer loop
      vertex -2.744480e+0 2.786517e+1 3.000000e+0
      vertex -4.240511e+0 2.858720e+1 4.800000e+0
      vertex -2.832695e+0 2.876084e+1 4.800000e+0
    endloop
  endfacet
  facet normal -1.529222e-1 8.813122e-1 -4.471058e-1
    outer loop
      vertex -4.108453e+0 2.769694e+1 3.000000e+0
      vertex -5.462529e+0 2.746199e+1 3.000000e+0
      vertex -5.638110e+0 2.834469e+1 4.800000e+0
    endloop
  endfacet
  facet normal -1.529222e-1 8.813122e-1 -4.471058e-1
    outer loop
      vertex -4.108453e+0 2.769694e+1 3.000000e+0
      vertex -5.638110e+0 2.834469e+1 4.800000e+0
      vertex -4.240511e+0 2.858720e+1 4.800000e+0
    endloop
  endfacet
  facet normal -1.959819e-1 8.727471e-1 -4.471058e-1
    outer loop
      vertex -5.462529e+0 2.746199e+1 3.000000e+0
      vertex -6.803445e+0 2.716088e+1 3.000000e+0
      vertex -7.022127e+0 2.803390e+1 4.800000e+0
    endloop
  endfacet
  facet normal -1.959819e-1 8.727471e-1 -4.471058e-1
    outer loop
      vertex -5.462529e+0 2.746199e+1 3.000000e+0
      vertex -7.022127e+0 2.803390e+1 4.800000e+0
      vertex -5.638110e+0 2.834469e+1 4.800000e+0
    endloop
  endfacet
  facet normal -2.385695e-1 8.620794e-1 -4.471058e-1
    outer loop
      vertex -6.803445e+0 2.716088e+1 3.000000e+0
      vertex -8.127971e+0 2.679433e+1 3.000000e+0
      vertex -8.389227e+0 2.765558e+1 4.800000e+0
    endloop
  endfacet
  facet normal -2.385695e-1 8.620794e-1 -4.471058e-1
    outer loop
      vertex -6.803445e+0 2.716088e+1 3.000000e+0
      vertex -8.389227e+0 2.765558e+1 4.800000e+0
      vertex -7.022127e+0 2.803390e+1 4.800000e+0
    endloop
  endfacet
  facet normal -2.805824e-1 8.493350e-1 -4.471058e-1
    outer loop
      vertex -8.127971e+0 2.679433e+1 3.000000e+0
      vertex -9.432916e+0 2.636323e+1 3.000000e+0
      vertex -9.736117e+0 2.721062e+1 4.800000e+0
    endloop
  endfacet
  facet normal -2.805824e-1 8.493350e-1 -4.471058e-1
    outer loop
      vertex -8.127971e+0 2.679433e+1 3.000000e+0
      vertex -9.736117e+0 2.721062e+1 4.800000e+0
      vertex -8.389227e+0 2.765558e+1 4.800000e+0
    endloop
  endfacet
  facet normal -3.219193e-1 8.345444e-1 -4.471058e-1
    outer loop
      vertex -9.432916e+0 2.636323e+1 3.000000e+0
      vertex -1.071514e+1 2.586863e+1 3.000000e+0
      vertex -1.105955e+1 2.670012e+1 4.800000e+0
    endloop
  endfacet
  facet normal -3.219193e-1 8.345444e-1 -4.471058e-1
    outer loop
      vertex -9.432916e+0 2.636323e+1 3.000000e+0
      vertex -1.105955e+1 2.670012e+1 4.800000e+0
      vertex -9.736117e+0 2.721062e+1 4.800000e+0
    endloop
  endfacet
  facet normal -3.624807e-1 8.177433e-1 -4.471058e-1
    outer loop
      vertex -1.071514e+1 2.586863e+1 3.000000e+0
      vertex -1.197154e+1 2.531170e+1 3.000000e+0
      vertex -1.235634e+1 2.612529e+1 4.800000e+0
    endloop
  endfacet
  facet normal -3.624807e-1 8.177433e-1 -4.471058e-1
    outer loop
      vertex -1.071514e+1 2.586863e+1 3.000000e+0
      vertex -1.235634e+1 2.612529e+1 4.800000e+0
      vertex -1.105955e+1 2.670012e+1 4.800000e+0
    endloop
  endfacet
  facet normal -4.021688e-1 7.989722e-1 -4.471058e-1
    outer loop
      vertex -1.197154e+1 2.531170e+1 3.000000e+0
      vertex -1.319911e+1 2.469380e+1 3.000000e+0
      vertex -1.362337e+1 2.548752e+1 4.800000e+0
    endloop
  endfacet
  facet normal -4.021688e-1 7.989722e-1 -4.471058e-1
    outer loop
      vertex -1.197154e+1 2.531170e+1 3.000000e+0
      vertex -1.362337e+1 2.548752e+1 4.800000e+0
      vertex -1.235634e+1 2.612529e+1 4.800000e+0
    endloop
  endfacet
  facet normal -4.408881e-1 7.782763e-1 -4.471058e-1
    outer loop
      vertex -1.319911e+1 2.469380e+1 3.000000e+0
      vertex -1.439488e+1 2.401640e+1 3.000000e+0
      vertex -1.485757e+1 2.478836e+1 4.800000e+0
    endloop
  endfacet
  facet normal -4.408881e-1 7.782763e-1 -4.471058e-1
    outer loop
      vertex -1.319911e+1 2.469380e+1 3.000000e+0
      vertex -1.485757e+1 2.478836e+1 4.800000e+0
      vertex -1.362337e+1 2.548752e+1 4.800000e+0
    endloop
  endfacet
  facet normal -4.785452e-1 7.557055e-1 -4.471058e-1
    outer loop
      vertex -1.439488e+1 2.401640e+1 3.000000e+0
      vertex -1.555597e+1 2.328115e+1 3.000000e+0
      vertex -1.605598e+1 2.402947e+1 4.800000e+0
    endloop
  endfacet
  facet normal -4.785452e-1 7.557055e-1 -4.471058e-1
    outer loop
      vertex -1.439488e+1 2.401640e+1 3.000000e+0
      vertex -1.605598e+1 2.402947e+1 4.800000e+0
      vertex -1.485757e+1 2.478836e+1 4.800000e+0
    endloop
  endfacet
  facet normal -5.150495e-1 7.313141e-1 -4.471058e-1
    outer loop
      vertex -1.555597e+1 2.328115e+1 3.000000e+0
      vertex -1.667958e+1 2.248981e+1 3.000000e+0
      vertex -1.721571e+1 2.321270e+1 4.800000e+0
    endloop
  endfacet
  facet normal -5.150495e-1 7.313141e-1 -4.471058e-1
    outer loop
      vertex -1.555597e+1 2.328115e+1 3.000000e+0
      vertex -1.721571e+1 2.321270e+1 4.800000e+0
      vertex -1.605598e+1 2.402947e+1 4.800000e+0
    endloop
  endfacet
  facet normal -5.503130e-1 7.051610e-1 -4.471058e-1
    outer loop
      vertex -1.667958e+1 2.248981e+1 3.000000e+0
      vertex -1.776301e+1 2.164429e+1 3.000000e+0
      vertex -1.833397e+1 2.234000e+1 4.800000e+0
    endloop
  endfacet
  facet normal -5.503130e-1 7.051610e-1 -4.471058e-1
    outer loop
      vertex -1.667958e+1 2.248981e+1 3.000000e+0
      vertex -1.833397e+1 2.234000e+1 4.800000e+0
      vertex -1.721571e+1 2.321270e+1 4.800000e+0
    endloop
  endfacet
  facet normal -5.842507e-1 6.773090e-1 -4.471058e-1
    outer loop
      vertex -1.776301e+1 2.164429e+1 3.000000e+0
      vertex -1.880365e+1 2.074663e+1 3.000000e+0
      vertex -1.940805e+1 2.141349e+1 4.800000e+0
    endloop
  endfacet
  facet normal -5.842507e-1 6.773090e-1 -4.471058e-1
    outer loop
      vertex -1.776301e+1 2.164429e+1 3.000000e+0
      vertex -1.940805e+1 2.141349e+1 4.800000e+0
      vertex -1.833397e+1 2.234000e+1 4.800000e+0
    endloop
  endfacet
  facet normal -6.167810e-1 6.478253e-1 -4.471058e-1
    outer loop
      vertex -1.880365e+1 2.074663e+1 3.000000e+0
      vertex -1.979899e+1 1.979899e+1 3.000000e+0
      vertex -2.043539e+1 2.043539e+1 4.800000e+0
    endloop
  endfacet
  facet normal -6.167810e-1 6.478253e-1 -4.471058e-1
    outer loop
      vertex -1.880365e+1 2.074663e+1 3.000000e+0
      vertex -2.043539e+1 2.043539e+1 4.800000e+0
      vertex -1.940805e+1 2.141349e+1 4.800000e+0
    endloop
  endfacet
  facet normal -6.478253e-1 6.167810e-1 -4.471058e-1
    outer loop
      vertex -1.979899e+1 1.979899e+1 3.000000e+0
      vertex -2.074663e+1 1.880365e+1 3.000000e+0
      vertex -2.141349e+1 1.940805e+1 4.800000e+0
    endloop
  endfacet
  facet normal -6.478253e-1 6.167810e-1 -4.471058e-1
    outer loop
      vertex -1.979899e+1 1.979899e+1 3.000000e+0
      vertex -2.141349e+1 1.940805e+1 4.800000e+0
      vertex -2.043539e+1 2.043539e+1 4.800000e+0
    endloop
  endfacet
  facet normal -6.773090e-1 5.842507e-1 -4.471058e-1
    outer loop
      vertex -2.074663e+1 1.880365e+1 3.000000e+0
      vertex -2.164429e+1 1.776301e+1 3.000000e+0
      vertex -2.234000e+1 1.833397e+1 4.800000e+0
    endloop
  endfacet
  facet normal -6.773090e-1 5.842507e-1 -4.471058e-1
    outer loop
      vertex -2.074663e+1 1.880365e+1 3.000000e+0
      vertex -2.234000e+1 1.833397e+1 4.800000e+0
      vertex -2.141349e+1 1.940805e+1 4.800000e+0
    endloop
  endfacet
  facet normal -7.051610e-1 5.503130e-1 -4.471058e-1
    outer loop
      vertex -2.164429e+1 1.776301e+1 3.000000e+0
      vertex -2.248981e+1 1.667958e+1 3.000000e+0
      vertex -2.321270e+1 1.721571e+1 4.800000e+0
    endloop
  endfacet
  facet normal -7.051610e-1 5.503130e-1 -4.471058e-1
    outer loop
      vertex -2.164429e+1 1.776301e+1 3.000000e+0
      vertex -2.321270e+1 1.721571e+1 4.800000e+0
      vertex -2.234000e+1 1.833397e+1 4.800000e+0
    endloop
  endfacet
  facet normal -7.313141e-1 5.150495e-1 -4.471058e-1
    outer loop
      vertex -2.248981e+1 1.667958e+1 3.000000e+0
      vertex -2.328115e+1 1.555597e+1 3.000000e+0
      vertex -2.402947e+1 1.605598e+1 4.800000e+0
    endloop
  endfacet
  facet normal -7.313141e-1 5.150495e-1 -4.471058e-1
    outer loop
      vertex -2.248981e+1 1.667958e+1 3.000000e+0
      vertex -2.402947e+1 1.605598e+1 4.800000e+0
      vertex -2.321270e+1 1.721571e+1 4.800000e+0
    endloop
  endfacet
  facet normal -7.557055e-1 4.785452e-1 -4.471058e-1
    outer loop
      vertex -2.328115e+1 1.555597e+1 3.000000e+0
      vertex -2.401640e+1 1.439488e+1 3.000000e+0
      vertex -2.478836e+1 1.485757e+1 4.800000e+0
    endloop
  endfacet
  facet normal -7.557055e-1 4.785452e-1 -4.471058e-1
    outer loop
      vertex -2.328115e+1 1.555597e+1 3.000000e+0
      vertex -2.478836e+1 1.485757e+1 4.800000e+0
      vertex -2.402947e+1 1.605598e+1 4.800000e+0
    endloop
  endfacet
  facet normal -7.782763e-1 4.408881e-1 -4.471058e-1
    outer loop
      vertex -2.401640e+1 1.439488e+1 3.000000e+0
      vertex -2.469380e+1 1.319911e+1 3.000000e+0
      vertex -2.548752e+1 1.362337e+1 4.800000e+0
    endloop
  endfacet
  facet normal -7.782763e-1 4.408881e-1 -4.471058e-1
    outer loop
      vertex -2.401640e+1 1.439488e+1 3.000000e+0
      vertex -2.548752e+1 1.362337e+1 4.800000e+0
      vertex -2.478836e+1 1.485757e+1 4.800000e+0
    endloop
  endfacet
  facet normal -7.989722e-1 4.021688e-1 -4.471058e-1
    outer loop
      vertex -2.469380e+1 1.319911e+1 3.000000e+0
      vertex -2.531170e+1 1.197154e+1 3.000000e+0
      vertex -2.612529e+1 1.235634e+1 4.800000e+0
    endloop
  endfacet
  facet normal -7.989722e-1 4.021688e-1 -4.471058e-1
    outer loop
      vertex -2.469380e+1 1.319911e+1 3.000000e+0
      vertex -2.612529e+1 1.235634e+1 4.800000e+0
      vertex -2.548752e+1 1.362337e+1 4.800000e+0
    endloop
  endfacet
  facet normal -8.177433e-1 3.624807e-1 -4.471058e-1
    outer loop
      vertex -2.531170e+1 1.197154e+1 3.000000e+0
      vertex -2.586863e+1 1.071514e+1 3.000000e+0
      vertex -2.670012e+1 1.105955e+1 4.800000e+0
    endloop
  endfacet
  facet normal -8.177433e-1 3.624807e-1 -4.471058e-1
    outer loop
      vertex -2.531170e+1 1.197154e+1 3.000000e+0
      vertex -2.670012e+1 1.105955e+1 4.800000e+0
      vertex -2.612529e+1 1.235634e+1 4.800000e+0
    endloop
  endfacet
  facet normal -8.345444e-1 3.219193e-1 -4.471058e-1
    outer loop
      vertex -2.586863e+1 1.071514e+1 3.000000e+0
      vertex -2.636323e+1 9.432916e+0 3.000000e+0
      vertex -2.721062e+1 9.736117e+0 4.800000e+0
    endloop
  endfacet
  facet normal -8.345444e-1 3.219193e-1 -4.471058e-1
    outer loop
      vertex -2.586863e+1 1.071514e+1 3.000000e+0
      vertex -2.721062e+1 9.736117e+0 4.800000e+0
      vertex -2.670012e+1 1.105955e+1 4.800000e+0
    endloop
  endfacet
  facet normal -8.493350e-1 2.805824e-1 -4.471058e-1
    outer loop
      vertex -2.636323e+1 9.432916e+0 3.000000e+0
      vertex -2.679433e+1 8.127971e+0 3.000000e+0
      vertex -2.765558e+1 8.389227e+0 4.800000e+0
    endloop
  endfacet
  facet normal -8.493350e-1 2.805824e-1 -4.471058e-1
    outer loop
      vertex -2.636323e+1 9.432916e+0 3.000000e+0
      vertex -2.765558e+1 8.389227e+0 4.800000e+0
      vertex -2.721062e+1 9.736117e+0 4.800000e+0
    endloop
  endfacet
  facet normal -8.620794e-1 2.385695e-1 -4.471058e-1
    outer loop
      vertex -2.679433e+1 8.127971e+0 3.000000e+0
      vertex -2.716088e+1 6.803445e+0 3.000000e+0
      vertex -2.803390e+1 7.022127e+0 4.800000e+0
    endloop
  endfacet
  facet normal -8.620794e-1 2.385695e-1 -4.471058e-1
    outer loop
      vertex -2.679433e+1 8.127971e+0 3.000000e+0
      vertex -2.803390e+1 7.022127e+0 4.800000e+0
      vertex -2.765558e+1 8.389227e+0 4.800000e+0
    endloop
  endfacet
  facet normal -8.727471e-1 1.959819e-1 -4.471058e-1
    outer loop
      vertex -2.716088e+1 6.803445e+0 3.000000e+0
      vertex -2.746199e+1 5.462529e+0 3.000000e+0
      vertex -2.834469e+1 5.638110e+0 4.800000e+0
    endloop
  endfacet
  facet normal -8.727471e-1 1.959819e-1 -4.471058e-1
    outer loop
      vertex -2.716088e+1 6.803445e+0 3.000000e+0
      vertex -2.834469e+1 5.638110e+0 4.800000e+0
      vertex -2.803390e+1 7.022127e+0 4.800000e+0
    endloop
  endfacet
  facet normal -8.813122e-1 1.529222e-1 -4.471058e-1
    outer loop
      vertex -2.746199e+1 5.462529e+0 3.000000e+0
      vertex -2.769694e+1 4.108453e+0 3.000000e+0
      vertex -2.858720e+1 4.240511e+0 4.800000e+0
    endloop
  endfacet
  facet normal -8.813122e-1 1.529222e-1 -4.471058e-1
    outer loop
      vertex -2.746199e+1 5.462529e+0 3.000000e+0
      vertex -2.858720e+1 4.240511e+0 4.800000e+0
      vertex -2.834469e+1 5.638110e+0 4.800000e+0
    endloop
  endfacet
  facet normal -8.877542e-1 1.094940e-1 -4.471058e-1
    outer loop
      vertex -2.769694e+1 4.108453e+0 3.000000e+0
      vertex -2.786517e+1 2.744480e+0 3.000000e+0
      vertex -2.876084e+1 2.832695e+0 4.800000e+0
    endloop
  endfacet
  facet normal -8.877542e-1 1.094940e-1 -4.471058e-1
    outer loop
      vertex -2.769694e+1 4.108453e+0 3.000000e+0
      vertex -2.876084e+1 2.832695e+0 4.800000e+0
      vertex -2.858720e+1 4.240511e+0 4.800000e+0
    endloop
  endfacet
  facet normal -8.920574e-1 6.580211e-2 -4.471058e-1
    outer loop
      vertex -2.786517e+1 2.744480e+0 3.000000e+0
      vertex -2.796627e+1 1.373895e+0 3.000000e+0
      vertex -2.886519e+1 1.418056e+0 4.800000e+0
    endloop
  endfacet
  facet normal -8.920574e-1 6.580211e-2 -4.471058e-1
    outer loop
      vertex -2.786517e+1 2.744480e+0 3.000000e+0
      vertex -2.886519e+1 1.418056e+0 4.800000e+0
      vertex -2.876084e+1 2.832695e+0 4.800000e+0
    endloop
  endfacet
  facet normal -8.942117e-1 2.195166e-2 -4.471058e-1
    outer loop
      vertex -2.796627e+1 1.373895e+0 3.000000e+0
      vertex -2.800000e+1 3.429011e-15 3.000000e+0
      vertex -2.890000e+1 3.539229e-15 4.800000e+0
    endloop
  endfacet
  facet normal -8.942117e-1 2.195166e-2 -4.471058e-1
    outer loop
      vertex -2.796627e+1 1.373895e+0 3.000000e+0
      vertex -2.890000e+1 3.539229e-15 4.800000e+0
      vertex -2.886519e+1 1.418056e+0 4.800000e+0
    endloop
  endfacet
  facet normal -8.942117e-1 -2.195166e-2 -4.471058e-1
    outer loop
      vertex -2.800000e+1 3.429011e-15 3.000000e+0
      vertex -2.796627e+1 -1.373895e+0 3.000000e+0
      vertex -2.886519e+1 -1.418056e+0 4.800000e+0
    endloop
  endfacet
  facet normal -8.942117e-1 -2.195166e-2 -4.471058e-1
    outer loop
      vertex -2.800000e+1 3.429011e-15 3.000000e+0
      vertex -2.886519e+1 -1.418056e+0 4.800000e+0
      vertex -2.890000e+1 3.539229e-15 4.800000e+0
    endloop
  endfacet
  facet normal -8.920574e-1 -6.580211e-2 -4.471058e-1
    outer loop
      vertex -2.796627e+1 -1.373895e+0 3.000000e+0
      vertex -2.786517e+1 -2.744480e+0 3.000000e+0
      vertex -2.876084e+1 -2.832695e+0 4.800000e+0
    endloop
  endfacet
  facet normal -8.920574e-1 -6.580211e-2 -4.471058e-1
    outer loop
      vertex -2.796627e+1 -1.373895e+0 3.000000e+0
      vertex -2.876084e+1 -2.832695e+0 4.800000e+0
      vertex -2.886519e+1 -1.418056e+0 4.800000e+0
    endloop
  endfacet
  facet normal -8.877542e-1 -1.094940e-1 -4.471058e-1
    outer loop
      vertex -2.786517e+1 -2.744480e+0 3.000000e+0
      vertex -2.769694e+1 -4.108453e+0 3.000000e+0
      vertex -2.858720e+1 -4.240511e+0 4.800000e+0
    endloop
  endfacet
  facet normal -8.877542e-1 -1.094940e-1 -4.471058e-1
    outer loop
      vertex -2.786517e+1 -2.744480e+0 3.000000e+0
      vertex -2.858720e+1 -4.240511e+0 4.800000e+0
      vertex -2.876084e+1 -2.832695e+0 4.800000e+0
    endloop
  endfacet
  facet normal -8.813122e-1 -1.529222e-1 -4.471058e-1
    outer loop
      vertex -2.769694e+1 -4.108453e+0 3.000000e+0
      vertex -2.746199e+1 -5.462529e+0 3.000000e+0
      vertex -2.834469e+1 -5.638110e+0 4.800000e+0
    endloop
  endfacet
  facet normal -8.813122e-1 -1.529222e-1 -4.471058e-1
    outer loop
      vertex -2.769694e+1 -4.108453e+0 3.000000e+0
      vertex -2.834469e+1 -5.638110e+0 4.800000e+0
      vertex -2.858720e+1 -4.240511e+0 4.800000e+0
    endloop
  endfacet
  facet normal -8.727471e-1 -1.959819e-1 -4.471058e-1
    outer loop
      vertex -2.746199e+1 -5.462529e+0 3.000000e+0
      vertex -2.716088e+1 -6.803445e+0 3.000000e+0
      vertex -2.803390e+1 -7.022127e+0 4.800000e+0
    endloop
  endfacet
  facet normal -8.727471e-1 -1.959819e-1 -4.471058e-1
    outer loop
      vertex -2.746199e+1 -5.462529e+0 3.000000e+0
      vertex -2.803390e+1 -7.022127e+0 4.800000e+0
      vertex -2.834469e+1 -5.638110e+0 4.800000e+0
    endloop
  endfacet
  facet normal -8.620794e-1 -2.385695e-1 -4.471058e-1
    outer loop
      vertex -2.716088e+1 -6.803445e+0 3.000000e+0
      vertex -2.679433e+1 -8.127971e+0 3.000000e+0
      vertex -2.765558e+1 -8.389227e+0 4.800000e+0
    endloop
  endfacet
  facet normal -8.620794e-1 -2.385695e-1 -4.471058e-1
    outer loop
      vertex -2.716088e+1 -6.803445e+0 3.000000e+0
      vertex -2.765558e+1 -8.389227e+0 4.800000e+0
      vertex -2.803390e+1 -7.022127e+0 4.800000e+0
    endloop
  endfacet
  facet normal -8.493350e-1 -2.805824e-1 -4.471058e-1
    outer loop
      vertex -2.679433e+1 -8.127971e+0 3.000000e+0
      vertex -2.636323e+1 -9.432916e+0 3.000000e+0
      vertex -2.721062e+1 -9.736117e+0 4.800000e+0
    endloop
  endfacet
  facet normal -8.493350e-1 -2.805824e-1 -4.471058e-1
    outer loop
      vertex -2.679433e+1 -8.127971e+0 3.000000e+0
      vertex -2.721062e+1 -9.736117e+0 4.800000e+0
      vertex -2.765558e+1 -8.389227e+0 4.800000e+0
    endloop
  endfacet
  facet normal -8.345444e-1 -3.219193e-1 -4.471058e-1
    outer loop
      vertex -2.636323e+1 -9.432916e+0 3.000000e+0
      vertex -2.586863e+1 -1.071514e+1 3.000000e+0
      vertex -2.670012e+1 -1.105955e+1 4.800000e+0
    endloop
  endfacet
  facet normal -8.345444e-1 -3.219193e-1 -4.471058e-1
    outer loop
      vertex -2.636323e+1 -9.432916e+0 3.000000e+0
      vertex -2.670012e+1 -1.105955e+1 4.800000e+0
      vertex -2.721062e+1 -9.736117e+0 4.800000e+0
    endloop
  endfacet
  facet normal -8.177433e-1 -3.624807e-1 -4.471058e-1
    outer loop
      vertex -2.586863e+1 -1.071514e+1 3.000000e+0
      vertex -2.531170e+1 -1.197154e+1 3.000000e+0
      vertex -2.612529e+1 -1.235634e+1 4.800000e+0
    endloop
  endfacet
  facet normal -8.177433e-1 -3.624807e-1 -4.471058e-1
    outer loop
      vertex -2.586863e+1 -1.071514e+1 3.000000e+0
      vertex -2.612529e+1 -1.235634e+1 4.800000e+0
      vertex -2.670012e+1 -1.105955e+1 4.800000e+0
    endloop
  endfacet
  facet normal -7.989722e-1 -4.021688e-1 -4.471058e-1
    outer loop
      vertex -2.531170e+1 -1.197154e+1 3.000000e+0
      vertex -2.469380e+1 -1.319911e+1 3.000000e+0
      vertex -2.548752e+1 -1.362337e+1 4.800000e+0
    endloop
  endfacet
  facet normal -7.989722e-1 -4.021688e-1 -4.471058e-1
    outer loop
      vertex -2.531170e+1 -1.197154e+1 3.000000e+0
      vertex -2.548752e+1 -1.362337e+1 4.800000e+0
      vertex -2.612529e+1 -1.235634e+1 4.800000e+0
    endloop
  endfacet
  facet normal -7.782763e-1 -4.408881e-1 -4.471058e-1
    outer loop
      vertex -2.469380e+1 -1.319911e+1 3.000000e+0
      vertex -2.401640e+1 -1.439488e+1 3.000000e+0
      vertex -2.478836e+1 -1.485757e+1 4.800000e+0
    endloop
  endfacet
  facet normal -7.782763e-1 -4.408881e-1 -4.471058e-1
    outer loop
      vertex -2.469380e+1 -1.319911e+1 3.000000e+0
      vertex -2.478836e+1 -1.485757e+1 4.800000e+0
      vertex -2.548752e+1 -1.362337e+1 4.800000e+0
    endloop
  endfacet
  facet normal -7.557055e-1 -4.785452e-1 -4.471058e-1
    outer loop
      vertex -2.401640e+1 -1.439488e+1 3.000000e+0
      vertex -2.328115e+1 -1.555597e+1 3.000000e+0
      vertex -2.402947e+1 -1.605598e+1 4.800000e+0
    endloop
  endfacet
  facet normal -7.557055e-1 -4.785452e-1 -4.471058e-1
    outer loop
      vertex -2.401640e+1 -1.439488e+1 3.000000e+0
      vertex -2.402947e+1 -1.605598e+1 4.800000e+0
      vertex -2.478836e+1 -1.485757e+1 4.800000e+0
    endloop
  endfacet
  facet normal -7.313141e-1 -5.150495e-1 -4.471058e-1
    outer loop
      vertex -2.328115e+1 -1.555597e+1 3.000000e+0
      vertex -2.248981e+1 -1.667958e+1 3.000000e+0
      vertex -2.321270e+1 -1.721571e+1 4.800000e+0
    endloop
  endfacet
  facet normal -7.313141e-1 -5.150495e-1 -4.471058e-1
    outer loop
      vertex -2.328115e+1 -1.555597e+1 3.000000e+0
      vertex -2.321270e+1 -1.721571e+1 4.800000e+0
      vertex -2.402947e+1 -1.605598e+1 4.800000e+0
    endloop
  endfacet
  facet normal -7.051610e-1 -5.503130e-1 -4.471058e-1
    outer loop
      vertex -2.248981e+1 -1.667958e+1 3.000000e+0
      vertex -2.164429e+1 -1.776301e+1 3.000000e+0
      vertex -2.234000e+1 -1.833397e+1 4.800000e+0
    endloop
  endfacet
  facet normal -7.051610e-1 -5.503130e-1 -4.471058e-1
    outer loop
      vertex -2.248981e+1 -1.667958e+1 3.000000e+0
      vertex -2.234000e+1 -1.833397e+1 4.800000e+0
      vertex -2.321270e+1 -1.721571e+1 4.800000e+0
    endloop
  endfacet
  facet normal -6.773090e-1 -5.842507e-1 -4.471058e-1
    outer loop
      vertex -2.164429e+1 -1.776301e+1 3.000000e+0
      vertex -2.074663e+1 -1.880365e+1 3.000000e+0
      vertex -2.141349e+1 -1.940805e+1 4.800000e+0
    endloop
  endfacet
  facet normal -6.773090e-1 -5.842507e-1 -4.471058e-1
    outer loop
      vertex -2.164429e+1 -1.776301e+1 3.000000e+0
      vertex -2.141349e+1 -1.940805e+1 4.800000e+0
      vertex -2.234000e+1 -1.833397e+1 4.800000e+0
    endloop
  endfacet
  facet normal -6.478253e-1 -6.167810e-1 -4.471058e-1
    outer loop
      vertex -2.074663e+1 -1.880365e+1 3.000000e+0
      vertex -1.979899e+1 -1.979899e+1 3.000000e+0
      vertex -2.043539e+1 -2.043539e+1 4.800000e+0
    endloop
  endfacet
  facet normal -6.478253e-1 -6.167810e-1 -4.471058e-1
    outer loop
      vertex -2.074663e+1 -1.880365e+1 3.000000e+0
      vertex -2.043539e+1 -2.043539e+1 4.800000e+0
      vertex -2.141349e+1 -1.940805e+1 4.800000e+0
    endloop
  endfacet
  facet normal -6.167810e-1 -6.478253e-1 -4.471058e-1
    outer loop
      vertex -1.979899e+1 -1.979899e+1 3.000000e+0
      vertex -1.880365e+1 -2.074663e+1 3.000000e+0
      vertex -1.940805e+1 -2.141349e+1 4.800000e+0
    endloop
  endfacet
  facet normal -6.167810e-1 -6.478253e-1 -4.471058e-1
    outer loop
      vertex -1.979899e+1 -1.979899e+1 3.000000e+0
      vertex -1.940805e+1 -2.141349e+1 4.800000e+0
      vertex -2.043539e+1 -2.043539e+1 4.800000e+0
    endloop
  endfacet
  facet normal -5.842507e-1 -6.773090e-1 -4.471058e-1
    outer loop
      vertex -1.880365e+1 -2.074663e+1 3.000000e+0
      vertex -1.776301e+1 -2.164429e+1 3.000000e+0
      vertex -1.833397e+1 -2.234000e+1 4.800000e+0
    endloop
  endfacet
  facet normal -5.842507e-1 -6.773090e-1 -4.471058e-1
    outer loop
      vertex -1.880365e+1 -2.074663e+1 3.000000e+0
      vertex -1.833397e+1 -2.234000e+1 4.800000e+0
      vertex -1.940805e+1 -2.141349e+1 4.800000e+0
    endloop
  endfacet
  facet normal -5.503130e-1 -7.051610e-1 -4.471058e-1
    outer loop
      vertex -1.776301e+1 -2.164429e+1 3.000000e+0
      vertex -1.667958e+1 -2.248981e+1 3.000000e+0
      vertex -1.721571e+1 -2.321270e+1 4.800000e+0
    endloop
  endfacet
  facet normal -5.503130e-1 -7.051610e-1 -4.471058e-1
    outer loop
      vertex -1.776301e+1 -2.164429e+1 3.000000e+0
      vertex -1.721571e+1 -2.321270e+1 4.800000e+0
      vertex -1.833397e+1 -2.234000e+1 4.800000e+0
    endloop
  endfacet
  facet normal -5.150495e-1 -7.313141e-1 -4.471058e-1
    outer loop
      vertex -1.667958e+1 -2.248981e+1 3.000000e+0
      vertex -1.555597e+1 -2.328115e+1 3.000000e+0
      vertex -1.605598e+1 -2.402947e+1 4.800000e+0
    endloop
  endfacet
  facet normal -5.150495e-1 -7.313141e-1 -4.471058e-1
    outer loop
      vertex -1.667958e+1 -2.248981e+1 3.000000e+0
      vertex -1.605598e+1 -2.402947e+1 4.800000e+0
      vertex -1.721571e+1 -2.321270e+1 4.800000e+0
    endloop
  endfacet
  facet normal -4.785452e-1 -7.557055e-1 -4.471058e-1
    outer loop
      vertex -1.555597e+1 -2.328115e+1 3.000000e+0
      vertex -1.439488e+1 -2.401640e+1 3.000000e+0
      vertex -1.485757e+1 -2.478836e+1 4.800000e+0
    endloop
  endfacet
  facet normal -4.785452e-1 -7.557055e-1 -4.471058e-1
    outer loop
      vertex -1.555597e+1 -2.328115e+1 3.000000e+0
      vertex -1.485757e+1 -2.478836e+1 4.800000e+0
      vertex -1.605598e+1 -2.402947e+1 4.800000e+0
    endloop
  endfacet
  facet normal -4.408881e-1 -7.782763e-1 -4.471058e-1
    outer loop
      vertex -1.439488e+1 -2.401640e+1 3.000000e+0
      vertex -1.319911e+1 -2.469380e+1 3.000000e+0
      vertex -1.362337e+1 -2.548752e+1 4.800000e+0
    endloop
  endfacet
  facet normal -4.408881e-1 -7.782763e-1 -4.471058e-1
    outer loop
      vertex -1.439488e+1 -2.401640e+1 3.000000e+0
      vertex -1.362337e+1 -2.548752e+1 4.800000e+0
      vertex -1.485757e+1 -2.478836e+1 4.800000e+0
    endloop
  endfacet
  facet normal -4.021688e-1 -7.989722e-1 -4.471058e-1
    outer loop
      vertex -1.319911e+1 -2.469380e+1 3.000000e+0
      vertex -1.197154e+1 -2.531170e+1 3.000000e+0
      vertex -1.235634e+1 -2.612529e+1 4.800000e+0
    endloop
  endfacet
  facet normal -4.021688e-1 -7.989722e-1 -4.471058e-1
    outer loop
      vertex -1.319911e+1 -2.469380e+1 3.000000e+0
      vertex -1.235634e+1 -2.612529e+1 4.800000e+0
      vertex -1.362337e+1 -2.548752e+1 4.800000e+0
    endloop
  endfacet
  facet normal -3.624807e-1 -8.177433e-1 -4.471058e-1
    outer loop
      vertex -1.197154e+1 -2.531170e+1 3.000000e+0
      vertex -1.071514e+1 -2.586863e+1 3.000000e+0
      vertex -1.105955e+1 -2.670012e+1 4.800000e+0
    endloop
  endfacet
  facet normal -3.624807e-1 -8.177433e-1 -4.471058e-1
    outer loop
      vertex -1.197154e+1 -2.531170e+1 3.000000e+0
      vertex -1.105955e+1 -2.670012e+1 4.800000e+0
      vertex -1.235634e+1 -2.612529e+1 4.800000e+0
    endloop
  endfacet
  facet normal -3.219193e-1 -8.345444e-1 -4.471058e-1
    outer loop
      vertex -1.071514e+1 -2.586863e+1 3.000000e+0
      vertex -9.432916e+0 -2.636323e+1 3.000000e+0
      vertex -9.736117e+0 -2.721062e+1 4.800000e+0
    endloop
  endfacet
  facet normal -3.219193e-1 -8.345444e-1 -4.471058e-1
    outer loop
      vertex -1.071514e+1 -2.586863e+1 3.000000e+0
      vertex -9.736117e+0 -2.721062e+1 4.800000e+0
      vertex -1.105955e+1 -2.670012e+1 4.800000e+0
    endloop
  endfacet
  facet normal -2.805824e-1 -8.493350e-1 -4.471058e-1
    outer loop
      vertex -9.432916e+0 -2.636323e+1 3.000000e+0
      vertex -8.127971e+0 -2.679433e+1 3.000000e+0
      vertex -8.389227e+0 -2.765558e+1 4.800000e+0
    endloop
  endfacet
  facet normal -2.805824e-1 -8.493350e-1 -4.471058e-1
    outer loop
      vertex -9.432916e+0 -2.636323e+1 3.000000e+0
      vertex -8.389227e+0 -2.765558e+1 4.800000e+0
      vertex -9.736117e+0 -2.721062e+1 4.800000e+0
    endloop
  endfacet
  facet normal -2.385695e-1 -8.620794e-1 -4.471058e-1
    outer loop
      vertex -8.127971e+0 -2.679433e+1 3.000000e+0
      vertex -6.803445e+0 -2.716088e+1 3.000000e+0
      vertex -7.022127e+0 -2.803390e+1 4.800000e+0
    endloop
  endfacet
  facet normal -2.385695e-1 -8.620794e-1 -4.471058e-1
    outer loop
      vertex -8.127971e+0 -2.679433e+1 3.000000e+0
      vertex -7.022127e+0 -2.803390e+1 4.800000e+0
      vertex -8.389227e+0 -2.765558e+1 4.800000e+0
    endloop
  endfacet
  facet normal -1.959819e-1 -8.727471e-1 -4.471058e-1
    outer loop
      vertex -6.803445e+0 -2.716088e+1 3.000000e+0
      vertex -5.462529e+0 -2.746199e+1 3.000000e+0
      vertex -5.638110e+0 -2.834469e+1 4.800000e+0
    endloop
  endfacet
  facet normal -1.959819e-1 -8.727471e-1 -4.471058e-1
    outer loop
      vertex -6.803445e+0 -2.716088e+1 3.000000e+0
      vertex -5.638110e+0 -2.834469e+1 4.800000e+0
      vertex -7.022127e+0 -2.803390e+1 4.800000e+0
    endloop
  endfacet
  facet normal -1.529222e-1 -8.813122e-1 -4.471058e-1
    outer loop
      vertex -5.462529e+0 -2.746199e+1 3.000000e+0
      vertex -4.108453e+0 -2.769694e+1 3.000000e+0
      vertex -4.240511e+0 -2.858720e+1 4.800000e+0
    endloop
  endfacet
  facet normal -1.529222e-1 -8.813122e-1 -4.471058e-1
    outer loop
      vertex -5.462529e+0 -2.746199e+1 3.000000e+0
      vertex -4.240511e+0 -2.858720e+1 4.800000e+0
      vertex -5.638110e+0 -2.834469e+1 4.800000e+0
    endloop
  endfacet
  facet normal -1.094940e-1 -8.877542e-1 -4.471058e-1
    outer loop
      vertex -4.108453e+0 -2.769694e+1 3.000000e+0
      vertex -2.744480e+0 -2.786517e+1 3.000000e+0
      vertex -2.832695e+0 -2.876084e+1 4.800000e+0
    endloop
  endfacet
  facet normal -1.094940e-1 -8.877542e-1 -4.471058e-1
    outer loop
      vertex -4.108453e+0 -2.769694e+1 3.000000e+0
      vertex -2.832695e+0 -2.876084e+1 4.800000e+0
      vertex -4.240511e+0 -2.858720e+1 4.800000e+0
    endloop
  endfacet
  facet normal -6.580211e-2 -8.920574e-1 -4.471058e-1
    outer loop
      vertex -2.744480e+0 -2.786517e+1 3.000000e+0
      vertex -1.373895e+0 -2.796627e+1 3.000000e+0
      vertex -1.418056e+0 -2.886519e+1 4.800000e+0
    endloop
  endfacet
  facet normal -6.580211e-2 -8.920574e-1 -4.471058e-1
    outer loop
      vertex -2.744480e+0 -2.786517e+1 3.000000e+0
      vertex -1.418056e+0 -2.886519e+1 4.800000e+0
      vertex -2.832695e+0 -2.876084e+1 4.800000e+0
    endloop
  endfacet
  facet normal -2.195166e-2 -8.942117e-1 -4.471058e-1
    outer loop
      vertex -1.373895e+0 -2.796627e+1 3.000000e+0
      vertex -5.143517e-15 -2.800000e+1 3.000000e+0
      vertex -5.308844e-15 -2.890000e+1 4.800000e+0
    endloop
  endfacet
  facet normal -2.195166e-2 -8.942117e-1 -4.471058e-1
    outer loop
      vertex -1.373895e+0 -2.796627e+1 3.000000e+0
      vertex -5.308844e-15 -2.890000e+1 4.800000e+0
      vertex -1.418056e+0 -2.886519e+1 4.800000e+0
    endloop
  endfacet
  facet normal 2.195166e-2 -8.942117e-1 -4.471058e-1
    outer loop
      vertex -5.143517e-15 -2.800000e+1 3.000000e+0
      vertex 1.373895e+0 -2.796627e+1 3.000000e+0
      vertex 1.418056e+0 -2.886519e+1 4.800000e+0
    endloop
  endfacet
  facet normal 2.195166e-2 -8.942117e-1 -4.471058e-1
    outer loop
      vertex -5.143517e-15 -2.800000e+1 3.000000e+0
      vertex 1.418056e+0 -2.886519e+1 4.800000e+0
      vertex -5.308844e-15 -2.890000e+1 4.800000e+0
    endloop
  endfacet
  facet normal 6.580211e-2 -8.920574e-1 -4.471058e-1
    outer loop
      vertex 1.373895e+0 -2.796627e+1 3.000000e+0
      vertex 2.744480e+0 -2.786517e+1 3.000000e+0
      vertex 2.832695e+0 -2.876084e+1 4.800000e+0
    endloop
  endfacet
  facet normal 6.580211e-2 -8.920574e-1 -4.471058e-1
    outer loop
      vertex 1.373895e+0 -2.796627e+1 3.000000e+0
      vertex 2.832695e+0 -2.876084e+1 4.800000e+0
      vertex 1.418056e+0 -2.886519e+1 4.800000e+0
    endloop
  endfacet
  facet normal 1.094940e-1 -8.877542e-1 -4.471058e-1
    outer loop
      vertex 2.744480e+0 -2.786517e+1 3.000000e+0
      vertex 4.108453e+0 -2.769694e+1 3.000000e+0
      vertex 4.240511e+0 -2.858720e+1 4.800000e+0
    endloop
  endfacet
  facet normal 1.094940e-1 -8.877542e-1 -4.471058e-1
    outer loop
      vertex 2.744480e+0 -2.786517e+1 3.000000e+0
      vertex 4.240511e+0 -2.858720e+1 4.800000e+0
      vertex 2.832695e+0 -2.876084e+1 4.800000e+0
    endloop
  endfacet
  facet normal 1.529222e-1 -8.813122e-1 -4.471058e-1
    outer loop
      vertex 4.108453e+0 -2.769694e+1 3.000000e+0
      vertex 5.462529e+0 -2.746199e+1 3.000000e+0
      vertex 5.638110e+0 -2.834469e+1 4.800000e+0
    endloop
  endfacet
  facet normal 1.529222e-1 -8.813122e-1 -4.471058e-1
    outer loop
      vertex 4.108453e+0 -2.769694e+1 3.000000e+0
      vertex 5.638110e+0 -2.834469e+1 4.800000e+0
      vertex 4.240511e+0 -2.858720e+1 4.800000e+0
    endloop
  endfacet
  facet normal 1.959819e-1 -8.727471e-1 -4.471058e-1
    outer loop
      vertex 5.462529e+0 -2.746199e+1 3.000000e+0
      vertex 6.803445e+0 -2.716088e+1 3.000000e+0
      vertex 7.022127e+0 -2.803390e+1 4.800000e+0
    endloop
  endfacet
  facet normal 1.959819e-1 -8.727471e-1 -4.471058e-1
    outer loop
      vertex 5.462529e+0 -2.746199e+1 3.000000e+0
      vertex 7.022127e+0 -2.803390e+1 4.800000e+0
      vertex 5.638110e+0 -2.834469e+1 4.800000e+0
    endloop
  endfacet
  facet normal 2.385695e-1 -8.620794e-1 -4.471058e-1
    outer loop
      vertex 6.803445e+0 -2.716088e+1 3.000000e+0
      vertex 8.127971e+0 -2.679433e+1 3.000000e+0
      vertex 8.389227e+0 -2.765558e+1 4.800000e+0
    endloop
  endfacet
  facet normal 2.385695e-1 -8.620794e-1 -4.471058e-1
    outer loop
      vertex 6.803445e+0 -2.716088e+1 3.000000e+0
      vertex 8.389227e+0 -2.765558e+1 4.800000e+0
      vertex 7.022127e+0 -2.803390e+1 4.800000e+0
    endloop
  endfacet
  facet normal 2.805824e-1 -8.493350e-1 -4.471058e-1
    outer loop
      vertex 8.127971e+0 -2.679433e+1 3.000000e+0
      vertex 9.432916e+0 -2.636323e+1 3.000000e+0
      vertex 9.736117e+0 -2.721062e+1 4.800000e+0
    endloop
  endfacet
  facet normal 2.805824e-1 -8.493350e-1 -4.471058e-1
    outer loop
      vertex 8.127971e+0 -2.679433e+1 3.000000e+0
      vertex 9.736117e+0 -2.721062e+1 4.800000e+0
      vertex 8.389227e+0 -2.765558e+1 4.800000e+0
    endloop
  endfacet
  facet normal 3.219193e-1 -8.345444e-1 -4.471058e-1
    outer loop
      vertex 9.432916e+0 -2.636323e+1 3.000000e+0
      vertex 1.071514e+1 -2.586863e+1 3.000000e+0
      vertex 1.105955e+1 -2.670012e+1 4.800000e+0
    endloop
  endfacet
  facet normal 3.219193e-1 -8.345444e-1 -4.471058e-1
    outer loop
      vertex 9.432916e+0 -2.636323e+1 3.000000e+0
      vertex 1.105955e+1 -2.670012e+1 4.800000e+0
      vertex 9.736117e+0 -2.721062e+1 4.800000e+0
    endloop
  endfacet
  facet normal 3.624807e-1 -8.177433e-1 -4.471058e-1
    outer loop
      vertex 1.071514e+1 -2.586863e+1 3.000000e+0
      vertex 1.197154e+1 -2.531170e+1 3.000000e+0
      vertex 1.235634e+1 -2.612529e+1 4.800000e+0
    endloop
  endfacet
  facet normal 3.624807e-1 -8.177433e-1 -4.471058e-1
    outer loop
      vertex 1.071514e+1 -2.586863e+1 3.000000e+0
      vertex 1.235634e+1 -2.612529e+1 4.800000e+0
      vertex 1.105955e+1 -2.670012e+1 4.800000e+0
    endloop
  endfacet
  facet normal 4.021688e-1 -7.989722e-1 -4.471058e-1
    outer loop
      vertex 1.197154e+1 -2.531170e+1 3.000000e+0
      vertex 1.319911e+1 -2.469380e+1 3.000000e+0
      vertex 1.362337e+1 -2.548752e+1 4.800000e+0
    endloop
  endfacet
  facet normal 4.021688e-1 -7.989722e-1 -4.471058e-1
    outer loop
      vertex 1.197154e+1 -2.531170e+1 3.000000e+0
      vertex 1.362337e+1 -2.548752e+1 4.800000e+0
      vertex 1.235634e+1 -2.612529e+1 4.800000e+0
    endloop
  endfacet
  facet normal 4.408881e-1 -7.782763e-1 -4.471058e-1
    outer loop
      vertex 1.319911e+1 -2.469380e+1 3.000000e+0
      vertex 1.439488e+1 -2.401640e+1 3.000000e+0
      vertex 1.485757e+1 -2.478836e+1 4.800000e+0
    endloop
  endfacet
  facet normal 4.408881e-1 -7.782763e-1 -4.471058e-1
    outer loop
      vertex 1.319911e+1 -2.469380e+1 3.000000e+0
      vertex 1.485757e+1 -2.478836e+1 4.800000e+0
      vertex 1.362337e+1 -2.548752e+1 4.800000e+0
    endloop
  endfacet
  facet normal 4.785452e-1 -7.557055e-1 -4.471058e-1
    outer loop
      vertex 1.439488e+1 -2.401640e+1 3.000000e+0
      vertex 1.555597e+1 -2.328115e+1 3.000000e+0
      vertex 1.605598e+1 -2.402947e+1 4.800000e+0
    endloop
  endfacet
  facet normal 4.785452e-1 -7.557055e-1 -4.471058e-1
    outer loop
      vertex 1.439488e+1 -2.401640e+1 3.000000e+0
      vertex 1.605598e+1 -2.402947e+1 4.800000e+0
      vertex 1.485757e+1 -2.478836e+1 4.800000e+0
    endloop
  endfacet
  facet normal 5.150495e-1 -7.313141e-1 -4.471058e-1
    outer loop
      vertex 1.555597e+1 -2.328115e+1 3.000000e+0
      vertex 1.667958e+1 -2.248981e+1 3.000000e+0
      vertex 1.721571e+1 -2.321270e+1 4.800000e+0
    endloop
  endfacet
  facet normal 5.150495e-1 -7.313141e-1 -4.471058e-1
    outer loop
      vertex 1.555597e+1 -2.328115e+1 3.000000e+0
      vertex 1.721571e+1 -2.321270e+1 4.800000e+0
      vertex 1.605598e+1 -2.402947e+1 4.800000e+0
    endloop
  endfacet
  facet normal 5.503130e-1 -7.051610e-1 -4.471058e-1
    outer loop
      vertex 1.667958e+1 -2.248981e+1 3.000000e+0
      vertex 1.776301e+1 -2.164429e+1 3.000000e+0
      vertex 1.833397e+1 -2.234000e+1 4.800000e+0
    endloop
  endfacet
  facet normal 5.503130e-1 -7.051610e-1 -4.471058e-1
    outer loop
      vertex 1.667958e+1 -2.248981e+1 3.000000e+0
      vertex 1.833397e+1 -2.234000e+1 4.800000e+0
      vertex 1.721571e+1 -2.321270e+1 4.800000e+0
    endloop
  endfacet
  facet normal 5.842507e-1 -6.773090e-1 -4.471058e-1
    outer loop
      vertex 1.776301e+1 -2.164429e+1 3.000000e+0
      vertex 1.880365e+1 -2.074663e+1 3.000000e+0
      vertex 1.940805e+1 -2.141349e+1 4.800000e+0
    endloop
  endfacet
  facet normal 5.842507e-1 -6.773090e-1 -4.471058e-1
    outer loop
      vertex 1.776301e+1 -2.164429e+1 3.000000e+0
      vertex 1.940805e+1 -2.141349e+1 4.800000e+0
      vertex 1.833397e+1 -2.234000e+1 4.800000e+0
    endloop
  endfacet
  facet normal 6.167810e-1 -6.478253e-1 -4.471058e-1
    outer loop
      vertex 1.880365e+1 -2.074663e+1 3.000000e+0
      vertex 1.979899e+1 -1.979899e+1 3.000000e+0
      vertex 2.043539e+1 -2.043539e+1 4.800000e+0
    endloop
  endfacet
  facet normal 6.167810e-1 -6.478253e-1 -4.471058e-1
    outer loop
      vertex 1.880365e+1 -2.074663e+1 3.000000e+0
      vertex 2.043539e+1 -2.043539e+1 4.800000e+0
      vertex 1.940805e+1 -2.141349e+1 4.800000e+0
    endloop
  endfacet
  facet normal 6.478253e-1 -6.167810e-1 -4.471058e-1
    outer loop
      vertex 1.979899e+1 -1.979899e+1 3.000000e+0
      vertex 2.074663e+1 -1.880365e+1 3.000000e+0
      vertex 2.141349e+1 -1.940805e+1 4.800000e+0
    endloop
  endfacet
  facet normal 6.478253e-1 -6.167810e-1 -4.471058e-1
    outer loop
      vertex 1.979899e+1 -1.979899e+1 3.000000e+0
      vertex 2.141349e+1 -1.940805e+1 4.800000e+0
      vertex 2.043539e+1 -2.043539e+1 4.800000e+0
    endloop
  endfacet
  facet normal 6.773090e-1 -5.842507e-1 -4.471058e-1
    outer loop
      vertex 2.074663e+1 -1.880365e+1 3.000000e+0
      vertex 2.164429e+1 -1.776301e+1 3.000000e+0
      vertex 2.234000e+1 -1.833397e+1 4.800000e+0
    endloop
  endfacet
  facet normal 6.773090e-1 -5.842507e-1 -4.471058e-1
    outer loop
      vertex 2.074663e+1 -1.880365e+1 3.000000e+0
      vertex 2.234000e+1 -1.833397e+1 4.800000e+0
      vertex 2.141349e+1 -1.940805e+1 4.800000e+0
    endloop
  endfacet
  facet normal 7.051610e-1 -5.503130e-1 -4.471058e-1
    outer loop
      vertex 2.164429e+1 -1.776301e+1 3.000000e+0
      vertex 2.248981e+1 -1.667958e+1 3.000000e+0
      vertex 2.321270e+1 -1.721571e+1 4.800000e+0
    endloop
  endfacet
  facet normal 7.051610e-1 -5.503130e-1 -4.471058e-1
    outer loop
      vertex 2.164429e+1 -1.776301e+1 3.000000e+0
      vertex 2.321270e+1 -1.721571e+1 4.800000e+0
      vertex 2.234000e+1 -1.833397e+1 4.800000e+0
    endloop
  endfacet
  facet normal 7.313141e-1 -5.150495e-1 -4.471058e-1
    outer loop
      vertex 2.248981e+1 -1.667958e+1 3.000000e+0
      vertex 2.328115e+1 -1.555597e+1 3.000000e+0
      vertex 2.402947e+1 -1.605598e+1 4.800000e+0
    endloop
  endfacet
  facet normal 7.313141e-1 -5.150495e-1 -4.471058e-1
    outer loop
      vertex 2.248981e+1 -1.667958e+1 3.000000e+0
      vertex 2.402947e+1 -1.605598e+1 4.800000e+0
      vertex 2.321270e+1 -1.721571e+1 4.800000e+0
    endloop
  endfacet
  facet normal 7.557055e-1 -4.785452e-1 -4.471058e-1
    outer loop
      vertex 2.328115e+1 -1.555597e+1 3.000000e+0
      vertex 2.401640e+1 -1.439488e+1 3.000000e+0
      vertex 2.478836e+1 -1.485757e+1 4.800000e+0
    endloop
  endfacet
  facet normal 7.557055e-1 -4.785452e-1 -4.471058e-1
    outer loop
      vertex 2.328115e+1 -1.555597e+1 3.000000e+0
      vertex 2.478836e+1 -1.485757e+1 4.800000e+0
      vertex 2.402947e+1 -1.605598e+1 4.800000e+0
    endloop
  endfacet
  facet normal 7.782763e-1 -4.408881e-1 -4.471058e-1
    outer loop
      vertex 2.401640e+1 -1.439488e+1 3.000000e+0
      vertex 2.469380e+1 -1.319911e+1 3.000000e+0
      vertex 2.548752e+1 -1.362337e+1 4.800000e+0
    endloop
  endfacet
  facet normal 7.782763e-1 -4.408881e-1 -4.471058e-1
    outer loop
      vertex 2.401640e+1 -1.439488e+1 3.000000e+0
      vertex 2.548752e+1 -1.362337e+1 4.800000e+0
      vertex 2.478836e+1 -1.485757e+1 4.800000e+0
    endloop
  endfacet
  facet normal 7.989722e-1 -4.021688e-1 -4.471058e-1
    outer loop
      vertex 2.469380e+1 -1.319911e+1 3.000000e+0
      vertex 2.531170e+1 -1.197154e+1 3.000000e+0
      vertex 2.612529e+1 -1.235634e+1 4.800000e+0
    endloop
  endfacet
  facet normal 7.989722e-1 -4.021688e-1 -4.471058e-1
    outer loop
      vertex 2.469380e+1 -1.319911e+1 3.000000e+0
      vertex 2.612529e+1 -1.235634e+1 4.800000e+0
      vertex 2.548752e+1 -1.362337e+1 4.800000e+0
    endloop
  endfacet
  facet normal 8.177433e-1 -3.624807e-1 -4.471058e-1
    outer loop
      vertex 2.531170e+1 -1.197154e+1 3.000000e+0
      vertex 2.586863e+1 -1.071514e+1 3.000000e+0
      vertex 2.670012e+1 -1.105955e+1 4.800000e+0
    endloop
  endfacet
  facet normal 8.177433e-1 -3.624807e-1 -4.471058e-1
    outer loop
      vertex 2.531170e+1 -1.197154e+1 3.000000e+0
      vertex 2.670012e+1 -1.105955e+1 4.800000e+0
      vertex 2.612529e+1 -1.235634e+1 4.800000e+0
    endloop
  endfacet
  facet normal 8.345444e-1 -3.219193e-1 -4.471058e-1
    outer loop
      vertex 2.586863e+1 -1.071514e+1 3.000000e+0
      vertex 2.636323e+1 -9.432916e+0 3.000000e+0
      vertex 2.721062e+1 -9.736117e+0 4.800000e+0
    endloop
  endfacet
  facet normal 8.345444e-1 -3.219193e-1 -4.471058e-1
    outer loop
      vertex 2.586863e+1 -1.071514e+1 3.000000e+0
      vertex 2.721062e+1 -9.736117e+0 4.800000e+0
      vertex 2.670012e+1 -1.105955e+1 4.800000e+0
    endloop
  endfacet
  facet normal 8.493350e-1 -2.805824e-1 -4.471058e-1
    outer loop
      vertex 2.636323e+1 -9.432916e+0 3.000000e+0
      vertex 2.679433e+1 -8.127971e+0 3.000000e+0
      vertex 2.765558e+1 -8.389227e+0 4.800000e+0
    endloop
  endfacet
  facet normal 8.493350e-1 -2.805824e-1 -4.471058e-1
    outer loop
      vertex 2.636323e+1 -9.432916e+0 3.000000e+0
      vertex 2.765558e+1 -8.389227e+0 4.800000e+0
      vertex 2.721062e+1 -9.736117e+0 4.800000e+0
    endloop
  endfacet
  facet normal 8.620794e-1 -2.385695e-1 -4.471058e-1
    outer loop
      vertex 2.679433e+1 -8.127971e+0 3.000000e+0
      vertex 2.716088e+1 -6.803445e+0 3.000000e+0
      vertex 2.803390e+1 -7.022127e+0 4.800000e+0
    endloop
  endfacet
  facet normal 8.620794e-1 -2.385695e-1 -4.471058e-1
    outer loop
      vertex 2.679433e+1 -8.127971e+0 3.000000e+0
      vertex 2.803390e+1 -7.022127e+0 4.800000e+0
      vertex 2.765558e+1 -8.389227e+0 4.800000e+0
    endloop
  endfacet
  facet normal 8.727471e-1 -1.959819e-1 -4.471058e-1
    outer loop
      vertex 2.716088e+1 -6.803445e+0 3.000000e+0
      vertex 2.746199e+1 -5.462529e+0 3.000000e+0
      vertex 2.834469e+1 -5.638110e+0 4.800000e+0
    endloop
  endfacet
  facet normal 8.727471e-1 -1.959819e-1 -4.471058e-1
    outer loop
      vertex 2.716088e+1 -6.803445e+0 3.000000e+0
      vertex 2.834469e+1 -5.638110e+0 4.800000e+0
      vertex 2.803390e+1 -7.022127e+0 4.800000e+0
    endloop
  endfacet
  facet normal 8.813122e-1 -1.529222e-1 -4.471058e-1
    outer loop
      vertex 2.746199e+1 -5.462529e+0 3.000000e+0
      vertex 2.769694e+1 -4.108453e+0 3.000000e+0
      vertex 2.858720e+1 -4.240511e+0 4.800000e+0
    endloop
  endfacet
  facet normal 8.813122e-1 -1.529222e-1 -4.471058e-1
    outer loop
      vertex 2.746199e+1 -5.462529e+0 3.000000e+0
      vertex 2.858720e+1 -4.240511e+0 4.800000e+0
      vertex 2.834469e+1 -5.638110e+0 4.800000e+0
    endloop
  endfacet
  facet normal 8.877542e-1 -1.094940e-1 -4.471058e-1
    outer loop
      vertex 2.769694e+1 -4.108453e+0 3.000000e+0
      vertex 2.786517e+1 -2.744480e+0 3.000000e+0
      vertex 2.876084e+1 -2.832695e+0 4.800000e+0
    endloop
  endfacet
  facet normal 8.877542e-1 -1.094940e-1 -4.471058e-1
    outer loop
      vertex 2.769694e+1 -4.108453e+0 3.000000e+0
      vertex 2.876084e+1 -2.832695e+0 4.800000e+0
      vertex 2.858720e+1 -4.240511e+0 4.800000e+0
    endloop
  endfacet
  facet normal 8.920574e-1 -6.580211e-2 -4.471058e-1
    outer loop
      vertex 2.786517e+1 -2.744480e+0 3.000000e+0
      vertex 2.796627e+1 -1.373895e+0 3.000000e+0
      vertex 2.886519e+1 -1.418056e+0 4.800000e+0
    endloop
  endfacet
  facet normal 8.920574e-1 -6.580211e-2 -4.471058e-1
    outer loop
      vertex 2.786517e+1 -2.744480e+0 3.000000e+0
      vertex 2.886519e+1 -1.418056e+0 4.800000e+0
      vertex 2.876084e+1 -2.832695e+0 4.800000e+0
    endloop
  endfacet
  facet normal 8.942117e-1 -2.195166e-2 -4.471058e-1
    outer loop
      vertex 2.796627e+1 -1.373895e+0 3.000000e+0
      vertex 2.800000e+1 -6.858022e-15 3.000000e+0
      vertex 2.890000e+1 -7.078458e-15 4.800000e+0
    endloop
  endfacet
  facet normal 8.942117e-1 -2.195166e-2 -4.471058e-1
    outer loop
      vertex 2.796627e+1 -1.373895e+0 3.000000e+0
      vertex 2.890000e+1 -7.078458e-15 4.800000e+0
      vertex 2.886519e+1 -1.418056e+0 4.800000e+0
    endloop
  endfacet
  facet normal 4.061183e-1 9.969644e-3 9.137661e-1
    outer loop
      vertex 2.890000e+1 0.000000e+0 4.800000e+0
      vertex 2.886519e+1 1.418056e+0 4.800000e+0
      vertex 2.796627e+1 1.373895e+0 5.200000e+0
    endloop
  endfacet
  facet normal 4.061183e-1 9.969644e-3 9.137661e-1
    outer loop
      vertex 2.890000e+1 0.000000e+0 4.800000e+0
      vertex 2.796627e+1 1.373895e+0 5.200000e+0
      vertex 2.800000e+1 0.000000e+0 5.200000e+0
    endloop
  endfacet
  facet normal 4.051399e-1 2.988491e-2 9.137661e-1
    outer loop
      vertex 2.886519e+1 1.418056e+0 4.800000e+0
      vertex 2.876084e+1 2.832695e+0 4.800000e+0
      vertex 2.786517e+1 2.744480e+0 5.200000e+0
    endloop
  endfacet
  facet normal 4.051399e-1 2.988491e-2 9.137661e-1
    outer loop
      vertex 2.886519e+1 1.418056e+0 4.800000e+0
      vertex 2.786517e+1 2.744480e+0 5.200000e+0
      vertex 2.796627e+1 1.373895e+0 5.200000e+0
    endloop
  endfacet
  facet normal 4.031855e-1 4.972819e-2 9.137661e-1
    outer loop
      vertex 2.876084e+1 2.832695e+0 4.800000e+0
      vertex 2.858720e+1 4.240511e+0 4.800000e+0
      vertex 2.769694e+1 4.108453e+0 5.200000e+0
    endloop
  endfacet
  facet normal 4.031855e-1 4.972819e-2 9.137661e-1
    outer loop
      vertex 2.876084e+1 2.832695e+0 4.800000e+0
      vertex 2.769694e+1 4.108453e+0 5.200000e+0
      vertex 2.786517e+1 2.744480e+0 5.200000e+0
    endloop
  endfacet
  facet normal 4.002598e-1 6.945167e-2 9.137661e-1
    outer loop
      vertex 2.858720e+1 4.240511e+0 4.800000e+0
      vertex 2.834469e+1 5.638110e+0 4.800000e+0
      vertex 2.746199e+1 5.462529e+0 5.200000e+0
    endloop
  endfacet
  facet normal 4.002598e-1 6.945167e-2 9.137661e-1
    outer loop
      vertex 2.858720e+1 4.240511e+0 4.800000e+0
      vertex 2.746199e+1 5.462529e+0 5.200000e+0
      vertex 2.769694e+1 4.108453e+0 5.200000e+0
    endloop
  endfacet
  facet normal 3.963699e-1 8.900783e-2 9.137661e-1
    outer loop
      vertex 2.834469e+1 5.638110e+0 4.800000e+0
      vertex 2.803390e+1 7.022127e+0 4.800000e+0
      vertex 2.716088e+1 6.803445e+0 5.200000e+0
    endloop
  endfacet
  facet normal 3.963699e-1 8.900783e-2 9.137661e-1
    outer loop
      vertex 2.834469e+1 5.638110e+0 4.800000e+0
      vertex 2.716088e+1 6.803445e+0 5.200000e+0
      vertex 2.746199e+1 5.462529e+0 5.200000e+0
    endloop
  endfacet
  facet normal 3.915250e-1 1.083496e-1 9.137661e-1
    outer loop
      vertex 2.803390e+1 7.022127e+0 4.800000e+0
      vertex 2.765558e+1 8.389227e+0 4.800000e+0
      vertex 2.679433e+1 8.127971e+0 5.200000e+0
    endloop
  endfacet
  facet normal 3.915250e-1 1.083496e-1 9.137661e-1
    outer loop
      vertex 2.803390e+1 7.022127e+0 4.800000e+0
      vertex 2.679433e+1 8.127971e+0 5.200000e+0
      vertex 2.716088e+1 6.803445e+0 5.200000e+0
    endloop
  endfacet
  facet normal 3.857369e-1 1.274303e-1 9.137661e-1
    outer loop
      vertex 2.765558e+1 8.389227e+0 4.800000e+0
      vertex 2.721062e+1 9.736117e+0 4.800000e+0
      vertex 2.636323e+1 9.432916e+0 5.200000e+0
    endloop
  endfacet
  facet normal 3.857369e-1 1.274303e-1 9.137661e-1
    outer loop
      vertex 2.765558e+1 8.389227e+0 4.800000e+0
      vertex 2.636323e+1 9.432916e+0 5.200000e+0
      vertex 2.679433e+1 8.127971e+0 5.200000e+0
    endloop
  endfacet
  facet normal 3.790196e-1 1.462040e-1 9.137661e-1
    outer loop
      vertex 2.721062e+1 9.736117e+0 4.800000e+0
      vertex 2.670012e+1 1.105955e+1 4.800000e+0
      vertex 2.586863e+1 1.071514e+1 5.200000e+0
    endloop
  endfacet
  facet normal 3.790196e-1 1.462040e-1 9.137661e-1
    outer loop
      vertex 2.721062e+1 9.736117e+0 4.800000e+0
      vertex 2.586863e+1 1.071514e+1 5.200000e+0
      vertex 2.636323e+1 9.432916e+0 5.200000e+0
    endloop
  endfacet
  facet normal 3.713892e-1 1.646255e-1 9.137661e-1
    outer loop
      vertex 2.670012e+1 1.105955e+1 4.800000e+0
      vertex 2.612529e+1 1.235634e+1 4.800000e+0
      vertex 2.531170e+1 1.197154e+1 5.200000e+0
    endloop
  endfacet
  facet normal 3.713892e-1 1.646255e-1 9.137661e-1
    outer loop
      vertex 2.670012e+1 1.105955e+1 4.800000e+0
      vertex 2.531170e+1 1.197154e+1 5.200000e+0
      vertex 2.586863e+1 1.071514e+1 5.200000e+0
    endloop
  endfacet
  facet normal 3.628640e-1 1.826504e-1 9.137661e-1
    outer loop
      vertex 2.612529e+1 1.235634e+1 4.800000e+0
      vertex 2.548752e+1 1.362337e+1 4.800000e+0
      vertex 2.469380e+1 1.319911e+1 5.200000e+0
    endloop
  endfacet
  facet normal 3.628640e-1 1.826504e-1 9.137661e-1
    outer loop
      vertex 2.612529e+1 1.235634e+1 4.800000e+0
      vertex 2.469380e+1 1.319911e+1 5.200000e+0
      vertex 2.531170e+1 1.197154e+1 5.200000e+0
    endloop
  endfacet
  facet normal 3.534647e-1 2.002353e-1 9.137661e-1
    outer loop
      vertex 2.548752e+1 1.362337e+1 4.800000e+0
      vertex 2.478836e+1 1.485757e+1 4.800000e+0
      vertex 2.401640e+1 1.439488e+1 5.200000e+0
    endloop
  endfacet
  facet normal 3.534647e-1 2.002353e-1 9.137661e-1
    outer loop
      vertex 2.548752e+1 1.362337e+1 4.800000e+0
      vertex 2.401640e+1 1.439488e+1 5.200000e+0
      vertex 2.469380e+1 1.319911e+1 5.200000e+0
    endloop
  endfacet
  facet normal 3.432138e-1 2.173378e-1 9.137661e-1
    outer loop
      vertex 2.478836e+1 1.485757e+1 4.800000e+0
      vertex 2.402947e+1 1.605598e+1 4.800000e+0
      vertex 2.328115e+1 1.555597e+1 5.200000e+0
    endloop
  endfacet
  facet normal 3.432138e-1 2.173378e-1 9.137661e-1
    outer loop
      vertex 2.478836e+1 1.485757e+1 4.800000e+0
      vertex 2.328115e+1 1.555597e+1 5.200000e+0
      vertex 2.401640e+1 1.439488e+1 5.200000e+0
    endloop
  endfacet
  facet normal 3.321362e-1 2.339167e-1 9.137661e-1
    outer loop
      vertex 2.402947e+1 1.605598e+1 4.800000e+0
      vertex 2.321270e+1 1.721571e+1 4.800000e+0
      vertex 2.248981e+1 1.667958e+1 5.200000e+0
    endloop
  endfacet
  facet normal 3.321362e-1 2.339167e-1 9.137661e-1
    outer loop
      vertex 2.402947e+1 1.605598e+1 4.800000e+0
      vertex 2.248981e+1 1.667958e+1 5.200000e+0
      vertex 2.328115e+1 1.555597e+1 5.200000e+0
    endloop
  endfacet
  facet normal 3.202584e-1 2.499321e-1 9.137661e-1
    outer loop
      vertex 2.321270e+1 1.721571e+1 4.800000e+0
      vertex 2.234000e+1 1.833397e+1 4.800000e+0
      vertex 2.164429e+1 1.776301e+1 5.200000e+0
    endloop
  endfacet
  facet normal 3.202584e-1 2.499321e-1 9.137661e-1
    outer loop
      vertex 2.321270e+1 1.721571e+1 4.800000e+0
      vertex 2.164429e+1 1.776301e+1 5.200000e+0
      vertex 2.248981e+1 1.667958e+1 5.200000e+0
    endloop
  endfacet
  facet normal 3.076090e-1 2.653453e-1 9.137661e-1
    outer loop
      vertex 2.234000e+1 1.833397e+1 4.800000e+0
      vertex 2.141349e+1 1.940805e+1 4.800000e+0
      vertex 2.074663e+1 1.880365e+1 5.200000e+0
    endloop
  endfacet
  facet normal 3.076090e-1 2.653453e-1 9.137661e-1
    outer loop
      vertex 2.234000e+1 1.833397e+1 4.800000e+0
      vertex 2.074663e+1 1.880365e+1 5.200000e+0
      vertex 2.164429e+1 1.776301e+1 5.200000e+0
    endloop
  endfacet
  facet normal 2.942186e-1 2.801194e-1 9.137661e-1
    outer loop
      vertex 2.141349e+1 1.940805e+1 4.800000e+0
      vertex 2.043539e+1 2.043539e+1 4.800000e+0
      vertex 1.979899e+1 1.979899e+1 5.200000e+0
    endloop
  endfacet
  facet normal 2.942186e-1 2.801194e-1 9.137661e-1
    outer loop
      vertex 2.141349e+1 1.940805e+1 4.800000e+0
      vertex 1.979899e+1 1.979899e+1 5.200000e+0
      vertex 2.074663e+1 1.880365e+1 5.200000e+0
    endloop
  endfacet
  facet normal 2.801194e-1 2.942186e-1 9.137661e-1
    outer loop
      vertex 2.043539e+1 2.043539e+1 4.800000e+0
      vertex 1.940805e+1 2.141349e+1 4.800000e+0
      vertex 1.880365e+1 2.074663e+1 5.200000e+0
    endloop
  endfacet
  facet normal 2.801194e-1 2.942186e-1 9.137661e-1
    outer loop
      vertex 2.043539e+1 2.043539e+1 4.800000e+0
      vertex 1.880365e+1 2.074663e+1 5.200000e+0
      vertex 1.979899e+1 1.979899e+1 5.200000e+0
    endloop
  endfacet
  facet normal 2.653453e-1 3.076090e-1 9.137661e-1
    outer loop
      vertex 1.940805e+1 2.141349e+1 4.800000e+0
      vertex 1.833397e+1 2.234000e+1 4.800000e+0
      vertex 1.776301e+1 2.164429e+1 5.200000e+0
    endloop
  endfacet
  facet normal 2.653453e-1 3.076090e-1 9.137661e-1
    outer loop
      vertex 1.940805e+1 2.141349e+1 4.800000e+0
      vertex 1.776301e+1 2.164429e+1 5.200000e+0
      vertex 1.880365e+1 2.074663e+1 5.200000e+0
    endloop
  endfacet
  facet normal 2.499321e-1 3.202584e-1 9.137661e-1
    outer loop
      vertex 1.833397e+1 2.234000e+1 4.800000e+0
      vertex 1.721571e+1 2.321270e+1 4.800000e+0
      vertex 1.667958e+1 2.248981e+1 5.200000e+0
    endloop
  endfacet
  facet normal 2.499321e-1 3.202584e-1 9.137661e-1
    outer loop
      vertex 1.833397e+1 2.234000e+1 4.800000e+0
      vertex 1.667958e+1 2.248981e+1 5.200000e+0
      vertex 1.776301e+1 2.164429e+1 5.200000e+0
    endloop
  endfacet
  facet normal 2.339167e-1 3.321362e-1 9.137661e-1
    outer loop
      vertex 1.721571e+1 2.321270e+1 4.800000e+0
      vertex 1.605598e+1 2.402947e+1 4.800000e+0
      vertex 1.555597e+1 2.328115e+1 5.200000e+0
    endloop
  endfacet
  facet normal 2.339167e-1 3.321362e-1 9.137661e-1
    outer loop
      vertex 1.721571e+1 2.321270e+1 4.800000e+0
      vertex 1.555597e+1 2.328115e+1 5.200000e+0
      vertex 1.667958e+1 2.248981e+1 5.200000e+0
    endloop
  endfacet
  facet normal 2.173378e-1 3.432138e-1 9.137661e-1
    outer loop
      vertex 1.605598e+1 2.402947e+1 4.800000e+0
      vertex 1.485757e+1 2.478836e+1 4.800000e+0
      vertex 1.439488e+1 2.401640e+1 5.200000e+0
    endloop
  endfacet
  facet normal 2.173378e-1 3.432138e-1 9.137661e-1
    outer loop
      vertex 1.605598e+1 2.402947e+1 4.800000e+0
      vertex 1.439488e+1 2.401640e+1 5.200000e+0
      vertex 1.555597e+1 2.328115e+1 5.200000e+0
    endloop
  endfacet
  facet normal 2.002353e-1 3.534647e-1 9.137661e-1
    outer loop
      vertex 1.485757e+1 2.478836e+1 4.800000e+0
      vertex 1.362337e+1 2.548752e+1 4.800000e+0
      vertex 1.319911e+1 2.469380e+1 5.200000e+0
    endloop
  endfacet
  facet normal 2.002353e-1 3.534647e-1 9.137661e-1
    outer loop
      vertex 1.485757e+1 2.478836e+1 4.800000e+0
      vertex 1.319911e+1 2.469380e+1 5.200000e+0
      vertex 1.439488e+1 2.401640e+1 5.200000e+0
    endloop
  endfacet
  facet normal 1.826504e-1 3.628640e-1 9.137661e-1
    outer loop
      vertex 1.362337e+1 2.548752e+1 4.800000e+0
      vertex 1.235634e+1 2.612529e+1 4.800000e+0
      vertex 1.197154e+1 2.531170e+1 5.200000e+0
    endloop
  endfacet
  facet normal 1.826504e-1 3.628640e-1 9.137661e-1
    outer loop
      vertex 1.362337e+1 2.548752e+1 4.800000e+0
      vertex 1.197154e+1 2.531170e+1 5.200000e+0
      vertex 1.319911e+1 2.469380e+1 5.200000e+0
    endloop
  endfacet
  facet normal 1.646255e-1 3.713892e-1 9.137661e-1
    outer loop
      vertex 1.235634e+1 2.612529e+1 4.800000e+0
      vertex 1.105955e+1 2.670012e+1 4.800000e+0
      vertex 1.071514e+1 2.586863e+1 5.200000e+0
    endloop
  endfacet
  facet normal 1.646255e-1 3.713892e-1 9.137661e-1
    outer loop
      vertex 1.235634e+1 2.612529e+1 4.800000e+0
      vertex 1.071514e+1 2.586863e+1 5.200000e+0
      vertex 1.197154e+1 2.531170e+1 5.200000e+0
    endloop
  endfacet
  facet normal 1.462040e-1 3.790196e-1 9.137661e-1
    outer loop
      vertex 1.105955e+1 2.670012e+1 4.800000e+0
      vertex 9.736117e+0 2.721062e+1 4.800000e+0
      vertex 9.432916e+0 2.636323e+1 5.200000e+0
    endloop
  endfacet
  facet normal 1.462040e-1 3.790196e-1 9.137661e-1
    outer loop
      vertex 1.105955e+1 2.670012e+1 4.800000e+0
      vertex 9.432916e+0 2.636323e+1 5.200000e+0
      vertex 1.071514e+1 2.586863e+1 5.200000e+0
    endloop
  endfacet
  facet normal 1.274303e-1 3.857369e-1 9.137661e-1
    outer loop
      vertex 9.736117e+0 2.721062e+1 4.800000e+0
      vertex 8.389227e+0 2.765558e+1 4.800000e+0
      vertex 8.127971e+0 2.679433e+1 5.200000e+0
    endloop
  endfacet
  facet normal 1.274303e-1 3.857369e-1 9.137661e-1
    outer loop
      vertex 9.736117e+0 2.721062e+1 4.800000e+0
      vertex 8.127971e+0 2.679433e+1 5.200000e+0
      vertex 9.432916e+0 2.636323e+1 5.200000e+0
    endloop
  endfacet
  facet normal 1.083496e-1 3.915250e-1 9.137661e-1
    outer loop
      vertex 8.389227e+0 2.765558e+1 4.800000e+0
      vertex 7.022127e+0 2.803390e+1 4.800000e+0
      vertex 6.803445e+0 2.716088e+1 5.200000e+0
    endloop
  endfacet
  facet normal 1.083496e-1 3.915250e-1 9.137661e-1
    outer loop
      vertex 8.389227e+0 2.765558e+1 4.800000e+0
      vertex 6.803445e+0 2.716088e+1 5.200000e+0
      vertex 8.127971e+0 2.679433e+1 5.200000e+0
    endloop
  endfacet
  facet normal 8.900783e-2 3.963699e-1 9.137661e-1
    outer loop
      vertex 7.022127e+0 2.803390e+1 4.800000e+0
      vertex 5.638110e+0 2.834469e+1 4.800000e+0
      vertex 5.462529e+0 2.746199e+1 5.200000e+0
    endloop
  endfacet
  facet normal 8.900783e-2 3.963699e-1 9.137661e-1
    outer loop
      vertex 7.022127e+0 2.803390e+1 4.800000e+0
      vertex 5.462529e+0 2.746199e+1 5.200000e+0
      vertex 6.803445e+0 2.716088e+1 5.200000e+0
    endloop
  endfacet
  facet normal 6.945167e-2 4.002598e-1 9.137661e-1
    outer loop
      vertex 5.638110e+0 2.834469e+1 4.800000e+0
      vertex 4.240511e+0 2.858720e+1 4.800000e+0
      vertex 4.108453e+0 2.769694e+1 5.200000e+0
    endloop
  endfacet
  facet normal 6.945167e-2 4.002598e-1 9.137661e-1
    outer loop
      vertex 5.638110e+0 2.834469e+1 4.800000e+0
      vertex 4.108453e+0 2.769694e+1 5.200000e+0
      vertex 5.462529e+0 2.746199e+1 5.200000e+0
    endloop
  endfacet
  facet normal 4.972819e-2 4.031855e-1 9.137661e-1
    outer loop
      vertex 4.240511e+0 2.858720e+1 4.800000e+0
      vertex 2.832695e+0 2.876084e+1 4.800000e+0
      vertex 2.744480e+0 2.786517e+1 5.200000e+0
    endloop
  endfacet
  facet normal 4.972819e-2 4.031855e-1 9.137661e-1
    outer loop
      vertex 4.240511e+0 2.858720e+1 4.800000e+0
      vertex 2.744480e+0 2.786517e+1 5.200000e+0
      vertex 4.108453e+0 2.769694e+1 5.200000e+0
    endloop
  endfacet
  facet normal 2.988491e-2 4.051399e-1 9.137661e-1
    outer loop
      vertex 2.832695e+0 2.876084e+1 4.800000e+0
      vertex 1.418056e+0 2.886519e+1 4.800000e+0
      vertex 1.373895e+0 2.796627e+1 5.200000e+0
    endloop
  endfacet
  facet normal 2.988491e-2 4.051399e-1 9.137661e-1
    outer loop
      vertex 2.832695e+0 2.876084e+1 4.800000e+0
      vertex 1.373895e+0 2.796627e+1 5.200000e+0
      vertex 2.744480e+0 2.786517e+1 5.200000e+0
    endloop
  endfacet
  facet normal 9.969644e-3 4.061183e-1 9.137661e-1
    outer loop
      vertex 1.418056e+0 2.886519e+1 4.800000e+0
      vertex 1.769615e-15 2.890000e+1 4.800000e+0
      vertex 1.714506e-15 2.800000e+1 5.200000e+0
    endloop
  endfacet
  facet normal 9.969644e-3 4.061183e-1 9.137661e-1
    outer loop
      vertex 1.418056e+0 2.886519e+1 4.800000e+0
      vertex 1.714506e-15 2.800000e+1 5.200000e+0
      vertex 1.373895e+0 2.796627e+1 5.200000e+0
    endloop
  endfacet
  facet normal -9.969644e-3 4.061183e-1 9.137661e-1
    outer loop
      vertex 1.769615e-15 2.890000e+1 4.800000e+0
      vertex -1.418056e+0 2.886519e+1 4.800000e+0
      vertex -1.373895e+0 2.796627e+1 5.200000e+0
    endloop
  endfacet
  facet normal -9.969644e-3 4.061183e-1 9.137661e-1
    outer loop
      vertex 1.769615e-15 2.890000e+1 4.800000e+0
      vertex -1.373895e+0 2.796627e+1 5.200000e+0
      vertex 1.714506e-15 2.800000e+1 5.200000e+0
    endloop
  endfacet
  facet normal -2.988491e-2 4.051399e-1 9.137661e-1
    outer loop
      vertex -1.418056e+0 2.886519e+1 4.800000e+0
      vertex -2.832695e+0 2.876084e+1 4.800000e+0
      vertex -2.744480e+0 2.786517e+1 5.200000e+0
    endloop
  endfacet
  facet normal -2.988491e-2 4.051399e-1 9.137661e-1
    outer loop
      vertex -1.418056e+0 2.886519e+1 4.800000e+0
      vertex -2.744480e+0 2.786517e+1 5.200000e+0
      vertex -1.373895e+0 2.796627e+1 5.200000e+0
    endloop
  endfacet
  facet normal -4.972819e-2 4.031855e-1 9.137661e-1
    outer loop
      vertex -2.832695e+0 2.876084e+1 4.800000e+0
      vertex -4.240511e+0 2.858720e+1 4.800000e+0
      vertex -4.108453e+0 2.769694e+1 5.200000e+0
    endloop
  endfacet
  facet normal -4.972819e-2 4.031855e-1 9.137661e-1
    outer loop
      vertex -2.832695e+0 2.876084e+1 4.800000e+0
      vertex -4.108453e+0 2.769694e+1 5.200000e+0
      vertex -2.744480e+0 2.786517e+1 5.200000e+0
    endloop
  endfacet
  facet normal -6.945167e-2 4.002598e-1 9.137661e-1
    outer loop
      vertex -4.240511e+0 2.858720e+1 4.800000e+0
      vertex -5.638110e+0 2.834469e+1 4.800000e+0
      vertex -5.462529e+0 2.746199e+1 5.200000e+0
    endloop
  endfacet
  facet normal -6.945167e-2 4.002598e-1 9.137661e-1
    outer loop
      vertex -4.240511e+0 2.858720e+1 4.800000e+0
      vertex -5.462529e+0 2.746199e+1 5.200000e+0
      vertex -4.108453e+0 2.769694e+1 5.200000e+0
    endloop
  endfacet
  facet normal -8.900783e-2 3.963699e-1 9.137661e-1
    outer loop
      vertex -5.638110e+0 2.834469e+1 4.800000e+0
      vertex -7.022127e+0 2.803390e+1 4.800000e+0
      vertex -6.803445e+0 2.716088e+1 5.200000e+0
    endloop
  endfacet
  facet normal -8.900783e-2 3.963699e-1 9.137661e-1
    outer loop
      vertex -5.638110e+0 2.834469e+1 4.800000e+0
      vertex -6.803445e+0 2.716088e+1 5.200000e+0
      vertex -5.462529e+0 2.746199e+1 5.200000e+0
    endloop
  endfacet
  facet normal -1.083496e-1 3.915250e-1 9.137661e-1
    outer loop
      vertex -7.022127e+0 2.803390e+1 4.800000e+0
      vertex -8.389227e+0 2.765558e+1 4.800000e+0
      vertex -8.127971e+0 2.679433e+1 5.200000e+0
    endloop
  endfacet
  facet normal -1.083496e-1 3.915250e-1 9.137661e-1
    outer loop
      vertex -7.022127e+0 2.803390e+1 4.800000e+0
      vertex -8.127971e+0 2.679433e+1 5.200000e+0
      vertex -6.803445e+0 2.716088e+1 5.200000e+0
    endloop
  endfacet
  facet normal -1.274303e-1 3.857369e-1 9.137661e-1
    outer loop
      vertex -8.389227e+0 2.765558e+1 4.800000e+0
      vertex -9.736117e+0 2.721062e+1 4.800000e+0
      vertex -9.432916e+0 2.636323e+1 5.200000e+0
    endloop
  endfacet
  facet normal -1.274303e-1 3.857369e-1 9.137661e-1
    outer loop
      vertex -8.389227e+0 2.765558e+1 4.800000e+0
      vertex -9.432916e+0 2.636323e+1 5.200000e+0
      vertex -8.127971e+0 2.679433e+1 5.200000e+0
    endloop
  endfacet
  facet normal -1.462040e-1 3.790196e-1 9.137661e-1
    outer loop
      vertex -9.736117e+0 2.721062e+1 4.800000e+0
      vertex -1.105955e+1 2.670012e+1 4.800000e+0
      vertex -1.071514e+1 2.586863e+1 5.200000e+0
    endloop
  endfacet
  facet normal -1.462040e-1 3.790196e-1 9.137661e-1
    outer loop
      vertex -9.736117e+0 2.721062e+1 4.800000e+0
      vertex -1.071514e+1 2.586863e+1 5.200000e+0
      vertex -9.432916e+0 2.636323e+1 5.200000e+0
    endloop
  endfacet
  facet normal -1.646255e-1 3.713892e-1 9.137661e-1
    outer loop
      vertex -1.105955e+1 2.670012e+1 4.800000e+0
      vertex -1.235634e+1 2.612529e+1 4.800000e+0
      vertex -1.197154e+1 2.531170e+1 5.200000e+0
    endloop
  endfacet
  facet normal -1.646255e-1 3.713892e-1 9.137661e-1
    outer loop
      vertex -1.105955e+1 2.670012e+1 4.800000e+0
      vertex -1.197154e+1 2.531170e+1 5.200000e+0
      vertex -1.071514e+1 2.586863e+1 5.200000e+0
    endloop
  endfacet
  facet normal -1.826504e-1 3.628640e-1 9.137661e-1
    outer loop
      vertex -1.235634e+1 2.612529e+1 4.800000e+0
      vertex -1.362337e+1 2.548752e+1 4.800000e+0
      vertex -1.319911e+1 2.469380e+1 5.200000e+0
    endloop
  endfacet
  facet normal -1.826504e-1 3.628640e-1 9.137661e-1
    outer loop
      vertex -1.235634e+1 2.612529e+1 4.800000e+0
      vertex -1.319911e+1 2.469380e+1 5.200000e+0
      vertex -1.197154e+1 2.531170e+1 5.200000e+0
    endloop
  endfacet
  facet normal -2.002353e-1 3.534647e-1 9.137661e-1
    outer loop
      vertex -1.362337e+1 2.548752e+1 4.800000e+0
      vertex -1.485757e+1 2.478836e+1 4.800000e+0
      vertex -1.439488e+1 2.401640e+1 5.200000e+0
    endloop
  endfacet
  facet normal -2.002353e-1 3.534647e-1 9.137661e-1
    outer loop
      vertex -1.362337e+1 2.548752e+1 4.800000e+0
      vertex -1.439488e+1 2.401640e+1 5.200000e+0
      vertex -1.319911e+1 2.469380e+1 5.200000e+0
    endloop
  endfacet
  facet normal -2.173378e-1 3.432138e-1 9.137661e-1
    outer loop
      vertex -1.485757e+1 2.478836e+1 4.800000e+0
      vertex -1.605598e+1 2.402947e+1 4.800000e+0
      vertex -1.555597e+1 2.328115e+1 5.200000e+0
    endloop
  endfacet
  facet normal -2.173378e-1 3.432138e-1 9.137661e-1
    outer loop
      vertex -1.485757e+1 2.478836e+1 4.800000e+0
      vertex -1.555597e+1 2.328115e+1 5.200000e+0
      vertex -1.439488e+1 2.401640e+1 5.200000e+0
    endloop
  endfacet
  facet normal -2.339167e-1 3.321362e-1 9.137661e-1
    outer loop
      vertex -1.605598e+1 2.402947e+1 4.800000e+0
      vertex -1.721571e+1 2.321270e+1 4.800000e+0
      vertex -1.667958e+1 2.248981e+1 5.200000e+0
    endloop
  endfacet
  facet normal -2.339167e-1 3.321362e-1 9.137661e-1
    outer loop
      vertex -1.605598e+1 2.402947e+1 4.800000e+0
      vertex -1.667958e+1 2.248981e+1 5.200000e+0
      vertex -1.555597e+1 2.328115e+1 5.200000e+0
    endloop
  endfacet
  facet normal -2.499321e-1 3.202584e-1 9.137661e-1
    outer loop
      vertex -1.721571e+1 2.321270e+1 4.800000e+0
      vertex -1.833397e+1 2.234000e+1 4.800000e+0
      vertex -1.776301e+1 2.164429e+1 5.200000e+0
    endloop
  endfacet
  facet normal -2.499321e-1 3.202584e-1 9.137661e-1
    outer loop
      vertex -1.721571e+1 2.321270e+1 4.800000e+0
      vertex -1.776301e+1 2.164429e+1 5.200000e+0
      vertex -1.667958e+1 2.248981e+1 5.200000e+0
    endloop
  endfacet
  facet normal -2.653453e-1 3.076090e-1 9.137661e-1
    outer loop
      vertex -1.833397e+1 2.234000e+1 4.800000e+0
      vertex -1.940805e+1 2.141349e+1 4.800000e+0
      vertex -1.880365e+1 2.074663e+1 5.200000e+0
    endloop
  endfacet
  facet normal -2.653453e-1 3.076090e-1 9.137661e-1
    outer loop
      vertex -1.833397e+1 2.234000e+1 4.800000e+0
      vertex -1.880365e+1 2.074663e+1 5.200000e+0
      vertex -1.776301e+1 2.164429e+1 5.200000e+0
    endloop
  endfacet
  facet normal -2.801194e-1 2.942186e-1 9.137661e-1
    outer loop
      vertex -1.940805e+1 2.141349e+1 4.800000e+0
      vertex -2.043539e+1 2.043539e+1 4.800000e+0
      vertex -1.979899e+1 1.979899e+1 5.200000e+0
    endloop
  endfacet
  facet normal -2.801194e-1 2.942186e-1 9.137661e-1
    outer loop
      vertex -1.940805e+1 2.141349e+1 4.800000e+0
      vertex -1.979899e+1 1.979899e+1 5.200000e+0
      vertex -1.880365e+1 2.074663e+1 5.200000e+0
    endloop
  endfacet
  facet normal -2.942186e-1 2.801194e-1 9.137661e-1
    outer loop
      vertex -2.043539e+1 2.043539e+1 4.800000e+0
      vertex -2.141349e+1 1.940805e+1 4.800000e+0
      vertex -2.074663e+1 1.880365e+1 5.200000e+0
    endloop
  endfacet
  facet normal -2.942186e-1 2.801194e-1 9.137661e-1
    outer loop
      vertex -2.043539e+1 2.043539e+1 4.800000e+0
      vertex -2.074663e+1 1.880365e+1 5.200000e+0
      vertex -1.979899e+1 1.979899e+1 5.200000e+0
    endloop
  endfacet
  facet normal -3.076090e-1 2.653453e-1 9.137661e-1
    outer loop
      vertex -2.141349e+1 1.940805e+1 4.800000e+0
      vertex -2.234000e+1 1.833397e+1 4.800000e+0
      vertex -2.164429e+1 1.776301e+1 5.200000e+0
    endloop
  endfacet
  facet normal -3.076090e-1 2.653453e-1 9.137661e-1
    outer loop
      vertex -2.141349e+1 1.940805e+1 4.800000e+0
      vertex -2.164429e+1 1.776301e+1 5.200000e+0
      vertex -2.074663e+1 1.880365e+1 5.200000e+0
    endloop
  endfacet
  facet normal -3.202584e-1 2.499321e-1 9.137661e-1
    outer loop
      vertex -2.234000e+1 1.833397e+1 4.800000e+0
      vertex -2.321270e+1 1.721571e+1 4.800000e+0
      vertex -2.248981e+1 1.667958e+1 5.200000e+0
    endloop
  endfacet
  facet normal -3.202584e-1 2.499321e-1 9.137661e-1
    outer loop
      vertex -2.234000e+1 1.833397e+1 4.800000e+0
      vertex -2.248981e+1 1.667958e+1 5.200000e+0
      vertex -2.164429e+1 1.776301e+1 5.200000e+0
    endloop
  endfacet
  facet normal -3.321362e-1 2.339167e-1 9.137661e-1
    outer loop
      vertex -2.321270e+1 1.721571e+1 4.800000e+0
      vertex -2.402947e+1 1.605598e+1 4.800000e+0
      vertex -2.328115e+1 1.555597e+1 5.200000e+0
    endloop
  endfacet
  facet normal -3.321362e-1 2.339167e-1 9.137661e-1
    outer loop
      vertex -2.321270e+1 1.721571e+1 4.800000e+0
      vertex -2.328115e+1 1.555597e+1 5.200000e+0
      vertex -2.248981e+1 1.667958e+1 5.200000e+0
    endloop
  endfacet
  facet normal -3.432138e-1 2.173378e-1 9.137661e-1
    outer loop
      vertex -2.402947e+1 1.605598e+1 4.800000e+0
      vertex -2.478836e+1 1.485757e+1 4.800000e+0
      vertex -2.401640e+1 1.439488e+1 5.200000e+0
    endloop
  endfacet
  facet normal -3.432138e-1 2.173378e-1 9.137661e-1
    outer loop
      vertex -2.402947e+1 1.605598e+1 4.800000e+0
      vertex -2.401640e+1 1.439488e+1 5.200000e+0
      vertex -2.328115e+1 1.555597e+1 5.200000e+0
    endloop
  endfacet
  facet normal -3.534647e-1 2.002353e-1 9.137661e-1
    outer loop
      vertex -2.478836e+1 1.485757e+1 4.800000e+0
      vertex -2.548752e+1 1.362337e+1 4.800000e+0
      vertex -2.469380e+1 1.319911e+1 5.200000e+0
    endloop
  endfacet
  facet normal -3.534647e-1 2.002353e-1 9.137661e-1
    outer loop
      vertex -2.478836e+1 1.485757e+1 4.800000e+0
      vertex -2.469380e+1 1.319911e+1 5.200000e+0
      vertex -2.401640e+1 1.439488e+1 5.200000e+0
    endloop
  endfacet
  facet normal -3.628640e-1 1.826504e-1 9.137661e-1
    outer loop
      vertex -2.548752e+1 1.362337e+1 4.800000e+0
      vertex -2.612529e+1 1.235634e+1 4.800000e+0
      vertex -2.531170e+1 1.197154e+1 5.200000e+0
    endloop
  endfacet
  facet normal -3.628640e-1 1.826504e-1 9.137661e-1
    outer loop
      vertex -2.548752e+1 1.362337e+1 4.800000e+0
      vertex -2.531170e+1 1.197154e+1 5.200000e+0
      vertex -2.469380e+1 1.319911e+1 5.200000e+0
    endloop
  endfacet
  facet normal -3.713892e-1 1.646255e-1 9.137661e-1
    outer loop
      vertex -2.612529e+1 1.235634e+1 4.800000e+0
      vertex -2.670012e+1 1.105955e+1 4.800000e+0
      vertex -2.586863e+1 1.071514e+1 5.200000e+0
    endloop
  endfacet
  facet normal -3.713892e-1 1.646255e-1 9.137661e-1
    outer loop
      vertex -2.612529e+1 1.235634e+1 4.800000e+0
      vertex -2.586863e+1 1.071514e+1 5.200000e+0
      vertex -2.531170e+1 1.197154e+1 5.200000e+0
    endloop
  endfacet
  facet normal -3.790196e-1 1.462040e-1 9.137661e-1
    outer loop
      vertex -2.670012e+1 1.105955e+1 4.800000e+0
      vertex -2.721062e+1 9.736117e+0 4.800000e+0
      vertex -2.636323e+1 9.432916e+0 5.200000e+0
    endloop
  endfacet
  facet normal -3.790196e-1 1.462040e-1 9.137661e-1
    outer loop
      vertex -2.670012e+1 1.105955e+1 4.800000e+0
      vertex -2.636323e+1 9.432916e+0 5.200000e+0
      vertex -2.586863e+1 1.071514e+1 5.200000e+0
    endloop
  endfacet
  facet normal -3.857369e-1 1.274303e-1 9.137661e-1
    outer loop
      vertex -2.721062e+1 9.736117e+0 4.800000e+0
      vertex -2.765558e+1 8.389227e+0 4.800000e+0
      vertex -2.679433e+1 8.127971e+0 5.200000e+0
    endloop
  endfacet
  facet normal -3.857369e-1 1.274303e-1 9.137661e-1
    outer loop
      vertex -2.721062e+1 9.736117e+0 4.800000e+0
      vertex -2.679433e+1 8.127971e+0 5.200000e+0
      vertex -2.636323e+1 9.432916e+0 5.200000e+0
    endloop
  endfacet
  facet normal -3.915250e-1 1.083496e-1 9.137661e-1
    outer loop
      vertex -2.765558e+1 8.389227e+0 4.800000e+0
      vertex -2.803390e+1 7.022127e+0 4.800000e+0
      vertex -2.716088e+1 6.803445e+0 5.200000e+0
    endloop
  endfacet
  facet normal -3.915250e-1 1.083496e-1 9.137661e-1
    outer loop
      vertex -2.765558e+1 8.389227e+0 4.800000e+0
      vertex -2.716088e+1 6.803445e+0 5.200000e+0
      vertex -2.679433e+1 8.127971e+0 5.200000e+0
    endloop
  endfacet
  facet normal -3.963699e-1 8.900783e-2 9.137661e-1
    outer loop
      vertex -2.803390e+1 7.022127e+0 4.800000e+0
      vertex -2.834469e+1 5.638110e+0 4.800000e+0
      vertex -2.746199e+1 5.462529e+0 5.200000e+0
    endloop
  endfacet
  facet normal -3.963699e-1 8.900783e-2 9.137661e-1
    outer loop
      vertex -2.803390e+1 7.022127e+0 4.800000e+0
      vertex -2.746199e+1 5.462529e+0 5.200000e+0
      vertex -2.716088e+1 6.803445e+0 5.200000e+0
    endloop
  endfacet
  facet normal -4.002598e-1 6.945167e-2 9.137661e-1
    outer loop
      vertex -2.834469e+1 5.638110e+0 4.800000e+0
      vertex -2.858720e+1 4.240511e+0 4.800000e+0
      vertex -2.769694e+1 4.108453e+0 5.200000e+0
    endloop
  endfacet
  facet normal -4.002598e-1 6.945167e-2 9.137661e-1
    outer loop
      vertex -2.834469e+1 5.638110e+0 4.800000e+0
      vertex -2.769694e+1 4.108453e+0 5.200000e+0
      vertex -2.746199e+1 5.462529e+0 5.200000e+0
    endloop
  endfacet
  facet normal -4.031855e-1 4.972819e-2 9.137661e-1
    outer loop
      vertex -2.858720e+1 4.240511e+0 4.800000e+0
      vertex -2.876084e+1 2.832695e+0 4.800000e+0
      vertex -2.786517e+1 2.744480e+0 5.200000e+0
    endloop
  endfacet
  facet normal -4.031855e-1 4.972819e-2 9.137661e-1
    outer loop
      vertex -2.858720e+1 4.240511e+0 4.800000e+0
      vertex -2.786517e+1 2.744480e+0 5.200000e+0
      vertex -2.769694e+1 4.108453e+0 5.200000e+0
    endloop
  endfacet
  facet normal -4.051399e-1 2.988491e-2 9.137661e-1
    outer loop
      vertex -2.876084e+1 2.832695e+0 4.800000e+0
      vertex -2.886519e+1 1.418056e+0 4.800000e+0
      vertex -2.796627e+1 1.373895e+0 5.200000e+0
    endloop
  endfacet
  facet normal -4.051399e-1 2.988491e-2 9.137661e-1
    outer loop
      vertex -2.876084e+1 2.832695e+0 4.800000e+0
      vertex -2.796627e+1 1.373895e+0 5.200000e+0
      vertex -2.786517e+1 2.744480e+0 5.200000e+0
    endloop
  endfacet
  facet normal -4.061183e-1 9.969644e-3 9.137661e-1
    outer loop
      vertex -2.886519e+1 1.418056e+0 4.800000e+0
      vertex -2.890000e+1 3.539229e-15 4.800000e+0
      vertex -2.800000e+1 3.429011e-15 5.200000e+0
    endloop
  endfacet
  facet normal -4.061183e-1 9.969644e-3 9.137661e-1
    outer loop
      vertex -2.886519e+1 1.418056e+0 4.800000e+0
      vertex -2.800000e+1 3.429011e-15 5.200000e+0
      vertex -2.796627e+1 1.373895e+0 5.200000e+0
    endloop
  endfacet
  facet normal -4.061183e-1 -9.969644e-3 9.137661e-1
    outer loop
      vertex -2.890000e+1 3.539229e-15 4.800000e+0
      vertex -2.886519e+1 -1.418056e+0 4.800000e+0
      vertex -2.796627e+1 -1.373895e+0 5.200000e+0
    endloop
  endfacet
  facet normal -4.061183e-1 -9.969644e-3 9.137661e-1
    outer loop
      vertex -2.890000e+1 3.539229e-15 4.800000e+0
      vertex -2.796627e+1 -1.373895e+0 5.200000e+0
      vertex -2.800000e+1 3.429011e-15 5.200000e+0
    endloop
  endfacet
  facet normal -4.051399e-1 -2.988491e-2 9.137661e-1
    outer loop
      vertex -2.886519e+1 -1.418056e+0 4.800000e+0
      vertex -2.876084e+1 -2.832695e+0 4.800000e+0
      vertex -2.786517e+1 -2.744480e+0 5.200000e+0
    endloop
  endfacet
  facet normal -4.051399e-1 -2.988491e-2 9.137661e-1
    outer loop
      vertex -2.886519e+1 -1.418056e+0 4.800000e+0
      vertex -2.786517e+1 -2.744480e+0 5.200000e+0
      vertex -2.796627e+1 -1.373895e+0 5.200000e+0
    endloop
  endfacet
  facet normal -4.031855e-1 -4.972819e-2 9.137661e-1
    outer loop
      vertex -2.876084e+1 -2.832695e+0 4.800000e+0
      vertex -2.858720e+1 -4.240511e+0 4.800000e+0
      vertex -2.769694e+1 -4.108453e+0 5.200000e+0
    endloop
  endfacet
  facet normal -4.031855e-1 -4.972819e-2 9.137661e-1
    outer loop
      vertex -2.876084e+1 -2.832695e+0 4.800000e+0
      vertex -2.769694e+1 -4.108453e+0 5.200000e+0
      vertex -2.786517e+1 -2.744480e+0 5.200000e+0
    endloop
  endfacet
  facet normal -4.002598e-1 -6.945167e-2 9.137661e-1
    outer loop
      vertex -2.858720e+1 -4.240511e+0 4.800000e+0
      vertex -2.834469e+1 -5.638110e+0 4.800000e+0
      vertex -2.746199e+1 -5.462529e+0 5.200000e+0
    endloop
  endfacet
  facet normal -4.002598e-1 -6.945167e-2 9.137661e-1
    outer loop
      vertex -2.858720e+1 -4.240511e+0 4.800000e+0
      vertex -2.746199e+1 -5.462529e+0 5.200000e+0
      vertex -2.769694e+1 -4.108453e+0 5.200000e+0
    endloop
  endfacet
  facet normal -3.963699e-1 -8.900783e-2 9.137661e-1
    outer loop
      vertex -2.834469e+1 -5.638110e+0 4.800000e+0
      vertex -2.803390e+1 -7.022127e+0 4.800000e+0
      vertex -2.716088e+1 -6.803445e+0 5.200000e+0
    endloop
  endfacet
  facet normal -3.963699e-1 -8.900783e-2 9.137661e-1
    outer loop
      vertex -2.834469e+1 -5.638110e+0 4.800000e+0
      vertex -2.716088e+1 -6.803445e+0 5.200000e+0
      vertex -2.746199e+1 -5.462529e+0 5.200000e+0
    endloop
  endfacet
  facet normal -3.915250e-1 -1.083496e-1 9.137661e-1
    outer loop
      vertex -2.803390e+1 -7.022127e+0 4.800000e+0
      vertex -2.765558e+1 -8.389227e+0 4.800000e+0
      vertex -2.679433e+1 -8.127971e+0 5.200000e+0
    endloop
  endfacet
  facet normal -3.915250e-1 -1.083496e-1 9.137661e-1
    outer loop
      vertex -2.803390e+1 -7.022127e+0 4.800000e+0
      vertex -2.679433e+1 -8.127971e+0 5.200000e+0
      vertex -2.716088e+1 -6.803445e+0 5.200000e+0
    endloop
  endfacet
  facet normal -3.857369e-1 -1.274303e-1 9.137661e-1
    outer loop
      vertex -2.765558e+1 -8.389227e+0 4.800000e+0
      vertex -2.721062e+1 -9.736117e+0 4.800000e+0
      vertex -2.636323e+1 -9.432916e+0 5.200000e+0
    endloop
  endfacet
  facet normal -3.857369e-1 -1.274303e-1 9.137661e-1
    outer loop
      vertex -2.765558e+1 -8.389227e+0 4.800000e+0
      vertex -2.636323e+1 -9.432916e+0 5.200000e+0
      vertex -2.679433e+1 -8.127971e+0 5.200000e+0
    endloop
  endfacet
  facet normal -3.790196e-1 -1.462040e-1 9.137661e-1
    outer loop
      vertex -2.721062e+1 -9.736117e+0 4.800000e+0
      vertex -2.670012e+1 -1.105955e+1 4.800000e+0
      vertex -2.586863e+1 -1.071514e+1 5.200000e+0
    endloop
  endfacet
  facet normal -3.790196e-1 -1.462040e-1 9.137661e-1
    outer loop
      vertex -2.721062e+1 -9.736117e+0 4.800000e+0
      vertex -2.586863e+1 -1.071514e+1 5.200000e+0
      vertex -2.636323e+1 -9.432916e+0 5.200000e+0
    endloop
  endfacet
  facet normal -3.713892e-1 -1.646255e-1 9.137661e-1
    outer loop
      vertex -2.670012e+1 -1.105955e+1 4.800000e+0
      vertex -2.612529e+1 -1.235634e+1 4.800000e+0
      vertex -2.531170e+1 -1.197154e+1 5.200000e+0
    endloop
  endfacet
  facet normal -3.713892e-1 -1.646255e-1 9.137661e-1
    outer loop
      vertex -2.670012e+1 -1.105955e+1 4.800000e+0
      vertex -2.531170e+1 -1.197154e+1 5.200000e+0
      vertex -2.586863e+1 -1.071514e+1 5.200000e+0
    endloop
  endfacet
  facet normal -3.628640e-1 -1.826504e-1 9.137661e-1
    outer loop
      vertex -2.612529e+1 -1.235634e+1 4.800000e+0
      vertex -2.548752e+1 -1.362337e+1 4.800000e+0
      vertex -2.469380e+1 -1.319911e+1 5.200000e+0
    endloop
  endfacet
  facet normal -3.628640e-1 -1.826504e-1 9.137661e-1
    outer loop
      vertex -2.612529e+1 -1.235634e+1 4.800000e+0
      vertex -2.469380e+1 -1.319911e+1 5.200000e+0
      vertex -2.531170e+1 -1.197154e+1 5.200000e+0
    endloop
  endfacet
  facet normal -3.534647e-1 -2.002353e-1 9.137661e-1
    outer loop
      vertex -2.548752e+1 -1.362337e+1 4.800000e+0
      vertex -2.478836e+1 -1.485757e+1 4.800000e+0
      vertex -2.401640e+1 -1.439488e+1 5.200000e+0
    endloop
  endfacet
  facet normal -3.534647e-1 -2.002353e-1 9.137661e-1
    outer loop
      vertex -2.548752e+1 -1.362337e+1 4.800000e+0
      vertex -2.401640e+1 -1.439488e+1 5.200000e+0
      vertex -2.469380e+1 -1.319911e+1 5.200000e+0
    endloop
  endfacet
  facet normal -3.432138e-1 -2.173378e-1 9.137661e-1
    outer loop
      vertex -2.478836e+1 -1.485757e+1 4.800000e+0
      vertex -2.402947e+1 -1.605598e+1 4.800000e+0
      vertex -2.328115e+1 -1.555597e+1 5.200000e+0
    endloop
  endfacet
  facet normal -3.432138e-1 -2.173378e-1 9.137661e-1
    outer loop
      vertex -2.478836e+1 -1.485757e+1 4.800000e+0
      vertex -2.328115e+1 -1.555597e+1 5.200000e+0
      vertex -2.401640e+1 -1.439488e+1 5.200000e+0
    endloop
  endfacet
  facet normal -3.321362e-1 -2.339167e-1 9.137661e-1
    outer loop
      vertex -2.402947e+1 -1.605598e+1 4.800000e+0
      vertex -2.321270e+1 -1.721571e+1 4.800000e+0
      vertex -2.248981e+1 -1.667958e+1 5.200000e+0
    endloop
  endfacet
  facet normal -3.321362e-1 -2.339167e-1 9.137661e-1
    outer loop
      vertex -2.402947e+1 -1.605598e+1 4.800000e+0
      vertex -2.248981e+1 -1.667958e+1 5.200000e+0
      vertex -2.328115e+1 -1.555597e+1 5.200000e+0
    endloop
  endfacet
  facet normal -3.202584e-1 -2.499321e-1 9.137661e-1
    outer loop
      vertex -2.321270e+1 -1.721571e+1 4.800000e+0
      vertex -2.234000e+1 -1.833397e+1 4.800000e+0
      vertex -2.164429e+1 -1.776301e+1 5.200000e+0
    endloop
  endfacet
  facet normal -3.202584e-1 -2.499321e-1 9.137661e-1
    outer loop
      vertex -2.321270e+1 -1.721571e+1 4.800000e+0
      vertex -2.164429e+1 -1.776301e+1 5.200000e+0
      vertex -2.248981e+1 -1.667958e+1 5.200000e+0
    endloop
  endfacet
  facet normal -3.076090e-1 -2.653453e-1 9.137661e-1
    outer loop
      vertex -2.234000e+1 -1.833397e+1 4.800000e+0
      vertex -2.141349e+1 -1.940805e+1 4.800000e+0
      vertex -2.074663e+1 -1.880365e+1 5.200000e+0
    endloop
  endfacet
  facet normal -3.076090e-1 -2.653453e-1 9.137661e-1
    outer loop
      vertex -2.234000e+1 -1.833397e+1 4.800000e+0
      vertex -2.074663e+1 -1.880365e+1 5.200000e+0
      vertex -2.164429e+1 -1.776301e+1 5.200000e+0
    endloop
  endfacet
  facet normal -2.942186e-1 -2.801194e-1 9.137661e-1
    outer loop
      vertex -2.141349e+1 -1.940805e+1 4.800000e+0
      vertex -2.043539e+1 -2.043539e+1 4.800000e+0
      vertex -1.979899e+1 -1.979899e+1 5.200000e+0
    endloop
  endfacet
  facet normal -2.942186e-1 -2.801194e-1 9.137661e-1
    outer loop
      vertex -2.141349e+1 -1.940805e+1 4.800000e+0
      vertex -1.979899e+1 -1.979899e+1 5.200000e+0
      vertex -2.074663e+1 -1.880365e+1 5.200000e+0
    endloop
  endfacet
  facet normal -2.801194e-1 -2.942186e-1 9.137661e-1
    outer loop
      vertex -2.043539e+1 -2.043539e+1 4.800000e+0
      vertex -1.940805e+1 -2.141349e+1 4.800000e+0
      vertex -1.880365e+1 -2.074663e+1 5.200000e+0
    endloop
  endfacet
  facet normal -2.801194e-1 -2.942186e-1 9.137661e-1
    outer loop
      vertex -2.043539e+1 -2.043539e+1 4.800000e+0
      vertex -1.880365e+1 -2.074663e+1 5.200000e+0
      vertex -1.979899e+1 -1.979899e+1 5.200000e+0
    endloop
  endfacet
  facet normal -2.653453e-1 -3.076090e-1 9.137661e-1
    outer loop
      vertex -1.940805e+1 -2.141349e+1 4.800000e+0
      vertex -1.833397e+1 -2.234000e+1 4.800000e+0
      vertex -1.776301e+1 -2.164429e+1 5.200000e+0
    endloop
  endfacet
  facet normal -2.653453e-1 -3.076090e-1 9.137661e-1
    outer loop
      vertex -1.940805e+1 -2.141349e+1 4.800000e+0
      vertex -1.776301e+1 -2.164429e+1 5.200000e+0
      vertex -1.880365e+1 -2.074663e+1 5.200000e+0
    endloop
  endfacet
  facet normal -2.499321e-1 -3.202584e-1 9.137661e-1
    outer loop
      vertex -1.833397e+1 -2.234000e+1 4.800000e+0
      vertex -1.721571e+1 -2.321270e+1 4.800000e+0
      vertex -1.667958e+1 -2.248981e+1 5.200000e+0
    endloop
  endfacet
  facet normal -2.499321e-1 -3.202584e-1 9.137661e-1
    outer loop
      vertex -1.833397e+1 -2.234000e+1 4.800000e+0
      vertex -1.667958e+1 -2.248981e+1 5.200000e+0
      vertex -1.776301e+1 -2.164429e+1 5.200000e+0
    endloop
  endfacet
  facet normal -2.339167e-1 -3.321362e-1 9.137661e-1
    outer loop
      vertex -1.721571e+1 -2.321270e+1 4.800000e+0
      vertex -1.605598e+1 -2.402947e+1 4.800000e+0
      vertex -1.555597e+1 -2.328115e+1 5.200000e+0
    endloop
  endfacet
  facet normal -2.339167e-1 -3.321362e-1 9.137661e-1
    outer loop
      vertex -1.721571e+1 -2.321270e+1 4.800000e+0
      vertex -1.555597e+1 -2.328115e+1 5.200000e+0
      vertex -1.667958e+1 -2.248981e+1 5.200000e+0
    endloop
  endfacet
  facet normal -2.173378e-1 -3.432138e-1 9.137661e-1
    outer loop
      vertex -1.605598e+1 -2.402947e+1 4.800000e+0
      vertex -1.485757e+1 -2.478836e+1 4.800000e+0
      vertex -1.439488e+1 -2.401640e+1 5.200000e+0
    endloop
  endfacet
  facet normal -2.173378e-1 -3.432138e-1 9.137661e-1
    outer loop
      vertex -1.605598e+1 -2.402947e+1 4.800000e+0
      vertex -1.439488e+1 -2.401640e+1 5.200000e+0
      vertex -1.555597e+1 -2.328115e+1 5.200000e+0
    endloop
  endfacet
  facet normal -2.002353e-1 -3.534647e-1 9.137661e-1
    outer loop
      vertex -1.485757e+1 -2.478836e+1 4.800000e+0
      vertex -1.362337e+1 -2.548752e+1 4.800000e+0
      vertex -1.319911e+1 -2.469380e+1 5.200000e+0
    endloop
  endfacet
  facet normal -2.002353e-1 -3.534647e-1 9.137661e-1
    outer loop
      vertex -1.485757e+1 -2.478836e+1 4.800000e+0
      vertex -1.319911e+1 -2.469380e+1 5.200000e+0
      vertex -1.439488e+1 -2.401640e+1 5.200000e+0
    endloop
  endfacet
  facet normal -1.826504e-1 -3.628640e-1 9.137661e-1
    outer loop
      vertex -1.362337e+1 -2.548752e+1 4.800000e+0
      vertex -1.235634e+1 -2.612529e+1 4.800000e+0
      vertex -1.197154e+1 -2.531170e+1 5.200000e+0
    endloop
  endfacet
  facet normal -1.826504e-1 -3.628640e-1 9.137661e-1
    outer loop
      vertex -1.362337e+1 -2.548752e+1 4.800000e+0
      vertex -1.197154e+1 -2.531170e+1 5.200000e+0
      vertex -1.319911e+1 -2.469380e+1 5.200000e+0
    endloop
  endfacet
  facet normal -1.646255e-1 -3.713892e-1 9.137661e-1
    outer loop
      vertex -1.235634e+1 -2.612529e+1 4.800000e+0
      vertex -1.105955e+1 -2.670012e+1 4.800000e+0
      vertex -1.071514e+1 -2.586863e+1 5.200000e+0
    endloop
  endfacet
  facet normal -1.646255e-1 -3.713892e-1 9.137661e-1
    outer loop
      vertex -1.235634e+1 -2.612529e+1 4.800000e+0
      vertex -1.071514e+1 -2.586863e+1 5.200000e+0
      vertex -1.197154e+1 -2.531170e+1 5.200000e+0
    endloop
  endfacet
  facet normal -1.462040e-1 -3.790196e-1 9.137661e-1
    outer loop
      vertex -1.105955e+1 -2.670012e+1 4.800000e+0
      vertex -9.736117e+0 -2.721062e+1 4.800000e+0
      vertex -9.432916e+0 -2.636323e+1 5.200000e+0
    endloop
  endfacet
  facet normal -1.462040e-1 -3.790196e-1 9.137661e-1
    outer loop
      vertex -1.105955e+1 -2.670012e+1 4.800000e+0
      vertex -9.432916e+0 -2.636323e+1 5.200000e+0
      vertex -1.071514e+1 -2.586863e+1 5.200000e+0
    endloop
  endfacet
  facet normal -1.274303e-1 -3.857369e-1 9.137661e-1
    outer loop
      vertex -9.736117e+0 -2.721062e+1 4.800000e+0
      vertex -8.389227e+0 -2.765558e+1 4.800000e+0
      vertex -8.127971e+0 -2.679433e+1 5.200000e+0
    endloop
  endfacet
  facet normal -1.274303e-1 -3.857369e-1 9.137661e-1
    outer loop
      vertex -9.736117e+0 -2.721062e+1 4.800000e+0
      vertex -8.127971e+0 -2.679433e+1 5.200000e+0
      vertex -9.432916e+0 -2.636323e+1 5.200000e+0
    endloop
  endfacet
  facet normal -1.083496e-1 -3.915250e-1 9.137661e-1
    outer loop
      vertex -8.389227e+0 -2.765558e+1 4.800000e+0
      vertex -7.022127e+0 -2.803390e+1 4.800000e+0
      vertex -6.803445e+0 -2.716088e+1 5.200000e+0
    endloop
  endfacet
  facet normal -1.083496e-1 -3.915250e-1 9.137661e-1
    outer loop
      vertex -8.389227e+0 -2.765558e+1 4.800000e+0
      vertex -6.803445e+0 -2.716088e+1 5.200000e+0
      vertex -8.127971e+0 -2.679433e+1 5.200000e+0
    endloop
  endfacet
  facet normal -8.900783e-2 -3.963699e-1 9.137661e-1
    outer loop
      vertex -7.022127e+0 -2.803390e+1 4.800000e+0
      vertex -5.638110e+0 -2.834469e+1 4.800000e+0
      vertex -5.462529e+0 -2.746199e+1 5.200000e+0
    endloop
  endfacet
  facet normal -8.900783e-2 -3.963699e-1 9.137661e-1
    outer loop
      vertex -7.022127e+0 -2.803390e+1 4.800000e+0
      vertex -5.462529e+0 -2.746199e+1 5.200000e+0
      vertex -6.803445e+0 -2.716088e+1 5.200000e+0
    endloop
  endfacet
  facet normal -6.945167e-2 -4.002598e-1 9.137661e-1
    outer loop
      vertex -5.638110e+0 -2.834469e+1 4.800000e+0
      vertex -4.240511e+0 -2.858720e+1 4.800000e+0
      vertex -4.108453e+0 -2.769694e+1 5.200000e+0
    endloop
  endfacet
  facet normal -6.945167e-2 -4.002598e-1 9.137661e-1
    outer loop
      vertex -5.638110e+0 -2.834469e+1 4.800000e+0
      vertex -4.108453e+0 -2.769694e+1 5.200000e+0
      vertex -5.462529e+0 -2.746199e+1 5.200000e+0
    endloop
  endfacet
  facet normal -4.972819e-2 -4.031855e-1 9.137661e-1
    outer loop
      vertex -4.240511e+0 -2.858720e+1 4.800000e+0
      vertex -2.832695e+0 -2.876084e+1 4.800000e+0
      vertex -2.744480e+0 -2.786517e+1 5.200000e+0
    endloop
  endfacet
  facet normal -4.972819e-2 -4.031855e-1 9.137661e-1
    outer loop
      vertex -4.240511e+0 -2.858720e+1 4.800000e+0
      vertex -2.744480e+0 -2.786517e+1 5.200000e+0
      vertex -4.108453e+0 -2.769694e+1 5.200000e+0
    endloop
  endfacet
  facet normal -2.988491e-2 -4.051399e-1 9.137661e-1
    outer loop
      vertex -2.832695e+0 -2.876084e+1 4.800000e+0
      vertex -1.418056e+0 -2.886519e+1 4.800000e+0
      vertex -1.373895e+0 -2.796627e+1 5.200000e+0
    endloop
  endfacet
  facet normal -2.988491e-2 -4.051399e-1 9.137661e-1
    outer loop
      vertex -2.832695e+0 -2.876084e+1 4.800000e+0
      vertex -1.373895e+0 -2.796627e+1 5.200000e+0
      vertex -2.744480e+0 -2.786517e+1 5.200000e+0
    endloop
  endfacet
  facet normal -9.969644e-3 -4.061183e-1 9.137661e-1
    outer loop
      vertex -1.418056e+0 -2.886519e+1 4.800000e+0
      vertex -5.308844e-15 -2.890000e+1 4.800000e+0
      vertex -5.143517e-15 -2.800000e+1 5.200000e+0
    endloop
  endfacet
  facet normal -9.969644e-3 -4.061183e-1 9.137661e-1
    outer loop
      vertex -1.418056e+0 -2.886519e+1 4.800000e+0
      vertex -5.143517e-15 -2.800000e+1 5.200000e+0
      vertex -1.373895e+0 -2.796627e+1 5.200000e+0
    endloop
  endfacet
  facet normal 9.969644e-3 -4.061183e-1 9.137661e-1
    outer loop
      vertex -5.308844e-15 -2.890000e+1 4.800000e+0
      vertex 1.418056e+0 -2.886519e+1 4.800000e+0
      vertex 1.373895e+0 -2.796627e+1 5.200000e+0
    endloop
  endfacet
  facet normal 9.969644e-3 -4.061183e-1 9.137661e-1
    outer loop
      vertex -5.308844e-15 -2.890000e+1 4.800000e+0
      vertex 1.373895e+0 -2.796627e+1 5.200000e+0
      vertex -5.143517e-15 -2.800000e+1 5.200000e+0
    endloop
  endfacet
  facet normal 2.988491e-2 -4.051399e-1 9.137661e-1
    outer loop
      vertex 1.418056e+0 -2.886519e+1 4.800000e+0
      vertex 2.832695e+0 -2.876084e+1 4.800000e+0
      vertex 2.744480e+0 -2.786517e+1 5.200000e+0
    endloop
  endfacet
  facet normal 2.988491e-2 -4.051399e-1 9.137661e-1
    outer loop
      vertex 1.418056e+0 -2.886519e+1 4.800000e+0
      vertex 2.744480e+0 -2.786517e+1 5.200000e+0
      vertex 1.373895e+0 -2.796627e+1 5.200000e+0
    endloop
  endfacet
  facet normal 4.972819e-2 -4.031855e-1 9.137661e-1
    outer loop
      vertex 2.832695e+0 -2.876084e+1 4.800000e+0
      vertex 4.240511e+0 -2.858720e+1 4.800000e+0
      vertex 4.108453e+0 -2.769694e+1 5.200000e+0
    endloop
  endfacet
  facet normal 4.972819e-2 -4.031855e-1 9.137661e-1
    outer loop
      vertex 2.832695e+0 -2.876084e+1 4.800000e+0
      vertex 4.108453e+0 -2.769694e+1 5.200000e+0
      vertex 2.744480e+0 -2.786517e+1 5.200000e+0
    endloop
  endfacet
  facet normal 6.945167e-2 -4.002598e-1 9.137661e-1
    outer loop
      vertex 4.240511e+0 -2.858720e+1 4.800000e+0
      vertex 5.638110e+0 -2.834469e+1 4.800000e+0
      vertex 5.462529e+0 -2.746199e+1 5.200000e+0
    endloop
  endfacet
  facet normal 6.945167e-2 -4.002598e-1 9.137661e-1
    outer loop
      vertex 4.240511e+0 -2.858720e+1 4.800000e+0
      vertex 5.462529e+0 -2.746199e+1 5.200000e+0
      vertex 4.108453e+0 -2.769694e+1 5.200000e+0
    endloop
  endfacet
  facet normal 8.900783e-2 -3.963699e-1 9.137661e-1
    outer loop
      vertex 5.638110e+0 -2.834469e+1 4.800000e+0
      vertex 7.022127e+0 -2.803390e+1 4.800000e+0
      vertex 6.803445e+0 -2.716088e+1 5.200000e+0
    endloop
  endfacet
  facet normal 8.900783e-2 -3.963699e-1 9.137661e-1
    outer loop
      vertex 5.638110e+0 -2.834469e+1 4.800000e+0
      vertex 6.803445e+0 -2.716088e+1 5.200000e+0
      vertex 5.462529e+0 -2.746199e+1 5.200000e+0
    endloop
  endfacet
  facet normal 1.083496e-1 -3.915250e-1 9.137661e-1
    outer loop
      vertex 7.022127e+0 -2.803390e+1 4.800000e+0
      vertex 8.389227e+0 -2.765558e+1 4.800000e+0
      vertex 8.127971e+0 -2.679433e+1 5.200000e+0
    endloop
  endfacet
  facet normal 1.083496e-1 -3.915250e-1 9.137661e-1
    outer loop
      vertex 7.022127e+0 -2.803390e+1 4.800000e+0
      vertex 8.127971e+0 -2.679433e+1 5.200000e+0
      vertex 6.803445e+0 -2.716088e+1 5.200000e+0
    endloop
  endfacet
  facet normal 1.274303e-1 -3.857369e-1 9.137661e-1
    outer loop
      vertex 8.389227e+0 -2.765558e+1 4.800000e+0
      vertex 9.736117e+0 -2.721062e+1 4.800000e+0
      vertex 9.432916e+0 -2.636323e+1 5.200000e+0
    endloop
  endfacet
  facet normal 1.274303e-1 -3.857369e-1 9.137661e-1
    outer loop
      vertex 8.389227e+0 -2.765558e+1 4.800000e+0
      vertex 9.432916e+0 -2.636323e+1 5.200000e+0
      vertex 8.127971e+0 -2.679433e+1 5.200000e+0
    endloop
  endfacet
  facet normal 1.462040e-1 -3.790196e-1 9.137661e-1
    outer loop
      vertex 9.736117e+0 -2.721062e+1 4.800000e+0
      vertex 1.105955e+1 -2.670012e+1 4.800000e+0
      vertex 1.071514e+1 -2.586863e+1 5.200000e+0
    endloop
  endfacet
  facet normal 1.462040e-1 -3.790196e-1 9.137661e-1
    outer loop
      vertex 9.736117e+0 -2.721062e+1 4.800000e+0
      vertex 1.071514e+1 -2.586863e+1 5.200000e+0
      vertex 9.432916e+0 -2.636323e+1 5.200000e+0
    endloop
  endfacet
  facet normal 1.646255e-1 -3.713892e-1 9.137661e-1
    outer loop
      vertex 1.105955e+1 -2.670012e+1 4.800000e+0
      vertex 1.235634e+1 -2.612529e+1 4.800000e+0
      vertex 1.197154e+1 -2.531170e+1 5.200000e+0
    endloop
  endfacet
  facet normal 1.646255e-1 -3.713892e-1 9.137661e-1
    outer loop
      vertex 1.105955e+1 -2.670012e+1 4.800000e+0
      vertex 1.197154e+1 -2.531170e+1 5.200000e+0
      vertex 1.071514e+1 -2.586863e+1 5.200000e+0
    endloop
  endfacet
  facet normal 1.826504e-1 -3.628640e-1 9.137661e-1
    outer loop
      vertex 1.235634e+1 -2.612529e+1 4.800000e+0
      vertex 1.362337e+1 -2.548752e+1 4.800000e+0
      vertex 1.319911e+1 -2.469380e+1 5.200000e+0
    endloop
  endfacet
  facet normal 1.826504e-1 -3.628640e-1 9.137661e-1
    outer loop
      vertex 1.235634e+1 -2.612529e+1 4.800000e+0
      vertex 1.319911e+1 -2.469380e+1 5.200000e+0
      vertex 1.197154e+1 -2.531170e+1 5.200000e+0
    endloop
  endfacet
  facet normal 2.002353e-1 -3.534647e-1 9.137661e-1
    outer loop
      vertex 1.362337e+1 -2.548752e+1 4.800000e+0
      vertex 1.485757e+1 -2.478836e+1 4.800000e+0
      vertex 1.439488e+1 -2.401640e+1 5.200000e+0
    endloop
  endfacet
  facet normal 2.002353e-1 -3.534647e-1 9.137661e-1
    outer loop
      vertex 1.362337e+1 -2.548752e+1 4.800000e+0
      vertex 1.439488e+1 -2.401640e+1 5.200000e+0
      vertex 1.319911e+1 -2.469380e+1 5.200000e+0
    endloop
  endfacet
  facet normal 2.173378e-1 -3.432138e-1 9.137661e-1
    outer loop
      vertex 1.485757e+1 -2.478836e+1 4.800000e+0
      vertex 1.605598e+1 -2.402947e+1 4.800000e+0
      vertex 1.555597e+1 -2.328115e+1 5.200000e+0
    endloop
  endfacet
  facet normal 2.173378e-1 -3.432138e-1 9.137661e-1
    outer loop
      vertex 1.485757e+1 -2.478836e+1 4.800000e+0
      vertex 1.555597e+1 -2.328115e+1 5.200000e+0
      vertex 1.439488e+1 -2.401640e+1 5.200000e+0
    endloop
  endfacet
  facet normal 2.339167e-1 -3.321362e-1 9.137661e-1
    outer loop
      vertex 1.605598e+1 -2.402947e+1 4.800000e+0
      vertex 1.721571e+1 -2.321270e+1 4.800000e+0
      vertex 1.667958e+1 -2.248981e+1 5.200000e+0
    endloop
  endfacet
  facet normal 2.339167e-1 -3.321362e-1 9.137661e-1
    outer loop
      vertex 1.605598e+1 -2.402947e+1 4.800000e+0
      vertex 1.667958e+1 -2.248981e+1 5.200000e+0
      vertex 1.555597e+1 -2.328115e+1 5.200000e+0
    endloop
  endfacet
  facet normal 2.499321e-1 -3.202584e-1 9.137661e-1
    outer loop
      vertex 1.721571e+1 -2.321270e+1 4.800000e+0
      vertex 1.833397e+1 -2.234000e+1 4.800000e+0
      vertex 1.776301e+1 -2.164429e+1 5.200000e+0
    endloop
  endfacet
  facet normal 2.499321e-1 -3.202584e-1 9.137661e-1
    outer loop
      vertex 1.721571e+1 -2.321270e+1 4.800000e+0
      vertex 1.776301e+1 -2.164429e+1 5.200000e+0
      vertex 1.667958e+1 -2.248981e+1 5.200000e+0
    endloop
  endfacet
  facet normal 2.653453e-1 -3.076090e-1 9.137661e-1
    outer loop
      vertex 1.833397e+1 -2.234000e+1 4.800000e+0
      vertex 1.940805e+1 -2.141349e+1 4.800000e+0
      vertex 1.880365e+1 -2.074663e+1 5.200000e+0
    endloop
  endfacet
  facet normal 2.653453e-1 -3.076090e-1 9.137661e-1
    outer loop
      vertex 1.833397e+1 -2.234000e+1 4.800000e+0
      vertex 1.880365e+1 -2.074663e+1 5.200000e+0
      vertex 1.776301e+1 -2.164429e+1 5.200000e+0
    endloop
  endfacet
  facet normal 2.801194e-1 -2.942186e-1 9.137661e-1
    outer loop
      vertex 1.940805e+1 -2.141349e+1 4.800000e+0
      vertex 2.043539e+1 -2.043539e+1 4.800000e+0
      vertex 1.979899e+1 -1.979899e+1 5.200000e+0
    endloop
  endfacet
  facet normal 2.801194e-1 -2.942186e-1 9.137661e-1
    outer loop
      vertex 1.940805e+1 -2.141349e+1 4.800000e+0
      vertex 1.979899e+1 -1.979899e+1 5.200000e+0
      vertex 1.880365e+1 -2.074663e+1 5.200000e+0
    endloop
  endfacet
  facet normal 2.942186e-1 -2.801194e-1 9.137661e-1
    outer loop
      vertex 2.043539e+1 -2.043539e+1 4.800000e+0
      vertex 2.141349e+1 -1.940805e+1 4.800000e+0
      vertex 2.074663e+1 -1.880365e+1 5.200000e+0
    endloop
  endfacet
  facet normal 2.942186e-1 -2.801194e-1 9.137661e-1
    outer loop
      vertex 2.043539e+1 -2.043539e+1 4.800000e+0
      vertex 2.074663e+1 -1.880365e+1 5.200000e+0
      vertex 1.979899e+1 -1.979899e+1 5.200000e+0
    endloop
  endfacet
  facet normal 3.076090e-1 -2.653453e-1 9.137661e-1
    outer loop
      vertex 2.141349e+1 -1.940805e+1 4.800000e+0
      vertex 2.234000e+1 -1.833397e+1 4.800000e+0
      vertex 2.164429e+1 -1.776301e+1 5.200000e+0
    endloop
  endfacet
  facet normal 3.076090e-1 -2.653453e-1 9.137661e-1
    outer loop
      vertex 2.141349e+1 -1.940805e+1 4.800000e+0
      vertex 2.164429e+1 -1.776301e+1 5.200000e+0
      vertex 2.074663e+1 -1.880365e+1 5.200000e+0
    endloop
  endfacet
  facet normal 3.202584e-1 -2.499321e-1 9.137661e-1
    outer loop
      vertex 2.234000e+1 -1.833397e+1 4.800000e+0
      vertex 2.321270e+1 -1.721571e+1 4.800000e+0
      vertex 2.248981e+1 -1.667958e+1 5.200000e+0
    endloop
  endfacet
  facet normal 3.202584e-1 -2.499321e-1 9.137661e-1
    outer loop
      vertex 2.234000e+1 -1.833397e+1 4.800000e+0
      vertex 2.248981e+1 -1.667958e+1 5.200000e+0
      vertex 2.164429e+1 -1.776301e+1 5.200000e+0
    endloop
  endfacet
  facet normal 3.321362e-1 -2.339167e-1 9.137661e-1
    outer loop
      vertex 2.321270e+1 -1.721571e+1 4.800000e+0
      vertex 2.402947e+1 -1.605598e+1 4.800000e+0
      vertex 2.328115e+1 -1.555597e+1 5.200000e+0
    endloop
  endfacet
  facet normal 3.321362e-1 -2.339167e-1 9.137661e-1
    outer loop
      vertex 2.321270e+1 -1.721571e+1 4.800000e+0
      vertex 2.328115e+1 -1.555597e+1 5.200000e+0
      vertex 2.248981e+1 -1.667958e+1 5.200000e+0
    endloop
  endfacet
  facet normal 3.432138e-1 -2.173378e-1 9.137661e-1
    outer loop
      vertex 2.402947e+1 -1.605598e+1 4.800000e+0
      vertex 2.478836e+1 -1.485757e+1 4.800000e+0
      vertex 2.401640e+1 -1.439488e+1 5.200000e+0
    endloop
  endfacet
  facet normal 3.432138e-1 -2.173378e-1 9.137661e-1
    outer loop
      vertex 2.402947e+1 -1.605598e+1 4.800000e+0
      vertex 2.401640e+1 -1.439488e+1 5.200000e+0
      vertex 2.328115e+1 -1.555597e+1 5.200000e+0
    endloop
  endfacet
  facet normal 3.534647e-1 -2.002353e-1 9.137661e-1
    outer loop
      vertex 2.478836e+1 -1.485757e+1 4.800000e+0
      vertex 2.548752e+1 -1.362337e+1 4.800000e+0
      vertex 2.469380e+1 -1.319911e+1 5.200000e+0
    endloop
  endfacet
  facet normal 3.534647e-1 -2.002353e-1 9.137661e-1
    outer loop
      vertex 2.478836e+1 -1.485757e+1 4.800000e+0
      vertex 2.469380e+1 -1.319911e+1 5.200000e+0
      vertex 2.401640e+1 -1.439488e+1 5.200000e+0
    endloop
  endfacet
  facet normal 3.628640e-1 -1.826504e-1 9.137661e-1
    outer loop
      vertex 2.548752e+1 -1.362337e+1 4.800000e+0
      vertex 2.612529e+1 -1.235634e+1 4.800000e+0
      vertex 2.531170e+1 -1.197154e+1 5.200000e+0
    endloop
  endfacet
  facet normal 3.628640e-1 -1.826504e-1 9.137661e-1
    outer loop
      vertex 2.548752e+1 -1.362337e+1 4.800000e+0
      vertex 2.531170e+1 -1.197154e+1 5.200000e+0
      vertex 2.469380e+1 -1.319911e+1 5.200000e+0
    endloop
  endfacet
  facet normal 3.713892e-1 -1.646255e-1 9.137661e-1
    outer loop
      vertex 2.612529e+1 -1.235634e+1 4.800000e+0
      vertex 2.670012e+1 -1.105955e+1 4.800000e+0
      vertex 2.586863e+1 -1.071514e+1 5.200000e+0
    endloop
  endfacet
  facet normal 3.713892e-1 -1.646255e-1 9.137661e-1
    outer loop
      vertex 2.612529e+1 -1.235634e+1 4.800000e+0
      vertex 2.586863e+1 -1.071514e+1 5.200000e+0
      vertex 2.531170e+1 -1.197154e+1 5.200000e+0
    endloop
  endfacet
  facet normal 3.790196e-1 -1.462040e-1 9.137661e-1
    outer loop
      vertex 2.670012e+1 -1.105955e+1 4.800000e+0
      vertex 2.721062e+1 -9.736117e+0 4.800000e+0
      vertex 2.636323e+1 -9.432916e+0 5.200000e+0
    endloop
  endfacet
  facet normal 3.790196e-1 -1.462040e-1 9.137661e-1
    outer loop
      vertex 2.670012e+1 -1.105955e+1 4.800000e+0
      vertex 2.636323e+1 -9.432916e+0 5.200000e+0
      vertex 2.586863e+1 -1.071514e+1 5.200000e+0
    endloop
  endfacet
  facet normal 3.857369e-1 -1.274303e-1 9.137661e-1
    outer loop
      vertex 2.721062e+1 -9.736117e+0 4.800000e+0
      vertex 2.765558e+1 -8.389227e+0 4.800000e+0
      vertex 2.679433e+1 -8.127971e+0 5.200000e+0
    endloop
  endfacet
  facet normal 3.857369e-1 -1.274303e-1 9.137661e-1
    outer loop
      vertex 2.721062e+1 -9.736117e+0 4.800000e+0
      vertex 2.679433e+1 -8.127971e+0 5.200000e+0
      vertex 2.636323e+1 -9.432916e+0 5.200000e+0
    endloop
  endfacet
  facet normal 3.915250e-1 -1.083496e-1 9.137661e-1
    outer loop
      vertex 2.765558e+1 -8.389227e+0 4.800000e+0
      vertex 2.803390e+1 -7.022127e+0 4.800000e+0
      vertex 2.716088e+1 -6.803445e+0 5.200000e+0
    endloop
  endfacet
  facet normal 3.915250e-1 -1.083496e-1 9.137661e-1
    outer loop
      vertex 2.765558e+1 -8.389227e+0 4.800000e+0
      vertex 2.716088e+1 -6.803445e+0 5.200000e+0
      vertex 2.679433e+1 -8.127971e+0 5.200000e+0
    endloop
  endfacet
  facet normal 3.963699e-1 -8.900783e-2 9.137661e-1
    outer loop
      vertex 2.803390e+1 -7.022127e+0 4.800000e+0
      vertex 2.834469e+1 -5.638110e+0 4.800000e+0
      vertex 2.746199e+1 -5.462529e+0 5.200000e+0
    endloop
  endfacet
  facet normal 3.963699e-1 -8.900783e-2 9.137661e-1
    outer loop
      vertex 2.803390e+1 -7.022127e+0 4.800000e+0
      vertex 2.746199e+1 -5.462529e+0 5.200000e+0
      vertex 2.716088e+1 -6.803445e+0 5.200000e+0
    endloop
  endfacet
  facet normal 4.002598e-1 -6.945167e-2 9.137661e-1
    outer loop
      vertex 2.834469e+1 -5.638110e+0 4.800000e+0
      vertex 2.858720e+1 -4.240511e+0 4.800000e+0
      vertex 2.769694e+1 -4.108453e+0 5.200000e+0
    endloop
  endfacet
  facet normal 4.002598e-1 -6.945167e-2 9.137661e-1
    outer loop
      vertex 2.834469e+1 -5.638110e+0 4.800000e+0
      vertex 2.769694e+1 -4.108453e+0 5.200000e+0
      vertex 2.746199e+1 -5.462529e+0 5.200000e+0
    endloop
  endfacet
  facet normal 4.031855e-1 -4.972819e-2 9.137661e-1
    outer loop
      vertex 2.858720e+1 -4.240511e+0 4.800000e+0
      vertex 2.876084e+1 -2.832695e+0 4.800000e+0
      vertex 2.786517e+1 -2.744480e+0 5.200000e+0
    endloop
  endfacet
  facet normal 4.031855e-1 -4.972819e-2 9.137661e-1
    outer loop
      vertex 2.858720e+1 -4.240511e+0 4.800000e+0
      vertex 2.786517e+1 -2.744480e+0 5.200000e+0
      vertex 2.769694e+1 -4.108453e+0 5.200000e+0
    endloop
  endfacet
  facet normal 4.051399e-1 -2.988491e-2 9.137661e-1
    outer loop
      vertex 2.876084e+1 -2.832695e+0 4.800000e+0
      vertex 2.886519e+1 -1.418056e+0 4.800000e+0
      vertex 2.796627e+1 -1.373895e+0 5.200000e+0
    endloop
  endfacet
  facet normal 4.051399e-1 -2.988491e-2 9.137661e-1
    outer loop
      vertex 2.876084e+1 -2.832695e+0 4.800000e+0
      vertex 2.796627e+1 -1.373895e+0 5.200000e+0
      vertex 2.786517e+1 -2.744480e+0 5.200000e+0
    endloop
  endfacet
  facet normal 4.061183e-1 -9.969644e-3 9.137661e-1
    outer loop
      vertex 2.886519e+1 -1.418056e+0 4.800000e+0
      vertex 2.890000e+1 -7.078458e-15 4.800000e+0
      vertex 2.800000e+1 -6.858022e-15 5.200000e+0
    endloop
  endfacet
  facet normal 4.061183e-1 -9.969644e-3 9.137661e-1
    outer loop
      vertex 2.886519e+1 -1.418056e+0 4.800000e+0
      vertex 2.800000e+1 -6.858022e-15 5.200000e+0
      vertex 2.796627e+1 -1.373895e+0 5.200000e+0
    endloop
  endfacet
  facet normal 9.996988e-1 2.454123e-2 0.000000e+0
    outer loop
      vertex 2.800000e+1 0.000000e+0 5.200000e+0
      vertex 2.796627e+1 1.373895e+0 5.200000e+0
      vertex 2.796627e+1 1.373895e+0 7.000000e+0
    endloop
  endfacet
  facet normal 9.996988e-1 2.454123e-2 0.000000e+0
    outer loop
      vertex 2.800000e+1 0.000000e+0 5.200000e+0
      vertex 2.796627e+1 1.373895e+0 7.000000e+0
      vertex 2.800000e+1 0.000000e+0 7.000000e+0
    endloop
  endfacet
  facet normal 9.972905e-1 7.356456e-2 0.000000e+0
    outer loop
      vertex 2.796627e+1 1.373895e+0 5.200000e+0
      vertex 2.786517e+1 2.744480e+0 5.200000e+0
      vertex 2.786517e+1 2.744480e+0 7.000000e+0
    endloop
  endfacet
  facet normal 9.972905e-1 7.356456e-2 0.000000e+0
    outer loop
      vertex 2.796627e+1 1.373895e+0 5.200000e+0
      vertex 2.786517e+1 2.744480e+0 7.000000e+0
      vertex 2.796627e+1 1.373895e+0 7.000000e+0
    endloop
  endfacet
  facet normal 9.924795e-1 1.224107e-1 0.000000e+0
    outer loop
      vertex 2.786517e+1 2.744480e+0 5.200000e+0
      vertex 2.769694e+1 4.108453e+0 5.200000e+0
      vertex 2.769694e+1 4.108453e+0 7.000000e+0
    endloop
  endfacet
  facet normal 9.924795e-1 1.224107e-1 0.000000e+0
    outer loop
      vertex 2.786517e+1 2.744480e+0 5.200000e+0
      vertex 2.769694e+1 4.108453e+0 7.000000e+0
      vertex 2.786517e+1 2.744480e+0 7.000000e+0
    endloop
  endfacet
  facet normal 9.852776e-1 1.709619e-1 0.000000e+0
    outer loop
      vertex 2.769694e+1 4.108453e+0 5.200000e+0
      vertex 2.746199e+1 5.462529e+0 5.200000e+0
      vertex 2.746199e+1 5.462529e+0 7.000000e+0
    endloop
  endfacet
  facet normal 9.852776e-1 1.709619e-1 0.000000e+0
    outer loop
      vertex 2.769694e+1 4.108453e+0 5.200000e+0
      vertex 2.746199e+1 5.462529e+0 7.000000e+0
      vertex 2.769694e+1 4.108453e+0 7.000000e+0
    endloop
  endfacet
  facet normal 9.757021e-1 2.191012e-1 0.000000e+0
    outer loop
      vertex 2.746199e+1 5.462529e+0 5.200000e+0
      vertex 2.716088e+1 6.803445e+0 5.200000e+0
      vertex 2.716088e+1 6.803445e+0 7.000000e+0
    endloop
  endfacet
  facet normal 9.757021e-1 2.191012e-1 0.000000e+0
    outer loop
      vertex 2.746199e+1 5.462529e+0 5.200000e+0
      vertex 2.716088e+1 6.803445e+0 7.000000e+0
      vertex 2.746199e+1 5.462529e+0 7.000000e+0
    endloop
  endfacet
  facet normal 9.637761e-1 2.667128e-1 0.000000e+0
    outer loop
      vertex 2.716088e+1 6.803445e+0 5.200000e+0
      vertex 2.679433e+1 8.127971e+0 5.200000e+0
      vertex 2.679433e+1 8.127971e+0 7.000000e+0
    endloop
  endfacet
  facet normal 9.637761e-1 2.667128e-1 0.000000e+0
    outer loop
      vertex 2.716088e+1 6.803445e+0 5.200000e+0
      vertex 2.679433e+1 8.127971e+0 7.000000e+0
      vertex 2.716088e+1 6.803445e+0 7.000000e+0
    endloop
  endfacet
  facet normal 9.495282e-1 3.136817e-1 0.000000e+0
    outer loop
      vertex 2.679433e+1 8.127971e+0 5.200000e+0
      vertex 2.636323e+1 9.432916e+0 5.200000e+0
      vertex 2.636323e+1 9.432916e+0 7.000000e+0
    endloop
  endfacet
  facet normal 9.495282e-1 3.136817e-1 0.000000e+0
    outer loop
      vertex 2.679433e+1 8.127971e+0 5.200000e+0
      vertex 2.636323e+1 9.432916e+0 7.000000e+0
      vertex 2.679433e+1 8.127971e+0 7.000000e+0
    endloop
  endfacet
  facet normal 9.329928e-1 3.598950e-1 0.000000e+0
    outer loop
      vertex 2.636323e+1 9.432916e+0 5.200000e+0
      vertex 2.586863e+1 1.071514e+1 5.200000e+0
      vertex 2.586863e+1 1.071514e+1 7.000000e+0
    endloop
  endfacet
  facet normal 9.329928e-1 3.598950e-1 0.000000e+0
    outer loop
      vertex 2.636323e+1 9.432916e+0 5.200000e+0
      vertex 2.586863e+1 1.071514e+1 7.000000e+0
      vertex 2.636323e+1 9.432916e+0 7.000000e+0
    endloop
  endfacet
  facet normal 9.142098e-1 4.052413e-1 0.000000e+0
    outer loop
      vertex 2.586863e+1 1.071514e+1 5.200000e+0
      vertex 2.531170e+1 1.197154e+1 5.200000e+0
      vertex 2.531170e+1 1.197154e+1 7.000000e+0
    endloop
  endfacet
  facet normal 9.142098e-1 4.052413e-1 0.000000e+0
    outer loop
      vertex 2.586863e+1 1.071514e+1 5.200000e+0
      vertex 2.531170e+1 1.197154e+1 7.000000e+0
      vertex 2.586863e+1 1.071514e+1 7.000000e+0
    endloop
  endfacet
  facet normal 8.932243e-1 4.496113e-1 0.000000e+0
    outer loop
      vertex 2.531170e+1 1.197154e+1 5.200000e+0
      vertex 2.469380e+1 1.319911e+1 5.200000e+0
      vertex 2.469380e+1 1.319911e+1 7.000000e+0
    endloop
  endfacet
  facet normal 8.932243e-1 4.496113e-1 0.000000e+0
    outer loop
      vertex 2.531170e+1 1.197154e+1 5.200000e+0
      vertex 2.469380e+1 1.319911e+1 7.000000e+0
      vertex 2.531170e+1 1.197154e+1 7.000000e+0
    endloop
  endfacet
  facet normal 8.700870e-1 4.928982e-1 0.000000e+0
    outer loop
      vertex 2.469380e+1 1.319911e+1 5.200000e+0
      vertex 2.401640e+1 1.439488e+1 5.200000e+0
      vertex 2.401640e+1 1.439488e+1 7.000000e+0
    endloop
  endfacet
  facet normal 8.700870e-1 4.928982e-1 0.000000e+0
    outer loop
      vertex 2.469380e+1 1.319911e+1 5.200000e+0
      vertex 2.401640e+1 1.439488e+1 7.000000e+0
      vertex 2.469380e+1 1.319911e+1 7.000000e+0
    endloop
  endfacet
  facet normal 8.448536e-1 5.349976e-1 0.000000e+0
    outer loop
      vertex 2.401640e+1 1.439488e+1 5.200000e+0
      vertex 2.328115e+1 1.555597e+1 5.200000e+0
      vertex 2.328115e+1 1.555597e+1 7.000000e+0
    endloop
  endfacet
  facet normal 8.448536e-1 5.349976e-1 0.000000e+0
    outer loop
      vertex 2.401640e+1 1.439488e+1 5.200000e+0
      vertex 2.328115e+1 1.555597e+1 7.000000e+0
      vertex 2.401640e+1 1.439488e+1 7.000000e+0
    endloop
  endfacet
  facet normal 8.175848e-1 5.758082e-1 0.000000e+0
    outer loop
      vertex 2.328115e+1 1.555597e+1 5.200000e+0
      vertex 2.248981e+1 1.667958e+1 5.200000e+0
      vertex 2.248981e+1 1.667958e+1 7.000000e+0
    endloop
  endfacet
  facet normal 8.175848e-1 5.758082e-1 0.000000e+0
    outer loop
      vertex 2.328115e+1 1.555597e+1 5.200000e+0
      vertex 2.248981e+1 1.667958e+1 7.000000e+0
      vertex 2.328115e+1 1.555597e+1 7.000000e+0
    endloop
  endfacet
  facet normal 7.883464e-1 6.152316e-1 0.000000e+0
    outer loop
      vertex 2.248981e+1 1.667958e+1 5.200000e+0
      vertex 2.164429e+1 1.776301e+1 5.200000e+0
      vertex 2.164429e+1 1.776301e+1 7.000000e+0
    endloop
  endfacet
  facet normal 7.883464e-1 6.152316e-1 0.000000e+0
    outer loop
      vertex 2.248981e+1 1.667958e+1 5.200000e+0
      vertex 2.164429e+1 1.776301e+1 7.000000e+0
      vertex 2.248981e+1 1.667958e+1 7.000000e+0
    endloop
  endfacet
  facet normal 7.572088e-1 6.531728e-1 0.000000e+0
    outer loop
      vertex 2.164429e+1 1.776301e+1 5.200000e+0
      vertex 2.074663e+1 1.880365e+1 5.200000e+0
      vertex 2.074663e+1 1.880365e+1 7.000000e+0
    endloop
  endfacet
  facet normal 7.572088e-1 6.531728e-1 0.000000e+0
    outer loop
      vertex 2.164429e+1 1.776301e+1 5.200000e+0
      vertex 2.074663e+1 1.880365e+1 7.000000e+0
      vertex 2.164429e+1 1.776301e+1 7.000000e+0
    endloop
  endfacet
  facet normal 7.242471e-1 6.895405e-1 0.000000e+0
    outer loop
      vertex 2.074663e+1 1.880365e+1 5.200000e+0
      vertex 1.979899e+1 1.979899e+1 5.200000e+0
      vertex 1.979899e+1 1.979899e+1 7.000000e+0
    endloop
  endfacet
  facet normal 7.242471e-1 6.895405e-1 0.000000e+0
    outer loop
      vertex 2.074663e+1 1.880365e+1 5.200000e+0
      vertex 1.979899e+1 1.979899e+1 7.000000e+0
      vertex 2.074663e+1 1.880365e+1 7.000000e+0
    endloop
  endfacet
  facet normal 6.895405e-1 7.242471e-1 0.000000e+0
    outer loop
      vertex 1.979899e+1 1.979899e+1 5.200000e+0
      vertex 1.880365e+1 2.074663e+1 5.200000e+0
      vertex 1.880365e+1 2.074663e+1 7.000000e+0
    endloop
  endfacet
  facet normal 6.895405e-1 7.242471e-1 0.000000e+0
    outer loop
      vertex 1.979899e+1 1.979899e+1 5.200000e+0
      vertex 1.880365e+1 2.074663e+1 7.000000e+0
      vertex 1.979899e+1 1.979899e+1 7.000000e+0
    endloop
  endfacet
  facet normal 6.531728e-1 7.572088e-1 0.000000e+0
    outer loop
      vertex 1.880365e+1 2.074663e+1 5.200000e+0
      vertex 1.776301e+1 2.164429e+1 5.200000e+0
      vertex 1.776301e+1 2.164429e+1 7.000000e+0
    endloop
  endfacet
  facet normal 6.531728e-1 7.572088e-1 0.000000e+0
    outer loop
      vertex 1.880365e+1 2.074663e+1 5.200000e+0
      vertex 1.776301e+1 2.164429e+1 7.000000e+0
      vertex 1.880365e+1 2.074663e+1 7.000000e+0
    endloop
  endfacet
  facet normal 6.152316e-1 7.883464e-1 0.000000e+0
    outer loop
      vertex 1.776301e+1 2.164429e+1 5.200000e+0
      vertex 1.667958e+1 2.248981e+1 5.200000e+0
      vertex 1.667958e+1 2.248981e+1 7.000000e+0
    endloop
  endfacet
  facet normal 6.152316e-1 7.883464e-1 0.000000e+0
    outer loop
      vertex 1.776301e+1 2.164429e+1 5.200000e+0
      vertex 1.667958e+1 2.248981e+1 7.000000e+0
      vertex 1.776301e+1 2.164429e+1 7.000000e+0
    endloop
  endfacet
  facet normal 5.758082e-1 8.175848e-1 0.000000e+0
    outer loop
      vertex 1.667958e+1 2.248981e+1 5.200000e+0
      vertex 1.555597e+1 2.328115e+1 5.200000e+0
      vertex 1.555597e+1 2.328115e+1 7.000000e+0
    endloop
  endfacet
  facet normal 5.758082e-1 8.175848e-1 0.000000e+0
    outer loop
      vertex 1.667958e+1 2.248981e+1 5.200000e+0
      vertex 1.555597e+1 2.328115e+1 7.000000e+0
      vertex 1.667958e+1 2.248981e+1 7.000000e+0
    endloop
  endfacet
  facet normal 5.349976e-1 8.448536e-1 0.000000e+0
    outer loop
      vertex 1.555597e+1 2.328115e+1 5.200000e+0
      vertex 1.439488e+1 2.401640e+1 5.200000e+0
      vertex 1.439488e+1 2.401640e+1 7.000000e+0
    endloop
  endfacet
  facet normal 5.349976e-1 8.448536e-1 0.000000e+0
    outer loop
      vertex 1.555597e+1 2.328115e+1 5.200000e+0
      vertex 1.439488e+1 2.401640e+1 7.000000e+0
      vertex 1.555597e+1 2.328115e+1 7.000000e+0
    endloop
  endfacet
  facet normal 4.928982e-1 8.700870e-1 0.000000e+0
    outer loop
      vertex 1.439488e+1 2.401640e+1 5.200000e+0
      vertex 1.319911e+1 2.469380e+1 5.200000e+0
      vertex 1.319911e+1 2.469380e+1 7.000000e+0
    endloop
  endfacet
  facet normal 4.928982e-1 8.700870e-1 0.000000e+0
    outer loop
      vertex 1.439488e+1 2.401640e+1 5.200000e+0
      vertex 1.319911e+1 2.469380e+1 7.000000e+0
      vertex 1.439488e+1 2.401640e+1 7.000000e+0
    endloop
  endfacet
  facet normal 4.496113e-1 8.932243e-1 0.000000e+0
    outer loop
      vertex 1.319911e+1 2.469380e+1 5.200000e+0
      vertex 1.197154e+1 2.531170e+1 5.200000e+0
      vertex 1.197154e+1 2.531170e+1 7.000000e+0
    endloop
  endfacet
  facet normal 4.496113e-1 8.932243e-1 0.000000e+0
    outer loop
      vertex 1.319911e+1 2.469380e+1 5.200000e+0
      vertex 1.197154e+1 2.531170e+1 7.000000e+0
      vertex 1.319911e+1 2.469380e+1 7.000000e+0
    endloop
  endfacet
  facet normal 4.052413e-1 9.142098e-1 0.000000e+0
    outer loop
      vertex 1.197154e+1 2.531170e+1 5.200000e+0
      vertex 1.071514e+1 2.586863e+1 5.200000e+0
      vertex 1.071514e+1 2.586863e+1 7.000000e+0
    endloop
  endfacet
  facet normal 4.052413e-1 9.142098e-1 0.000000e+0
    outer loop
      vertex 1.197154e+1 2.531170e+1 5.200000e+0
      vertex 1.071514e+1 2.586863e+1 7.000000e+0
      vertex 1.197154e+1 2.531170e+1 7.000000e+0
    endloop
  endfacet
  facet normal 3.598950e-1 9.329928e-1 0.000000e+0
    outer loop
      vertex 1.071514e+1 2.586863e+1 5.200000e+0
      vertex 9.432916e+0 2.636323e+1 5.200000e+0
      vertex 9.432916e+0 2.636323e+1 7.000000e+0
    endloop
  endfacet
  facet normal 3.598950e-1 9.329928e-1 0.000000e+0
    outer loop
      vertex 1.071514e+1 2.586863e+1 5.200000e+0
      vertex 9.432916e+0 2.636323e+1 7.000000e+0
      vertex 1.071514e+1 2.586863e+1 7.000000e+0
    endloop
  endfacet
  facet normal 3.136817e-1 9.495282e-1 0.000000e+0
    outer loop
      vertex 9.432916e+0 2.636323e+1 5.200000e+0
      vertex 8.127971e+0 2.679433e+1 5.200000e+0
      vertex 8.127971e+0 2.679433e+1 7.000000e+0
    endloop
  endfacet
  facet normal 3.136817e-1 9.495282e-1 0.000000e+0
    outer loop
      vertex 9.432916e+0 2.636323e+1 5.200000e+0
      vertex 8.127971e+0 2.679433e+1 7.000000e+0
      vertex 9.432916e+0 2.636323e+1 7.000000e+0
    endloop
  endfacet
  facet normal 2.667128e-1 9.637761e-1 0.000000e+0
    outer loop
      vertex 8.127971e+0 2.679433e+1 5.200000e+0
      vertex 6.803445e+0 2.716088e+1 5.200000e+0
      vertex 6.803445e+0 2.716088e+1 7.000000e+0
    endloop
  endfacet
  facet normal 2.667128e-1 9.637761e-1 0.000000e+0
    outer loop
      vertex 8.127971e+0 2.679433e+1 5.200000e+0
      vertex 6.803445e+0 2.716088e+1 7.000000e+0
      vertex 8.127971e+0 2.679433e+1 7.000000e+0
    endloop
  endfacet
  facet normal 2.191012e-1 9.757021e-1 0.000000e+0
    outer loop
      vertex 6.803445e+0 2.716088e+1 5.200000e+0
      vertex 5.462529e+0 2.746199e+1 5.200000e+0
      vertex 5.462529e+0 2.746199e+1 7.000000e+0
    endloop
  endfacet
  facet normal 2.191012e-1 9.757021e-1 0.000000e+0
    outer loop
      vertex 6.803445e+0 2.716088e+1 5.200000e+0
      vertex 5.462529e+0 2.746199e+1 7.000000e+0
      vertex 6.803445e+0 2.716088e+1 7.000000e+0
    endloop
  endfacet
  facet normal 1.709619e-1 9.852776e-1 0.000000e+0
    outer loop
      vertex 5.462529e+0 2.746199e+1 5.200000e+0
      vertex 4.108453e+0 2.769694e+1 5.200000e+0
      vertex 4.108453e+0 2.769694e+1 7.000000e+0
    endloop
  endfacet
  facet normal 1.709619e-1 9.852776e-1 0.000000e+0
    outer loop
      vertex 5.462529e+0 2.746199e+1 5.200000e+0
      vertex 4.108453e+0 2.769694e+1 7.000000e+0
      vertex 5.462529e+0 2.746199e+1 7.000000e+0
    endloop
  endfacet
  facet normal 1.224107e-1 9.924795e-1 0.000000e+0
    outer loop
      vertex 4.108453e+0 2.769694e+1 5.200000e+0
      vertex 2.744480e+0 2.786517e+1 5.200000e+0
      vertex 2.744480e+0 2.786517e+1 7.000000e+0
    endloop
  endfacet
  facet normal 1.224107e-1 9.924795e-1 0.000000e+0
    outer loop
      vertex 4.108453e+0 2.769694e+1 5.200000e+0
      vertex 2.744480e+0 2.786517e+1 7.000000e+0
      vertex 4.108453e+0 2.769694e+1 7.000000e+0
    endloop
  endfacet
  facet normal 7.356456e-2 9.972905e-1 0.000000e+0
    outer loop
      vertex 2.744480e+0 2.786517e+1 5.200000e+0
      vertex 1.373895e+0 2.796627e+1 5.200000e+0
      vertex 1.373895e+0 2.796627e+1 7.000000e+0
    endloop
  endfacet
  facet normal 7.356456e-2 9.972905e-1 0.000000e+0
    outer loop
      vertex 2.744480e+0 2.786517e+1 5.200000e+0
      vertex 1.373895e+0 2.796627e+1 7.000000e+0
      vertex 2.744480e+0 2.786517e+1 7.000000e+0
    endloop
  endfacet
  facet normal 2.454123e-2 9.996988e-1 0.000000e+0
    outer loop
      vertex 1.373895e+0 2.796627e+1 5.200000e+0
      vertex 1.714506e-15 2.800000e+1 5.200000e+0
      vertex 1.714506e-15 2.800000e+1 7.000000e+0
    endloop
  endfacet
  facet normal 2.454123e-2 9.996988e-1 0.000000e+0
    outer loop
      vertex 1.373895e+0 2.796627e+1 5.200000e+0
      vertex 1.714506e-15 2.800000e+1 7.000000e+0
      vertex 1.373895e+0 2.796627e+1 7.000000e+0
    endloop
  endfacet
  facet normal -2.454123e-2 9.996988e-1 0.000000e+0
    outer loop
      vertex 1.714506e-15 2.800000e+1 5.200000e+0
      vertex -1.373895e+0 2.796627e+1 5.200000e+0
      vertex -1.373895e+0 2.796627e+1 7.000000e+0
    endloop
  endfacet
  facet normal -2.454123e-2 9.996988e-1 0.000000e+0
    outer loop
      vertex 1.714506e-15 2.800000e+1 5.200000e+0
      vertex -1.373895e+0 2.796627e+1 7.000000e+0
      vertex 1.714506e-15 2.800000e+1 7.000000e+0
    endloop
  endfacet
  facet normal -7.356456e-2 9.972905e-1 0.000000e+0
    outer loop
      vertex -1.373895e+0 2.796627e+1 5.200000e+0
      vertex -2.744480e+0 2.786517e+1 5.200000e+0
      vertex -2.744480e+0 2.786517e+1 7.000000e+0
    endloop
  endfacet
  facet normal -7.356456e-2 9.972905e-1 0.000000e+0
    outer loop
      vertex -1.373895e+0 2.796627e+1 5.200000e+0
      vertex -2.744480e+0 2.786517e+1 7.000000e+0
      vertex -1.373895e+0 2.796627e+1 7.000000e+0
    endloop
  endfacet
  facet normal -1.224107e-1 9.924795e-1 0.000000e+0
    outer loop
      vertex -2.744480e+0 2.786517e+1 5.200000e+0
      vertex -4.108453e+0 2.769694e+1 5.200000e+0
      vertex -4.108453e+0 2.769694e+1 7.000000e+0
    endloop
  endfacet
  facet normal -1.224107e-1 9.924795e-1 0.000000e+0
    outer loop
      vertex -2.744480e+0 2.786517e+1 5.200000e+0
      vertex -4.108453e+0 2.769694e+1 7.000000e+0
      vertex -2.744480e+0 2.786517e+1 7.000000e+0
    endloop
  endfacet
  facet normal -1.709619e-1 9.852776e-1 0.000000e+0
    outer loop
      vertex -4.108453e+0 2.769694e+1 5.200000e+0
      vertex -5.462529e+0 2.746199e+1 5.200000e+0
      vertex -5.462529e+0 2.746199e+1 7.000000e+0
    endloop
  endfacet
  facet normal -1.709619e-1 9.852776e-1 0.000000e+0
    outer loop
      vertex -4.108453e+0 2.769694e+1 5.200000e+0
      vertex -5.462529e+0 2.746199e+1 7.000000e+0
      vertex -4.108453e+0 2.769694e+1 7.000000e+0
    endloop
  endfacet
  facet normal -2.191012e-1 9.757021e-1 0.000000e+0
    outer loop
      vertex -5.462529e+0 2.746199e+1 5.200000e+0
      vertex -6.803445e+0 2.716088e+1 5.200000e+0
      vertex -6.803445e+0 2.716088e+1 7.000000e+0
    endloop
  endfacet
  facet normal -2.191012e-1 9.757021e-1 0.000000e+0
    outer loop
      vertex -5.462529e+0 2.746199e+1 5.200000e+0
      vertex -6.803445e+0 2.716088e+1 7.000000e+0
      vertex -5.462529e+0 2.746199e+1 7.000000e+0
    endloop
  endfacet
  facet normal -2.667128e-1 9.637761e-1 0.000000e+0
    outer loop
      vertex -6.803445e+0 2.716088e+1 5.200000e+0
      vertex -8.127971e+0 2.679433e+1 5.200000e+0
      vertex -8.127971e+0 2.679433e+1 7.000000e+0
    endloop
  endfacet
  facet normal -2.667128e-1 9.637761e-1 0.000000e+0
    outer loop
      vertex -6.803445e+0 2.716088e+1 5.200000e+0
      vertex -8.127971e+0 2.679433e+1 7.000000e+0
      vertex -6.803445e+0 2.716088e+1 7.000000e+0
    endloop
  endfacet
  facet normal -3.136817e-1 9.495282e-1 0.000000e+0
    outer loop
      vertex -8.127971e+0 2.679433e+1 5.200000e+0
      vertex -9.432916e+0 2.636323e+1 5.200000e+0
      vertex -9.432916e+0 2.636323e+1 7.000000e+0
    endloop
  endfacet
  facet normal -3.136817e-1 9.495282e-1 0.000000e+0
    outer loop
      vertex -8.127971e+0 2.679433e+1 5.200000e+0
      vertex -9.432916e+0 2.636323e+1 7.000000e+0
      vertex -8.127971e+0 2.679433e+1 7.000000e+0
    endloop
  endfacet
  facet normal -3.598950e-1 9.329928e-1 0.000000e+0
    outer loop
      vertex -9.432916e+0 2.636323e+1 5.200000e+0
      vertex -1.071514e+1 2.586863e+1 5.200000e+0
      vertex -1.071514e+1 2.586863e+1 7.000000e+0
    endloop
  endfacet
  facet normal -3.598950e-1 9.329928e-1 0.000000e+0
    outer loop
      vertex -9.432916e+0 2.636323e+1 5.200000e+0
      vertex -1.071514e+1 2.586863e+1 7.000000e+0
      vertex -9.432916e+0 2.636323e+1 7.000000e+0
    endloop
  endfacet
  facet normal -4.052413e-1 9.142098e-1 0.000000e+0
    outer loop
      vertex -1.071514e+1 2.586863e+1 5.200000e+0
      vertex -1.197154e+1 2.531170e+1 5.200000e+0
      vertex -1.197154e+1 2.531170e+1 7.000000e+0
    endloop
  endfacet
  facet normal -4.052413e-1 9.142098e-1 0.000000e+0
    outer loop
      vertex -1.071514e+1 2.586863e+1 5.200000e+0
      vertex -1.197154e+1 2.531170e+1 7.000000e+0
      vertex -1.071514e+1 2.586863e+1 7.000000e+0
    endloop
  endfacet
  facet normal -4.496113e-1 8.932243e-1 0.000000e+0
    outer loop
      vertex -1.197154e+1 2.531170e+1 5.200000e+0
      vertex -1.319911e+1 2.469380e+1 5.200000e+0
      vertex -1.319911e+1 2.469380e+1 7.000000e+0
    endloop
  endfacet
  facet normal -4.496113e-1 8.932243e-1 0.000000e+0
    outer loop
      vertex -1.197154e+1 2.531170e+1 5.200000e+0
      vertex -1.319911e+1 2.469380e+1 7.000000e+0
      vertex -1.197154e+1 2.531170e+1 7.000000e+0
    endloop
  endfacet
  facet normal -4.928982e-1 8.700870e-1 0.000000e+0
    outer loop
      vertex -1.319911e+1 2.469380e+1 5.200000e+0
      vertex -1.439488e+1 2.401640e+1 5.200000e+0
      vertex -1.439488e+1 2.401640e+1 7.000000e+0
    endloop
  endfacet
  facet normal -4.928982e-1 8.700870e-1 0.000000e+0
    outer loop
      vertex -1.319911e+1 2.469380e+1 5.200000e+0
      vertex -1.439488e+1 2.401640e+1 7.000000e+0
      vertex -1.319911e+1 2.469380e+1 7.000000e+0
    endloop
  endfacet
  facet normal -5.349976e-1 8.448536e-1 0.000000e+0
    outer loop
      vertex -1.439488e+1 2.401640e+1 5.200000e+0
      vertex -1.555597e+1 2.328115e+1 5.200000e+0
      vertex -1.555597e+1 2.328115e+1 7.000000e+0
    endloop
  endfacet
  facet normal -5.349976e-1 8.448536e-1 0.000000e+0
    outer loop
      vertex -1.439488e+1 2.401640e+1 5.200000e+0
      vertex -1.555597e+1 2.328115e+1 7.000000e+0
      vertex -1.439488e+1 2.401640e+1 7.000000e+0
    endloop
  endfacet
  facet normal -5.758082e-1 8.175848e-1 0.000000e+0
    outer loop
      vertex -1.555597e+1 2.328115e+1 5.200000e+0
      vertex -1.667958e+1 2.248981e+1 5.200000e+0
      vertex -1.667958e+1 2.248981e+1 7.000000e+0
    endloop
  endfacet
  facet normal -5.758082e-1 8.175848e-1 0.000000e+0
    outer loop
      vertex -1.555597e+1 2.328115e+1 5.200000e+0
      vertex -1.667958e+1 2.248981e+1 7.000000e+0
      vertex -1.555597e+1 2.328115e+1 7.000000e+0
    endloop
  endfacet
  facet normal -6.152316e-1 7.883464e-1 0.000000e+0
    outer loop
      vertex -1.667958e+1 2.248981e+1 5.200000e+0
      vertex -1.776301e+1 2.164429e+1 5.200000e+0
      vertex -1.776301e+1 2.164429e+1 7.000000e+0
    endloop
  endfacet
  facet normal -6.152316e-1 7.883464e-1 0.000000e+0
    outer loop
      vertex -1.667958e+1 2.248981e+1 5.200000e+0
      vertex -1.776301e+1 2.164429e+1 7.000000e+0
      vertex -1.667958e+1 2.248981e+1 7.000000e+0
    endloop
  endfacet
  facet normal -6.531728e-1 7.572088e-1 0.000000e+0
    outer loop
      vertex -1.776301e+1 2.164429e+1 5.200000e+0
      vertex -1.880365e+1 2.074663e+1 5.200000e+0
      vertex -1.880365e+1 2.074663e+1 7.000000e+0
    endloop
  endfacet
  facet normal -6.531728e-1 7.572088e-1 0.000000e+0
    outer loop
      vertex -1.776301e+1 2.164429e+1 5.200000e+0
      vertex -1.880365e+1 2.074663e+1 7.000000e+0
      vertex -1.776301e+1 2.164429e+1 7.000000e+0
    endloop
  endfacet
  facet normal -6.895405e-1 7.242471e-1 0.000000e+0
    outer loop
      vertex -1.880365e+1 2.074663e+1 5.200000e+0
      vertex -1.979899e+1 1.979899e+1 5.200000e+0
      vertex -1.979899e+1 1.979899e+1 7.000000e+0
    endloop
  endfacet
  facet normal -6.895405e-1 7.242471e-1 0.000000e+0
    outer loop
      vertex -1.880365e+1 2.074663e+1 5.200000e+0
      vertex -1.979899e+1 1.979899e+1 7.000000e+0
      vertex -1.880365e+1 2.074663e+1 7.000000e+0
    endloop
  endfacet
  facet normal -7.242471e-1 6.895405e-1 0.000000e+0
    outer loop
      vertex -1.979899e+1 1.979899e+1 5.200000e+0
      vertex -2.074663e+1 1.880365e+1 5.200000e+0
      vertex -2.074663e+1 1.880365e+1 7.000000e+0
    endloop
  endfacet
  facet normal -7.242471e-1 6.895405e-1 0.000000e+0
    outer loop
      vertex -1.979899e+1 1.979899e+1 5.200000e+0
      vertex -2.074663e+1 1.880365e+1 7.000000e+0
      vertex -1.979899e+1 1.979899e+1 7.000000e+0
    endloop
  endfacet
  facet normal -7.572088e-1 6.531728e-1 0.000000e+0
    outer loop
      vertex -2.074663e+1 1.880365e+1 5.200000e+0
      vertex -2.164429e+1 1.776301e+1 5.200000e+0
      vertex -2.164429e+1 1.776301e+1 7.000000e+0
    endloop
  endfacet
  facet normal -7.572088e-1 6.531728e-1 0.000000e+0
    outer loop
      vertex -2.074663e+1 1.880365e+1 5.200000e+0
      vertex -2.164429e+1 1.776301e+1 7.000000e+0
      vertex -2.074663e+1 1.880365e+1 7.000000e+0
    endloop
  endfacet
  facet normal -7.883464e-1 6.152316e-1 0.000000e+0
    outer loop
      vertex -2.164429e+1 1.776301e+1 5.200000e+0
      vertex -2.248981e+1 1.667958e+1 5.200000e+0
      vertex -2.248981e+1 1.667958e+1 7.000000e+0
    endloop
  endfacet
  facet normal -7.883464e-1 6.152316e-1 0.000000e+0
    outer loop
      vertex -2.164429e+1 1.776301e+1 5.200000e+0
      vertex -2.248981e+1 1.667958e+1 7.000000e+0
      vertex -2.164429e+1 1.776301e+1 7.000000e+0
    endloop
  endfacet
  facet normal -8.175848e-1 5.758082e-1 0.000000e+0
    outer loop
      vertex -2.248981e+1 1.667958e+1 5.200000e+0
      vertex -2.328115e+1 1.555597e+1 5.200000e+0
      vertex -2.328115e+1 1.555597e+1 7.000000e+0
    endloop
  endfacet
  facet normal -8.175848e-1 5.758082e-1 0.000000e+0
    outer loop
      vertex -2.248981e+1 1.667958e+1 5.200000e+0
      vertex -2.328115e+1 1.555597e+1 7.000000e+0
      vertex -2.248981e+1 1.667958e+1 7.000000e+0
    endloop
  endfacet
  facet normal -8.448536e-1 5.349976e-1 0.000000e+0
    outer loop
      vertex -2.328115e+1 1.555597e+1 5.200000e+0
      vertex -2.401640e+1 1.439488e+1 5.200000e+0
      vertex -2.401640e+1 1.439488e+1 7.000000e+0
    endloop
  endfacet
  facet normal -8.448536e-1 5.349976e-1 0.000000e+0
    outer loop
      vertex -2.328115e+1 1.555597e+1 5.200000e+0
      vertex -2.401640e+1 1.439488e+1 7.000000e+0
      vertex -2.328115e+1 1.555597e+1 7.000000e+0
    endloop
  endfacet
  facet normal -8.700870e-1 4.928982e-1 0.000000e+0
    outer loop
      vertex -2.401640e+1 1.439488e+1 5.200000e+0
      vertex -2.469380e+1 1.319911e+1 5.200000e+0
      vertex -2.469380e+1 1.319911e+1 7.000000e+0
    endloop
  endfacet
  facet normal -8.700870e-1 4.928982e-1 0.000000e+0
    outer loop
      vertex -2.401640e+1 1.439488e+1 5.200000e+0
      vertex -2.469380e+1 1.319911e+1 7.000000e+0
      vertex -2.401640e+1 1.439488e+1 7.000000e+0
    endloop
  endfacet
  facet normal -8.932243e-1 4.496113e-1 0.000000e+0
    outer loop
      vertex -2.469380e+1 1.319911e+1 5.200000e+0
      vertex -2.531170e+1 1.197154e+1 5.200000e+0
      vertex -2.531170e+1 1.197154e+1 7.000000e+0
    endloop
  endfacet
  facet normal -8.932243e-1 4.496113e-1 0.000000e+0
    outer loop
      vertex -2.469380e+1 1.319911e+1 5.200000e+0
      vertex -2.531170e+1 1.197154e+1 7.000000e+0
      vertex -2.469380e+1 1.319911e+1 7.000000e+0
    endloop
  endfacet
  facet normal -9.142098e-1 4.052413e-1 0.000000e+0
    outer loop
      vertex -2.531170e+1 1.197154e+1 5.200000e+0
      vertex -2.586863e+1 1.071514e+1 5.200000e+0
      vertex -2.586863e+1 1.071514e+1 7.000000e+0
    endloop
  endfacet
  facet normal -9.142098e-1 4.052413e-1 0.000000e+0
    outer loop
      vertex -2.531170e+1 1.197154e+1 5.200000e+0
      vertex -2.586863e+1 1.071514e+1 7.000000e+0
      vertex -2.531170e+1 1.197154e+1 7.000000e+0
    endloop
  endfacet
  facet normal -9.329928e-1 3.598950e-1 0.000000e+0
    outer loop
      vertex -2.586863e+1 1.071514e+1 5.200000e+0
      vertex -2.636323e+1 9.432916e+0 5.200000e+0
      vertex -2.636323e+1 9.432916e+0 7.000000e+0
    endloop
  endfacet
  facet normal -9.329928e-1 3.598950e-1 0.000000e+0
    outer loop
      vertex -2.586863e+1 1.071514e+1 5.200000e+0
      vertex -2.636323e+1 9.432916e+0 7.000000e+0
      vertex -2.586863e+1 1.071514e+1 7.000000e+0
    endloop
  endfacet
  facet normal -9.495282e-1 3.136817e-1 0.000000e+0
    outer loop
      vertex -2.636323e+1 9.432916e+0 5.200000e+0
      vertex -2.679433e+1 8.127971e+0 5.200000e+0
      vertex -2.679433e+1 8.127971e+0 7.000000e+0
    endloop
  endfacet
  facet normal -9.495282e-1 3.136817e-1 0.000000e+0
    outer loop
      vertex -2.636323e+1 9.432916e+0 5.200000e+0
      vertex -2.679433e+1 8.127971e+0 7.000000e+0
      vertex -2.636323e+1 9.432916e+0 7.000000e+0
    endloop
  endfacet
  facet normal -9.637761e-1 2.667128e-1 0.000000e+0
    outer loop
      vertex -2.679433e+1 8.127971e+0 5.200000e+0
      vertex -2.716088e+1 6.803445e+0 5.200000e+0
      vertex -2.716088e+1 6.803445e+0 7.000000e+0
    endloop
  endfacet
  facet normal -9.637761e-1 2.667128e-1 0.000000e+0
    outer loop
      vertex -2.679433e+1 8.127971e+0 5.200000e+0
      vertex -2.716088e+1 6.803445e+0 7.000000e+0
      vertex -2.679433e+1 8.127971e+0 7.000000e+0
    endloop
  endfacet
  facet normal -9.757021e-1 2.191012e-1 0.000000e+0
    outer loop
      vertex -2.716088e+1 6.803445e+0 5.200000e+0
      vertex -2.746199e+1 5.462529e+0 5.200000e+0
      vertex -2.746199e+1 5.462529e+0 7.000000e+0
    endloop
  endfacet
  facet normal -9.757021e-1 2.191012e-1 0.000000e+0
    outer loop
      vertex -2.716088e+1 6.803445e+0 5.200000e+0
      vertex -2.746199e+1 5.462529e+0 7.000000e+0
      vertex -2.716088e+1 6.803445e+0 7.000000e+0
    endloop
  endfacet
  facet normal -9.852776e-1 1.709619e-1 0.000000e+0
    outer loop
      vertex -2.746199e+1 5.462529e+0 5.200000e+0
      vertex -2.769694e+1 4.108453e+0 5.200000e+0
      vertex -2.769694e+1 4.108453e+0 7.000000e+0
    endloop
  endfacet
  facet normal -9.852776e-1 1.709619e-1 0.000000e+0
    outer loop
      vertex -2.746199e+1 5.462529e+0 5.200000e+0
      vertex -2.769694e+1 4.108453e+0 7.000000e+0
      vertex -2.746199e+1 5.462529e+0 7.000000e+0
    endloop
  endfacet
  facet normal -9.924795e-1 1.224107e-1 0.000000e+0
    outer loop
      vertex -2.769694e+1 4.108453e+0 5.200000e+0
      vertex -2.786517e+1 2.744480e+0 5.200000e+0
      vertex -2.786517e+1 2.744480e+0 7.000000e+0
    endloop
  endfacet
  facet normal -9.924795e-1 1.224107e-1 0.000000e+0
    outer loop
      vertex -2.769694e+1 4.108453e+0 5.200000e+0
      vertex -2.786517e+1 2.744480e+0 7.000000e+0
      vertex -2.769694e+1 4.108453e+0 7.000000e+0
    endloop
  endfacet
  facet normal -9.972905e-1 7.356456e-2 0.000000e+0
    outer loop
      vertex -2.786517e+1 2.744480e+0 5.200000e+0
      vertex -2.796627e+1 1.373895e+0 5.200000e+0
      vertex -2.796627e+1 1.373895e+0 7.000000e+0
    endloop
  endfacet
  facet normal -9.972905e-1 7.356456e-2 0.000000e+0
    outer loop
      vertex -2.786517e+1 2.744480e+0 5.200000e+0
      vertex -2.796627e+1 1.373895e+0 7.000000e+0
      vertex -2.786517e+1 2.744480e+0 7.000000e+0
    endloop
  endfacet
  facet normal -9.996988e-1 2.454123e-2 0.000000e+0
    outer loop
      vertex -2.796627e+1 1.373895e+0 5.200000e+0
      vertex -2.800000e+1 3.429011e-15 5.200000e+0
      vertex -2.800000e+1 3.429011e-15 7.000000e+0
    endloop
  endfacet
  facet normal -9.996988e-1 2.454123e-2 0.000000e+0
    outer loop
      vertex -2.796627e+1 1.373895e+0 5.200000e+0
      vertex -2.800000e+1 3.429011e-15 7.000000e+0
      vertex -2.796627e+1 1.373895e+0 7.000000e+0
    endloop
  endfacet
  facet normal -9.996988e-1 -2.454123e-2 0.000000e+0
    outer loop
      vertex -2.800000e+1 3.429011e-15 5.200000e+0
      vertex -2.796627e+1 -1.373895e+0 5.200000e+0
      vertex -2.796627e+1 -1.373895e+0 7.000000e+0
    endloop
  endfacet
  facet normal -9.996988e-1 -2.454123e-2 0.000000e+0
    outer loop
      vertex -2.800000e+1 3.429011e-15 5.200000e+0
      vertex -2.796627e+1 -1.373895e+0 7.000000e+0
      vertex -2.800000e+1 3.429011e-15 7.000000e+0
    endloop
  endfacet
  facet normal -9.972905e-1 -7.356456e-2 0.000000e+0
    outer loop
      vertex -2.796627e+1 -1.373895e+0 5.200000e+0
      vertex -2.786517e+1 -2.744480e+0 5.200000e+0
      vertex -2.786517e+1 -2.744480e+0 7.000000e+0
    endloop
  endfacet
  facet normal -9.972905e-1 -7.356456e-2 0.000000e+0
    outer loop
      vertex -2.796627e+1 -1.373895e+0 5.200000e+0
      vertex -2.786517e+1 -2.744480e+0 7.000000e+0
      vertex -2.796627e+1 -1.373895e+0 7.000000e+0
    endloop
  endfacet
  facet normal -9.924795e-1 -1.224107e-1 0.000000e+0
    outer loop
      vertex -2.786517e+1 -2.744480e+0 5.200000e+0
      vertex -2.769694e+1 -4.108453e+0 5.200000e+0
      vertex -2.769694e+1 -4.108453e+0 7.000000e+0
    endloop
  endfacet
  facet normal -9.924795e-1 -1.224107e-1 0.000000e+0
    outer loop
      vertex -2.786517e+1 -2.744480e+0 5.200000e+0
      vertex -2.769694e+1 -4.108453e+0 7.000000e+0
      vertex -2.786517e+1 -2.744480e+0 7.000000e+0
    endloop
  endfacet
  facet normal -9.852776e-1 -1.709619e-1 0.000000e+0
    outer loop
      vertex -2.769694e+1 -4.108453e+0 5.200000e+0
      vertex -2.746199e+1 -5.462529e+0 5.200000e+0
      vertex -2.746199e+1 -5.462529e+0 7.000000e+0
    endloop
  endfacet
  facet normal -9.852776e-1 -1.709619e-1 0.000000e+0
    outer loop
      vertex -2.769694e+1 -4.108453e+0 5.200000e+0
      vertex -2.746199e+1 -5.462529e+0 7.000000e+0
      vertex -2.769694e+1 -4.108453e+0 7.000000e+0
    endloop
  endfacet
  facet normal -9.757021e-1 -2.191012e-1 0.000000e+0
    outer loop
      vertex -2.746199e+1 -5.462529e+0 5.200000e+0
      vertex -2.716088e+1 -6.803445e+0 5.200000e+0
      vertex -2.716088e+1 -6.803445e+0 7.000000e+0
    endloop
  endfacet
  facet normal -9.757021e-1 -2.191012e-1 0.000000e+0
    outer loop
      vertex -2.746199e+1 -5.462529e+0 5.200000e+0
      vertex -2.716088e+1 -6.803445e+0 7.000000e+0
      vertex -2.746199e+1 -5.462529e+0 7.000000e+0
    endloop
  endfacet
  facet normal -9.637761e-1 -2.667128e-1 0.000000e+0
    outer loop
      vertex -2.716088e+1 -6.803445e+0 5.200000e+0
      vertex -2.679433e+1 -8.127971e+0 5.200000e+0
      vertex -2.679433e+1 -8.127971e+0 7.000000e+0
    endloop
  endfacet
  facet normal -9.637761e-1 -2.667128e-1 0.000000e+0
    outer loop
      vertex -2.716088e+1 -6.803445e+0 5.200000e+0
      vertex -2.679433e+1 -8.127971e+0 7.000000e+0
      vertex -2.716088e+1 -6.803445e+0 7.000000e+0
    endloop
  endfacet
  facet normal -9.495282e-1 -3.136817e-1 0.000000e+0
    outer loop
      vertex -2.679433e+1 -8.127971e+0 5.200000e+0
      vertex -2.636323e+1 -9.432916e+0 5.200000e+0
      vertex -2.636323e+1 -9.432916e+0 7.000000e+0
    endloop
  endfacet
  facet normal -9.495282e-1 -3.136817e-1 0.000000e+0
    outer loop
      vertex -2.679433e+1 -8.127971e+0 5.200000e+0
      vertex -2.636323e+1 -9.432916e+0 7.000000e+0
      vertex -2.679433e+1 -8.127971e+0 7.000000e+0
    endloop
  endfacet
  facet normal -9.329928e-1 -3.598950e-1 0.000000e+0
    outer loop
      vertex -2.636323e+1 -9.432916e+0 5.200000e+0
      vertex -2.586863e+1 -1.071514e+1 5.200000e+0
      vertex -2.586863e+1 -1.071514e+1 7.000000e+0
    endloop
  endfacet
  facet normal -9.329928e-1 -3.598950e-1 0.000000e+0
    outer loop
      vertex -2.636323e+1 -9.432916e+0 5.200000e+0
      vertex -2.586863e+1 -1.071514e+1 7.000000e+0
      vertex -2.636323e+1 -9.432916e+0 7.000000e+0
    endloop
  endfacet
  facet normal -9.142098e-1 -4.052413e-1 0.000000e+0
    outer loop
      vertex -2.586863e+1 -1.071514e+1 5.200000e+0
      vertex -2.531170e+1 -1.197154e+1 5.200000e+0
      vertex -2.531170e+1 -1.197154e+1 7.000000e+0
    endloop
  endfacet
  facet normal -9.142098e-1 -4.052413e-1 0.000000e+0
    outer loop
      vertex -2.586863e+1 -1.071514e+1 5.200000e+0
      vertex -2.531170e+1 -1.197154e+1 7.000000e+0
      vertex -2.586863e+1 -1.071514e+1 7.000000e+0
    endloop
  endfacet
  facet normal -8.932243e-1 -4.496113e-1 0.000000e+0
    outer loop
      vertex -2.531170e+1 -1.197154e+1 5.200000e+0
      vertex -2.469380e+1 -1.319911e+1 5.200000e+0
      vertex -2.469380e+1 -1.319911e+1 7.000000e+0
    endloop
  endfacet
  facet normal -8.932243e-1 -4.496113e-1 0.000000e+0
    outer loop
      vertex -2.531170e+1 -1.197154e+1 5.200000e+0
      vertex -2.469380e+1 -1.319911e+1 7.000000e+0
      vertex -2.531170e+1 -1.197154e+1 7.000000e+0
    endloop
  endfacet
  facet normal -8.700870e-1 -4.928982e-1 0.000000e+0
    outer loop
      vertex -2.469380e+1 -1.319911e+1 5.200000e+0
      vertex -2.401640e+1 -1.439488e+1 5.200000e+0
      vertex -2.401640e+1 -1.439488e+1 7.000000e+0
    endloop
  endfacet
  facet normal -8.700870e-1 -4.928982e-1 0.000000e+0
    outer loop
      vertex -2.469380e+1 -1.319911e+1 5.200000e+0
      vertex -2.401640e+1 -1.439488e+1 7.000000e+0
      vertex -2.469380e+1 -1.319911e+1 7.000000e+0
    endloop
  endfacet
  facet normal -8.448536e-1 -5.349976e-1 0.000000e+0
    outer loop
      vertex -2.401640e+1 -1.439488e+1 5.200000e+0
      vertex -2.328115e+1 -1.555597e+1 5.200000e+0
      vertex -2.328115e+1 -1.555597e+1 7.000000e+0
    endloop
  endfacet
  facet normal -8.448536e-1 -5.349976e-1 0.000000e+0
    outer loop
      vertex -2.401640e+1 -1.439488e+1 5.200000e+0
      vertex -2.328115e+1 -1.555597e+1 7.000000e+0
      vertex -2.401640e+1 -1.439488e+1 7.000000e+0
    endloop
  endfacet
  facet normal -8.175848e-1 -5.758082e-1 0.000000e+0
    outer loop
      vertex -2.328115e+1 -1.555597e+1 5.200000e+0
      vertex -2.248981e+1 -1.667958e+1 5.200000e+0
      vertex -2.248981e+1 -1.667958e+1 7.000000e+0
    endloop
  endfacet
  facet normal -8.175848e-1 -5.758082e-1 0.000000e+0
    outer loop
      vertex -2.328115e+1 -1.555597e+1 5.200000e+0
      vertex -2.248981e+1 -1.667958e+1 7.000000e+0
      vertex -2.328115e+1 -1.555597e+1 7.000000e+0
    endloop
  endfacet
  facet normal -7.883464e-1 -6.152316e-1 0.000000e+0
    outer loop
      vertex -2.248981e+1 -1.667958e+1 5.200000e+0
      vertex -2.164429e+1 -1.776301e+1 5.200000e+0
      vertex -2.164429e+1 -1.776301e+1 7.000000e+0
    endloop
  endfacet
  facet normal -7.883464e-1 -6.152316e-1 0.000000e+0
    outer loop
      vertex -2.248981e+1 -1.667958e+1 5.200000e+0
      vertex -2.164429e+1 -1.776301e+1 7.000000e+0
      vertex -2.248981e+1 -1.667958e+1 7.000000e+0
    endloop
  endfacet
  facet normal -7.572088e-1 -6.531728e-1 0.000000e+0
    outer loop
      vertex -2.164429e+1 -1.776301e+1 5.200000e+0
      vertex -2.074663e+1 -1.880365e+1 5.200000e+0
      vertex -2.074663e+1 -1.880365e+1 7.000000e+0
    endloop
  endfacet
  facet normal -7.572088e-1 -6.531728e-1 0.000000e+0
    outer loop
      vertex -2.164429e+1 -1.776301e+1 5.200000e+0
      vertex -2.074663e+1 -1.880365e+1 7.000000e+0
      vertex -2.164429e+1 -1.776301e+1 7.000000e+0
    endloop
  endfacet
  facet normal -7.242471e-1 -6.895405e-1 0.000000e+0
    outer loop
      vertex -2.074663e+1 -1.880365e+1 5.200000e+0
      vertex -1.979899e+1 -1.979899e+1 5.200000e+0
      vertex -1.979899e+1 -1.979899e+1 7.000000e+0
    endloop
  endfacet
  facet normal -7.242471e-1 -6.895405e-1 0.000000e+0
    outer loop
      vertex -2.074663e+1 -1.880365e+1 5.200000e+0
      vertex -1.979899e+1 -1.979899e+1 7.000000e+0
      vertex -2.074663e+1 -1.880365e+1 7.000000e+0
    endloop
  endfacet
  facet normal -6.895405e-1 -7.242471e-1 0.000000e+0
    outer loop
      vertex -1.979899e+1 -1.979899e+1 5.200000e+0
      vertex -1.880365e+1 -2.074663e+1 5.200000e+0
      vertex -1.880365e+1 -2.074663e+1 7.000000e+0
    endloop
  endfacet
  facet normal -6.895405e-1 -7.242471e-1 0.000000e+0
    outer loop
      vertex -1.979899e+1 -1.979899e+1 5.200000e+0
      vertex -1.880365e+1 -2.074663e+1 7.000000e+0
      vertex -1.979899e+1 -1.979899e+1 7.000000e+0
    endloop
  endfacet
  facet normal -6.531728e-1 -7.572088e-1 0.000000e+0
    outer loop
      vertex -1.880365e+1 -2.074663e+1 5.200000e+0
      vertex -1.776301e+1 -2.164429e+1 5.200000e+0
      vertex -1.776301e+1 -2.164429e+1 7.000000e+0
    endloop
  endfacet
  facet normal -6.531728e-1 -7.572088e-1 0.000000e+0
    outer loop
      vertex -1.880365e+1 -2.074663e+1 5.200000e+0
      vertex -1.776301e+1 -2.164429e+1 7.000000e+0
      vertex -1.880365e+1 -2.074663e+1 7.000000e+0
    endloop
  endfacet
  facet normal -6.152316e-1 -7.883464e-1 0.000000e+0
    outer loop
      vertex -1.776301e+1 -2.164429e+1 5.200000e+0
      vertex -1.667958e+1 -2.248981e+1 5.200000e+0
      vertex -1.667958e+1 -2.248981e+1 7.000000e+0
    endloop
  endfacet
  facet normal -6.152316e-1 -7.883464e-1 0.000000e+0
    outer loop
      vertex -1.776301e+1 -2.164429e+1 5.200000e+0
      vertex -1.667958e+1 -2.248981e+1 7.000000e+0
      vertex -1.776301e+1 -2.164429e+1 7.000000e+0
    endloop
  endfacet
  facet normal -5.758082e-1 -8.175848e-1 0.000000e+0
    outer loop
      vertex -1.667958e+1 -2.248981e+1 5.200000e+0
      vertex -1.555597e+1 -2.328115e+1 5.200000e+0
      vertex -1.555597e+1 -2.328115e+1 7.000000e+0
    endloop
  endfacet
  facet normal -5.758082e-1 -8.175848e-1 0.000000e+0
    outer loop
      vertex -1.667958e+1 -2.248981e+1 5.200000e+0
      vertex -1.555597e+1 -2.328115e+1 7.000000e+0
      vertex -1.667958e+1 -2.248981e+1 7.000000e+0
    endloop
  endfacet
  facet normal -5.349976e-1 -8.448536e-1 0.000000e+0
    outer loop
      vertex -1.555597e+1 -2.328115e+1 5.200000e+0
      vertex -1.439488e+1 -2.401640e+1 5.200000e+0
      vertex -1.439488e+1 -2.401640e+1 7.000000e+0
    endloop
  endfacet
  facet normal -5.349976e-1 -8.448536e-1 0.000000e+0
    outer loop
      vertex -1.555597e+1 -2.328115e+1 5.200000e+0
      vertex -1.439488e+1 -2.401640e+1 7.000000e+0
      vertex -1.555597e+1 -2.328115e+1 7.000000e+0
    endloop
  endfacet
  facet normal -4.928982e-1 -8.700870e-1 0.000000e+0
    outer loop
      vertex -1.439488e+1 -2.401640e+1 5.200000e+0
      vertex -1.319911e+1 -2.469380e+1 5.200000e+0
      vertex -1.319911e+1 -2.469380e+1 7.000000e+0
    endloop
  endfacet
  facet normal -4.928982e-1 -8.700870e-1 0.000000e+0
    outer loop
      vertex -1.439488e+1 -2.401640e+1 5.200000e+0
      vertex -1.319911e+1 -2.469380e+1 7.000000e+0
      vertex -1.439488e+1 -2.401640e+1 7.000000e+0
    endloop
  endfacet
  facet normal -4.496113e-1 -8.932243e-1 0.000000e+0
    outer loop
      vertex -1.319911e+1 -2.469380e+1 5.200000e+0
      vertex -1.197154e+1 -2.531170e+1 5.200000e+0
      vertex -1.197154e+1 -2.531170e+1 7.000000e+0
    endloop
  endfacet
  facet normal -4.496113e-1 -8.932243e-1 0.000000e+0
    outer loop
      vertex -1.319911e+1 -2.469380e+1 5.200000e+0
      vertex -1.197154e+1 -2.531170e+1 7.000000e+0
      vertex -1.319911e+1 -2.469380e+1 7.000000e+0
    endloop
  endfacet
  facet normal -4.052413e-1 -9.142098e-1 0.000000e+0
    outer loop
      vertex -1.197154e+1 -2.531170e+1 5.200000e+0
      vertex -1.071514e+1 -2.586863e+1 5.200000e+0
      vertex -1.071514e+1 -2.586863e+1 7.000000e+0
    endloop
  endfacet
  facet normal -4.052413e-1 -9.142098e-1 0.000000e+0
    outer loop
      vertex -1.197154e+1 -2.531170e+1 5.200000e+0
      vertex -1.071514e+1 -2.586863e+1 7.000000e+0
      vertex -1.197154e+1 -2.531170e+1 7.000000e+0
    endloop
  endfacet
  facet normal -3.598950e-1 -9.329928e-1 0.000000e+0
    outer loop
      vertex -1.071514e+1 -2.586863e+1 5.200000e+0
      vertex -9.432916e+0 -2.636323e+1 5.200000e+0
      vertex -9.432916e+0 -2.636323e+1 7.000000e+0
    endloop
  endfacet
  facet normal -3.598950e-1 -9.329928e-1 0.000000e+0
    outer loop
      vertex -1.071514e+1 -2.586863e+1 5.200000e+0
      vertex -9.432916e+0 -2.636323e+1 7.000000e+0
      vertex -1.071514e+1 -2.586863e+1 7.000000e+0
    endloop
  endfacet
  facet normal -3.136817e-1 -9.495282e-1 0.000000e+0
    outer loop
      vertex -9.432916e+0 -2.636323e+1 5.200000e+0
      vertex -8.127971e+0 -2.679433e+1 5.200000e+0
      vertex -8.127971e+0 -2.679433e+1 7.000000e+0
    endloop
  endfacet
  facet normal -3.136817e-1 -9.495282e-1 0.000000e+0
    outer loop
      vertex -9.432916e+0 -2.636323e+1 5.200000e+0
      vertex -8.127971e+0 -2.679433e+1 7.000000e+0
      vertex -9.432916e+0 -2.636323e+1 7.000000e+0
    endloop
  endfacet
  facet normal -2.667128e-1 -9.637761e-1 0.000000e+0
    outer loop
      vertex -8.127971e+0 -2.679433e+1 5.200000e+0
      vertex -6.803445e+0 -2.716088e+1 5.200000e+0
      vertex -6.803445e+0 -2.716088e+1 7.000000e+0
    endloop
  endfacet
  facet normal -2.667128e-1 -9.637761e-1 0.000000e+0
    outer loop
      vertex -8.127971e+0 -2.679433e+1 5.200000e+0
      vertex -6.803445e+0 -2.716088e+1 7.000000e+0
      vertex -8.127971e+0 -2.679433e+1 7.000000e+0
    endloop
  endfacet
  facet normal -2.191012e-1 -9.757021e-1 0.000000e+0
    outer loop
      vertex -6.803445e+0 -2.716088e+1 5.200000e+0
      vertex -5.462529e+0 -2.746199e+1 5.200000e+0
      vertex -5.462529e+0 -2.746199e+1 7.000000e+0
    endloop
  endfacet
  facet normal -2.191012e-1 -9.757021e-1 0.000000e+0
    outer loop
      vertex -6.803445e+0 -2.716088e+1 5.200000e+0
      vertex -5.462529e+0 -2.746199e+1 7.000000e+0
      vertex -6.803445e+0 -2.716088e+1 7.000000e+0
    endloop
  endfacet
  facet normal -1.709619e-1 -9.852776e-1 0.000000e+0
    outer loop
      vertex -5.462529e+0 -2.746199e+1 5.200000e+0
      vertex -4.108453e+0 -2.769694e+1 5.200000e+0
      vertex -4.108453e+0 -2.769694e+1 7.000000e+0
    endloop
  endfacet
  facet normal -1.709619e-1 -9.852776e-1 0.000000e+0
    outer loop
      vertex -5.462529e+0 -2.746199e+1 5.200000e+0
      vertex -4.108453e+0 -2.769694e+1 7.000000e+0
      vertex -5.462529e+0 -2.746199e+1 7.000000e+0
    endloop
  endfacet
  facet normal -1.224107e-1 -9.924795e-1 0.000000e+0
    outer loop
      vertex -4.108453e+0 -2.769694e+1 5.200000e+0
      vertex -2.744480e+0 -2.786517e+1 5.200000e+0
      vertex -2.744480e+0 -2.786517e+1 7.000000e+0
    endloop
  endfacet
  facet normal -1.224107e-1 -9.924795e-1 0.000000e+0
    outer loop
      vertex -4.108453e+0 -2.769694e+1 5.200000e+0
      vertex -2.744480e+0 -2.786517e+1 7.000000e+0
      vertex -4.108453e+0 -2.769694e+1 7.000000e+0
    endloop
  endfacet
  facet normal -7.356456e-2 -9.972905e-1 0.000000e+0
    outer loop
      vertex -2.744480e+0 -2.786517e+1 5.200000e+0
      vertex -1.373895e+0 -2.796627e+1 5.200000e+0
      vertex -1.373895e+0 -2.796627e+1 7.000000e+0
    endloop
  endfacet
  facet normal -7.356456e-2 -9.972905e-1 0.000000e+0
    outer loop
      vertex -2.744480e+0 -2.786517e+1 5.200000e+0
      vertex -1.373895e+0 -2.796627e+1 7.000000e+0
      vertex -2.744480e+0 -2.786517e+1 7.000000e+0
    endloop
  endfacet
  facet normal -2.454123e-2 -9.996988e-1 0.000000e+0
    outer loop
      vertex -1.373895e+0 -2.796627e+1 5.200000e+0
      vertex -5.143517e-15 -2.800000e+1 5.200000e+0
      vertex -5.143517e-15 -2.800000e+1 7.000000e+0
    endloop
  endfacet
  facet normal -2.454123e-2 -9.996988e-1 0.000000e+0
    outer loop
      vertex -1.373895e+0 -2.796627e+1 5.200000e+0
      vertex -5.143517e-15 -2.800000e+1 7.000000e+0
      vertex -1.373895e+0 -2.796627e+1 7.000000e+0
    endloop
  endfacet
  facet normal 2.454123e-2 -9.996988e-1 0.000000e+0
    outer loop
      vertex -5.143517e-15 -2.800000e+1 5.200000e+0
      vertex 1.373895e+0 -2.796627e+1 5.200000e+0
      vertex 1.373895e+0 -2.796627e+1 7.000000e+0
    endloop
  endfacet
  facet normal 2.454123e-2 -9.996988e-1 0.000000e+0
    outer loop
      vertex -5.143517e-15 -2.800000e+1 5.200000e+0
      vertex 1.373895e+0 -2.796627e+1 7.000000e+0
      vertex -5.143517e-15 -2.800000e+1 7.000000e+0
    endloop
  endfacet
  facet normal 7.356456e-2 -9.972905e-1 0.000000e+0
    outer loop
      vertex 1.373895e+0 -2.796627e+1 5.200000e+0
      vertex 2.744480e+0 -2.786517e+1 5.200000e+0
      vertex 2.744480e+0 -2.786517e+1 7.000000e+0
    endloop
  endfacet
  facet normal 7.356456e-2 -9.972905e-1 0.000000e+0
    outer loop
      vertex 1.373895e+0 -2.796627e+1 5.200000e+0
      vertex 2.744480e+0 -2.786517e+1 7.000000e+0
      vertex 1.373895e+0 -2.796627e+1 7.000000e+0
    endloop
  endfacet
  facet normal 1.224107e-1 -9.924795e-1 0.000000e+0
    outer loop
      vertex 2.744480e+0 -2.786517e+1 5.200000e+0
      vertex 4.108453e+0 -2.769694e+1 5.200000e+0
      vertex 4.108453e+0 -2.769694e+1 7.000000e+0
    endloop
  endfacet
  facet normal 1.224107e-1 -9.924795e-1 0.000000e+0
    outer loop
      vertex 2.744480e+0 -2.786517e+1 5.200000e+0
      vertex 4.108453e+0 -2.769694e+1 7.000000e+0
      vertex 2.744480e+0 -2.786517e+1 7.000000e+0
    endloop
  endfacet
  facet normal 1.709619e-1 -9.852776e-1 0.000000e+0
    outer loop
      vertex 4.108453e+0 -2.769694e+1 5.200000e+0
      vertex 5.462529e+0 -2.746199e+1 5.200000e+0
      vertex 5.462529e+0 -2.746199e+1 7.000000e+0
    endloop
  endfacet
  facet normal 1.709619e-1 -9.852776e-1 0.000000e+0
    outer loop
      vertex 4.108453e+0 -2.769694e+1 5.200000e+0
      vertex 5.462529e+0 -2.746199e+1 7.000000e+0
      vertex 4.108453e+0 -2.769694e+1 7.000000e+0
    endloop
  endfacet
  facet normal 2.191012e-1 -9.757021e-1 0.000000e+0
    outer loop
      vertex 5.462529e+0 -2.746199e+1 5.200000e+0
      vertex 6.803445e+0 -2.716088e+1 5.200000e+0
      vertex 6.803445e+0 -2.716088e+1 7.000000e+0
    endloop
  endfacet
  facet normal 2.191012e-1 -9.757021e-1 0.000000e+0
    outer loop
      vertex 5.462529e+0 -2.746199e+1 5.200000e+0
      vertex 6.803445e+0 -2.716088e+1 7.000000e+0
      vertex 5.462529e+0 -2.746199e+1 7.000000e+0
    endloop
  endfacet
  facet normal 2.667128e-1 -9.637761e-1 0.000000e+0
    outer loop
      vertex 6.803445e+0 -2.716088e+1 5.200000e+0
      vertex 8.127971e+0 -2.679433e+1 5.200000e+0
      vertex 8.127971e+0 -2.679433e+1 7.000000e+0
    endloop
  endfacet
  facet normal 2.667128e-1 -9.637761e-1 0.000000e+0
    outer loop
      vertex 6.803445e+0 -2.716088e+1 5.200000e+0
      vertex 8.127971e+0 -2.679433e+1 7.000000e+0
      vertex 6.803445e+0 -2.716088e+1 7.000000e+0
    endloop
  endfacet
  facet normal 3.136817e-1 -9.495282e-1 0.000000e+0
    outer loop
      vertex 8.127971e+0 -2.679433e+1 5.200000e+0
      vertex 9.432916e+0 -2.636323e+1 5.200000e+0
      vertex 9.432916e+0 -2.636323e+1 7.000000e+0
    endloop
  endfacet
  facet normal 3.136817e-1 -9.495282e-1 0.000000e+0
    outer loop
      vertex 8.127971e+0 -2.679433e+1 5.200000e+0
      vertex 9.432916e+0 -2.636323e+1 7.000000e+0
      vertex 8.127971e+0 -2.679433e+1 7.000000e+0
    endloop
  endfacet
  facet normal 3.598950e-1 -9.329928e-1 0.000000e+0
    outer loop
      vertex 9.432916e+0 -2.636323e+1 5.200000e+0
      vertex 1.071514e+1 -2.586863e+1 5.200000e+0
      vertex 1.071514e+1 -2.586863e+1 7.000000e+0
    endloop
  endfacet
  facet normal 3.598950e-1 -9.329928e-1 0.000000e+0
    outer loop
      vertex 9.432916e+0 -2.636323e+1 5.200000e+0
      vertex 1.071514e+1 -2.586863e+1 7.000000e+0
      vertex 9.432916e+0 -2.636323e+1 7.000000e+0
    endloop
  endfacet
  facet normal 4.052413e-1 -9.142098e-1 0.000000e+0
    outer loop
      vertex 1.071514e+1 -2.586863e+1 5.200000e+0
      vertex 1.197154e+1 -2.531170e+1 5.200000e+0
      vertex 1.197154e+1 -2.531170e+1 7.000000e+0
    endloop
  endfacet
  facet normal 4.052413e-1 -9.142098e-1 0.000000e+0
    outer loop
      vertex 1.071514e+1 -2.586863e+1 5.200000e+0
      vertex 1.197154e+1 -2.531170e+1 7.000000e+0
      vertex 1.071514e+1 -2.586863e+1 7.000000e+0
    endloop
  endfacet
  facet normal 4.496113e-1 -8.932243e-1 0.000000e+0
    outer loop
      vertex 1.197154e+1 -2.531170e+1 5.200000e+0
      vertex 1.319911e+1 -2.469380e+1 5.200000e+0
      vertex 1.319911e+1 -2.469380e+1 7.000000e+0
    endloop
  endfacet
  facet normal 4.496113e-1 -8.932243e-1 0.000000e+0
    outer loop
      vertex 1.197154e+1 -2.531170e+1 5.200000e+0
      vertex 1.319911e+1 -2.469380e+1 7.000000e+0
      vertex 1.197154e+1 -2.531170e+1 7.000000e+0
    endloop
  endfacet
  facet normal 4.928982e-1 -8.700870e-1 0.000000e+0
    outer loop
      vertex 1.319911e+1 -2.469380e+1 5.200000e+0
      vertex 1.439488e+1 -2.401640e+1 5.200000e+0
      vertex 1.439488e+1 -2.401640e+1 7.000000e+0
    endloop
  endfacet
  facet normal 4.928982e-1 -8.700870e-1 0.000000e+0
    outer loop
      vertex 1.319911e+1 -2.469380e+1 5.200000e+0
      vertex 1.439488e+1 -2.401640e+1 7.000000e+0
      vertex 1.319911e+1 -2.469380e+1 7.000000e+0
    endloop
  endfacet
  facet normal 5.349976e-1 -8.448536e-1 0.000000e+0
    outer loop
      vertex 1.439488e+1 -2.401640e+1 5.200000e+0
      vertex 1.555597e+1 -2.328115e+1 5.200000e+0
      vertex 1.555597e+1 -2.328115e+1 7.000000e+0
    endloop
  endfacet
  facet normal 5.349976e-1 -8.448536e-1 0.000000e+0
    outer loop
      vertex 1.439488e+1 -2.401640e+1 5.200000e+0
      vertex 1.555597e+1 -2.328115e+1 7.000000e+0
      vertex 1.439488e+1 -2.401640e+1 7.000000e+0
    endloop
  endfacet
  facet normal 5.758082e-1 -8.175848e-1 0.000000e+0
    outer loop
      vertex 1.555597e+1 -2.328115e+1 5.200000e+0
      vertex 1.667958e+1 -2.248981e+1 5.200000e+0
      vertex 1.667958e+1 -2.248981e+1 7.000000e+0
    endloop
  endfacet
  facet normal 5.758082e-1 -8.175848e-1 0.000000e+0
    outer loop
      vertex 1.555597e+1 -2.328115e+1 5.200000e+0
      vertex 1.667958e+1 -2.248981e+1 7.000000e+0
      vertex 1.555597e+1 -2.328115e+1 7.000000e+0
    endloop
  endfacet
  facet normal 6.152316e-1 -7.883464e-1 0.000000e+0
    outer loop
      vertex 1.667958e+1 -2.248981e+1 5.200000e+0
      vertex 1.776301e+1 -2.164429e+1 5.200000e+0
      vertex 1.776301e+1 -2.164429e+1 7.000000e+0
    endloop
  endfacet
  facet normal 6.152316e-1 -7.883464e-1 0.000000e+0
    outer loop
      vertex 1.667958e+1 -2.248981e+1 5.200000e+0
      vertex 1.776301e+1 -2.164429e+1 7.000000e+0
      vertex 1.667958e+1 -2.248981e+1 7.000000e+0
    endloop
  endfacet
  facet normal 6.531728e-1 -7.572088e-1 0.000000e+0
    outer loop
      vertex 1.776301e+1 -2.164429e+1 5.200000e+0
      vertex 1.880365e+1 -2.074663e+1 5.200000e+0
      vertex 1.880365e+1 -2.074663e+1 7.000000e+0
    endloop
  endfacet
  facet normal 6.531728e-1 -7.572088e-1 0.000000e+0
    outer loop
      vertex 1.776301e+1 -2.164429e+1 5.200000e+0
      vertex 1.880365e+1 -2.074663e+1 7.000000e+0
      vertex 1.776301e+1 -2.164429e+1 7.000000e+0
    endloop
  endfacet
  facet normal 6.895405e-1 -7.242471e-1 0.000000e+0
    outer loop
      vertex 1.880365e+1 -2.074663e+1 5.200000e+0
      vertex 1.979899e+1 -1.979899e+1 5.200000e+0
      vertex 1.979899e+1 -1.979899e+1 7.000000e+0
    endloop
  endfacet
  facet normal 6.895405e-1 -7.242471e-1 0.000000e+0
    outer loop
      vertex 1.880365e+1 -2.074663e+1 5.200000e+0
      vertex 1.979899e+1 -1.979899e+1 7.000000e+0
      vertex 1.880365e+1 -2.074663e+1 7.000000e+0
    endloop
  endfacet
  facet normal 7.242471e-1 -6.895405e-1 0.000000e+0
    outer loop
      vertex 1.979899e+1 -1.979899e+1 5.200000e+0
      vertex 2.074663e+1 -1.880365e+1 5.200000e+0
      vertex 2.074663e+1 -1.880365e+1 7.000000e+0
    endloop
  endfacet
  facet normal 7.242471e-1 -6.895405e-1 0.000000e+0
    outer loop
      vertex 1.979899e+1 -1.979899e+1 5.200000e+0
      vertex 2.074663e+1 -1.880365e+1 7.000000e+0
      vertex 1.979899e+1 -1.979899e+1 7.000000e+0
    endloop
  endfacet
  facet normal 7.572088e-1 -6.531728e-1 0.000000e+0
    outer loop
      vertex 2.074663e+1 -1.880365e+1 5.200000e+0
      vertex 2.164429e+1 -1.776301e+1 5.200000e+0
      vertex 2.164429e+1 -1.776301e+1 7.000000e+0
    endloop
  endfacet
  facet normal 7.572088e-1 -6.531728e-1 0.000000e+0
    outer loop
      vertex 2.074663e+1 -1.880365e+1 5.200000e+0
      vertex 2.164429e+1 -1.776301e+1 7.000000e+0
      vertex 2.074663e+1 -1.880365e+1 7.000000e+0
    endloop
  endfacet
  facet normal 7.883464e-1 -6.152316e-1 0.000000e+0
    outer loop
      vertex 2.164429e+1 -1.776301e+1 5.200000e+0
      vertex 2.248981e+1 -1.667958e+1 5.200000e+0
      vertex 2.248981e+1 -1.667958e+1 7.000000e+0
    endloop
  endfacet
  facet normal 7.883464e-1 -6.152316e-1 0.000000e+0
    outer loop
      vertex 2.164429e+1 -1.776301e+1 5.200000e+0
      vertex 2.248981e+1 -1.667958e+1 7.000000e+0
      vertex 2.164429e+1 -1.776301e+1 7.000000e+0
    endloop
  endfacet
  facet normal 8.175848e-1 -5.758082e-1 0.000000e+0
    outer loop
      vertex 2.248981e+1 -1.667958e+1 5.200000e+0
      vertex 2.328115e+1 -1.555597e+1 5.200000e+0
      vertex 2.328115e+1 -1.555597e+1 7.000000e+0
    endloop
  endfacet
  facet normal 8.175848e-1 -5.758082e-1 0.000000e+0
    outer loop
      vertex 2.248981e+1 -1.667958e+1 5.200000e+0
      vertex 2.328115e+1 -1.555597e+1 7.000000e+0
      vertex 2.248981e+1 -1.667958e+1 7.000000e+0
    endloop
  endfacet
  facet normal 8.448536e-1 -5.349976e-1 0.000000e+0
    outer loop
      vertex 2.328115e+1 -1.555597e+1 5.200000e+0
      vertex 2.401640e+1 -1.439488e+1 5.200000e+0
      vertex 2.401640e+1 -1.439488e+1 7.000000e+0
    endloop
  endfacet
  facet normal 8.448536e-1 -5.349976e-1 0.000000e+0
    outer loop
      vertex 2.328115e+1 -1.555597e+1 5.200000e+0
      vertex 2.401640e+1 -1.439488e+1 7.000000e+0
      vertex 2.328115e+1 -1.555597e+1 7.000000e+0
    endloop
  endfacet
  facet normal 8.700870e-1 -4.928982e-1 0.000000e+0
    outer loop
      vertex 2.401640e+1 -1.439488e+1 5.200000e+0
      vertex 2.469380e+1 -1.319911e+1 5.200000e+0
      vertex 2.469380e+1 -1.319911e+1 7.000000e+0
    endloop
  endfacet
  facet normal 8.700870e-1 -4.928982e-1 0.000000e+0
    outer loop
      vertex 2.401640e+1 -1.439488e+1 5.200000e+0
      vertex 2.469380e+1 -1.319911e+1 7.000000e+0
      vertex 2.401640e+1 -1.439488e+1 7.000000e+0
    endloop
  endfacet
  facet normal 8.932243e-1 -4.496113e-1 0.000000e+0
    outer loop
      vertex 2.469380e+1 -1.319911e+1 5.200000e+0
      vertex 2.531170e+1 -1.197154e+1 5.200000e+0
      vertex 2.531170e+1 -1.197154e+1 7.000000e+0
    endloop
  endfacet
  facet normal 8.932243e-1 -4.496113e-1 0.000000e+0
    outer loop
      vertex 2.469380e+1 -1.319911e+1 5.200000e+0
      vertex 2.531170e+1 -1.197154e+1 7.000000e+0
      vertex 2.469380e+1 -1.319911e+1 7.000000e+0
    endloop
  endfacet
  facet normal 9.142098e-1 -4.052413e-1 0.000000e+0
    outer loop
      vertex 2.531170e+1 -1.197154e+1 5.200000e+0
      vertex 2.586863e+1 -1.071514e+1 5.200000e+0
      vertex 2.586863e+1 -1.071514e+1 7.000000e+0
    endloop
  endfacet
  facet normal 9.142098e-1 -4.052413e-1 0.000000e+0
    outer loop
      vertex 2.531170e+1 -1.197154e+1 5.200000e+0
      vertex 2.586863e+1 -1.071514e+1 7.000000e+0
      vertex 2.531170e+1 -1.197154e+1 7.000000e+0
    endloop
  endfacet
  facet normal 9.329928e-1 -3.598950e-1 0.000000e+0
    outer loop
      vertex 2.586863e+1 -1.071514e+1 5.200000e+0
      vertex 2.636323e+1 -9.432916e+0 5.200000e+0
      vertex 2.636323e+1 -9.432916e+0 7.000000e+0
    endloop
  endfacet
  facet normal 9.329928e-1 -3.598950e-1 0.000000e+0
    outer loop
      vertex 2.586863e+1 -1.071514e+1 5.200000e+0
      vertex 2.636323e+1 -9.432916e+0 7.000000e+0
      vertex 2.586863e+1 -1.071514e+1 7.000000e+0
    endloop
  endfacet
  facet normal 9.495282e-1 -3.136817e-1 0.000000e+0
    outer loop
      vertex 2.636323e+1 -9.432916e+0 5.200000e+0
      vertex 2.679433e+1 -8.127971e+0 5.200000e+0
      vertex 2.679433e+1 -8.127971e+0 7.000000e+0
    endloop
  endfacet
  facet normal 9.495282e-1 -3.136817e-1 0.000000e+0
    outer loop
      vertex 2.636323e+1 -9.432916e+0 5.200000e+0
      vertex 2.679433e+1 -8.127971e+0 7.000000e+0
      vertex 2.636323e+1 -9.432916e+0 7.000000e+0
    endloop
  endfacet
  facet normal 9.637761e-1 -2.667128e-1 0.000000e+0
    outer loop
      vertex 2.679433e+1 -8.127971e+0 5.200000e+0
      vertex 2.716088e+1 -6.803445e+0 5.200000e+0
      vertex 2.716088e+1 -6.803445e+0 7.000000e+0
    endloop
  endfacet
  facet normal 9.637761e-1 -2.667128e-1 0.000000e+0
    outer loop
      vertex 2.679433e+1 -8.127971e+0 5.200000e+0
      vertex 2.716088e+1 -6.803445e+0 7.000000e+0
      vertex 2.679433e+1 -8.127971e+0 7.000000e+0
    endloop
  endfacet
  facet normal 9.757021e-1 -2.191012e-1 0.000000e+0
    outer loop
      vertex 2.716088e+1 -6.803445e+0 5.200000e+0
      vertex 2.746199e+1 -5.462529e+0 5.200000e+0
      vertex 2.746199e+1 -5.462529e+0 7.000000e+0
    endloop
  endfacet
  facet normal 9.757021e-1 -2.191012e-1 0.000000e+0
    outer loop
      vertex 2.716088e+1 -6.803445e+0 5.200000e+0
      vertex 2.746199e+1 -5.462529e+0 7.000000e+0
      vertex 2.716088e+1 -6.803445e+0 7.000000e+0
    endloop
  endfacet
  facet normal 9.852776e-1 -1.709619e-1 0.000000e+0
    outer loop
      vertex 2.746199e+1 -5.462529e+0 5.200000e+0
      vertex 2.769694e+1 -4.108453e+0 5.200000e+0
      vertex 2.769694e+1 -4.108453e+0 7.000000e+0
    endloop
  endfacet
  facet normal 9.852776e-1 -1.709619e-1 0.000000e+0
    outer loop
      vertex 2.746199e+1 -5.462529e+0 5.200000e+0
      vertex 2.769694e+1 -4.108453e+0 7.000000e+0
      vertex 2.746199e+1 -5.462529e+0 7.000000e+0
    endloop
  endfacet
  facet normal 9.924795e-1 -1.224107e-1 0.000000e+0
    outer loop
      vertex 2.769694e+1 -4.108453e+0 5.200000e+0
      vertex 2.786517e+1 -2.744480e+0 5.200000e+0
      vertex 2.786517e+1 -2.744480e+0 7.000000e+0
    endloop
  endfacet
  facet normal 9.924795e-1 -1.224107e-1 0.000000e+0
    outer loop
      vertex 2.769694e+1 -4.108453e+0 5.200000e+0
      vertex 2.786517e+1 -2.744480e+0 7.000000e+0
      vertex 2.769694e+1 -4.108453e+0 7.000000e+0
    endloop
  endfacet
  facet normal 9.972905e-1 -7.356456e-2 0.000000e+0
    outer loop
      vertex 2.786517e+1 -2.744480e+0 5.200000e+0
      vertex 2.796627e+1 -1.373895e+0 5.200000e+0
      vertex 2.796627e+1 -1.373895e+0 7.000000e+0
    endloop
  endfacet
  facet normal 9.972905e-1 -7.356456e-2 0.000000e+0
    outer loop
      vertex 2.786517e+1 -2.744480e+0 5.200000e+0
      vertex 2.796627e+1 -1.373895e+0 7.000000e+0
      vertex 2.786517e+1 -2.744480e+0 7.000000e+0
    endloop
  endfacet
  facet normal 9.996988e-1 -2.454123e-2 0.000000e+0
    outer loop
      vertex 2.796627e+1 -1.373895e+0 5.200000e+0
      vertex 2.800000e+1 -6.858022e-15 5.200000e+0
      vertex 2.800000e+1 -6.858022e-15 7.000000e+0
    endloop
  endfacet
  facet normal 9.996988e-1 -2.454123e-2 0.000000e+0
    outer loop
      vertex 2.796627e+1 -1.373895e+0 5.200000e+0
      vertex 2.800000e+1 -6.858022e-15 7.000000e+0
      vertex 2.796627e+1 -1.373895e+0 7.000000e+0
    endloop
  endfacet
  facet normal 8.942117e-1 2.195166e-2 -4.471058e-1
    outer loop
      vertex 2.800000e+1 0.000000e+0 7.000000e+0
      vertex 2.796627e+1 1.373895e+0 7.000000e+0
      vertex 2.886519e+1 1.418056e+0 8.800000e+0
    endloop
  endfacet
  facet normal 8.942117e-1 2.195166e-2 -4.471058e-1
    outer loop
      vertex 2.800000e+1 0.000000e+0 7.000000e+0
      vertex 2.886519e+1 1.418056e+0 8.800000e+0
      vertex 2.890000e+1 0.000000e+0 8.800000e+0
    endloop
  endfacet
  facet normal 8.920574e-1 6.580211e-2 -4.471058e-1
    outer loop
      vertex 2.796627e+1 1.373895e+0 7.000000e+0
      vertex 2.786517e+1 2.744480e+0 7.000000e+0
      vertex 2.876084e+1 2.832695e+0 8.800000e+0
    endloop
  endfacet
  facet normal 8.920574e-1 6.580211e-2 -4.471058e-1
    outer loop
      vertex 2.796627e+1 1.373895e+0 7.000000e+0
      vertex 2.876084e+1 2.832695e+0 8.800000e+0
      vertex 2.886519e+1 1.418056e+0 8.800000e+0
    endloop
  endfacet
  facet normal 8.877542e-1 1.094940e-1 -4.471058e-1
    outer loop
      vertex 2.786517e+1 2.744480e+0 7.000000e+0
      vertex 2.769694e+1 4.108453e+0 7.000000e+0
      vertex 2.858720e+1 4.240511e+0 8.800000e+0
    endloop
  endfacet
  facet normal 8.877542e-1 1.094940e-1 -4.471058e-1
    outer loop
      vertex 2.786517e+1 2.744480e+0 7.000000e+0
      vertex 2.858720e+1 4.240511e+0 8.800000e+0
      vertex 2.876084e+1 2.832695e+0 8.800000e+0
    endloop
  endfacet
  facet normal 8.813122e-1 1.529222e-1 -4.471058e-1
    outer loop
      vertex 2.769694e+1 4.108453e+0 7.000000e+0
      vertex 2.746199e+1 5.462529e+0 7.000000e+0
      vertex 2.834469e+1 5.638110e+0 8.800000e+0
    endloop
  endfacet
  facet normal 8.813122e-1 1.529222e-1 -4.471058e-1
    outer loop
      vertex 2.769694e+1 4.108453e+0 7.000000e+0
      vertex 2.834469e+1 5.638110e+0 8.800000e+0
      vertex 2.858720e+1 4.240511e+0 8.800000e+0
    endloop
  endfacet
  facet normal 8.727471e-1 1.959819e-1 -4.471058e-1
    outer loop
      vertex 2.746199e+1 5.462529e+0 7.000000e+0
      vertex 2.716088e+1 6.803445e+0 7.000000e+0
      vertex 2.803390e+1 7.022127e+0 8.800000e+0
    endloop
  endfacet
  facet normal 8.727471e-1 1.959819e-1 -4.471058e-1
    outer loop
      vertex 2.746199e+1 5.462529e+0 7.000000e+0
      vertex 2.803390e+1 7.022127e+0 8.800000e+0
      vertex 2.834469e+1 5.638110e+0 8.800000e+0
    endloop
  endfacet
  facet normal 8.620794e-1 2.385695e-1 -4.471058e-1
    outer loop
      vertex 2.716088e+1 6.803445e+0 7.000000e+0
      vertex 2.679433e+1 8.127971e+0 7.000000e+0
      vertex 2.765558e+1 8.389227e+0 8.800000e+0
    endloop
  endfacet
  facet normal 8.620794e-1 2.385695e-1 -4.471058e-1
    outer loop
      vertex 2.716088e+1 6.803445e+0 7.000000e+0
      vertex 2.765558e+1 8.389227e+0 8.800000e+0
      vertex 2.803390e+1 7.022127e+0 8.800000e+0
    endloop
  endfacet
  facet normal 8.493350e-1 2.805824e-1 -4.471058e-1
    outer loop
      vertex 2.679433e+1 8.127971e+0 7.000000e+0
      vertex 2.636323e+1 9.432916e+0 7.000000e+0
      vertex 2.721062e+1 9.736117e+0 8.800000e+0
    endloop
  endfacet
  facet normal 8.493350e-1 2.805824e-1 -4.471058e-1
    outer loop
      vertex 2.679433e+1 8.127971e+0 7.000000e+0
      vertex 2.721062e+1 9.736117e+0 8.800000e+0
      vertex 2.765558e+1 8.389227e+0 8.800000e+0
    endloop
  endfacet
  facet normal 8.345444e-1 3.219193e-1 -4.471058e-1
    outer loop
      vertex 2.636323e+1 9.432916e+0 7.000000e+0
      vertex 2.586863e+1 1.071514e+1 7.000000e+0
      vertex 2.670012e+1 1.105955e+1 8.800000e+0
    endloop
  endfacet
  facet normal 8.345444e-1 3.219193e-1 -4.471058e-1
    outer loop
      vertex 2.636323e+1 9.432916e+0 7.000000e+0
      vertex 2.670012e+1 1.105955e+1 8.800000e+0
      vertex 2.721062e+1 9.736117e+0 8.800000e+0
    endloop
  endfacet
  facet normal 8.177433e-1 3.624807e-1 -4.471058e-1
    outer loop
      vertex 2.586863e+1 1.071514e+1 7.000000e+0
      vertex 2.531170e+1 1.197154e+1 7.000000e+0
      vertex 2.612529e+1 1.235634e+1 8.800000e+0
    endloop
  endfacet
  facet normal 8.177433e-1 3.624807e-1 -4.471058e-1
    outer loop
      vertex 2.586863e+1 1.071514e+1 7.000000e+0
      vertex 2.612529e+1 1.235634e+1 8.800000e+0
      vertex 2.670012e+1 1.105955e+1 8.800000e+0
    endloop
  endfacet
  facet normal 7.989722e-1 4.021688e-1 -4.471058e-1
    outer loop
      vertex 2.531170e+1 1.197154e+1 7.000000e+0
      vertex 2.469380e+1 1.319911e+1 7.000000e+0
      vertex 2.548752e+1 1.362337e+1 8.800000e+0
    endloop
  endfacet
  facet normal 7.989722e-1 4.021688e-1 -4.471058e-1
    outer loop
      vertex 2.531170e+1 1.197154e+1 7.000000e+0
      vertex 2.548752e+1 1.362337e+1 8.800000e+0
      vertex 2.612529e+1 1.235634e+1 8.800000e+0
    endloop
  endfacet
  facet normal 7.782763e-1 4.408881e-1 -4.471058e-1
    outer loop
      vertex 2.469380e+1 1.319911e+1 7.000000e+0
      vertex 2.401640e+1 1.439488e+1 7.000000e+0
      vertex 2.478836e+1 1.485757e+1 8.800000e+0
    endloop
  endfacet
  facet normal 7.782763e-1 4.408881e-1 -4.471058e-1
    outer loop
      vertex 2.469380e+1 1.319911e+1 7.000000e+0
      vertex 2.478836e+1 1.485757e+1 8.800000e+0
      vertex 2.548752e+1 1.362337e+1 8.800000e+0
    endloop
  endfacet
  facet normal 7.557055e-1 4.785452e-1 -4.471058e-1
    outer loop
      vertex 2.401640e+1 1.439488e+1 7.000000e+0
      vertex 2.328115e+1 1.555597e+1 7.000000e+0
      vertex 2.402947e+1 1.605598e+1 8.800000e+0
    endloop
  endfacet
  facet normal 7.557055e-1 4.785452e-1 -4.471058e-1
    outer loop
      vertex 2.401640e+1 1.439488e+1 7.000000e+0
      vertex 2.402947e+1 1.605598e+1 8.800000e+0
      vertex 2.478836e+1 1.485757e+1 8.800000e+0
    endloop
  endfacet
  facet normal 7.313141e-1 5.150495e-1 -4.471058e-1
    outer loop
      vertex 2.328115e+1 1.555597e+1 7.000000e+0
      vertex 2.248981e+1 1.667958e+1 7.000000e+0
      vertex 2.321270e+1 1.721571e+1 8.800000e+0
    endloop
  endfacet
  facet normal 7.313141e-1 5.150495e-1 -4.471058e-1
    outer loop
      vertex 2.328115e+1 1.555597e+1 7.000000e+0
      vertex 2.321270e+1 1.721571e+1 8.800000e+0
      vertex 2.402947e+1 1.605598e+1 8.800000e+0
    endloop
  endfacet
  facet normal 7.051610e-1 5.503130e-1 -4.471058e-1
    outer loop
      vertex 2.248981e+1 1.667958e+1 7.000000e+0
      vertex 2.164429e+1 1.776301e+1 7.000000e+0
      vertex 2.234000e+1 1.833397e+1 8.800000e+0
    endloop
  endfacet
  facet normal 7.051610e-1 5.503130e-1 -4.471058e-1
    outer loop
      vertex 2.248981e+1 1.667958e+1 7.000000e+0
      vertex 2.234000e+1 1.833397e+1 8.800000e+0
      vertex 2.321270e+1 1.721571e+1 8.800000e+0
    endloop
  endfacet
  facet normal 6.773090e-1 5.842507e-1 -4.471058e-1
    outer loop
      vertex 2.164429e+1 1.776301e+1 7.000000e+0
      vertex 2.074663e+1 1.880365e+1 7.000000e+0
      vertex 2.141349e+1 1.940805e+1 8.800000e+0
    endloop
  endfacet
  facet normal 6.773090e-1 5.842507e-1 -4.471058e-1
    outer loop
      vertex 2.164429e+1 1.776301e+1 7.000000e+0
      vertex 2.141349e+1 1.940805e+1 8.800000e+0
      vertex 2.234000e+1 1.833397e+1 8.800000e+0
    endloop
  endfacet
  facet normal 6.478253e-1 6.167810e-1 -4.471058e-1
    outer loop
      vertex 2.074663e+1 1.880365e+1 7.000000e+0
      vertex 1.979899e+1 1.979899e+1 7.000000e+0
      vertex 2.043539e+1 2.043539e+1 8.800000e+0
    endloop
  endfacet
  facet normal 6.478253e-1 6.167810e-1 -4.471058e-1
    outer loop
      vertex 2.074663e+1 1.880365e+1 7.000000e+0
      vertex 2.043539e+1 2.043539e+1 8.800000e+0
      vertex 2.141349e+1 1.940805e+1 8.800000e+0
    endloop
  endfacet
  facet normal 6.167810e-1 6.478253e-1 -4.471058e-1
    outer loop
      vertex 1.979899e+1 1.979899e+1 7.000000e+0
      vertex 1.880365e+1 2.074663e+1 7.000000e+0
      vertex 1.940805e+1 2.141349e+1 8.800000e+0
    endloop
  endfacet
  facet normal 6.167810e-1 6.478253e-1 -4.471058e-1
    outer loop
      vertex 1.979899e+1 1.979899e+1 7.000000e+0
      vertex 1.940805e+1 2.141349e+1 8.800000e+0
      vertex 2.043539e+1 2.043539e+1 8.800000e+0
    endloop
  endfacet
  facet normal 5.842507e-1 6.773090e-1 -4.471058e-1
    outer loop
      vertex 1.880365e+1 2.074663e+1 7.000000e+0
      vertex 1.776301e+1 2.164429e+1 7.000000e+0
      vertex 1.833397e+1 2.234000e+1 8.800000e+0
    endloop
  endfacet
  facet normal 5.842507e-1 6.773090e-1 -4.471058e-1
    outer loop
      vertex 1.880365e+1 2.074663e+1 7.000000e+0
      vertex 1.833397e+1 2.234000e+1 8.800000e+0
      vertex 1.940805e+1 2.141349e+1 8.800000e+0
    endloop
  endfacet
  facet normal 5.503130e-1 7.051610e-1 -4.471058e-1
    outer loop
      vertex 1.776301e+1 2.164429e+1 7.000000e+0
      vertex 1.667958e+1 2.248981e+1 7.000000e+0
      vertex 1.721571e+1 2.321270e+1 8.800000e+0
    endloop
  endfacet
  facet normal 5.503130e-1 7.051610e-1 -4.471058e-1
    outer loop
      vertex 1.776301e+1 2.164429e+1 7.000000e+0
      vertex 1.721571e+1 2.321270e+1 8.800000e+0
      vertex 1.833397e+1 2.234000e+1 8.800000e+0
    endloop
  endfacet
  facet normal 5.150495e-1 7.313141e-1 -4.471058e-1
    outer loop
      vertex 1.667958e+1 2.248981e+1 7.000000e+0
      vertex 1.555597e+1 2.328115e+1 7.000000e+0
      vertex 1.605598e+1 2.402947e+1 8.800000e+0
    endloop
  endfacet
  facet normal 5.150495e-1 7.313141e-1 -4.471058e-1
    outer loop
      vertex 1.667958e+1 2.248981e+1 7.000000e+0
      vertex 1.605598e+1 2.402947e+1 8.800000e+0
      vertex 1.721571e+1 2.321270e+1 8.800000e+0
    endloop
  endfacet
  facet normal 4.785452e-1 7.557055e-1 -4.471058e-1
    outer loop
      vertex 1.555597e+1 2.328115e+1 7.000000e+0
      vertex 1.439488e+1 2.401640e+1 7.000000e+0
      vertex 1.485757e+1 2.478836e+1 8.800000e+0
    endloop
  endfacet
  facet normal 4.785452e-1 7.557055e-1 -4.471058e-1
    outer loop
      vertex 1.555597e+1 2.328115e+1 7.000000e+0
      vertex 1.485757e+1 2.478836e+1 8.800000e+0
      vertex 1.605598e+1 2.402947e+1 8.800000e+0
    endloop
  endfacet
  facet normal 4.408881e-1 7.782763e-1 -4.471058e-1
    outer loop
      vertex 1.439488e+1 2.401640e+1 7.000000e+0
      vertex 1.319911e+1 2.469380e+1 7.000000e+0
      vertex 1.362337e+1 2.548752e+1 8.800000e+0
    endloop
  endfacet
  facet normal 4.408881e-1 7.782763e-1 -4.471058e-1
    outer loop
      vertex 1.439488e+1 2.401640e+1 7.000000e+0
      vertex 1.362337e+1 2.548752e+1 8.800000e+0
      vertex 1.485757e+1 2.478836e+1 8.800000e+0
    endloop
  endfacet
  facet normal 4.021688e-1 7.989722e-1 -4.471058e-1
    outer loop
      vertex 1.319911e+1 2.469380e+1 7.000000e+0
      vertex 1.197154e+1 2.531170e+1 7.000000e+0
      vertex 1.235634e+1 2.612529e+1 8.800000e+0
    endloop
  endfacet
  facet normal 4.021688e-1 7.989722e-1 -4.471058e-1
    outer loop
      vertex 1.319911e+1 2.469380e+1 7.000000e+0
      vertex 1.235634e+1 2.612529e+1 8.800000e+0
      vertex 1.362337e+1 2.548752e+1 8.800000e+0
    endloop
  endfacet
  facet normal 3.624807e-1 8.177433e-1 -4.471058e-1
    outer loop
      vertex 1.197154e+1 2.531170e+1 7.000000e+0
      vertex 1.071514e+1 2.586863e+1 7.000000e+0
      vertex 1.105955e+1 2.670012e+1 8.800000e+0
    endloop
  endfacet
  facet normal 3.624807e-1 8.177433e-1 -4.471058e-1
    outer loop
      vertex 1.197154e+1 2.531170e+1 7.000000e+0
      vertex 1.105955e+1 2.670012e+1 8.800000e+0
      vertex 1.235634e+1 2.612529e+1 8.800000e+0
    endloop
  endfacet
  facet normal 3.219193e-1 8.345444e-1 -4.471058e-1
    outer loop
      vertex 1.071514e+1 2.586863e+1 7.000000e+0
      vertex 9.432916e+0 2.636323e+1 7.000000e+0
      vertex 9.736117e+0 2.721062e+1 8.800000e+0
    endloop
  endfacet
  facet normal 3.219193e-1 8.345444e-1 -4.471058e-1
    outer loop
      vertex 1.071514e+1 2.586863e+1 7.000000e+0
      vertex 9.736117e+0 2.721062e+1 8.800000e+0
      vertex 1.105955e+1 2.670012e+1 8.800000e+0
    endloop
  endfacet
  facet normal 2.805824e-1 8.493350e-1 -4.471058e-1
    outer loop
      vertex 9.432916e+0 2.636323e+1 7.000000e+0
      vertex 8.127971e+0 2.679433e+1 7.000000e+0
      vertex 8.389227e+0 2.765558e+1 8.800000e+0
    endloop
  endfacet
  facet normal 2.805824e-1 8.493350e-1 -4.471058e-1
    outer loop
      vertex 9.432916e+0 2.636323e+1 7.000000e+0
      vertex 8.389227e+0 2.765558e+1 8.800000e+0
      vertex 9.736117e+0 2.721062e+1 8.800000e+0
    endloop
  endfacet
  facet normal 2.385695e-1 8.620794e-1 -4.471058e-1
    outer loop
      vertex 8.127971e+0 2.679433e+1 7.000000e+0
      vertex 6.803445e+0 2.716088e+1 7.000000e+0
      vertex 7.022127e+0 2.803390e+1 8.800000e+0
    endloop
  endfacet
  facet normal 2.385695e-1 8.620794e-1 -4.471058e-1
    outer loop
      vertex 8.127971e+0 2.679433e+1 7.000000e+0
      vertex 7.022127e+0 2.803390e+1 8.800000e+0
      vertex 8.389227e+0 2.765558e+1 8.800000e+0
    endloop
  endfacet
  facet normal 1.959819e-1 8.727471e-1 -4.471058e-1
    outer loop
      vertex 6.803445e+0 2.716088e+1 7.000000e+0
      vertex 5.462529e+0 2.746199e+1 7.000000e+0
      vertex 5.638110e+0 2.834469e+1 8.800000e+0
    endloop
  endfacet
  facet normal 1.959819e-1 8.727471e-1 -4.471058e-1
    outer loop
      vertex 6.803445e+0 2.716088e+1 7.000000e+0
      vertex 5.638110e+0 2.834469e+1 8.800000e+0
      vertex 7.022127e+0 2.803390e+1 8.800000e+0
    endloop
  endfacet
  facet normal 1.529222e-1 8.813122e-1 -4.471058e-1
    outer loop
      vertex 5.462529e+0 2.746199e+1 7.000000e+0
      vertex 4.108453e+0 2.769694e+1 7.000000e+0
      vertex 4.240511e+0 2.858720e+1 8.800000e+0
    endloop
  endfacet
  facet normal 1.529222e-1 8.813122e-1 -4.471058e-1
    outer loop
      vertex 5.462529e+0 2.746199e+1 7.000000e+0
      vertex 4.240511e+0 2.858720e+1 8.800000e+0
      vertex 5.638110e+0 2.834469e+1 8.800000e+0
    endloop
  endfacet
  facet normal 1.094940e-1 8.877542e-1 -4.471058e-1
    outer loop
      vertex 4.108453e+0 2.769694e+1 7.000000e+0
      vertex 2.744480e+0 2.786517e+1 7.000000e+0
      vertex 2.832695e+0 2.876084e+1 8.800000e+0
    endloop
  endfacet
  facet normal 1.094940e-1 8.877542e-1 -4.471058e-1
    outer loop
      vertex 4.108453e+0 2.769694e+1 7.000000e+0
      vertex 2.832695e+0 2.876084e+1 8.800000e+0
      vertex 4.240511e+0 2.858720e+1 8.800000e+0
    endloop
  endfacet
  facet normal 6.580211e-2 8.920574e-1 -4.471058e-1
    outer loop
      vertex 2.744480e+0 2.786517e+1 7.000000e+0
      vertex 1.373895e+0 2.796627e+1 7.000000e+0
      vertex 1.418056e+0 2.886519e+1 8.800000e+0
    endloop
  endfacet
  facet normal 6.580211e-2 8.920574e-1 -4.471058e-1
    outer loop
      vertex 2.744480e+0 2.786517e+1 7.000000e+0
      vertex 1.418056e+0 2.886519e+1 8.800000e+0
      vertex 2.832695e+0 2.876084e+1 8.800000e+0
    endloop
  endfacet
  facet normal 2.195166e-2 8.942117e-1 -4.471058e-1
    outer loop
      vertex 1.373895e+0 2.796627e+1 7.000000e+0
      vertex 1.714506e-15 2.800000e+1 7.000000e+0
      vertex 1.769615e-15 2.890000e+1 8.800000e+0
    endloop
  endfacet
  facet normal 2.195166e-2 8.942117e-1 -4.471058e-1
    outer loop
      vertex 1.373895e+0 2.796627e+1 7.000000e+0
      vertex 1.769615e-15 2.890000e+1 8.800000e+0
      vertex 1.418056e+0 2.886519e+1 8.800000e+0
    endloop
  endfacet
  facet normal -2.195166e-2 8.942117e-1 -4.471058e-1
    outer loop
      vertex 1.714506e-15 2.800000e+1 7.000000e+0
      vertex -1.373895e+0 2.796627e+1 7.000000e+0
      vertex -1.418056e+0 2.886519e+1 8.800000e+0
    endloop
  endfacet
  facet normal -2.195166e-2 8.942117e-1 -4.471058e-1
    outer loop
      vertex 1.714506e-15 2.800000e+1 7.000000e+0
      vertex -1.418056e+0 2.886519e+1 8.800000e+0
      vertex 1.769615e-15 2.890000e+1 8.800000e+0
    endloop
  endfacet
  facet normal -6.580211e-2 8.920574e-1 -4.471058e-1
    outer loop
      vertex -1.373895e+0 2.796627e+1 7.000000e+0
      vertex -2.744480e+0 2.786517e+1 7.000000e+0
      vertex -2.832695e+0 2.876084e+1 8.800000e+0
    endloop
  endfacet
  facet normal -6.580211e-2 8.920574e-1 -4.471058e-1
    outer loop
      vertex -1.373895e+0 2.796627e+1 7.000000e+0
      vertex -2.832695e+0 2.876084e+1 8.800000e+0
      vertex -1.418056e+0 2.886519e+1 8.800000e+0
    endloop
  endfacet
  facet normal -1.094940e-1 8.877542e-1 -4.471058e-1
    outer loop
      vertex -2.744480e+0 2.786517e+1 7.000000e+0
      vertex -4.108453e+0 2.769694e+1 7.000000e+0
      vertex -4.240511e+0 2.858720e+1 8.800000e+0
    endloop
  endfacet
  facet normal -1.094940e-1 8.877542e-1 -4.471058e-1
    outer loop
      vertex -2.744480e+0 2.786517e+1 7.000000e+0
      vertex -4.240511e+0 2.858720e+1 8.800000e+0
      vertex -2.832695e+0 2.876084e+1 8.800000e+0
    endloop
  endfacet
  facet normal -1.529222e-1 8.813122e-1 -4.471058e-1
    outer loop
      vertex -4.108453e+0 2.769694e+1 7.000000e+0
      vertex -5.462529e+0 2.746199e+1 7.000000e+0
      vertex -5.638110e+0 2.834469e+1 8.800000e+0
    endloop
  endfacet
  facet normal -1.529222e-1 8.813122e-1 -4.471058e-1
    outer loop
      vertex -4.108453e+0 2.769694e+1 7.000000e+0
      vertex -5.638110e+0 2.834469e+1 8.800000e+0
      vertex -4.240511e+0 2.858720e+1 8.800000e+0
    endloop
  endfacet
  facet normal -1.959819e-1 8.727471e-1 -4.471058e-1
    outer loop
      vertex -5.462529e+0 2.746199e+1 7.000000e+0
      vertex -6.803445e+0 2.716088e+1 7.000000e+0
      vertex -7.022127e+0 2.803390e+1 8.800000e+0
    endloop
  endfacet
  facet normal -1.959819e-1 8.727471e-1 -4.471058e-1
    outer loop
      vertex -5.462529e+0 2.746199e+1 7.000000e+0
      vertex -7.022127e+0 2.803390e+1 8.800000e+0
      vertex -5.638110e+0 2.834469e+1 8.800000e+0
    endloop
  endfacet
  facet normal -2.385695e-1 8.620794e-1 -4.471058e-1
    outer loop
      vertex -6.803445e+0 2.716088e+1 7.000000e+0
      vertex -8.127971e+0 2.679433e+1 7.000000e+0
      vertex -8.389227e+0 2.765558e+1 8.800000e+0
    endloop
  endfacet
  facet normal -2.385695e-1 8.620794e-1 -4.471058e-1
    outer loop
      vertex -6.803445e+0 2.716088e+1 7.000000e+0
      vertex -8.389227e+0 2.765558e+1 8.800000e+0
      vertex -7.022127e+0 2.803390e+1 8.800000e+0
    endloop
  endfacet
  facet normal -2.805824e-1 8.493350e-1 -4.471058e-1
    outer loop
      vertex -8.127971e+0 2.679433e+1 7.000000e+0
      vertex -9.432916e+0 2.636323e+1 7.000000e+0
      vertex -9.736117e+0 2.721062e+1 8.800000e+0
    endloop
  endfacet
  facet normal -2.805824e-1 8.493350e-1 -4.471058e-1
    outer loop
      vertex -8.127971e+0 2.679433e+1 7.000000e+0
      vertex -9.736117e+0 2.721062e+1 8.800000e+0
      vertex -8.389227e+0 2.765558e+1 8.800000e+0
    endloop
  endfacet
  facet normal -3.219193e-1 8.345444e-1 -4.471058e-1
    outer loop
      vertex -9.432916e+0 2.636323e+1 7.000000e+0
      vertex -1.071514e+1 2.586863e+1 7.000000e+0
      vertex -1.105955e+1 2.670012e+1 8.800000e+0
    endloop
  endfacet
  facet normal -3.219193e-1 8.345444e-1 -4.471058e-1
    outer loop
      vertex -9.432916e+0 2.636323e+1 7.000000e+0
      vertex -1.105955e+1 2.670012e+1 8.800000e+0
      vertex -9.736117e+0 2.721062e+1 8.800000e+0
    endloop
  endfacet
  facet normal -3.624807e-1 8.177433e-1 -4.471058e-1
    outer loop
      vertex -1.071514e+1 2.586863e+1 7.000000e+0
      vertex -1.197154e+1 2.531170e+1 7.000000e+0
      vertex -1.235634e+1 2.612529e+1 8.800000e+0
    endloop
  endfacet
  facet normal -3.624807e-1 8.177433e-1 -4.471058e-1
    outer loop
      vertex -1.071514e+1 2.586863e+1 7.000000e+0
      vertex -1.235634e+1 2.612529e+1 8.800000e+0
      vertex -1.105955e+1 2.670012e+1 8.800000e+0
    endloop
  endfacet
  facet normal -4.021688e-1 7.989722e-1 -4.471058e-1
    outer loop
      vertex -1.197154e+1 2.531170e+1 7.000000e+0
      vertex -1.319911e+1 2.469380e+1 7.000000e+0
      vertex -1.362337e+1 2.548752e+1 8.800000e+0
    endloop
  endfacet
  facet normal -4.021688e-1 7.989722e-1 -4.471058e-1
    outer loop
      vertex -1.197154e+1 2.531170e+1 7.000000e+0
      vertex -1.362337e+1 2.548752e+1 8.800000e+0
      vertex -1.235634e+1 2.612529e+1 8.800000e+0
    endloop
  endfacet
  facet normal -4.408881e-1 7.782763e-1 -4.471058e-1
    outer loop
      vertex -1.319911e+1 2.469380e+1 7.000000e+0
      vertex -1.439488e+1 2.401640e+1 7.000000e+0
      vertex -1.485757e+1 2.478836e+1 8.800000e+0
    endloop
  endfacet
  facet normal -4.408881e-1 7.782763e-1 -4.471058e-1
    outer loop
      vertex -1.319911e+1 2.469380e+1 7.000000e+0
      vertex -1.485757e+1 2.478836e+1 8.800000e+0
      vertex -1.362337e+1 2.548752e+1 8.800000e+0
    endloop
  endfacet
  facet normal -4.785452e-1 7.557055e-1 -4.471058e-1
    outer loop
      vertex -1.439488e+1 2.401640e+1 7.000000e+0
      vertex -1.555597e+1 2.328115e+1 7.000000e+0
      vertex -1.605598e+1 2.402947e+1 8.800000e+0
    endloop
  endfacet
  facet normal -4.785452e-1 7.557055e-1 -4.471058e-1
    outer loop
      vertex -1.439488e+1 2.401640e+1 7.000000e+0
      vertex -1.605598e+1 2.402947e+1 8.800000e+0
      vertex -1.485757e+1 2.478836e+1 8.800000e+0
    endloop
  endfacet
  facet normal -5.150495e-1 7.313141e-1 -4.471058e-1
    outer loop
      vertex -1.555597e+1 2.328115e+1 7.000000e+0
      vertex -1.667958e+1 2.248981e+1 7.000000e+0
      vertex -1.721571e+1 2.321270e+1 8.800000e+0
    endloop
  endfacet
  facet normal -5.150495e-1 7.313141e-1 -4.471058e-1
    outer loop
      vertex -1.555597e+1 2.328115e+1 7.000000e+0
      vertex -1.721571e+1 2.321270e+1 8.800000e+0
      vertex -1.605598e+1 2.402947e+1 8.800000e+0
    endloop
  endfacet
  facet normal -5.503130e-1 7.051610e-1 -4.471058e-1
    outer loop
      vertex -1.667958e+1 2.248981e+1 7.000000e+0
      vertex -1.776301e+1 2.164429e+1 7.000000e+0
      vertex -1.833397e+1 2.234000e+1 8.800000e+0
    endloop
  endfacet
  facet normal -5.503130e-1 7.051610e-1 -4.471058e-1
    outer loop
      vertex -1.667958e+1 2.248981e+1 7.000000e+0
      vertex -1.833397e+1 2.234000e+1 8.800000e+0
      vertex -1.721571e+1 2.321270e+1 8.800000e+0
    endloop
  endfacet
  facet normal -5.842507e-1 6.773090e-1 -4.471058e-1
    outer loop
      vertex -1.776301e+1 2.164429e+1 7.000000e+0
      vertex -1.880365e+1 2.074663e+1 7.000000e+0
      vertex -1.940805e+1 2.141349e+1 8.800000e+0
    endloop
  endfacet
  facet normal -5.842507e-1 6.773090e-1 -4.471058e-1
    outer loop
      vertex -1.776301e+1 2.164429e+1 7.000000e+0
      vertex -1.940805e+1 2.141349e+1 8.800000e+0
      vertex -1.833397e+1 2.234000e+1 8.800000e+0
    endloop
  endfacet
  facet normal -6.167810e-1 6.478253e-1 -4.471058e-1
    outer loop
      vertex -1.880365e+1 2.074663e+1 7.000000e+0
      vertex -1.979899e+1 1.979899e+1 7.000000e+0
      vertex -2.043539e+1 2.043539e+1 8.800000e+0
    endloop
  endfacet
  facet normal -6.167810e-1 6.478253e-1 -4.471058e-1
    outer loop
      vertex -1.880365e+1 2.074663e+1 7.000000e+0
      vertex -2.043539e+1 2.043539e+1 8.800000e+0
      vertex -1.940805e+1 2.141349e+1 8.800000e+0
    endloop
  endfacet
  facet normal -6.478253e-1 6.167810e-1 -4.471058e-1
    outer loop
      vertex -1.979899e+1 1.979899e+1 7.000000e+0
      vertex -2.074663e+1 1.880365e+1 7.000000e+0
      vertex -2.141349e+1 1.940805e+1 8.800000e+0
    endloop
  endfacet
  facet normal -6.478253e-1 6.167810e-1 -4.471058e-1
    outer loop
      vertex -1.979899e+1 1.979899e+1 7.000000e+0
      vertex -2.141349e+1 1.940805e+1 8.800000e+0
      vertex -2.043539e+1 2.043539e+1 8.800000e+0
    endloop
  endfacet
  facet normal -6.773090e-1 5.842507e-1 -4.471058e-1
    outer loop
      vertex -2.074663e+1 1.880365e+1 7.000000e+0
      vertex -2.164429e+1 1.776301e+1 7.000000e+0
      vertex -2.234000e+1 1.833397e+1 8.800000e+0
    endloop
  endfacet
  facet normal -6.773090e-1 5.842507e-1 -4.471058e-1
    outer loop
      vertex -2.074663e+1 1.880365e+1 7.000000e+0
      vertex -2.234000e+1 1.833397e+1 8.800000e+0
      vertex -2.141349e+1 1.940805e+1 8.800000e+0
    endloop
  endfacet
  facet normal -7.051610e-1 5.503130e-1 -4.471058e-1
    outer loop
      vertex -2.164429e+1 1.776301e+1 7.000000e+0
      vertex -2.248981e+1 1.667958e+1 7.000000e+0
      vertex -2.321270e+1 1.721571e+1 8.800000e+0
    endloop
  endfacet
  facet normal -7.051610e-1 5.503130e-1 -4.471058e-1
    outer loop
      vertex -2.164429e+1 1.776301e+1 7.000000e+0
      vertex -2.321270e+1 1.721571e+1 8.800000e+0
      vertex -2.234000e+1 1.833397e+1 8.800000e+0
    endloop
  endfacet
  facet normal -7.313141e-1 5.150495e-1 -4.471058e-1
    outer loop
      vertex -2.248981e+1 1.667958e+1 7.000000e+0
      vertex -2.328115e+1 1.555597e+1 7.000000e+0
      vertex -2.402947e+1 1.605598e+1 8.800000e+0
    endloop
  endfacet
  facet normal -7.313141e-1 5.150495e-1 -4.471058e-1
    outer loop
      vertex -2.248981e+1 1.667958e+1 7.000000e+0
      vertex -2.402947e+1 1.605598e+1 8.800000e+0
      vertex -2.321270e+1 1.721571e+1 8.800000e+0
    endloop
  endfacet
  facet normal -7.557055e-1 4.785452e-1 -4.471058e-1
    outer loop
      vertex -2.328115e+1 1.555597e+1 7.000000e+0
      vertex -2.401640e+1 1.439488e+1 7.000000e+0
      vertex -2.478836e+1 1.485757e+1 8.800000e+0
    endloop
  endfacet
  facet normal -7.557055e-1 4.785452e-1 -4.471058e-1
    outer loop
      vertex -2.328115e+1 1.555597e+1 7.000000e+0
      vertex -2.478836e+1 1.485757e+1 8.800000e+0
      vertex -2.402947e+1 1.605598e+1 8.800000e+0
    endloop
  endfacet
  facet normal -7.782763e-1 4.408881e-1 -4.471058e-1
    outer loop
      vertex -2.401640e+1 1.439488e+1 7.000000e+0
      vertex -2.469380e+1 1.319911e+1 7.000000e+0
      vertex -2.548752e+1 1.362337e+1 8.800000e+0
    endloop
  endfacet
  facet normal -7.782763e-1 4.408881e-1 -4.471058e-1
    outer loop
      vertex -2.401640e+1 1.439488e+1 7.000000e+0
      vertex -2.548752e+1 1.362337e+1 8.800000e+0
      vertex -2.478836e+1 1.485757e+1 8.800000e+0
    endloop
  endfacet
  facet normal -7.989722e-1 4.021688e-1 -4.471058e-1
    outer loop
      vertex -2.469380e+1 1.319911e+1 7.000000e+0
      vertex -2.531170e+1 1.197154e+1 7.000000e+0
      vertex -2.612529e+1 1.235634e+1 8.800000e+0
    endloop
  endfacet
  facet normal -7.989722e-1 4.021688e-1 -4.471058e-1
    outer loop
      vertex -2.469380e+1 1.319911e+1 7.000000e+0
      vertex -2.612529e+1 1.235634e+1 8.800000e+0
      vertex -2.548752e+1 1.362337e+1 8.800000e+0
    endloop
  endfacet
  facet normal -8.177433e-1 3.624807e-1 -4.471058e-1
    outer loop
      vertex -2.531170e+1 1.197154e+1 7.000000e+0
      vertex -2.586863e+1 1.071514e+1 7.000000e+0
      vertex -2.670012e+1 1.105955e+1 8.800000e+0
    endloop
  endfacet
  facet normal -8.177433e-1 3.624807e-1 -4.471058e-1
    outer loop
      vertex -2.531170e+1 1.197154e+1 7.000000e+0
      vertex -2.670012e+1 1.105955e+1 8.800000e+0
      vertex -2.612529e+1 1.235634e+1 8.800000e+0
    endloop
  endfacet
  facet normal -8.345444e-1 3.219193e-1 -4.471058e-1
    outer loop
      vertex -2.586863e+1 1.071514e+1 7.000000e+0
      vertex -2.636323e+1 9.432916e+0 7.000000e+0
      vertex -2.721062e+1 9.736117e+0 8.800000e+0
    endloop
  endfacet
  facet normal -8.345444e-1 3.219193e-1 -4.471058e-1
    outer loop
      vertex -2.586863e+1 1.071514e+1 7.000000e+0
      vertex -2.721062e+1 9.736117e+0 8.800000e+0
      vertex -2.670012e+1 1.105955e+1 8.800000e+0
    endloop
  endfacet
  facet normal -8.493350e-1 2.805824e-1 -4.471058e-1
    outer loop
      vertex -2.636323e+1 9.432916e+0 7.000000e+0
      vertex -2.679433e+1 8.127971e+0 7.000000e+0
      vertex -2.765558e+1 8.389227e+0 8.800000e+0
    endloop
  endfacet
  facet normal -8.493350e-1 2.805824e-1 -4.471058e-1
    outer loop
      vertex -2.636323e+1 9.432916e+0 7.000000e+0
      vertex -2.765558e+1 8.389227e+0 8.800000e+0
      vertex -2.721062e+1 9.736117e+0 8.800000e+0
    endloop
  endfacet
  facet normal -8.620794e-1 2.385695e-1 -4.471058e-1
    outer loop
      vertex -2.679433e+1 8.127971e+0 7.000000e+0
      vertex -2.716088e+1 6.803445e+0 7.000000e+0
      vertex -2.803390e+1 7.022127e+0 8.800000e+0
    endloop
  endfacet
  facet normal -8.620794e-1 2.385695e-1 -4.471058e-1
    outer loop
      vertex -2.679433e+1 8.127971e+0 7.000000e+0
      vertex -2.803390e+1 7.022127e+0 8.800000e+0
      vertex -2.765558e+1 8.389227e+0 8.800000e+0
    endloop
  endfacet
  facet normal -8.727471e-1 1.959819e-1 -4.471058e-1
    outer loop
      vertex -2.716088e+1 6.803445e+0 7.000000e+0
      vertex -2.746199e+1 5.462529e+0 7.000000e+0
      vertex -2.834469e+1 5.638110e+0 8.800000e+0
    endloop
  endfacet
  facet normal -8.727471e-1 1.959819e-1 -4.471058e-1
    outer loop
      vertex -2.716088e+1 6.803445e+0 7.000000e+0
      vertex -2.834469e+1 5.638110e+0 8.800000e+0
      vertex -2.803390e+1 7.022127e+0 8.800000e+0
    endloop
  endfacet
  facet normal -8.813122e-1 1.529222e-1 -4.471058e-1
    outer loop
      vertex -2.746199e+1 5.462529e+0 7.000000e+0
      vertex -2.769694e+1 4.108453e+0 7.000000e+0
      vertex -2.858720e+1 4.240511e+0 8.800000e+0
    endloop
  endfacet
  facet normal -8.813122e-1 1.529222e-1 -4.471058e-1
    outer loop
      vertex -2.746199e+1 5.462529e+0 7.000000e+0
      vertex -2.858720e+1 4.240511e+0 8.800000e+0
      vertex -2.834469e+1 5.638110e+0 8.800000e+0
    endloop
  endfacet
  facet normal -8.877542e-1 1.094940e-1 -4.471058e-1
    outer loop
      vertex -2.769694e+1 4.108453e+0 7.000000e+0
      vertex -2.786517e+1 2.744480e+0 7.000000e+0
      vertex -2.876084e+1 2.832695e+0 8.800000e+0
    endloop
  endfacet
  facet normal -8.877542e-1 1.094940e-1 -4.471058e-1
    outer loop
      vertex -2.769694e+1 4.108453e+0 7.000000e+0
      vertex -2.876084e+1 2.832695e+0 8.800000e+0
      vertex -2.858720e+1 4.240511e+0 8.800000e+0
    endloop
  endfacet
  facet normal -8.920574e-1 6.580211e-2 -4.471058e-1
    outer loop
      vertex -2.786517e+1 2.744480e+0 7.000000e+0
      vertex -2.796627e+1 1.373895e+0 7.000000e+0
      vertex -2.886519e+1 1.418056e+0 8.800000e+0
    endloop
  endfacet
  facet normal -8.920574e-1 6.580211e-2 -4.471058e-1
    outer loop
      vertex -2.786517e+1 2.744480e+0 7.000000e+0
      vertex -2.886519e+1 1.418056e+0 8.800000e+0
      vertex -2.876084e+1 2.832695e+0 8.800000e+0
    endloop
  endfacet
  facet normal -8.942117e-1 2.195166e-2 -4.471058e-1
    outer loop
      vertex -2.796627e+1 1.373895e+0 7.000000e+0
      vertex -2.800000e+1 3.429011e-15 7.000000e+0
      vertex -2.890000e+1 3.539229e-15 8.800000e+0
    endloop
  endfacet
  facet normal -8.942117e-1 2.195166e-2 -4.471058e-1
    outer loop
      vertex -2.796627e+1 1.373895e+0 7.000000e+0
      vertex -2.890000e+1 3.539229e-15 8.800000e+0
      vertex -2.886519e+1 1.418056e+0 8.800000e+0
    endloop
  endfacet
  facet normal -8.942117e-1 -2.195166e-2 -4.471058e-1
    outer loop
      vertex -2.800000e+1 3.429011e-15 7.000000e+0
      vertex -2.796627e+1 -1.373895e+0 7.000000e+0
      vertex -2.886519e+1 -1.418056e+0 8.800000e+0
    endloop
  endfacet
  facet normal -8.942117e-1 -2.195166e-2 -4.471058e-1
    outer loop
      vertex -2.800000e+1 3.429011e-15 7.000000e+0
      vertex -2.886519e+1 -1.418056e+0 8.800000e+0
      vertex -2.890000e+1 3.539229e-15 8.800000e+0
    endloop
  endfacet
  facet normal -8.920574e-1 -6.580211e-2 -4.471058e-1
    outer loop
      vertex -2.796627e+1 -1.373895e+0 7.000000e+0
      vertex -2.786517e+1 -2.744480e+0 7.000000e+0
      vertex -2.876084e+1 -2.832695e+0 8.800000e+0
    endloop
  endfacet
  facet normal -8.920574e-1 -6.580211e-2 -4.471058e-1
    outer loop
      vertex -2.796627e+1 -1.373895e+0 7.000000e+0
      vertex -2.876084e+1 -2.832695e+0 8.800000e+0
      vertex -2.886519e+1 -1.418056e+0 8.800000e+0
    endloop
  endfacet
  facet normal -8.877542e-1 -1.094940e-1 -4.471058e-1
    outer loop
      vertex -2.786517e+1 -2.744480e+0 7.000000e+0
      vertex -2.769694e+1 -4.108453e+0 7.000000e+0
      vertex -2.858720e+1 -4.240511e+0 8.800000e+0
    endloop
  endfacet
  facet normal -8.877542e-1 -1.094940e-1 -4.471058e-1
    outer loop
      vertex -2.786517e+1 -2.744480e+0 7.000000e+0
      vertex -2.858720e+1 -4.240511e+0 8.800000e+0
      vertex -2.876084e+1 -2.832695e+0 8.800000e+0
    endloop
  endfacet
  facet normal -8.813122e-1 -1.529222e-1 -4.471058e-1
    outer loop
      vertex -2.769694e+1 -4.108453e+0 7.000000e+0
      vertex -2.746199e+1 -5.462529e+0 7.000000e+0
      vertex -2.834469e+1 -5.638110e+0 8.800000e+0
    endloop
  endfacet
  facet normal -8.813122e-1 -1.529222e-1 -4.471058e-1
    outer loop
      vertex -2.769694e+1 -4.108453e+0 7.000000e+0
      vertex -2.834469e+1 -5.638110e+0 8.800000e+0
      vertex -2.858720e+1 -4.240511e+0 8.800000e+0
    endloop
  endfacet
  facet normal -8.727471e-1 -1.959819e-1 -4.471058e-1
    outer loop
      vertex -2.746199e+1 -5.462529e+0 7.000000e+0
      vertex -2.716088e+1 -6.803445e+0 7.000000e+0
      vertex -2.803390e+1 -7.022127e+0 8.800000e+0
    endloop
  endfacet
  facet normal -8.727471e-1 -1.959819e-1 -4.471058e-1
    outer loop
      vertex -2.746199e+1 -5.462529e+0 7.000000e+0
      vertex -2.803390e+1 -7.022127e+0 8.800000e+0
      vertex -2.834469e+1 -5.638110e+0 8.800000e+0
    endloop
  endfacet
  facet normal -8.620794e-1 -2.385695e-1 -4.471058e-1
    outer loop
      vertex -2.716088e+1 -6.803445e+0 7.000000e+0
      vertex -2.679433e+1 -8.127971e+0 7.000000e+0
      vertex -2.765558e+1 -8.389227e+0 8.800000e+0
    endloop
  endfacet
  facet normal -8.620794e-1 -2.385695e-1 -4.471058e-1
    outer loop
      vertex -2.716088e+1 -6.803445e+0 7.000000e+0
      vertex -2.765558e+1 -8.389227e+0 8.800000e+0
      vertex -2.803390e+1 -7.022127e+0 8.800000e+0
    endloop
  endfacet
  facet normal -8.493350e-1 -2.805824e-1 -4.471058e-1
    outer loop
      vertex -2.679433e+1 -8.127971e+0 7.000000e+0
      vertex -2.636323e+1 -9.432916e+0 7.000000e+0
      vertex -2.721062e+1 -9.736117e+0 8.800000e+0
    endloop
  endfacet
  facet normal -8.493350e-1 -2.805824e-1 -4.471058e-1
    outer loop
      vertex -2.679433e+1 -8.127971e+0 7.000000e+0
      vertex -2.721062e+1 -9.736117e+0 8.800000e+0
      vertex -2.765558e+1 -8.389227e+0 8.800000e+0
    endloop
  endfacet
  facet normal -8.345444e-1 -3.219193e-1 -4.471058e-1
    outer loop
      vertex -2.636323e+1 -9.432916e+0 7.000000e+0
      vertex -2.586863e+1 -1.071514e+1 7.000000e+0
      vertex -2.670012e+1 -1.105955e+1 8.800000e+0
    endloop
  endfacet
  facet normal -8.345444e-1 -3.219193e-1 -4.471058e-1
    outer loop
      vertex -2.636323e+1 -9.432916e+0 7.000000e+0
      vertex -2.670012e+1 -1.105955e+1 8.800000e+0
      vertex -2.721062e+1 -9.736117e+0 8.800000e+0
    endloop
  endfacet
  facet normal -8.177433e-1 -3.624807e-1 -4.471058e-1
    outer loop
      vertex -2.586863e+1 -1.071514e+1 7.000000e+0
      vertex -2.531170e+1 -1.197154e+1 7.000000e+0
      vertex -2.612529e+1 -1.235634e+1 8.800000e+0
    endloop
  endfacet
  facet normal -8.177433e-1 -3.624807e-1 -4.471058e-1
    outer loop
      vertex -2.586863e+1 -1.071514e+1 7.000000e+0
      vertex -2.612529e+1 -1.235634e+1 8.800000e+0
      vertex -2.670012e+1 -1.105955e+1 8.800000e+0
    endloop
  endfacet
  facet normal -7.989722e-1 -4.021688e-1 -4.471058e-1
    outer loop
      vertex -2.531170e+1 -1.197154e+1 7.000000e+0
      vertex -2.469380e+1 -1.319911e+1 7.000000e+0
      vertex -2.548752e+1 -1.362337e+1 8.800000e+0
    endloop
  endfacet
  facet normal -7.989722e-1 -4.021688e-1 -4.471058e-1
    outer loop
      vertex -2.531170e+1 -1.197154e+1 7.000000e+0
      vertex -2.548752e+1 -1.362337e+1 8.800000e+0
      vertex -2.612529e+1 -1.235634e+1 8.800000e+0
    endloop
  endfacet
  facet normal -7.782763e-1 -4.408881e-1 -4.471058e-1
    outer loop
      vertex -2.469380e+1 -1.319911e+1 7.000000e+0
      vertex -2.401640e+1 -1.439488e+1 7.000000e+0
      vertex -2.478836e+1 -1.485757e+1 8.800000e+0
    endloop
  endfacet
  facet normal -7.782763e-1 -4.408881e-1 -4.471058e-1
    outer loop
      vertex -2.469380e+1 -1.319911e+1 7.000000e+0
      vertex -2.478836e+1 -1.485757e+1 8.800000e+0
      vertex -2.548752e+1 -1.362337e+1 8.800000e+0
    endloop
  endfacet
  facet normal -7.557055e-1 -4.785452e-1 -4.471058e-1
    outer loop
      vertex -2.401640e+1 -1.439488e+1 7.000000e+0
      vertex -2.328115e+1 -1.555597e+1 7.000000e+0
      vertex -2.402947e+1 -1.605598e+1 8.800000e+0
    endloop
  endfacet
  facet normal -7.557055e-1 -4.785452e-1 -4.471058e-1
    outer loop
      vertex -2.401640e+1 -1.439488e+1 7.000000e+0
      vertex -2.402947e+1 -1.605598e+1 8.800000e+0
      vertex -2.478836e+1 -1.485757e+1 8.800000e+0
    endloop
  endfacet
  facet normal -7.313141e-1 -5.150495e-1 -4.471058e-1
    outer loop
      vertex -2.328115e+1 -1.555597e+1 7.000000e+0
      vertex -2.248981e+1 -1.667958e+1 7.000000e+0
      vertex -2.321270e+1 -1.721571e+1 8.800000e+0
    endloop
  endfacet
  facet normal -7.313141e-1 -5.150495e-1 -4.471058e-1
    outer loop
      vertex -2.328115e+1 -1.555597e+1 7.000000e+0
      vertex -2.321270e+1 -1.721571e+1 8.800000e+0
      vertex -2.402947e+1 -1.605598e+1 8.800000e+0
    endloop
  endfacet
  facet normal -7.051610e-1 -5.503130e-1 -4.471058e-1
    outer loop
      vertex -2.248981e+1 -1.667958e+1 7.000000e+0
      vertex -2.164429e+1 -1.776301e+1 7.000000e+0
      vertex -2.234000e+1 -1.833397e+1 8.800000e+0
    endloop
  endfacet
  facet normal -7.051610e-1 -5.503130e-1 -4.471058e-1
    outer loop
      vertex -2.248981e+1 -1.667958e+1 7.000000e+0
      vertex -2.234000e+1 -1.833397e+1 8.800000e+0
      vertex -2.321270e+1 -1.721571e+1 8.800000e+0
    endloop
  endfacet
  facet normal -6.773090e-1 -5.842507e-1 -4.471058e-1
    outer loop
      vertex -2.164429e+1 -1.776301e+1 7.000000e+0
      vertex -2.074663e+1 -1.880365e+1 7.000000e+0
      vertex -2.141349e+1 -1.940805e+1 8.800000e+0
    endloop
  endfacet
  facet normal -6.773090e-1 -5.842507e-1 -4.471058e-1
    outer loop
      vertex -2.164429e+1 -1.776301e+1 7.000000e+0
      vertex -2.141349e+1 -1.940805e+1 8.800000e+0
      vertex -2.234000e+1 -1.833397e+1 8.800000e+0
    endloop
  endfacet
  facet normal -6.478253e-1 -6.167810e-1 -4.471058e-1
    outer loop
      vertex -2.074663e+1 -1.880365e+1 7.000000e+0
      vertex -1.979899e+1 -1.979899e+1 7.000000e+0
      vertex -2.043539e+1 -2.043539e+1 8.800000e+0
    endloop
  endfacet
  facet normal -6.478253e-1 -6.167810e-1 -4.471058e-1
    outer loop
      vertex -2.074663e+1 -1.880365e+1 7.000000e+0
      vertex -2.043539e+1 -2.043539e+1 8.800000e+0
      vertex -2.141349e+1 -1.940805e+1 8.800000e+0
    endloop
  endfacet
  facet normal -6.167810e-1 -6.478253e-1 -4.471058e-1
    outer loop
      vertex -1.979899e+1 -1.979899e+1 7.000000e+0
      vertex -1.880365e+1 -2.074663e+1 7.000000e+0
      vertex -1.940805e+1 -2.141349e+1 8.800000e+0
    endloop
  endfacet
  facet normal -6.167810e-1 -6.478253e-1 -4.471058e-1
    outer loop
      vertex -1.979899e+1 -1.979899e+1 7.000000e+0
      vertex -1.940805e+1 -2.141349e+1 8.800000e+0
      vertex -2.043539e+1 -2.043539e+1 8.800000e+0
    endloop
  endfacet
  facet normal -5.842507e-1 -6.773090e-1 -4.471058e-1
    outer loop
      vertex -1.880365e+1 -2.074663e+1 7.000000e+0
      vertex -1.776301e+1 -2.164429e+1 7.000000e+0
      vertex -1.833397e+1 -2.234000e+1 8.800000e+0
    endloop
  endfacet
  facet normal -5.842507e-1 -6.773090e-1 -4.471058e-1
    outer loop
      vertex -1.880365e+1 -2.074663e+1 7.000000e+0
      vertex -1.833397e+1 -2.234000e+1 8.800000e+0
      vertex -1.940805e+1 -2.141349e+1 8.800000e+0
    endloop
  endfacet
  facet normal -5.503130e-1 -7.051610e-1 -4.471058e-1
    outer loop
      vertex -1.776301e+1 -2.164429e+1 7.000000e+0
      vertex -1.667958e+1 -2.248981e+1 7.000000e+0
      vertex -1.721571e+1 -2.321270e+1 8.800000e+0
    endloop
  endfacet
  facet normal -5.503130e-1 -7.051610e-1 -4.471058e-1
    outer loop
      vertex -1.776301e+1 -2.164429e+1 7.000000e+0
      vertex -1.721571e+1 -2.321270e+1 8.800000e+0
      vertex -1.833397e+1 -2.234000e+1 8.800000e+0
    endloop
  endfacet
  facet normal -5.150495e-1 -7.313141e-1 -4.471058e-1
    outer loop
      vertex -1.667958e+1 -2.248981e+1 7.000000e+0
      vertex -1.555597e+1 -2.328115e+1 7.000000e+0
      vertex -1.605598e+1 -2.402947e+1 8.800000e+0
    endloop
  endfacet
  facet normal -5.150495e-1 -7.313141e-1 -4.471058e-1
    outer loop
      vertex -1.667958e+1 -2.248981e+1 7.000000e+0
      vertex -1.605598e+1 -2.402947e+1 8.800000e+0
      vertex -1.721571e+1 -2.321270e+1 8.800000e+0
    endloop
  endfacet
  facet normal -4.785452e-1 -7.557055e-1 -4.471058e-1
    outer loop
      vertex -1.555597e+1 -2.328115e+1 7.000000e+0
      vertex -1.439488e+1 -2.401640e+1 7.000000e+0
      vertex -1.485757e+1 -2.478836e+1 8.800000e+0
    endloop
  endfacet
  facet normal -4.785452e-1 -7.557055e-1 -4.471058e-1
    outer loop
      vertex -1.555597e+1 -2.328115e+1 7.000000e+0
      vertex -1.485757e+1 -2.478836e+1 8.800000e+0
      vertex -1.605598e+1 -2.402947e+1 8.800000e+0
    endloop
  endfacet
  facet normal -4.408881e-1 -7.782763e-1 -4.471058e-1
    outer loop
      vertex -1.439488e+1 -2.401640e+1 7.000000e+0
      vertex -1.319911e+1 -2.469380e+1 7.000000e+0
      vertex -1.362337e+1 -2.548752e+1 8.800000e+0
    endloop
  endfacet
  facet normal -4.408881e-1 -7.782763e-1 -4.471058e-1
    outer loop
      vertex -1.439488e+1 -2.401640e+1 7.000000e+0
      vertex -1.362337e+1 -2.548752e+1 8.800000e+0
      vertex -1.485757e+1 -2.478836e+1 8.800000e+0
    endloop
  endfacet
  facet normal -4.021688e-1 -7.989722e-1 -4.471058e-1
    outer loop
      vertex -1.319911e+1 -2.469380e+1 7.000000e+0
      vertex -1.197154e+1 -2.531170e+1 7.000000e+0
      vertex -1.235634e+1 -2.612529e+1 8.800000e+0
    endloop
  endfacet
  facet normal -4.021688e-1 -7.989722e-1 -4.471058e-1
    outer loop
      vertex -1.319911e+1 -2.469380e+1 7.000000e+0
      vertex -1.235634e+1 -2.612529e+1 8.800000e+0
      vertex -1.362337e+1 -2.548752e+1 8.800000e+0
    endloop
  endfacet
  facet normal -3.624807e-1 -8.177433e-1 -4.471058e-1
    outer loop
      vertex -1.197154e+1 -2.531170e+1 7.000000e+0
      vertex -1.071514e+1 -2.586863e+1 7.000000e+0
      vertex -1.105955e+1 -2.670012e+1 8.800000e+0
    endloop
  endfacet
  facet normal -3.624807e-1 -8.177433e-1 -4.471058e-1
    outer loop
      vertex -1.197154e+1 -2.531170e+1 7.000000e+0
      vertex -1.105955e+1 -2.670012e+1 8.800000e+0
      vertex -1.235634e+1 -2.612529e+1 8.800000e+0
    endloop
  endfacet
  facet normal -3.219193e-1 -8.345444e-1 -4.471058e-1
    outer loop
      vertex -1.071514e+1 -2.586863e+1 7.000000e+0
      vertex -9.432916e+0 -2.636323e+1 7.000000e+0
      vertex -9.736117e+0 -2.721062e+1 8.800000e+0
    endloop
  endfacet
  facet normal -3.219193e-1 -8.345444e-1 -4.471058e-1
    outer loop
      vertex -1.071514e+1 -2.586863e+1 7.000000e+0
      vertex -9.736117e+0 -2.721062e+1 8.800000e+0
      vertex -1.105955e+1 -2.670012e+1 8.800000e+0
    endloop
  endfacet
  facet normal -2.805824e-1 -8.493350e-1 -4.471058e-1
    outer loop
      vertex -9.432916e+0 -2.636323e+1 7.000000e+0
      vertex -8.127971e+0 -2.679433e+1 7.000000e+0
      vertex -8.389227e+0 -2.765558e+1 8.800000e+0
    endloop
  endfacet
  facet normal -2.805824e-1 -8.493350e-1 -4.471058e-1
    outer loop
      vertex -9.432916e+0 -2.636323e+1 7.000000e+0
      vertex -8.389227e+0 -2.765558e+1 8.800000e+0
      vertex -9.736117e+0 -2.721062e+1 8.800000e+0
    endloop
  endfacet
  facet normal -2.385695e-1 -8.620794e-1 -4.471058e-1
    outer loop
      vertex -8.127971e+0 -2.679433e+1 7.000000e+0
      vertex -6.803445e+0 -2.716088e+1 7.000000e+0
      vertex -7.022127e+0 -2.803390e+1 8.800000e+0
    endloop
  endfacet
  facet normal -2.385695e-1 -8.620794e-1 -4.471058e-1
    outer loop
      vertex -8.127971e+0 -2.679433e+1 7.000000e+0
      vertex -7.022127e+0 -2.803390e+1 8.800000e+0
      vertex -8.389227e+0 -2.765558e+1 8.800000e+0
    endloop
  endfacet
  facet normal -1.959819e-1 -8.727471e-1 -4.471058e-1
    outer loop
      vertex -6.803445e+0 -2.716088e+1 7.000000e+0
      vertex -5.462529e+0 -2.746199e+1 7.000000e+0
      vertex -5.638110e+0 -2.834469e+1 8.800000e+0
    endloop
  endfacet
  facet normal -1.959819e-1 -8.727471e-1 -4.471058e-1
    outer loop
      vertex -6.803445e+0 -2.716088e+1 7.000000e+0
      vertex -5.638110e+0 -2.834469e+1 8.800000e+0
      vertex -7.022127e+0 -2.803390e+1 8.800000e+0
    endloop
  endfacet
  facet normal -1.529222e-1 -8.813122e-1 -4.471058e-1
    outer loop
      vertex -5.462529e+0 -2.746199e+1 7.000000e+0
      vertex -4.108453e+0 -2.769694e+1 7.000000e+0
      vertex -4.240511e+0 -2.858720e+1 8.800000e+0
    endloop
  endfacet
  facet normal -1.529222e-1 -8.813122e-1 -4.471058e-1
    outer loop
      vertex -5.462529e+0 -2.746199e+1 7.000000e+0
      vertex -4.240511e+0 -2.858720e+1 8.800000e+0
      vertex -5.638110e+0 -2.834469e+1 8.800000e+0
    endloop
  endfacet
  facet normal -1.094940e-1 -8.877542e-1 -4.471058e-1
    outer loop
      vertex -4.108453e+0 -2.769694e+1 7.000000e+0
      vertex -2.744480e+0 -2.786517e+1 7.000000e+0
      vertex -2.832695e+0 -2.876084e+1 8.800000e+0
    endloop
  endfacet
  facet normal -1.094940e-1 -8.877542e-1 -4.471058e-1
    outer loop
      vertex -4.108453e+0 -2.769694e+1 7.000000e+0
      vertex -2.832695e+0 -2.876084e+1 8.800000e+0
      vertex -4.240511e+0 -2.858720e+1 8.800000e+0
    endloop
  endfacet
  facet normal -6.580211e-2 -8.920574e-1 -4.471058e-1
    outer loop
      vertex -2.744480e+0 -2.786517e+1 7.000000e+0
      vertex -1.373895e+0 -2.796627e+1 7.000000e+0
      vertex -1.418056e+0 -2.886519e+1 8.800000e+0
    endloop
  endfacet
  facet normal -6.580211e-2 -8.920574e-1 -4.471058e-1
    outer loop
      vertex -2.744480e+0 -2.786517e+1 7.000000e+0
      vertex -1.418056e+0 -2.886519e+1 8.800000e+0
      vertex -2.832695e+0 -2.876084e+1 8.800000e+0
    endloop
  endfacet
  facet normal -2.195166e-2 -8.942117e-1 -4.471058e-1
    outer loop
      vertex -1.373895e+0 -2.796627e+1 7.000000e+0
      vertex -5.143517e-15 -2.800000e+1 7.000000e+0
      vertex -5.308844e-15 -2.890000e+1 8.800000e+0
    endloop
  endfacet
  facet normal -2.195166e-2 -8.942117e-1 -4.471058e-1
    outer loop
      vertex -1.373895e+0 -2.796627e+1 7.000000e+0
      vertex -5.308844e-15 -2.890000e+1 8.800000e+0
      vertex -1.418056e+0 -2.886519e+1 8.800000e+0
    endloop
  endfacet
  facet normal 2.195166e-2 -8.942117e-1 -4.471058e-1
    outer loop
      vertex -5.143517e-15 -2.800000e+1 7.000000e+0
      vertex 1.373895e+0 -2.796627e+1 7.000000e+0
      vertex 1.418056e+0 -2.886519e+1 8.800000e+0
    endloop
  endfacet
  facet normal 2.195166e-2 -8.942117e-1 -4.471058e-1
    outer loop
      vertex -5.143517e-15 -2.800000e+1 7.000000e+0
      vertex 1.418056e+0 -2.886519e+1 8.800000e+0
      vertex -5.308844e-15 -2.890000e+1 8.800000e+0
    endloop
  endfacet
  facet normal 6.580211e-2 -8.920574e-1 -4.471058e-1
    outer loop
      vertex 1.373895e+0 -2.796627e+1 7.000000e+0
      vertex 2.744480e+0 -2.786517e+1 7.000000e+0
      vertex 2.832695e+0 -2.876084e+1 8.800000e+0
    endloop
  endfacet
  facet normal 6.580211e-2 -8.920574e-1 -4.471058e-1
    outer loop
      vertex 1.373895e+0 -2.796627e+1 7.000000e+0
      vertex 2.832695e+0 -2.876084e+1 8.800000e+0
      vertex 1.418056e+0 -2.886519e+1 8.800000e+0
    endloop
  endfacet
  facet normal 1.094940e-1 -8.877542e-1 -4.471058e-1
    outer loop
      vertex 2.744480e+0 -2.786517e+1 7.000000e+0
      vertex 4.108453e+0 -2.769694e+1 7.000000e+0
      vertex 4.240511e+0 -2.858720e+1 8.800000e+0
    endloop
  endfacet
  facet normal 1.094940e-1 -8.877542e-1 -4.471058e-1
    outer loop
      vertex 2.744480e+0 -2.786517e+1 7.000000e+0
      vertex 4.240511e+0 -2.858720e+1 8.800000e+0
      vertex 2.832695e+0 -2.876084e+1 8.800000e+0
    endloop
  endfacet
  facet normal 1.529222e-1 -8.813122e-1 -4.471058e-1
    outer loop
      vertex 4.108453e+0 -2.769694e+1 7.000000e+0
      vertex 5.462529e+0 -2.746199e+1 7.000000e+0
      vertex 5.638110e+0 -2.834469e+1 8.800000e+0
    endloop
  endfacet
  facet normal 1.529222e-1 -8.813122e-1 -4.471058e-1
    outer loop
      vertex 4.108453e+0 -2.769694e+1 7.000000e+0
      vertex 5.638110e+0 -2.834469e+1 8.800000e+0
      vertex 4.240511e+0 -2.858720e+1 8.800000e+0
    endloop
  endfacet
  facet normal 1.959819e-1 -8.727471e-1 -4.471058e-1
    outer loop
      vertex 5.462529e+0 -2.746199e+1 7.000000e+0
      vertex 6.803445e+0 -2.716088e+1 7.000000e+0
      vertex 7.022127e+0 -2.803390e+1 8.800000e+0
    endloop
  endfacet
  facet normal 1.959819e-1 -8.727471e-1 -4.471058e-1
    outer loop
      vertex 5.462529e+0 -2.746199e+1 7.000000e+0
      vertex 7.022127e+0 -2.803390e+1 8.800000e+0
      vertex 5.638110e+0 -2.834469e+1 8.800000e+0
    endloop
  endfacet
  facet normal 2.385695e-1 -8.620794e-1 -4.471058e-1
    outer loop
      vertex 6.803445e+0 -2.716088e+1 7.000000e+0
      vertex 8.127971e+0 -2.679433e+1 7.000000e+0
      vertex 8.389227e+0 -2.765558e+1 8.800000e+0
    endloop
  endfacet
  facet normal 2.385695e-1 -8.620794e-1 -4.471058e-1
    outer loop
      vertex 6.803445e+0 -2.716088e+1 7.000000e+0
      vertex 8.389227e+0 -2.765558e+1 8.800000e+0
      vertex 7.022127e+0 -2.803390e+1 8.800000e+0
    endloop
  endfacet
  facet normal 2.805824e-1 -8.493350e-1 -4.471058e-1
    outer loop
      vertex 8.127971e+0 -2.679433e+1 7.000000e+0
      vertex 9.432916e+0 -2.636323e+1 7.000000e+0
      vertex 9.736117e+0 -2.721062e+1 8.800000e+0
    endloop
  endfacet
  facet normal 2.805824e-1 -8.493350e-1 -4.471058e-1
    outer loop
      vertex 8.127971e+0 -2.679433e+1 7.000000e+0
      vertex 9.736117e+0 -2.721062e+1 8.800000e+0
      vertex 8.389227e+0 -2.765558e+1 8.800000e+0
    endloop
  endfacet
  facet normal 3.219193e-1 -8.345444e-1 -4.471058e-1
    outer loop
      vertex 9.432916e+0 -2.636323e+1 7.000000e+0
      vertex 1.071514e+1 -2.586863e+1 7.000000e+0
      vertex 1.105955e+1 -2.670012e+1 8.800000e+0
    endloop
  endfacet
  facet normal 3.219193e-1 -8.345444e-1 -4.471058e-1
    outer loop
      vertex 9.432916e+0 -2.636323e+1 7.000000e+0
      vertex 1.105955e+1 -2.670012e+1 8.800000e+0
      vertex 9.736117e+0 -2.721062e+1 8.800000e+0
    endloop
  endfacet
  facet normal 3.624807e-1 -8.177433e-1 -4.471058e-1
    outer loop
      vertex 1.071514e+1 -2.586863e+1 7.000000e+0
      vertex 1.197154e+1 -2.531170e+1 7.000000e+0
      vertex 1.235634e+1 -2.612529e+1 8.800000e+0
    endloop
  endfacet
  facet normal 3.624807e-1 -8.177433e-1 -4.471058e-1
    outer loop
      vertex 1.071514e+1 -2.586863e+1 7.000000e+0
      vertex 1.235634e+1 -2.612529e+1 8.800000e+0
      vertex 1.105955e+1 -2.670012e+1 8.800000e+0
    endloop
  endfacet
  facet normal 4.021688e-1 -7.989722e-1 -4.471058e-1
    outer loop
      vertex 1.197154e+1 -2.531170e+1 7.000000e+0
      vertex 1.319911e+1 -2.469380e+1 7.000000e+0
      vertex 1.362337e+1 -2.548752e+1 8.800000e+0
    endloop
  endfacet
  facet normal 4.021688e-1 -7.989722e-1 -4.471058e-1
    outer loop
      vertex 1.197154e+1 -2.531170e+1 7.000000e+0
      vertex 1.362337e+1 -2.548752e+1 8.800000e+0
      vertex 1.235634e+1 -2.612529e+1 8.800000e+0
    endloop
  endfacet
  facet normal 4.408881e-1 -7.782763e-1 -4.471058e-1
    outer loop
      vertex 1.319911e+1 -2.469380e+1 7.000000e+0
      vertex 1.439488e+1 -2.401640e+1 7.000000e+0
      vertex 1.485757e+1 -2.478836e+1 8.800000e+0
    endloop
  endfacet
  facet normal 4.408881e-1 -7.782763e-1 -4.471058e-1
    outer loop
      vertex 1.319911e+1 -2.469380e+1 7.000000e+0
      vertex 1.485757e+1 -2.478836e+1 8.800000e+0
      vertex 1.362337e+1 -2.548752e+1 8.800000e+0
    endloop
  endfacet
  facet normal 4.785452e-1 -7.557055e-1 -4.471058e-1
    outer loop
      vertex 1.439488e+1 -2.401640e+1 7.000000e+0
      vertex 1.555597e+1 -2.328115e+1 7.000000e+0
      vertex 1.605598e+1 -2.402947e+1 8.800000e+0
    endloop
  endfacet
  facet normal 4.785452e-1 -7.557055e-1 -4.471058e-1
    outer loop
      vertex 1.439488e+1 -2.401640e+1 7.000000e+0
      vertex 1.605598e+1 -2.402947e+1 8.800000e+0
      vertex 1.485757e+1 -2.478836e+1 8.800000e+0
    endloop
  endfacet
  facet normal 5.150495e-1 -7.313141e-1 -4.471058e-1
    outer loop
      vertex 1.555597e+1 -2.328115e+1 7.000000e+0
      vertex 1.667958e+1 -2.248981e+1 7.000000e+0
      vertex 1.721571e+1 -2.321270e+1 8.800000e+0
    endloop
  endfacet
  facet normal 5.150495e-1 -7.313141e-1 -4.471058e-1
    outer loop
      vertex 1.555597e+1 -2.328115e+1 7.000000e+0
      vertex 1.721571e+1 -2.321270e+1 8.800000e+0
      vertex 1.605598e+1 -2.402947e+1 8.800000e+0
    endloop
  endfacet
  facet normal 5.503130e-1 -7.051610e-1 -4.471058e-1
    outer loop
      vertex 1.667958e+1 -2.248981e+1 7.000000e+0
      vertex 1.776301e+1 -2.164429e+1 7.000000e+0
      vertex 1.833397e+1 -2.234000e+1 8.800000e+0
    endloop
  endfacet
  facet normal 5.503130e-1 -7.051610e-1 -4.471058e-1
    outer loop
      vertex 1.667958e+1 -2.248981e+1 7.000000e+0
      vertex 1.833397e+1 -2.234000e+1 8.800000e+0
      vertex 1.721571e+1 -2.321270e+1 8.800000e+0
    endloop
  endfacet
  facet normal 5.842507e-1 -6.773090e-1 -4.471058e-1
    outer loop
      vertex 1.776301e+1 -2.164429e+1 7.000000e+0
      vertex 1.880365e+1 -2.074663e+1 7.000000e+0
      vertex 1.940805e+1 -2.141349e+1 8.800000e+0
    endloop
  endfacet
  facet normal 5.842507e-1 -6.773090e-1 -4.471058e-1
    outer loop
      vertex 1.776301e+1 -2.164429e+1 7.000000e+0
      vertex 1.940805e+1 -2.141349e+1 8.800000e+0
      vertex 1.833397e+1 -2.234000e+1 8.800000e+0
    endloop
  endfacet
  facet normal 6.167810e-1 -6.478253e-1 -4.471058e-1
    outer loop
      vertex 1.880365e+1 -2.074663e+1 7.000000e+0
      vertex 1.979899e+1 -1.979899e+1 7.000000e+0
      vertex 2.043539e+1 -2.043539e+1 8.800000e+0
    endloop
  endfacet
  facet normal 6.167810e-1 -6.478253e-1 -4.471058e-1
    outer loop
      vertex 1.880365e+1 -2.074663e+1 7.000000e+0
      vertex 2.043539e+1 -2.043539e+1 8.800000e+0
      vertex 1.940805e+1 -2.141349e+1 8.800000e+0
    endloop
  endfacet
  facet normal 6.478253e-1 -6.167810e-1 -4.471058e-1
    outer loop
      vertex 1.979899e+1 -1.979899e+1 7.000000e+0
      vertex 2.074663e+1 -1.880365e+1 7.000000e+0
      vertex 2.141349e+1 -1.940805e+1 8.800000e+0
    endloop
  endfacet
  facet normal 6.478253e-1 -6.167810e-1 -4.471058e-1
    outer loop
      vertex 1.979899e+1 -1.979899e+1 7.000000e+0
      vertex 2.141349e+1 -1.940805e+1 8.800000e+0
      vertex 2.043539e+1 -2.043539e+1 8.800000e+0
    endloop
  endfacet
  facet normal 6.773090e-1 -5.842507e-1 -4.471058e-1
    outer loop
      vertex 2.074663e+1 -1.880365e+1 7.000000e+0
      vertex 2.164429e+1 -1.776301e+1 7.000000e+0
      vertex 2.234000e+1 -1.833397e+1 8.800000e+0
    endloop
  endfacet
  facet normal 6.773090e-1 -5.842507e-1 -4.471058e-1
    outer loop
      vertex 2.074663e+1 -1.880365e+1 7.000000e+0
      vertex 2.234000e+1 -1.833397e+1 8.800000e+0
      vertex 2.141349e+1 -1.940805e+1 8.800000e+0
    endloop
  endfacet
  facet normal 7.051610e-1 -5.503130e-1 -4.471058e-1
    outer loop
      vertex 2.164429e+1 -1.776301e+1 7.000000e+0
      vertex 2.248981e+1 -1.667958e+1 7.000000e+0
      vertex 2.321270e+1 -1.721571e+1 8.800000e+0
    endloop
  endfacet
  facet normal 7.051610e-1 -5.503130e-1 -4.471058e-1
    outer loop
      vertex 2.164429e+1 -1.776301e+1 7.000000e+0
      vertex 2.321270e+1 -1.721571e+1 8.800000e+0
      vertex 2.234000e+1 -1.833397e+1 8.800000e+0
    endloop
  endfacet
  facet normal 7.313141e-1 -5.150495e-1 -4.471058e-1
    outer loop
      vertex 2.248981e+1 -1.667958e+1 7.000000e+0
      vertex 2.328115e+1 -1.555597e+1 7.000000e+0
      vertex 2.402947e+1 -1.605598e+1 8.800000e+0
    endloop
  endfacet
  facet normal 7.313141e-1 -5.150495e-1 -4.471058e-1
    outer loop
      vertex 2.248981e+1 -1.667958e+1 7.000000e+0
      vertex 2.402947e+1 -1.605598e+1 8.800000e+0
      vertex 2.321270e+1 -1.721571e+1 8.800000e+0
    endloop
  endfacet
  facet normal 7.557055e-1 -4.785452e-1 -4.471058e-1
    outer loop
      vertex 2.328115e+1 -1.555597e+1 7.000000e+0
      vertex 2.401640e+1 -1.439488e+1 7.000000e+0
      vertex 2.478836e+1 -1.485757e+1 8.800000e+0
    endloop
  endfacet
  facet normal 7.557055e-1 -4.785452e-1 -4.471058e-1
    outer loop
      vertex 2.328115e+1 -1.555597e+1 7.000000e+0
      vertex 2.478836e+1 -1.485757e+1 8.800000e+0
      vertex 2.402947e+1 -1.605598e+1 8.800000e+0
    endloop
  endfacet
  facet normal 7.782763e-1 -4.408881e-1 -4.471058e-1
    outer loop
      vertex 2.401640e+1 -1.439488e+1 7.000000e+0
      vertex 2.469380e+1 -1.319911e+1 7.000000e+0
      vertex 2.548752e+1 -1.362337e+1 8.800000e+0
    endloop
  endfacet
  facet normal 7.782763e-1 -4.408881e-1 -4.471058e-1
    outer loop
      vertex 2.401640e+1 -1.439488e+1 7.000000e+0
      vertex 2.548752e+1 -1.362337e+1 8.800000e+0
      vertex 2.478836e+1 -1.485757e+1 8.800000e+0
    endloop
  endfacet
  facet normal 7.989722e-1 -4.021688e-1 -4.471058e-1
    outer loop
      vertex 2.469380e+1 -1.319911e+1 7.000000e+0
      vertex 2.531170e+1 -1.197154e+1 7.000000e+0
      vertex 2.612529e+1 -1.235634e+1 8.800000e+0
    endloop
  endfacet
  facet normal 7.989722e-1 -4.021688e-1 -4.471058e-1
    outer loop
      vertex 2.469380e+1 -1.319911e+1 7.000000e+0
      vertex 2.612529e+1 -1.235634e+1 8.800000e+0
      vertex 2.548752e+1 -1.362337e+1 8.800000e+0
    endloop
  endfacet
  facet normal 8.177433e-1 -3.624807e-1 -4.471058e-1
    outer loop
      vertex 2.531170e+1 -1.197154e+1 7.000000e+0
      vertex 2.586863e+1 -1.071514e+1 7.000000e+0
      vertex 2.670012e+1 -1.105955e+1 8.800000e+0
    endloop
  endfacet
  facet normal 8.177433e-1 -3.624807e-1 -4.471058e-1
    outer loop
      vertex 2.531170e+1 -1.197154e+1 7.000000e+0
      vertex 2.670012e+1 -1.105955e+1 8.800000e+0
      vertex 2.612529e+1 -1.235634e+1 8.800000e+0
    endloop
  endfacet
  facet normal 8.345444e-1 -3.219193e-1 -4.471058e-1
    outer loop
      vertex 2.586863e+1 -1.071514e+1 7.000000e+0
      vertex 2.636323e+1 -9.432916e+0 7.000000e+0
      vertex 2.721062e+1 -9.736117e+0 8.800000e+0
    endloop
  endfacet
  facet normal 8.345444e-1 -3.219193e-1 -4.471058e-1
    outer loop
      vertex 2.586863e+1 -1.071514e+1 7.000000e+0
      vertex 2.721062e+1 -9.736117e+0 8.800000e+0
      vertex 2.670012e+1 -1.105955e+1 8.800000e+0
    endloop
  endfacet
  facet normal 8.493350e-1 -2.805824e-1 -4.471058e-1
    outer loop
      vertex 2.636323e+1 -9.432916e+0 7.000000e+0
      vertex 2.679433e+1 -8.127971e+0 7.000000e+0
      vertex 2.765558e+1 -8.389227e+0 8.800000e+0
    endloop
  endfacet
  facet normal 8.493350e-1 -2.805824e-1 -4.471058e-1
    outer loop
      vertex 2.636323e+1 -9.432916e+0 7.000000e+0
      vertex 2.765558e+1 -8.389227e+0 8.800000e+0
      vertex 2.721062e+1 -9.736117e+0 8.800000e+0
    endloop
  endfacet
  facet normal 8.620794e-1 -2.385695e-1 -4.471058e-1
    outer loop
      vertex 2.679433e+1 -8.127971e+0 7.000000e+0
      vertex 2.716088e+1 -6.803445e+0 7.000000e+0
      vertex 2.803390e+1 -7.022127e+0 8.800000e+0
    endloop
  endfacet
  facet normal 8.620794e-1 -2.385695e-1 -4.471058e-1
    outer loop
      vertex 2.679433e+1 -8.127971e+0 7.000000e+0
      vertex 2.803390e+1 -7.022127e+0 8.800000e+0
      vertex 2.765558e+1 -8.389227e+0 8.800000e+0
    endloop
  endfacet
  facet normal 8.727471e-1 -1.959819e-1 -4.471058e-1
    outer loop
      vertex 2.716088e+1 -6.803445e+0 7.000000e+0
      vertex 2.746199e+1 -5.462529e+0 7.000000e+0
      vertex 2.834469e+1 -5.638110e+0 8.800000e+0
    endloop
  endfacet
  facet normal 8.727471e-1 -1.959819e-1 -4.471058e-1
    outer loop
      vertex 2.716088e+1 -6.803445e+0 7.000000e+0
      vertex 2.834469e+1 -5.638110e+0 8.800000e+0
      vertex 2.803390e+1 -7.022127e+0 8.800000e+0
    endloop
  endfacet
  facet normal 8.813122e-1 -1.529222e-1 -4.471058e-1
    outer loop
      vertex 2.746199e+1 -5.462529e+0 7.000000e+0
      vertex 2.769694e+1 -4.108453e+0 7.000000e+0
      vertex 2.858720e+1 -4.240511e+0 8.800000e+0
    endloop
  endfacet
  facet normal 8.813122e-1 -1.529222e-1 -4.471058e-1
    outer loop
      vertex 2.746199e+1 -5.462529e+0 7.000000e+0
      vertex 2.858720e+1 -4.240511e+0 8.800000e+0
      vertex 2.834469e+1 -5.638110e+0 8.800000e+0
    endloop
  endfacet
  facet normal 8.877542e-1 -1.094940e-1 -4.471058e-1
    outer loop
      vertex 2.769694e+1 -4.108453e+0 7.000000e+0
      vertex 2.786517e+1 -2.744480e+0 7.000000e+0
      vertex 2.876084e+1 -2.832695e+0 8.800000e+0
    endloop
  endfacet
  facet normal 8.877542e-1 -1.094940e-1 -4.471058e-1
    outer loop
      vertex 2.769694e+1 -4.108453e+0 7.000000e+0
      vertex 2.876084e+1 -2.832695e+0 8.800000e+0
      vertex 2.858720e+1 -4.240511e+0 8.800000e+0
    endloop
  endfacet
  facet normal 8.920574e-1 -6.580211e-2 -4.471058e-1
    outer loop
      vertex 2.786517e+1 -2.744480e+0 7.000000e+0
      vertex 2.796627e+1 -1.373895e+0 7.000000e+0
      vertex 2.886519e+1 -1.418056e+0 8.800000e+0
    endloop
  endfacet
  facet normal 8.920574e-1 -6.580211e-2 -4.471058e-1
    outer loop
      vertex 2.786517e+1 -2.744480e+0 7.000000e+0
      vertex 2.886519e+1 -1.418056e+0 8.800000e+0
      vertex 2.876084e+1 -2.832695e+0 8.800000e+0
    endloop
  endfacet
  facet normal 8.942117e-1 -2.195166e-2 -4.471058e-1
    outer loop
      vertex 2.796627e+1 -1.373895e+0 7.000000e+0
      vertex 2.800000e+1 -6.858022e-15 7.000000e+0
      vertex 2.890000e+1 -7.078458e-15 8.800000e+0
    endloop
  endfacet
  facet normal 8.942117e-1 -2.195166e-2 -4.471058e-1
    outer loop
      vertex 2.796627e+1 -1.373895e+0 7.000000e+0
      vertex 2.890000e+1 -7.078458e-15 8.800000e+0
      vertex 2.886519e+1 -1.418056e+0 8.800000e+0
    endloop
  endfacet
  facet normal 4.061183e-1 9.969644e-3 9.137661e-1
    outer loop
      vertex 2.890000e+1 0.000000e+0 8.800000e+0
      vertex 2.886519e+1 1.418056e+0 8.800000e+0
      vertex 2.796627e+1 1.373895e+0 9.200000e+0
    endloop
  endfacet
  facet normal 4.061183e-1 9.969644e-3 9.137661e-1
    outer loop
      vertex 2.890000e+1 0.000000e+0 8.800000e+0
      vertex 2.796627e+1 1.373895e+0 9.200000e+0
      vertex 2.800000e+1 0.000000e+0 9.200000e+0
    endloop
  endfacet
  facet normal 4.051399e-1 2.988491e-2 9.137661e-1
    outer loop
      vertex 2.886519e+1 1.418056e+0 8.800000e+0
      vertex 2.876084e+1 2.832695e+0 8.800000e+0
      vertex 2.786517e+1 2.744480e+0 9.200000e+0
    endloop
  endfacet
  facet normal 4.051399e-1 2.988491e-2 9.137661e-1
    outer loop
      vertex 2.886519e+1 1.418056e+0 8.800000e+0
      vertex 2.786517e+1 2.744480e+0 9.200000e+0
      vertex 2.796627e+1 1.373895e+0 9.200000e+0
    endloop
  endfacet
  facet normal 4.031855e-1 4.972819e-2 9.137661e-1
    outer loop
      vertex 2.876084e+1 2.832695e+0 8.800000e+0
      vertex 2.858720e+1 4.240511e+0 8.800000e+0
      vertex 2.769694e+1 4.108453e+0 9.200000e+0
    endloop
  endfacet
  facet normal 4.031855e-1 4.972819e-2 9.137661e-1
    outer loop
      vertex 2.876084e+1 2.832695e+0 8.800000e+0
      vertex 2.769694e+1 4.108453e+0 9.200000e+0
      vertex 2.786517e+1 2.744480e+0 9.200000e+0
    endloop
  endfacet
  facet normal 4.002598e-1 6.945167e-2 9.137661e-1
    outer loop
      vertex 2.858720e+1 4.240511e+0 8.800000e+0
      vertex 2.834469e+1 5.638110e+0 8.800000e+0
      vertex 2.746199e+1 5.462529e+0 9.200000e+0
    endloop
  endfacet
  facet normal 4.002598e-1 6.945167e-2 9.137661e-1
    outer loop
      vertex 2.858720e+1 4.240511e+0 8.800000e+0
      vertex 2.746199e+1 5.462529e+0 9.200000e+0
      vertex 2.769694e+1 4.108453e+0 9.200000e+0
    endloop
  endfacet
  facet normal 3.963699e-1 8.900783e-2 9.137661e-1
    outer loop
      vertex 2.834469e+1 5.638110e+0 8.800000e+0
      vertex 2.803390e+1 7.022127e+0 8.800000e+0
      vertex 2.716088e+1 6.803445e+0 9.200000e+0
    endloop
  endfacet
  facet normal 3.963699e-1 8.900783e-2 9.137661e-1
    outer loop
      vertex 2.834469e+1 5.638110e+0 8.800000e+0
      vertex 2.716088e+1 6.803445e+0 9.200000e+0
      vertex 2.746199e+1 5.462529e+0 9.200000e+0
    endloop
  endfacet
  facet normal 3.915250e-1 1.083496e-1 9.137661e-1
    outer loop
      vertex 2.803390e+1 7.022127e+0 8.800000e+0
      vertex 2.765558e+1 8.389227e+0 8.800000e+0
      vertex 2.679433e+1 8.127971e+0 9.200000e+0
    endloop
  endfacet
  facet normal 3.915250e-1 1.083496e-1 9.137661e-1
    outer loop
      vertex 2.803390e+1 7.022127e+0 8.800000e+0
      vertex 2.679433e+1 8.127971e+0 9.200000e+0
      vertex 2.716088e+1 6.803445e+0 9.200000e+0
    endloop
  endfacet
  facet normal 3.857369e-1 1.274303e-1 9.137661e-1
    outer loop
      vertex 2.765558e+1 8.389227e+0 8.800000e+0
      vertex 2.721062e+1 9.736117e+0 8.800000e+0
      vertex 2.636323e+1 9.432916e+0 9.200000e+0
    endloop
  endfacet
  facet normal 3.857369e-1 1.274303e-1 9.137661e-1
    outer loop
      vertex 2.765558e+1 8.389227e+0 8.800000e+0
      vertex 2.636323e+1 9.432916e+0 9.200000e+0
      vertex 2.679433e+1 8.127971e+0 9.200000e+0
    endloop
  endfacet
  facet normal 3.790196e-1 1.462040e-1 9.137661e-1
    outer loop
      vertex 2.721062e+1 9.736117e+0 8.800000e+0
      vertex 2.670012e+1 1.105955e+1 8.800000e+0
      vertex 2.586863e+1 1.071514e+1 9.200000e+0
    endloop
  endfacet
  facet normal 3.790196e-1 1.462040e-1 9.137661e-1
    outer loop
      vertex 2.721062e+1 9.736117e+0 8.800000e+0
      vertex 2.586863e+1 1.071514e+1 9.200000e+0
      vertex 2.636323e+1 9.432916e+0 9.200000e+0
    endloop
  endfacet
  facet normal 3.713892e-1 1.646255e-1 9.137661e-1
    outer loop
      vertex 2.670012e+1 1.105955e+1 8.800000e+0
      vertex 2.612529e+1 1.235634e+1 8.800000e+0
      vertex 2.531170e+1 1.197154e+1 9.200000e+0
    endloop
  endfacet
  facet normal 3.713892e-1 1.646255e-1 9.137661e-1
    outer loop
      vertex 2.670012e+1 1.105955e+1 8.800000e+0
      vertex 2.531170e+1 1.197154e+1 9.200000e+0
      vertex 2.586863e+1 1.071514e+1 9.200000e+0
    endloop
  endfacet
  facet normal 3.628640e-1 1.826504e-1 9.137661e-1
    outer loop
      vertex 2.612529e+1 1.235634e+1 8.800000e+0
      vertex 2.548752e+1 1.362337e+1 8.800000e+0
      vertex 2.469380e+1 1.319911e+1 9.200000e+0
    endloop
  endfacet
  facet normal 3.628640e-1 1.826504e-1 9.137661e-1
    outer loop
      vertex 2.612529e+1 1.235634e+1 8.800000e+0
      vertex 2.469380e+1 1.319911e+1 9.200000e+0
      vertex 2.531170e+1 1.197154e+1 9.200000e+0
    endloop
  endfacet
  facet normal 3.534647e-1 2.002353e-1 9.137661e-1
    outer loop
      vertex 2.548752e+1 1.362337e+1 8.800000e+0
      vertex 2.478836e+1 1.485757e+1 8.800000e+0
      vertex 2.401640e+1 1.439488e+1 9.200000e+0
    endloop
  endfacet
  facet normal 3.534647e-1 2.002353e-1 9.137661e-1
    outer loop
      vertex 2.548752e+1 1.362337e+1 8.800000e+0
      vertex 2.401640e+1 1.439488e+1 9.200000e+0
      vertex 2.469380e+1 1.319911e+1 9.200000e+0
    endloop
  endfacet
  facet normal 3.432138e-1 2.173378e-1 9.137661e-1
    outer loop
      vertex 2.478836e+1 1.485757e+1 8.800000e+0
      vertex 2.402947e+1 1.605598e+1 8.800000e+0
      vertex 2.328115e+1 1.555597e+1 9.200000e+0
    endloop
  endfacet
  facet normal 3.432138e-1 2.173378e-1 9.137661e-1
    outer loop
      vertex 2.478836e+1 1.485757e+1 8.800000e+0
      vertex 2.328115e+1 1.555597e+1 9.200000e+0
      vertex 2.401640e+1 1.439488e+1 9.200000e+0
    endloop
  endfacet
  facet normal 3.321362e-1 2.339167e-1 9.137661e-1
    outer loop
      vertex 2.402947e+1 1.605598e+1 8.800000e+0
      vertex 2.321270e+1 1.721571e+1 8.800000e+0
      vertex 2.248981e+1 1.667958e+1 9.200000e+0
    endloop
  endfacet
  facet normal 3.321362e-1 2.339167e-1 9.137661e-1
    outer loop
      vertex 2.402947e+1 1.605598e+1 8.800000e+0
      vertex 2.248981e+1 1.667958e+1 9.200000e+0
      vertex 2.328115e+1 1.555597e+1 9.200000e+0
    endloop
  endfacet
  facet normal 3.202584e-1 2.499321e-1 9.137661e-1
    outer loop
      vertex 2.321270e+1 1.721571e+1 8.800000e+0
      vertex 2.234000e+1 1.833397e+1 8.800000e+0
      vertex 2.164429e+1 1.776301e+1 9.200000e+0
    endloop
  endfacet
  facet normal 3.202584e-1 2.499321e-1 9.137661e-1
    outer loop
      vertex 2.321270e+1 1.721571e+1 8.800000e+0
      vertex 2.164429e+1 1.776301e+1 9.200000e+0
      vertex 2.248981e+1 1.667958e+1 9.200000e+0
    endloop
  endfacet
  facet normal 3.076090e-1 2.653453e-1 9.137661e-1
    outer loop
      vertex 2.234000e+1 1.833397e+1 8.800000e+0
      vertex 2.141349e+1 1.940805e+1 8.800000e+0
      vertex 2.074663e+1 1.880365e+1 9.200000e+0
    endloop
  endfacet
  facet normal 3.076090e-1 2.653453e-1 9.137661e-1
    outer loop
      vertex 2.234000e+1 1.833397e+1 8.800000e+0
      vertex 2.074663e+1 1.880365e+1 9.200000e+0
      vertex 2.164429e+1 1.776301e+1 9.200000e+0
    endloop
  endfacet
  facet normal 2.942186e-1 2.801194e-1 9.137661e-1
    outer loop
      vertex 2.141349e+1 1.940805e+1 8.800000e+0
      vertex 2.043539e+1 2.043539e+1 8.800000e+0
      vertex 1.979899e+1 1.979899e+1 9.200000e+0
    endloop
  endfacet
  facet normal 2.942186e-1 2.801194e-1 9.137661e-1
    outer loop
      vertex 2.141349e+1 1.940805e+1 8.800000e+0
      vertex 1.979899e+1 1.979899e+1 9.200000e+0
      vertex 2.074663e+1 1.880365e+1 9.200000e+0
    endloop
  endfacet
  facet normal 2.801194e-1 2.942186e-1 9.137661e-1
    outer loop
      vertex 2.043539e+1 2.043539e+1 8.800000e+0
      vertex 1.940805e+1 2.141349e+1 8.800000e+0
      vertex 1.880365e+1 2.074663e+1 9.200000e+0
    endloop
  endfacet
  facet normal 2.801194e-1 2.942186e-1 9.137661e-1
    outer loop
      vertex 2.043539e+1 2.043539e+1 8.800000e+0
      vertex 1.880365e+1 2.074663e+1 9.200000e+0
      vertex 1.979899e+1 1.979899e+1 9.200000e+0
    endloop
  endfacet
  facet normal 2.653453e-1 3.076090e-1 9.137661e-1
    outer loop
      vertex 1.940805e+1 2.141349e+1 8.800000e+0
      vertex 1.833397e+1 2.234000e+1 8.800000e+0
      vertex 1.776301e+1 2.164429e+1 9.200000e+0
    endloop
  endfacet
  facet normal 2.653453e-1 3.076090e-1 9.137661e-1
    outer loop
      vertex 1.940805e+1 2.141349e+1 8.800000e+0
      vertex 1.776301e+1 2.164429e+1 9.200000e+0
      vertex 1.880365e+1 2.074663e+1 9.200000e+0
    endloop
  endfacet
  facet normal 2.499321e-1 3.202584e-1 9.137661e-1
    outer loop
      vertex 1.833397e+1 2.234000e+1 8.800000e+0
      vertex 1.721571e+1 2.321270e+1 8.800000e+0
      vertex 1.667958e+1 2.248981e+1 9.200000e+0
    endloop
  endfacet
  facet normal 2.499321e-1 3.202584e-1 9.137661e-1
    outer loop
      vertex 1.833397e+1 2.234000e+1 8.800000e+0
      vertex 1.667958e+1 2.248981e+1 9.200000e+0
      vertex 1.776301e+1 2.164429e+1 9.200000e+0
    endloop
  endfacet
  facet normal 2.339167e-1 3.321362e-1 9.137661e-1
    outer loop
      vertex 1.721571e+1 2.321270e+1 8.800000e+0
      vertex 1.605598e+1 2.402947e+1 8.800000e+0
      vertex 1.555597e+1 2.328115e+1 9.200000e+0
    endloop
  endfacet
  facet normal 2.339167e-1 3.321362e-1 9.137661e-1
    outer loop
      vertex 1.721571e+1 2.321270e+1 8.800000e+0
      vertex 1.555597e+1 2.328115e+1 9.200000e+0
      vertex 1.667958e+1 2.248981e+1 9.200000e+0
    endloop
  endfacet
  facet normal 2.173378e-1 3.432138e-1 9.137661e-1
    outer loop
      vertex 1.605598e+1 2.402947e+1 8.800000e+0
      vertex 1.485757e+1 2.478836e+1 8.800000e+0
      vertex 1.439488e+1 2.401640e+1 9.200000e+0
    endloop
  endfacet
  facet normal 2.173378e-1 3.432138e-1 9.137661e-1
    outer loop
      vertex 1.605598e+1 2.402947e+1 8.800000e+0
      vertex 1.439488e+1 2.401640e+1 9.200000e+0
      vertex 1.555597e+1 2.328115e+1 9.200000e+0
    endloop
  endfacet
  facet normal 2.002353e-1 3.534647e-1 9.137661e-1
    outer loop
      vertex 1.485757e+1 2.478836e+1 8.800000e+0
      vertex 1.362337e+1 2.548752e+1 8.800000e+0
      vertex 1.319911e+1 2.469380e+1 9.200000e+0
    endloop
  endfacet
  facet normal 2.002353e-1 3.534647e-1 9.137661e-1
    outer loop
      vertex 1.485757e+1 2.478836e+1 8.800000e+0
      vertex 1.319911e+1 2.469380e+1 9.200000e+0
      vertex 1.439488e+1 2.401640e+1 9.200000e+0
    endloop
  endfacet
  facet normal 1.826504e-1 3.628640e-1 9.137661e-1
    outer loop
      vertex 1.362337e+1 2.548752e+1 8.800000e+0
      vertex 1.235634e+1 2.612529e+1 8.800000e+0
      vertex 1.197154e+1 2.531170e+1 9.200000e+0
    endloop
  endfacet
  facet normal 1.826504e-1 3.628640e-1 9.137661e-1
    outer loop
      vertex 1.362337e+1 2.548752e+1 8.800000e+0
      vertex 1.197154e+1 2.531170e+1 9.200000e+0
      vertex 1.319911e+1 2.469380e+1 9.200000e+0
    endloop
  endfacet
  facet normal 1.646255e-1 3.713892e-1 9.137661e-1
    outer loop
      vertex 1.235634e+1 2.612529e+1 8.800000e+0
      vertex 1.105955e+1 2.670012e+1 8.800000e+0
      vertex 1.071514e+1 2.586863e+1 9.200000e+0
    endloop
  endfacet
  facet normal 1.646255e-1 3.713892e-1 9.137661e-1
    outer loop
      vertex 1.235634e+1 2.612529e+1 8.800000e+0
      vertex 1.071514e+1 2.586863e+1 9.200000e+0
      vertex 1.197154e+1 2.531170e+1 9.200000e+0
    endloop
  endfacet
  facet normal 1.462040e-1 3.790196e-1 9.137661e-1
    outer loop
      vertex 1.105955e+1 2.670012e+1 8.800000e+0
      vertex 9.736117e+0 2.721062e+1 8.800000e+0
      vertex 9.432916e+0 2.636323e+1 9.200000e+0
    endloop
  endfacet
  facet normal 1.462040e-1 3.790196e-1 9.137661e-1
    outer loop
      vertex 1.105955e+1 2.670012e+1 8.800000e+0
      vertex 9.432916e+0 2.636323e+1 9.200000e+0
      vertex 1.071514e+1 2.586863e+1 9.200000e+0
    endloop
  endfacet
  facet normal 1.274303e-1 3.857369e-1 9.137661e-1
    outer loop
      vertex 9.736117e+0 2.721062e+1 8.800000e+0
      vertex 8.389227e+0 2.765558e+1 8.800000e+0
      vertex 8.127971e+0 2.679433e+1 9.200000e+0
    endloop
  endfacet
  facet normal 1.274303e-1 3.857369e-1 9.137661e-1
    outer loop
      vertex 9.736117e+0 2.721062e+1 8.800000e+0
      vertex 8.127971e+0 2.679433e+1 9.200000e+0
      vertex 9.432916e+0 2.636323e+1 9.200000e+0
    endloop
  endfacet
  facet normal 1.083496e-1 3.915250e-1 9.137661e-1
    outer loop
      vertex 8.389227e+0 2.765558e+1 8.800000e+0
      vertex 7.022127e+0 2.803390e+1 8.800000e+0
      vertex 6.803445e+0 2.716088e+1 9.200000e+0
    endloop
  endfacet
  facet normal 1.083496e-1 3.915250e-1 9.137661e-1
    outer loop
      vertex 8.389227e+0 2.765558e+1 8.800000e+0
      vertex 6.803445e+0 2.716088e+1 9.200000e+0
      vertex 8.127971e+0 2.679433e+1 9.200000e+0
    endloop
  endfacet
  facet normal 8.900783e-2 3.963699e-1 9.137661e-1
    outer loop
      vertex 7.022127e+0 2.803390e+1 8.800000e+0
      vertex 5.638110e+0 2.834469e+1 8.800000e+0
      vertex 5.462529e+0 2.746199e+1 9.200000e+0
    endloop
  endfacet
  facet normal 8.900783e-2 3.963699e-1 9.137661e-1
    outer loop
      vertex 7.022127e+0 2.803390e+1 8.800000e+0
      vertex 5.462529e+0 2.746199e+1 9.200000e+0
      vertex 6.803445e+0 2.716088e+1 9.200000e+0
    endloop
  endfacet
  facet normal 6.945167e-2 4.002598e-1 9.137661e-1
    outer loop
      vertex 5.638110e+0 2.834469e+1 8.800000e+0
      vertex 4.240511e+0 2.858720e+1 8.800000e+0
      vertex 4.108453e+0 2.769694e+1 9.200000e+0
    endloop
  endfacet
  facet normal 6.945167e-2 4.002598e-1 9.137661e-1
    outer loop
      vertex 5.638110e+0 2.834469e+1 8.800000e+0
      vertex 4.108453e+0 2.769694e+1 9.200000e+0
      vertex 5.462529e+0 2.746199e+1 9.200000e+0
    endloop
  endfacet
  facet normal 4.972819e-2 4.031855e-1 9.137661e-1
    outer loop
      vertex 4.240511e+0 2.858720e+1 8.800000e+0
      vertex 2.832695e+0 2.876084e+1 8.800000e+0
      vertex 2.744480e+0 2.786517e+1 9.200000e+0
    endloop
  endfacet
  facet normal 4.972819e-2 4.031855e-1 9.137661e-1
    outer loop
      vertex 4.240511e+0 2.858720e+1 8.800000e+0
      vertex 2.744480e+0 2.786517e+1 9.200000e+0
      vertex 4.108453e+0 2.769694e+1 9.200000e+0
    endloop
  endfacet
  facet normal 2.988491e-2 4.051399e-1 9.137661e-1
    outer loop
      vertex 2.832695e+0 2.876084e+1 8.800000e+0
      vertex 1.418056e+0 2.886519e+1 8.800000e+0
      vertex 1.373895e+0 2.796627e+1 9.200000e+0
    endloop
  endfacet
  facet normal 2.988491e-2 4.051399e-1 9.137661e-1
    outer loop
      vertex 2.832695e+0 2.876084e+1 8.800000e+0
      vertex 1.373895e+0 2.796627e+1 9.200000e+0
      vertex 2.744480e+0 2.786517e+1 9.200000e+0
    endloop
  endfacet
  facet normal 9.969644e-3 4.061183e-1 9.137661e-1
    outer loop
      vertex 1.418056e+0 2.886519e+1 8.800000e+0
      vertex 1.769615e-15 2.890000e+1 8.800000e+0
      vertex 1.714506e-15 2.800000e+1 9.200000e+0
    endloop
  endfacet
  facet normal 9.969644e-3 4.061183e-1 9.137661e-1
    outer loop
      vertex 1.418056e+0 2.886519e+1 8.800000e+0
      vertex 1.714506e-15 2.800000e+1 9.200000e+0
      vertex 1.373895e+0 2.796627e+1 9.200000e+0
    endloop
  endfacet
  facet normal -9.969644e-3 4.061183e-1 9.137661e-1
    outer loop
      vertex 1.769615e-15 2.890000e+1 8.800000e+0
      vertex -1.418056e+0 2.886519e+1 8.800000e+0
      vertex -1.373895e+0 2.796627e+1 9.200000e+0
    endloop
  endfacet
  facet normal -9.969644e-3 4.061183e-1 9.137661e-1
    outer loop
      vertex 1.769615e-15 2.890000e+1 8.800000e+0
      vertex -1.373895e+0 2.796627e+1 9.200000e+0
      vertex 1.714506e-15 2.800000e+1 9.200000e+0
    endloop
  endfacet
  facet normal -2.988491e-2 4.051399e-1 9.137661e-1
    outer loop
      vertex -1.418056e+0 2.886519e+1 8.800000e+0
      vertex -2.832695e+0 2.876084e+1 8.800000e+0
      vertex -2.744480e+0 2.786517e+1 9.200000e+0
    endloop
  endfacet
  facet normal -2.988491e-2 4.051399e-1 9.137661e-1
    outer loop
      vertex -1.418056e+0 2.886519e+1 8.800000e+0
      vertex -2.744480e+0 2.786517e+1 9.200000e+0
      vertex -1.373895e+0 2.796627e+1 9.200000e+0
    endloop
  endfacet
  facet normal -4.972819e-2 4.031855e-1 9.137661e-1
    outer loop
      vertex -2.832695e+0 2.876084e+1 8.800000e+0
      vertex -4.240511e+0 2.858720e+1 8.800000e+0
      vertex -4.108453e+0 2.769694e+1 9.200000e+0
    endloop
  endfacet
  facet normal -4.972819e-2 4.031855e-1 9.137661e-1
    outer loop
      vertex -2.832695e+0 2.876084e+1 8.800000e+0
      vertex -4.108453e+0 2.769694e+1 9.200000e+0
      vertex -2.744480e+0 2.786517e+1 9.200000e+0
    endloop
  endfacet
  facet normal -6.945167e-2 4.002598e-1 9.137661e-1
    outer loop
      vertex -4.240511e+0 2.858720e+1 8.800000e+0
      vertex -5.638110e+0 2.834469e+1 8.800000e+0
      vertex -5.462529e+0 2.746199e+1 9.200000e+0
    endloop
  endfacet
  facet normal -6.945167e-2 4.002598e-1 9.137661e-1
    outer loop
      vertex -4.240511e+0 2.858720e+1 8.800000e+0
      vertex -5.462529e+0 2.746199e+1 9.200000e+0
      vertex -4.108453e+0 2.769694e+1 9.200000e+0
    endloop
  endfacet
  facet normal -8.900783e-2 3.963699e-1 9.137661e-1
    outer loop
      vertex -5.638110e+0 2.834469e+1 8.800000e+0
      vertex -7.022127e+0 2.803390e+1 8.800000e+0
      vertex -6.803445e+0 2.716088e+1 9.200000e+0
    endloop
  endfacet
  facet normal -8.900783e-2 3.963699e-1 9.137661e-1
    outer loop
      vertex -5.638110e+0 2.834469e+1 8.800000e+0
      vertex -6.803445e+0 2.716088e+1 9.200000e+0
      vertex -5.462529e+0 2.746199e+1 9.200000e+0
    endloop
  endfacet
  facet normal -1.083496e-1 3.915250e-1 9.137661e-1
    outer loop
      vertex -7.022127e+0 2.803390e+1 8.800000e+0
      vertex -8.389227e+0 2.765558e+1 8.800000e+0
      vertex -8.127971e+0 2.679433e+1 9.200000e+0
    endloop
  endfacet
  facet normal -1.083496e-1 3.915250e-1 9.137661e-1
    outer loop
      vertex -7.022127e+0 2.803390e+1 8.800000e+0
      vertex -8.127971e+0 2.679433e+1 9.200000e+0
      vertex -6.803445e+0 2.716088e+1 9.200000e+0
    endloop
  endfacet
  facet normal -1.274303e-1 3.857369e-1 9.137661e-1
    outer loop
      vertex -8.389227e+0 2.765558e+1 8.800000e+0
      vertex -9.736117e+0 2.721062e+1 8.800000e+0
      vertex -9.432916e+0 2.636323e+1 9.200000e+0
    endloop
  endfacet
  facet normal -1.274303e-1 3.857369e-1 9.137661e-1
    outer loop
      vertex -8.389227e+0 2.765558e+1 8.800000e+0
      vertex -9.432916e+0 2.636323e+1 9.200000e+0
      vertex -8.127971e+0 2.679433e+1 9.200000e+0
    endloop
  endfacet
  facet normal -1.462040e-1 3.790196e-1 9.137661e-1
    outer loop
      vertex -9.736117e+0 2.721062e+1 8.800000e+0
      vertex -1.105955e+1 2.670012e+1 8.800000e+0
      vertex -1.071514e+1 2.586863e+1 9.200000e+0
    endloop
  endfacet
  facet normal -1.462040e-1 3.790196e-1 9.137661e-1
    outer loop
      vertex -9.736117e+0 2.721062e+1 8.800000e+0
      vertex -1.071514e+1 2.586863e+1 9.200000e+0
      vertex -9.432916e+0 2.636323e+1 9.200000e+0
    endloop
  endfacet
  facet normal -1.646255e-1 3.713892e-1 9.137661e-1
    outer loop
      vertex -1.105955e+1 2.670012e+1 8.800000e+0
      vertex -1.235634e+1 2.612529e+1 8.800000e+0
      vertex -1.197154e+1 2.531170e+1 9.200000e+0
    endloop
  endfacet
  facet normal -1.646255e-1 3.713892e-1 9.137661e-1
    outer loop
      vertex -1.105955e+1 2.670012e+1 8.800000e+0
      vertex -1.197154e+1 2.531170e+1 9.200000e+0
      vertex -1.071514e+1 2.586863e+1 9.200000e+0
    endloop
  endfacet
  facet normal -1.826504e-1 3.628640e-1 9.137661e-1
    outer loop
      vertex -1.235634e+1 2.612529e+1 8.800000e+0
      vertex -1.362337e+1 2.548752e+1 8.800000e+0
      vertex -1.319911e+1 2.469380e+1 9.200000e+0
    endloop
  endfacet
  facet normal -1.826504e-1 3.628640e-1 9.137661e-1
    outer loop
      vertex -1.235634e+1 2.612529e+1 8.800000e+0
      vertex -1.319911e+1 2.469380e+1 9.200000e+0
      vertex -1.197154e+1 2.531170e+1 9.200000e+0
    endloop
  endfacet
  facet normal -2.002353e-1 3.534647e-1 9.137661e-1
    outer loop
      vertex -1.362337e+1 2.548752e+1 8.800000e+0
      vertex -1.485757e+1 2.478836e+1 8.800000e+0
      vertex -1.439488e+1 2.401640e+1 9.200000e+0
    endloop
  endfacet
  facet normal -2.002353e-1 3.534647e-1 9.137661e-1
    outer loop
      vertex -1.362337e+1 2.548752e+1 8.800000e+0
      vertex -1.439488e+1 2.401640e+1 9.200000e+0
      vertex -1.319911e+1 2.469380e+1 9.200000e+0
    endloop
  endfacet
  facet normal -2.173378e-1 3.432138e-1 9.137661e-1
    outer loop
      vertex -1.485757e+1 2.478836e+1 8.800000e+0
      vertex -1.605598e+1 2.402947e+1 8.800000e+0
      vertex -1.555597e+1 2.328115e+1 9.200000e+0
    endloop
  endfacet
  facet normal -2.173378e-1 3.432138e-1 9.137661e-1
    outer loop
      vertex -1.485757e+1 2.478836e+1 8.800000e+0
      vertex -1.555597e+1 2.328115e+1 9.200000e+0
      vertex -1.439488e+1 2.401640e+1 9.200000e+0
    endloop
  endfacet
  facet normal -2.339167e-1 3.321362e-1 9.137661e-1
    outer loop
      vertex -1.605598e+1 2.402947e+1 8.800000e+0
      vertex -1.721571e+1 2.321270e+1 8.800000e+0
      vertex -1.667958e+1 2.248981e+1 9.200000e+0
    endloop
  endfacet
  facet normal -2.339167e-1 3.321362e-1 9.137661e-1
    outer loop
      vertex -1.605598e+1 2.402947e+1 8.800000e+0
      vertex -1.667958e+1 2.248981e+1 9.200000e+0
      vertex -1.555597e+1 2.328115e+1 9.200000e+0
    endloop
  endfacet
  facet normal -2.499321e-1 3.202584e-1 9.137661e-1
    outer loop
      vertex -1.721571e+1 2.321270e+1 8.800000e+0
      vertex -1.833397e+1 2.234000e+1 8.800000e+0
      vertex -1.776301e+1 2.164429e+1 9.200000e+0
    endloop
  endfacet
  facet normal -2.499321e-1 3.202584e-1 9.137661e-1
    outer loop
      vertex -1.721571e+1 2.321270e+1 8.800000e+0
      vertex -1.776301e+1 2.164429e+1 9.200000e+0
      vertex -1.667958e+1 2.248981e+1 9.200000e+0
    endloop
  endfacet
  facet normal -2.653453e-1 3.076090e-1 9.137661e-1
    outer loop
      vertex -1.833397e+1 2.234000e+1 8.800000e+0
      vertex -1.940805e+1 2.141349e+1 8.800000e+0
      vertex -1.880365e+1 2.074663e+1 9.200000e+0
    endloop
  endfacet
  facet normal -2.653453e-1 3.076090e-1 9.137661e-1
    outer loop
      vertex -1.833397e+1 2.234000e+1 8.800000e+0
      vertex -1.880365e+1 2.074663e+1 9.200000e+0
      vertex -1.776301e+1 2.164429e+1 9.200000e+0
    endloop
  endfacet
  facet normal -2.801194e-1 2.942186e-1 9.137661e-1
    outer loop
      vertex -1.940805e+1 2.141349e+1 8.800000e+0
      vertex -2.043539e+1 2.043539e+1 8.800000e+0
      vertex -1.979899e+1 1.979899e+1 9.200000e+0
    endloop
  endfacet
  facet normal -2.801194e-1 2.942186e-1 9.137661e-1
    outer loop
      vertex -1.940805e+1 2.141349e+1 8.800000e+0
      vertex -1.979899e+1 1.979899e+1 9.200000e+0
      vertex -1.880365e+1 2.074663e+1 9.200000e+0
    endloop
  endfacet
  facet normal -2.942186e-1 2.801194e-1 9.137661e-1
    outer loop
      vertex -2.043539e+1 2.043539e+1 8.800000e+0
      vertex -2.141349e+1 1.940805e+1 8.800000e+0
      vertex -2.074663e+1 1.880365e+1 9.200000e+0
    endloop
  endfacet
  facet normal -2.942186e-1 2.801194e-1 9.137661e-1
    outer loop
      vertex -2.043539e+1 2.043539e+1 8.800000e+0
      vertex -2.074663e+1 1.880365e+1 9.200000e+0
      vertex -1.979899e+1 1.979899e+1 9.200000e+0
    endloop
  endfacet
  facet normal -3.076090e-1 2.653453e-1 9.137661e-1
    outer loop
      vertex -2.141349e+1 1.940805e+1 8.800000e+0
      vertex -2.234000e+1 1.833397e+1 8.800000e+0
      vertex -2.164429e+1 1.776301e+1 9.200000e+0
    endloop
  endfacet
  facet normal -3.076090e-1 2.653453e-1 9.137661e-1
    outer loop
      vertex -2.141349e+1 1.940805e+1 8.800000e+0
      vertex -2.164429e+1 1.776301e+1 9.200000e+0
      vertex -2.074663e+1 1.880365e+1 9.200000e+0
    endloop
  endfacet
  facet normal -3.202584e-1 2.499321e-1 9.137661e-1
    outer loop
      vertex -2.234000e+1 1.833397e+1 8.800000e+0
      vertex -2.321270e+1 1.721571e+1 8.800000e+0
      vertex -2.248981e+1 1.667958e+1 9.200000e+0
    endloop
  endfacet
  facet normal -3.202584e-1 2.499321e-1 9.137661e-1
    outer loop
      vertex -2.234000e+1 1.833397e+1 8.800000e+0
      vertex -2.248981e+1 1.667958e+1 9.200000e+0
      vertex -2.164429e+1 1.776301e+1 9.200000e+0
    endloop
  endfacet
  facet normal -3.321362e-1 2.339167e-1 9.137661e-1
    outer loop
      vertex -2.321270e+1 1.721571e+1 8.800000e+0
      vertex -2.402947e+1 1.605598e+1 8.800000e+0
      vertex -2.328115e+1 1.555597e+1 9.200000e+0
    endloop
  endfacet
  facet normal -3.321362e-1 2.339167e-1 9.137661e-1
    outer loop
      vertex -2.321270e+1 1.721571e+1 8.800000e+0
      vertex -2.328115e+1 1.555597e+1 9.200000e+0
      vertex -2.248981e+1 1.667958e+1 9.200000e+0
    endloop
  endfacet
  facet normal -3.432138e-1 2.173378e-1 9.137661e-1
    outer loop
      vertex -2.402947e+1 1.605598e+1 8.800000e+0
      vertex -2.478836e+1 1.485757e+1 8.800000e+0
      vertex -2.401640e+1 1.439488e+1 9.200000e+0
    endloop
  endfacet
  facet normal -3.432138e-1 2.173378e-1 9.137661e-1
    outer loop
      vertex -2.402947e+1 1.605598e+1 8.800000e+0
      vertex -2.401640e+1 1.439488e+1 9.200000e+0
      vertex -2.328115e+1 1.555597e+1 9.200000e+0
    endloop
  endfacet
  facet normal -3.534647e-1 2.002353e-1 9.137661e-1
    outer loop
      vertex -2.478836e+1 1.485757e+1 8.800000e+0
      vertex -2.548752e+1 1.362337e+1 8.800000e+0
      vertex -2.469380e+1 1.319911e+1 9.200000e+0
    endloop
  endfacet
  facet normal -3.534647e-1 2.002353e-1 9.137661e-1
    outer loop
      vertex -2.478836e+1 1.485757e+1 8.800000e+0
      vertex -2.469380e+1 1.319911e+1 9.200000e+0
      vertex -2.401640e+1 1.439488e+1 9.200000e+0
    endloop
  endfacet
  facet normal -3.628640e-1 1.826504e-1 9.137661e-1
    outer loop
      vertex -2.548752e+1 1.362337e+1 8.800000e+0
      vertex -2.612529e+1 1.235634e+1 8.800000e+0
      vertex -2.531170e+1 1.197154e+1 9.200000e+0
    endloop
  endfacet
  facet normal -3.628640e-1 1.826504e-1 9.137661e-1
    outer loop
      vertex -2.548752e+1 1.362337e+1 8.800000e+0
      vertex -2.531170e+1 1.197154e+1 9.200000e+0
      vertex -2.469380e+1 1.319911e+1 9.200000e+0
    endloop
  endfacet
  facet normal -3.713892e-1 1.646255e-1 9.137661e-1
    outer loop
      vertex -2.612529e+1 1.235634e+1 8.800000e+0
      vertex -2.670012e+1 1.105955e+1 8.800000e+0
      vertex -2.586863e+1 1.071514e+1 9.200000e+0
    endloop
  endfacet
  facet normal -3.713892e-1 1.646255e-1 9.137661e-1
    outer loop
      vertex -2.612529e+1 1.235634e+1 8.800000e+0
      vertex -2.586863e+1 1.071514e+1 9.200000e+0
      vertex -2.531170e+1 1.197154e+1 9.200000e+0
    endloop
  endfacet
  facet normal -3.790196e-1 1.462040e-1 9.137661e-1
    outer loop
      vertex -2.670012e+1 1.105955e+1 8.800000e+0
      vertex -2.721062e+1 9.736117e+0 8.800000e+0
      vertex -2.636323e+1 9.432916e+0 9.200000e+0
    endloop
  endfacet
  facet normal -3.790196e-1 1.462040e-1 9.137661e-1
    outer loop
      vertex -2.670012e+1 1.105955e+1 8.800000e+0
      vertex -2.636323e+1 9.432916e+0 9.200000e+0
      vertex -2.586863e+1 1.071514e+1 9.200000e+0
    endloop
  endfacet
  facet normal -3.857369e-1 1.274303e-1 9.137661e-1
    outer loop
      vertex -2.721062e+1 9.736117e+0 8.800000e+0
      vertex -2.765558e+1 8.389227e+0 8.800000e+0
      vertex -2.679433e+1 8.127971e+0 9.200000e+0
    endloop
  endfacet
  facet normal -3.857369e-1 1.274303e-1 9.137661e-1
    outer loop
      vertex -2.721062e+1 9.736117e+0 8.800000e+0
      vertex -2.679433e+1 8.127971e+0 9.200000e+0
      vertex -2.636323e+1 9.432916e+0 9.200000e+0
    endloop
  endfacet
  facet normal -3.915250e-1 1.083496e-1 9.137661e-1
    outer loop
      vertex -2.765558e+1 8.389227e+0 8.800000e+0
      vertex -2.803390e+1 7.022127e+0 8.800000e+0
      vertex -2.716088e+1 6.803445e+0 9.200000e+0
    endloop
  endfacet
  facet normal -3.915250e-1 1.083496e-1 9.137661e-1
    outer loop
      vertex -2.765558e+1 8.389227e+0 8.800000e+0
      vertex -2.716088e+1 6.803445e+0 9.200000e+0
      vertex -2.679433e+1 8.127971e+0 9.200000e+0
    endloop
  endfacet
  facet normal -3.963699e-1 8.900783e-2 9.137661e-1
    outer loop
      vertex -2.803390e+1 7.022127e+0 8.800000e+0
      vertex -2.834469e+1 5.638110e+0 8.800000e+0
      vertex -2.746199e+1 5.462529e+0 9.200000e+0
    endloop
  endfacet
  facet normal -3.963699e-1 8.900783e-2 9.137661e-1
    outer loop
      vertex -2.803390e+1 7.022127e+0 8.800000e+0
      vertex -2.746199e+1 5.462529e+0 9.200000e+0
      vertex -2.716088e+1 6.803445e+0 9.200000e+0
    endloop
  endfacet
  facet normal -4.002598e-1 6.945167e-2 9.137661e-1
    outer loop
      vertex -2.834469e+1 5.638110e+0 8.800000e+0
      vertex -2.858720e+1 4.240511e+0 8.800000e+0
      vertex -2.769694e+1 4.108453e+0 9.200000e+0
    endloop
  endfacet
  facet normal -4.002598e-1 6.945167e-2 9.137661e-1
    outer loop
      vertex -2.834469e+1 5.638110e+0 8.800000e+0
      vertex -2.769694e+1 4.108453e+0 9.200000e+0
      vertex -2.746199e+1 5.462529e+0 9.200000e+0
    endloop
  endfacet
  facet normal -4.031855e-1 4.972819e-2 9.137661e-1
    outer loop
      vertex -2.858720e+1 4.240511e+0 8.800000e+0
      vertex -2.876084e+1 2.832695e+0 8.800000e+0
      vertex -2.786517e+1 2.744480e+0 9.200000e+0
    endloop
  endfacet
  facet normal -4.031855e-1 4.972819e-2 9.137661e-1
    outer loop
      vertex -2.858720e+1 4.240511e+0 8.800000e+0
      vertex -2.786517e+1 2.744480e+0 9.200000e+0
      vertex -2.769694e+1 4.108453e+0 9.200000e+0
    endloop
  endfacet
  facet normal -4.051399e-1 2.988491e-2 9.137661e-1
    outer loop
      vertex -2.876084e+1 2.832695e+0 8.800000e+0
      vertex -2.886519e+1 1.418056e+0 8.800000e+0
      vertex -2.796627e+1 1.373895e+0 9.200000e+0
    endloop
  endfacet
  facet normal -4.051399e-1 2.988491e-2 9.137661e-1
    outer loop
      vertex -2.876084e+1 2.832695e+0 8.800000e+0
      vertex -2.796627e+1 1.373895e+0 9.200000e+0
      vertex -2.786517e+1 2.744480e+0 9.200000e+0
    endloop
  endfacet
  facet normal -4.061183e-1 9.969644e-3 9.137661e-1
    outer loop
      vertex -2.886519e+1 1.418056e+0 8.800000e+0
      vertex -2.890000e+1 3.539229e-15 8.800000e+0
      vertex -2.800000e+1 3.429011e-15 9.200000e+0
    endloop
  endfacet
  facet normal -4.061183e-1 9.969644e-3 9.137661e-1
    outer loop
      vertex -2.886519e+1 1.418056e+0 8.800000e+0
      vertex -2.800000e+1 3.429011e-15 9.200000e+0
      vertex -2.796627e+1 1.373895e+0 9.200000e+0
    endloop
  endfacet
  facet normal -4.061183e-1 -9.969644e-3 9.137661e-1
    outer loop
      vertex -2.890000e+1 3.539229e-15 8.800000e+0
      vertex -2.886519e+1 -1.418056e+0 8.800000e+0
      vertex -2.796627e+1 -1.373895e+0 9.200000e+0
    endloop
  endfacet
  facet normal -4.061183e-1 -9.969644e-3 9.137661e-1
    outer loop
      vertex -2.890000e+1 3.539229e-15 8.800000e+0
      vertex -2.796627e+1 -1.373895e+0 9.200000e+0
      vertex -2.800000e+1 3.429011e-15 9.200000e+0
    endloop
  endfacet
  facet normal -4.051399e-1 -2.988491e-2 9.137661e-1
    outer loop
      vertex -2.886519e+1 -1.418056e+0 8.800000e+0
      vertex -2.876084e+1 -2.832695e+0 8.800000e+0
      vertex -2.786517e+1 -2.744480e+0 9.200000e+0
    endloop
  endfacet
  facet normal -4.051399e-1 -2.988491e-2 9.137661e-1
    outer loop
      vertex -2.886519e+1 -1.418056e+0 8.800000e+0
      vertex -2.786517e+1 -2.744480e+0 9.200000e+0
      vertex -2.796627e+1 -1.373895e+0 9.200000e+0
    endloop
  endfacet
  facet normal -4.031855e-1 -4.972819e-2 9.137661e-1
    outer loop
      vertex -2.876084e+1 -2.832695e+0 8.800000e+0
      vertex -2.858720e+1 -4.240511e+0 8.800000e+0
      vertex -2.769694e+1 -4.108453e+0 9.200000e+0
    endloop
  endfacet
  facet normal -4.031855e-1 -4.972819e-2 9.137661e-1
    outer loop
      vertex -2.876084e+1 -2.832695e+0 8.800000e+0
      vertex -2.769694e+1 -4.108453e+0 9.200000e+0
      vertex -2.786517e+1 -2.744480e+0 9.200000e+0
    endloop
  endfacet
  facet normal -4.002598e-1 -6.945167e-2 9.137661e-1
    outer loop
      vertex -2.858720e+1 -4.240511e+0 8.800000e+0
      vertex -2.834469e+1 -5.638110e+0 8.800000e+0
      vertex -2.746199e+1 -5.462529e+0 9.200000e+0
    endloop
  endfacet
  facet normal -4.002598e-1 -6.945167e-2 9.137661e-1
    outer loop
      vertex -2.858720e+1 -4.240511e+0 8.800000e+0
      vertex -2.746199e+1 -5.462529e+0 9.200000e+0
      vertex -2.769694e+1 -4.108453e+0 9.200000e+0
    endloop
  endfacet
  facet normal -3.963699e-1 -8.900783e-2 9.137661e-1
    outer loop
      vertex -2.834469e+1 -5.638110e+0 8.800000e+0
      vertex -2.803390e+1 -7.022127e+0 8.800000e+0
      vertex -2.716088e+1 -6.803445e+0 9.200000e+0
    endloop
  endfacet
  facet normal -3.963699e-1 -8.900783e-2 9.137661e-1
    outer loop
      vertex -2.834469e+1 -5.638110e+0 8.800000e+0
      vertex -2.716088e+1 -6.803445e+0 9.200000e+0
      vertex -2.746199e+1 -5.462529e+0 9.200000e+0
    endloop
  endfacet
  facet normal -3.915250e-1 -1.083496e-1 9.137661e-1
    outer loop
      vertex -2.803390e+1 -7.022127e+0 8.800000e+0
      vertex -2.765558e+1 -8.389227e+0 8.800000e+0
      vertex -2.679433e+1 -8.127971e+0 9.200000e+0
    endloop
  endfacet
  facet normal -3.915250e-1 -1.083496e-1 9.137661e-1
    outer loop
      vertex -2.803390e+1 -7.022127e+0 8.800000e+0
      vertex -2.679433e+1 -8.127971e+0 9.200000e+0
      vertex -2.716088e+1 -6.803445e+0 9.200000e+0
    endloop
  endfacet
  facet normal -3.857369e-1 -1.274303e-1 9.137661e-1
    outer loop
      vertex -2.765558e+1 -8.389227e+0 8.800000e+0
      vertex -2.721062e+1 -9.736117e+0 8.800000e+0
      vertex -2.636323e+1 -9.432916e+0 9.200000e+0
    endloop
  endfacet
  facet normal -3.857369e-1 -1.274303e-1 9.137661e-1
    outer loop
      vertex -2.765558e+1 -8.389227e+0 8.800000e+0
      vertex -2.636323e+1 -9.432916e+0 9.200000e+0
      vertex -2.679433e+1 -8.127971e+0 9.200000e+0
    endloop
  endfacet
  facet normal -3.790196e-1 -1.462040e-1 9.137661e-1
    outer loop
      vertex -2.721062e+1 -9.736117e+0 8.800000e+0
      vertex -2.670012e+1 -1.105955e+1 8.800000e+0
      vertex -2.586863e+1 -1.071514e+1 9.200000e+0
    endloop
  endfacet
  facet normal -3.790196e-1 -1.462040e-1 9.137661e-1
    outer loop
      vertex -2.721062e+1 -9.736117e+0 8.800000e+0
      vertex -2.586863e+1 -1.071514e+1 9.200000e+0
      vertex -2.636323e+1 -9.432916e+0 9.200000e+0
    endloop
  endfacet
  facet normal -3.713892e-1 -1.646255e-1 9.137661e-1
    outer loop
      vertex -2.670012e+1 -1.105955e+1 8.800000e+0
      vertex -2.612529e+1 -1.235634e+1 8.800000e+0
      vertex -2.531170e+1 -1.197154e+1 9.200000e+0
    endloop
  endfacet
  facet normal -3.713892e-1 -1.646255e-1 9.137661e-1
    outer loop
      vertex -2.670012e+1 -1.105955e+1 8.800000e+0
      vertex -2.531170e+1 -1.197154e+1 9.200000e+0
      vertex -2.586863e+1 -1.071514e+1 9.200000e+0
    endloop
  endfacet
  facet normal -3.628640e-1 -1.826504e-1 9.137661e-1
    outer loop
      vertex -2.612529e+1 -1.235634e+1 8.800000e+0
      vertex -2.548752e+1 -1.362337e+1 8.800000e+0
      vertex -2.469380e+1 -1.319911e+1 9.200000e+0
    endloop
  endfacet
  facet normal -3.628640e-1 -1.826504e-1 9.137661e-1
    outer loop
      vertex -2.612529e+1 -1.235634e+1 8.800000e+0
      vertex -2.469380e+1 -1.319911e+1 9.200000e+0
      vertex -2.531170e+1 -1.197154e+1 9.200000e+0
    endloop
  endfacet
  facet normal -3.534647e-1 -2.002353e-1 9.137661e-1
    outer loop
      vertex -2.548752e+1 -1.362337e+1 8.800000e+0
      vertex -2.478836e+1 -1.485757e+1 8.800000e+0
      vertex -2.401640e+1 -1.439488e+1 9.200000e+0
    endloop
  endfacet
  facet normal -3.534647e-1 -2.002353e-1 9.137661e-1
    outer loop
      vertex -2.548752e+1 -1.362337e+1 8.800000e+0
      vertex -2.401640e+1 -1.439488e+1 9.200000e+0
      vertex -2.469380e+1 -1.319911e+1 9.200000e+0
    endloop
  endfacet
  facet normal -3.432138e-1 -2.173378e-1 9.137661e-1
    outer loop
      vertex -2.478836e+1 -1.485757e+1 8.800000e+0
      vertex -2.402947e+1 -1.605598e+1 8.800000e+0
      vertex -2.328115e+1 -1.555597e+1 9.200000e+0
    endloop
  endfacet
  facet normal -3.432138e-1 -2.173378e-1 9.137661e-1
    outer loop
      vertex -2.478836e+1 -1.485757e+1 8.800000e+0
      vertex -2.328115e+1 -1.555597e+1 9.200000e+0
      vertex -2.401640e+1 -1.439488e+1 9.200000e+0
    endloop
  endfacet
  facet normal -3.321362e-1 -2.339167e-1 9.137661e-1
    outer loop
      vertex -2.402947e+1 -1.605598e+1 8.800000e+0
      vertex -2.321270e+1 -1.721571e+1 8.800000e+0
      vertex -2.248981e+1 -1.667958e+1 9.200000e+0
    endloop
  endfacet
  facet normal -3.321362e-1 -2.339167e-1 9.137661e-1
    outer loop
      vertex -2.402947e+1 -1.605598e+1 8.800000e+0
      vertex -2.248981e+1 -1.667958e+1 9.200000e+0
      vertex -2.328115e+1 -1.555597e+1 9.200000e+0
    endloop
  endfacet
  facet normal -3.202584e-1 -2.499321e-1 9.137661e-1
    outer loop
      vertex -2.321270e+1 -1.721571e+1 8.800000e+0
      vertex -2.234000e+1 -1.833397e+1 8.800000e+0
      vertex -2.164429e+1 -1.776301e+1 9.200000e+0
    endloop
  endfacet
  facet normal -3.202584e-1 -2.499321e-1 9.137661e-1
    outer loop
      vertex -2.321270e+1 -1.721571e+1 8.800000e+0
      vertex -2.164429e+1 -1.776301e+1 9.200000e+0
      vertex -2.248981e+1 -1.667958e+1 9.200000e+0
    endloop
  endfacet
  facet normal -3.076090e-1 -2.653453e-1 9.137661e-1
    outer loop
      vertex -2.234000e+1 -1.833397e+1 8.800000e+0
      vertex -2.141349e+1 -1.940805e+1 8.800000e+0
      vertex -2.074663e+1 -1.880365e+1 9.200000e+0
    endloop
  endfacet
  facet normal -3.076090e-1 -2.653453e-1 9.137661e-1
    outer loop
      vertex -2.234000e+1 -1.833397e+1 8.800000e+0
      vertex -2.074663e+1 -1.880365e+1 9.200000e+0
      vertex -2.164429e+1 -1.776301e+1 9.200000e+0
    endloop
  endfacet
  facet normal -2.942186e-1 -2.801194e-1 9.137661e-1
    outer loop
      vertex -2.141349e+1 -1.940805e+1 8.800000e+0
      vertex -2.043539e+1 -2.043539e+1 8.800000e+0
      vertex -1.979899e+1 -1.979899e+1 9.200000e+0
    endloop
  endfacet
  facet normal -2.942186e-1 -2.801194e-1 9.137661e-1
    outer loop
      vertex -2.141349e+1 -1.940805e+1 8.800000e+0
      vertex -1.979899e+1 -1.979899e+1 9.200000e+0
      vertex -2.074663e+1 -1.880365e+1 9.200000e+0
    endloop
  endfacet
  facet normal -2.801194e-1 -2.942186e-1 9.137661e-1
    outer loop
      vertex -2.043539e+1 -2.043539e+1 8.800000e+0
      vertex -1.940805e+1 -2.141349e+1 8.800000e+0
      vertex -1.880365e+1 -2.074663e+1 9.200000e+0
    endloop
  endfacet
  facet normal -2.801194e-1 -2.942186e-1 9.137661e-1
    outer loop
      vertex -2.043539e+1 -2.043539e+1 8.800000e+0
      vertex -1.880365e+1 -2.074663e+1 9.200000e+0
      vertex -1.979899e+1 -1.979899e+1 9.200000e+0
    endloop
  endfacet
  facet normal -2.653453e-1 -3.076090e-1 9.137661e-1
    outer loop
      vertex -1.940805e+1 -2.141349e+1 8.800000e+0
      vertex -1.833397e+1 -2.234000e+1 8.800000e+0
      vertex -1.776301e+1 -2.164429e+1 9.200000e+0
    endloop
  endfacet
  facet normal -2.653453e-1 -3.076090e-1 9.137661e-1
    outer loop
      vertex -1.940805e+1 -2.141349e+1 8.800000e+0
      vertex -1.776301e+1 -2.164429e+1 9.200000e+0
      vertex -1.880365e+1 -2.074663e+1 9.200000e+0
    endloop
  endfacet
  facet normal -2.499321e-1 -3.202584e-1 9.137661e-1
    outer loop
      vertex -1.833397e+1 -2.234000e+1 8.800000e+0
      vertex -1.721571e+1 -2.321270e+1 8.800000e+0
      vertex -1.667958e+1 -2.248981e+1 9.200000e+0
    endloop
  endfacet
  facet normal -2.499321e-1 -3.202584e-1 9.137661e-1
    outer loop
      vertex -1.833397e+1 -2.234000e+1 8.800000e+0
      vertex -1.667958e+1 -2.248981e+1 9.200000e+0
      vertex -1.776301e+1 -2.164429e+1 9.200000e+0
    endloop
  endfacet
  facet normal -2.339167e-1 -3.321362e-1 9.137661e-1
    outer loop
      vertex -1.721571e+1 -2.321270e+1 8.800000e+0
      vertex -1.605598e+1 -2.402947e+1 8.800000e+0
      vertex -1.555597e+1 -2.328115e+1 9.200000e+0
    endloop
  endfacet
  facet normal -2.339167e-1 -3.321362e-1 9.137661e-1
    outer loop
      vertex -1.721571e+1 -2.321270e+1 8.800000e+0
      vertex -1.555597e+1 -2.328115e+1 9.200000e+0
      vertex -1.667958e+1 -2.248981e+1 9.200000e+0
    endloop
  endfacet
  facet normal -2.173378e-1 -3.432138e-1 9.137661e-1
    outer loop
      vertex -1.605598e+1 -2.402947e+1 8.800000e+0
      vertex -1.485757e+1 -2.478836e+1 8.800000e+0
      vertex -1.439488e+1 -2.401640e+1 9.200000e+0
    endloop
  endfacet
  facet normal -2.173378e-1 -3.432138e-1 9.137661e-1
    outer loop
      vertex -1.605598e+1 -2.402947e+1 8.800000e+0
      vertex -1.439488e+1 -2.401640e+1 9.200000e+0
      vertex -1.555597e+1 -2.328115e+1 9.200000e+0
    endloop
  endfacet
  facet normal -2.002353e-1 -3.534647e-1 9.137661e-1
    outer loop
      vertex -1.485757e+1 -2.478836e+1 8.800000e+0
      vertex -1.362337e+1 -2.548752e+1 8.800000e+0
      vertex -1.319911e+1 -2.469380e+1 9.200000e+0
    endloop
  endfacet
  facet normal -2.002353e-1 -3.534647e-1 9.137661e-1
    outer loop
      vertex -1.485757e+1 -2.478836e+1 8.800000e+0
      vertex -1.319911e+1 -2.469380e+1 9.200000e+0
      vertex -1.439488e+1 -2.401640e+1 9.200000e+0
    endloop
  endfacet
  facet normal -1.826504e-1 -3.628640e-1 9.137661e-1
    outer loop
      vertex -1.362337e+1 -2.548752e+1 8.800000e+0
      vertex -1.235634e+1 -2.612529e+1 8.800000e+0
      vertex -1.197154e+1 -2.531170e+1 9.200000e+0
    endloop
  endfacet
  facet normal -1.826504e-1 -3.628640e-1 9.137661e-1
    outer loop
      vertex -1.362337e+1 -2.548752e+1 8.800000e+0
      vertex -1.197154e+1 -2.531170e+1 9.200000e+0
      vertex -1.319911e+1 -2.469380e+1 9.200000e+0
    endloop
  endfacet
  facet normal -1.646255e-1 -3.713892e-1 9.137661e-1
    outer loop
      vertex -1.235634e+1 -2.612529e+1 8.800000e+0
      vertex -1.105955e+1 -2.670012e+1 8.800000e+0
      vertex -1.071514e+1 -2.586863e+1 9.200000e+0
    endloop
  endfacet
  facet normal -1.646255e-1 -3.713892e-1 9.137661e-1
    outer loop
      vertex -1.235634e+1 -2.612529e+1 8.800000e+0
      vertex -1.071514e+1 -2.586863e+1 9.200000e+0
      vertex -1.197154e+1 -2.531170e+1 9.200000e+0
    endloop
  endfacet
  facet normal -1.462040e-1 -3.790196e-1 9.137661e-1
    outer loop
      vertex -1.105955e+1 -2.670012e+1 8.800000e+0
      vertex -9.736117e+0 -2.721062e+1 8.800000e+0
      vertex -9.432916e+0 -2.636323e+1 9.200000e+0
    endloop
  endfacet
  facet normal -1.462040e-1 -3.790196e-1 9.137661e-1
    outer loop
      vertex -1.105955e+1 -2.670012e+1 8.800000e+0
      vertex -9.432916e+0 -2.636323e+1 9.200000e+0
      vertex -1.071514e+1 -2.586863e+1 9.200000e+0
    endloop
  endfacet
  facet normal -1.274303e-1 -3.857369e-1 9.137661e-1
    outer loop
      vertex -9.736117e+0 -2.721062e+1 8.800000e+0
      vertex -8.389227e+0 -2.765558e+1 8.800000e+0
      vertex -8.127971e+0 -2.679433e+1 9.200000e+0
    endloop
  endfacet
  facet normal -1.274303e-1 -3.857369e-1 9.137661e-1
    outer loop
      vertex -9.736117e+0 -2.721062e+1 8.800000e+0
      vertex -8.127971e+0 -2.679433e+1 9.200000e+0
      vertex -9.432916e+0 -2.636323e+1 9.200000e+0
    endloop
  endfacet
  facet normal -1.083496e-1 -3.915250e-1 9.137661e-1
    outer loop
      vertex -8.389227e+0 -2.765558e+1 8.800000e+0
      vertex -7.022127e+0 -2.803390e+1 8.800000e+0
      vertex -6.803445e+0 -2.716088e+1 9.200000e+0
    endloop
  endfacet
  facet normal -1.083496e-1 -3.915250e-1 9.137661e-1
    outer loop
      vertex -8.389227e+0 -2.765558e+1 8.800000e+0
      vertex -6.803445e+0 -2.716088e+1 9.200000e+0
      vertex -8.127971e+0 -2.679433e+1 9.200000e+0
    endloop
  endfacet
  facet normal -8.900783e-2 -3.963699e-1 9.137661e-1
    outer loop
      vertex -7.022127e+0 -2.803390e+1 8.800000e+0
      vertex -5.638110e+0 -2.834469e+1 8.800000e+0
      vertex -5.462529e+0 -2.746199e+1 9.200000e+0
    endloop
  endfacet
  facet normal -8.900783e-2 -3.963699e-1 9.137661e-1
    outer loop
      vertex -7.022127e+0 -2.803390e+1 8.800000e+0
      vertex -5.462529e+0 -2.746199e+1 9.200000e+0
      vertex -6.803445e+0 -2.716088e+1 9.200000e+0
    endloop
  endfacet
  facet normal -6.945167e-2 -4.002598e-1 9.137661e-1
    outer loop
      vertex -5.638110e+0 -2.834469e+1 8.800000e+0
      vertex -4.240511e+0 -2.858720e+1 8.800000e+0
      vertex -4.108453e+0 -2.769694e+1 9.200000e+0
    endloop
  endfacet
  facet normal -6.945167e-2 -4.002598e-1 9.137661e-1
    outer loop
      vertex -5.638110e+0 -2.834469e+1 8.800000e+0
      vertex -4.108453e+0 -2.769694e+1 9.200000e+0
      vertex -5.462529e+0 -2.746199e+1 9.200000e+0
    endloop
  endfacet
  facet normal -4.972819e-2 -4.031855e-1 9.137661e-1
    outer loop
      vertex -4.240511e+0 -2.858720e+1 8.800000e+0
      vertex -2.832695e+0 -2.876084e+1 8.800000e+0
      vertex -2.744480e+0 -2.786517e+1 9.200000e+0
    endloop
  endfacet
  facet normal -4.972819e-2 -4.031855e-1 9.137661e-1
    outer loop
      vertex -4.240511e+0 -2.858720e+1 8.800000e+0
      vertex -2.744480e+0 -2.786517e+1 9.200000e+0
      vertex -4.108453e+0 -2.769694e+1 9.200000e+0
    endloop
  endfacet
  facet normal -2.988491e-2 -4.051399e-1 9.137661e-1
    outer loop
      vertex -2.832695e+0 -2.876084e+1 8.800000e+0
      vertex -1.418056e+0 -2.886519e+1 8.800000e+0
      vertex -1.373895e+0 -2.796627e+1 9.200000e+0
    endloop
  endfacet
  facet normal -2.988491e-2 -4.051399e-1 9.137661e-1
    outer loop
      vertex -2.832695e+0 -2.876084e+1 8.800000e+0
      vertex -1.373895e+0 -2.796627e+1 9.200000e+0
      vertex -2.744480e+0 -2.786517e+1 9.200000e+0
    endloop
  endfacet
  facet normal -9.969644e-3 -4.061183e-1 9.137661e-1
    outer loop
      vertex -1.418056e+0 -2.886519e+1 8.800000e+0
      vertex -5.308844e-15 -2.890000e+1 8.800000e+0
      vertex -5.143517e-15 -2.800000e+1 9.200000e+0
    endloop
  endfacet
  facet normal -9.969644e-3 -4.061183e-1 9.137661e-1
    outer loop
      vertex -1.418056e+0 -2.886519e+1 8.800000e+0
      vertex -5.143517e-15 -2.800000e+1 9.200000e+0
      vertex -1.373895e+0 -2.796627e+1 9.200000e+0
    endloop
  endfacet
  facet normal 9.969644e-3 -4.061183e-1 9.137661e-1
    outer loop
      vertex -5.308844e-15 -2.890000e+1 8.800000e+0
      vertex 1.418056e+0 -2.886519e+1 8.800000e+0
      vertex 1.373895e+0 -2.796627e+1 9.200000e+0
    endloop
  endfacet
  facet normal 9.969644e-3 -4.061183e-1 9.137661e-1
    outer loop
      vertex -5.308844e-15 -2.890000e+1 8.800000e+0
      vertex 1.373895e+0 -2.796627e+1 9.200000e+0
      vertex -5.143517e-15 -2.800000e+1 9.200000e+0
    endloop
  endfacet
  facet normal 2.988491e-2 -4.051399e-1 9.137661e-1
    outer loop
      vertex 1.418056e+0 -2.886519e+1 8.800000e+0
      vertex 2.832695e+0 -2.876084e+1 8.800000e+0
      vertex 2.744480e+0 -2.786517e+1 9.200000e+0
    endloop
  endfacet
  facet normal 2.988491e-2 -4.051399e-1 9.137661e-1
    outer loop
      vertex 1.418056e+0 -2.886519e+1 8.800000e+0
      vertex 2.744480e+0 -2.786517e+1 9.200000e+0
      vertex 1.373895e+0 -2.796627e+1 9.200000e+0
    endloop
  endfacet
  facet normal 4.972819e-2 -4.031855e-1 9.137661e-1
    outer loop
      vertex 2.832695e+0 -2.876084e+1 8.800000e+0
      vertex 4.240511e+0 -2.858720e+1 8.800000e+0
      vertex 4.108453e+0 -2.769694e+1 9.200000e+0
    endloop
  endfacet
  facet normal 4.972819e-2 -4.031855e-1 9.137661e-1
    outer loop
      vertex 2.832695e+0 -2.876084e+1 8.800000e+0
      vertex 4.108453e+0 -2.769694e+1 9.200000e+0
      vertex 2.744480e+0 -2.786517e+1 9.200000e+0
    endloop
  endfacet
  facet normal 6.945167e-2 -4.002598e-1 9.137661e-1
    outer loop
      vertex 4.240511e+0 -2.858720e+1 8.800000e+0
      vertex 5.638110e+0 -2.834469e+1 8.800000e+0
      vertex 5.462529e+0 -2.746199e+1 9.200000e+0
    endloop
  endfacet
  facet normal 6.945167e-2 -4.002598e-1 9.137661e-1
    outer loop
      vertex 4.240511e+0 -2.858720e+1 8.800000e+0
      vertex 5.462529e+0 -2.746199e+1 9.200000e+0
      vertex 4.108453e+0 -2.769694e+1 9.200000e+0
    endloop
  endfacet
  facet normal 8.900783e-2 -3.963699e-1 9.137661e-1
    outer loop
      vertex 5.638110e+0 -2.834469e+1 8.800000e+0
      vertex 7.022127e+0 -2.803390e+1 8.800000e+0
      vertex 6.803445e+0 -2.716088e+1 9.200000e+0
    endloop
  endfacet
  facet normal 8.900783e-2 -3.963699e-1 9.137661e-1
    outer loop
      vertex 5.638110e+0 -2.834469e+1 8.800000e+0
      vertex 6.803445e+0 -2.716088e+1 9.200000e+0
      vertex 5.462529e+0 -2.746199e+1 9.200000e+0
    endloop
  endfacet
  facet normal 1.083496e-1 -3.915250e-1 9.137661e-1
    outer loop
      vertex 7.022127e+0 -2.803390e+1 8.800000e+0
      vertex 8.389227e+0 -2.765558e+1 8.800000e+0
      vertex 8.127971e+0 -2.679433e+1 9.200000e+0
    endloop
  endfacet
  facet normal 1.083496e-1 -3.915250e-1 9.137661e-1
    outer loop
      vertex 7.022127e+0 -2.803390e+1 8.800000e+0
      vertex 8.127971e+0 -2.679433e+1 9.200000e+0
      vertex 6.803445e+0 -2.716088e+1 9.200000e+0
    endloop
  endfacet
  facet normal 1.274303e-1 -3.857369e-1 9.137661e-1
    outer loop
      vertex 8.389227e+0 -2.765558e+1 8.800000e+0
      vertex 9.736117e+0 -2.721062e+1 8.800000e+0
      vertex 9.432916e+0 -2.636323e+1 9.200000e+0
    endloop
  endfacet
  facet normal 1.274303e-1 -3.857369e-1 9.137661e-1
    outer loop
      vertex 8.389227e+0 -2.765558e+1 8.800000e+0
      vertex 9.432916e+0 -2.636323e+1 9.200000e+0
      vertex 8.127971e+0 -2.679433e+1 9.200000e+0
    endloop
  endfacet
  facet normal 1.462040e-1 -3.790196e-1 9.137661e-1
    outer loop
      vertex 9.736117e+0 -2.721062e+1 8.800000e+0
      vertex 1.105955e+1 -2.670012e+1 8.800000e+0
      vertex 1.071514e+1 -2.586863e+1 9.200000e+0
    endloop
  endfacet
  facet normal 1.462040e-1 -3.790196e-1 9.137661e-1
    outer loop
      vertex 9.736117e+0 -2.721062e+1 8.800000e+0
      vertex 1.071514e+1 -2.586863e+1 9.200000e+0
      vertex 9.432916e+0 -2.636323e+1 9.200000e+0
    endloop
  endfacet
  facet normal 1.646255e-1 -3.713892e-1 9.137661e-1
    outer loop
      vertex 1.105955e+1 -2.670012e+1 8.800000e+0
      vertex 1.235634e+1 -2.612529e+1 8.800000e+0
      vertex 1.197154e+1 -2.531170e+1 9.200000e+0
    endloop
  endfacet
  facet normal 1.646255e-1 -3.713892e-1 9.137661e-1
    outer loop
      vertex 1.105955e+1 -2.670012e+1 8.800000e+0
      vertex 1.197154e+1 -2.531170e+1 9.200000e+0
      vertex 1.071514e+1 -2.586863e+1 9.200000e+0
    endloop
  endfacet
  facet normal 1.826504e-1 -3.628640e-1 9.137661e-1
    outer loop
      vertex 1.235634e+1 -2.612529e+1 8.800000e+0
      vertex 1.362337e+1 -2.548752e+1 8.800000e+0
      vertex 1.319911e+1 -2.469380e+1 9.200000e+0
    endloop
  endfacet
  facet normal 1.826504e-1 -3.628640e-1 9.137661e-1
    outer loop
      vertex 1.235634e+1 -2.612529e+1 8.800000e+0
      vertex 1.319911e+1 -2.469380e+1 9.200000e+0
      vertex 1.197154e+1 -2.531170e+1 9.200000e+0
    endloop
  endfacet
  facet normal 2.002353e-1 -3.534647e-1 9.137661e-1
    outer loop
      vertex 1.362337e+1 -2.548752e+1 8.800000e+0
      vertex 1.485757e+1 -2.478836e+1 8.800000e+0
      vertex 1.439488e+1 -2.401640e+1 9.200000e+0
    endloop
  endfacet
  facet normal 2.002353e-1 -3.534647e-1 9.137661e-1
    outer loop
      vertex 1.362337e+1 -2.548752e+1 8.800000e+0
      vertex 1.439488e+1 -2.401640e+1 9.200000e+0
      vertex 1.319911e+1 -2.469380e+1 9.200000e+0
    endloop
  endfacet
  facet normal 2.173378e-1 -3.432138e-1 9.137661e-1
    outer loop
      vertex 1.485757e+1 -2.478836e+1 8.800000e+0
      vertex 1.605598e+1 -2.402947e+1 8.800000e+0
      vertex 1.555597e+1 -2.328115e+1 9.200000e+0
    endloop
  endfacet
  facet normal 2.173378e-1 -3.432138e-1 9.137661e-1
    outer loop
      vertex 1.485757e+1 -2.478836e+1 8.800000e+0
      vertex 1.555597e+1 -2.328115e+1 9.200000e+0
      vertex 1.439488e+1 -2.401640e+1 9.200000e+0
    endloop
  endfacet
  facet normal 2.339167e-1 -3.321362e-1 9.137661e-1
    outer loop
      vertex 1.605598e+1 -2.402947e+1 8.800000e+0
      vertex 1.721571e+1 -2.321270e+1 8.800000e+0
      vertex 1.667958e+1 -2.248981e+1 9.200000e+0
    endloop
  endfacet
  facet normal 2.339167e-1 -3.321362e-1 9.137661e-1
    outer loop
      vertex 1.605598e+1 -2.402947e+1 8.800000e+0
      vertex 1.667958e+1 -2.248981e+1 9.200000e+0
      vertex 1.555597e+1 -2.328115e+1 9.200000e+0
    endloop
  endfacet
  facet normal 2.499321e-1 -3.202584e-1 9.137661e-1
    outer loop
      vertex 1.721571e+1 -2.321270e+1 8.800000e+0
      vertex 1.833397e+1 -2.234000e+1 8.800000e+0
      vertex 1.776301e+1 -2.164429e+1 9.200000e+0
    endloop
  endfacet
  facet normal 2.499321e-1 -3.202584e-1 9.137661e-1
    outer loop
      vertex 1.721571e+1 -2.321270e+1 8.800000e+0
      vertex 1.776301e+1 -2.164429e+1 9.200000e+0
      vertex 1.667958e+1 -2.248981e+1 9.200000e+0
    endloop
  endfacet
  facet normal 2.653453e-1 -3.076090e-1 9.137661e-1
    outer loop
      vertex 1.833397e+1 -2.234000e+1 8.800000e+0
      vertex 1.940805e+1 -2.141349e+1 8.800000e+0
      vertex 1.880365e+1 -2.074663e+1 9.200000e+0
    endloop
  endfacet
  facet normal 2.653453e-1 -3.076090e-1 9.137661e-1
    outer loop
      vertex 1.833397e+1 -2.234000e+1 8.800000e+0
      vertex 1.880365e+1 -2.074663e+1 9.200000e+0
      vertex 1.776301e+1 -2.164429e+1 9.200000e+0
    endloop
  endfacet
  facet normal 2.801194e-1 -2.942186e-1 9.137661e-1
    outer loop
      vertex 1.940805e+1 -2.141349e+1 8.800000e+0
      vertex 2.043539e+1 -2.043539e+1 8.800000e+0
      vertex 1.979899e+1 -1.979899e+1 9.200000e+0
    endloop
  endfacet
  facet normal 2.801194e-1 -2.942186e-1 9.137661e-1
    outer loop
      vertex 1.940805e+1 -2.141349e+1 8.800000e+0
      vertex 1.979899e+1 -1.979899e+1 9.200000e+0
      vertex 1.880365e+1 -2.074663e+1 9.200000e+0
    endloop
  endfacet
  facet normal 2.942186e-1 -2.801194e-1 9.137661e-1
    outer loop
      vertex 2.043539e+1 -2.043539e+1 8.800000e+0
      vertex 2.141349e+1 -1.940805e+1 8.800000e+0
      vertex 2.074663e+1 -1.880365e+1 9.200000e+0
    endloop
  endfacet
  facet normal 2.942186e-1 -2.801194e-1 9.137661e-1
    outer loop
      vertex 2.043539e+1 -2.043539e+1 8.800000e+0
      vertex 2.074663e+1 -1.880365e+1 9.200000e+0
      vertex 1.979899e+1 -1.979899e+1 9.200000e+0
    endloop
  endfacet
  facet normal 3.076090e-1 -2.653453e-1 9.137661e-1
    outer loop
      vertex 2.141349e+1 -1.940805e+1 8.800000e+0
      vertex 2.234000e+1 -1.833397e+1 8.800000e+0
      vertex 2.164429e+1 -1.776301e+1 9.200000e+0
    endloop
  endfacet
  facet normal 3.076090e-1 -2.653453e-1 9.137661e-1
    outer loop
      vertex 2.141349e+1 -1.940805e+1 8.800000e+0
      vertex 2.164429e+1 -1.776301e+1 9.200000e+0
      vertex 2.074663e+1 -1.880365e+1 9.200000e+0
    endloop
  endfacet
  facet normal 3.202584e-1 -2.499321e-1 9.137661e-1
    outer loop
      vertex 2.234000e+1 -1.833397e+1 8.800000e+0
      vertex 2.321270e+1 -1.721571e+1 8.800000e+0
      vertex 2.248981e+1 -1.667958e+1 9.200000e+0
    endloop
  endfacet
  facet normal 3.202584e-1 -2.499321e-1 9.137661e-1
    outer loop
      vertex 2.234000e+1 -1.833397e+1 8.800000e+0
      vertex 2.248981e+1 -1.667958e+1 9.200000e+0
      vertex 2.164429e+1 -1.776301e+1 9.200000e+0
    endloop
  endfacet
  facet normal 3.321362e-1 -2.339167e-1 9.137661e-1
    outer loop
      vertex 2.321270e+1 -1.721571e+1 8.800000e+0
      vertex 2.402947e+1 -1.605598e+1 8.800000e+0
      vertex 2.328115e+1 -1.555597e+1 9.200000e+0
    endloop
  endfacet
  facet normal 3.321362e-1 -2.339167e-1 9.137661e-1
    outer loop
      vertex 2.321270e+1 -1.721571e+1 8.800000e+0
      vertex 2.328115e+1 -1.555597e+1 9.200000e+0
      vertex 2.248981e+1 -1.667958e+1 9.200000e+0
    endloop
  endfacet
  facet normal 3.432138e-1 -2.173378e-1 9.137661e-1
    outer loop
      vertex 2.402947e+1 -1.605598e+1 8.800000e+0
      vertex 2.478836e+1 -1.485757e+1 8.800000e+0
      vertex 2.401640e+1 -1.439488e+1 9.200000e+0
    endloop
  endfacet
  facet normal 3.432138e-1 -2.173378e-1 9.137661e-1
    outer loop
      vertex 2.402947e+1 -1.605598e+1 8.800000e+0
      vertex 2.401640e+1 -1.439488e+1 9.200000e+0
      vertex 2.328115e+1 -1.555597e+1 9.200000e+0
    endloop
  endfacet
  facet normal 3.534647e-1 -2.002353e-1 9.137661e-1
    outer loop
      vertex 2.478836e+1 -1.485757e+1 8.800000e+0
      vertex 2.548752e+1 -1.362337e+1 8.800000e+0
      vertex 2.469380e+1 -1.319911e+1 9.200000e+0
    endloop
  endfacet
  facet normal 3.534647e-1 -2.002353e-1 9.137661e-1
    outer loop
      vertex 2.478836e+1 -1.485757e+1 8.800000e+0
      vertex 2.469380e+1 -1.319911e+1 9.200000e+0
      vertex 2.401640e+1 -1.439488e+1 9.200000e+0
    endloop
  endfacet
  facet normal 3.628640e-1 -1.826504e-1 9.137661e-1
    outer loop
      vertex 2.548752e+1 -1.362337e+1 8.800000e+0
      vertex 2.612529e+1 -1.235634e+1 8.800000e+0
      vertex 2.531170e+1 -1.197154e+1 9.200000e+0
    endloop
  endfacet
  facet normal 3.628640e-1 -1.826504e-1 9.137661e-1
    outer loop
      vertex 2.548752e+1 -1.362337e+1 8.800000e+0
      vertex 2.531170e+1 -1.197154e+1 9.200000e+0
      vertex 2.469380e+1 -1.319911e+1 9.200000e+0
    endloop
  endfacet
  facet normal 3.713892e-1 -1.646255e-1 9.137661e-1
    outer loop
      vertex 2.612529e+1 -1.235634e+1 8.800000e+0
      vertex 2.670012e+1 -1.105955e+1 8.800000e+0
      vertex 2.586863e+1 -1.071514e+1 9.200000e+0
    endloop
  endfacet
  facet normal 3.713892e-1 -1.646255e-1 9.137661e-1
    outer loop
      vertex 2.612529e+1 -1.235634e+1 8.800000e+0
      vertex 2.586863e+1 -1.071514e+1 9.200000e+0
      vertex 2.531170e+1 -1.197154e+1 9.200000e+0
    endloop
  endfacet
  facet normal 3.790196e-1 -1.462040e-1 9.137661e-1
    outer loop
      vertex 2.670012e+1 -1.105955e+1 8.800000e+0
      vertex 2.721062e+1 -9.736117e+0 8.800000e+0
      vertex 2.636323e+1 -9.432916e+0 9.200000e+0
    endloop
  endfacet
  facet normal 3.790196e-1 -1.462040e-1 9.137661e-1
    outer loop
      vertex 2.670012e+1 -1.105955e+1 8.800000e+0
      vertex 2.636323e+1 -9.432916e+0 9.200000e+0
      vertex 2.586863e+1 -1.071514e+1 9.200000e+0
    endloop
  endfacet
  facet normal 3.857369e-1 -1.274303e-1 9.137661e-1
    outer loop
      vertex 2.721062e+1 -9.736117e+0 8.800000e+0
      vertex 2.765558e+1 -8.389227e+0 8.800000e+0
      vertex 2.679433e+1 -8.127971e+0 9.200000e+0
    endloop
  endfacet
  facet normal 3.857369e-1 -1.274303e-1 9.137661e-1
    outer loop
      vertex 2.721062e+1 -9.736117e+0 8.800000e+0
      vertex 2.679433e+1 -8.127971e+0 9.200000e+0
      vertex 2.636323e+1 -9.432916e+0 9.200000e+0
    endloop
  endfacet
  facet normal 3.915250e-1 -1.083496e-1 9.137661e-1
    outer loop
      vertex 2.765558e+1 -8.389227e+0 8.800000e+0
      vertex 2.803390e+1 -7.022127e+0 8.800000e+0
      vertex 2.716088e+1 -6.803445e+0 9.200000e+0
    endloop
  endfacet
  facet normal 3.915250e-1 -1.083496e-1 9.137661e-1
    outer loop
      vertex 2.765558e+1 -8.389227e+0 8.800000e+0
      vertex 2.716088e+1 -6.803445e+0 9.200000e+0
      vertex 2.679433e+1 -8.127971e+0 9.200000e+0
    endloop
  endfacet
  facet normal 3.963699e-1 -8.900783e-2 9.137661e-1
    outer loop
      vertex 2.803390e+1 -7.022127e+0 8.800000e+0
      vertex 2.834469e+1 -5.638110e+0 8.800000e+0
      vertex 2.746199e+1 -5.462529e+0 9.200000e+0
    endloop
  endfacet
  facet normal 3.963699e-1 -8.900783e-2 9.137661e-1
    outer loop
      vertex 2.803390e+1 -7.022127e+0 8.800000e+0
      vertex 2.746199e+1 -5.462529e+0 9.200000e+0
      vertex 2.716088e+1 -6.803445e+0 9.200000e+0
    endloop
  endfacet
  facet normal 4.002598e-1 -6.945167e-2 9.137661e-1
    outer loop
      vertex 2.834469e+1 -5.638110e+0 8.800000e+0
      vertex 2.858720e+1 -4.240511e+0 8.800000e+0
      vertex 2.769694e+1 -4.108453e+0 9.200000e+0
    endloop
  endfacet
  facet normal 4.002598e-1 -6.945167e-2 9.137661e-1
    outer loop
      vertex 2.834469e+1 -5.638110e+0 8.800000e+0
      vertex 2.769694e+1 -4.108453e+0 9.200000e+0
      vertex 2.746199e+1 -5.462529e+0 9.200000e+0
    endloop
  endfacet
  facet normal 4.031855e-1 -4.972819e-2 9.137661e-1
    outer loop
      vertex 2.858720e+1 -4.240511e+0 8.800000e+0
      vertex 2.876084e+1 -2.832695e+0 8.800000e+0
      vertex 2.786517e+1 -2.744480e+0 9.200000e+0
    endloop
  endfacet
  facet normal 4.031855e-1 -4.972819e-2 9.137661e-1
    outer loop
      vertex 2.858720e+1 -4.240511e+0 8.800000e+0
      vertex 2.786517e+1 -2.744480e+0 9.200000e+0
      vertex 2.769694e+1 -4.108453e+0 9.200000e+0
    endloop
  endfacet
  facet normal 4.051399e-1 -2.988491e-2 9.137661e-1
    outer loop
      vertex 2.876084e+1 -2.832695e+0 8.800000e+0
      vertex 2.886519e+1 -1.418056e+0 8.800000e+0
      vertex 2.796627e+1 -1.373895e+0 9.200000e+0
    endloop
  endfacet
  facet normal 4.051399e-1 -2.988491e-2 9.137661e-1
    outer loop
      vertex 2.876084e+1 -2.832695e+0 8.800000e+0
      vertex 2.796627e+1 -1.373895e+0 9.200000e+0
      vertex 2.786517e+1 -2.744480e+0 9.200000e+0
    endloop
  endfacet
  facet normal 4.061183e-1 -9.969644e-3 9.137661e-1
    outer loop
      vertex 2.886519e+1 -1.418056e+0 8.800000e+0
      vertex 2.890000e+1 -7.078458e-15 8.800000e+0
      vertex 2.800000e+1 -6.858022e-15 9.200000e+0
    endloop
  endfacet
  facet normal 4.061183e-1 -9.969644e-3 9.137661e-1
    outer loop
      vertex 2.886519e+1 -1.418056e+0 8.800000e+0
      vertex 2.800000e+1 -6.858022e-15 9.200000e+0
      vertex 2.796627e+1 -1.373895e+0 9.200000e+0
    endloop
  endfacet
  facet normal 9.996988e-1 2.454123e-2 0.000000e+0
    outer loop
      vertex 2.800000e+1 0.000000e+0 9.200000e+0
      vertex 2.796627e+1 1.373895e+0 9.200000e+0
      vertex 2.796627e+1 1.373895e+0 1.270000e+1
    endloop
  endfacet
  facet normal 9.996988e-1 2.454123e-2 0.000000e+0
    outer loop
      vertex 2.800000e+1 0.000000e+0 9.200000e+0
      vertex 2.796627e+1 1.373895e+0 1.270000e+1
      vertex 2.800000e+1 0.000000e+0 1.270000e+1
    endloop
  endfacet
  facet normal 9.972905e-1 7.356456e-2 0.000000e+0
    outer loop
      vertex 2.796627e+1 1.373895e+0 9.200000e+0
      vertex 2.786517e+1 2.744480e+0 9.200000e+0
      vertex 2.786517e+1 2.744480e+0 1.270000e+1
    endloop
  endfacet
  facet normal 9.972905e-1 7.356456e-2 0.000000e+0
    outer loop
      vertex 2.796627e+1 1.373895e+0 9.200000e+0
      vertex 2.786517e+1 2.744480e+0 1.270000e+1
      vertex 2.796627e+1 1.373895e+0 1.270000e+1
    endloop
  endfacet
  facet normal 9.924795e-1 1.224107e-1 0.000000e+0
    outer loop
      vertex 2.786517e+1 2.744480e+0 9.200000e+0
      vertex 2.769694e+1 4.108453e+0 9.200000e+0
      vertex 2.769694e+1 4.108453e+0 1.270000e+1
    endloop
  endfacet
  facet normal 9.924795e-1 1.224107e-1 0.000000e+0
    outer loop
      vertex 2.786517e+1 2.744480e+0 9.200000e+0
      vertex 2.769694e+1 4.108453e+0 1.270000e+1
      vertex 2.786517e+1 2.744480e+0 1.270000e+1
    endloop
  endfacet
  facet normal 9.852776e-1 1.709619e-1 0.000000e+0
    outer loop
      vertex 2.769694e+1 4.108453e+0 9.200000e+0
      vertex 2.746199e+1 5.462529e+0 9.200000e+0
      vertex 2.746199e+1 5.462529e+0 1.270000e+1
    endloop
  endfacet
  facet normal 9.852776e-1 1.709619e-1 0.000000e+0
    outer loop
      vertex 2.769694e+1 4.108453e+0 9.200000e+0
      vertex 2.746199e+1 5.462529e+0 1.270000e+1
      vertex 2.769694e+1 4.108453e+0 1.270000e+1
    endloop
  endfacet
  facet normal 9.757021e-1 2.191012e-1 0.000000e+0
    outer loop
      vertex 2.746199e+1 5.462529e+0 9.200000e+0
      vertex 2.716088e+1 6.803445e+0 9.200000e+0
      vertex 2.716088e+1 6.803445e+0 1.270000e+1
    endloop
  endfacet
  facet normal 9.757021e-1 2.191012e-1 0.000000e+0
    outer loop
      vertex 2.746199e+1 5.462529e+0 9.200000e+0
      vertex 2.716088e+1 6.803445e+0 1.270000e+1
      vertex 2.746199e+1 5.462529e+0 1.270000e+1
    endloop
  endfacet
  facet normal 9.637761e-1 2.667128e-1 0.000000e+0
    outer loop
      vertex 2.716088e+1 6.803445e+0 9.200000e+0
      vertex 2.679433e+1 8.127971e+0 9.200000e+0
      vertex 2.679433e+1 8.127971e+0 1.270000e+1
    endloop
  endfacet
  facet normal 9.637761e-1 2.667128e-1 0.000000e+0
    outer loop
      vertex 2.716088e+1 6.803445e+0 9.200000e+0
      vertex 2.679433e+1 8.127971e+0 1.270000e+1
      vertex 2.716088e+1 6.803445e+0 1.270000e+1
    endloop
  endfacet
  facet normal 9.495282e-1 3.136817e-1 0.000000e+0
    outer loop
      vertex 2.679433e+1 8.127971e+0 9.200000e+0
      vertex 2.636323e+1 9.432916e+0 9.200000e+0
      vertex 2.636323e+1 9.432916e+0 1.270000e+1
    endloop
  endfacet
  facet normal 9.495282e-1 3.136817e-1 0.000000e+0
    outer loop
      vertex 2.679433e+1 8.127971e+0 9.200000e+0
      vertex 2.636323e+1 9.432916e+0 1.270000e+1
      vertex 2.679433e+1 8.127971e+0 1.270000e+1
    endloop
  endfacet
  facet normal 9.329928e-1 3.598950e-1 0.000000e+0
    outer loop
      vertex 2.636323e+1 9.432916e+0 9.200000e+0
      vertex 2.586863e+1 1.071514e+1 9.200000e+0
      vertex 2.586863e+1 1.071514e+1 1.270000e+1
    endloop
  endfacet
  facet normal 9.329928e-1 3.598950e-1 0.000000e+0
    outer loop
      vertex 2.636323e+1 9.432916e+0 9.200000e+0
      vertex 2.586863e+1 1.071514e+1 1.270000e+1
      vertex 2.636323e+1 9.432916e+0 1.270000e+1
    endloop
  endfacet
  facet normal 9.142098e-1 4.052413e-1 0.000000e+0
    outer loop
      vertex 2.586863e+1 1.071514e+1 9.200000e+0
      vertex 2.531170e+1 1.197154e+1 9.200000e+0
      vertex 2.531170e+1 1.197154e+1 1.270000e+1
    endloop
  endfacet
  facet normal 9.142098e-1 4.052413e-1 0.000000e+0
    outer loop
      vertex 2.586863e+1 1.071514e+1 9.200000e+0
      vertex 2.531170e+1 1.197154e+1 1.270000e+1
      vertex 2.586863e+1 1.071514e+1 1.270000e+1
    endloop
  endfacet
  facet normal 8.932243e-1 4.496113e-1 0.000000e+0
    outer loop
      vertex 2.531170e+1 1.197154e+1 9.200000e+0
      vertex 2.469380e+1 1.319911e+1 9.200000e+0
      vertex 2.469380e+1 1.319911e+1 1.270000e+1
    endloop
  endfacet
  facet normal 8.932243e-1 4.496113e-1 0.000000e+0
    outer loop
      vertex 2.531170e+1 1.197154e+1 9.200000e+0
      vertex 2.469380e+1 1.319911e+1 1.270000e+1
      vertex 2.531170e+1 1.197154e+1 1.270000e+1
    endloop
  endfacet
  facet normal 8.700870e-1 4.928982e-1 0.000000e+0
    outer loop
      vertex 2.469380e+1 1.319911e+1 9.200000e+0
      vertex 2.401640e+1 1.439488e+1 9.200000e+0
      vertex 2.401640e+1 1.439488e+1 1.270000e+1
    endloop
  endfacet
  facet normal 8.700870e-1 4.928982e-1 0.000000e+0
    outer loop
      vertex 2.469380e+1 1.319911e+1 9.200000e+0
      vertex 2.401640e+1 1.439488e+1 1.270000e+1
      vertex 2.469380e+1 1.319911e+1 1.270000e+1
    endloop
  endfacet
  facet normal 8.448536e-1 5.349976e-1 0.000000e+0
    outer loop
      vertex 2.401640e+1 1.439488e+1 9.200000e+0
      vertex 2.328115e+1 1.555597e+1 9.200000e+0
      vertex 2.328115e+1 1.555597e+1 1.270000e+1
    endloop
  endfacet
  facet normal 8.448536e-1 5.349976e-1 0.000000e+0
    outer loop
      vertex 2.401640e+1 1.439488e+1 9.200000e+0
      vertex 2.328115e+1 1.555597e+1 1.270000e+1
      vertex 2.401640e+1 1.439488e+1 1.270000e+1
    endloop
  endfacet
  facet normal 8.175848e-1 5.758082e-1 0.000000e+0
    outer loop
      vertex 2.328115e+1 1.555597e+1 9.200000e+0
      vertex 2.248981e+1 1.667958e+1 9.200000e+0
      vertex 2.248981e+1 1.667958e+1 1.270000e+1
    endloop
  endfacet
  facet normal 8.175848e-1 5.758082e-1 0.000000e+0
    outer loop
      vertex 2.328115e+1 1.555597e+1 9.200000e+0
      vertex 2.248981e+1 1.667958e+1 1.270000e+1
      vertex 2.328115e+1 1.555597e+1 1.270000e+1
    endloop
  endfacet
  facet normal 7.883464e-1 6.152316e-1 0.000000e+0
    outer loop
      vertex 2.248981e+1 1.667958e+1 9.200000e+0
      vertex 2.164429e+1 1.776301e+1 9.200000e+0
      vertex 2.164429e+1 1.776301e+1 1.270000e+1
    endloop
  endfacet
  facet normal 7.883464e-1 6.152316e-1 0.000000e+0
    outer loop
      vertex 2.248981e+1 1.667958e+1 9.200000e+0
      vertex 2.164429e+1 1.776301e+1 1.270000e+1
      vertex 2.248981e+1 1.667958e+1 1.270000e+1
    endloop
  endfacet
  facet normal 7.572088e-1 6.531728e-1 0.000000e+0
    outer loop
      vertex 2.164429e+1 1.776301e+1 9.200000e+0
      vertex 2.074663e+1 1.880365e+1 9.200000e+0
      vertex 2.074663e+1 1.880365e+1 1.270000e+1
    endloop
  endfacet
  facet normal 7.572088e-1 6.531728e-1 0.000000e+0
    outer loop
      vertex 2.164429e+1 1.776301e+1 9.200000e+0
      vertex 2.074663e+1 1.880365e+1 1.270000e+1
      vertex 2.164429e+1 1.776301e+1 1.270000e+1
    endloop
  endfacet
  facet normal 7.242471e-1 6.895405e-1 0.000000e+0
    outer loop
      vertex 2.074663e+1 1.880365e+1 9.200000e+0
      vertex 1.979899e+1 1.979899e+1 9.200000e+0
      vertex 1.979899e+1 1.979899e+1 1.270000e+1
    endloop
  endfacet
  facet normal 7.242471e-1 6.895405e-1 0.000000e+0
    outer loop
      vertex 2.074663e+1 1.880365e+1 9.200000e+0
      vertex 1.979899e+1 1.979899e+1 1.270000e+1
      vertex 2.074663e+1 1.880365e+1 1.270000e+1
    endloop
  endfacet
  facet normal 6.895405e-1 7.242471e-1 0.000000e+0
    outer loop
      vertex 1.979899e+1 1.979899e+1 9.200000e+0
      vertex 1.880365e+1 2.074663e+1 9.200000e+0
      vertex 1.880365e+1 2.074663e+1 1.270000e+1
    endloop
  endfacet
  facet normal 6.895405e-1 7.242471e-1 0.000000e+0
    outer loop
      vertex 1.979899e+1 1.979899e+1 9.200000e+0
      vertex 1.880365e+1 2.074663e+1 1.270000e+1
      vertex 1.979899e+1 1.979899e+1 1.270000e+1
    endloop
  endfacet
  facet normal 6.531728e-1 7.572088e-1 0.000000e+0
    outer loop
      vertex 1.880365e+1 2.074663e+1 9.200000e+0
      vertex 1.776301e+1 2.164429e+1 9.200000e+0
      vertex 1.776301e+1 2.164429e+1 1.270000e+1
    endloop
  endfacet
  facet normal 6.531728e-1 7.572088e-1 0.000000e+0
    outer loop
      vertex 1.880365e+1 2.074663e+1 9.200000e+0
      vertex 1.776301e+1 2.164429e+1 1.270000e+1
      vertex 1.880365e+1 2.074663e+1 1.270000e+1
    endloop
  endfacet
  facet normal 6.152316e-1 7.883464e-1 0.000000e+0
    outer loop
      vertex 1.776301e+1 2.164429e+1 9.200000e+0
      vertex 1.667958e+1 2.248981e+1 9.200000e+0
      vertex 1.667958e+1 2.248981e+1 1.270000e+1
    endloop
  endfacet
  facet normal 6.152316e-1 7.883464e-1 0.000000e+0
    outer loop
      vertex 1.776301e+1 2.164429e+1 9.200000e+0
      vertex 1.667958e+1 2.248981e+1 1.270000e+1
      vertex 1.776301e+1 2.164429e+1 1.270000e+1
    endloop
  endfacet
  facet normal 5.758082e-1 8.175848e-1 0.000000e+0
    outer loop
      vertex 1.667958e+1 2.248981e+1 9.200000e+0
      vertex 1.555597e+1 2.328115e+1 9.200000e+0
      vertex 1.555597e+1 2.328115e+1 1.270000e+1
    endloop
  endfacet
  facet normal 5.758082e-1 8.175848e-1 0.000000e+0
    outer loop
      vertex 1.667958e+1 2.248981e+1 9.200000e+0
      vertex 1.555597e+1 2.328115e+1 1.270000e+1
      vertex 1.667958e+1 2.248981e+1 1.270000e+1
    endloop
  endfacet
  facet normal 5.349976e-1 8.448536e-1 0.000000e+0
    outer loop
      vertex 1.555597e+1 2.328115e+1 9.200000e+0
      vertex 1.439488e+1 2.401640e+1 9.200000e+0
      vertex 1.439488e+1 2.401640e+1 1.270000e+1
    endloop
  endfacet
  facet normal 5.349976e-1 8.448536e-1 0.000000e+0
    outer loop
      vertex 1.555597e+1 2.328115e+1 9.200000e+0
      vertex 1.439488e+1 2.401640e+1 1.270000e+1
      vertex 1.555597e+1 2.328115e+1 1.270000e+1
    endloop
  endfacet
  facet normal 4.928982e-1 8.700870e-1 0.000000e+0
    outer loop
      vertex 1.439488e+1 2.401640e+1 9.200000e+0
      vertex 1.319911e+1 2.469380e+1 9.200000e+0
      vertex 1.319911e+1 2.469380e+1 1.270000e+1
    endloop
  endfacet
  facet normal 4.928982e-1 8.700870e-1 0.000000e+0
    outer loop
      vertex 1.439488e+1 2.401640e+1 9.200000e+0
      vertex 1.319911e+1 2.469380e+1 1.270000e+1
      vertex 1.439488e+1 2.401640e+1 1.270000e+1
    endloop
  endfacet
  facet normal 4.496113e-1 8.932243e-1 0.000000e+0
    outer loop
      vertex 1.319911e+1 2.469380e+1 9.200000e+0
      vertex 1.197154e+1 2.531170e+1 9.200000e+0
      vertex 1.197154e+1 2.531170e+1 1.270000e+1
    endloop
  endfacet
  facet normal 4.496113e-1 8.932243e-1 0.000000e+0
    outer loop
      vertex 1.319911e+1 2.469380e+1 9.200000e+0
      vertex 1.197154e+1 2.531170e+1 1.270000e+1
      vertex 1.319911e+1 2.469380e+1 1.270000e+1
    endloop
  endfacet
  facet normal 4.052413e-1 9.142098e-1 0.000000e+0
    outer loop
      vertex 1.197154e+1 2.531170e+1 9.200000e+0
      vertex 1.071514e+1 2.586863e+1 9.200000e+0
      vertex 1.071514e+1 2.586863e+1 1.270000e+1
    endloop
  endfacet
  facet normal 4.052413e-1 9.142098e-1 0.000000e+0
    outer loop
      vertex 1.197154e+1 2.531170e+1 9.200000e+0
      vertex 1.071514e+1 2.586863e+1 1.270000e+1
      vertex 1.197154e+1 2.531170e+1 1.270000e+1
    endloop
  endfacet
  facet normal 3.598950e-1 9.329928e-1 0.000000e+0
    outer loop
      vertex 1.071514e+1 2.586863e+1 9.200000e+0
      vertex 9.432916e+0 2.636323e+1 9.200000e+0
      vertex 9.432916e+0 2.636323e+1 1.270000e+1
    endloop
  endfacet
  facet normal 3.598950e-1 9.329928e-1 0.000000e+0
    outer loop
      vertex 1.071514e+1 2.586863e+1 9.200000e+0
      vertex 9.432916e+0 2.636323e+1 1.270000e+1
      vertex 1.071514e+1 2.586863e+1 1.270000e+1
    endloop
  endfacet
  facet normal 3.136817e-1 9.495282e-1 0.000000e+0
    outer loop
      vertex 9.432916e+0 2.636323e+1 9.200000e+0
      vertex 8.127971e+0 2.679433e+1 9.200000e+0
      vertex 8.127971e+0 2.679433e+1 1.270000e+1
    endloop
  endfacet
  facet normal 3.136817e-1 9.495282e-1 0.000000e+0
    outer loop
      vertex 9.432916e+0 2.636323e+1 9.200000e+0
      vertex 8.127971e+0 2.679433e+1 1.270000e+1
      vertex 9.432916e+0 2.636323e+1 1.270000e+1
    endloop
  endfacet
  facet normal 2.667128e-1 9.637761e-1 0.000000e+0
    outer loop
      vertex 8.127971e+0 2.679433e+1 9.200000e+0
      vertex 6.803445e+0 2.716088e+1 9.200000e+0
      vertex 6.803445e+0 2.716088e+1 1.270000e+1
    endloop
  endfacet
  facet normal 2.667128e-1 9.637761e-1 0.000000e+0
    outer loop
      vertex 8.127971e+0 2.679433e+1 9.200000e+0
      vertex 6.803445e+0 2.716088e+1 1.270000e+1
      vertex 8.127971e+0 2.679433e+1 1.270000e+1
    endloop
  endfacet
  facet normal 2.191012e-1 9.757021e-1 0.000000e+0
    outer loop
      vertex 6.803445e+0 2.716088e+1 9.200000e+0
      vertex 5.462529e+0 2.746199e+1 9.200000e+0
      vertex 5.462529e+0 2.746199e+1 1.270000e+1
    endloop
  endfacet
  facet normal 2.191012e-1 9.757021e-1 0.000000e+0
    outer loop
      vertex 6.803445e+0 2.716088e+1 9.200000e+0
      vertex 5.462529e+0 2.746199e+1 1.270000e+1
      vertex 6.803445e+0 2.716088e+1 1.270000e+1
    endloop
  endfacet
  facet normal 1.709619e-1 9.852776e-1 0.000000e+0
    outer loop
      vertex 5.462529e+0 2.746199e+1 9.200000e+0
      vertex 4.108453e+0 2.769694e+1 9.200000e+0
      vertex 4.108453e+0 2.769694e+1 1.270000e+1
    endloop
  endfacet
  facet normal 1.709619e-1 9.852776e-1 0.000000e+0
    outer loop
      vertex 5.462529e+0 2.746199e+1 9.200000e+0
      vertex 4.108453e+0 2.769694e+1 1.270000e+1
      vertex 5.462529e+0 2.746199e+1 1.270000e+1
    endloop
  endfacet
  facet normal 1.224107e-1 9.924795e-1 0.000000e+0
    outer loop
      vertex 4.108453e+0 2.769694e+1 9.200000e+0
      vertex 2.744480e+0 2.786517e+1 9.200000e+0
      vertex 2.744480e+0 2.786517e+1 1.270000e+1
    endloop
  endfacet
  facet normal 1.224107e-1 9.924795e-1 0.000000e+0
    outer loop
      vertex 4.108453e+0 2.769694e+1 9.200000e+0
      vertex 2.744480e+0 2.786517e+1 1.270000e+1
      vertex 4.108453e+0 2.769694e+1 1.270000e+1
    endloop
  endfacet
  facet normal 7.356456e-2 9.972905e-1 0.000000e+0
    outer loop
      vertex 2.744480e+0 2.786517e+1 9.200000e+0
      vertex 1.373895e+0 2.796627e+1 9.200000e+0
      vertex 1.373895e+0 2.796627e+1 1.270000e+1
    endloop
  endfacet
  facet normal 7.356456e-2 9.972905e-1 0.000000e+0
    outer loop
      vertex 2.744480e+0 2.786517e+1 9.200000e+0
      vertex 1.373895e+0 2.796627e+1 1.270000e+1
      vertex 2.744480e+0 2.786517e+1 1.270000e+1
    endloop
  endfacet
  facet normal 2.454123e-2 9.996988e-1 0.000000e+0
    outer loop
      vertex 1.373895e+0 2.796627e+1 9.200000e+0
      vertex 1.714506e-15 2.800000e+1 9.200000e+0
      vertex 1.714506e-15 2.800000e+1 1.270000e+1
    endloop
  endfacet
  facet normal 2.454123e-2 9.996988e-1 0.000000e+0
    outer loop
      vertex 1.373895e+0 2.796627e+1 9.200000e+0
      vertex 1.714506e-15 2.800000e+1 1.270000e+1
      vertex 1.373895e+0 2.796627e+1 1.270000e+1
    endloop
  endfacet
  facet normal -2.454123e-2 9.996988e-1 0.000000e+0
    outer loop
      vertex 1.714506e-15 2.800000e+1 9.200000e+0
      vertex -1.373895e+0 2.796627e+1 9.200000e+0
      vertex -1.373895e+0 2.796627e+1 1.270000e+1
    endloop
  endfacet
  facet normal -2.454123e-2 9.996988e-1 0.000000e+0
    outer loop
      vertex 1.714506e-15 2.800000e+1 9.200000e+0
      vertex -1.373895e+0 2.796627e+1 1.270000e+1
      vertex 1.714506e-15 2.800000e+1 1.270000e+1
    endloop
  endfacet
  facet normal -7.356456e-2 9.972905e-1 0.000000e+0
    outer loop
      vertex -1.373895e+0 2.796627e+1 9.200000e+0
      vertex -2.744480e+0 2.786517e+1 9.200000e+0
      vertex -2.744480e+0 2.786517e+1 1.270000e+1
    endloop
  endfacet
  facet normal -7.356456e-2 9.972905e-1 0.000000e+0
    outer loop
      vertex -1.373895e+0 2.796627e+1 9.200000e+0
      vertex -2.744480e+0 2.786517e+1 1.270000e+1
      vertex -1.373895e+0 2.796627e+1 1.270000e+1
    endloop
  endfacet
  facet normal -1.224107e-1 9.924795e-1 0.000000e+0
    outer loop
      vertex -2.744480e+0 2.786517e+1 9.200000e+0
      vertex -4.108453e+0 2.769694e+1 9.200000e+0
      vertex -4.108453e+0 2.769694e+1 1.270000e+1
    endloop
  endfacet
  facet normal -1.224107e-1 9.924795e-1 0.000000e+0
    outer loop
      vertex -2.744480e+0 2.786517e+1 9.200000e+0
      vertex -4.108453e+0 2.769694e+1 1.270000e+1
      vertex -2.744480e+0 2.786517e+1 1.270000e+1
    endloop
  endfacet
  facet normal -1.709619e-1 9.852776e-1 0.000000e+0
    outer loop
      vertex -4.108453e+0 2.769694e+1 9.200000e+0
      vertex -5.462529e+0 2.746199e+1 9.200000e+0
      vertex -5.462529e+0 2.746199e+1 1.270000e+1
    endloop
  endfacet
  facet normal -1.709619e-1 9.852776e-1 0.000000e+0
    outer loop
      vertex -4.108453e+0 2.769694e+1 9.200000e+0
      vertex -5.462529e+0 2.746199e+1 1.270000e+1
      vertex -4.108453e+0 2.769694e+1 1.270000e+1
    endloop
  endfacet
  facet normal -2.191012e-1 9.757021e-1 0.000000e+0
    outer loop
      vertex -5.462529e+0 2.746199e+1 9.200000e+0
      vertex -6.803445e+0 2.716088e+1 9.200000e+0
      vertex -6.803445e+0 2.716088e+1 1.270000e+1
    endloop
  endfacet
  facet normal -2.191012e-1 9.757021e-1 0.000000e+0
    outer loop
      vertex -5.462529e+0 2.746199e+1 9.200000e+0
      vertex -6.803445e+0 2.716088e+1 1.270000e+1
      vertex -5.462529e+0 2.746199e+1 1.270000e+1
    endloop
  endfacet
  facet normal -2.667128e-1 9.637761e-1 0.000000e+0
    outer loop
      vertex -6.803445e+0 2.716088e+1 9.200000e+0
      vertex -8.127971e+0 2.679433e+1 9.200000e+0
      vertex -8.127971e+0 2.679433e+1 1.270000e+1
    endloop
  endfacet
  facet normal -2.667128e-1 9.637761e-1 0.000000e+0
    outer loop
      vertex -6.803445e+0 2.716088e+1 9.200000e+0
      vertex -8.127971e+0 2.679433e+1 1.270000e+1
      vertex -6.803445e+0 2.716088e+1 1.270000e+1
    endloop
  endfacet
  facet normal -3.136817e-1 9.495282e-1 0.000000e+0
    outer loop
      vertex -8.127971e+0 2.679433e+1 9.200000e+0
      vertex -9.432916e+0 2.636323e+1 9.200000e+0
      vertex -9.432916e+0 2.636323e+1 1.270000e+1
    endloop
  endfacet
  facet normal -3.136817e-1 9.495282e-1 0.000000e+0
    outer loop
      vertex -8.127971e+0 2.679433e+1 9.200000e+0
      vertex -9.432916e+0 2.636323e+1 1.270000e+1
      vertex -8.127971e+0 2.679433e+1 1.270000e+1
    endloop
  endfacet
  facet normal -3.598950e-1 9.329928e-1 0.000000e+0
    outer loop
      vertex -9.432916e+0 2.636323e+1 9.200000e+0
      vertex -1.071514e+1 2.586863e+1 9.200000e+0
      vertex -1.071514e+1 2.586863e+1 1.270000e+1
    endloop
  endfacet
  facet normal -3.598950e-1 9.329928e-1 0.000000e+0
    outer loop
      vertex -9.432916e+0 2.636323e+1 9.200000e+0
      vertex -1.071514e+1 2.586863e+1 1.270000e+1
      vertex -9.432916e+0 2.636323e+1 1.270000e+1
    endloop
  endfacet
  facet normal -4.052413e-1 9.142098e-1 0.000000e+0
    outer loop
      vertex -1.071514e+1 2.586863e+1 9.200000e+0
      vertex -1.197154e+1 2.531170e+1 9.200000e+0
      vertex -1.197154e+1 2.531170e+1 1.270000e+1
    endloop
  endfacet
  facet normal -4.052413e-1 9.142098e-1 0.000000e+0
    outer loop
      vertex -1.071514e+1 2.586863e+1 9.200000e+0
      vertex -1.197154e+1 2.531170e+1 1.270000e+1
      vertex -1.071514e+1 2.586863e+1 1.270000e+1
    endloop
  endfacet
  facet normal -4.496113e-1 8.932243e-1 0.000000e+0
    outer loop
      vertex -1.197154e+1 2.531170e+1 9.200000e+0
      vertex -1.319911e+1 2.469380e+1 9.200000e+0
      vertex -1.319911e+1 2.469380e+1 1.270000e+1
    endloop
  endfacet
  facet normal -4.496113e-1 8.932243e-1 0.000000e+0
    outer loop
      vertex -1.197154e+1 2.531170e+1 9.200000e+0
      vertex -1.319911e+1 2.469380e+1 1.270000e+1
      vertex -1.197154e+1 2.531170e+1 1.270000e+1
    endloop
  endfacet
  facet normal -4.928982e-1 8.700870e-1 0.000000e+0
    outer loop
      vertex -1.319911e+1 2.469380e+1 9.200000e+0
      vertex -1.439488e+1 2.401640e+1 9.200000e+0
      vertex -1.439488e+1 2.401640e+1 1.270000e+1
    endloop
  endfacet
  facet normal -4.928982e-1 8.700870e-1 0.000000e+0
    outer loop
      vertex -1.319911e+1 2.469380e+1 9.200000e+0
      vertex -1.439488e+1 2.401640e+1 1.270000e+1
      vertex -1.319911e+1 2.469380e+1 1.270000e+1
    endloop
  endfacet
  facet normal -5.349976e-1 8.448536e-1 0.000000e+0
    outer loop
      vertex -1.439488e+1 2.401640e+1 9.200000e+0
      vertex -1.555597e+1 2.328115e+1 9.200000e+0
      vertex -1.555597e+1 2.328115e+1 1.270000e+1
    endloop
  endfacet
  facet normal -5.349976e-1 8.448536e-1 0.000000e+0
    outer loop
      vertex -1.439488e+1 2.401640e+1 9.200000e+0
      vertex -1.555597e+1 2.328115e+1 1.270000e+1
      vertex -1.439488e+1 2.401640e+1 1.270000e+1
    endloop
  endfacet
  facet normal -5.758082e-1 8.175848e-1 0.000000e+0
    outer loop
      vertex -1.555597e+1 2.328115e+1 9.200000e+0
      vertex -1.667958e+1 2.248981e+1 9.200000e+0
      vertex -1.667958e+1 2.248981e+1 1.270000e+1
    endloop
  endfacet
  facet normal -5.758082e-1 8.175848e-1 0.000000e+0
    outer loop
      vertex -1.555597e+1 2.328115e+1 9.200000e+0
      vertex -1.667958e+1 2.248981e+1 1.270000e+1
      vertex -1.555597e+1 2.328115e+1 1.270000e+1
    endloop
  endfacet
  facet normal -6.152316e-1 7.883464e-1 0.000000e+0
    outer loop
      vertex -1.667958e+1 2.248981e+1 9.200000e+0
      vertex -1.776301e+1 2.164429e+1 9.200000e+0
      vertex -1.776301e+1 2.164429e+1 1.270000e+1
    endloop
  endfacet
  facet normal -6.152316e-1 7.883464e-1 0.000000e+0
    outer loop
      vertex -1.667958e+1 2.248981e+1 9.200000e+0
      vertex -1.776301e+1 2.164429e+1 1.270000e+1
      vertex -1.667958e+1 2.248981e+1 1.270000e+1
    endloop
  endfacet
  facet normal -6.531728e-1 7.572088e-1 0.000000e+0
    outer loop
      vertex -1.776301e+1 2.164429e+1 9.200000e+0
      vertex -1.880365e+1 2.074663e+1 9.200000e+0
      vertex -1.880365e+1 2.074663e+1 1.270000e+1
    endloop
  endfacet
  facet normal -6.531728e-1 7.572088e-1 0.000000e+0
    outer loop
      vertex -1.776301e+1 2.164429e+1 9.200000e+0
      vertex -1.880365e+1 2.074663e+1 1.270000e+1
      vertex -1.776301e+1 2.164429e+1 1.270000e+1
    endloop
  endfacet
  facet normal -6.895405e-1 7.242471e-1 0.000000e+0
    outer loop
      vertex -1.880365e+1 2.074663e+1 9.200000e+0
      vertex -1.979899e+1 1.979899e+1 9.200000e+0
      vertex -1.979899e+1 1.979899e+1 1.270000e+1
    endloop
  endfacet
  facet normal -6.895405e-1 7.242471e-1 0.000000e+0
    outer loop
      vertex -1.880365e+1 2.074663e+1 9.200000e+0
      vertex -1.979899e+1 1.979899e+1 1.270000e+1
      vertex -1.880365e+1 2.074663e+1 1.270000e+1
    endloop
  endfacet
  facet normal -7.242471e-1 6.895405e-1 0.000000e+0
    outer loop
      vertex -1.979899e+1 1.979899e+1 9.200000e+0
      vertex -2.074663e+1 1.880365e+1 9.200000e+0
      vertex -2.074663e+1 1.880365e+1 1.270000e+1
    endloop
  endfacet
  facet normal -7.242471e-1 6.895405e-1 0.000000e+0
    outer loop
      vertex -1.979899e+1 1.979899e+1 9.200000e+0
      vertex -2.074663e+1 1.880365e+1 1.270000e+1
      vertex -1.979899e+1 1.979899e+1 1.270000e+1
    endloop
  endfacet
  facet normal -7.572088e-1 6.531728e-1 0.000000e+0
    outer loop
      vertex -2.074663e+1 1.880365e+1 9.200000e+0
      vertex -2.164429e+1 1.776301e+1 9.200000e+0
      vertex -2.164429e+1 1.776301e+1 1.270000e+1
    endloop
  endfacet
  facet normal -7.572088e-1 6.531728e-1 0.000000e+0
    outer loop
      vertex -2.074663e+1 1.880365e+1 9.200000e+0
      vertex -2.164429e+1 1.776301e+1 1.270000e+1
      vertex -2.074663e+1 1.880365e+1 1.270000e+1
    endloop
  endfacet
  facet normal -7.883464e-1 6.152316e-1 0.000000e+0
    outer loop
      vertex -2.164429e+1 1.776301e+1 9.200000e+0
      vertex -2.248981e+1 1.667958e+1 9.200000e+0
      vertex -2.248981e+1 1.667958e+1 1.270000e+1
    endloop
  endfacet
  facet normal -7.883464e-1 6.152316e-1 0.000000e+0
    outer loop
      vertex -2.164429e+1 1.776301e+1 9.200000e+0
      vertex -2.248981e+1 1.667958e+1 1.270000e+1
      vertex -2.164429e+1 1.776301e+1 1.270000e+1
    endloop
  endfacet
  facet normal -8.175848e-1 5.758082e-1 0.000000e+0
    outer loop
      vertex -2.248981e+1 1.667958e+1 9.200000e+0
      vertex -2.328115e+1 1.555597e+1 9.200000e+0
      vertex -2.328115e+1 1.555597e+1 1.270000e+1
    endloop
  endfacet
  facet normal -8.175848e-1 5.758082e-1 0.000000e+0
    outer loop
      vertex -2.248981e+1 1.667958e+1 9.200000e+0
      vertex -2.328115e+1 1.555597e+1 1.270000e+1
      vertex -2.248981e+1 1.667958e+1 1.270000e+1
    endloop
  endfacet
  facet normal -8.448536e-1 5.349976e-1 0.000000e+0
    outer loop
      vertex -2.328115e+1 1.555597e+1 9.200000e+0
      vertex -2.401640e+1 1.439488e+1 9.200000e+0
      vertex -2.401640e+1 1.439488e+1 1.270000e+1
    endloop
  endfacet
  facet normal -8.448536e-1 5.349976e-1 0.000000e+0
    outer loop
      vertex -2.328115e+1 1.555597e+1 9.200000e+0
      vertex -2.401640e+1 1.439488e+1 1.270000e+1
      vertex -2.328115e+1 1.555597e+1 1.270000e+1
    endloop
  endfacet
  facet normal -8.700870e-1 4.928982e-1 0.000000e+0
    outer loop
      vertex -2.401640e+1 1.439488e+1 9.200000e+0
      vertex -2.469380e+1 1.319911e+1 9.200000e+0
      vertex -2.469380e+1 1.319911e+1 1.270000e+1
    endloop
  endfacet
  facet normal -8.700870e-1 4.928982e-1 0.000000e+0
    outer loop
      vertex -2.401640e+1 1.439488e+1 9.200000e+0
      vertex -2.469380e+1 1.319911e+1 1.270000e+1
      vertex -2.401640e+1 1.439488e+1 1.270000e+1
    endloop
  endfacet
  facet normal -8.932243e-1 4.496113e-1 0.000000e+0
    outer loop
      vertex -2.469380e+1 1.319911e+1 9.200000e+0
      vertex -2.531170e+1 1.197154e+1 9.200000e+0
      vertex -2.531170e+1 1.197154e+1 1.270000e+1
    endloop
  endfacet
  facet normal -8.932243e-1 4.496113e-1 0.000000e+0
    outer loop
      vertex -2.469380e+1 1.319911e+1 9.200000e+0
      vertex -2.531170e+1 1.197154e+1 1.270000e+1
      vertex -2.469380e+1 1.319911e+1 1.270000e+1
    endloop
  endfacet
  facet normal -9.142098e-1 4.052413e-1 0.000000e+0
    outer loop
      vertex -2.531170e+1 1.197154e+1 9.200000e+0
      vertex -2.586863e+1 1.071514e+1 9.200000e+0
      vertex -2.586863e+1 1.071514e+1 1.270000e+1
    endloop
  endfacet
  facet normal -9.142098e-1 4.052413e-1 0.000000e+0
    outer loop
      vertex -2.531170e+1 1.197154e+1 9.200000e+0
      vertex -2.586863e+1 1.071514e+1 1.270000e+1
      vertex -2.531170e+1 1.197154e+1 1.270000e+1
    endloop
  endfacet
  facet normal -9.329928e-1 3.598950e-1 0.000000e+0
    outer loop
      vertex -2.586863e+1 1.071514e+1 9.200000e+0
      vertex -2.636323e+1 9.432916e+0 9.200000e+0
      vertex -2.636323e+1 9.432916e+0 1.270000e+1
    endloop
  endfacet
  facet normal -9.329928e-1 3.598950e-1 0.000000e+0
    outer loop
      vertex -2.586863e+1 1.071514e+1 9.200000e+0
      vertex -2.636323e+1 9.432916e+0 1.270000e+1
      vertex -2.586863e+1 1.071514e+1 1.270000e+1
    endloop
  endfacet
  facet normal -9.495282e-1 3.136817e-1 0.000000e+0
    outer loop
      vertex -2.636323e+1 9.432916e+0 9.200000e+0
      vertex -2.679433e+1 8.127971e+0 9.200000e+0
      vertex -2.679433e+1 8.127971e+0 1.270000e+1
    endloop
  endfacet
  facet normal -9.495282e-1 3.136817e-1 0.000000e+0
    outer loop
      vertex -2.636323e+1 9.432916e+0 9.200000e+0
      vertex -2.679433e+1 8.127971e+0 1.270000e+1
      vertex -2.636323e+1 9.432916e+0 1.270000e+1
    endloop
  endfacet
  facet normal -9.637761e-1 2.667128e-1 0.000000e+0
    outer loop
      vertex -2.679433e+1 8.127971e+0 9.200000e+0
      vertex -2.716088e+1 6.803445e+0 9.200000e+0
      vertex -2.716088e+1 6.803445e+0 1.270000e+1
    endloop
  endfacet
  facet normal -9.637761e-1 2.667128e-1 0.000000e+0
    outer loop
      vertex -2.679433e+1 8.127971e+0 9.200000e+0
      vertex -2.716088e+1 6.803445e+0 1.270000e+1
      vertex -2.679433e+1 8.127971e+0 1.270000e+1
    endloop
  endfacet
  facet normal -9.757021e-1 2.191012e-1 0.000000e+0
    outer loop
      vertex -2.716088e+1 6.803445e+0 9.200000e+0
      vertex -2.746199e+1 5.462529e+0 9.200000e+0
      vertex -2.746199e+1 5.462529e+0 1.270000e+1
    endloop
  endfacet
  facet normal -9.757021e-1 2.191012e-1 0.000000e+0
    outer loop
      vertex -2.716088e+1 6.803445e+0 9.200000e+0
      vertex -2.746199e+1 5.462529e+0 1.270000e+1
      vertex -2.716088e+1 6.803445e+0 1.270000e+1
    endloop
  endfacet
  facet normal -9.852776e-1 1.709619e-1 0.000000e+0
    outer loop
      vertex -2.746199e+1 5.462529e+0 9.200000e+0
      vertex -2.769694e+1 4.108453e+0 9.200000e+0
      vertex -2.769694e+1 4.108453e+0 1.270000e+1
    endloop
  endfacet
  facet normal -9.852776e-1 1.709619e-1 0.000000e+0
    outer loop
      vertex -2.746199e+1 5.462529e+0 9.200000e+0
      vertex -2.769694e+1 4.108453e+0 1.270000e+1
      vertex -2.746199e+1 5.462529e+0 1.270000e+1
    endloop
  endfacet
  facet normal -9.924795e-1 1.224107e-1 0.000000e+0
    outer loop
      vertex -2.769694e+1 4.108453e+0 9.200000e+0
      vertex -2.786517e+1 2.744480e+0 9.200000e+0
      vertex -2.786517e+1 2.744480e+0 1.270000e+1
    endloop
  endfacet
  facet normal -9.924795e-1 1.224107e-1 0.000000e+0
    outer loop
      vertex -2.769694e+1 4.108453e+0 9.200000e+0
      vertex -2.786517e+1 2.744480e+0 1.270000e+1
      vertex -2.769694e+1 4.108453e+0 1.270000e+1
    endloop
  endfacet
  facet normal -9.972905e-1 7.356456e-2 0.000000e+0
    outer loop
      vertex -2.786517e+1 2.744480e+0 9.200000e+0
      vertex -2.796627e+1 1.373895e+0 9.200000e+0
      vertex -2.796627e+1 1.373895e+0 1.270000e+1
    endloop
  endfacet
  facet normal -9.972905e-1 7.356456e-2 0.000000e+0
    outer loop
      vertex -2.786517e+1 2.744480e+0 9.200000e+0
      vertex -2.796627e+1 1.373895e+0 1.270000e+1
      vertex -2.786517e+1 2.744480e+0 1.270000e+1
    endloop
  endfacet
  facet normal -9.996988e-1 2.454123e-2 0.000000e+0
    outer loop
      vertex -2.796627e+1 1.373895e+0 9.200000e+0
      vertex -2.800000e+1 3.429011e-15 9.200000e+0
      vertex -2.800000e+1 3.429011e-15 1.270000e+1
    endloop
  endfacet
  facet normal -9.996988e-1 2.454123e-2 0.000000e+0
    outer loop
      vertex -2.796627e+1 1.373895e+0 9.200000e+0
      vertex -2.800000e+1 3.429011e-15 1.270000e+1
      vertex -2.796627e+1 1.373895e+0 1.270000e+1
    endloop
  endfacet
  facet normal -9.996988e-1 -2.454123e-2 0.000000e+0
    outer loop
      vertex -2.800000e+1 3.429011e-15 9.200000e+0
      vertex -2.796627e+1 -1.373895e+0 9.200000e+0
      vertex -2.796627e+1 -1.373895e+0 1.270000e+1
    endloop
  endfacet
  facet normal -9.996988e-1 -2.454123e-2 0.000000e+0
    outer loop
      vertex -2.800000e+1 3.429011e-15 9.200000e+0
      vertex -2.796627e+1 -1.373895e+0 1.270000e+1
      vertex -2.800000e+1 3.429011e-15 1.270000e+1
    endloop
  endfacet
  facet normal -9.972905e-1 -7.356456e-2 0.000000e+0
    outer loop
      vertex -2.796627e+1 -1.373895e+0 9.200000e+0
      vertex -2.786517e+1 -2.744480e+0 9.200000e+0
      vertex -2.786517e+1 -2.744480e+0 1.270000e+1
    endloop
  endfacet
  facet normal -9.972905e-1 -7.356456e-2 0.000000e+0
    outer loop
      vertex -2.796627e+1 -1.373895e+0 9.200000e+0
      vertex -2.786517e+1 -2.744480e+0 1.270000e+1
      vertex -2.796627e+1 -1.373895e+0 1.270000e+1
    endloop
  endfacet
  facet normal -9.924795e-1 -1.224107e-1 0.000000e+0
    outer loop
      vertex -2.786517e+1 -2.744480e+0 9.200000e+0
      vertex -2.769694e+1 -4.108453e+0 9.200000e+0
      vertex -2.769694e+1 -4.108453e+0 1.270000e+1
    endloop
  endfacet
  facet normal -9.924795e-1 -1.224107e-1 0.000000e+0
    outer loop
      vertex -2.786517e+1 -2.744480e+0 9.200000e+0
      vertex -2.769694e+1 -4.108453e+0 1.270000e+1
      vertex -2.786517e+1 -2.744480e+0 1.270000e+1
    endloop
  endfacet
  facet normal -9.852776e-1 -1.709619e-1 0.000000e+0
    outer loop
      vertex -2.769694e+1 -4.108453e+0 9.200000e+0
      vertex -2.746199e+1 -5.462529e+0 9.200000e+0
      vertex -2.746199e+1 -5.462529e+0 1.270000e+1
    endloop
  endfacet
  facet normal -9.852776e-1 -1.709619e-1 0.000000e+0
    outer loop
      vertex -2.769694e+1 -4.108453e+0 9.200000e+0
      vertex -2.746199e+1 -5.462529e+0 1.270000e+1
      vertex -2.769694e+1 -4.108453e+0 1.270000e+1
    endloop
  endfacet
  facet normal -9.757021e-1 -2.191012e-1 0.000000e+0
    outer loop
      vertex -2.746199e+1 -5.462529e+0 9.200000e+0
      vertex -2.716088e+1 -6.803445e+0 9.200000e+0
      vertex -2.716088e+1 -6.803445e+0 1.270000e+1
    endloop
  endfacet
  facet normal -9.757021e-1 -2.191012e-1 0.000000e+0
    outer loop
      vertex -2.746199e+1 -5.462529e+0 9.200000e+0
      vertex -2.716088e+1 -6.803445e+0 1.270000e+1
      vertex -2.746199e+1 -5.462529e+0 1.270000e+1
    endloop
  endfacet
  facet normal -9.637761e-1 -2.667128e-1 0.000000e+0
    outer loop
      vertex -2.716088e+1 -6.803445e+0 9.200000e+0
      vertex -2.679433e+1 -8.127971e+0 9.200000e+0
      vertex -2.679433e+1 -8.127971e+0 1.270000e+1
    endloop
  endfacet
  facet normal -9.637761e-1 -2.667128e-1 0.000000e+0
    outer loop
      vertex -2.716088e+1 -6.803445e+0 9.200000e+0
      vertex -2.679433e+1 -8.127971e+0 1.270000e+1
      vertex -2.716088e+1 -6.803445e+0 1.270000e+1
    endloop
  endfacet
  facet normal -9.495282e-1 -3.136817e-1 0.000000e+0
    outer loop
      vertex -2.679433e+1 -8.127971e+0 9.200000e+0
      vertex -2.636323e+1 -9.432916e+0 9.200000e+0
      vertex -2.636323e+1 -9.432916e+0 1.270000e+1
    endloop
  endfacet
  facet normal -9.495282e-1 -3.136817e-1 0.000000e+0
    outer loop
      vertex -2.679433e+1 -8.127971e+0 9.200000e+0
      vertex -2.636323e+1 -9.432916e+0 1.270000e+1
      vertex -2.679433e+1 -8.127971e+0 1.270000e+1
    endloop
  endfacet
  facet normal -9.329928e-1 -3.598950e-1 0.000000e+0
    outer loop
      vertex -2.636323e+1 -9.432916e+0 9.200000e+0
      vertex -2.586863e+1 -1.071514e+1 9.200000e+0
      vertex -2.586863e+1 -1.071514e+1 1.270000e+1
    endloop
  endfacet
  facet normal -9.329928e-1 -3.598950e-1 0.000000e+0
    outer loop
      vertex -2.636323e+1 -9.432916e+0 9.200000e+0
      vertex -2.586863e+1 -1.071514e+1 1.270000e+1
      vertex -2.636323e+1 -9.432916e+0 1.270000e+1
    endloop
  endfacet
  facet normal -9.142098e-1 -4.052413e-1 0.000000e+0
    outer loop
      vertex -2.586863e+1 -1.071514e+1 9.200000e+0
      vertex -2.531170e+1 -1.197154e+1 9.200000e+0
      vertex -2.531170e+1 -1.197154e+1 1.270000e+1
    endloop
  endfacet
  facet normal -9.142098e-1 -4.052413e-1 0.000000e+0
    outer loop
      vertex -2.586863e+1 -1.071514e+1 9.200000e+0
      vertex -2.531170e+1 -1.197154e+1 1.270000e+1
      vertex -2.586863e+1 -1.071514e+1 1.270000e+1
    endloop
  endfacet
  facet normal -8.932243e-1 -4.496113e-1 0.000000e+0
    outer loop
      vertex -2.531170e+1 -1.197154e+1 9.200000e+0
      vertex -2.469380e+1 -1.319911e+1 9.200000e+0
      vertex -2.469380e+1 -1.319911e+1 1.270000e+1
    endloop
  endfacet
  facet normal -8.932243e-1 -4.496113e-1 0.000000e+0
    outer loop
      vertex -2.531170e+1 -1.197154e+1 9.200000e+0
      vertex -2.469380e+1 -1.319911e+1 1.270000e+1
      vertex -2.531170e+1 -1.197154e+1 1.270000e+1
    endloop
  endfacet
  facet normal -8.700870e-1 -4.928982e-1 0.000000e+0
    outer loop
      vertex -2.469380e+1 -1.319911e+1 9.200000e+0
      vertex -2.401640e+1 -1.439488e+1 9.200000e+0
      vertex -2.401640e+1 -1.439488e+1 1.270000e+1
    endloop
  endfacet
  facet normal -8.700870e-1 -4.928982e-1 0.000000e+0
    outer loop
      vertex -2.469380e+1 -1.319911e+1 9.200000e+0
      vertex -2.401640e+1 -1.439488e+1 1.270000e+1
      vertex -2.469380e+1 -1.319911e+1 1.270000e+1
    endloop
  endfacet
  facet normal -8.448536e-1 -5.349976e-1 0.000000e+0
    outer loop
      vertex -2.401640e+1 -1.439488e+1 9.200000e+0
      vertex -2.328115e+1 -1.555597e+1 9.200000e+0
      vertex -2.328115e+1 -1.555597e+1 1.270000e+1
    endloop
  endfacet
  facet normal -8.448536e-1 -5.349976e-1 0.000000e+0
    outer loop
      vertex -2.401640e+1 -1.439488e+1 9.200000e+0
      vertex -2.328115e+1 -1.555597e+1 1.270000e+1
      vertex -2.401640e+1 -1.439488e+1 1.270000e+1
    endloop
  endfacet
  facet normal -8.175848e-1 -5.758082e-1 0.000000e+0
    outer loop
      vertex -2.328115e+1 -1.555597e+1 9.200000e+0
      vertex -2.248981e+1 -1.667958e+1 9.200000e+0
      vertex -2.248981e+1 -1.667958e+1 1.270000e+1
    endloop
  endfacet
  facet normal -8.175848e-1 -5.758082e-1 0.000000e+0
    outer loop
      vertex -2.328115e+1 -1.555597e+1 9.200000e+0
      vertex -2.248981e+1 -1.667958e+1 1.270000e+1
      vertex -2.328115e+1 -1.555597e+1 1.270000e+1
    endloop
  endfacet
  facet normal -7.883464e-1 -6.152316e-1 0.000000e+0
    outer loop
      vertex -2.248981e+1 -1.667958e+1 9.200000e+0
      vertex -2.164429e+1 -1.776301e+1 9.200000e+0
      vertex -2.164429e+1 -1.776301e+1 1.270000e+1
    endloop
  endfacet
  facet normal -7.883464e-1 -6.152316e-1 0.000000e+0
    outer loop
      vertex -2.248981e+1 -1.667958e+1 9.200000e+0
      vertex -2.164429e+1 -1.776301e+1 1.270000e+1
      vertex -2.248981e+1 -1.667958e+1 1.270000e+1
    endloop
  endfacet
  facet normal -7.572088e-1 -6.531728e-1 0.000000e+0
    outer loop
      vertex -2.164429e+1 -1.776301e+1 9.200000e+0
      vertex -2.074663e+1 -1.880365e+1 9.200000e+0
      vertex -2.074663e+1 -1.880365e+1 1.270000e+1
    endloop
  endfacet
  facet normal -7.572088e-1 -6.531728e-1 0.000000e+0
    outer loop
      vertex -2.164429e+1 -1.776301e+1 9.200000e+0
      vertex -2.074663e+1 -1.880365e+1 1.270000e+1
      vertex -2.164429e+1 -1.776301e+1 1.270000e+1
    endloop
  endfacet
  facet normal -7.242471e-1 -6.895405e-1 0.000000e+0
    outer loop
      vertex -2.074663e+1 -1.880365e+1 9.200000e+0
      vertex -1.979899e+1 -1.979899e+1 9.200000e+0
      vertex -1.979899e+1 -1.979899e+1 1.270000e+1
    endloop
  endfacet
  facet normal -7.242471e-1 -6.895405e-1 0.000000e+0
    outer loop
      vertex -2.074663e+1 -1.880365e+1 9.200000e+0
      vertex -1.979899e+1 -1.979899e+1 1.270000e+1
      vertex -2.074663e+1 -1.880365e+1 1.270000e+1
    endloop
  endfacet
  facet normal -6.895405e-1 -7.242471e-1 0.000000e+0
    outer loop
      vertex -1.979899e+1 -1.979899e+1 9.200000e+0
      vertex -1.880365e+1 -2.074663e+1 9.200000e+0
      vertex -1.880365e+1 -2.074663e+1 1.270000e+1
    endloop
  endfacet
  facet normal -6.895405e-1 -7.242471e-1 0.000000e+0
    outer loop
      vertex -1.979899e+1 -1.979899e+1 9.200000e+0
      vertex -1.880365e+1 -2.074663e+1 1.270000e+1
      vertex -1.979899e+1 -1.979899e+1 1.270000e+1
    endloop
  endfacet
  facet normal -6.531728e-1 -7.572088e-1 0.000000e+0
    outer loop
      vertex -1.880365e+1 -2.074663e+1 9.200000e+0
      vertex -1.776301e+1 -2.164429e+1 9.200000e+0
      vertex -1.776301e+1 -2.164429e+1 1.270000e+1
    endloop
  endfacet
  facet normal -6.531728e-1 -7.572088e-1 0.000000e+0
    outer loop
      vertex -1.880365e+1 -2.074663e+1 9.200000e+0
      vertex -1.776301e+1 -2.164429e+1 1.270000e+1
      vertex -1.880365e+1 -2.074663e+1 1.270000e+1
    endloop
  endfacet
  facet normal -6.152316e-1 -7.883464e-1 0.000000e+0
    outer loop
      vertex -1.776301e+1 -2.164429e+1 9.200000e+0
      vertex -1.667958e+1 -2.248981e+1 9.200000e+0
      vertex -1.667958e+1 -2.248981e+1 1.270000e+1
    endloop
  endfacet
  facet normal -6.152316e-1 -7.883464e-1 0.000000e+0
    outer loop
      vertex -1.776301e+1 -2.164429e+1 9.200000e+0
      vertex -1.667958e+1 -2.248981e+1 1.270000e+1
      vertex -1.776301e+1 -2.164429e+1 1.270000e+1
    endloop
  endfacet
  facet normal -5.758082e-1 -8.175848e-1 0.000000e+0
    outer loop
      vertex -1.667958e+1 -2.248981e+1 9.200000e+0
      vertex -1.555597e+1 -2.328115e+1 9.200000e+0
      vertex -1.555597e+1 -2.328115e+1 1.270000e+1
    endloop
  endfacet
  facet normal -5.758082e-1 -8.175848e-1 0.000000e+0
    outer loop
      vertex -1.667958e+1 -2.248981e+1 9.200000e+0
      vertex -1.555597e+1 -2.328115e+1 1.270000e+1
      vertex -1.667958e+1 -2.248981e+1 1.270000e+1
    endloop
  endfacet
  facet normal -5.349976e-1 -8.448536e-1 0.000000e+0
    outer loop
      vertex -1.555597e+1 -2.328115e+1 9.200000e+0
      vertex -1.439488e+1 -2.401640e+1 9.200000e+0
      vertex -1.439488e+1 -2.401640e+1 1.270000e+1
    endloop
  endfacet
  facet normal -5.349976e-1 -8.448536e-1 0.000000e+0
    outer loop
      vertex -1.555597e+1 -2.328115e+1 9.200000e+0
      vertex -1.439488e+1 -2.401640e+1 1.270000e+1
      vertex -1.555597e+1 -2.328115e+1 1.270000e+1
    endloop
  endfacet
  facet normal -4.928982e-1 -8.700870e-1 0.000000e+0
    outer loop
      vertex -1.439488e+1 -2.401640e+1 9.200000e+0
      vertex -1.319911e+1 -2.469380e+1 9.200000e+0
      vertex -1.319911e+1 -2.469380e+1 1.270000e+1
    endloop
  endfacet
  facet normal -4.928982e-1 -8.700870e-1 0.000000e+0
    outer loop
      vertex -1.439488e+1 -2.401640e+1 9.200000e+0
      vertex -1.319911e+1 -2.469380e+1 1.270000e+1
      vertex -1.439488e+1 -2.401640e+1 1.270000e+1
    endloop
  endfacet
  facet normal -4.496113e-1 -8.932243e-1 0.000000e+0
    outer loop
      vertex -1.319911e+1 -2.469380e+1 9.200000e+0
      vertex -1.197154e+1 -2.531170e+1 9.200000e+0
      vertex -1.197154e+1 -2.531170e+1 1.270000e+1
    endloop
  endfacet
  facet normal -4.496113e-1 -8.932243e-1 0.000000e+0
    outer loop
      vertex -1.319911e+1 -2.469380e+1 9.200000e+0
      vertex -1.197154e+1 -2.531170e+1 1.270000e+1
      vertex -1.319911e+1 -2.469380e+1 1.270000e+1
    endloop
  endfacet
  facet normal -4.052413e-1 -9.142098e-1 0.000000e+0
    outer loop
      vertex -1.197154e+1 -2.531170e+1 9.200000e+0
      vertex -1.071514e+1 -2.586863e+1 9.200000e+0
      vertex -1.071514e+1 -2.586863e+1 1.270000e+1
    endloop
  endfacet
  facet normal -4.052413e-1 -9.142098e-1 0.000000e+0
    outer loop
      vertex -1.197154e+1 -2.531170e+1 9.200000e+0
      vertex -1.071514e+1 -2.586863e+1 1.270000e+1
      vertex -1.197154e+1 -2.531170e+1 1.270000e+1
    endloop
  endfacet
  facet normal -3.598950e-1 -9.329928e-1 0.000000e+0
    outer loop
      vertex -1.071514e+1 -2.586863e+1 9.200000e+0
      vertex -9.432916e+0 -2.636323e+1 9.200000e+0
      vertex -9.432916e+0 -2.636323e+1 1.270000e+1
    endloop
  endfacet
  facet normal -3.598950e-1 -9.329928e-1 0.000000e+0
    outer loop
      vertex -1.071514e+1 -2.586863e+1 9.200000e+0
      vertex -9.432916e+0 -2.636323e+1 1.270000e+1
      vertex -1.071514e+1 -2.586863e+1 1.270000e+1
    endloop
  endfacet
  facet normal -3.136817e-1 -9.495282e-1 0.000000e+0
    outer loop
      vertex -9.432916e+0 -2.636323e+1 9.200000e+0
      vertex -8.127971e+0 -2.679433e+1 9.200000e+0
      vertex -8.127971e+0 -2.679433e+1 1.270000e+1
    endloop
  endfacet
  facet normal -3.136817e-1 -9.495282e-1 0.000000e+0
    outer loop
      vertex -9.432916e+0 -2.636323e+1 9.200000e+0
      vertex -8.127971e+0 -2.679433e+1 1.270000e+1
      vertex -9.432916e+0 -2.636323e+1 1.270000e+1
    endloop
  endfacet
  facet normal -2.667128e-1 -9.637761e-1 0.000000e+0
    outer loop
      vertex -8.127971e+0 -2.679433e+1 9.200000e+0
      vertex -6.803445e+0 -2.716088e+1 9.200000e+0
      vertex -6.803445e+0 -2.716088e+1 1.270000e+1
    endloop
  endfacet
  facet normal -2.667128e-1 -9.637761e-1 0.000000e+0
    outer loop
      vertex -8.127971e+0 -2.679433e+1 9.200000e+0
      vertex -6.803445e+0 -2.716088e+1 1.270000e+1
      vertex -8.127971e+0 -2.679433e+1 1.270000e+1
    endloop
  endfacet
  facet normal -2.191012e-1 -9.757021e-1 0.000000e+0
    outer loop
      vertex -6.803445e+0 -2.716088e+1 9.200000e+0
      vertex -5.462529e+0 -2.746199e+1 9.200000e+0
      vertex -5.462529e+0 -2.746199e+1 1.270000e+1
    endloop
  endfacet
  facet normal -2.191012e-1 -9.757021e-1 0.000000e+0
    outer loop
      vertex -6.803445e+0 -2.716088e+1 9.200000e+0
      vertex -5.462529e+0 -2.746199e+1 1.270000e+1
      vertex -6.803445e+0 -2.716088e+1 1.270000e+1
    endloop
  endfacet
  facet normal -1.709619e-1 -9.852776e-1 0.000000e+0
    outer loop
      vertex -5.462529e+0 -2.746199e+1 9.200000e+0
      vertex -4.108453e+0 -2.769694e+1 9.200000e+0
      vertex -4.108453e+0 -2.769694e+1 1.270000e+1
    endloop
  endfacet
  facet normal -1.709619e-1 -9.852776e-1 0.000000e+0
    outer loop
      vertex -5.462529e+0 -2.746199e+1 9.200000e+0
      vertex -4.108453e+0 -2.769694e+1 1.270000e+1
      vertex -5.462529e+0 -2.746199e+1 1.270000e+1
    endloop
  endfacet
  facet normal -1.224107e-1 -9.924795e-1 0.000000e+0
    outer loop
      vertex -4.108453e+0 -2.769694e+1 9.200000e+0
      vertex -2.744480e+0 -2.786517e+1 9.200000e+0
      vertex -2.744480e+0 -2.786517e+1 1.270000e+1
    endloop
  endfacet
  facet normal -1.224107e-1 -9.924795e-1 0.000000e+0
    outer loop
      vertex -4.108453e+0 -2.769694e+1 9.200000e+0
      vertex -2.744480e+0 -2.786517e+1 1.270000e+1
      vertex -4.108453e+0 -2.769694e+1 1.270000e+1
    endloop
  endfacet
  facet normal -7.356456e-2 -9.972905e-1 0.000000e+0
    outer loop
      vertex -2.744480e+0 -2.786517e+1 9.200000e+0
      vertex -1.373895e+0 -2.796627e+1 9.200000e+0
      vertex -1.373895e+0 -2.796627e+1 1.270000e+1
    endloop
  endfacet
  facet normal -7.356456e-2 -9.972905e-1 0.000000e+0
    outer loop
      vertex -2.744480e+0 -2.786517e+1 9.200000e+0
      vertex -1.373895e+0 -2.796627e+1 1.270000e+1
      vertex -2.744480e+0 -2.786517e+1 1.270000e+1
    endloop
  endfacet
  facet normal -2.454123e-2 -9.996988e-1 0.000000e+0
    outer loop
      vertex -1.373895e+0 -2.796627e+1 9.200000e+0
      vertex -5.143517e-15 -2.800000e+1 9.200000e+0
      vertex -5.143517e-15 -2.800000e+1 1.270000e+1
    endloop
  endfacet
  facet normal -2.454123e-2 -9.996988e-1 0.000000e+0
    outer loop
      vertex -1.373895e+0 -2.796627e+1 9.200000e+0
      vertex -5.143517e-15 -2.800000e+1 1.270000e+1
      vertex -1.373895e+0 -2.796627e+1 1.270000e+1
    endloop
  endfacet
  facet normal 2.454123e-2 -9.996988e-1 0.000000e+0
    outer loop
      vertex -5.143517e-15 -2.800000e+1 9.200000e+0
      vertex 1.373895e+0 -2.796627e+1 9.200000e+0
      vertex 1.373895e+0 -2.796627e+1 1.270000e+1
    endloop
  endfacet
  facet normal 2.454123e-2 -9.996988e-1 0.000000e+0
    outer loop
      vertex -5.143517e-15 -2.800000e+1 9.200000e+0
      vertex 1.373895e+0 -2.796627e+1 1.270000e+1
      vertex -5.143517e-15 -2.800000e+1 1.270000e+1
    endloop
  endfacet
  facet normal 7.356456e-2 -9.972905e-1 0.000000e+0
    outer loop
      vertex 1.373895e+0 -2.796627e+1 9.200000e+0
      vertex 2.744480e+0 -2.786517e+1 9.200000e+0
      vertex 2.744480e+0 -2.786517e+1 1.270000e+1
    endloop
  endfacet
  facet normal 7.356456e-2 -9.972905e-1 0.000000e+0
    outer loop
      vertex 1.373895e+0 -2.796627e+1 9.200000e+0
      vertex 2.744480e+0 -2.786517e+1 1.270000e+1
      vertex 1.373895e+0 -2.796627e+1 1.270000e+1
    endloop
  endfacet
  facet normal 1.224107e-1 -9.924795e-1 0.000000e+0
    outer loop
      vertex 2.744480e+0 -2.786517e+1 9.200000e+0
      vertex 4.108453e+0 -2.769694e+1 9.200000e+0
      vertex 4.108453e+0 -2.769694e+1 1.270000e+1
    endloop
  endfacet
  facet normal 1.224107e-1 -9.924795e-1 0.000000e+0
    outer loop
      vertex 2.744480e+0 -2.786517e+1 9.200000e+0
      vertex 4.108453e+0 -2.769694e+1 1.270000e+1
      vertex 2.744480e+0 -2.786517e+1 1.270000e+1
    endloop
  endfacet
  facet normal 1.709619e-1 -9.852776e-1 0.000000e+0
    outer loop
      vertex 4.108453e+0 -2.769694e+1 9.200000e+0
      vertex 5.462529e+0 -2.746199e+1 9.200000e+0
      vertex 5.462529e+0 -2.746199e+1 1.270000e+1
    endloop
  endfacet
  facet normal 1.709619e-1 -9.852776e-1 0.000000e+0
    outer loop
      vertex 4.108453e+0 -2.769694e+1 9.200000e+0
      vertex 5.462529e+0 -2.746199e+1 1.270000e+1
      vertex 4.108453e+0 -2.769694e+1 1.270000e+1
    endloop
  endfacet
  facet normal 2.191012e-1 -9.757021e-1 0.000000e+0
    outer loop
      vertex 5.462529e+0 -2.746199e+1 9.200000e+0
      vertex 6.803445e+0 -2.716088e+1 9.200000e+0
      vertex 6.803445e+0 -2.716088e+1 1.270000e+1
    endloop
  endfacet
  facet normal 2.191012e-1 -9.757021e-1 0.000000e+0
    outer loop
      vertex 5.462529e+0 -2.746199e+1 9.200000e+0
      vertex 6.803445e+0 -2.716088e+1 1.270000e+1
      vertex 5.462529e+0 -2.746199e+1 1.270000e+1
    endloop
  endfacet
  facet normal 2.667128e-1 -9.637761e-1 0.000000e+0
    outer loop
      vertex 6.803445e+0 -2.716088e+1 9.200000e+0
      vertex 8.127971e+0 -2.679433e+1 9.200000e+0
      vertex 8.127971e+0 -2.679433e+1 1.270000e+1
    endloop
  endfacet
  facet normal 2.667128e-1 -9.637761e-1 0.000000e+0
    outer loop
      vertex 6.803445e+0 -2.716088e+1 9.200000e+0
      vertex 8.127971e+0 -2.679433e+1 1.270000e+1
      vertex 6.803445e+0 -2.716088e+1 1.270000e+1
    endloop
  endfacet
  facet normal 3.136817e-1 -9.495282e-1 0.000000e+0
    outer loop
      vertex 8.127971e+0 -2.679433e+1 9.200000e+0
      vertex 9.432916e+0 -2.636323e+1 9.200000e+0
      vertex 9.432916e+0 -2.636323e+1 1.270000e+1
    endloop
  endfacet
  facet normal 3.136817e-1 -9.495282e-1 0.000000e+0
    outer loop
      vertex 8.127971e+0 -2.679433e+1 9.200000e+0
      vertex 9.432916e+0 -2.636323e+1 1.270000e+1
      vertex 8.127971e+0 -2.679433e+1 1.270000e+1
    endloop
  endfacet
  facet normal 3.598950e-1 -9.329928e-1 0.000000e+0
    outer loop
      vertex 9.432916e+0 -2.636323e+1 9.200000e+0
      vertex 1.071514e+1 -2.586863e+1 9.200000e+0
      vertex 1.071514e+1 -2.586863e+1 1.270000e+1
    endloop
  endfacet
  facet normal 3.598950e-1 -9.329928e-1 0.000000e+0
    outer loop
      vertex 9.432916e+0 -2.636323e+1 9.200000e+0
      vertex 1.071514e+1 -2.586863e+1 1.270000e+1
      vertex 9.432916e+0 -2.636323e+1 1.270000e+1
    endloop
  endfacet
  facet normal 4.052413e-1 -9.142098e-1 0.000000e+0
    outer loop
      vertex 1.071514e+1 -2.586863e+1 9.200000e+0
      vertex 1.197154e+1 -2.531170e+1 9.200000e+0
      vertex 1.197154e+1 -2.531170e+1 1.270000e+1
    endloop
  endfacet
  facet normal 4.052413e-1 -9.142098e-1 0.000000e+0
    outer loop
      vertex 1.071514e+1 -2.586863e+1 9.200000e+0
      vertex 1.197154e+1 -2.531170e+1 1.270000e+1
      vertex 1.071514e+1 -2.586863e+1 1.270000e+1
    endloop
  endfacet
  facet normal 4.496113e-1 -8.932243e-1 0.000000e+0
    outer loop
      vertex 1.197154e+1 -2.531170e+1 9.200000e+0
      vertex 1.319911e+1 -2.469380e+1 9.200000e+0
      vertex 1.319911e+1 -2.469380e+1 1.270000e+1
    endloop
  endfacet
  facet normal 4.496113e-1 -8.932243e-1 0.000000e+0
    outer loop
      vertex 1.197154e+1 -2.531170e+1 9.200000e+0
      vertex 1.319911e+1 -2.469380e+1 1.270000e+1
      vertex 1.197154e+1 -2.531170e+1 1.270000e+1
    endloop
  endfacet
  facet normal 4.928982e-1 -8.700870e-1 0.000000e+0
    outer loop
      vertex 1.319911e+1 -2.469380e+1 9.200000e+0
      vertex 1.439488e+1 -2.401640e+1 9.200000e+0
      vertex 1.439488e+1 -2.401640e+1 1.270000e+1
    endloop
  endfacet
  facet normal 4.928982e-1 -8.700870e-1 0.000000e+0
    outer loop
      vertex 1.319911e+1 -2.469380e+1 9.200000e+0
      vertex 1.439488e+1 -2.401640e+1 1.270000e+1
      vertex 1.319911e+1 -2.469380e+1 1.270000e+1
    endloop
  endfacet
  facet normal 5.349976e-1 -8.448536e-1 0.000000e+0
    outer loop
      vertex 1.439488e+1 -2.401640e+1 9.200000e+0
      vertex 1.555597e+1 -2.328115e+1 9.200000e+0
      vertex 1.555597e+1 -2.328115e+1 1.270000e+1
    endloop
  endfacet
  facet normal 5.349976e-1 -8.448536e-1 0.000000e+0
    outer loop
      vertex 1.439488e+1 -2.401640e+1 9.200000e+0
      vertex 1.555597e+1 -2.328115e+1 1.270000e+1
      vertex 1.439488e+1 -2.401640e+1 1.270000e+1
    endloop
  endfacet
  facet normal 5.758082e-1 -8.175848e-1 0.000000e+0
    outer loop
      vertex 1.555597e+1 -2.328115e+1 9.200000e+0
      vertex 1.667958e+1 -2.248981e+1 9.200000e+0
      vertex 1.667958e+1 -2.248981e+1 1.270000e+1
    endloop
  endfacet
  facet normal 5.758082e-1 -8.175848e-1 0.000000e+0
    outer loop
      vertex 1.555597e+1 -2.328115e+1 9.200000e+0
      vertex 1.667958e+1 -2.248981e+1 1.270000e+1
      vertex 1.555597e+1 -2.328115e+1 1.270000e+1
    endloop
  endfacet
  facet normal 6.152316e-1 -7.883464e-1 0.000000e+0
    outer loop
      vertex 1.667958e+1 -2.248981e+1 9.200000e+0
      vertex 1.776301e+1 -2.164429e+1 9.200000e+0
      vertex 1.776301e+1 -2.164429e+1 1.270000e+1
    endloop
  endfacet
  facet normal 6.152316e-1 -7.883464e-1 0.000000e+0
    outer loop
      vertex 1.667958e+1 -2.248981e+1 9.200000e+0
      vertex 1.776301e+1 -2.164429e+1 1.270000e+1
      vertex 1.667958e+1 -2.248981e+1 1.270000e+1
    endloop
  endfacet
  facet normal 6.531728e-1 -7.572088e-1 0.000000e+0
    outer loop
      vertex 1.776301e+1 -2.164429e+1 9.200000e+0
      vertex 1.880365e+1 -2.074663e+1 9.200000e+0
      vertex 1.880365e+1 -2.074663e+1 1.270000e+1
    endloop
  endfacet
  facet normal 6.531728e-1 -7.572088e-1 0.000000e+0
    outer loop
      vertex 1.776301e+1 -2.164429e+1 9.200000e+0
      vertex 1.880365e+1 -2.074663e+1 1.270000e+1
      vertex 1.776301e+1 -2.164429e+1 1.270000e+1
    endloop
  endfacet
  facet normal 6.895405e-1 -7.242471e-1 0.000000e+0
    outer loop
      vertex 1.880365e+1 -2.074663e+1 9.200000e+0
      vertex 1.979899e+1 -1.979899e+1 9.200000e+0
      vertex 1.979899e+1 -1.979899e+1 1.270000e+1
    endloop
  endfacet
  facet normal 6.895405e-1 -7.242471e-1 0.000000e+0
    outer loop
      vertex 1.880365e+1 -2.074663e+1 9.200000e+0
      vertex 1.979899e+1 -1.979899e+1 1.270000e+1
      vertex 1.880365e+1 -2.074663e+1 1.270000e+1
    endloop
  endfacet
  facet normal 7.242471e-1 -6.895405e-1 0.000000e+0
    outer loop
      vertex 1.979899e+1 -1.979899e+1 9.200000e+0
      vertex 2.074663e+1 -1.880365e+1 9.200000e+0
      vertex 2.074663e+1 -1.880365e+1 1.270000e+1
    endloop
  endfacet
  facet normal 7.242471e-1 -6.895405e-1 0.000000e+0
    outer loop
      vertex 1.979899e+1 -1.979899e+1 9.200000e+0
      vertex 2.074663e+1 -1.880365e+1 1.270000e+1
      vertex 1.979899e+1 -1.979899e+1 1.270000e+1
    endloop
  endfacet
  facet normal 7.572088e-1 -6.531728e-1 0.000000e+0
    outer loop
      vertex 2.074663e+1 -1.880365e+1 9.200000e+0
      vertex 2.164429e+1 -1.776301e+1 9.200000e+0
      vertex 2.164429e+1 -1.776301e+1 1.270000e+1
    endloop
  endfacet
  facet normal 7.572088e-1 -6.531728e-1 0.000000e+0
    outer loop
      vertex 2.074663e+1 -1.880365e+1 9.200000e+0
      vertex 2.164429e+1 -1.776301e+1 1.270000e+1
      vertex 2.074663e+1 -1.880365e+1 1.270000e+1
    endloop
  endfacet
  facet normal 7.883464e-1 -6.152316e-1 0.000000e+0
    outer loop
      vertex 2.164429e+1 -1.776301e+1 9.200000e+0
      vertex 2.248981e+1 -1.667958e+1 9.200000e+0
      vertex 2.248981e+1 -1.667958e+1 1.270000e+1
    endloop
  endfacet
  facet normal 7.883464e-1 -6.152316e-1 0.000000e+0
    outer loop
      vertex 2.164429e+1 -1.776301e+1 9.200000e+0
      vertex 2.248981e+1 -1.667958e+1 1.270000e+1
      vertex 2.164429e+1 -1.776301e+1 1.270000e+1
    endloop
  endfacet
  facet normal 8.175848e-1 -5.758082e-1 0.000000e+0
    outer loop
      vertex 2.248981e+1 -1.667958e+1 9.200000e+0
      vertex 2.328115e+1 -1.555597e+1 9.200000e+0
      vertex 2.328115e+1 -1.555597e+1 1.270000e+1
    endloop
  endfacet
  facet normal 8.175848e-1 -5.758082e-1 0.000000e+0
    outer loop
      vertex 2.248981e+1 -1.667958e+1 9.200000e+0
      vertex 2.328115e+1 -1.555597e+1 1.270000e+1
      vertex 2.248981e+1 -1.667958e+1 1.270000e+1
    endloop
  endfacet
  facet normal 8.448536e-1 -5.349976e-1 0.000000e+0
    outer loop
      vertex 2.328115e+1 -1.555597e+1 9.200000e+0
      vertex 2.401640e+1 -1.439488e+1 9.200000e+0
      vertex 2.401640e+1 -1.439488e+1 1.270000e+1
    endloop
  endfacet
  facet normal 8.448536e-1 -5.349976e-1 0.000000e+0
    outer loop
      vertex 2.328115e+1 -1.555597e+1 9.200000e+0
      vertex 2.401640e+1 -1.439488e+1 1.270000e+1
      vertex 2.328115e+1 -1.555597e+1 1.270000e+1
    endloop
  endfacet
  facet normal 8.700870e-1 -4.928982e-1 0.000000e+0
    outer loop
      vertex 2.401640e+1 -1.439488e+1 9.200000e+0
      vertex 2.469380e+1 -1.319911e+1 9.200000e+0
      vertex 2.469380e+1 -1.319911e+1 1.270000e+1
    endloop
  endfacet
  facet normal 8.700870e-1 -4.928982e-1 0.000000e+0
    outer loop
      vertex 2.401640e+1 -1.439488e+1 9.200000e+0
      vertex 2.469380e+1 -1.319911e+1 1.270000e+1
      vertex 2.401640e+1 -1.439488e+1 1.270000e+1
    endloop
  endfacet
  facet normal 8.932243e-1 -4.496113e-1 0.000000e+0
    outer loop
      vertex 2.469380e+1 -1.319911e+1 9.200000e+0
      vertex 2.531170e+1 -1.197154e+1 9.200000e+0
      vertex 2.531170e+1 -1.197154e+1 1.270000e+1
    endloop
  endfacet
  facet normal 8.932243e-1 -4.496113e-1 0.000000e+0
    outer loop
      vertex 2.469380e+1 -1.319911e+1 9.200000e+0
      vertex 2.531170e+1 -1.197154e+1 1.270000e+1
      vertex 2.469380e+1 -1.319911e+1 1.270000e+1
    endloop
  endfacet
  facet normal 9.142098e-1 -4.052413e-1 0.000000e+0
    outer loop
      vertex 2.531170e+1 -1.197154e+1 9.200000e+0
      vertex 2.586863e+1 -1.071514e+1 9.200000e+0
      vertex 2.586863e+1 -1.071514e+1 1.270000e+1
    endloop
  endfacet
  facet normal 9.142098e-1 -4.052413e-1 0.000000e+0
    outer loop
      vertex 2.531170e+1 -1.197154e+1 9.200000e+0
      vertex 2.586863e+1 -1.071514e+1 1.270000e+1
      vertex 2.531170e+1 -1.197154e+1 1.270000e+1
    endloop
  endfacet
  facet normal 9.329928e-1 -3.598950e-1 0.000000e+0
    outer loop
      vertex 2.586863e+1 -1.071514e+1 9.200000e+0
      vertex 2.636323e+1 -9.432916e+0 9.200000e+0
      vertex 2.636323e+1 -9.432916e+0 1.270000e+1
    endloop
  endfacet
  facet normal 9.329928e-1 -3.598950e-1 0.000000e+0
    outer loop
      vertex 2.586863e+1 -1.071514e+1 9.200000e+0
      vertex 2.636323e+1 -9.432916e+0 1.270000e+1
      vertex 2.586863e+1 -1.071514e+1 1.270000e+1
    endloop
  endfacet
  facet normal 9.495282e-1 -3.136817e-1 0.000000e+0
    outer loop
      vertex 2.636323e+1 -9.432916e+0 9.200000e+0
      vertex 2.679433e+1 -8.127971e+0 9.200000e+0
      vertex 2.679433e+1 -8.127971e+0 1.270000e+1
    endloop
  endfacet
  facet normal 9.495282e-1 -3.136817e-1 0.000000e+0
    outer loop
      vertex 2.636323e+1 -9.432916e+0 9.200000e+0
      vertex 2.679433e+1 -8.127971e+0 1.270000e+1
      vertex 2.636323e+1 -9.432916e+0 1.270000e+1
    endloop
  endfacet
  facet normal 9.637761e-1 -2.667128e-1 0.000000e+0
    outer loop
      vertex 2.679433e+1 -8.127971e+0 9.200000e+0
      vertex 2.716088e+1 -6.803445e+0 9.200000e+0
      vertex 2.716088e+1 -6.803445e+0 1.270000e+1
    endloop
  endfacet
  facet normal 9.637761e-1 -2.667128e-1 0.000000e+0
    outer loop
      vertex 2.679433e+1 -8.127971e+0 9.200000e+0
      vertex 2.716088e+1 -6.803445e+0 1.270000e+1
      vertex 2.679433e+1 -8.127971e+0 1.270000e+1
    endloop
  endfacet
  facet normal 9.757021e-1 -2.191012e-1 0.000000e+0
    outer loop
      vertex 2.716088e+1 -6.803445e+0 9.200000e+0
      vertex 2.746199e+1 -5.462529e+0 9.200000e+0
      vertex 2.746199e+1 -5.462529e+0 1.270000e+1
    endloop
  endfacet
  facet normal 9.757021e-1 -2.191012e-1 0.000000e+0
    outer loop
      vertex 2.716088e+1 -6.803445e+0 9.200000e+0
      vertex 2.746199e+1 -5.462529e+0 1.270000e+1
      vertex 2.716088e+1 -6.803445e+0 1.270000e+1
    endloop
  endfacet
  facet normal 9.852776e-1 -1.709619e-1 0.000000e+0
    outer loop
      vertex 2.746199e+1 -5.462529e+0 9.200000e+0
      vertex 2.769694e+1 -4.108453e+0 9.200000e+0
      vertex 2.769694e+1 -4.108453e+0 1.270000e+1
    endloop
  endfacet
  facet normal 9.852776e-1 -1.709619e-1 0.000000e+0
    outer loop
      vertex 2.746199e+1 -5.462529e+0 9.200000e+0
      vertex 2.769694e+1 -4.108453e+0 1.270000e+1
      vertex 2.746199e+1 -5.462529e+0 1.270000e+1
    endloop
  endfacet
  facet normal 9.924795e-1 -1.224107e-1 0.000000e+0
    outer loop
      vertex 2.769694e+1 -4.108453e+0 9.200000e+0
      vertex 2.786517e+1 -2.744480e+0 9.200000e+0
      vertex 2.786517e+1 -2.744480e+0 1.270000e+1
    endloop
  endfacet
  facet normal 9.924795e-1 -1.224107e-1 0.000000e+0
    outer loop
      vertex 2.769694e+1 -4.108453e+0 9.200000e+0
      vertex 2.786517e+1 -2.744480e+0 1.270000e+1
      vertex 2.769694e+1 -4.108453e+0 1.270000e+1
    endloop
  endfacet
  facet normal 9.972905e-1 -7.356456e-2 0.000000e+0
    outer loop
      vertex 2.786517e+1 -2.744480e+0 9.200000e+0
      vertex 2.796627e+1 -1.373895e+0 9.200000e+0
      vertex 2.796627e+1 -1.373895e+0 1.270000e+1
    endloop
  endfacet
  facet normal 9.972905e-1 -7.356456e-2 0.000000e+0
    outer loop
      vertex 2.786517e+1 -2.744480e+0 9.200000e+0
      vertex 2.796627e+1 -1.373895e+0 1.270000e+1
      vertex 2.786517e+1 -2.744480e+0 1.270000e+1
    endloop
  endfacet
  facet normal 9.996988e-1 -2.454123e-2 0.000000e+0
    outer loop
      vertex 2.796627e+1 -1.373895e+0 9.200000e+0
      vertex 2.800000e+1 -6.858022e-15 9.200000e+0
      vertex 2.800000e+1 -6.858022e-15 1.270000e+1
    endloop
  endfacet
  facet normal 9.996988e-1 -2.454123e-2 0.000000e+0
    outer loop
      vertex 2.796627e+1 -1.373895e+0 9.200000e+0
      vertex 2.800000e+1 -6.858022e-15 1.270000e+1
      vertex 2.796627e+1 -1.373895e+0 1.270000e+1
    endloop
  endfacet
  facet normal 0.000000e+0 0.000000e+0 -1.000000e+0
    outer loop
      vertex 2.800000e+1 0.000000e+0 1.270000e+1
      vertex 2.796627e+1 1.373895e+0 1.270000e+1
      vertex 3.171176e+1 1.557899e+0 1.270000e+1
    endloop
  endfacet
  facet normal 0.000000e+0 0.000000e+0 -1.000000e+0
    outer loop
      vertex 2.800000e+1 0.000000e+0 1.270000e+1
      vertex 3.171176e+1 1.557899e+0 1.270000e+1
      vertex 3.175000e+1 0.000000e+0 1.270000e+1
    endloop
  endfacet
  facet normal 0.000000e+0 0.000000e+0 -1.000000e+0
    outer loop
      vertex 2.796627e+1 1.373895e+0 1.270000e+1
      vertex 2.786517e+1 2.744480e+0 1.270000e+1
      vertex 3.159712e+1 3.112044e+0 1.270000e+1
    endloop
  endfacet
  facet normal 0.000000e+0 0.000000e+0 -1.000000e+0
    outer loop
      vertex 2.796627e+1 1.373895e+0 1.270000e+1
      vertex 3.159712e+1 3.112044e+0 1.270000e+1
      vertex 3.171176e+1 1.557899e+0 1.270000e+1
    endloop
  endfacet
  facet normal 0.000000e+0 0.000000e+0 -1.000000e+0
    outer loop
      vertex 2.786517e+1 2.744480e+0 1.270000e+1
      vertex 2.769694e+1 4.108453e+0 1.270000e+1
      vertex 3.140635e+1 4.658693e+0 1.270000e+1
    endloop
  endfacet
  facet normal 0.000000e+0 0.000000e+0 -1.000000e+0
    outer loop
      vertex 2.786517e+1 2.744480e+0 1.270000e+1
      vertex 3.140635e+1 4.658693e+0 1.270000e+1
      vertex 3.159712e+1 3.112044e+0 1.270000e+1
    endloop
  endfacet
  facet normal 0.000000e+0 0.000000e+0 -1.000000e+0
    outer loop
      vertex 2.769694e+1 4.108453e+0 1.270000e+1
      vertex 2.746199e+1 5.462529e+0 1.270000e+1
      vertex 3.113993e+1 6.194118e+0 1.270000e+1
    endloop
  endfacet
  facet normal 0.000000e+0 0.000000e+0 -1.000000e+0
    outer loop
      vertex 2.769694e+1 4.108453e+0 1.270000e+1
      vertex 3.113993e+1 6.194118e+0 1.270000e+1
      vertex 3.140635e+1 4.658693e+0 1.270000e+1
    endloop
  endfacet
  facet normal 0.000000e+0 0.000000e+0 -1.000000e+0
    outer loop
      vertex 2.746199e+1 5.462529e+0 1.270000e+1
      vertex 2.716088e+1 6.803445e+0 1.270000e+1
      vertex 3.079849e+1 7.714621e+0 1.270000e+1
    endloop
  endfacet
  facet normal 0.000000e+0 0.000000e+0 -1.000000e+0
    outer loop
      vertex 2.746199e+1 5.462529e+0 1.270000e+1
      vertex 3.079849e+1 7.714621e+0 1.270000e+1
      vertex 3.113993e+1 6.194118e+0 1.270000e+1
    endloop
  endfacet
  facet normal 0.000000e+0 0.000000e+0 -1.000000e+0
    outer loop
      vertex 2.716088e+1 6.803445e+0 1.270000e+1
      vertex 2.679433e+1 8.127971e+0 1.270000e+1
      vertex 3.038286e+1 9.216539e+0 1.270000e+1
    endloop
  endfacet
  facet normal 0.000000e+0 0.000000e+0 -1.000000e+0
    outer loop
      vertex 2.716088e+1 6.803445e+0 1.270000e+1
      vertex 3.038286e+1 9.216539e+0 1.270000e+1
      vertex 3.079849e+1 7.714621e+0 1.270000e+1
    endloop
  endfacet
  facet normal 0.000000e+0 0.000000e+0 -1.000000e+0
    outer loop
      vertex 2.679433e+1 8.127971e+0 1.270000e+1
      vertex 2.636323e+1 9.432916e+0 1.270000e+1
      vertex 2.989402e+1 1.069625e+1 1.270000e+1
    endloop
  endfacet
  facet normal 0.000000e+0 0.000000e+0 -1.000000e+0
    outer loop
      vertex 2.679433e+1 8.127971e+0 1.270000e+1
      vertex 2.989402e+1 1.069625e+1 1.270000e+1
      vertex 3.038286e+1 9.216539e+0 1.270000e+1
    endloop
  endfacet
  facet normal 0.000000e+0 0.000000e+0 -1.000000e+0
    outer loop
      vertex 2.636323e+1 9.432916e+0 1.270000e+1
      vertex 2.586863e+1 1.071514e+1 1.270000e+1
      vertex 2.933318e+1 1.215020e+1 1.270000e+1
    endloop
  endfacet
  facet normal 0.000000e+0 0.000000e+0 -1.000000e+0
    outer loop
      vertex 2.636323e+1 9.432916e+0 1.270000e+1
      vertex 2.933318e+1 1.215020e+1 1.270000e+1
      vertex 2.989402e+1 1.069625e+1 1.270000e+1
    endloop
  endfacet
  facet normal 0.000000e+0 0.000000e+0 -1.000000e+0
    outer loop
      vertex 2.586863e+1 1.071514e+1 1.270000e+1
      vertex 2.531170e+1 1.197154e+1 1.270000e+1
      vertex 2.870166e+1 1.357487e+1 1.270000e+1
    endloop
  endfacet
  facet normal 0.000000e+0 0.000000e+0 -1.000000e+0
    outer loop
      vertex 2.586863e+1 1.071514e+1 1.270000e+1
      vertex 2.870166e+1 1.357487e+1 1.270000e+1
      vertex 2.933318e+1 1.215020e+1 1.270000e+1
    endloop
  endfacet
  facet normal 0.000000e+0 0.000000e+0 -1.000000e+0
    outer loop
      vertex 2.531170e+1 1.197154e+1 1.270000e+1
      vertex 2.469380e+1 1.319911e+1 1.270000e+1
      vertex 2.800100e+1 1.496685e+1 1.270000e+1
    endloop
  endfacet
  facet normal 0.000000e+0 0.000000e+0 -1.000000e+0
    outer loop
      vertex 2.531170e+1 1.197154e+1 1.270000e+1
      vertex 2.800100e+1 1.496685e+1 1.270000e+1
      vertex 2.870166e+1 1.357487e+1 1.270000e+1
    endloop
  endfacet
  facet normal 0.000000e+0 0.000000e+0 -1.000000e+0
    outer loop
      vertex 2.469380e+1 1.319911e+1 1.270000e+1
      vertex 2.401640e+1 1.439488e+1 1.270000e+1
      vertex 2.723288e+1 1.632276e+1 1.270000e+1
    endloop
  endfacet
  facet normal 0.000000e+0 0.000000e+0 -1.000000e+0
    outer loop
      vertex 2.469380e+1 1.319911e+1 1.270000e+1
      vertex 2.723288e+1 1.632276e+1 1.270000e+1
      vertex 2.800100e+1 1.496685e+1 1.270000e+1
    endloop
  endfacet
  facet normal 0.000000e+0 0.000000e+0 -1.000000e+0
    outer loop
      vertex 2.401640e+1 1.439488e+1 1.270000e+1
      vertex 2.328115e+1 1.555597e+1 1.270000e+1
      vertex 2.639916e+1 1.763935e+1 1.270000e+1
    endloop
  endfacet
  facet normal 0.000000e+0 0.000000e+0 -1.000000e+0
    outer loop
      vertex 2.401640e+1 1.439488e+1 1.270000e+1
      vertex 2.639916e+1 1.763935e+1 1.270000e+1
      vertex 2.723288e+1 1.632276e+1 1.270000e+1
    endloop
  endfacet
  facet normal 0.000000e+0 0.000000e+0 -1.000000e+0
    outer loop
      vertex 2.328115e+1 1.555597e+1 1.270000e+1
      vertex 2.248981e+1 1.667958e+1 1.270000e+1
      vertex 2.550184e+1 1.891345e+1 1.270000e+1
    endloop
  endfacet
  facet normal 0.000000e+0 0.000000e+0 -1.000000e+0
    outer loop
      vertex 2.328115e+1 1.555597e+1 1.270000e+1
      vertex 2.550184e+1 1.891345e+1 1.270000e+1
      vertex 2.639916e+1 1.763935e+1 1.270000e+1
    endloop
  endfacet
  facet normal 0.000000e+0 0.000000e+0 -1.000000e+0
    outer loop
      vertex 2.248981e+1 1.667958e+1 1.270000e+1
      vertex 2.164429e+1 1.776301e+1 1.270000e+1
      vertex 2.454308e+1 2.014199e+1 1.270000e+1
    endloop
  endfacet
  facet normal 0.000000e+0 0.000000e+0 -1.000000e+0
    outer loop
      vertex 2.248981e+1 1.667958e+1 1.270000e+1
      vertex 2.454308e+1 2.014199e+1 1.270000e+1
      vertex 2.550184e+1 1.891345e+1 1.270000e+1
    endloop
  endfacet
  facet normal 0.000000e+0 0.000000e+0 -1.000000e+0
    outer loop
      vertex 2.164429e+1 1.776301e+1 1.270000e+1
      vertex 2.074663e+1 1.880365e+1 1.270000e+1
      vertex 2.352520e+1 2.132200e+1 1.270000e+1
    endloop
  endfacet
  facet normal 0.000000e+0 0.000000e+0 -1.000000e+0
    outer loop
      vertex 2.164429e+1 1.776301e+1 1.270000e+1
      vertex 2.352520e+1 2.132200e+1 1.270000e+1
      vertex 2.454308e+1 2.014199e+1 1.270000e+1
    endloop
  endfacet
  facet normal 0.000000e+0 0.000000e+0 -1.000000e+0
    outer loop
      vertex 2.074663e+1 1.880365e+1 1.270000e+1
      vertex 1.979899e+1 1.979899e+1 1.270000e+1
      vertex 2.245064e+1 2.245064e+1 1.270000e+1
    endloop
  endfacet
  facet normal 0.000000e+0 0.000000e+0 -1.000000e+0
    outer loop
      vertex 2.074663e+1 1.880365e+1 1.270000e+1
      vertex 2.245064e+1 2.245064e+1 1.270000e+1
      vertex 2.352520e+1 2.132200e+1 1.270000e+1
    endloop
  endfacet
  facet normal 0.000000e+0 0.000000e+0 -1.000000e+0
    outer loop
      vertex 1.979899e+1 1.979899e+1 1.270000e+1
      vertex 1.880365e+1 2.074663e+1 1.270000e+1
      vertex 2.132200e+1 2.352520e+1 1.270000e+1
    endloop
  endfacet
  facet normal 0.000000e+0 0.000000e+0 -1.000000e+0
    outer loop
      vertex 1.979899e+1 1.979899e+1 1.270000e+1
      vertex 2.132200e+1 2.352520e+1 1.270000e+1
      vertex 2.245064e+1 2.245064e+1 1.270000e+1
    endloop
  endfacet
  facet normal 0.000000e+0 0.000000e+0 -1.000000e+0
    outer loop
      vertex 1.880365e+1 2.074663e+1 1.270000e+1
      vertex 1.776301e+1 2.164429e+1 1.270000e+1
      vertex 2.014199e+1 2.454308e+1 1.270000e+1
    endloop
  endfacet
  facet normal 0.000000e+0 0.000000e+0 -1.000000e+0
    outer loop
      vertex 1.880365e+1 2.074663e+1 1.270000e+1
      vertex 2.014199e+1 2.454308e+1 1.270000e+1
      vertex 2.132200e+1 2.352520e+1 1.270000e+1
    endloop
  endfacet
  facet normal 0.000000e+0 0.000000e+0 -1.000000e+0
    outer loop
      vertex 1.776301e+1 2.164429e+1 1.270000e+1
      vertex 1.667958e+1 2.248981e+1 1.270000e+1
      vertex 1.891345e+1 2.550184e+1 1.270000e+1
    endloop
  endfacet
  facet normal 0.000000e+0 0.000000e+0 -1.000000e+0
    outer loop
      vertex 1.776301e+1 2.164429e+1 1.270000e+1
      vertex 1.891345e+1 2.550184e+1 1.270000e+1
      vertex 2.014199e+1 2.454308e+1 1.270000e+1
    endloop
  endfacet
  facet normal 0.000000e+0 0.000000e+0 -1.000000e+0
    outer loop
      vertex 1.667958e+1 2.248981e+1 1.270000e+1
      vertex 1.555597e+1 2.328115e+1 1.270000e+1
      vertex 1.763935e+1 2.639916e+1 1.270000e+1
    endloop
  endfacet
  facet normal 0.000000e+0 0.000000e+0 -1.000000e+0
    outer loop
      vertex 1.667958e+1 2.248981e+1 1.270000e+1
      vertex 1.763935e+1 2.639916e+1 1.270000e+1
      vertex 1.891345e+1 2.550184e+1 1.270000e+1
    endloop
  endfacet
  facet normal 0.000000e+0 0.000000e+0 -1.000000e+0
    outer loop
      vertex 1.555597e+1 2.328115e+1 1.270000e+1
      vertex 1.439488e+1 2.401640e+1 1.270000e+1
      vertex 1.632276e+1 2.723288e+1 1.270000e+1
    endloop
  endfacet
  facet normal 0.000000e+0 0.000000e+0 -1.000000e+0
    outer loop
      vertex 1.555597e+1 2.328115e+1 1.270000e+1
      vertex 1.632276e+1 2.723288e+1 1.270000e+1
      vertex 1.763935e+1 2.639916e+1 1.270000e+1
    endloop
  endfacet
  facet normal 0.000000e+0 0.000000e+0 -1.000000e+0
    outer loop
      vertex 1.439488e+1 2.401640e+1 1.270000e+1
      vertex 1.319911e+1 2.469380e+1 1.270000e+1
      vertex 1.496685e+1 2.800100e+1 1.270000e+1
    endloop
  endfacet
  facet normal 0.000000e+0 0.000000e+0 -1.000000e+0
    outer loop
      vertex 1.439488e+1 2.401640e+1 1.270000e+1
      vertex 1.496685e+1 2.800100e+1 1.270000e+1
      vertex 1.632276e+1 2.723288e+1 1.270000e+1
    endloop
  endfacet
  facet normal 0.000000e+0 0.000000e+0 -1.000000e+0
    outer loop
      vertex 1.319911e+1 2.469380e+1 1.270000e+1
      vertex 1.197154e+1 2.531170e+1 1.270000e+1
      vertex 1.357487e+1 2.870166e+1 1.270000e+1
    endloop
  endfacet
  facet normal 0.000000e+0 0.000000e+0 -1.000000e+0
    outer loop
      vertex 1.319911e+1 2.469380e+1 1.270000e+1
      vertex 1.357487e+1 2.870166e+1 1.270000e+1
      vertex 1.496685e+1 2.800100e+1 1.270000e+1
    endloop
  endfacet
  facet normal 0.000000e+0 0.000000e+0 -1.000000e+0
    outer loop
      vertex 1.197154e+1 2.531170e+1 1.270000e+1
      vertex 1.071514e+1 2.586863e+1 1.270000e+1
      vertex 1.215020e+1 2.933318e+1 1.270000e+1
    endloop
  endfacet
  facet normal 0.000000e+0 0.000000e+0 -1.000000e+0
    outer loop
      vertex 1.197154e+1 2.531170e+1 1.270000e+1
      vertex 1.215020e+1 2.933318e+1 1.270000e+1
      vertex 1.357487e+1 2.870166e+1 1.270000e+1
    endloop
  endfacet
  facet normal 0.000000e+0 0.000000e+0 -1.000000e+0
    outer loop
      vertex 1.071514e+1 2.586863e+1 1.270000e+1
      vertex 9.432916e+0 2.636323e+1 1.270000e+1
      vertex 1.069625e+1 2.989402e+1 1.270000e+1
    endloop
  endfacet
  facet normal 0.000000e+0 0.000000e+0 -1.000000e+0
    outer loop
      vertex 1.071514e+1 2.586863e+1 1.270000e+1
      vertex 1.069625e+1 2.989402e+1 1.270000e+1
      vertex 1.215020e+1 2.933318e+1 1.270000e+1
    endloop
  endfacet
  facet normal 0.000000e+0 0.000000e+0 -1.000000e+0
    outer loop
      vertex 9.432916e+0 2.636323e+1 1.270000e+1
      vertex 8.127971e+0 2.679433e+1 1.270000e+1
      vertex 9.216539e+0 3.038286e+1 1.270000e+1
    endloop
  endfacet
  facet normal 0.000000e+0 0.000000e+0 -1.000000e+0
    outer loop
      vertex 9.432916e+0 2.636323e+1 1.270000e+1
      vertex 9.216539e+0 3.038286e+1 1.270000e+1
      vertex 1.069625e+1 2.989402e+1 1.270000e+1
    endloop
  endfacet
  facet normal 0.000000e+0 0.000000e+0 -1.000000e+0
    outer loop
      vertex 8.127971e+0 2.679433e+1 1.270000e+1
      vertex 6.803445e+0 2.716088e+1 1.270000e+1
      vertex 7.714621e+0 3.079849e+1 1.270000e+1
    endloop
  endfacet
  facet normal 0.000000e+0 0.000000e+0 -1.000000e+0
    outer loop
      vertex 8.127971e+0 2.679433e+1 1.270000e+1
      vertex 7.714621e+0 3.079849e+1 1.270000e+1
      vertex 9.216539e+0 3.038286e+1 1.270000e+1
    endloop
  endfacet
  facet normal 0.000000e+0 0.000000e+0 -1.000000e+0
    outer loop
      vertex 6.803445e+0 2.716088e+1 1.270000e+1
      vertex 5.462529e+0 2.746199e+1 1.270000e+1
      vertex 6.194118e+0 3.113993e+1 1.270000e+1
    endloop
  endfacet
  facet normal 0.000000e+0 0.000000e+0 -1.000000e+0
    outer loop
      vertex 6.803445e+0 2.716088e+1 1.270000e+1
      vertex 6.194118e+0 3.113993e+1 1.270000e+1
      vertex 7.714621e+0 3.079849e+1 1.270000e+1
    endloop
  endfacet
  facet normal 0.000000e+0 0.000000e+0 -1.000000e+0
    outer loop
      vertex 5.462529e+0 2.746199e+1 1.270000e+1
      vertex 4.108453e+0 2.769694e+1 1.270000e+1
      vertex 4.658693e+0 3.140635e+1 1.270000e+1
    endloop
  endfacet
  facet normal 0.000000e+0 0.000000e+0 -1.000000e+0
    outer loop
      vertex 5.462529e+0 2.746199e+1 1.270000e+1
      vertex 4.658693e+0 3.140635e+1 1.270000e+1
      vertex 6.194118e+0 3.113993e+1 1.270000e+1
    endloop
  endfacet
  facet normal 0.000000e+0 0.000000e+0 -1.000000e+0
    outer loop
      vertex 4.108453e+0 2.769694e+1 1.270000e+1
      vertex 2.744480e+0 2.786517e+1 1.270000e+1
      vertex 3.112044e+0 3.159712e+1 1.270000e+1
    endloop
  endfacet
  facet normal 0.000000e+0 0.000000e+0 -1.000000e+0
    outer loop
      vertex 4.108453e+0 2.769694e+1 1.270000e+1
      vertex 3.112044e+0 3.159712e+1 1.270000e+1
      vertex 4.658693e+0 3.140635e+1 1.270000e+1
    endloop
  endfacet
  facet normal 0.000000e+0 0.000000e+0 -1.000000e+0
    outer loop
      vertex 2.744480e+0 2.786517e+1 1.270000e+1
      vertex 1.373895e+0 2.796627e+1 1.270000e+1
      vertex 1.557899e+0 3.171176e+1 1.270000e+1
    endloop
  endfacet
  facet normal 0.000000e+0 0.000000e+0 -1.000000e+0
    outer loop
      vertex 2.744480e+0 2.786517e+1 1.270000e+1
      vertex 1.557899e+0 3.171176e+1 1.270000e+1
      vertex 3.112044e+0 3.159712e+1 1.270000e+1
    endloop
  endfacet
  facet normal 0.000000e+0 0.000000e+0 -1.000000e+0
    outer loop
      vertex 1.373895e+0 2.796627e+1 1.270000e+1
      vertex 1.714506e-15 2.800000e+1 1.270000e+1
      vertex 1.944127e-15 3.175000e+1 1.270000e+1
    endloop
  endfacet
  facet normal 0.000000e+0 0.000000e+0 -1.000000e+0
    outer loop
      vertex 1.373895e+0 2.796627e+1 1.270000e+1
      vertex 1.944127e-15 3.175000e+1 1.270000e+1
      vertex 1.557899e+0 3.171176e+1 1.270000e+1
    endloop
  endfacet
  facet normal 0.000000e+0 0.000000e+0 -1.000000e+0
    outer loop
      vertex 1.714506e-15 2.800000e+1 1.270000e+1
      vertex -1.373895e+0 2.796627e+1 1.270000e+1
      vertex -1.557899e+0 3.171176e+1 1.270000e+1
    endloop
  endfacet
  facet normal 0.000000e+0 0.000000e+0 -1.000000e+0
    outer loop
      vertex 1.714506e-15 2.800000e+1 1.270000e+1
      vertex -1.557899e+0 3.171176e+1 1.270000e+1
      vertex 1.944127e-15 3.175000e+1 1.270000e+1
    endloop
  endfacet
  facet normal 0.000000e+0 0.000000e+0 -1.000000e+0
    outer loop
      vertex -1.373895e+0 2.796627e+1 1.270000e+1
      vertex -2.744480e+0 2.786517e+1 1.270000e+1
      vertex -3.112044e+0 3.159712e+1 1.270000e+1
    endloop
  endfacet
  facet normal 0.000000e+0 0.000000e+0 -1.000000e+0
    outer loop
      vertex -1.373895e+0 2.796627e+1 1.270000e+1
      vertex -3.112044e+0 3.159712e+1 1.270000e+1
      vertex -1.557899e+0 3.171176e+1 1.270000e+1
    endloop
  endfacet
  facet normal 0.000000e+0 0.000000e+0 -1.000000e+0
    outer loop
      vertex -2.744480e+0 2.786517e+1 1.270000e+1
      vertex -4.108453e+0 2.769694e+1 1.270000e+1
      vertex -4.658693e+0 3.140635e+1 1.270000e+1
    endloop
  endfacet
  facet normal 0.000000e+0 0.000000e+0 -1.000000e+0
    outer loop
      vertex -2.744480e+0 2.786517e+1 1.270000e+1
      vertex -4.658693e+0 3.140635e+1 1.270000e+1
      vertex -3.112044e+0 3.159712e+1 1.270000e+1
    endloop
  endfacet
  facet normal 0.000000e+0 0.000000e+0 -1.000000e+0
    outer loop
      vertex -4.108453e+0 2.769694e+1 1.270000e+1
      vertex -5.462529e+0 2.746199e+1 1.270000e+1
      vertex -6.194118e+0 3.113993e+1 1.270000e+1
    endloop
  endfacet
  facet normal 0.000000e+0 0.000000e+0 -1.000000e+0
    outer loop
      vertex -4.108453e+0 2.769694e+1 1.270000e+1
      vertex -6.194118e+0 3.113993e+1 1.270000e+1
      vertex -4.658693e+0 3.140635e+1 1.270000e+1
    endloop
  endfacet
  facet normal 0.000000e+0 0.000000e+0 -1.000000e+0
    outer loop
      vertex -5.462529e+0 2.746199e+1 1.270000e+1
      vertex -6.803445e+0 2.716088e+1 1.270000e+1
      vertex -7.714621e+0 3.079849e+1 1.270000e+1
    endloop
  endfacet
  facet normal 0.000000e+0 0.000000e+0 -1.000000e+0
    outer loop
      vertex -5.462529e+0 2.746199e+1 1.270000e+1
      vertex -7.714621e+0 3.079849e+1 1.270000e+1
      vertex -6.194118e+0 3.113993e+1 1.270000e+1
    endloop
  endfacet
  facet normal 0.000000e+0 0.000000e+0 -1.000000e+0
    outer loop
      vertex -6.803445e+0 2.716088e+1 1.270000e+1
      vertex -8.127971e+0 2.679433e+1 1.270000e+1
      vertex -9.216539e+0 3.038286e+1 1.270000e+1
    endloop
  endfacet
  facet normal 0.000000e+0 0.000000e+0 -1.000000e+0
    outer loop
      vertex -6.803445e+0 2.716088e+1 1.270000e+1
      vertex -9.216539e+0 3.038286e+1 1.270000e+1
      vertex -7.714621e+0 3.079849e+1 1.270000e+1
    endloop
  endfacet
  facet normal 0.000000e+0 0.000000e+0 -1.000000e+0
    outer loop
      vertex -8.127971e+0 2.679433e+1 1.270000e+1
      vertex -9.432916e+0 2.636323e+1 1.270000e+1
      vertex -1.069625e+1 2.989402e+1 1.270000e+1
    endloop
  endfacet
  facet normal 0.000000e+0 0.000000e+0 -1.000000e+0
    outer loop
      vertex -8.127971e+0 2.679433e+1 1.270000e+1
      vertex -1.069625e+1 2.989402e+1 1.270000e+1
      vertex -9.216539e+0 3.038286e+1 1.270000e+1
    endloop
  endfacet
  facet normal 0.000000e+0 0.000000e+0 -1.000000e+0
    outer loop
      vertex -9.432916e+0 2.636323e+1 1.270000e+1
      vertex -1.071514e+1 2.586863e+1 1.270000e+1
      vertex -1.215020e+1 2.933318e+1 1.270000e+1
    endloop
  endfacet
  facet normal 0.000000e+0 0.000000e+0 -1.000000e+0
    outer loop
      vertex -9.432916e+0 2.636323e+1 1.270000e+1
      vertex -1.215020e+1 2.933318e+1 1.270000e+1
      vertex -1.069625e+1 2.989402e+1 1.270000e+1
    endloop
  endfacet
  facet normal 0.000000e+0 0.000000e+0 -1.000000e+0
    outer loop
      vertex -1.071514e+1 2.586863e+1 1.270000e+1
      vertex -1.197154e+1 2.531170e+1 1.270000e+1
      vertex -1.357487e+1 2.870166e+1 1.270000e+1
    endloop
  endfacet
  facet normal 0.000000e+0 0.000000e+0 -1.000000e+0
    outer loop
      vertex -1.071514e+1 2.586863e+1 1.270000e+1
      vertex -1.357487e+1 2.870166e+1 1.270000e+1
      vertex -1.215020e+1 2.933318e+1 1.270000e+1
    endloop
  endfacet
  facet normal 0.000000e+0 0.000000e+0 -1.000000e+0
    outer loop
      vertex -1.197154e+1 2.531170e+1 1.270000e+1
      vertex -1.319911e+1 2.469380e+1 1.270000e+1
      vertex -1.496685e+1 2.800100e+1 1.270000e+1
    endloop
  endfacet
  facet normal 0.000000e+0 0.000000e+0 -1.000000e+0
    outer loop
      vertex -1.197154e+1 2.531170e+1 1.270000e+1
      vertex -1.496685e+1 2.800100e+1 1.270000e+1
      vertex -1.357487e+1 2.870166e+1 1.270000e+1
    endloop
  endfacet
  facet normal 0.000000e+0 0.000000e+0 -1.000000e+0
    outer loop
      vertex -1.319911e+1 2.469380e+1 1.270000e+1
      vertex -1.439488e+1 2.401640e+1 1.270000e+1
      vertex -1.632276e+1 2.723288e+1 1.270000e+1
    endloop
  endfacet
  facet normal 0.000000e+0 0.000000e+0 -1.000000e+0
    outer loop
      vertex -1.319911e+1 2.469380e+1 1.270000e+1
      vertex -1.632276e+1 2.723288e+1 1.270000e+1
      vertex -1.496685e+1 2.800100e+1 1.270000e+1
    endloop
  endfacet
  facet normal 0.000000e+0 0.000000e+0 -1.000000e+0
    outer loop
      vertex -1.439488e+1 2.401640e+1 1.270000e+1
      vertex -1.555597e+1 2.328115e+1 1.270000e+1
      vertex -1.763935e+1 2.639916e+1 1.270000e+1
    endloop
  endfacet
  facet normal 0.000000e+0 0.000000e+0 -1.000000e+0
    outer loop
      vertex -1.439488e+1 2.401640e+1 1.270000e+1
      vertex -1.763935e+1 2.639916e+1 1.270000e+1
      vertex -1.632276e+1 2.723288e+1 1.270000e+1
    endloop
  endfacet
  facet normal 0.000000e+0 0.000000e+0 -1.000000e+0
    outer loop
      vertex -1.555597e+1 2.328115e+1 1.270000e+1
      vertex -1.667958e+1 2.248981e+1 1.270000e+1
      vertex -1.891345e+1 2.550184e+1 1.270000e+1
    endloop
  endfacet
  facet normal 0.000000e+0 0.000000e+0 -1.000000e+0
    outer loop
      vertex -1.555597e+1 2.328115e+1 1.270000e+1
      vertex -1.891345e+1 2.550184e+1 1.270000e+1
      vertex -1.763935e+1 2.639916e+1 1.270000e+1
    endloop
  endfacet
  facet normal 0.000000e+0 0.000000e+0 -1.000000e+0
    outer loop
      vertex -1.667958e+1 2.248981e+1 1.270000e+1
      vertex -1.776301e+1 2.164429e+1 1.270000e+1
      vertex -2.014199e+1 2.454308e+1 1.270000e+1
    endloop
  endfacet
  facet normal 0.000000e+0 0.000000e+0 -1.000000e+0
    outer loop
      vertex -1.667958e+1 2.248981e+1 1.270000e+1
      vertex -2.014199e+1 2.454308e+1 1.270000e+1
      vertex -1.891345e+1 2.550184e+1 1.270000e+1
    endloop
  endfacet
  facet normal 0.000000e+0 0.000000e+0 -1.000000e+0
    outer loop
      vertex -1.776301e+1 2.164429e+1 1.270000e+1
      vertex -1.880365e+1 2.074663e+1 1.270000e+1
      vertex -2.132200e+1 2.352520e+1 1.270000e+1
    endloop
  endfacet
  facet normal 0.000000e+0 0.000000e+0 -1.000000e+0
    outer loop
      vertex -1.776301e+1 2.164429e+1 1.270000e+1
      vertex -2.132200e+1 2.352520e+1 1.270000e+1
      vertex -2.014199e+1 2.454308e+1 1.270000e+1
    endloop
  endfacet
  facet normal 0.000000e+0 0.000000e+0 -1.000000e+0
    outer loop
      vertex -1.880365e+1 2.074663e+1 1.270000e+1
      vertex -1.979899e+1 1.979899e+1 1.270000e+1
      vertex -2.245064e+1 2.245064e+1 1.270000e+1
    endloop
  endfacet
  facet normal 0.000000e+0 0.000000e+0 -1.000000e+0
    outer loop
      vertex -1.880365e+1 2.074663e+1 1.270000e+1
      vertex -2.245064e+1 2.245064e+1 1.270000e+1
      vertex -2.132200e+1 2.352520e+1 1.270000e+1
    endloop
  endfacet
  facet normal 0.000000e+0 0.000000e+0 -1.000000e+0
    outer loop
      vertex -1.979899e+1 1.979899e+1 1.270000e+1
      vertex -2.074663e+1 1.880365e+1 1.270000e+1
      vertex -2.352520e+1 2.132200e+1 1.270000e+1
    endloop
  endfacet
  facet normal 0.000000e+0 0.000000e+0 -1.000000e+0
    outer loop
      vertex -1.979899e+1 1.979899e+1 1.270000e+1
      vertex -2.352520e+1 2.132200e+1 1.270000e+1
      vertex -2.245064e+1 2.245064e+1 1.270000e+1
    endloop
  endfacet
  facet normal 0.000000e+0 0.000000e+0 -1.000000e+0
    outer loop
      vertex -2.074663e+1 1.880365e+1 1.270000e+1
      vertex -2.164429e+1 1.776301e+1 1.270000e+1
      vertex -2.454308e+1 2.014199e+1 1.270000e+1
    endloop
  endfacet
  facet normal 0.000000e+0 0.000000e+0 -1.000000e+0
    outer loop
      vertex -2.074663e+1 1.880365e+1 1.270000e+1
      vertex -2.454308e+1 2.014199e+1 1.270000e+1
      vertex -2.352520e+1 2.132200e+1 1.270000e+1
    endloop
  endfacet
  facet normal 0.000000e+0 0.000000e+0 -1.000000e+0
    outer loop
      vertex -2.164429e+1 1.776301e+1 1.270000e+1
      vertex -2.248981e+1 1.667958e+1 1.270000e+1
      vertex -2.550184e+1 1.891345e+1 1.270000e+1
    endloop
  endfacet
  facet normal 0.000000e+0 0.000000e+0 -1.000000e+0
    outer loop
      vertex -2.164429e+1 1.776301e+1 1.270000e+1
      vertex -2.550184e+1 1.891345e+1 1.270000e+1
      vertex -2.454308e+1 2.014199e+1 1.270000e+1
    endloop
  endfacet
  facet normal 0.000000e+0 0.000000e+0 -1.000000e+0
    outer loop
      vertex -2.248981e+1 1.667958e+1 1.270000e+1
      vertex -2.328115e+1 1.555597e+1 1.270000e+1
      vertex -2.639916e+1 1.763935e+1 1.270000e+1
    endloop
  endfacet
  facet normal 0.000000e+0 0.000000e+0 -1.000000e+0
    outer loop
      vertex -2.248981e+1 1.667958e+1 1.270000e+1
      vertex -2.639916e+1 1.763935e+1 1.270000e+1
      vertex -2.550184e+1 1.891345e+1 1.270000e+1
    endloop
  endfacet
  facet normal 0.000000e+0 0.000000e+0 -1.000000e+0
    outer loop
      vertex -2.328115e+1 1.555597e+1 1.270000e+1
      vertex -2.401640e+1 1.439488e+1 1.270000e+1
      vertex -2.723288e+1 1.632276e+1 1.270000e+1
    endloop
  endfacet
  facet normal 0.000000e+0 0.000000e+0 -1.000000e+0
    outer loop
      vertex -2.328115e+1 1.555597e+1 1.270000e+1
      vertex -2.723288e+1 1.632276e+1 1.270000e+1
      vertex -2.639916e+1 1.763935e+1 1.270000e+1
    endloop
  endfacet
  facet normal 0.000000e+0 0.000000e+0 -1.000000e+0
    outer loop
      vertex -2.401640e+1 1.439488e+1 1.270000e+1
      vertex -2.469380e+1 1.319911e+1 1.270000e+1
      vertex -2.800100e+1 1.496685e+1 1.270000e+1
    endloop
  endfacet
  facet normal 0.000000e+0 0.000000e+0 -1.000000e+0
    outer loop
      vertex -2.401640e+1 1.439488e+1 1.270000e+1
      vertex -2.800100e+1 1.496685e+1 1.270000e+1
      vertex -2.723288e+1 1.632276e+1 1.270000e+1
    endloop
  endfacet
  facet normal 0.000000e+0 0.000000e+0 -1.000000e+0
    outer loop
      vertex -2.469380e+1 1.319911e+1 1.270000e+1
      vertex -2.531170e+1 1.197154e+1 1.270000e+1
      vertex -2.870166e+1 1.357487e+1 1.270000e+1
    endloop
  endfacet
  facet normal 0.000000e+0 0.000000e+0 -1.000000e+0
    outer loop
      vertex -2.469380e+1 1.319911e+1 1.270000e+1
      vertex -2.870166e+1 1.357487e+1 1.270000e+1
      vertex -2.800100e+1 1.496685e+1 1.270000e+1
    endloop
  endfacet
  facet normal 0.000000e+0 0.000000e+0 -1.000000e+0
    outer loop
      vertex -2.531170e+1 1.197154e+1 1.270000e+1
      vertex -2.586863e+1 1.071514e+1 1.270000e+1
      vertex -2.933318e+1 1.215020e+1 1.270000e+1
    endloop
  endfacet
  facet normal 0.000000e+0 0.000000e+0 -1.000000e+0
    outer loop
      vertex -2.531170e+1 1.197154e+1 1.270000e+1
      vertex -2.933318e+1 1.215020e+1 1.270000e+1
      vertex -2.870166e+1 1.357487e+1 1.270000e+1
    endloop
  endfacet
  facet normal 0.000000e+0 0.000000e+0 -1.000000e+0
    outer loop
      vertex -2.586863e+1 1.071514e+1 1.270000e+1
      vertex -2.636323e+1 9.432916e+0 1.270000e+1
      vertex -2.989402e+1 1.069625e+1 1.270000e+1
    endloop
  endfacet
  facet normal 0.000000e+0 0.000000e+0 -1.000000e+0
    outer loop
      vertex -2.586863e+1 1.071514e+1 1.270000e+1
      vertex -2.989402e+1 1.069625e+1 1.270000e+1
      vertex -2.933318e+1 1.215020e+1 1.270000e+1
    endloop
  endfacet
  facet normal 0.000000e+0 0.000000e+0 -1.000000e+0
    outer loop
      vertex -2.636323e+1 9.432916e+0 1.270000e+1
      vertex -2.679433e+1 8.127971e+0 1.270000e+1
      vertex -3.038286e+1 9.216539e+0 1.270000e+1
    endloop
  endfacet
  facet normal 0.000000e+0 0.000000e+0 -1.000000e+0
    outer loop
      vertex -2.636323e+1 9.432916e+0 1.270000e+1
      vertex -3.038286e+1 9.216539e+0 1.270000e+1
      vertex -2.989402e+1 1.069625e+1 1.270000e+1
    endloop
  endfacet
  facet normal 0.000000e+0 0.000000e+0 -1.000000e+0
    outer loop
      vertex -2.679433e+1 8.127971e+0 1.270000e+1
      vertex -2.716088e+1 6.803445e+0 1.270000e+1
      vertex -3.079849e+1 7.714621e+0 1.270000e+1
    endloop
  endfacet
  facet normal 0.000000e+0 0.000000e+0 -1.000000e+0
    outer loop
      vertex -2.679433e+1 8.127971e+0 1.270000e+1
      vertex -3.079849e+1 7.714621e+0 1.270000e+1
      vertex -3.038286e+1 9.216539e+0 1.270000e+1
    endloop
  endfacet
  facet normal 0.000000e+0 0.000000e+0 -1.000000e+0
    outer loop
      vertex -2.716088e+1 6.803445e+0 1.270000e+1
      vertex -2.746199e+1 5.462529e+0 1.270000e+1
      vertex -3.113993e+1 6.194118e+0 1.270000e+1
    endloop
  endfacet
  facet normal 0.000000e+0 0.000000e+0 -1.000000e+0
    outer loop
      vertex -2.716088e+1 6.803445e+0 1.270000e+1
      vertex -3.113993e+1 6.194118e+0 1.270000e+1
      vertex -3.079849e+1 7.714621e+0 1.270000e+1
    endloop
  endfacet
  facet normal 0.000000e+0 0.000000e+0 -1.000000e+0
    outer loop
      vertex -2.746199e+1 5.462529e+0 1.270000e+1
      vertex -2.769694e+1 4.108453e+0 1.270000e+1
      vertex -3.140635e+1 4.658693e+0 1.270000e+1
    endloop
  endfacet
  facet normal 0.000000e+0 0.000000e+0 -1.000000e+0
    outer loop
      vertex -2.746199e+1 5.462529e+0 1.270000e+1
      vertex -3.140635e+1 4.658693e+0 1.270000e+1
      vertex -3.113993e+1 6.194118e+0 1.270000e+1
    endloop
  endfacet
  facet normal 0.000000e+0 0.000000e+0 -1.000000e+0
    outer loop
      vertex -2.769694e+1 4.108453e+0 1.270000e+1
      vertex -2.786517e+1 2.744480e+0 1.270000e+1
      vertex -3.159712e+1 3.112044e+0 1.270000e+1
    endloop
  endfacet
  facet normal 0.000000e+0 0.000000e+0 -1.000000e+0
    outer loop
      vertex -2.769694e+1 4.108453e+0 1.270000e+1
      vertex -3.159712e+1 3.112044e+0 1.270000e+1
      vertex -3.140635e+1 4.658693e+0 1.270000e+1
    endloop
  endfacet
  facet normal 0.000000e+0 0.000000e+0 -1.000000e+0
    outer loop
      vertex -2.786517e+1 2.744480e+0 1.270000e+1
      vertex -2.796627e+1 1.373895e+0 1.270000e+1
      vertex -3.171176e+1 1.557899e+0 1.270000e+1
    endloop
  endfacet
  facet normal 0.000000e+0 0.000000e+0 -1.000000e+0
    outer loop
      vertex -2.786517e+1 2.744480e+0 1.270000e+1
      vertex -3.171176e+1 1.557899e+0 1.270000e+1
      vertex -3.159712e+1 3.112044e+0 1.270000e+1
    endloop
  endfacet
  facet normal 0.000000e+0 0.000000e+0 -1.000000e+0
    outer loop
      vertex -2.796627e+1 1.373895e+0 1.270000e+1
      vertex -2.800000e+1 3.429011e-15 1.270000e+1
      vertex -3.175000e+1 3.888254e-15 1.270000e+1
    endloop
  endfacet
  facet normal 0.000000e+0 0.000000e+0 -1.000000e+0
    outer loop
      vertex -2.796627e+1 1.373895e+0 1.270000e+1
      vertex -3.175000e+1 3.888254e-15 1.270000e+1
      vertex -3.171176e+1 1.557899e+0 1.270000e+1
    endloop
  endfacet
  facet normal 0.000000e+0 0.000000e+0 -1.000000e+0
    outer loop
      vertex -2.800000e+1 3.429011e-15 1.270000e+1
      vertex -2.796627e+1 -1.373895e+0 1.270000e+1
      vertex -3.171176e+1 -1.557899e+0 1.270000e+1
    endloop
  endfacet
  facet normal 0.000000e+0 0.000000e+0 -1.000000e+0
    outer loop
      vertex -2.800000e+1 3.429011e-15 1.270000e+1
      vertex -3.171176e+1 -1.557899e+0 1.270000e+1
      vertex -3.175000e+1 3.888254e-15 1.270000e+1
    endloop
  endfacet
  facet normal 0.000000e+0 0.000000e+0 -1.000000e+0
    outer loop
      vertex -2.796627e+1 -1.373895e+0 1.270000e+1
      vertex -2.786517e+1 -2.744480e+0 1.270000e+1
      vertex -3.159712e+1 -3.112044e+0 1.270000e+1
    endloop
  endfacet
  facet normal 0.000000e+0 0.000000e+0 -1.000000e+0
    outer loop
      vertex -2.796627e+1 -1.373895e+0 1.270000e+1
      vertex -3.159712e+1 -3.112044e+0 1.270000e+1
      vertex -3.171176e+1 -1.557899e+0 1.270000e+1
    endloop
  endfacet
  facet normal 0.000000e+0 0.000000e+0 -1.000000e+0
    outer loop
      vertex -2.786517e+1 -2.744480e+0 1.270000e+1
      vertex -2.769694e+1 -4.108453e+0 1.270000e+1
      vertex -3.140635e+1 -4.658693e+0 1.270000e+1
    endloop
  endfacet
  facet normal 0.000000e+0 0.000000e+0 -1.000000e+0
    outer loop
      vertex -2.786517e+1 -2.744480e+0 1.270000e+1
      vertex -3.140635e+1 -4.658693e+0 1.270000e+1
      vertex -3.159712e+1 -3.112044e+0 1.270000e+1
    endloop
  endfacet
  facet normal 0.000000e+0 0.000000e+0 -1.000000e+0
    outer loop
      vertex -2.769694e+1 -4.108453e+0 1.270000e+1
      vertex -2.746199e+1 -5.462529e+0 1.270000e+1
      vertex -3.113993e+1 -6.194118e+0 1.270000e+1
    endloop
  endfacet
  facet normal 0.000000e+0 0.000000e+0 -1.000000e+0
    outer loop
      vertex -2.769694e+1 -4.108453e+0 1.270000e+1
      vertex -3.113993e+1 -6.194118e+0 1.270000e+1
      vertex -3.140635e+1 -4.658693e+0 1.270000e+1
    endloop
  endfacet
  facet normal 0.000000e+0 0.000000e+0 -1.000000e+0
    outer loop
      vertex -2.746199e+1 -5.462529e+0 1.270000e+1
      vertex -2.716088e+1 -6.803445e+0 1.270000e+1
      vertex -3.079849e+1 -7.714621e+0 1.270000e+1
    endloop
  endfacet
  facet normal 0.000000e+0 0.000000e+0 -1.000000e+0
    outer loop
      vertex -2.746199e+1 -5.462529e+0 1.270000e+1
      vertex -3.079849e+1 -7.714621e+0 1.270000e+1
      vertex -3.113993e+1 -6.194118e+0 1.270000e+1
    endloop
  endfacet
  facet normal 0.000000e+0 0.000000e+0 -1.000000e+0
    outer loop
      vertex -2.716088e+1 -6.803445e+0 1.270000e+1
      vertex -2.679433e+1 -8.127971e+0 1.270000e+1
      vertex -3.038286e+1 -9.216539e+0 1.270000e+1
    endloop
  endfacet
  facet normal 0.000000e+0 0.000000e+0 -1.000000e+0
    outer loop
      vertex -2.716088e+1 -6.803445e+0 1.270000e+1
      vertex -3.038286e+1 -9.216539e+0 1.270000e+1
      vertex -3.079849e+1 -7.714621e+0 1.270000e+1
    endloop
  endfacet
  facet normal 0.000000e+0 0.000000e+0 -1.000000e+0
    outer loop
      vertex -2.679433e+1 -8.127971e+0 1.270000e+1
      vertex -2.636323e+1 -9.432916e+0 1.270000e+1
      vertex -2.989402e+1 -1.069625e+1 1.270000e+1
    endloop
  endfacet
  facet normal 0.000000e+0 0.000000e+0 -1.000000e+0
    outer loop
      vertex -2.679433e+1 -8.127971e+0 1.270000e+1
      vertex -2.989402e+1 -1.069625e+1 1.270000e+1
      vertex -3.038286e+1 -9.216539e+0 1.270000e+1
    endloop
  endfacet
  facet normal 0.000000e+0 0.000000e+0 -1.000000e+0
    outer loop
      vertex -2.636323e+1 -9.432916e+0 1.270000e+1
      vertex -2.586863e+1 -1.071514e+1 1.270000e+1
      vertex -2.933318e+1 -1.215020e+1 1.270000e+1
    endloop
  endfacet
  facet normal 0.000000e+0 0.000000e+0 -1.000000e+0
    outer loop
      vertex -2.636323e+1 -9.432916e+0 1.270000e+1
      vertex -2.933318e+1 -1.215020e+1 1.270000e+1
      vertex -2.989402e+1 -1.069625e+1 1.270000e+1
    endloop
  endfacet
  facet normal 0.000000e+0 0.000000e+0 -1.000000e+0
    outer loop
      vertex -2.586863e+1 -1.071514e+1 1.270000e+1
      vertex -2.531170e+1 -1.197154e+1 1.270000e+1
      vertex -2.870166e+1 -1.357487e+1 1.270000e+1
    endloop
  endfacet
  facet normal 0.000000e+0 0.000000e+0 -1.000000e+0
    outer loop
      vertex -2.586863e+1 -1.071514e+1 1.270000e+1
      vertex -2.870166e+1 -1.357487e+1 1.270000e+1
      vertex -2.933318e+1 -1.215020e+1 1.270000e+1
    endloop
  endfacet
  facet normal 0.000000e+0 0.000000e+0 -1.000000e+0
    outer loop
      vertex -2.531170e+1 -1.197154e+1 1.270000e+1
      vertex -2.469380e+1 -1.319911e+1 1.270000e+1
      vertex -2.800100e+1 -1.496685e+1 1.270000e+1
    endloop
  endfacet
  facet normal 0.000000e+0 0.000000e+0 -1.000000e+0
    outer loop
      vertex -2.531170e+1 -1.197154e+1 1.270000e+1
      vertex -2.800100e+1 -1.496685e+1 1.270000e+1
      vertex -2.870166e+1 -1.357487e+1 1.270000e+1
    endloop
  endfacet
  facet normal 0.000000e+0 0.000000e+0 -1.000000e+0
    outer loop
      vertex -2.469380e+1 -1.319911e+1 1.270000e+1
      vertex -2.401640e+1 -1.439488e+1 1.270000e+1
      vertex -2.723288e+1 -1.632276e+1 1.270000e+1
    endloop
  endfacet
  facet normal 0.000000e+0 0.000000e+0 -1.000000e+0
    outer loop
      vertex -2.469380e+1 -1.319911e+1 1.270000e+1
      vertex -2.723288e+1 -1.632276e+1 1.270000e+1
      vertex -2.800100e+1 -1.496685e+1 1.270000e+1
    endloop
  endfacet
  facet normal 0.000000e+0 0.000000e+0 -1.000000e+0
    outer loop
      vertex -2.401640e+1 -1.439488e+1 1.270000e+1
      vertex -2.328115e+1 -1.555597e+1 1.270000e+1
      vertex -2.639916e+1 -1.763935e+1 1.270000e+1
    endloop
  endfacet
  facet normal 0.000000e+0 0.000000e+0 -1.000000e+0
    outer loop
      vertex -2.401640e+1 -1.439488e+1 1.270000e+1
      vertex -2.639916e+1 -1.763935e+1 1.270000e+1
      vertex -2.723288e+1 -1.632276e+1 1.270000e+1
    endloop
  endfacet
  facet normal 0.000000e+0 0.000000e+0 -1.000000e+0
    outer loop
      vertex -2.328115e+1 -1.555597e+1 1.270000e+1
      vertex -2.248981e+1 -1.667958e+1 1.270000e+1
      vertex -2.550184e+1 -1.891345e+1 1.270000e+1
    endloop
  endfacet
  facet normal 0.000000e+0 0.000000e+0 -1.000000e+0
    outer loop
      vertex -2.328115e+1 -1.555597e+1 1.270000e+1
      vertex -2.550184e+1 -1.891345e+1 1.270000e+1
      vertex -2.639916e+1 -1.763935e+1 1.270000e+1
    endloop
  endfacet
  facet normal 0.000000e+0 0.000000e+0 -1.000000e+0
    outer loop
      vertex -2.248981e+1 -1.667958e+1 1.270000e+1
      vertex -2.164429e+1 -1.776301e+1 1.270000e+1
      vertex -2.454308e+1 -2.014199e+1 1.270000e+1
    endloop
  endfacet
  facet normal 0.000000e+0 0.000000e+0 -1.000000e+0
    outer loop
      vertex -2.248981e+1 -1.667958e+1 1.270000e+1
      vertex -2.454308e+1 -2.014199e+1 1.270000e+1
      vertex -2.550184e+1 -1.891345e+1 1.270000e+1
    endloop
  endfacet
  facet normal 0.000000e+0 0.000000e+0 -1.000000e+0
    outer loop
      vertex -2.164429e+1 -1.776301e+1 1.270000e+1
      vertex -2.074663e+1 -1.880365e+1 1.270000e+1
      vertex -2.352520e+1 -2.132200e+1 1.270000e+1
    endloop
  endfacet
  facet normal 0.000000e+0 0.000000e+0 -1.000000e+0
    outer loop
      vertex -2.164429e+1 -1.776301e+1 1.270000e+1
      vertex -2.352520e+1 -2.132200e+1 1.270000e+1
      vertex -2.454308e+1 -2.014199e+1 1.270000e+1
    endloop
  endfacet
  facet normal 0.000000e+0 0.000000e+0 -1.000000e+0
    outer loop
      vertex -2.074663e+1 -1.880365e+1 1.270000e+1
      vertex -1.979899e+1 -1.979899e+1 1.270000e+1
      vertex -2.245064e+1 -2.245064e+1 1.270000e+1
    endloop
  endfacet
  facet normal 0.000000e+0 0.000000e+0 -1.000000e+0
    outer loop
      vertex -2.074663e+1 -1.880365e+1 1.270000e+1
      vertex -2.245064e+1 -2.245064e+1 1.270000e+1
      vertex -2.352520e+1 -2.132200e+1 1.270000e+1
    endloop
  endfacet
  facet normal 0.000000e+0 0.000000e+0 -1.000000e+0
    outer loop
      vertex -1.979899e+1 -1.979899e+1 1.270000e+1
      vertex -1.880365e+1 -2.074663e+1 1.270000e+1
      vertex -2.132200e+1 -2.352520e+1 1.270000e+1
    endloop
  endfacet
  facet normal 0.000000e+0 0.000000e+0 -1.000000e+0
    outer loop
      vertex -1.979899e+1 -1.979899e+1 1.270000e+1
      vertex -2.132200e+1 -2.352520e+1 1.270000e+1
      vertex -2.245064e+1 -2.245064e+1 1.270000e+1
    endloop
  endfacet
  facet normal 0.000000e+0 0.000000e+0 -1.000000e+0
    outer loop
      vertex -1.880365e+1 -2.074663e+1 1.270000e+1
      vertex -1.776301e+1 -2.164429e+1 1.270000e+1
      vertex -2.014199e+1 -2.454308e+1 1.270000e+1
    endloop
  endfacet
  facet normal 0.000000e+0 0.000000e+0 -1.000000e+0
    outer loop
      vertex -1.880365e+1 -2.074663e+1 1.270000e+1
      vertex -2.014199e+1 -2.454308e+1 1.270000e+1
      vertex -2.132200e+1 -2.352520e+1 1.270000e+1
    endloop
  endfacet
  facet normal 0.000000e+0 0.000000e+0 -1.000000e+0
    outer loop
      vertex -1.776301e+1 -2.164429e+1 1.270000e+1
      vertex -1.667958e+1 -2.248981e+1 1.270000e+1
      vertex -1.891345e+1 -2.550184e+1 1.270000e+1
    endloop
  endfacet
  facet normal 0.000000e+0 0.000000e+0 -1.000000e+0
    outer loop
      vertex -1.776301e+1 -2.164429e+1 1.270000e+1
      vertex -1.891345e+1 -2.550184e+1 1.270000e+1
      vertex -2.014199e+1 -2.454308e+1 1.270000e+1
    endloop
  endfacet
  facet normal 0.000000e+0 0.000000e+0 -1.000000e+0
    outer loop
      vertex -1.667958e+1 -2.248981e+1 1.270000e+1
      vertex -1.555597e+1 -2.328115e+1 1.270000e+1
      vertex -1.763935e+1 -2.639916e+1 1.270000e+1
    endloop
  endfacet
  facet normal 0.000000e+0 0.000000e+0 -1.000000e+0
    outer loop
      vertex -1.667958e+1 -2.248981e+1 1.270000e+1
      vertex -1.763935e+1 -2.639916e+1 1.270000e+1
      vertex -1.891345e+1 -2.550184e+1 1.270000e+1
    endloop
  endfacet
  facet normal 0.000000e+0 0.000000e+0 -1.000000e+0
    outer loop
      vertex -1.555597e+1 -2.328115e+1 1.270000e+1
      vertex -1.439488e+1 -2.401640e+1 1.270000e+1
      vertex -1.632276e+1 -2.723288e+1 1.270000e+1
    endloop
  endfacet
  facet normal 0.000000e+0 0.000000e+0 -1.000000e+0
    outer loop
      vertex -1.555597e+1 -2.328115e+1 1.270000e+1
      vertex -1.632276e+1 -2.723288e+1 1.270000e+1
      vertex -1.763935e+1 -2.639916e+1 1.270000e+1
    endloop
  endfacet
  facet normal 0.000000e+0 0.000000e+0 -1.000000e+0
    outer loop
      vertex -1.439488e+1 -2.401640e+1 1.270000e+1
      vertex -1.319911e+1 -2.469380e+1 1.270000e+1
      vertex -1.496685e+1 -2.800100e+1 1.270000e+1
    endloop
  endfacet
  facet normal 0.000000e+0 0.000000e+0 -1.000000e+0
    outer loop
      vertex -1.439488e+1 -2.401640e+1 1.270000e+1
      vertex -1.496685e+1 -2.800100e+1 1.270000e+1
      vertex -1.632276e+1 -2.723288e+1 1.270000e+1
    endloop
  endfacet
  facet normal 0.000000e+0 0.000000e+0 -1.000000e+0
    outer loop
      vertex -1.319911e+1 -2.469380e+1 1.270000e+1
      vertex -1.197154e+1 -2.531170e+1 1.270000e+1
      vertex -1.357487e+1 -2.870166e+1 1.270000e+1
    endloop
  endfacet
  facet normal 0.000000e+0 0.000000e+0 -1.000000e+0
    outer loop
      vertex -1.319911e+1 -2.469380e+1 1.270000e+1
      vertex -1.357487e+1 -2.870166e+1 1.270000e+1
      vertex -1.496685e+1 -2.800100e+1 1.270000e+1
    endloop
  endfacet
  facet normal 0.000000e+0 0.000000e+0 -1.000000e+0
    outer loop
      vertex -1.197154e+1 -2.531170e+1 1.270000e+1
      vertex -1.071514e+1 -2.586863e+1 1.270000e+1
      vertex -1.215020e+1 -2.933318e+1 1.270000e+1
    endloop
  endfacet
  facet normal 0.000000e+0 0.000000e+0 -1.000000e+0
    outer loop
      vertex -1.197154e+1 -2.531170e+1 1.270000e+1
      vertex -1.215020e+1 -2.933318e+1 1.270000e+1
      vertex -1.357487e+1 -2.870166e+1 1.270000e+1
    endloop
  endfacet
  facet normal 0.000000e+0 0.000000e+0 -1.000000e+0
    outer loop
      vertex -1.071514e+1 -2.586863e+1 1.270000e+1
      vertex -9.432916e+0 -2.636323e+1 1.270000e+1
      vertex -1.069625e+1 -2.989402e+1 1.270000e+1
    endloop
  endfacet
  facet normal 0.000000e+0 0.000000e+0 -1.000000e+0
    outer loop
      vertex -1.071514e+1 -2.586863e+1 1.270000e+1
      vertex -1.069625e+1 -2.989402e+1 1.270000e+1
      vertex -1.215020e+1 -2.933318e+1 1.270000e+1
    endloop
  endfacet
  facet normal 0.000000e+0 0.000000e+0 -1.000000e+0
    outer loop
      vertex -9.432916e+0 -2.636323e+1 1.270000e+1
      vertex -8.127971e+0 -2.679433e+1 1.270000e+1
      vertex -9.216539e+0 -3.038286e+1 1.270000e+1
    endloop
  endfacet
  facet normal 0.000000e+0 0.000000e+0 -1.000000e+0
    outer loop
      vertex -9.432916e+0 -2.636323e+1 1.270000e+1
      vertex -9.216539e+0 -3.038286e+1 1.270000e+1
      vertex -1.069625e+1 -2.989402e+1 1.270000e+1
    endloop
  endfacet
  facet normal 0.000000e+0 0.000000e+0 -1.000000e+0
    outer loop
      vertex -8.127971e+0 -2.679433e+1 1.270000e+1
      vertex -6.803445e+0 -2.716088e+1 1.270000e+1
      vertex -7.714621e+0 -3.079849e+1 1.270000e+1
    endloop
  endfacet
  facet normal 0.000000e+0 0.000000e+0 -1.000000e+0
    outer loop
      vertex -8.127971e+0 -2.679433e+1 1.270000e+1
      vertex -7.714621e+0 -3.079849e+1 1.270000e+1
      vertex -9.216539e+0 -3.038286e+1 1.270000e+1
    endloop
  endfacet
  facet normal 0.000000e+0 0.000000e+0 -1.000000e+0
    outer loop
      vertex -6.803445e+0 -2.716088e+1 1.270000e+1
      vertex -5.462529e+0 -2.746199e+1 1.270000e+1
      vertex -6.194118e+0 -3.113993e+1 1.270000e+1
    endloop
  endfacet
  facet normal 0.000000e+0 0.000000e+0 -1.000000e+0
    outer loop
      vertex -6.803445e+0 -2.716088e+1 1.270000e+1
      vertex -6.194118e+0 -3.113993e+1 1.270000e+1
      vertex -7.714621e+0 -3.079849e+1 1.270000e+1
    endloop
  endfacet
  facet normal 0.000000e+0 0.000000e+0 -1.000000e+0
    outer loop
      vertex -5.462529e+0 -2.746199e+1 1.270000e+1
      vertex -4.108453e+0 -2.769694e+1 1.270000e+1
      vertex -4.658693e+0 -3.140635e+1 1.270000e+1
    endloop
  endfacet
  facet normal 0.000000e+0 0.000000e+0 -1.000000e+0
    outer loop
      vertex -5.462529e+0 -2.746199e+1 1.270000e+1
      vertex -4.658693e+0 -3.140635e+1 1.270000e+1
      vertex -6.194118e+0 -3.113993e+1 1.270000e+1
    endloop
  endfacet
  facet normal 0.000000e+0 0.000000e+0 -1.000000e+0
    outer loop
      vertex -4.108453e+0 -2.769694e+1 1.270000e+1
      vertex -2.744480e+0 -2.786517e+1 1.270000e+1
      vertex -3.112044e+0 -3.159712e+1 1.270000e+1
    endloop
  endfacet
  facet normal 0.000000e+0 0.000000e+0 -1.000000e+0
    outer loop
      vertex -4.108453e+0 -2.769694e+1 1.270000e+1
      vertex -3.112044e+0 -3.159712e+1 1.270000e+1
      vertex -4.658693e+0 -3.140635e+1 1.270000e+1
    endloop
  endfacet
  facet normal 0.000000e+0 0.000000e+0 -1.000000e+0
    outer loop
      vertex -2.744480e+0 -2.786517e+1 1.270000e+1
      vertex -1.373895e+0 -2.796627e+1 1.270000e+1
      vertex -1.557899e+0 -3.171176e+1 1.270000e+1
    endloop
  endfacet
  facet normal 0.000000e+0 0.000000e+0 -1.000000e+0
    outer loop
      vertex -2.744480e+0 -2.786517e+1 1.270000e+1
      vertex -1.557899e+0 -3.171176e+1 1.270000e+1
      vertex -3.112044e+0 -3.159712e+1 1.270000e+1
    endloop
  endfacet
  facet normal 0.000000e+0 0.000000e+0 -1.000000e+0
    outer loop
      vertex -1.373895e+0 -2.796627e+1 1.270000e+1
      vertex -5.143517e-15 -2.800000e+1 1.270000e+1
      vertex -5.832380e-15 -3.175000e+1 1.270000e+1
    endloop
  endfacet
  facet normal 0.000000e+0 0.000000e+0 -1.000000e+0
    outer loop
      vertex -1.373895e+0 -2.796627e+1 1.270000e+1
      vertex -5.832380e-15 -3.175000e+1 1.270000e+1
      vertex -1.557899e+0 -3.171176e+1 1.270000e+1
    endloop
  endfacet
  facet normal 0.000000e+0 0.000000e+0 -1.000000e+0
    outer loop
      vertex -5.143517e-15 -2.800000e+1 1.270000e+1
      vertex 1.373895e+0 -2.796627e+1 1.270000e+1
      vertex 1.557899e+0 -3.171176e+1 1.270000e+1
    endloop
  endfacet
  facet normal 0.000000e+0 0.000000e+0 -1.000000e+0
    outer loop
      vertex -5.143517e-15 -2.800000e+1 1.270000e+1
      vertex 1.557899e+0 -3.171176e+1 1.270000e+1
      vertex -5.832380e-15 -3.175000e+1 1.270000e+1
    endloop
  endfacet
  facet normal 0.000000e+0 0.000000e+0 -1.000000e+0
    outer loop
      vertex 1.373895e+0 -2.796627e+1 1.270000e+1
      vertex 2.744480e+0 -2.786517e+1 1.270000e+1
      vertex 3.112044e+0 -3.159712e+1 1.270000e+1
    endloop
  endfacet
  facet normal 0.000000e+0 0.000000e+0 -1.000000e+0
    outer loop
      vertex 1.373895e+0 -2.796627e+1 1.270000e+1
      vertex 3.112044e+0 -3.159712e+1 1.270000e+1
      vertex 1.557899e+0 -3.171176e+1 1.270000e+1
    endloop
  endfacet
  facet normal 0.000000e+0 0.000000e+0 -1.000000e+0
    outer loop
      vertex 2.744480e+0 -2.786517e+1 1.270000e+1
      vertex 4.108453e+0 -2.769694e+1 1.270000e+1
      vertex 4.658693e+0 -3.140635e+1 1.270000e+1
    endloop
  endfacet
  facet normal 0.000000e+0 0.000000e+0 -1.000000e+0
    outer loop
      vertex 2.744480e+0 -2.786517e+1 1.270000e+1
      vertex 4.658693e+0 -3.140635e+1 1.270000e+1
      vertex 3.112044e+0 -3.159712e+1 1.270000e+1
    endloop
  endfacet
  facet normal 0.000000e+0 0.000000e+0 -1.000000e+0
    outer loop
      vertex 4.108453e+0 -2.769694e+1 1.270000e+1
      vertex 5.462529e+0 -2.746199e+1 1.270000e+1
      vertex 6.194118e+0 -3.113993e+1 1.270000e+1
    endloop
  endfacet
  facet normal 0.000000e+0 0.000000e+0 -1.000000e+0
    outer loop
      vertex 4.108453e+0 -2.769694e+1 1.270000e+1
      vertex 6.194118e+0 -3.113993e+1 1.270000e+1
      vertex 4.658693e+0 -3.140635e+1 1.270000e+1
    endloop
  endfacet
  facet normal 0.000000e+0 0.000000e+0 -1.000000e+0
    outer loop
      vertex 5.462529e+0 -2.746199e+1 1.270000e+1
      vertex 6.803445e+0 -2.716088e+1 1.270000e+1
      vertex 7.714621e+0 -3.079849e+1 1.270000e+1
    endloop
  endfacet
  facet normal 0.000000e+0 0.000000e+0 -1.000000e+0
    outer loop
      vertex 5.462529e+0 -2.746199e+1 1.270000e+1
      vertex 7.714621e+0 -3.079849e+1 1.270000e+1
      vertex 6.194118e+0 -3.113993e+1 1.270000e+1
    endloop
  endfacet
  facet normal 0.000000e+0 0.000000e+0 -1.000000e+0
    outer loop
      vertex 6.803445e+0 -2.716088e+1 1.270000e+1
      vertex 8.127971e+0 -2.679433e+1 1.270000e+1
      vertex 9.216539e+0 -3.038286e+1 1.270000e+1
    endloop
  endfacet
  facet normal 0.000000e+0 0.000000e+0 -1.000000e+0
    outer loop
      vertex 6.803445e+0 -2.716088e+1 1.270000e+1
      vertex 9.216539e+0 -3.038286e+1 1.270000e+1
      vertex 7.714621e+0 -3.079849e+1 1.270000e+1
    endloop
  endfacet
  facet normal 0.000000e+0 0.000000e+0 -1.000000e+0
    outer loop
      vertex 8.127971e+0 -2.679433e+1 1.270000e+1
      vertex 9.432916e+0 -2.636323e+1 1.270000e+1
      vertex 1.069625e+1 -2.989402e+1 1.270000e+1
    endloop
  endfacet
  facet normal 0.000000e+0 0.000000e+0 -1.000000e+0
    outer loop
      vertex 8.127971e+0 -2.679433e+1 1.270000e+1
      vertex 1.069625e+1 -2.989402e+1 1.270000e+1
      vertex 9.216539e+0 -3.038286e+1 1.270000e+1
    endloop
  endfacet
  facet normal 0.000000e+0 0.000000e+0 -1.000000e+0
    outer loop
      vertex 9.432916e+0 -2.636323e+1 1.270000e+1
      vertex 1.071514e+1 -2.586863e+1 1.270000e+1
      vertex 1.215020e+1 -2.933318e+1 1.270000e+1
    endloop
  endfacet
  facet normal 0.000000e+0 0.000000e+0 -1.000000e+0
    outer loop
      vertex 9.432916e+0 -2.636323e+1 1.270000e+1
      vertex 1.215020e+1 -2.933318e+1 1.270000e+1
      vertex 1.069625e+1 -2.989402e+1 1.270000e+1
    endloop
  endfacet
  facet normal 0.000000e+0 0.000000e+0 -1.000000e+0
    outer loop
      vertex 1.071514e+1 -2.586863e+1 1.270000e+1
      vertex 1.197154e+1 -2.531170e+1 1.270000e+1
      vertex 1.357487e+1 -2.870166e+1 1.270000e+1
    endloop
  endfacet
  facet normal 0.000000e+0 0.000000e+0 -1.000000e+0
    outer loop
      vertex 1.071514e+1 -2.586863e+1 1.270000e+1
      vertex 1.357487e+1 -2.870166e+1 1.270000e+1
      vertex 1.215020e+1 -2.933318e+1 1.270000e+1
    endloop
  endfacet
  facet normal 0.000000e+0 0.000000e+0 -1.000000e+0
    outer loop
      vertex 1.197154e+1 -2.531170e+1 1.270000e+1
      vertex 1.319911e+1 -2.469380e+1 1.270000e+1
      vertex 1.496685e+1 -2.800100e+1 1.270000e+1
    endloop
  endfacet
  facet normal 0.000000e+0 0.000000e+0 -1.000000e+0
    outer loop
      vertex 1.197154e+1 -2.531170e+1 1.270000e+1
      vertex 1.496685e+1 -2.800100e+1 1.270000e+1
      vertex 1.357487e+1 -2.870166e+1 1.270000e+1
    endloop
  endfacet
  facet normal 0.000000e+0 0.000000e+0 -1.000000e+0
    outer loop
      vertex 1.319911e+1 -2.469380e+1 1.270000e+1
      vertex 1.439488e+1 -2.401640e+1 1.270000e+1
      vertex 1.632276e+1 -2.723288e+1 1.270000e+1
    endloop
  endfacet
  facet normal 0.000000e+0 0.000000e+0 -1.000000e+0
    outer loop
      vertex 1.319911e+1 -2.469380e+1 1.270000e+1
      vertex 1.632276e+1 -2.723288e+1 1.270000e+1
      vertex 1.496685e+1 -2.800100e+1 1.270000e+1
    endloop
  endfacet
  facet normal 0.000000e+0 0.000000e+0 -1.000000e+0
    outer loop
      vertex 1.439488e+1 -2.401640e+1 1.270000e+1
      vertex 1.555597e+1 -2.328115e+1 1.270000e+1
      vertex 1.763935e+1 -2.639916e+1 1.270000e+1
    endloop
  endfacet
  facet normal 0.000000e+0 0.000000e+0 -1.000000e+0
    outer loop
      vertex 1.439488e+1 -2.401640e+1 1.270000e+1
      vertex 1.763935e+1 -2.639916e+1 1.270000e+1
      vertex 1.632276e+1 -2.723288e+1 1.270000e+1
    endloop
  endfacet
  facet normal 0.000000e+0 0.000000e+0 -1.000000e+0
    outer loop
      vertex 1.555597e+1 -2.328115e+1 1.270000e+1
      vertex 1.667958e+1 -2.248981e+1 1.270000e+1
      vertex 1.891345e+1 -2.550184e+1 1.270000e+1
    endloop
  endfacet
  facet normal 0.000000e+0 0.000000e+0 -1.000000e+0
    outer loop
      vertex 1.555597e+1 -2.328115e+1 1.270000e+1
      vertex 1.891345e+1 -2.550184e+1 1.270000e+1
      vertex 1.763935e+1 -2.639916e+1 1.270000e+1
    endloop
  endfacet
  facet normal 0.000000e+0 0.000000e+0 -1.000000e+0
    outer loop
      vertex 1.667958e+1 -2.248981e+1 1.270000e+1
      vertex 1.776301e+1 -2.164429e+1 1.270000e+1
      vertex 2.014199e+1 -2.454308e+1 1.270000e+1
    endloop
  endfacet
  facet normal 0.000000e+0 0.000000e+0 -1.000000e+0
    outer loop
      vertex 1.667958e+1 -2.248981e+1 1.270000e+1
      vertex 2.014199e+1 -2.454308e+1 1.270000e+1
      vertex 1.891345e+1 -2.550184e+1 1.270000e+1
    endloop
  endfacet
  facet normal 0.000000e+0 0.000000e+0 -1.000000e+0
    outer loop
      vertex 1.776301e+1 -2.164429e+1 1.270000e+1
      vertex 1.880365e+1 -2.074663e+1 1.270000e+1
      vertex 2.132200e+1 -2.352520e+1 1.270000e+1
    endloop
  endfacet
  facet normal 0.000000e+0 0.000000e+0 -1.000000e+0
    outer loop
      vertex 1.776301e+1 -2.164429e+1 1.270000e+1
      vertex 2.132200e+1 -2.352520e+1 1.270000e+1
      vertex 2.014199e+1 -2.454308e+1 1.270000e+1
    endloop
  endfacet
  facet normal 0.000000e+0 0.000000e+0 -1.000000e+0
    outer loop
      vertex 1.880365e+1 -2.074663e+1 1.270000e+1
      vertex 1.979899e+1 -1.979899e+1 1.270000e+1
      vertex 2.245064e+1 -2.245064e+1 1.270000e+1
    endloop
  endfacet
  facet normal 0.000000e+0 0.000000e+0 -1.000000e+0
    outer loop
      vertex 1.880365e+1 -2.074663e+1 1.270000e+1
      vertex 2.245064e+1 -2.245064e+1 1.270000e+1
      vertex 2.132200e+1 -2.352520e+1 1.270000e+1
    endloop
  endfacet
  facet normal 0.000000e+0 0.000000e+0 -1.000000e+0
    outer loop
      vertex 1.979899e+1 -1.979899e+1 1.270000e+1
      vertex 2.074663e+1 -1.880365e+1 1.270000e+1
      vertex 2.352520e+1 -2.132200e+1 1.270000e+1
    endloop
  endfacet
  facet normal 0.000000e+0 0.000000e+0 -1.000000e+0
    outer loop
      vertex 1.979899e+1 -1.979899e+1 1.270000e+1
      vertex 2.352520e+1 -2.132200e+1 1.270000e+1
      vertex 2.245064e+1 -2.245064e+1 1.270000e+1
    endloop
  endfacet
  facet normal 0.000000e+0 0.000000e+0 -1.000000e+0
    outer loop
      vertex 2.074663e+1 -1.880365e+1 1.270000e+1
      vertex 2.164429e+1 -1.776301e+1 1.270000e+1
      vertex 2.454308e+1 -2.014199e+1 1.270000e+1
    endloop
  endfacet
  facet normal 0.000000e+0 0.000000e+0 -1.000000e+0
    outer loop
      vertex 2.074663e+1 -1.880365e+1 1.270000e+1
      vertex 2.454308e+1 -2.014199e+1 1.270000e+1
      vertex 2.352520e+1 -2.132200e+1 1.270000e+1
    endloop
  endfacet
  facet normal 0.000000e+0 0.000000e+0 -1.000000e+0
    outer loop
      vertex 2.164429e+1 -1.776301e+1 1.270000e+1
      vertex 2.248981e+1 -1.667958e+1 1.270000e+1
      vertex 2.550184e+1 -1.891345e+1 1.270000e+1
    endloop
  endfacet
  facet normal 0.000000e+0 0.000000e+0 -1.000000e+0
    outer loop
      vertex 2.164429e+1 -1.776301e+1 1.270000e+1
      vertex 2.550184e+1 -1.891345e+1 1.270000e+1
      vertex 2.454308e+1 -2.014199e+1 1.270000e+1
    endloop
  endfacet
  facet normal 0.000000e+0 0.000000e+0 -1.000000e+0
    outer loop
      vertex 2.248981e+1 -1.667958e+1 1.270000e+1
      vertex 2.328115e+1 -1.555597e+1 1.270000e+1
      vertex 2.639916e+1 -1.763935e+1 1.270000e+1
    endloop
  endfacet
  facet normal 0.000000e+0 0.000000e+0 -1.000000e+0
    outer loop
      vertex 2.248981e+1 -1.667958e+1 1.270000e+1
      vertex 2.639916e+1 -1.763935e+1 1.270000e+1
      vertex 2.550184e+1 -1.891345e+1 1.270000e+1
    endloop
  endfacet
  facet normal 0.000000e+0 0.000000e+0 -1.000000e+0
    outer loop
      vertex 2.328115e+1 -1.555597e+1 1.270000e+1
      vertex 2.401640e+1 -1.439488e+1 1.270000e+1
      vertex 2.723288e+1 -1.632276e+1 1.270000e+1
    endloop
  endfacet
  facet normal 0.000000e+0 0.000000e+0 -1.000000e+0
    outer loop
      vertex 2.328115e+1 -1.555597e+1 1.270000e+1
      vertex 2.723288e+1 -1.632276e+1 1.270000e+1
      vertex 2.639916e+1 -1.763935e+1 1.270000e+1
    endloop
  endfacet
  facet normal 0.000000e+0 0.000000e+0 -1.000000e+0
    outer loop
      vertex 2.401640e+1 -1.439488e+1 1.270000e+1
      vertex 2.469380e+1 -1.319911e+1 1.270000e+1
      vertex 2.800100e+1 -1.496685e+1 1.270000e+1
    endloop
  endfacet
  facet normal 0.000000e+0 0.000000e+0 -1.000000e+0
    outer loop
      vertex 2.401640e+1 -1.439488e+1 1.270000e+1
      vertex 2.800100e+1 -1.496685e+1 1.270000e+1
      vertex 2.723288e+1 -1.632276e+1 1.270000e+1
    endloop
  endfacet
  facet normal 0.000000e+0 0.000000e+0 -1.000000e+0
    outer loop
      vertex 2.469380e+1 -1.319911e+1 1.270000e+1
      vertex 2.531170e+1 -1.197154e+1 1.270000e+1
      vertex 2.870166e+1 -1.357487e+1 1.270000e+1
    endloop
  endfacet
  facet normal 0.000000e+0 0.000000e+0 -1.000000e+0
    outer loop
      vertex 2.469380e+1 -1.319911e+1 1.270000e+1
      vertex 2.870166e+1 -1.357487e+1 1.270000e+1
      vertex 2.800100e+1 -1.496685e+1 1.270000e+1
    endloop
  endfacet
  facet normal 0.000000e+0 0.000000e+0 -1.000000e+0
    outer loop
      vertex 2.531170e+1 -1.197154e+1 1.270000e+1
      vertex 2.586863e+1 -1.071514e+1 1.270000e+1
      vertex 2.933318e+1 -1.215020e+1 1.270000e+1
    endloop
  endfacet
  facet normal 0.000000e+0 0.000000e+0 -1.000000e+0
    outer loop
      vertex 2.531170e+1 -1.197154e+1 1.270000e+1
      vertex 2.933318e+1 -1.215020e+1 1.270000e+1
      vertex 2.870166e+1 -1.357487e+1 1.270000e+1
    endloop
  endfacet
  facet normal 0.000000e+0 0.000000e+0 -1.000000e+0
    outer loop
      vertex 2.586863e+1 -1.071514e+1 1.270000e+1
      vertex 2.636323e+1 -9.432916e+0 1.270000e+1
      vertex 2.989402e+1 -1.069625e+1 1.270000e+1
    endloop
  endfacet
  facet normal 0.000000e+0 0.000000e+0 -1.000000e+0
    outer loop
      vertex 2.586863e+1 -1.071514e+1 1.270000e+1
      vertex 2.989402e+1 -1.069625e+1 1.270000e+1
      vertex 2.933318e+1 -1.215020e+1 1.270000e+1
    endloop
  endfacet
  facet normal 0.000000e+0 0.000000e+0 -1.000000e+0
    outer loop
      vertex 2.636323e+1 -9.432916e+0 1.270000e+1
      vertex 2.679433e+1 -8.127971e+0 1.270000e+1
      vertex 3.038286e+1 -9.216539e+0 1.270000e+1
    endloop
  endfacet
  facet normal 0.000000e+0 0.000000e+0 -1.000000e+0
    outer loop
      vertex 2.636323e+1 -9.432916e+0 1.270000e+1
      vertex 3.038286e+1 -9.216539e+0 1.270000e+1
      vertex 2.989402e+1 -1.069625e+1 1.270000e+1
    endloop
  endfacet
  facet normal 0.000000e+0 0.000000e+0 -1.000000e+0
    outer loop
      vertex 2.679433e+1 -8.127971e+0 1.270000e+1
      vertex 2.716088e+1 -6.803445e+0 1.270000e+1
      vertex 3.079849e+1 -7.714621e+0 1.270000e+1
    endloop
  endfacet
  facet normal 0.000000e+0 0.000000e+0 -1.000000e+0
    outer loop
      vertex 2.679433e+1 -8.127971e+0 1.270000e+1
      vertex 3.079849e+1 -7.714621e+0 1.270000e+1
      vertex 3.038286e+1 -9.216539e+0 1.270000e+1
    endloop
  endfacet
  facet normal 0.000000e+0 0.000000e+0 -1.000000e+0
    outer loop
      vertex 2.716088e+1 -6.803445e+0 1.270000e+1
      vertex 2.746199e+1 -5.462529e+0 1.270000e+1
      vertex 3.113993e+1 -6.194118e+0 1.270000e+1
    endloop
  endfacet
  facet normal 0.000000e+0 0.000000e+0 -1.000000e+0
    outer loop
      vertex 2.716088e+1 -6.803445e+0 1.270000e+1
      vertex 3.113993e+1 -6.194118e+0 1.270000e+1
      vertex 3.079849e+1 -7.714621e+0 1.270000e+1
    endloop
  endfacet
  facet normal 0.000000e+0 0.000000e+0 -1.000000e+0
    outer loop
      vertex 2.746199e+1 -5.462529e+0 1.270000e+1
      vertex 2.769694e+1 -4.108453e+0 1.270000e+1
      vertex 3.140635e+1 -4.658693e+0 1.270000e+1
    endloop
  endfacet
  facet normal 0.000000e+0 0.000000e+0 -1.000000e+0
    outer loop
      vertex 2.746199e+1 -5.462529e+0 1.270000e+1
      vertex 3.140635e+1 -4.658693e+0 1.270000e+1
      vertex 3.113993e+1 -6.194118e+0 1.270000e+1
    endloop
  endfacet
  facet normal 0.000000e+0 0.000000e+0 -1.000000e+0
    outer loop
      vertex 2.769694e+1 -4.108453e+0 1.270000e+1
      vertex 2.786517e+1 -2.744480e+0 1.270000e+1
      vertex 3.159712e+1 -3.112044e+0 1.270000e+1
    endloop
  endfacet
  facet normal 0.000000e+0 0.000000e+0 -1.000000e+0
    outer loop
      vertex 2.769694e+1 -4.108453e+0 1.270000e+1
      vertex 3.159712e+1 -3.112044e+0 1.270000e+1
      vertex 3.140635e+1 -4.658693e+0 1.270000e+1
    endloop
  endfacet
  facet normal 0.000000e+0 0.000000e+0 -1.000000e+0
    outer loop
      vertex 2.786517e+1 -2.744480e+0 1.270000e+1
      vertex 2.796627e+1 -1.373895e+0 1.270000e+1
      vertex 3.171176e+1 -1.557899e+0 1.270000e+1
    endloop
  endfacet
  facet normal 0.000000e+0 0.000000e+0 -1.000000e+0
    outer loop
      vertex 2.786517e+1 -2.744480e+0 1.270000e+1
      vertex 3.171176e+1 -1.557899e+0 1.270000e+1
      vertex 3.159712e+1 -3.112044e+0 1.270000e+1
    endloop
  endfacet
  facet normal 0.000000e+0 0.000000e+0 -1.000000e+0
    outer loop
      vertex 2.796627e+1 -1.373895e+0 1.270000e+1
      vertex 2.800000e+1 -6.858022e-15 1.270000e+1
      vertex 3.175000e+1 -7.776507e-15 1.270000e+1
    endloop
  endfacet
  facet normal 0.000000e+0 0.000000e+0 -1.000000e+0
    outer loop
      vertex 2.796627e+1 -1.373895e+0 1.270000e+1
      vertex 3.175000e+1 -7.776507e-15 1.270000e+1
      vertex 3.171176e+1 -1.557899e+0 1.270000e+1
    endloop
  endfacet
  facet normal 9.996988e-1 2.454123e-2 0.000000e+0
    outer loop
      vertex 3.175000e+1 0.000000e+0 1.270000e+1
      vertex 3.171176e+1 1.557899e+0 1.270000e+1
      vertex 3.171176e+1 1.557899e+0 1.905000e+1
    endloop
  endfacet
  facet normal 9.996988e-1 2.454123e-2 0.000000e+0
    outer loop
      vertex 3.175000e+1 0.000000e+0 1.270000e+1
      vertex 3.171176e+1 1.557899e+0 1.905000e+1
      vertex 3.175000e+1 0.000000e+0 1.905000e+1
    endloop
  endfacet
  facet normal 9.972905e-1 7.356456e-2 0.000000e+0
    outer loop
      vertex 3.171176e+1 1.557899e+0 1.270000e+1
      vertex 3.159712e+1 3.112044e+0 1.270000e+1
      vertex 3.159712e+1 3.112044e+0 1.905000e+1
    endloop
  endfacet
  facet normal 9.972905e-1 7.356456e-2 0.000000e+0
    outer loop
      vertex 3.171176e+1 1.557899e+0 1.270000e+1
      vertex 3.159712e+1 3.112044e+0 1.905000e+1
      vertex 3.171176e+1 1.557899e+0 1.905000e+1
    endloop
  endfacet
  facet normal 9.924795e-1 1.224107e-1 0.000000e+0
    outer loop
      vertex 3.159712e+1 3.112044e+0 1.270000e+1
      vertex 3.140635e+1 4.658693e+0 1.270000e+1
      vertex 3.140635e+1 4.658693e+0 1.905000e+1
    endloop
  endfacet
  facet normal 9.924795e-1 1.224107e-1 0.000000e+0
    outer loop
      vertex 3.159712e+1 3.112044e+0 1.270000e+1
      vertex 3.140635e+1 4.658693e+0 1.905000e+1
      vertex 3.159712e+1 3.112044e+0 1.905000e+1
    endloop
  endfacet
  facet normal 9.852776e-1 1.709619e-1 0.000000e+0
    outer loop
      vertex 3.140635e+1 4.658693e+0 1.270000e+1
      vertex 3.113993e+1 6.194118e+0 1.270000e+1
      vertex 3.113993e+1 6.194118e+0 1.905000e+1
    endloop
  endfacet
  facet normal 9.852776e-1 1.709619e-1 0.000000e+0
    outer loop
      vertex 3.140635e+1 4.658693e+0 1.270000e+1
      vertex 3.113993e+1 6.194118e+0 1.905000e+1
      vertex 3.140635e+1 4.658693e+0 1.905000e+1
    endloop
  endfacet
  facet normal 9.757021e-1 2.191012e-1 0.000000e+0
    outer loop
      vertex 3.113993e+1 6.194118e+0 1.270000e+1
      vertex 3.079849e+1 7.714621e+0 1.270000e+1
      vertex 3.079849e+1 7.714621e+0 1.905000e+1
    endloop
  endfacet
  facet normal 9.757021e-1 2.191012e-1 0.000000e+0
    outer loop
      vertex 3.113993e+1 6.194118e+0 1.270000e+1
      vertex 3.079849e+1 7.714621e+0 1.905000e+1
      vertex 3.113993e+1 6.194118e+0 1.905000e+1
    endloop
  endfacet
  facet normal 9.637761e-1 2.667128e-1 0.000000e+0
    outer loop
      vertex 3.079849e+1 7.714621e+0 1.270000e+1
      vertex 3.038286e+1 9.216539e+0 1.270000e+1
      vertex 3.038286e+1 9.216539e+0 1.905000e+1
    endloop
  endfacet
  facet normal 9.637761e-1 2.667128e-1 0.000000e+0
    outer loop
      vertex 3.079849e+1 7.714621e+0 1.270000e+1
      vertex 3.038286e+1 9.216539e+0 1.905000e+1
      vertex 3.079849e+1 7.714621e+0 1.905000e+1
    endloop
  endfacet
  facet normal 9.495282e-1 3.136817e-1 0.000000e+0
    outer loop
      vertex 3.038286e+1 9.216539e+0 1.270000e+1
      vertex 2.989402e+1 1.069625e+1 1.270000e+1
      vertex 2.989402e+1 1.069625e+1 1.905000e+1
    endloop
  endfacet
  facet normal 9.495282e-1 3.136817e-1 0.000000e+0
    outer loop
      vertex 3.038286e+1 9.216539e+0 1.270000e+1
      vertex 2.989402e+1 1.069625e+1 1.905000e+1
      vertex 3.038286e+1 9.216539e+0 1.905000e+1
    endloop
  endfacet
  facet normal 9.329928e-1 3.598950e-1 0.000000e+0
    outer loop
      vertex 2.989402e+1 1.069625e+1 1.270000e+1
      vertex 2.933318e+1 1.215020e+1 1.270000e+1
      vertex 2.933318e+1 1.215020e+1 1.905000e+1
    endloop
  endfacet
  facet normal 9.329928e-1 3.598950e-1 0.000000e+0
    outer loop
      vertex 2.989402e+1 1.069625e+1 1.270000e+1
      vertex 2.933318e+1 1.215020e+1 1.905000e+1
      vertex 2.989402e+1 1.069625e+1 1.905000e+1
    endloop
  endfacet
  facet normal 9.142098e-1 4.052413e-1 0.000000e+0
    outer loop
      vertex 2.933318e+1 1.215020e+1 1.270000e+1
      vertex 2.870166e+1 1.357487e+1 1.270000e+1
      vertex 2.870166e+1 1.357487e+1 1.905000e+1
    endloop
  endfacet
  facet normal 9.142098e-1 4.052413e-1 0.000000e+0
    outer loop
      vertex 2.933318e+1 1.215020e+1 1.270000e+1
      vertex 2.870166e+1 1.357487e+1 1.905000e+1
      vertex 2.933318e+1 1.215020e+1 1.905000e+1
    endloop
  endfacet
  facet normal 8.932243e-1 4.496113e-1 0.000000e+0
    outer loop
      vertex 2.870166e+1 1.357487e+1 1.270000e+1
      vertex 2.800100e+1 1.496685e+1 1.270000e+1
      vertex 2.800100e+1 1.496685e+1 1.905000e+1
    endloop
  endfacet
  facet normal 8.932243e-1 4.496113e-1 0.000000e+0
    outer loop
      vertex 2.870166e+1 1.357487e+1 1.270000e+1
      vertex 2.800100e+1 1.496685e+1 1.905000e+1
      vertex 2.870166e+1 1.357487e+1 1.905000e+1
    endloop
  endfacet
  facet normal 8.700870e-1 4.928982e-1 0.000000e+0
    outer loop
      vertex 2.800100e+1 1.496685e+1 1.270000e+1
      vertex 2.723288e+1 1.632276e+1 1.270000e+1
      vertex 2.723288e+1 1.632276e+1 1.905000e+1
    endloop
  endfacet
  facet normal 8.700870e-1 4.928982e-1 0.000000e+0
    outer loop
      vertex 2.800100e+1 1.496685e+1 1.270000e+1
      vertex 2.723288e+1 1.632276e+1 1.905000e+1
      vertex 2.800100e+1 1.496685e+1 1.905000e+1
    endloop
  endfacet
  facet normal 8.448536e-1 5.349976e-1 0.000000e+0
    outer loop
      vertex 2.723288e+1 1.632276e+1 1.270000e+1
      vertex 2.639916e+1 1.763935e+1 1.270000e+1
      vertex 2.639916e+1 1.763935e+1 1.905000e+1
    endloop
  endfacet
  facet normal 8.448536e-1 5.349976e-1 0.000000e+0
    outer loop
      vertex 2.723288e+1 1.632276e+1 1.270000e+1
      vertex 2.639916e+1 1.763935e+1 1.905000e+1
      vertex 2.723288e+1 1.632276e+1 1.905000e+1
    endloop
  endfacet
  facet normal 8.175848e-1 5.758082e-1 0.000000e+0
    outer loop
      vertex 2.639916e+1 1.763935e+1 1.270000e+1
      vertex 2.550184e+1 1.891345e+1 1.270000e+1
      vertex 2.550184e+1 1.891345e+1 1.905000e+1
    endloop
  endfacet
  facet normal 8.175848e-1 5.758082e-1 0.000000e+0
    outer loop
      vertex 2.639916e+1 1.763935e+1 1.270000e+1
      vertex 2.550184e+1 1.891345e+1 1.905000e+1
      vertex 2.639916e+1 1.763935e+1 1.905000e+1
    endloop
  endfacet
  facet normal 7.883464e-1 6.152316e-1 0.000000e+0
    outer loop
      vertex 2.550184e+1 1.891345e+1 1.270000e+1
      vertex 2.454308e+1 2.014199e+1 1.270000e+1
      vertex 2.454308e+1 2.014199e+1 1.905000e+1
    endloop
  endfacet
  facet normal 7.883464e-1 6.152316e-1 0.000000e+0
    outer loop
      vertex 2.550184e+1 1.891345e+1 1.270000e+1
      vertex 2.454308e+1 2.014199e+1 1.905000e+1
      vertex 2.550184e+1 1.891345e+1 1.905000e+1
    endloop
  endfacet
  facet normal 7.572088e-1 6.531728e-1 0.000000e+0
    outer loop
      vertex 2.454308e+1 2.014199e+1 1.270000e+1
      vertex 2.352520e+1 2.132200e+1 1.270000e+1
      vertex 2.352520e+1 2.132200e+1 1.905000e+1
    endloop
  endfacet
  facet normal 7.572088e-1 6.531728e-1 0.000000e+0
    outer loop
      vertex 2.454308e+1 2.014199e+1 1.270000e+1
      vertex 2.352520e+1 2.132200e+1 1.905000e+1
      vertex 2.454308e+1 2.014199e+1 1.905000e+1
    endloop
  endfacet
  facet normal 7.242471e-1 6.895405e-1 0.000000e+0
    outer loop
      vertex 2.352520e+1 2.132200e+1 1.270000e+1
      vertex 2.245064e+1 2.245064e+1 1.270000e+1
      vertex 2.245064e+1 2.245064e+1 1.905000e+1
    endloop
  endfacet
  facet normal 7.242471e-1 6.895405e-1 0.000000e+0
    outer loop
      vertex 2.352520e+1 2.132200e+1 1.270000e+1
      vertex 2.245064e+1 2.245064e+1 1.905000e+1
      vertex 2.352520e+1 2.132200e+1 1.905000e+1
    endloop
  endfacet
  facet normal 6.895405e-1 7.242471e-1 0.000000e+0
    outer loop
      vertex 2.245064e+1 2.245064e+1 1.270000e+1
      vertex 2.132200e+1 2.352520e+1 1.270000e+1
      vertex 2.132200e+1 2.352520e+1 1.905000e+1
    endloop
  endfacet
  facet normal 6.895405e-1 7.242471e-1 0.000000e+0
    outer loop
      vertex 2.245064e+1 2.245064e+1 1.270000e+1
      vertex 2.132200e+1 2.352520e+1 1.905000e+1
      vertex 2.245064e+1 2.245064e+1 1.905000e+1
    endloop
  endfacet
  facet normal 6.531728e-1 7.572088e-1 0.000000e+0
    outer loop
      vertex 2.132200e+1 2.352520e+1 1.270000e+1
      vertex 2.014199e+1 2.454308e+1 1.270000e+1
      vertex 2.014199e+1 2.454308e+1 1.905000e+1
    endloop
  endfacet
  facet normal 6.531728e-1 7.572088e-1 0.000000e+0
    outer loop
      vertex 2.132200e+1 2.352520e+1 1.270000e+1
      vertex 2.014199e+1 2.454308e+1 1.905000e+1
      vertex 2.132200e+1 2.352520e+1 1.905000e+1
    endloop
  endfacet
  facet normal 6.152316e-1 7.883464e-1 0.000000e+0
    outer loop
      vertex 2.014199e+1 2.454308e+1 1.270000e+1
      vertex 1.891345e+1 2.550184e+1 1.270000e+1
      vertex 1.891345e+1 2.550184e+1 1.905000e+1
    endloop
  endfacet
  facet normal 6.152316e-1 7.883464e-1 0.000000e+0
    outer loop
      vertex 2.014199e+1 2.454308e+1 1.270000e+1
      vertex 1.891345e+1 2.550184e+1 1.905000e+1
      vertex 2.014199e+1 2.454308e+1 1.905000e+1
    endloop
  endfacet
  facet normal 5.758082e-1 8.175848e-1 0.000000e+0
    outer loop
      vertex 1.891345e+1 2.550184e+1 1.270000e+1
      vertex 1.763935e+1 2.639916e+1 1.270000e+1
      vertex 1.763935e+1 2.639916e+1 1.905000e+1
    endloop
  endfacet
  facet normal 5.758082e-1 8.175848e-1 0.000000e+0
    outer loop
      vertex 1.891345e+1 2.550184e+1 1.270000e+1
      vertex 1.763935e+1 2.639916e+1 1.905000e+1
      vertex 1.891345e+1 2.550184e+1 1.905000e+1
    endloop
  endfacet
  facet normal 5.349976e-1 8.448536e-1 0.000000e+0
    outer loop
      vertex 1.763935e+1 2.639916e+1 1.270000e+1
      vertex 1.632276e+1 2.723288e+1 1.270000e+1
      vertex 1.632276e+1 2.723288e+1 1.905000e+1
    endloop
  endfacet
  facet normal 5.349976e-1 8.448536e-1 0.000000e+0
    outer loop
      vertex 1.763935e+1 2.639916e+1 1.270000e+1
      vertex 1.632276e+1 2.723288e+1 1.905000e+1
      vertex 1.763935e+1 2.639916e+1 1.905000e+1
    endloop
  endfacet
  facet normal 4.928982e-1 8.700870e-1 0.000000e+0
    outer loop
      vertex 1.632276e+1 2.723288e+1 1.270000e+1
      vertex 1.496685e+1 2.800100e+1 1.270000e+1
      vertex 1.496685e+1 2.800100e+1 1.905000e+1
    endloop
  endfacet
  facet normal 4.928982e-1 8.700870e-1 0.000000e+0
    outer loop
      vertex 1.632276e+1 2.723288e+1 1.270000e+1
      vertex 1.496685e+1 2.800100e+1 1.905000e+1
      vertex 1.632276e+1 2.723288e+1 1.905000e+1
    endloop
  endfacet
  facet normal 4.496113e-1 8.932243e-1 0.000000e+0
    outer loop
      vertex 1.496685e+1 2.800100e+1 1.270000e+1
      vertex 1.357487e+1 2.870166e+1 1.270000e+1
      vertex 1.357487e+1 2.870166e+1 1.905000e+1
    endloop
  endfacet
  facet normal 4.496113e-1 8.932243e-1 0.000000e+0
    outer loop
      vertex 1.496685e+1 2.800100e+1 1.270000e+1
      vertex 1.357487e+1 2.870166e+1 1.905000e+1
      vertex 1.496685e+1 2.800100e+1 1.905000e+1
    endloop
  endfacet
  facet normal 4.052413e-1 9.142098e-1 0.000000e+0
    outer loop
      vertex 1.357487e+1 2.870166e+1 1.270000e+1
      vertex 1.215020e+1 2.933318e+1 1.270000e+1
      vertex 1.215020e+1 2.933318e+1 1.905000e+1
    endloop
  endfacet
  facet normal 4.052413e-1 9.142098e-1 0.000000e+0
    outer loop
      vertex 1.357487e+1 2.870166e+1 1.270000e+1
      vertex 1.215020e+1 2.933318e+1 1.905000e+1
      vertex 1.357487e+1 2.870166e+1 1.905000e+1
    endloop
  endfacet
  facet normal 3.598950e-1 9.329928e-1 0.000000e+0
    outer loop
      vertex 1.215020e+1 2.933318e+1 1.270000e+1
      vertex 1.069625e+1 2.989402e+1 1.270000e+1
      vertex 1.069625e+1 2.989402e+1 1.905000e+1
    endloop
  endfacet
  facet normal 3.598950e-1 9.329928e-1 0.000000e+0
    outer loop
      vertex 1.215020e+1 2.933318e+1 1.270000e+1
      vertex 1.069625e+1 2.989402e+1 1.905000e+1
      vertex 1.215020e+1 2.933318e+1 1.905000e+1
    endloop
  endfacet
  facet normal 3.136817e-1 9.495282e-1 0.000000e+0
    outer loop
      vertex 1.069625e+1 2.989402e+1 1.270000e+1
      vertex 9.216539e+0 3.038286e+1 1.270000e+1
      vertex 9.216539e+0 3.038286e+1 1.905000e+1
    endloop
  endfacet
  facet normal 3.136817e-1 9.495282e-1 0.000000e+0
    outer loop
      vertex 1.069625e+1 2.989402e+1 1.270000e+1
      vertex 9.216539e+0 3.038286e+1 1.905000e+1
      vertex 1.069625e+1 2.989402e+1 1.905000e+1
    endloop
  endfacet
  facet normal 2.667128e-1 9.637761e-1 0.000000e+0
    outer loop
      vertex 9.216539e+0 3.038286e+1 1.270000e+1
      vertex 7.714621e+0 3.079849e+1 1.270000e+1
      vertex 7.714621e+0 3.079849e+1 1.905000e+1
    endloop
  endfacet
  facet normal 2.667128e-1 9.637761e-1 0.000000e+0
    outer loop
      vertex 9.216539e+0 3.038286e+1 1.270000e+1
      vertex 7.714621e+0 3.079849e+1 1.905000e+1
      vertex 9.216539e+0 3.038286e+1 1.905000e+1
    endloop
  endfacet
  facet normal 2.191012e-1 9.757021e-1 0.000000e+0
    outer loop
      vertex 7.714621e+0 3.079849e+1 1.270000e+1
      vertex 6.194118e+0 3.113993e+1 1.270000e+1
      vertex 6.194118e+0 3.113993e+1 1.905000e+1
    endloop
  endfacet
  facet normal 2.191012e-1 9.757021e-1 0.000000e+0
    outer loop
      vertex 7.714621e+0 3.079849e+1 1.270000e+1
      vertex 6.194118e+0 3.113993e+1 1.905000e+1
      vertex 7.714621e+0 3.079849e+1 1.905000e+1
    endloop
  endfacet
  facet normal 1.709619e-1 9.852776e-1 0.000000e+0
    outer loop
      vertex 6.194118e+0 3.113993e+1 1.270000e+1
      vertex 4.658693e+0 3.140635e+1 1.270000e+1
      vertex 4.658693e+0 3.140635e+1 1.905000e+1
    endloop
  endfacet
  facet normal 1.709619e-1 9.852776e-1 0.000000e+0
    outer loop
      vertex 6.194118e+0 3.113993e+1 1.270000e+1
      vertex 4.658693e+0 3.140635e+1 1.905000e+1
      vertex 6.194118e+0 3.113993e+1 1.905000e+1
    endloop
  endfacet
  facet normal 1.224107e-1 9.924795e-1 0.000000e+0
    outer loop
      vertex 4.658693e+0 3.140635e+1 1.270000e+1
      vertex 3.112044e+0 3.159712e+1 1.270000e+1
      vertex 3.112044e+0 3.159712e+1 1.905000e+1
    endloop
  endfacet
  facet normal 1.224107e-1 9.924795e-1 0.000000e+0
    outer loop
      vertex 4.658693e+0 3.140635e+1 1.270000e+1
      vertex 3.112044e+0 3.159712e+1 1.905000e+1
      vertex 4.658693e+0 3.140635e+1 1.905000e+1
    endloop
  endfacet
  facet normal 7.356456e-2 9.972905e-1 0.000000e+0
    outer loop
      vertex 3.112044e+0 3.159712e+1 1.270000e+1
      vertex 1.557899e+0 3.171176e+1 1.270000e+1
      vertex 1.557899e+0 3.171176e+1 1.905000e+1
    endloop
  endfacet
  facet normal 7.356456e-2 9.972905e-1 0.000000e+0
    outer loop
      vertex 3.112044e+0 3.159712e+1 1.270000e+1
      vertex 1.557899e+0 3.171176e+1 1.905000e+1
      vertex 3.112044e+0 3.159712e+1 1.905000e+1
    endloop
  endfacet
  facet normal 2.454123e-2 9.996988e-1 0.000000e+0
    outer loop
      vertex 1.557899e+0 3.171176e+1 1.270000e+1
      vertex 1.944127e-15 3.175000e+1 1.270000e+1
      vertex 1.944127e-15 3.175000e+1 1.905000e+1
    endloop
  endfacet
  facet normal 2.454123e-2 9.996988e-1 0.000000e+0
    outer loop
      vertex 1.557899e+0 3.171176e+1 1.270000e+1
      vertex 1.944127e-15 3.175000e+1 1.905000e+1
      vertex 1.557899e+0 3.171176e+1 1.905000e+1
    endloop
  endfacet
  facet normal -2.454123e-2 9.996988e-1 0.000000e+0
    outer loop
      vertex 1.944127e-15 3.175000e+1 1.270000e+1
      vertex -1.557899e+0 3.171176e+1 1.270000e+1
      vertex -1.557899e+0 3.171176e+1 1.905000e+1
    endloop
  endfacet
  facet normal -2.454123e-2 9.996988e-1 0.000000e+0
    outer loop
      vertex 1.944127e-15 3.175000e+1 1.270000e+1
      vertex -1.557899e+0 3.171176e+1 1.905000e+1
      vertex 1.944127e-15 3.175000e+1 1.905000e+1
    endloop
  endfacet
  facet normal -7.356456e-2 9.972905e-1 0.000000e+0
    outer loop
      vertex -1.557899e+0 3.171176e+1 1.270000e+1
      vertex -3.112044e+0 3.159712e+1 1.270000e+1
      vertex -3.112044e+0 3.159712e+1 1.905000e+1
    endloop
  endfacet
  facet normal -7.356456e-2 9.972905e-1 0.000000e+0
    outer loop
      vertex -1.557899e+0 3.171176e+1 1.270000e+1
      vertex -3.112044e+0 3.159712e+1 1.905000e+1
      vertex -1.557899e+0 3.171176e+1 1.905000e+1
    endloop
  endfacet
  facet normal -1.224107e-1 9.924795e-1 0.000000e+0
    outer loop
      vertex -3.112044e+0 3.159712e+1 1.270000e+1
      vertex -4.658693e+0 3.140635e+1 1.270000e+1
      vertex -4.658693e+0 3.140635e+1 1.905000e+1
    endloop
  endfacet
  facet normal -1.224107e-1 9.924795e-1 0.000000e+0
    outer loop
      vertex -3.112044e+0 3.159712e+1 1.270000e+1
      vertex -4.658693e+0 3.140635e+1 1.905000e+1
      vertex -3.112044e+0 3.159712e+1 1.905000e+1
    endloop
  endfacet
  facet normal -1.709619e-1 9.852776e-1 0.000000e+0
    outer loop
      vertex -4.658693e+0 3.140635e+1 1.270000e+1
      vertex -6.194118e+0 3.113993e+1 1.270000e+1
      vertex -6.194118e+0 3.113993e+1 1.905000e+1
    endloop
  endfacet
  facet normal -1.709619e-1 9.852776e-1 0.000000e+0
    outer loop
      vertex -4.658693e+0 3.140635e+1 1.270000e+1
      vertex -6.194118e+0 3.113993e+1 1.905000e+1
      vertex -4.658693e+0 3.140635e+1 1.905000e+1
    endloop
  endfacet
  facet normal -2.191012e-1 9.757021e-1 0.000000e+0
    outer loop
      vertex -6.194118e+0 3.113993e+1 1.270000e+1
      vertex -7.714621e+0 3.079849e+1 1.270000e+1
      vertex -7.714621e+0 3.079849e+1 1.905000e+1
    endloop
  endfacet
  facet normal -2.191012e-1 9.757021e-1 0.000000e+0
    outer loop
      vertex -6.194118e+0 3.113993e+1 1.270000e+1
      vertex -7.714621e+0 3.079849e+1 1.905000e+1
      vertex -6.194118e+0 3.113993e+1 1.905000e+1
    endloop
  endfacet
  facet normal -2.667128e-1 9.637761e-1 0.000000e+0
    outer loop
      vertex -7.714621e+0 3.079849e+1 1.270000e+1
      vertex -9.216539e+0 3.038286e+1 1.270000e+1
      vertex -9.216539e+0 3.038286e+1 1.905000e+1
    endloop
  endfacet
  facet normal -2.667128e-1 9.637761e-1 0.000000e+0
    outer loop
      vertex -7.714621e+0 3.079849e+1 1.270000e+1
      vertex -9.216539e+0 3.038286e+1 1.905000e+1
      vertex -7.714621e+0 3.079849e+1 1.905000e+1
    endloop
  endfacet
  facet normal -3.136817e-1 9.495282e-1 0.000000e+0
    outer loop
      vertex -9.216539e+0 3.038286e+1 1.270000e+1
      vertex -1.069625e+1 2.989402e+1 1.270000e+1
      vertex -1.069625e+1 2.989402e+1 1.905000e+1
    endloop
  endfacet
  facet normal -3.136817e-1 9.495282e-1 0.000000e+0
    outer loop
      vertex -9.216539e+0 3.038286e+1 1.270000e+1
      vertex -1.069625e+1 2.989402e+1 1.905000e+1
      vertex -9.216539e+0 3.038286e+1 1.905000e+1
    endloop
  endfacet
  facet normal -3.598950e-1 9.329928e-1 0.000000e+0
    outer loop
      vertex -1.069625e+1 2.989402e+1 1.270000e+1
      vertex -1.215020e+1 2.933318e+1 1.270000e+1
      vertex -1.215020e+1 2.933318e+1 1.905000e+1
    endloop
  endfacet
  facet normal -3.598950e-1 9.329928e-1 0.000000e+0
    outer loop
      vertex -1.069625e+1 2.989402e+1 1.270000e+1
      vertex -1.215020e+1 2.933318e+1 1.905000e+1
      vertex -1.069625e+1 2.989402e+1 1.905000e+1
    endloop
  endfacet
  facet normal -4.052413e-1 9.142098e-1 0.000000e+0
    outer loop
      vertex -1.215020e+1 2.933318e+1 1.270000e+1
      vertex -1.357487e+1 2.870166e+1 1.270000e+1
      vertex -1.357487e+1 2.870166e+1 1.905000e+1
    endloop
  endfacet
  facet normal -4.052413e-1 9.142098e-1 0.000000e+0
    outer loop
      vertex -1.215020e+1 2.933318e+1 1.270000e+1
      vertex -1.357487e+1 2.870166e+1 1.905000e+1
      vertex -1.215020e+1 2.933318e+1 1.905000e+1
    endloop
  endfacet
  facet normal -4.496113e-1 8.932243e-1 0.000000e+0
    outer loop
      vertex -1.357487e+1 2.870166e+1 1.270000e+1
      vertex -1.496685e+1 2.800100e+1 1.270000e+1
      vertex -1.496685e+1 2.800100e+1 1.905000e+1
    endloop
  endfacet
  facet normal -4.496113e-1 8.932243e-1 0.000000e+0
    outer loop
      vertex -1.357487e+1 2.870166e+1 1.270000e+1
      vertex -1.496685e+1 2.800100e+1 1.905000e+1
      vertex -1.357487e+1 2.870166e+1 1.905000e+1
    endloop
  endfacet
  facet normal -4.928982e-1 8.700870e-1 0.000000e+0
    outer loop
      vertex -1.496685e+1 2.800100e+1 1.270000e+1
      vertex -1.632276e+1 2.723288e+1 1.270000e+1
      vertex -1.632276e+1 2.723288e+1 1.905000e+1
    endloop
  endfacet
  facet normal -4.928982e-1 8.700870e-1 0.000000e+0
    outer loop
      vertex -1.496685e+1 2.800100e+1 1.270000e+1
      vertex -1.632276e+1 2.723288e+1 1.905000e+1
      vertex -1.496685e+1 2.800100e+1 1.905000e+1
    endloop
  endfacet
  facet normal -5.349976e-1 8.448536e-1 0.000000e+0
    outer loop
      vertex -1.632276e+1 2.723288e+1 1.270000e+1
      vertex -1.763935e+1 2.639916e+1 1.270000e+1
      vertex -1.763935e+1 2.639916e+1 1.905000e+1
    endloop
  endfacet
  facet normal -5.349976e-1 8.448536e-1 0.000000e+0
    outer loop
      vertex -1.632276e+1 2.723288e+1 1.270000e+1
      vertex -1.763935e+1 2.639916e+1 1.905000e+1
      vertex -1.632276e+1 2.723288e+1 1.905000e+1
    endloop
  endfacet
  facet normal -5.758082e-1 8.175848e-1 0.000000e+0
    outer loop
      vertex -1.763935e+1 2.639916e+1 1.270000e+1
      vertex -1.891345e+1 2.550184e+1 1.270000e+1
      vertex -1.891345e+1 2.550184e+1 1.905000e+1
    endloop
  endfacet
  facet normal -5.758082e-1 8.175848e-1 0.000000e+0
    outer loop
      vertex -1.763935e+1 2.639916e+1 1.270000e+1
      vertex -1.891345e+1 2.550184e+1 1.905000e+1
      vertex -1.763935e+1 2.639916e+1 1.905000e+1
    endloop
  endfacet
  facet normal -6.152316e-1 7.883464e-1 0.000000e+0
    outer loop
      vertex -1.891345e+1 2.550184e+1 1.270000e+1
      vertex -2.014199e+1 2.454308e+1 1.270000e+1
      vertex -2.014199e+1 2.454308e+1 1.905000e+1
    endloop
  endfacet
  facet normal -6.152316e-1 7.883464e-1 0.000000e+0
    outer loop
      vertex -1.891345e+1 2.550184e+1 1.270000e+1
      vertex -2.014199e+1 2.454308e+1 1.905000e+1
      vertex -1.891345e+1 2.550184e+1 1.905000e+1
    endloop
  endfacet
  facet normal -6.531728e-1 7.572088e-1 0.000000e+0
    outer loop
      vertex -2.014199e+1 2.454308e+1 1.270000e+1
      vertex -2.132200e+1 2.352520e+1 1.270000e+1
      vertex -2.132200e+1 2.352520e+1 1.905000e+1
    endloop
  endfacet
  facet normal -6.531728e-1 7.572088e-1 0.000000e+0
    outer loop
      vertex -2.014199e+1 2.454308e+1 1.270000e+1
      vertex -2.132200e+1 2.352520e+1 1.905000e+1
      vertex -2.014199e+1 2.454308e+1 1.905000e+1
    endloop
  endfacet
  facet normal -6.895405e-1 7.242471e-1 0.000000e+0
    outer loop
      vertex -2.132200e+1 2.352520e+1 1.270000e+1
      vertex -2.245064e+1 2.245064e+1 1.270000e+1
      vertex -2.245064e+1 2.245064e+1 1.905000e+1
    endloop
  endfacet
  facet normal -6.895405e-1 7.242471e-1 0.000000e+0
    outer loop
      vertex -2.132200e+1 2.352520e+1 1.270000e+1
      vertex -2.245064e+1 2.245064e+1 1.905000e+1
      vertex -2.132200e+1 2.352520e+1 1.905000e+1
    endloop
  endfacet
  facet normal -7.242471e-1 6.895405e-1 0.000000e+0
    outer loop
      vertex -2.245064e+1 2.245064e+1 1.270000e+1
      vertex -2.352520e+1 2.132200e+1 1.270000e+1
      vertex -2.352520e+1 2.132200e+1 1.905000e+1
    endloop
  endfacet
  facet normal -7.242471e-1 6.895405e-1 0.000000e+0
    outer loop
      vertex -2.245064e+1 2.245064e+1 1.270000e+1
      vertex -2.352520e+1 2.132200e+1 1.905000e+1
      vertex -2.245064e+1 2.245064e+1 1.905000e+1
    endloop
  endfacet
  facet normal -7.572088e-1 6.531728e-1 0.000000e+0
    outer loop
      vertex -2.352520e+1 2.132200e+1 1.270000e+1
      vertex -2.454308e+1 2.014199e+1 1.270000e+1
      vertex -2.454308e+1 2.014199e+1 1.905000e+1
    endloop
  endfacet
  facet normal -7.572088e-1 6.531728e-1 0.000000e+0
    outer loop
      vertex -2.352520e+1 2.132200e+1 1.270000e+1
      vertex -2.454308e+1 2.014199e+1 1.905000e+1
      vertex -2.352520e+1 2.132200e+1 1.905000e+1
    endloop
  endfacet
  facet normal -7.883464e-1 6.152316e-1 0.000000e+0
    outer loop
      vertex -2.454308e+1 2.014199e+1 1.270000e+1
      vertex -2.550184e+1 1.891345e+1 1.270000e+1
      vertex -2.550184e+1 1.891345e+1 1.905000e+1
    endloop
  endfacet
  facet normal -7.883464e-1 6.152316e-1 0.000000e+0
    outer loop
      vertex -2.454308e+1 2.014199e+1 1.270000e+1
      vertex -2.550184e+1 1.891345e+1 1.905000e+1
      vertex -2.454308e+1 2.014199e+1 1.905000e+1
    endloop
  endfacet
  facet normal -8.175848e-1 5.758082e-1 0.000000e+0
    outer loop
      vertex -2.550184e+1 1.891345e+1 1.270000e+1
      vertex -2.639916e+1 1.763935e+1 1.270000e+1
      vertex -2.639916e+1 1.763935e+1 1.905000e+1
    endloop
  endfacet
  facet normal -8.175848e-1 5.758082e-1 0.000000e+0
    outer loop
      vertex -2.550184e+1 1.891345e+1 1.270000e+1
      vertex -2.639916e+1 1.763935e+1 1.905000e+1
      vertex -2.550184e+1 1.891345e+1 1.905000e+1
    endloop
  endfacet
  facet normal -8.448536e-1 5.349976e-1 0.000000e+0
    outer loop
      vertex -2.639916e+1 1.763935e+1 1.270000e+1
      vertex -2.723288e+1 1.632276e+1 1.270000e+1
      vertex -2.723288e+1 1.632276e+1 1.905000e+1
    endloop
  endfacet
  facet normal -8.448536e-1 5.349976e-1 0.000000e+0
    outer loop
      vertex -2.639916e+1 1.763935e+1 1.270000e+1
      vertex -2.723288e+1 1.632276e+1 1.905000e+1
      vertex -2.639916e+1 1.763935e+1 1.905000e+1
    endloop
  endfacet
  facet normal -8.700870e-1 4.928982e-1 0.000000e+0
    outer loop
      vertex -2.723288e+1 1.632276e+1 1.270000e+1
      vertex -2.800100e+1 1.496685e+1 1.270000e+1
      vertex -2.800100e+1 1.496685e+1 1.905000e+1
    endloop
  endfacet
  facet normal -8.700870e-1 4.928982e-1 0.000000e+0
    outer loop
      vertex -2.723288e+1 1.632276e+1 1.270000e+1
      vertex -2.800100e+1 1.496685e+1 1.905000e+1
      vertex -2.723288e+1 1.632276e+1 1.905000e+1
    endloop
  endfacet
  facet normal -8.932243e-1 4.496113e-1 0.000000e+0
    outer loop
      vertex -2.800100e+1 1.496685e+1 1.270000e+1
      vertex -2.870166e+1 1.357487e+1 1.270000e+1
      vertex -2.870166e+1 1.357487e+1 1.905000e+1
    endloop
  endfacet
  facet normal -8.932243e-1 4.496113e-1 0.000000e+0
    outer loop
      vertex -2.800100e+1 1.496685e+1 1.270000e+1
      vertex -2.870166e+1 1.357487e+1 1.905000e+1
      vertex -2.800100e+1 1.496685e+1 1.905000e+1
    endloop
  endfacet
  facet normal -9.142098e-1 4.052413e-1 0.000000e+0
    outer loop
      vertex -2.870166e+1 1.357487e+1 1.270000e+1
      vertex -2.933318e+1 1.215020e+1 1.270000e+1
      vertex -2.933318e+1 1.215020e+1 1.905000e+1
    endloop
  endfacet
  facet normal -9.142098e-1 4.052413e-1 0.000000e+0
    outer loop
      vertex -2.870166e+1 1.357487e+1 1.270000e+1
      vertex -2.933318e+1 1.215020e+1 1.905000e+1
      vertex -2.870166e+1 1.357487e+1 1.905000e+1
    endloop
  endfacet
  facet normal -9.329928e-1 3.598950e-1 0.000000e+0
    outer loop
      vertex -2.933318e+1 1.215020e+1 1.270000e+1
      vertex -2.989402e+1 1.069625e+1 1.270000e+1
      vertex -2.989402e+1 1.069625e+1 1.905000e+1
    endloop
  endfacet
  facet normal -9.329928e-1 3.598950e-1 0.000000e+0
    outer loop
      vertex -2.933318e+1 1.215020e+1 1.270000e+1
      vertex -2.989402e+1 1.069625e+1 1.905000e+1
      vertex -2.933318e+1 1.215020e+1 1.905000e+1
    endloop
  endfacet
  facet normal -9.495282e-1 3.136817e-1 0.000000e+0
    outer loop
      vertex -2.989402e+1 1.069625e+1 1.270000e+1
      vertex -3.038286e+1 9.216539e+0 1.270000e+1
      vertex -3.038286e+1 9.216539e+0 1.905000e+1
    endloop
  endfacet
  facet normal -9.495282e-1 3.136817e-1 0.000000e+0
    outer loop
      vertex -2.989402e+1 1.069625e+1 1.270000e+1
      vertex -3.038286e+1 9.216539e+0 1.905000e+1
      vertex -2.989402e+1 1.069625e+1 1.905000e+1
    endloop
  endfacet
  facet normal -9.637761e-1 2.667128e-1 0.000000e+0
    outer loop
      vertex -3.038286e+1 9.216539e+0 1.270000e+1
      vertex -3.079849e+1 7.714621e+0 1.270000e+1
      vertex -3.079849e+1 7.714621e+0 1.905000e+1
    endloop
  endfacet
  facet normal -9.637761e-1 2.667128e-1 0.000000e+0
    outer loop
      vertex -3.038286e+1 9.216539e+0 1.270000e+1
      vertex -3.079849e+1 7.714621e+0 1.905000e+1
      vertex -3.038286e+1 9.216539e+0 1.905000e+1
    endloop
  endfacet
  facet normal -9.757021e-1 2.191012e-1 0.000000e+0
    outer loop
      vertex -3.079849e+1 7.714621e+0 1.270000e+1
      vertex -3.113993e+1 6.194118e+0 1.270000e+1
      vertex -3.113993e+1 6.194118e+0 1.905000e+1
    endloop
  endfacet
  facet normal -9.757021e-1 2.191012e-1 0.000000e+0
    outer loop
      vertex -3.079849e+1 7.714621e+0 1.270000e+1
      vertex -3.113993e+1 6.194118e+0 1.905000e+1
      vertex -3.079849e+1 7.714621e+0 1.905000e+1
    endloop
  endfacet
  facet normal -9.852776e-1 1.709619e-1 0.000000e+0
    outer loop
      vertex -3.113993e+1 6.194118e+0 1.270000e+1
      vertex -3.140635e+1 4.658693e+0 1.270000e+1
      vertex -3.140635e+1 4.658693e+0 1.905000e+1
    endloop
  endfacet
  facet normal -9.852776e-1 1.709619e-1 0.000000e+0
    outer loop
      vertex -3.113993e+1 6.194118e+0 1.270000e+1
      vertex -3.140635e+1 4.658693e+0 1.905000e+1
      vertex -3.113993e+1 6.194118e+0 1.905000e+1
    endloop
  endfacet
  facet normal -9.924795e-1 1.224107e-1 0.000000e+0
    outer loop
      vertex -3.140635e+1 4.658693e+0 1.270000e+1
      vertex -3.159712e+1 3.112044e+0 1.270000e+1
      vertex -3.159712e+1 3.112044e+0 1.905000e+1
    endloop
  endfacet
  facet normal -9.924795e-1 1.224107e-1 0.000000e+0
    outer loop
      vertex -3.140635e+1 4.658693e+0 1.270000e+1
      vertex -3.159712e+1 3.112044e+0 1.905000e+1
      vertex -3.140635e+1 4.658693e+0 1.905000e+1
    endloop
  endfacet
  facet normal -9.972905e-1 7.356456e-2 0.000000e+0
    outer loop
      vertex -3.159712e+1 3.112044e+0 1.270000e+1
      vertex -3.171176e+1 1.557899e+0 1.270000e+1
      vertex -3.171176e+1 1.557899e+0 1.905000e+1
    endloop
  endfacet
  facet normal -9.972905e-1 7.356456e-2 0.000000e+0
    outer loop
      vertex -3.159712e+1 3.112044e+0 1.270000e+1
      vertex -3.171176e+1 1.557899e+0 1.905000e+1
      vertex -3.159712e+1 3.112044e+0 1.905000e+1
    endloop
  endfacet
  facet normal -9.996988e-1 2.454123e-2 0.000000e+0
    outer loop
      vertex -3.171176e+1 1.557899e+0 1.270000e+1
      vertex -3.175000e+1 3.888254e-15 1.270000e+1
      vertex -3.175000e+1 3.888254e-15 1.905000e+1
    endloop
  endfacet
  facet normal -9.996988e-1 2.454123e-2 0.000000e+0
    outer loop
      vertex -3.171176e+1 1.557899e+0 1.270000e+1
      vertex -3.175000e+1 3.888254e-15 1.905000e+1
      vertex -3.171176e+1 1.557899e+0 1.905000e+1
    endloop
  endfacet
  facet normal -9.996988e-1 -2.454123e-2 0.000000e+0
    outer loop
      vertex -3.175000e+1 3.888254e-15 1.270000e+1
      vertex -3.171176e+1 -1.557899e+0 1.270000e+1
      vertex -3.171176e+1 -1.557899e+0 1.905000e+1
    endloop
  endfacet
  facet normal -9.996988e-1 -2.454123e-2 0.000000e+0
    outer loop
      vertex -3.175000e+1 3.888254e-15 1.270000e+1
      vertex -3.171176e+1 -1.557899e+0 1.905000e+1
      vertex -3.175000e+1 3.888254e-15 1.905000e+1
    endloop
  endfacet
  facet normal -9.972905e-1 -7.356456e-2 0.000000e+0
    outer loop
      vertex -3.171176e+1 -1.557899e+0 1.270000e+1
      vertex -3.159712e+1 -3.112044e+0 1.270000e+1
      vertex -3.159712e+1 -3.112044e+0 1.905000e+1
    endloop
  endfacet
  facet normal -9.972905e-1 -7.356456e-2 0.000000e+0
    outer loop
      vertex -3.171176e+1 -1.557899e+0 1.270000e+1
      vertex -3.159712e+1 -3.112044e+0 1.905000e+1
      vertex -3.171176e+1 -1.557899e+0 1.905000e+1
    endloop
  endfacet
  facet normal -9.924795e-1 -1.224107e-1 0.000000e+0
    outer loop
      vertex -3.159712e+1 -3.112044e+0 1.270000e+1
      vertex -3.140635e+1 -4.658693e+0 1.270000e+1
      vertex -3.140635e+1 -4.658693e+0 1.905000e+1
    endloop
  endfacet
  facet normal -9.924795e-1 -1.224107e-1 0.000000e+0
    outer loop
      vertex -3.159712e+1 -3.112044e+0 1.270000e+1
      vertex -3.140635e+1 -4.658693e+0 1.905000e+1
      vertex -3.159712e+1 -3.112044e+0 1.905000e+1
    endloop
  endfacet
  facet normal -9.852776e-1 -1.709619e-1 0.000000e+0
    outer loop
      vertex -3.140635e+1 -4.658693e+0 1.270000e+1
      vertex -3.113993e+1 -6.194118e+0 1.270000e+1
      vertex -3.113993e+1 -6.194118e+0 1.905000e+1
    endloop
  endfacet
  facet normal -9.852776e-1 -1.709619e-1 0.000000e+0
    outer loop
      vertex -3.140635e+1 -4.658693e+0 1.270000e+1
      vertex -3.113993e+1 -6.194118e+0 1.905000e+1
      vertex -3.140635e+1 -4.658693e+0 1.905000e+1
    endloop
  endfacet
  facet normal -9.757021e-1 -2.191012e-1 0.000000e+0
    outer loop
      vertex -3.113993e+1 -6.194118e+0 1.270000e+1
      vertex -3.079849e+1 -7.714621e+0 1.270000e+1
      vertex -3.079849e+1 -7.714621e+0 1.905000e+1
    endloop
  endfacet
  facet normal -9.757021e-1 -2.191012e-1 0.000000e+0
    outer loop
      vertex -3.113993e+1 -6.194118e+0 1.270000e+1
      vertex -3.079849e+1 -7.714621e+0 1.905000e+1
      vertex -3.113993e+1 -6.194118e+0 1.905000e+1
    endloop
  endfacet
  facet normal -9.637761e-1 -2.667128e-1 0.000000e+0
    outer loop
      vertex -3.079849e+1 -7.714621e+0 1.270000e+1
      vertex -3.038286e+1 -9.216539e+0 1.270000e+1
      vertex -3.038286e+1 -9.216539e+0 1.905000e+1
    endloop
  endfacet
  facet normal -9.637761e-1 -2.667128e-1 0.000000e+0
    outer loop
      vertex -3.079849e+1 -7.714621e+0 1.270000e+1
      vertex -3.038286e+1 -9.216539e+0 1.905000e+1
      vertex -3.079849e+1 -7.714621e+0 1.905000e+1
    endloop
  endfacet
  facet normal -9.495282e-1 -3.136817e-1 0.000000e+0
    outer loop
      vertex -3.038286e+1 -9.216539e+0 1.270000e+1
      vertex -2.989402e+1 -1.069625e+1 1.270000e+1
      vertex -2.989402e+1 -1.069625e+1 1.905000e+1
    endloop
  endfacet
  facet normal -9.495282e-1 -3.136817e-1 0.000000e+0
    outer loop
      vertex -3.038286e+1 -9.216539e+0 1.270000e+1
      vertex -2.989402e+1 -1.069625e+1 1.905000e+1
      vertex -3.038286e+1 -9.216539e+0 1.905000e+1
    endloop
  endfacet
  facet normal -9.329928e-1 -3.598950e-1 0.000000e+0
    outer loop
      vertex -2.989402e+1 -1.069625e+1 1.270000e+1
      vertex -2.933318e+1 -1.215020e+1 1.270000e+1
      vertex -2.933318e+1 -1.215020e+1 1.905000e+1
    endloop
  endfacet
  facet normal -9.329928e-1 -3.598950e-1 0.000000e+0
    outer loop
      vertex -2.989402e+1 -1.069625e+1 1.270000e+1
      vertex -2.933318e+1 -1.215020e+1 1.905000e+1
      vertex -2.989402e+1 -1.069625e+1 1.905000e+1
    endloop
  endfacet
  facet normal -9.142098e-1 -4.052413e-1 0.000000e+0
    outer loop
      vertex -2.933318e+1 -1.215020e+1 1.270000e+1
      vertex -2.870166e+1 -1.357487e+1 1.270000e+1
      vertex -2.870166e+1 -1.357487e+1 1.905000e+1
    endloop
  endfacet
  facet normal -9.142098e-1 -4.052413e-1 0.000000e+0
    outer loop
      vertex -2.933318e+1 -1.215020e+1 1.270000e+1
      vertex -2.870166e+1 -1.357487e+1 1.905000e+1
      vertex -2.933318e+1 -1.215020e+1 1.905000e+1
    endloop
  endfacet
  facet normal -8.932243e-1 -4.496113e-1 0.000000e+0
    outer loop
      vertex -2.870166e+1 -1.357487e+1 1.270000e+1
      vertex -2.800100e+1 -1.496685e+1 1.270000e+1
      vertex -2.800100e+1 -1.496685e+1 1.905000e+1
    endloop
  endfacet
  facet normal -8.932243e-1 -4.496113e-1 0.000000e+0
    outer loop
      vertex -2.870166e+1 -1.357487e+1 1.270000e+1
      vertex -2.800100e+1 -1.496685e+1 1.905000e+1
      vertex -2.870166e+1 -1.357487e+1 1.905000e+1
    endloop
  endfacet
  facet normal -8.700870e-1 -4.928982e-1 0.000000e+0
    outer loop
      vertex -2.800100e+1 -1.496685e+1 1.270000e+1
      vertex -2.723288e+1 -1.632276e+1 1.270000e+1
      vertex -2.723288e+1 -1.632276e+1 1.905000e+1
    endloop
  endfacet
  facet normal -8.700870e-1 -4.928982e-1 0.000000e+0
    outer loop
      vertex -2.800100e+1 -1.496685e+1 1.270000e+1
      vertex -2.723288e+1 -1.632276e+1 1.905000e+1
      vertex -2.800100e+1 -1.496685e+1 1.905000e+1
    endloop
  endfacet
  facet normal -8.448536e-1 -5.349976e-1 0.000000e+0
    outer loop
      vertex -2.723288e+1 -1.632276e+1 1.270000e+1
      vertex -2.639916e+1 -1.763935e+1 1.270000e+1
      vertex -2.639916e+1 -1.763935e+1 1.905000e+1
    endloop
  endfacet
  facet normal -8.448536e-1 -5.349976e-1 0.000000e+0
    outer loop
      vertex -2.723288e+1 -1.632276e+1 1.270000e+1
      vertex -2.639916e+1 -1.763935e+1 1.905000e+1
      vertex -2.723288e+1 -1.632276e+1 1.905000e+1
    endloop
  endfacet
  facet normal -8.175848e-1 -5.758082e-1 0.000000e+0
    outer loop
      vertex -2.639916e+1 -1.763935e+1 1.270000e+1
      vertex -2.550184e+1 -1.891345e+1 1.270000e+1
      vertex -2.550184e+1 -1.891345e+1 1.905000e+1
    endloop
  endfacet
  facet normal -8.175848e-1 -5.758082e-1 0.000000e+0
    outer loop
      vertex -2.639916e+1 -1.763935e+1 1.270000e+1
      vertex -2.550184e+1 -1.891345e+1 1.905000e+1
      vertex -2.639916e+1 -1.763935e+1 1.905000e+1
    endloop
  endfacet
  facet normal -7.883464e-1 -6.152316e-1 0.000000e+0
    outer loop
      vertex -2.550184e+1 -1.891345e+1 1.270000e+1
      vertex -2.454308e+1 -2.014199e+1 1.270000e+1
      vertex -2.454308e+1 -2.014199e+1 1.905000e+1
    endloop
  endfacet
  facet normal -7.883464e-1 -6.152316e-1 0.000000e+0
    outer loop
      vertex -2.550184e+1 -1.891345e+1 1.270000e+1
      vertex -2.454308e+1 -2.014199e+1 1.905000e+1
      vertex -2.550184e+1 -1.891345e+1 1.905000e+1
    endloop
  endfacet
  facet normal -7.572088e-1 -6.531728e-1 0.000000e+0
    outer loop
      vertex -2.454308e+1 -2.014199e+1 1.270000e+1
      vertex -2.352520e+1 -2.132200e+1 1.270000e+1
      vertex -2.352520e+1 -2.132200e+1 1.905000e+1
    endloop
  endfacet
  facet normal -7.572088e-1 -6.531728e-1 0.000000e+0
    outer loop
      vertex -2.454308e+1 -2.014199e+1 1.270000e+1
      vertex -2.352520e+1 -2.132200e+1 1.905000e+1
      vertex -2.454308e+1 -2.014199e+1 1.905000e+1
    endloop
  endfacet
  facet normal -7.242471e-1 -6.895405e-1 0.000000e+0
    outer loop
      vertex -2.352520e+1 -2.132200e+1 1.270000e+1
      vertex -2.245064e+1 -2.245064e+1 1.270000e+1
      vertex -2.245064e+1 -2.245064e+1 1.905000e+1
    endloop
  endfacet
  facet normal -7.242471e-1 -6.895405e-1 0.000000e+0
    outer loop
      vertex -2.352520e+1 -2.132200e+1 1.270000e+1
      vertex -2.245064e+1 -2.245064e+1 1.905000e+1
      vertex -2.352520e+1 -2.132200e+1 1.905000e+1
    endloop
  endfacet
  facet normal -6.895405e-1 -7.242471e-1 0.000000e+0
    outer loop
      vertex -2.245064e+1 -2.245064e+1 1.270000e+1
      vertex -2.132200e+1 -2.352520e+1 1.270000e+1
      vertex -2.132200e+1 -2.352520e+1 1.905000e+1
    endloop
  endfacet
  facet normal -6.895405e-1 -7.242471e-1 0.000000e+0
    outer loop
      vertex -2.245064e+1 -2.245064e+1 1.270000e+1
      vertex -2.132200e+1 -2.352520e+1 1.905000e+1
      vertex -2.245064e+1 -2.245064e+1 1.905000e+1
    endloop
  endfacet
  facet normal -6.531728e-1 -7.572088e-1 0.000000e+0
    outer loop
      vertex -2.132200e+1 -2.352520e+1 1.270000e+1
      vertex -2.014199e+1 -2.454308e+1 1.270000e+1
      vertex -2.014199e+1 -2.454308e+1 1.905000e+1
    endloop
  endfacet
  facet normal -6.531728e-1 -7.572088e-1 0.000000e+0
    outer loop
      vertex -2.132200e+1 -2.352520e+1 1.270000e+1
      vertex -2.014199e+1 -2.454308e+1 1.905000e+1
      vertex -2.132200e+1 -2.352520e+1 1.905000e+1
    endloop
  endfacet
  facet normal -6.152316e-1 -7.883464e-1 0.000000e+0
    outer loop
      vertex -2.014199e+1 -2.454308e+1 1.270000e+1
      vertex -1.891345e+1 -2.550184e+1 1.270000e+1
      vertex -1.891345e+1 -2.550184e+1 1.905000e+1
    endloop
  endfacet
  facet normal -6.152316e-1 -7.883464e-1 0.000000e+0
    outer loop
      vertex -2.014199e+1 -2.454308e+1 1.270000e+1
      vertex -1.891345e+1 -2.550184e+1 1.905000e+1
      vertex -2.014199e+1 -2.454308e+1 1.905000e+1
    endloop
  endfacet
  facet normal -5.758082e-1 -8.175848e-1 0.000000e+0
    outer loop
      vertex -1.891345e+1 -2.550184e+1 1.270000e+1
      vertex -1.763935e+1 -2.639916e+1 1.270000e+1
      vertex -1.763935e+1 -2.639916e+1 1.905000e+1
    endloop
  endfacet
  facet normal -5.758082e-1 -8.175848e-1 0.000000e+0
    outer loop
      vertex -1.891345e+1 -2.550184e+1 1.270000e+1
      vertex -1.763935e+1 -2.639916e+1 1.905000e+1
      vertex -1.891345e+1 -2.550184e+1 1.905000e+1
    endloop
  endfacet
  facet normal -5.349976e-1 -8.448536e-1 0.000000e+0
    outer loop
      vertex -1.763935e+1 -2.639916e+1 1.270000e+1
      vertex -1.632276e+1 -2.723288e+1 1.270000e+1
      vertex -1.632276e+1 -2.723288e+1 1.905000e+1
    endloop
  endfacet
  facet normal -5.349976e-1 -8.448536e-1 0.000000e+0
    outer loop
      vertex -1.763935e+1 -2.639916e+1 1.270000e+1
      vertex -1.632276e+1 -2.723288e+1 1.905000e+1
      vertex -1.763935e+1 -2.639916e+1 1.905000e+1
    endloop
  endfacet
  facet normal -4.928982e-1 -8.700870e-1 0.000000e+0
    outer loop
      vertex -1.632276e+1 -2.723288e+1 1.270000e+1
      vertex -1.496685e+1 -2.800100e+1 1.270000e+1
      vertex -1.496685e+1 -2.800100e+1 1.905000e+1
    endloop
  endfacet
  facet normal -4.928982e-1 -8.700870e-1 0.000000e+0
    outer loop
      vertex -1.632276e+1 -2.723288e+1 1.270000e+1
      vertex -1.496685e+1 -2.800100e+1 1.905000e+1
      vertex -1.632276e+1 -2.723288e+1 1.905000e+1
    endloop
  endfacet
  facet normal -4.496113e-1 -8.932243e-1 0.000000e+0
    outer loop
      vertex -1.496685e+1 -2.800100e+1 1.270000e+1
      vertex -1.357487e+1 -2.870166e+1 1.270000e+1
      vertex -1.357487e+1 -2.870166e+1 1.905000e+1
    endloop
  endfacet
  facet normal -4.496113e-1 -8.932243e-1 0.000000e+0
    outer loop
      vertex -1.496685e+1 -2.800100e+1 1.270000e+1
      vertex -1.357487e+1 -2.870166e+1 1.905000e+1
      vertex -1.496685e+1 -2.800100e+1 1.905000e+1
    endloop
  endfacet
  facet normal -4.052413e-1 -9.142098e-1 0.000000e+0
    outer loop
      vertex -1.357487e+1 -2.870166e+1 1.270000e+1
      vertex -1.215020e+1 -2.933318e+1 1.270000e+1
      vertex -1.215020e+1 -2.933318e+1 1.905000e+1
    endloop
  endfacet
  facet normal -4.052413e-1 -9.142098e-1 0.000000e+0
    outer loop
      vertex -1.357487e+1 -2.870166e+1 1.270000e+1
      vertex -1.215020e+1 -2.933318e+1 1.905000e+1
      vertex -1.357487e+1 -2.870166e+1 1.905000e+1
    endloop
  endfacet
  facet normal -3.598950e-1 -9.329928e-1 0.000000e+0
    outer loop
      vertex -1.215020e+1 -2.933318e+1 1.270000e+1
      vertex -1.069625e+1 -2.989402e+1 1.270000e+1
      vertex -1.069625e+1 -2.989402e+1 1.905000e+1
    endloop
  endfacet
  facet normal -3.598950e-1 -9.329928e-1 0.000000e+0
    outer loop
      vertex -1.215020e+1 -2.933318e+1 1.270000e+1
      vertex -1.069625e+1 -2.989402e+1 1.905000e+1
      vertex -1.215020e+1 -2.933318e+1 1.905000e+1
    endloop
  endfacet
  facet normal -3.136817e-1 -9.495282e-1 0.000000e+0
    outer loop
      vertex -1.069625e+1 -2.989402e+1 1.270000e+1
      vertex -9.216539e+0 -3.038286e+1 1.270000e+1
      vertex -9.216539e+0 -3.038286e+1 1.905000e+1
    endloop
  endfacet
  facet normal -3.136817e-1 -9.495282e-1 0.000000e+0
    outer loop
      vertex -1.069625e+1 -2.989402e+1 1.270000e+1
      vertex -9.216539e+0 -3.038286e+1 1.905000e+1
      vertex -1.069625e+1 -2.989402e+1 1.905000e+1
    endloop
  endfacet
  facet normal -2.667128e-1 -9.637761e-1 0.000000e+0
    outer loop
      vertex -9.216539e+0 -3.038286e+1 1.270000e+1
      vertex -7.714621e+0 -3.079849e+1 1.270000e+1
      vertex -7.714621e+0 -3.079849e+1 1.905000e+1
    endloop
  endfacet
  facet normal -2.667128e-1 -9.637761e-1 0.000000e+0
    outer loop
      vertex -9.216539e+0 -3.038286e+1 1.270000e+1
      vertex -7.714621e+0 -3.079849e+1 1.905000e+1
      vertex -9.216539e+0 -3.038286e+1 1.905000e+1
    endloop
  endfacet
  facet normal -2.191012e-1 -9.757021e-1 0.000000e+0
    outer loop
      vertex -7.714621e+0 -3.079849e+1 1.270000e+1
      vertex -6.194118e+0 -3.113993e+1 1.270000e+1
      vertex -6.194118e+0 -3.113993e+1 1.905000e+1
    endloop
  endfacet
  facet normal -2.191012e-1 -9.757021e-1 0.000000e+0
    outer loop
      vertex -7.714621e+0 -3.079849e+1 1.270000e+1
      vertex -6.194118e+0 -3.113993e+1 1.905000e+1
      vertex -7.714621e+0 -3.079849e+1 1.905000e+1
    endloop
  endfacet
  facet normal -1.709619e-1 -9.852776e-1 0.000000e+0
    outer loop
      vertex -6.194118e+0 -3.113993e+1 1.270000e+1
      vertex -4.658693e+0 -3.140635e+1 1.270000e+1
      vertex -4.658693e+0 -3.140635e+1 1.905000e+1
    endloop
  endfacet
  facet normal -1.709619e-1 -9.852776e-1 0.000000e+0
    outer loop
      vertex -6.194118e+0 -3.113993e+1 1.270000e+1
      vertex -4.658693e+0 -3.140635e+1 1.905000e+1
      vertex -6.194118e+0 -3.113993e+1 1.905000e+1
    endloop
  endfacet
  facet normal -1.224107e-1 -9.924795e-1 0.000000e+0
    outer loop
      vertex -4.658693e+0 -3.140635e+1 1.270000e+1
      vertex -3.112044e+0 -3.159712e+1 1.270000e+1
      vertex -3.112044e+0 -3.159712e+1 1.905000e+1
    endloop
  endfacet
  facet normal -1.224107e-1 -9.924795e-1 0.000000e+0
    outer loop
      vertex -4.658693e+0 -3.140635e+1 1.270000e+1
      vertex -3.112044e+0 -3.159712e+1 1.905000e+1
      vertex -4.658693e+0 -3.140635e+1 1.905000e+1
    endloop
  endfacet
  facet normal -7.356456e-2 -9.972905e-1 0.000000e+0
    outer loop
      vertex -3.112044e+0 -3.159712e+1 1.270000e+1
      vertex -1.557899e+0 -3.171176e+1 1.270000e+1
      vertex -1.557899e+0 -3.171176e+1 1.905000e+1
    endloop
  endfacet
  facet normal -7.356456e-2 -9.972905e-1 0.000000e+0
    outer loop
      vertex -3.112044e+0 -3.159712e+1 1.270000e+1
      vertex -1.557899e+0 -3.171176e+1 1.905000e+1
      vertex -3.112044e+0 -3.159712e+1 1.905000e+1
    endloop
  endfacet
  facet normal -2.454123e-2 -9.996988e-1 0.000000e+0
    outer loop
      vertex -1.557899e+0 -3.171176e+1 1.270000e+1
      vertex -5.832380e-15 -3.175000e+1 1.270000e+1
      vertex -5.832380e-15 -3.175000e+1 1.905000e+1
    endloop
  endfacet
  facet normal -2.454123e-2 -9.996988e-1 0.000000e+0
    outer loop
      vertex -1.557899e+0 -3.171176e+1 1.270000e+1
      vertex -5.832380e-15 -3.175000e+1 1.905000e+1
      vertex -1.557899e+0 -3.171176e+1 1.905000e+1
    endloop
  endfacet
  facet normal 2.454123e-2 -9.996988e-1 0.000000e+0
    outer loop
      vertex -5.832380e-15 -3.175000e+1 1.270000e+1
      vertex 1.557899e+0 -3.171176e+1 1.270000e+1
      vertex 1.557899e+0 -3.171176e+1 1.905000e+1
    endloop
  endfacet
  facet normal 2.454123e-2 -9.996988e-1 0.000000e+0
    outer loop
      vertex -5.832380e-15 -3.175000e+1 1.270000e+1
      vertex 1.557899e+0 -3.171176e+1 1.905000e+1
      vertex -5.832380e-15 -3.175000e+1 1.905000e+1
    endloop
  endfacet
  facet normal 7.356456e-2 -9.972905e-1 0.000000e+0
    outer loop
      vertex 1.557899e+0 -3.171176e+1 1.270000e+1
      vertex 3.112044e+0 -3.159712e+1 1.270000e+1
      vertex 3.112044e+0 -3.159712e+1 1.905000e+1
    endloop
  endfacet
  facet normal 7.356456e-2 -9.972905e-1 0.000000e+0
    outer loop
      vertex 1.557899e+0 -3.171176e+1 1.270000e+1
      vertex 3.112044e+0 -3.159712e+1 1.905000e+1
      vertex 1.557899e+0 -3.171176e+1 1.905000e+1
    endloop
  endfacet
  facet normal 1.224107e-1 -9.924795e-1 0.000000e+0
    outer loop
      vertex 3.112044e+0 -3.159712e+1 1.270000e+1
      vertex 4.658693e+0 -3.140635e+1 1.270000e+1
      vertex 4.658693e+0 -3.140635e+1 1.905000e+1
    endloop
  endfacet
  facet normal 1.224107e-1 -9.924795e-1 0.000000e+0
    outer loop
      vertex 3.112044e+0 -3.159712e+1 1.270000e+1
      vertex 4.658693e+0 -3.140635e+1 1.905000e+1
      vertex 3.112044e+0 -3.159712e+1 1.905000e+1
    endloop
  endfacet
  facet normal 1.709619e-1 -9.852776e-1 0.000000e+0
    outer loop
      vertex 4.658693e+0 -3.140635e+1 1.270000e+1
      vertex 6.194118e+0 -3.113993e+1 1.270000e+1
      vertex 6.194118e+0 -3.113993e+1 1.905000e+1
    endloop
  endfacet
  facet normal 1.709619e-1 -9.852776e-1 0.000000e+0
    outer loop
      vertex 4.658693e+0 -3.140635e+1 1.270000e+1
      vertex 6.194118e+0 -3.113993e+1 1.905000e+1
      vertex 4.658693e+0 -3.140635e+1 1.905000e+1
    endloop
  endfacet
  facet normal 2.191012e-1 -9.757021e-1 0.000000e+0
    outer loop
      vertex 6.194118e+0 -3.113993e+1 1.270000e+1
      vertex 7.714621e+0 -3.079849e+1 1.270000e+1
      vertex 7.714621e+0 -3.079849e+1 1.905000e+1
    endloop
  endfacet
  facet normal 2.191012e-1 -9.757021e-1 0.000000e+0
    outer loop
      vertex 6.194118e+0 -3.113993e+1 1.270000e+1
      vertex 7.714621e+0 -3.079849e+1 1.905000e+1
      vertex 6.194118e+0 -3.113993e+1 1.905000e+1
    endloop
  endfacet
  facet normal 2.667128e-1 -9.637761e-1 0.000000e+0
    outer loop
      vertex 7.714621e+0 -3.079849e+1 1.270000e+1
      vertex 9.216539e+0 -3.038286e+1 1.270000e+1
      vertex 9.216539e+0 -3.038286e+1 1.905000e+1
    endloop
  endfacet
  facet normal 2.667128e-1 -9.637761e-1 0.000000e+0
    outer loop
      vertex 7.714621e+0 -3.079849e+1 1.270000e+1
      vertex 9.216539e+0 -3.038286e+1 1.905000e+1
      vertex 7.714621e+0 -3.079849e+1 1.905000e+1
    endloop
  endfacet
  facet normal 3.136817e-1 -9.495282e-1 0.000000e+0
    outer loop
      vertex 9.216539e+0 -3.038286e+1 1.270000e+1
      vertex 1.069625e+1 -2.989402e+1 1.270000e+1
      vertex 1.069625e+1 -2.989402e+1 1.905000e+1
    endloop
  endfacet
  facet normal 3.136817e-1 -9.495282e-1 0.000000e+0
    outer loop
      vertex 9.216539e+0 -3.038286e+1 1.270000e+1
      vertex 1.069625e+1 -2.989402e+1 1.905000e+1
      vertex 9.216539e+0 -3.038286e+1 1.905000e+1
    endloop
  endfacet
  facet normal 3.598950e-1 -9.329928e-1 0.000000e+0
    outer loop
      vertex 1.069625e+1 -2.989402e+1 1.270000e+1
      vertex 1.215020e+1 -2.933318e+1 1.270000e+1
      vertex 1.215020e+1 -2.933318e+1 1.905000e+1
    endloop
  endfacet
  facet normal 3.598950e-1 -9.329928e-1 0.000000e+0
    outer loop
      vertex 1.069625e+1 -2.989402e+1 1.270000e+1
      vertex 1.215020e+1 -2.933318e+1 1.905000e+1
      vertex 1.069625e+1 -2.989402e+1 1.905000e+1
    endloop
  endfacet
  facet normal 4.052413e-1 -9.142098e-1 0.000000e+0
    outer loop
      vertex 1.215020e+1 -2.933318e+1 1.270000e+1
      vertex 1.357487e+1 -2.870166e+1 1.270000e+1
      vertex 1.357487e+1 -2.870166e+1 1.905000e+1
    endloop
  endfacet
  facet normal 4.052413e-1 -9.142098e-1 0.000000e+0
    outer loop
      vertex 1.215020e+1 -2.933318e+1 1.270000e+1
      vertex 1.357487e+1 -2.870166e+1 1.905000e+1
      vertex 1.215020e+1 -2.933318e+1 1.905000e+1
    endloop
  endfacet
  facet normal 4.496113e-1 -8.932243e-1 0.000000e+0
    outer loop
      vertex 1.357487e+1 -2.870166e+1 1.270000e+1
      vertex 1.496685e+1 -2.800100e+1 1.270000e+1
      vertex 1.496685e+1 -2.800100e+1 1.905000e+1
    endloop
  endfacet
  facet normal 4.496113e-1 -8.932243e-1 0.000000e+0
    outer loop
      vertex 1.357487e+1 -2.870166e+1 1.270000e+1
      vertex 1.496685e+1 -2.800100e+1 1.905000e+1
      vertex 1.357487e+1 -2.870166e+1 1.905000e+1
    endloop
  endfacet
  facet normal 4.928982e-1 -8.700870e-1 0.000000e+0
    outer loop
      vertex 1.496685e+1 -2.800100e+1 1.270000e+1
      vertex 1.632276e+1 -2.723288e+1 1.270000e+1
      vertex 1.632276e+1 -2.723288e+1 1.905000e+1
    endloop
  endfacet
  facet normal 4.928982e-1 -8.700870e-1 0.000000e+0
    outer loop
      vertex 1.496685e+1 -2.800100e+1 1.270000e+1
      vertex 1.632276e+1 -2.723288e+1 1.905000e+1
      vertex 1.496685e+1 -2.800100e+1 1.905000e+1
    endloop
  endfacet
  facet normal 5.349976e-1 -8.448536e-1 0.000000e+0
    outer loop
      vertex 1.632276e+1 -2.723288e+1 1.270000e+1
      vertex 1.763935e+1 -2.639916e+1 1.270000e+1
      vertex 1.763935e+1 -2.639916e+1 1.905000e+1
    endloop
  endfacet
  facet normal 5.349976e-1 -8.448536e-1 0.000000e+0
    outer loop
      vertex 1.632276e+1 -2.723288e+1 1.270000e+1
      vertex 1.763935e+1 -2.639916e+1 1.905000e+1
      vertex 1.632276e+1 -2.723288e+1 1.905000e+1
    endloop
  endfacet
  facet normal 5.758082e-1 -8.175848e-1 0.000000e+0
    outer loop
      vertex 1.763935e+1 -2.639916e+1 1.270000e+1
      vertex 1.891345e+1 -2.550184e+1 1.270000e+1
      vertex 1.891345e+1 -2.550184e+1 1.905000e+1
    endloop
  endfacet
  facet normal 5.758082e-1 -8.175848e-1 0.000000e+0
    outer loop
      vertex 1.763935e+1 -2.639916e+1 1.270000e+1
      vertex 1.891345e+1 -2.550184e+1 1.905000e+1
      vertex 1.763935e+1 -2.639916e+1 1.905000e+1
    endloop
  endfacet
  facet normal 6.152316e-1 -7.883464e-1 0.000000e+0
    outer loop
      vertex 1.891345e+1 -2.550184e+1 1.270000e+1
      vertex 2.014199e+1 -2.454308e+1 1.270000e+1
      vertex 2.014199e+1 -2.454308e+1 1.905000e+1
    endloop
  endfacet
  facet normal 6.152316e-1 -7.883464e-1 0.000000e+0
    outer loop
      vertex 1.891345e+1 -2.550184e+1 1.270000e+1
      vertex 2.014199e+1 -2.454308e+1 1.905000e+1
      vertex 1.891345e+1 -2.550184e+1 1.905000e+1
    endloop
  endfacet
  facet normal 6.531728e-1 -7.572088e-1 0.000000e+0
    outer loop
      vertex 2.014199e+1 -2.454308e+1 1.270000e+1
      vertex 2.132200e+1 -2.352520e+1 1.270000e+1
      vertex 2.132200e+1 -2.352520e+1 1.905000e+1
    endloop
  endfacet
  facet normal 6.531728e-1 -7.572088e-1 0.000000e+0
    outer loop
      vertex 2.014199e+1 -2.454308e+1 1.270000e+1
      vertex 2.132200e+1 -2.352520e+1 1.905000e+1
      vertex 2.014199e+1 -2.454308e+1 1.905000e+1
    endloop
  endfacet
  facet normal 6.895405e-1 -7.242471e-1 0.000000e+0
    outer loop
      vertex 2.132200e+1 -2.352520e+1 1.270000e+1
      vertex 2.245064e+1 -2.245064e+1 1.270000e+1
      vertex 2.245064e+1 -2.245064e+1 1.905000e+1
    endloop
  endfacet
  facet normal 6.895405e-1 -7.242471e-1 0.000000e+0
    outer loop
      vertex 2.132200e+1 -2.352520e+1 1.270000e+1
      vertex 2.245064e+1 -2.245064e+1 1.905000e+1
      vertex 2.132200e+1 -2.352520e+1 1.905000e+1
    endloop
  endfacet
  facet normal 7.242471e-1 -6.895405e-1 0.000000e+0
    outer loop
      vertex 2.245064e+1 -2.245064e+1 1.270000e+1
      vertex 2.352520e+1 -2.132200e+1 1.270000e+1
      vertex 2.352520e+1 -2.132200e+1 1.905000e+1
    endloop
  endfacet
  facet normal 7.242471e-1 -6.895405e-1 0.000000e+0
    outer loop
      vertex 2.245064e+1 -2.245064e+1 1.270000e+1
      vertex 2.352520e+1 -2.132200e+1 1.905000e+1
      vertex 2.245064e+1 -2.245064e+1 1.905000e+1
    endloop
  endfacet
  facet normal 7.572088e-1 -6.531728e-1 0.000000e+0
    outer loop
      vertex 2.352520e+1 -2.132200e+1 1.270000e+1
      vertex 2.454308e+1 -2.014199e+1 1.270000e+1
      vertex 2.454308e+1 -2.014199e+1 1.905000e+1
    endloop
  endfacet
  facet normal 7.572088e-1 -6.531728e-1 0.000000e+0
    outer loop
      vertex 2.352520e+1 -2.132200e+1 1.270000e+1
      vertex 2.454308e+1 -2.014199e+1 1.905000e+1
      vertex 2.352520e+1 -2.132200e+1 1.905000e+1
    endloop
  endfacet
  facet normal 7.883464e-1 -6.152316e-1 0.000000e+0
    outer loop
      vertex 2.454308e+1 -2.014199e+1 1.270000e+1
      vertex 2.550184e+1 -1.891345e+1 1.270000e+1
      vertex 2.550184e+1 -1.891345e+1 1.905000e+1
    endloop
  endfacet
  facet normal 7.883464e-1 -6.152316e-1 0.000000e+0
    outer loop
      vertex 2.454308e+1 -2.014199e+1 1.270000e+1
      vertex 2.550184e+1 -1.891345e+1 1.905000e+1
      vertex 2.454308e+1 -2.014199e+1 1.905000e+1
    endloop
  endfacet
  facet normal 8.175848e-1 -5.758082e-1 0.000000e+0
    outer loop
      vertex 2.550184e+1 -1.891345e+1 1.270000e+1
      vertex 2.639916e+1 -1.763935e+1 1.270000e+1
      vertex 2.639916e+1 -1.763935e+1 1.905000e+1
    endloop
  endfacet
  facet normal 8.175848e-1 -5.758082e-1 0.000000e+0
    outer loop
      vertex 2.550184e+1 -1.891345e+1 1.270000e+1
      vertex 2.639916e+1 -1.763935e+1 1.905000e+1
      vertex 2.550184e+1 -1.891345e+1 1.905000e+1
    endloop
  endfacet
  facet normal 8.448536e-1 -5.349976e-1 0.000000e+0
    outer loop
      vertex 2.639916e+1 -1.763935e+1 1.270000e+1
      vertex 2.723288e+1 -1.632276e+1 1.270000e+1
      vertex 2.723288e+1 -1.632276e+1 1.905000e+1
    endloop
  endfacet
  facet normal 8.448536e-1 -5.349976e-1 0.000000e+0
    outer loop
      vertex 2.639916e+1 -1.763935e+1 1.270000e+1
      vertex 2.723288e+1 -1.632276e+1 1.905000e+1
      vertex 2.639916e+1 -1.763935e+1 1.905000e+1
    endloop
  endfacet
  facet normal 8.700870e-1 -4.928982e-1 0.000000e+0
    outer loop
      vertex 2.723288e+1 -1.632276e+1 1.270000e+1
      vertex 2.800100e+1 -1.496685e+1 1.270000e+1
      vertex 2.800100e+1 -1.496685e+1 1.905000e+1
    endloop
  endfacet
  facet normal 8.700870e-1 -4.928982e-1 0.000000e+0
    outer loop
      vertex 2.723288e+1 -1.632276e+1 1.270000e+1
      vertex 2.800100e+1 -1.496685e+1 1.905000e+1
      vertex 2.723288e+1 -1.632276e+1 1.905000e+1
    endloop
  endfacet
  facet normal 8.932243e-1 -4.496113e-1 0.000000e+0
    outer loop
      vertex 2.800100e+1 -1.496685e+1 1.270000e+1
      vertex 2.870166e+1 -1.357487e+1 1.270000e+1
      vertex 2.870166e+1 -1.357487e+1 1.905000e+1
    endloop
  endfacet
  facet normal 8.932243e-1 -4.496113e-1 0.000000e+0
    outer loop
      vertex 2.800100e+1 -1.496685e+1 1.270000e+1
      vertex 2.870166e+1 -1.357487e+1 1.905000e+1
      vertex 2.800100e+1 -1.496685e+1 1.905000e+1
    endloop
  endfacet
  facet normal 9.142098e-1 -4.052413e-1 0.000000e+0
    outer loop
      vertex 2.870166e+1 -1.357487e+1 1.270000e+1
      vertex 2.933318e+1 -1.215020e+1 1.270000e+1
      vertex 2.933318e+1 -1.215020e+1 1.905000e+1
    endloop
  endfacet
  facet normal 9.142098e-1 -4.052413e-1 0.000000e+0
    outer loop
      vertex 2.870166e+1 -1.357487e+1 1.270000e+1
      vertex 2.933318e+1 -1.215020e+1 1.905000e+1
      vertex 2.870166e+1 -1.357487e+1 1.905000e+1
    endloop
  endfacet
  facet normal 9.329928e-1 -3.598950e-1 0.000000e+0
    outer loop
      vertex 2.933318e+1 -1.215020e+1 1.270000e+1
      vertex 2.989402e+1 -1.069625e+1 1.270000e+1
      vertex 2.989402e+1 -1.069625e+1 1.905000e+1
    endloop
  endfacet
  facet normal 9.329928e-1 -3.598950e-1 0.000000e+0
    outer loop
      vertex 2.933318e+1 -1.215020e+1 1.270000e+1
      vertex 2.989402e+1 -1.069625e+1 1.905000e+1
      vertex 2.933318e+1 -1.215020e+1 1.905000e+1
    endloop
  endfacet
  facet normal 9.495282e-1 -3.136817e-1 0.000000e+0
    outer loop
      vertex 2.989402e+1 -1.069625e+1 1.270000e+1
      vertex 3.038286e+1 -9.216539e+0 1.270000e+1
      vertex 3.038286e+1 -9.216539e+0 1.905000e+1
    endloop
  endfacet
  facet normal 9.495282e-1 -3.136817e-1 0.000000e+0
    outer loop
      vertex 2.989402e+1 -1.069625e+1 1.270000e+1
      vertex 3.038286e+1 -9.216539e+0 1.905000e+1
      vertex 2.989402e+1 -1.069625e+1 1.905000e+1
    endloop
  endfacet
  facet normal 9.637761e-1 -2.667128e-1 0.000000e+0
    outer loop
      vertex 3.038286e+1 -9.216539e+0 1.270000e+1
      vertex 3.079849e+1 -7.714621e+0 1.270000e+1
      vertex 3.079849e+1 -7.714621e+0 1.905000e+1
    endloop
  endfacet
  facet normal 9.637761e-1 -2.667128e-1 0.000000e+0
    outer loop
      vertex 3.038286e+1 -9.216539e+0 1.270000e+1
      vertex 3.079849e+1 -7.714621e+0 1.905000e+1
      vertex 3.038286e+1 -9.216539e+0 1.905000e+1
    endloop
  endfacet
  facet normal 9.757021e-1 -2.191012e-1 0.000000e+0
    outer loop
      vertex 3.079849e+1 -7.714621e+0 1.270000e+1
      vertex 3.113993e+1 -6.194118e+0 1.270000e+1
      vertex 3.113993e+1 -6.194118e+0 1.905000e+1
    endloop
  endfacet
  facet normal 9.757021e-1 -2.191012e-1 0.000000e+0
    outer loop
      vertex 3.079849e+1 -7.714621e+0 1.270000e+1
      vertex 3.113993e+1 -6.194118e+0 1.905000e+1
      vertex 3.079849e+1 -7.714621e+0 1.905000e+1
    endloop
  endfacet
  facet normal 9.852776e-1 -1.709619e-1 0.000000e+0
    outer loop
      vertex 3.113993e+1 -6.194118e+0 1.270000e+1
      vertex 3.140635e+1 -4.658693e+0 1.270000e+1
      vertex 3.140635e+1 -4.658693e+0 1.905000e+1
    endloop
  endfacet
  facet normal 9.852776e-1 -1.709619e-1 0.000000e+0
    outer loop
      vertex 3.113993e+1 -6.194118e+0 1.270000e+1
      vertex 3.140635e+1 -4.658693e+0 1.905000e+1
      vertex 3.113993e+1 -6.194118e+0 1.905000e+1
    endloop
  endfacet
  facet normal 9.924795e-1 -1.224107e-1 0.000000e+0
    outer loop
      vertex 3.140635e+1 -4.658693e+0 1.270000e+1
      vertex 3.159712e+1 -3.112044e+0 1.270000e+1
      vertex 3.159712e+1 -3.112044e+0 1.905000e+1
    endloop
  endfacet
  facet normal 9.924795e-1 -1.224107e-1 0.000000e+0
    outer loop
      vertex 3.140635e+1 -4.658693e+0 1.270000e+1
      vertex 3.159712e+1 -3.112044e+0 1.905000e+1
      vertex 3.140635e+1 -4.658693e+0 1.905000e+1
    endloop
  endfacet
  facet normal 9.972905e-1 -7.356456e-2 0.000000e+0
    outer loop
      vertex 3.159712e+1 -3.112044e+0 1.270000e+1
      vertex 3.171176e+1 -1.557899e+0 1.270000e+1
      vertex 3.171176e+1 -1.557899e+0 1.905000e+1
    endloop
  endfacet
  facet normal 9.972905e-1 -7.356456e-2 0.000000e+0
    outer loop
      vertex 3.159712e+1 -3.112044e+0 1.270000e+1
      vertex 3.171176e+1 -1.557899e+0 1.905000e+1
      vertex 3.159712e+1 -3.112044e+0 1.905000e+1
    endloop
  endfacet
  facet normal 9.996988e-1 -2.454123e-2 0.000000e+0
    outer loop
      vertex 3.171176e+1 -1.557899e+0 1.270000e+1
      vertex 3.175000e+1 -7.776507e-15 1.270000e+1
      vertex 3.175000e+1 -7.776507e-15 1.905000e+1
    endloop
  endfacet
  facet normal 9.996988e-1 -2.454123e-2 0.000000e+0
    outer loop
      vertex 3.171176e+1 -1.557899e+0 1.270000e+1
      vertex 3.175000e+1 -7.776507e-15 1.905000e+1
      vertex 3.171176e+1 -1.557899e+0 1.905000e+1
    endloop
  endfacet
  facet normal 0.000000e+0 0.000000e+0 1.000000e+0
    outer loop
      vertex 3.175000e+1 0.000000e+0 1.905000e+1
      vertex 3.171176e+1 1.557899e+0 1.905000e+1
      vertex 0.000000e+0 0.000000e+0 1.905000e+1
    endloop
  endfacet
  facet normal 0.000000e+0 0.000000e+0 1.000000e+0
    outer loop
      vertex 3.171176e+1 1.557899e+0 1.905000e+1
      vertex 3.159712e+1 3.112044e+0 1.905000e+1
      vertex 0.000000e+0 0.000000e+0 1.905000e+1
    endloop
  endfacet
  facet normal 0.000000e+0 0.000000e+0 1.000000e+0
    outer loop
      vertex 3.159712e+1 3.112044e+0 1.905000e+1
      vertex 3.140635e+1 4.658693e+0 1.905000e+1
      vertex 0.000000e+0 0.000000e+0 1.905000e+1
    endloop
  endfacet
  facet normal 0.000000e+0 0.000000e+0 1.000000e+0
    outer loop
      vertex 3.140635e+1 4.658693e+0 1.905000e+1
      vertex 3.113993e+1 6.194118e+0 1.905000e+1
      vertex 0.000000e+0 0.000000e+0 1.905000e+1
    endloop
  endfacet
  facet normal 0.000000e+0 0.000000e+0 1.000000e+0
    outer loop
      vertex 3.113993e+1 6.194118e+0 1.905000e+1
      vertex 3.079849e+1 7.714621e+0 1.905000e+1
      vertex 0.000000e+0 0.000000e+0 1.905000e+1
    endloop
  endfacet
  facet normal 0.000000e+0 0.000000e+0 1.000000e+0
    outer loop
      vertex 3.079849e+1 7.714621e+0 1.905000e+1
      vertex 3.038286e+1 9.216539e+0 1.905000e+1
      vertex 0.000000e+0 0.000000e+0 1.905000e+1
    endloop
  endfacet
  facet normal 0.000000e+0 0.000000e+0 1.000000e+0
    outer loop
      vertex 3.038286e+1 9.216539e+0 1.905000e+1
      vertex 2.989402e+1 1.069625e+1 1.905000e+1
      vertex 0.000000e+0 0.000000e+0 1.905000e+1
    endloop
  endfacet
  facet normal 0.000000e+0 0.000000e+0 1.000000e+0
    outer loop
      vertex 2.989402e+1 1.069625e+1 1.905000e+1
      vertex 2.933318e+1 1.215020e+1 1.905000e+1
      vertex 0.000000e+0 0.000000e+0 1.905000e+1
    endloop
  endfacet
  facet normal 0.000000e+0 0.000000e+0 1.000000e+0
    outer loop
      vertex 2.933318e+1 1.215020e+1 1.905000e+1
      vertex 2.870166e+1 1.357487e+1 1.905000e+1
      vertex 0.000000e+0 0.000000e+0 1.905000e+1
    endloop
  endfacet
  facet normal 0.000000e+0 0.000000e+0 1.000000e+0
    outer loop
      vertex 2.870166e+1 1.357487e+1 1.905000e+1
      vertex 2.800100e+1 1.496685e+1 1.905000e+1
      vertex 0.000000e+0 0.000000e+0 1.905000e+1
    endloop
  endfacet
  facet normal 0.000000e+0 0.000000e+0 1.000000e+0
    outer loop
      vertex 2.800100e+1 1.496685e+1 1.905000e+1
      vertex 2.723288e+1 1.632276e+1 1.905000e+1
      vertex 0.000000e+0 0.000000e+0 1.905000e+1
    endloop
  endfacet
  facet normal 0.000000e+0 0.000000e+0 1.000000e+0
    outer loop
      vertex 2.723288e+1 1.632276e+1 1.905000e+1
      vertex 2.639916e+1 1.763935e+1 1.905000e+1
      vertex 0.000000e+0 0.000000e+0 1.905000e+1
    endloop
  endfacet
  facet normal 0.000000e+0 0.000000e+0 1.000000e+0
    outer loop
      vertex 2.639916e+1 1.763935e+1 1.905000e+1
      vertex 2.550184e+1 1.891345e+1 1.905000e+1
      vertex 0.000000e+0 0.000000e+0 1.905000e+1
    endloop
  endfacet
  facet normal 0.000000e+0 0.000000e+0 1.000000e+0
    outer loop
      vertex 2.550184e+1 1.891345e+1 1.905000e+1
      vertex 2.454308e+1 2.014199e+1 1.905000e+1
      vertex 0.000000e+0 0.000000e+0 1.905000e+1
    endloop
  endfacet
  facet normal 0.000000e+0 0.000000e+0 1.000000e+0
    outer loop
      vertex 2.454308e+1 2.014199e+1 1.905000e+1
      vertex 2.352520e+1 2.132200e+1 1.905000e+1
      vertex 0.000000e+0 0.000000e+0 1.905000e+1
    endloop
  endfacet
  facet normal 0.000000e+0 0.000000e+0 1.000000e+0
    outer loop
      vertex 2.352520e+1 2.132200e+1 1.905000e+1
      vertex 2.245064e+1 2.245064e+1 1.905000e+1
      vertex 0.000000e+0 0.000000e+0 1.905000e+1
    endloop
  endfacet
  facet normal 0.000000e+0 0.000000e+0 1.000000e+0
    outer loop
      vertex 2.245064e+1 2.245064e+1 1.905000e+1
      vertex 2.132200e+1 2.352520e+1 1.905000e+1
      vertex 0.000000e+0 0.000000e+0 1.905000e+1
    endloop
  endfacet
  facet normal 0.000000e+0 0.000000e+0 1.000000e+0
    outer loop
      vertex 2.132200e+1 2.352520e+1 1.905000e+1
      vertex 2.014199e+1 2.454308e+1 1.905000e+1
      vertex 0.000000e+0 0.000000e+0 1.905000e+1
    endloop
  endfacet
  facet normal 0.000000e+0 0.000000e+0 1.000000e+0
    outer loop
      vertex 2.014199e+1 2.454308e+1 1.905000e+1
      vertex 1.891345e+1 2.550184e+1 1.905000e+1
      vertex 0.000000e+0 0.000000e+0 1.905000e+1
    endloop
  endfacet
  facet normal 0.000000e+0 0.000000e+0 1.000000e+0
    outer loop
      vertex 1.891345e+1 2.550184e+1 1.905000e+1
      vertex 1.763935e+1 2.639916e+1 1.905000e+1
      vertex 0.000000e+0 0.000000e+0 1.905000e+1
    endloop
  endfacet
  facet normal 0.000000e+0 0.000000e+0 1.000000e+0
    outer loop
      vertex 1.763935e+1 2.639916e+1 1.905000e+1
      vertex 1.632276e+1 2.723288e+1 1.905000e+1
      vertex 0.000000e+0 0.000000e+0 1.905000e+1
    endloop
  endfacet
  facet normal 0.000000e+0 0.000000e+0 1.000000e+0
    outer loop
      vertex 1.632276e+1 2.723288e+1 1.905000e+1
      vertex 1.496685e+1 2.800100e+1 1.905000e+1
      vertex 0.000000e+0 0.000000e+0 1.905000e+1
    endloop
  endfacet
  facet normal 0.000000e+0 0.000000e+0 1.000000e+0
    outer loop
      vertex 1.496685e+1 2.800100e+1 1.905000e+1
      vertex 1.357487e+1 2.870166e+1 1.905000e+1
      vertex 0.000000e+0 0.000000e+0 1.905000e+1
    endloop
  endfacet
  facet normal 0.000000e+0 0.000000e+0 1.000000e+0
    outer loop
      vertex 1.357487e+1 2.870166e+1 1.905000e+1
      vertex 1.215020e+1 2.933318e+1 1.905000e+1
      vertex 0.000000e+0 0.000000e+0 1.905000e+1
    endloop
  endfacet
  facet normal 0.000000e+0 0.000000e+0 1.000000e+0
    outer loop
      vertex 1.215020e+1 2.933318e+1 1.905000e+1
      vertex 1.069625e+1 2.989402e+1 1.905000e+1
      vertex 0.000000e+0 0.000000e+0 1.905000e+1
    endloop
  endfacet
  facet normal 0.000000e+0 0.000000e+0 1.000000e+0
    outer loop
      vertex 1.069625e+1 2.989402e+1 1.905000e+1
      vertex 9.216539e+0 3.038286e+1 1.905000e+1
      vertex 0.000000e+0 0.000000e+0 1.905000e+1
    endloop
  endfacet
  facet normal 0.000000e+0 0.000000e+0 1.000000e+0
    outer loop
      vertex 9.216539e+0 3.038286e+1 1.905000e+1
      vertex 7.714621e+0 3.079849e+1 1.905000e+1
      vertex 0.000000e+0 0.000000e+0 1.905000e+1
    endloop
  endfacet
  facet normal 0.000000e+0 0.000000e+0 1.000000e+0
    outer loop
      vertex 7.714621e+0 3.079849e+1 1.905000e+1
      vertex 6.194118e+0 3.113993e+1 1.905000e+1
      vertex 0.000000e+0 0.000000e+0 1.905000e+1
    endloop
  endfacet
  facet normal 0.000000e+0 0.000000e+0 1.000000e+0
    outer loop
      vertex 6.194118e+0 3.113993e+1 1.905000e+1
      vertex 4.658693e+0 3.140635e+1 1.905000e+1
      vertex 0.000000e+0 0.000000e+0 1.905000e+1
    endloop
  endfacet
  facet normal 0.000000e+0 0.000000e+0 1.000000e+0
    outer loop
      vertex 4.658693e+0 3.140635e+1 1.905000e+1
      vertex 3.112044e+0 3.159712e+1 1.905000e+1
      vertex 0.000000e+0 0.000000e+0 1.905000e+1
    endloop
  endfacet
  facet normal 0.000000e+0 0.000000e+0 1.000000e+0
    outer loop
      vertex 3.112044e+0 3.159712e+1 1.905000e+1
      vertex 1.557899e+0 3.171176e+1 1.905000e+1
      vertex 0.000000e+0 0.000000e+0 1.905000e+1
    endloop
  endfacet
  facet normal 0.000000e+0 0.000000e+0 1.000000e+0
    outer loop
      vertex 1.557899e+0 3.171176e+1 1.905000e+1
      vertex 1.944127e-15 3.175000e+1 1.905000e+1
      vertex 0.000000e+0 0.000000e+0 1.905000e+1
    endloop
  endfacet
  facet normal 0.000000e+0 0.000000e+0 1.000000e+0
    outer loop
      vertex 1.944127e-15 3.175000e+1 1.905000e+1
      vertex -1.557899e+0 3.171176e+1 1.905000e+1
      vertex 0.000000e+0 0.000000e+0 1.905000e+1
    endloop
  endfacet
  facet normal 0.000000e+0 0.000000e+0 1.000000e+0
    outer loop
      vertex -1.557899e+0 3.171176e+1 1.905000e+1
      vertex -3.112044e+0 3.159712e+1 1.905000e+1
      vertex 0.000000e+0 0.000000e+0 1.905000e+1
    endloop
  endfacet
  facet normal 0.000000e+0 0.000000e+0 1.000000e+0
    outer loop
      vertex -3.112044e+0 3.159712e+1 1.905000e+1
      vertex -4.658693e+0 3.140635e+1 1.905000e+1
      vertex 0.000000e+0 0.000000e+0 1.905000e+1
    endloop
  endfacet
  facet normal 0.000000e+0 0.000000e+0 1.000000e+0
    outer loop
      vertex -4.658693e+0 3.140635e+1 1.905000e+1
      vertex -6.194118e+0 3.113993e+1 1.905000e+1
      vertex 0.000000e+0 0.000000e+0 1.905000e+1
    endloop
  endfacet
  facet normal 0.000000e+0 0.000000e+0 1.000000e+0
    outer loop
      vertex -6.194118e+0 3.113993e+1 1.905000e+1
      vertex -7.714621e+0 3.079849e+1 1.905000e+1
      vertex 0.000000e+0 0.000000e+0 1.905000e+1
    endloop
  endfacet
  facet normal 0.000000e+0 0.000000e+0 1.000000e+0
    outer loop
      vertex -7.714621e+0 3.079849e+1 1.905000e+1
      vertex -9.216539e+0 3.038286e+1 1.905000e+1
      vertex 0.000000e+0 0.000000e+0 1.905000e+1
    endloop
  endfacet
  facet normal 0.000000e+0 0.000000e+0 1.000000e+0
    outer loop
      vertex -9.216539e+0 3.038286e+1 1.905000e+1
      vertex -1.069625e+1 2.989402e+1 1.905000e+1
      vertex 0.000000e+0 0.000000e+0 1.905000e+1
    endloop
  endfacet
  facet normal 0.000000e+0 0.000000e+0 1.000000e+0
    outer loop
      vertex -1.069625e+1 2.989402e+1 1.905000e+1
      vertex -1.215020e+1 2.933318e+1 1.905000e+1
      vertex 0.000000e+0 0.000000e+0 1.905000e+1
    endloop
  endfacet
  facet normal 0.000000e+0 0.000000e+0 1.000000e+0
    outer loop
      vertex -1.215020e+1 2.933318e+1 1.905000e+1
      vertex -1.357487e+1 2.870166e+1 1.905000e+1
      vertex 0.000000e+0 0.000000e+0 1.905000e+1
    endloop
  endfacet
  facet normal 0.000000e+0 0.000000e+0 1.000000e+0
    outer loop
      vertex -1.357487e+1 2.870166e+1 1.905000e+1
      vertex -1.496685e+1 2.800100e+1 1.905000e+1
      vertex 0.000000e+0 0.000000e+0 1.905000e+1
    endloop
  endfacet
  facet normal 0.000000e+0 0.000000e+0 1.000000e+0
    outer loop
      vertex -1.496685e+1 2.800100e+1 1.905000e+1
      vertex -1.632276e+1 2.723288e+1 1.905000e+1
      vertex 0.000000e+0 0.000000e+0 1.905000e+1
    endloop
  endfacet
  facet normal 0.000000e+0 0.000000e+0 1.000000e+0
    outer loop
      vertex -1.632276e+1 2.723288e+1 1.905000e+1
      vertex -1.763935e+1 2.639916e+1 1.905000e+1
      vertex 0.000000e+0 0.000000e+0 1.905000e+1
    endloop
  endfacet
  facet normal 0.000000e+0 0.000000e+0 1.000000e+0
    outer loop
      vertex -1.763935e+1 2.639916e+1 1.905000e+1
      vertex -1.891345e+1 2.550184e+1 1.905000e+1
      vertex 0.000000e+0 0.000000e+0 1.905000e+1
    endloop
  endfacet
  facet normal 0.000000e+0 0.000000e+0 1.000000e+0
    outer loop
      vertex -1.891345e+1 2.550184e+1 1.905000e+1
      vertex -2.014199e+1 2.454308e+1 1.905000e+1
      vertex 0.000000e+0 0.000000e+0 1.905000e+1
    endloop
  endfacet
  facet normal 0.000000e+0 0.000000e+0 1.000000e+0
    outer loop
      vertex -2.014199e+1 2.454308e+1 1.905000e+1
      vertex -2.132200e+1 2.352520e+1 1.905000e+1
      vertex 0.000000e+0 0.000000e+0 1.905000e+1
    endloop
  endfacet
  facet normal 0.000000e+0 0.000000e+0 1.000000e+0
    outer loop
      vertex -2.132200e+1 2.352520e+1 1.905000e+1
      vertex -2.245064e+1 2.245064e+1 1.905000e+1
      vertex 0.000000e+0 0.000000e+0 1.905000e+1
    endloop
  endfacet
  facet normal 0.000000e+0 0.000000e+0 1.000000e+0
    outer loop
      vertex -2.245064e+1 2.245064e+1 1.905000e+1
      vertex -2.352520e+1 2.132200e+1 1.905000e+1
      vertex 0.000000e+0 0.000000e+0 1.905000e+1
    endloop
  endfacet
  facet normal 0.000000e+0 0.000000e+0 1.000000e+0
    outer loop
      vertex -2.352520e+1 2.132200e+1 1.905000e+1
      vertex -2.454308e+1 2.014199e+1 1.905000e+1
      vertex 0.000000e+0 0.000000e+0 1.905000e+1
    endloop
  endfacet
  facet normal 0.000000e+0 0.000000e+0 1.000000e+0
    outer loop
      vertex -2.454308e+1 2.014199e+1 1.905000e+1
      vertex -2.550184e+1 1.891345e+1 1.905000e+1
      vertex 0.000000e+0 0.000000e+0 1.905000e+1
    endloop
  endfacet
  facet normal 0.000000e+0 0.000000e+0 1.000000e+0
    outer loop
      vertex -2.550184e+1 1.891345e+1 1.905000e+1
      vertex -2.639916e+1 1.763935e+1 1.905000e+1
      vertex 0.000000e+0 0.000000e+0 1.905000e+1
    endloop
  endfacet
  facet normal 0.000000e+0 0.000000e+0 1.000000e+0
    outer loop
      vertex -2.639916e+1 1.763935e+1 1.905000e+1
      vertex -2.723288e+1 1.632276e+1 1.905000e+1
      vertex 0.000000e+0 0.000000e+0 1.905000e+1
    endloop
  endfacet
  facet normal 0.000000e+0 0.000000e+0 1.000000e+0
    outer loop
      vertex -2.723288e+1 1.632276e+1 1.905000e+1
      vertex -2.800100e+1 1.496685e+1 1.905000e+1
      vertex 0.000000e+0 0.000000e+0 1.905000e+1
    endloop
  endfacet
  facet normal 0.000000e+0 0.000000e+0 1.000000e+0
    outer loop
      vertex -2.800100e+1 1.496685e+1 1.905000e+1
      vertex -2.870166e+1 1.357487e+1 1.905000e+1
      vertex 0.000000e+0 0.000000e+0 1.905000e+1
    endloop
  endfacet
  facet normal 0.000000e+0 0.000000e+0 1.000000e+0
    outer loop
      vertex -2.870166e+1 1.357487e+1 1.905000e+1
      vertex -2.933318e+1 1.215020e+1 1.905000e+1
      vertex 0.000000e+0 0.000000e+0 1.905000e+1
    endloop
  endfacet
  facet normal 0.000000e+0 0.000000e+0 1.000000e+0
    outer loop
      vertex -2.933318e+1 1.215020e+1 1.905000e+1
      vertex -2.989402e+1 1.069625e+1 1.905000e+1
      vertex 0.000000e+0 0.000000e+0 1.905000e+1
    endloop
  endfacet
  facet normal 0.000000e+0 0.000000e+0 1.000000e+0
    outer loop
      vertex -2.989402e+1 1.069625e+1 1.905000e+1
      vertex -3.038286e+1 9.216539e+0 1.905000e+1
      vertex 0.000000e+0 0.000000e+0 1.905000e+1
    endloop
  endfacet
  facet normal 0.000000e+0 0.000000e+0 1.000000e+0
    outer loop
      vertex -3.038286e+1 9.216539e+0 1.905000e+1
      vertex -3.079849e+1 7.714621e+0 1.905000e+1
      vertex 0.000000e+0 0.000000e+0 1.905000e+1
    endloop
  endfacet
  facet normal 0.000000e+0 0.000000e+0 1.000000e+0
    outer loop
      vertex -3.079849e+1 7.714621e+0 1.905000e+1
      vertex -3.113993e+1 6.194118e+0 1.905000e+1
      vertex 0.000000e+0 0.000000e+0 1.905000e+1
    endloop
  endfacet
  facet normal 0.000000e+0 0.000000e+0 1.000000e+0
    outer loop
      vertex -3.113993e+1 6.194118e+0 1.905000e+1
      vertex -3.140635e+1 4.658693e+0 1.905000e+1
      vertex 0.000000e+0 0.000000e+0 1.905000e+1
    endloop
  endfacet
  facet normal 0.000000e+0 0.000000e+0 1.000000e+0
    outer loop
      vertex -3.140635e+1 4.658693e+0 1.905000e+1
      vertex -3.159712e+1 3.112044e+0 1.905000e+1
      vertex 0.000000e+0 0.000000e+0 1.905000e+1
    endloop
  endfacet
  facet normal 0.000000e+0 0.000000e+0 1.000000e+0
    outer loop
      vertex -3.159712e+1 3.112044e+0 1.905000e+1
      vertex -3.171176e+1 1.557899e+0 1.905000e+1
      vertex 0.000000e+0 0.000000e+0 1.905000e+1
    endloop
  endfacet
  facet normal 0.000000e+0 0.000000e+0 1.000000e+0
    outer loop
      vertex -3.171176e+1 1.557899e+0 1.905000e+1
      vertex -3.175000e+1 3.888254e-15 1.905000e+1
      vertex 0.000000e+0 0.000000e+0 1.905000e+1
    endloop
  endfacet
  facet normal 0.000000e+0 0.000000e+0 1.000000e+0
    outer loop
      vertex -3.175000e+1 3.888254e-15 1.905000e+1
      vertex -3.171176e+1 -1.557899e+0 1.905000e+1
      vertex 0.000000e+0 0.000000e+0 1.905000e+1
    endloop
  endfacet
  facet normal 0.000000e+0 0.000000e+0 1.000000e+0
    outer loop
      vertex -3.171176e+1 -1.557899e+0 1.905000e+1
      vertex -3.159712e+1 -3.112044e+0 1.905000e+1
      vertex 0.000000e+0 0.000000e+0 1.905000e+1
    endloop
  endfacet
  facet normal 0.000000e+0 0.000000e+0 1.000000e+0
    outer loop
      vertex -3.159712e+1 -3.112044e+0 1.905000e+1
      vertex -3.140635e+1 -4.658693e+0 1.905000e+1
      vertex 0.000000e+0 0.000000e+0 1.905000e+1
    endloop
  endfacet
  facet normal 0.000000e+0 0.000000e+0 1.000000e+0
    outer loop
      vertex -3.140635e+1 -4.658693e+0 1.905000e+1
      vertex -3.113993e+1 -6.194118e+0 1.905000e+1
      vertex 0.000000e+0 0.000000e+0 1.905000e+1
    endloop
  endfacet
  facet normal 0.000000e+0 0.000000e+0 1.000000e+0
    outer loop
      vertex -3.113993e+1 -6.194118e+0 1.905000e+1
      vertex -3.079849e+1 -7.714621e+0 1.905000e+1
      vertex 0.000000e+0 0.000000e+0 1.905000e+1
    endloop
  endfacet
  facet normal 0.000000e+0 0.000000e+0 1.000000e+0
    outer loop
      vertex -3.079849e+1 -7.714621e+0 1.905000e+1
      vertex -3.038286e+1 -9.216539e+0 1.905000e+1
      vertex 0.000000e+0 0.000000e+0 1.905000e+1
    endloop
  endfacet
  facet normal 0.000000e+0 0.000000e+0 1.000000e+0
    outer loop
      vertex -3.038286e+1 -9.216539e+0 1.905000e+1
      vertex -2.989402e+1 -1.069625e+1 1.905000e+1
      vertex 0.000000e+0 0.000000e+0 1.905000e+1
    endloop
  endfacet
  facet normal 0.000000e+0 0.000000e+0 1.000000e+0
    outer loop
      vertex -2.989402e+1 -1.069625e+1 1.905000e+1
      vertex -2.933318e+1 -1.215020e+1 1.905000e+1
      vertex 0.000000e+0 0.000000e+0 1.905000e+1
    endloop
  endfacet
  facet normal 0.000000e+0 0.000000e+0 1.000000e+0
    outer loop
      vertex -2.933318e+1 -1.215020e+1 1.905000e+1
      vertex -2.870166e+1 -1.357487e+1 1.905000e+1
      vertex 0.000000e+0 0.000000e+0 1.905000e+1
    endloop
  endfacet
  facet normal 0.000000e+0 0.000000e+0 1.000000e+0
    outer loop
      vertex -2.870166e+1 -1.357487e+1 1.905000e+1
      vertex -2.800100e+1 -1.496685e+1 1.905000e+1
      vertex 0.000000e+0 0.000000e+0 1.905000e+1
    endloop
  endfacet
  facet normal 0.000000e+0 0.000000e+0 1.000000e+0
    outer loop
      vertex -2.800100e+1 -1.496685e+1 1.905000e+1
      vertex -2.723288e+1 -1.632276e+1 1.905000e+1
      vertex 0.000000e+0 0.000000e+0 1.905000e+1
    endloop
  endfacet
  facet normal 0.000000e+0 0.000000e+0 1.000000e+0
    outer loop
      vertex -2.723288e+1 -1.632276e+1 1.905000e+1
      vertex -2.639916e+1 -1.763935e+1 1.905000e+1
      vertex 0.000000e+0 0.000000e+0 1.905000e+1
    endloop
  endfacet
  facet normal 0.000000e+0 0.000000e+0 1.000000e+0
    outer loop
      vertex -2.639916e+1 -1.763935e+1 1.905000e+1
      vertex -2.550184e+1 -1.891345e+1 1.905000e+1
      vertex 0.000000e+0 0.000000e+0 1.905000e+1
    endloop
  endfacet
  facet normal 0.000000e+0 0.000000e+0 1.000000e+0
    outer loop
      vertex -2.550184e+1 -1.891345e+1 1.905000e+1
      vertex -2.454308e+1 -2.014199e+1 1.905000e+1
      vertex 0.000000e+0 0.000000e+0 1.905000e+1
    endloop
  endfacet
  facet normal 0.000000e+0 0.000000e+0 1.000000e+0
    outer loop
      vertex -2.454308e+1 -2.014199e+1 1.905000e+1
      vertex -2.352520e+1 -2.132200e+1 1.905000e+1
      vertex 0.000000e+0 0.000000e+0 1.905000e+1
    endloop
  endfacet
  facet normal 0.000000e+0 0.000000e+0 1.000000e+0
    outer loop
      vertex -2.352520e+1 -2.132200e+1 1.905000e+1
      vertex -2.245064e+1 -2.245064e+1 1.905000e+1
      vertex 0.000000e+0 0.000000e+0 1.905000e+1
    endloop
  endfacet
  facet normal 0.000000e+0 0.000000e+0 1.000000e+0
    outer loop
      vertex -2.245064e+1 -2.245064e+1 1.905000e+1
      vertex -2.132200e+1 -2.352520e+1 1.905000e+1
      vertex 0.000000e+0 0.000000e+0 1.905000e+1
    endloop
  endfacet
  facet normal 0.000000e+0 0.000000e+0 1.000000e+0
    outer loop
      vertex -2.132200e+1 -2.352520e+1 1.905000e+1
      vertex -2.014199e+1 -2.454308e+1 1.905000e+1
      vertex 0.000000e+0 0.000000e+0 1.905000e+1
    endloop
  endfacet
  facet normal 0.000000e+0 0.000000e+0 1.000000e+0
    outer loop
      vertex -2.014199e+1 -2.454308e+1 1.905000e+1
      vertex -1.891345e+1 -2.550184e+1 1.905000e+1
      vertex 0.000000e+0 0.000000e+0 1.905000e+1
    endloop
  endfacet
  facet normal 0.000000e+0 0.000000e+0 1.000000e+0
    outer loop
      vertex -1.891345e+1 -2.550184e+1 1.905000e+1
      vertex -1.763935e+1 -2.639916e+1 1.905000e+1
      vertex 0.000000e+0 0.000000e+0 1.905000e+1
    endloop
  endfacet
  facet normal 0.000000e+0 0.000000e+0 1.000000e+0
    outer loop
      vertex -1.763935e+1 -2.639916e+1 1.905000e+1
      vertex -1.632276e+1 -2.723288e+1 1.905000e+1
      vertex 0.000000e+0 0.000000e+0 1.905000e+1
    endloop
  endfacet
  facet normal 0.000000e+0 0.000000e+0 1.000000e+0
    outer loop
      vertex -1.632276e+1 -2.723288e+1 1.905000e+1
      vertex -1.496685e+1 -2.800100e+1 1.905000e+1
      vertex 0.000000e+0 0.000000e+0 1.905000e+1
    endloop
  endfacet
  facet normal 0.000000e+0 0.000000e+0 1.000000e+0
    outer loop
      vertex -1.496685e+1 -2.800100e+1 1.905000e+1
      vertex -1.357487e+1 -2.870166e+1 1.905000e+1
      vertex 0.000000e+0 0.000000e+0 1.905000e+1
    endloop
  endfacet
  facet normal 0.000000e+0 0.000000e+0 1.000000e+0
    outer loop
      vertex -1.357487e+1 -2.870166e+1 1.905000e+1
      vertex -1.215020e+1 -2.933318e+1 1.905000e+1
      vertex 0.000000e+0 0.000000e+0 1.905000e+1
    endloop
  endfacet
  facet normal 0.000000e+0 0.000000e+0 1.000000e+0
    outer loop
      vertex -1.215020e+1 -2.933318e+1 1.905000e+1
      vertex -1.069625e+1 -2.989402e+1 1.905000e+1
      vertex 0.000000e+0 0.000000e+0 1.905000e+1
    endloop
  endfacet
  facet normal 0.000000e+0 0.000000e+0 1.000000e+0
    outer loop
      vertex -1.069625e+1 -2.989402e+1 1.905000e+1
      vertex -9.216539e+0 -3.038286e+1 1.905000e+1
      vertex 0.000000e+0 0.000000e+0 1.905000e+1
    endloop
  endfacet
  facet normal 0.000000e+0 0.000000e+0 1.000000e+0
    outer loop
      vertex -9.216539e+0 -3.038286e+1 1.905000e+1
      vertex -7.714621e+0 -3.079849e+1 1.905000e+1
      vertex 0.000000e+0 0.000000e+0 1.905000e+1
    endloop
  endfacet
  facet normal 0.000000e+0 0.000000e+0 1.000000e+0
    outer loop
      vertex -7.714621e+0 -3.079849e+1 1.905000e+1
      vertex -6.194118e+0 -3.113993e+1 1.905000e+1
      vertex 0.000000e+0 0.000000e+0 1.905000e+1
    endloop
  endfacet
  facet normal 0.000000e+0 0.000000e+0 1.000000e+0
    outer loop
      vertex -6.194118e+0 -3.113993e+1 1.905000e+1
      vertex -4.658693e+0 -3.140635e+1 1.905000e+1
      vertex 0.000000e+0 0.000000e+0 1.905000e+1
    endloop
  endfacet
  facet normal 0.000000e+0 0.000000e+0 1.000000e+0
    outer loop
      vertex -4.658693e+0 -3.140635e+1 1.905000e+1
      vertex -3.112044e+0 -3.159712e+1 1.905000e+1
      vertex 0.000000e+0 0.000000e+0 1.905000e+1
    endloop
  endfacet
  facet normal 0.000000e+0 0.000000e+0 1.000000e+0
    outer loop
      vertex -3.112044e+0 -3.159712e+1 1.905000e+1
      vertex -1.557899e+0 -3.171176e+1 1.905000e+1
      vertex 0.000000e+0 0.000000e+0 1.905000e+1
    endloop
  endfacet
  facet normal 0.000000e+0 0.000000e+0 1.000000e+0
    outer loop
      vertex -1.557899e+0 -3.171176e+1 1.905000e+1
      vertex -5.832380e-15 -3.175000e+1 1.905000e+1
      vertex 0.000000e+0 0.000000e+0 1.905000e+1
    endloop
  endfacet
  facet normal 0.000000e+0 0.000000e+0 1.000000e+0
    outer loop
      vertex -5.832380e-15 -3.175000e+1 1.905000e+1
      vertex 1.557899e+0 -3.171176e+1 1.905000e+1
      vertex 0.000000e+0 0.000000e+0 1.905000e+1
    endloop
  endfacet
  facet normal 0.000000e+0 0.000000e+0 1.000000e+0
    outer loop
      vertex 1.557899e+0 -3.171176e+1 1.905000e+1
      vertex 3.112044e+0 -3.159712e+1 1.905000e+1
      vertex 0.000000e+0 0.000000e+0 1.905000e+1
    endloop
  endfacet
  facet normal 0.000000e+0 0.000000e+0 1.000000e+0
    outer loop
      vertex 3.112044e+0 -3.159712e+1 1.905000e+1
      vertex 4.658693e+0 -3.140635e+1 1.905000e+1
      vertex 0.000000e+0 0.000000e+0 1.905000e+1
    endloop
  endfacet
  facet normal 0.000000e+0 0.000000e+0 1.000000e+0
    outer loop
      vertex 4.658693e+0 -3.140635e+1 1.905000e+1
      vertex 6.194118e+0 -3.113993e+1 1.905000e+1
      vertex 0.000000e+0 0.000000e+0 1.905000e+1
    endloop
  endfacet
  facet normal 0.000000e+0 0.000000e+0 1.000000e+0
    outer loop
      vertex 6.194118e+0 -3.113993e+1 1.905000e+1
      vertex 7.714621e+0 -3.079849e+1 1.905000e+1
      vertex 0.000000e+0 0.000000e+0 1.905000e+1
    endloop
  endfacet
  facet normal 0.000000e+0 0.000000e+0 1.000000e+0
    outer loop
      vertex 7.714621e+0 -3.079849e+1 1.905000e+1
      vertex 9.216539e+0 -3.038286e+1 1.905000e+1
      vertex 0.000000e+0 0.000000e+0 1.905000e+1
    endloop
  endfacet
  facet normal 0.000000e+0 0.000000e+0 1.000000e+0
    outer loop
      vertex 9.216539e+0 -3.038286e+1 1.905000e+1
      vertex 1.069625e+1 -2.989402e+1 1.905000e+1
      vertex 0.000000e+0 0.000000e+0 1.905000e+1
    endloop
  endfacet
  facet normal 0.000000e+0 0.000000e+0 1.000000e+0
    outer loop
      vertex 1.069625e+1 -2.989402e+1 1.905000e+1
      vertex 1.215020e+1 -2.933318e+1 1.905000e+1
      vertex 0.000000e+0 0.000000e+0 1.905000e+1
    endloop
  endfacet
  facet normal 0.000000e+0 0.000000e+0 1.000000e+0
    outer loop
      vertex 1.215020e+1 -2.933318e+1 1.905000e+1
      vertex 1.357487e+1 -2.870166e+1 1.905000e+1
      vertex 0.000000e+0 0.000000e+0 1.905000e+1
    endloop
  endfacet
  facet normal 0.000000e+0 0.000000e+0 1.000000e+0
    outer loop
      vertex 1.357487e+1 -2.870166e+1 1.905000e+1
      vertex 1.496685e+1 -2.800100e+1 1.905000e+1
      vertex 0.000000e+0 0.000000e+0 1.905000e+1
    endloop
  endfacet
  facet normal 0.000000e+0 0.000000e+0 1.000000e+0
    outer loop
      vertex 1.496685e+1 -2.800100e+1 1.905000e+1
      vertex 1.632276e+1 -2.723288e+1 1.905000e+1
      vertex 0.000000e+0 0.000000e+0 1.905000e+1
    endloop
  endfacet
  facet normal 0.000000e+0 0.000000e+0 1.000000e+0
    outer loop
      vertex 1.632276e+1 -2.723288e+1 1.905000e+1
      vertex 1.763935e+1 -2.639916e+1 1.905000e+1
      vertex 0.000000e+0 0.000000e+0 1.905000e+1
    endloop
  endfacet
  facet normal 0.000000e+0 0.000000e+0 1.000000e+0
    outer loop
      vertex 1.763935e+1 -2.639916e+1 1.905000e+1
      vertex 1.891345e+1 -2.550184e+1 1.905000e+1
      vertex 0.000000e+0 0.000000e+0 1.905000e+1
    endloop
  endfacet
  facet normal 0.000000e+0 0.000000e+0 1.000000e+0
    outer loop
      vertex 1.891345e+1 -2.550184e+1 1.905000e+1
      vertex 2.014199e+1 -2.454308e+1 1.905000e+1
      vertex 0.000000e+0 0.000000e+0 1.905000e+1
    endloop
  endfacet
  facet normal 0.000000e+0 0.000000e+0 1.000000e+0
    outer loop
      vertex 2.014199e+1 -2.454308e+1 1.905000e+1
      vertex 2.132200e+1 -2.352520e+1 1.905000e+1
      vertex 0.000000e+0 0.000000e+0 1.905000e+1
    endloop
  endfacet
  facet normal 0.000000e+0 0.000000e+0 1.000000e+0
    outer loop
      vertex 2.132200e+1 -2.352520e+1 1.905000e+1
      vertex 2.245064e+1 -2.245064e+1 1.905000e+1
      vertex 0.000000e+0 0.000000e+0 1.905000e+1
    endloop
  endfacet
  facet normal 0.000000e+0 0.000000e+0 1.000000e+0
    outer loop
      vertex 2.245064e+1 -2.245064e+1 1.905000e+1
      vertex 2.352520e+1 -2.132200e+1 1.905000e+1
      vertex 0.000000e+0 0.000000e+0 1.905000e+1
    endloop
  endfacet
  facet normal 0.000000e+0 0.000000e+0 1.000000e+0
    outer loop
      vertex 2.352520e+1 -2.132200e+1 1.905000e+1
      vertex 2.454308e+1 -2.014199e+1 1.905000e+1
      vertex 0.000000e+0 0.000000e+0 1.905000e+1
    endloop
  endfacet
  facet normal 0.000000e+0 0.000000e+0 1.000000e+0
    outer loop
      vertex 2.454308e+1 -2.014199e+1 1.905000e+1
      vertex 2.550184e+1 -1.891345e+1 1.905000e+1
      vertex 0.000000e+0 0.000000e+0 1.905000e+1
    endloop
  endfacet
  facet normal 0.000000e+0 0.000000e+0 1.000000e+0
    outer loop
      vertex 2.550184e+1 -1.891345e+1 1.905000e+1
      vertex 2.639916e+1 -1.763935e+1 1.905000e+1
      vertex 0.000000e+0 0.000000e+0 1.905000e+1
    endloop
  endfacet
  facet normal 0.000000e+0 0.000000e+0 1.000000e+0
    outer loop
      vertex 2.639916e+1 -1.763935e+1 1.905000e+1
      vertex 2.723288e+1 -1.632276e+1 1.905000e+1
      vertex 0.000000e+0 0.000000e+0 1.905000e+1
    endloop
  endfacet
  facet normal 0.000000e+0 0.000000e+0 1.000000e+0
    outer loop
      vertex 2.723288e+1 -1.632276e+1 1.905000e+1
      vertex 2.800100e+1 -1.496685e+1 1.905000e+1
      vertex 0.000000e+0 0.000000e+0 1.905000e+1
    endloop
  endfacet
  facet normal 0.000000e+0 0.000000e+0 1.000000e+0
    outer loop
      vertex 2.800100e+1 -1.496685e+1 1.905000e+1
      vertex 2.870166e+1 -1.357487e+1 1.905000e+1
      vertex 0.000000e+0 0.000000e+0 1.905000e+1
    endloop
  endfacet
  facet normal 0.000000e+0 0.000000e+0 1.000000e+0
    outer loop
      vertex 2.870166e+1 -1.357487e+1 1.905000e+1
      vertex 2.933318e+1 -1.215020e+1 1.905000e+1
      vertex 0.000000e+0 0.000000e+0 1.905000e+1
    endloop
  endfacet
  facet normal 0.000000e+0 0.000000e+0 1.000000e+0
    outer loop
      vertex 2.933318e+1 -1.215020e+1 1.905000e+1
      vertex 2.989402e+1 -1.069625e+1 1.905000e+1
      vertex 0.000000e+0 0.000000e+0 1.905000e+1
    endloop
  endfacet
  facet normal 0.000000e+0 0.000000e+0 1.000000e+0
    outer loop
      vertex 2.989402e+1 -1.069625e+1 1.905000e+1
      vertex 3.038286e+1 -9.216539e+0 1.905000e+1
      vertex 0.000000e+0 0.000000e+0 1.905000e+1
    endloop
  endfacet
  facet normal 0.000000e+0 0.000000e+0 1.000000e+0
    outer loop
      vertex 3.038286e+1 -9.216539e+0 1.905000e+1
      vertex 3.079849e+1 -7.714621e+0 1.905000e+1
      vertex 0.000000e+0 0.000000e+0 1.905000e+1
    endloop
  endfacet
  facet normal 0.000000e+0 0.000000e+0 1.000000e+0
    outer loop
      vertex 3.079849e+1 -7.714621e+0 1.905000e+1
      vertex 3.113993e+1 -6.194118e+0 1.905000e+1
      vertex 0.000000e+0 0.000000e+0 1.905000e+1
    endloop
  endfacet
  facet normal 0.000000e+0 0.000000e+0 1.000000e+0
    outer loop
      vertex 3.113993e+1 -6.194118e+0 1.905000e+1
      vertex 3.140635e+1 -4.658693e+0 1.905000e+1
      vertex 0.000000e+0 0.000000e+0 1.905000e+1
    endloop
  endfacet
  facet normal 0.000000e+0 0.000000e+0 1.000000e+0
    outer loop
      vertex 3.140635e+1 -4.658693e+0 1.905000e+1
      vertex 3.159712e+1 -3.112044e+0 1.905000e+1
      vertex 0.000000e+0 0.000000e+0 1.905000e+1
    endloop
  endfacet
  facet normal 0.000000e+0 0.000000e+0 1.000000e+0
    outer loop
      vertex 3.159712e+1 -3.112044e+0 1.905000e+1
      vertex 3.171176e+1 -1.557899e+0 1.905000e+1
      vertex 0.000000e+0 0.000000e+0 1.905000e+1
    endloop
  endfacet
  facet normal 0.000000e+0 0.000000e+0 1.000000e+0
    outer loop
      vertex 3.171176e+1 -1.557899e+0 1.905000e+1
      vertex 3.175000e+1 -7.776507e-15 1.905000e+1
      vertex 0.000000e+0 0.000000e+0 1.905000e+1
    endloop
  endfacet
endsolid tube_cap_2p25id_tpu
