solid casemaker
  facet normal -1.000000 0.000000 0.000000
    outer loop
      vertex 12.000000 2.000000 0.000000
      vertex 12.000000 5.500000 3.000000
      vertex 12.000000 5.500000 0.000000
    endloop
  endfacet
  facet normal -1.000000 0.000000 0.000000
    outer loop
      vertex 12.000000 8.400000 3.000000
      vertex 12.000000 8.400000 9.000000
      vertex 12.000000 14.600000 3.000000
    endloop
  endfacet
  facet normal -1.000000 0.000000 0.000000
    outer loop
      vertex 12.000000 2.000000 0.000000
      vertex 12.000000 2.000000 38.299999
      vertex 12.000000 5.500000 3.000000
    endloop
  endfacet
  facet normal -1.000000 0.000000 0.000000
    outer loop
      vertex 12.000000 5.500000 3.000000
      vertex 12.000000 2.000000 38.299999
      vertex 12.000000 6.400000 3.000000
    endloop
  endfacet
  facet normal -1.000000 0.000000 0.000000
    outer loop
      vertex 12.000000 6.400000 3.000000
      vertex 12.000000 2.000000 38.299999
      vertex 12.000000 6.400000 9.000000
    endloop
  endfacet
  facet normal -1.000000 0.000000 0.000000
    outer loop
      vertex 12.000000 6.400000 9.000000
      vertex 12.000000 2.000000 38.299999
      vertex 12.000000 8.400000 9.000000
    endloop
  endfacet
  facet normal 0.000000 0.000000 -1.000000
    outer loop
      vertex 12.000000 2.000000 0.000000
      vertex 12.000000 5.500000 0.000000
      vertex 12.068149 43.937778 0.000000
    endloop
  endfacet
  facet normal 0.000000 0.000000 -1.000000
    outer loop
      vertex 12.000000 2.000000 0.000000
      vertex 12.068149 43.937778 0.000000
      vertex 14.000000 2.000000 0.000000
    endloop
  endfacet
  facet normal -1.000000 0.000000 0.000000
    outer loop
      vertex 12.000000 8.400000 9.000000
      vertex 12.000000 14.600000 9.000000
      vertex 12.000000 14.600000 3.000000
    endloop
  endfacet
  facet normal -1.000000 0.000000 0.000000
    outer loop
      vertex 12.000000 17.500000 0.000000
      vertex 12.000000 17.500000 3.000000
      vertex 12.000000 28.500000 3.000000
    endloop
  endfacet
  facet normal 0.000000 0.000000 -1.000000
    outer loop
      vertex 12.000000 5.500000 0.000000
      vertex 12.000000 17.500000 0.000000
      vertex 12.068149 43.937778 0.000000
    endloop
  endfacet
  facet normal -1.000000 0.000000 0.000000
    outer loop
      vertex 12.000000 16.600000 3.000000
      vertex 12.000000 29.400000 9.000000
      vertex 12.000000 17.500000 3.000000
    endloop
  endfacet
  facet normal -1.000000 0.000000 0.000000
    outer loop
      vertex 12.000000 16.600000 3.000000
      vertex 12.000000 16.600000 9.000000
      vertex 12.000000 29.400000 9.000000
    endloop
  endfacet
  facet normal -1.000000 0.000000 0.000000
    outer loop
      vertex 12.000000 8.400000 9.000000
      vertex 12.000000 44.000000 38.299999
      vertex 12.000000 14.600000 9.000000
    endloop
  endfacet
  facet normal 0.000000 0.000000 -1.000000
    outer loop
      vertex 14.000000 2.000000 0.000000
      vertex 28.282486 16.282486 0.000000
      vertex 29.216766 15.463143 0.000000
    endloop
  endfacet
  facet normal 0.000000 0.000000 -1.000000
    outer loop
      vertex 14.000000 2.000000 0.000000
      vertex 31.364508 14.223145 0.000000
      vertex 32.541222 13.823705 0.000000
    endloop
  endfacet
  facet normal 0.000000 0.000000 -1.000000
    outer loop
      vertex 14.000000 2.000000 0.000000
      vertex 29.216766 15.463143 0.000000
      vertex 30.250000 14.772758 0.000000
    endloop
  endfacet
  facet normal 0.000000 0.000000 -1.000000
    outer loop
      vertex 14.000000 2.000000 0.000000
      vertex 30.250000 14.772758 0.000000
      vertex 31.364508 14.223145 0.000000
    endloop
  endfacet
  facet normal 0.000000 0.000000 -1.000000
    outer loop
      vertex 14.000000 2.000000 0.000000
      vertex 32.541222 13.823705 0.000000
      vertex 56.000000 2.000000 0.000000
    endloop
  endfacet
  facet normal 0.000000 0.000000 -1.000000
    outer loop
      vertex 14.000000 2.000000 0.000000
      vertex 25.581274 21.760000 0.000000
      vertex 25.823704 20.541220 0.000000
    endloop
  endfacet
  facet normal 0.000000 0.000000 -1.000000
    outer loop
      vertex 14.000000 2.000000 0.000000
      vertex 25.500000 23.000000 0.000000
      vertex 25.581274 21.760000 0.000000
    endloop
  endfacet
  facet normal 0.000000 0.000000 -1.000000
    outer loop
      vertex 14.000000 2.000000 0.000000
      vertex 25.581274 24.240000 0.000000
      vertex 25.500000 23.000000 0.000000
    endloop
  endfacet
  facet normal 0.000000 0.000000 -1.000000
    outer loop
      vertex 14.000000 2.000000 0.000000
      vertex 25.823704 25.458780 0.000000
      vertex 25.581274 24.240000 0.000000
    endloop
  endfacet
  facet normal 0.000000 0.000000 -1.000000
    outer loop
      vertex 14.000000 2.000000 0.000000
      vertex 26.772758 18.250000 0.000000
      vertex 27.463142 17.216766 0.000000
    endloop
  endfacet
  facet normal 0.000000 0.000000 -1.000000
    outer loop
      vertex 14.000000 2.000000 0.000000
      vertex 27.463142 17.216766 0.000000
      vertex 28.282486 16.282486 0.000000
    endloop
  endfacet
  facet normal 0.000000 0.000000 -1.000000
    outer loop
      vertex 14.000000 2.000000 0.000000
      vertex 26.223145 19.364508 0.000000
      vertex 26.772758 18.250000 0.000000
    endloop
  endfacet
  facet normal 0.000000 0.000000 -1.000000
    outer loop
      vertex 14.000000 2.000000 0.000000
      vertex 25.823704 20.541220 0.000000
      vertex 26.223145 19.364508 0.000000
    endloop
  endfacet
  facet normal -1.000000 0.000000 0.000000
    outer loop
      vertex 12.000000 8.400000 9.000000
      vertex 12.000000 2.000000 38.299999
      vertex 12.000000 44.000000 38.299999
    endloop
  endfacet
  facet normal 0.000000 0.000000 1.000000
    outer loop
      vertex 12.000000 2.000000 38.299999
      vertex 14.000000 2.000000 38.299999
      vertex 14.000000 42.173912 38.299999
    endloop
  endfacet
  facet normal -1.000000 0.000000 0.000000
    outer loop
      vertex 12.000000 17.500000 0.000000
      vertex 12.000000 28.500000 3.000000
      vertex 12.000000 28.500000 0.000000
    endloop
  endfacet
  facet normal 0.000000 0.000000 -1.000000
    outer loop
      vertex 14.000000 2.000000 0.000000
      vertex 12.068149 43.937778 0.000000
      vertex 25.823704 25.458780 0.000000
    endloop
  endfacet
  facet normal -1.000000 0.000000 0.000000
    outer loop
      vertex 12.000000 17.500000 3.000000
      vertex 12.000000 29.400000 9.000000
      vertex 12.000000 28.500000 3.000000
    endloop
  endfacet
  facet normal 0.000000 0.000000 -1.000000
    outer loop
      vertex 12.000000 17.500000 0.000000
      vertex 12.000000 28.500000 0.000000
      vertex 12.068149 43.937778 0.000000
    endloop
  endfacet
  facet normal -1.000000 0.000000 0.000000
    outer loop
      vertex 12.000000 28.500000 3.000000
      vertex 12.000000 29.400000 9.000000
      vertex 12.000000 29.400000 3.000000
    endloop
  endfacet
  facet normal -1.000000 0.000000 0.000000
    outer loop
      vertex 12.000000 31.400000 3.000000
      vertex 12.000000 31.400000 9.000000
      vertex 12.000000 37.599998 9.000000
    endloop
  endfacet
  facet normal -1.000000 0.000000 0.000000
    outer loop
      vertex 12.000000 14.600000 9.000000
      vertex 12.000000 44.000000 38.299999
      vertex 12.000000 16.600000 9.000000
    endloop
  endfacet
  facet normal -1.000000 0.000000 0.000000
    outer loop
      vertex 12.000000 16.600000 9.000000
      vertex 12.000000 44.000000 38.299999
      vertex 12.000000 29.400000 9.000000
    endloop
  endfacet
  facet normal 0.000000 0.000000 -1.000000
    outer loop
      vertex 12.000000 28.500000 0.000000
      vertex 12.000000 40.500000 0.000000
      vertex 12.068149 43.937778 0.000000
    endloop
  endfacet
  facet normal 0.000000 0.000000 -1.000000
    outer loop
      vertex 12.068149 43.937778 0.000000
      vertex 12.068149 44.000000 0.000000
      vertex 27.463142 28.783234 0.000000
    endloop
  endfacet
  facet normal -1.000000 0.000000 0.000000
    outer loop
      vertex 12.000000 31.400000 3.000000
      vertex 12.000000 37.599998 9.000000
      vertex 12.000000 37.599998 3.000000
    endloop
  endfacet
  facet normal -1.000000 0.000000 0.000000
    outer loop
      vertex 12.000000 39.599998 3.000000
      vertex 12.000000 39.599998 9.000000
      vertex 12.000000 40.500000 3.000000
    endloop
  endfacet
  facet normal -1.000000 0.000000 0.000000
    outer loop
      vertex 12.000000 40.500000 0.000000
      vertex 12.000000 40.500000 3.000000
      vertex 12.000000 44.000000 0.000000
    endloop
  endfacet
  facet normal 0.000000 0.000000 -1.000000
    outer loop
      vertex 12.000000 40.500000 0.000000
      vertex 12.000000 44.000000 0.000000
      vertex 12.068149 43.937778 0.000000
    endloop
  endfacet
  facet normal -1.000000 0.000000 0.000000
    outer loop
      vertex 12.000000 39.599998 9.000000
      vertex 12.000000 44.000000 0.000000
      vertex 12.000000 40.500000 3.000000
    endloop
  endfacet
  facet normal -1.000000 0.000000 0.000000
    outer loop
      vertex 12.000000 29.400000 9.000000
      vertex 12.000000 44.000000 38.299999
      vertex 12.000000 31.400000 9.000000
    endloop
  endfacet
  facet normal -1.000000 0.000000 0.000000
    outer loop
      vertex 12.000000 31.400000 9.000000
      vertex 12.000000 44.000000 38.299999
      vertex 12.000000 37.599998 9.000000
    endloop
  endfacet
  facet normal -1.000000 0.000000 0.000000
    outer loop
      vertex 12.000000 39.599998 9.000000
      vertex 12.000000 44.000000 38.299999
      vertex 12.000000 44.000000 0.000000
    endloop
  endfacet
  facet normal -1.000000 0.000000 0.000000
    outer loop
      vertex 12.000000 37.599998 9.000000
      vertex 12.000000 44.000000 38.299999
      vertex 12.000000 39.599998 9.000000
    endloop
  endfacet
  facet normal 0.000000 0.000000 -1.000000
    outer loop
      vertex 12.068149 43.937778 0.000000
      vertex 26.223145 26.635492 0.000000
      vertex 25.823704 25.458780 0.000000
    endloop
  endfacet
  facet normal 0.000000 0.000000 -1.000000
    outer loop
      vertex 12.068149 43.937778 0.000000
      vertex 26.772758 27.750000 0.000000
      vertex 26.223145 26.635492 0.000000
    endloop
  endfacet
  facet normal 0.000000 0.000000 -1.000000
    outer loop
      vertex 12.068149 43.937778 0.000000
      vertex 27.463142 28.783234 0.000000
      vertex 26.772758 27.750000 0.000000
    endloop
  endfacet
  facet normal 0.000000 0.000000 -1.000000
    outer loop
      vertex 14.000000 44.000000 0.000000
      vertex 28.282486 29.717514 0.000000
      vertex 27.463142 28.783234 0.000000
    endloop
  endfacet
  facet normal 0.000000 0.000000 -1.000000
    outer loop
      vertex 12.068149 44.000000 0.000000
      vertex 14.000000 44.000000 0.000000
      vertex 27.463142 28.783234 0.000000
    endloop
  endfacet
  facet normal 0.000000 0.000000 -1.000000
    outer loop
      vertex 14.000000 44.000000 0.000000
      vertex 29.216766 30.536858 0.000000
      vertex 28.282486 29.717514 0.000000
    endloop
  endfacet
  facet normal 0.000000 0.000000 -1.000000
    outer loop
      vertex 14.000000 44.000000 0.000000
      vertex 30.250000 31.227242 0.000000
      vertex 29.216766 30.536858 0.000000
    endloop
  endfacet
  facet normal 0.000000 0.000000 -1.000000
    outer loop
      vertex 14.000000 44.000000 0.000000
      vertex 31.364508 31.776855 0.000000
      vertex 30.250000 31.227242 0.000000
    endloop
  endfacet
  facet normal 0.000000 0.000000 -1.000000
    outer loop
      vertex 14.000000 44.000000 0.000000
      vertex 32.541222 32.176296 0.000000
      vertex 31.364508 31.776855 0.000000
    endloop
  endfacet
  facet normal 0.000000 0.000000 -1.000000
    outer loop
      vertex 14.000000 44.000000 0.000000
      vertex 33.760002 32.418728 0.000000
      vertex 32.541222 32.176296 0.000000
    endloop
  endfacet
  facet normal 0.000000 0.000000 -1.000000
    outer loop
      vertex 14.000000 44.000000 0.000000
      vertex 35.000000 32.500000 0.000000
      vertex 33.760002 32.418728 0.000000
    endloop
  endfacet
  facet normal 0.000000 0.000000 -1.000000
    outer loop
      vertex 14.000000 44.000000 0.000000
      vertex 36.239998 32.418728 0.000000
      vertex 35.000000 32.500000 0.000000
    endloop
  endfacet
  facet normal 0.000000 0.000000 -1.000000
    outer loop
      vertex 14.000000 44.000000 0.000000
      vertex 37.458778 32.176296 0.000000
      vertex 36.239998 32.418728 0.000000
    endloop
  endfacet
  facet normal 0.000000 0.000000 1.000000
    outer loop
      vertex 12.000000 2.000000 38.299999
      vertex 14.000000 42.173912 38.299999
      vertex 12.000000 44.000000 38.299999
    endloop
  endfacet
  facet normal 0.000000 0.000000 -1.000000
    outer loop
      vertex 56.000000 2.000000 0.000000
      vertex 32.541222 13.823705 0.000000
      vertex 33.760002 13.581274 0.000000
    endloop
  endfacet
  facet normal 0.000000 0.000000 -1.000000
    outer loop
      vertex 56.000000 2.000000 0.000000
      vertex 33.760002 13.581274 0.000000
      vertex 35.000000 13.500000 0.000000
    endloop
  endfacet
  facet normal 0.000000 0.000000 -1.000000
    outer loop
      vertex 56.000000 2.000000 0.000000
      vertex 35.000000 13.500000 0.000000
      vertex 36.239998 13.581274 0.000000
    endloop
  endfacet
  facet normal 0.000000 0.000000 -1.000000
    outer loop
      vertex 56.000000 2.000000 0.000000
      vertex 36.239998 13.581274 0.000000
      vertex 37.458778 13.823705 0.000000
    endloop
  endfacet
  facet normal 0.000000 0.000000 -1.000000
    outer loop
      vertex 56.000000 2.000000 0.000000
      vertex 37.458778 13.823705 0.000000
      vertex 38.635490 14.223145 0.000000
    endloop
  endfacet
  facet normal 0.000000 0.000000 -1.000000
    outer loop
      vertex 56.000000 2.000000 0.000000
      vertex 38.635490 14.223145 0.000000
      vertex 39.750000 14.772758 0.000000
    endloop
  endfacet
  facet normal 0.000000 0.000000 -1.000000
    outer loop
      vertex 56.000000 2.000000 0.000000
      vertex 39.750000 14.772758 0.000000
      vertex 40.783234 15.463143 0.000000
    endloop
  endfacet
  facet normal 0.000000 0.000000 -1.000000
    outer loop
      vertex 56.000000 2.000000 0.000000
      vertex 40.783234 15.463143 0.000000
      vertex 41.717514 16.282486 0.000000
    endloop
  endfacet
  facet normal 0.000000 0.000000 -1.000000
    outer loop
      vertex 56.000000 2.000000 0.000000
      vertex 42.536858 17.216766 0.000000
      vertex 57.931850 2.000000 0.000000
    endloop
  endfacet
  facet normal 0.000000 0.000000 -1.000000
    outer loop
      vertex 56.000000 2.000000 0.000000
      vertex 41.717514 16.282486 0.000000
      vertex 42.536858 17.216766 0.000000
    endloop
  endfacet
  facet normal 0.000000 0.000000 -1.000000
    outer loop
      vertex 57.931850 2.062222 0.000000
      vertex 42.536858 17.216766 0.000000
      vertex 43.227242 18.250000 0.000000
    endloop
  endfacet
  facet normal 0.000000 0.000000 -1.000000
    outer loop
      vertex 57.931850 2.062222 0.000000
      vertex 43.227242 18.250000 0.000000
      vertex 43.776855 19.364508 0.000000
    endloop
  endfacet
  facet normal 0.000000 0.000000 -1.000000
    outer loop
      vertex 57.931850 2.062222 0.000000
      vertex 43.776855 19.364508 0.000000
      vertex 44.176296 20.541220 0.000000
    endloop
  endfacet
  facet normal 0.000000 0.000000 -1.000000
    outer loop
      vertex 57.931850 2.062222 0.000000
      vertex 58.000000 5.500000 0.000000
      vertex 58.000000 2.000000 0.000000
    endloop
  endfacet
  facet normal 1.000000 0.000000 0.000000
    outer loop
      vertex 58.000000 2.000000 0.000000
      vertex 58.000000 5.500000 0.000000
      vertex 58.000000 5.500000 3.000000
    endloop
  endfacet
  facet normal 0.000000 0.000000 -1.000000
    outer loop
      vertex 57.931850 2.000000 0.000000
      vertex 42.536858 17.216766 0.000000
      vertex 57.931850 2.062222 0.000000
    endloop
  endfacet
  facet normal 0.000000 0.000000 -1.000000
    outer loop
      vertex 57.931850 2.062222 0.000000
      vertex 58.000000 17.500000 0.000000
      vertex 58.000000 5.500000 0.000000
    endloop
  endfacet
  facet normal 1.000000 0.000000 0.000000
    outer loop
      vertex 58.000000 6.400000 3.000000
      vertex 58.000000 8.400000 3.000000
      vertex 58.000000 6.400000 9.000000
    endloop
  endfacet
  facet normal 1.000000 0.000000 0.000000
    outer loop
      vertex 58.000000 2.000000 0.000000
      vertex 58.000000 5.500000 3.000000
      vertex 58.000000 13.000000 13.000000
    endloop
  endfacet
  facet normal 1.000000 0.000000 0.000000
    outer loop
      vertex 58.000000 8.400000 3.000000
      vertex 58.000000 8.400000 9.000000
      vertex 58.000000 6.400000 9.000000
    endloop
  endfacet
  facet normal 1.000000 0.000000 0.000000
    outer loop
      vertex 58.000000 5.500000 3.000000
      vertex 58.000000 14.600000 3.000000
      vertex 58.000000 13.000000 13.000000
    endloop
  endfacet
  facet normal 1.000000 0.000000 0.000000
    outer loop
      vertex 58.000000 2.000000 0.000000
      vertex 58.000000 13.000000 13.000000
      vertex 58.000000 13.000000 27.000000
    endloop
  endfacet
  facet normal 0.000000 0.000000 -1.000000
    outer loop
      vertex 57.931850 2.062222 0.000000
      vertex 58.000000 28.500000 0.000000
      vertex 58.000000 17.500000 0.000000
    endloop
  endfacet
  facet normal 1.000000 0.000000 0.000000
    outer loop
      vertex 58.000000 14.600000 3.000000
      vertex 58.000000 16.600000 3.000000
      vertex 58.000000 14.600000 9.000000
    endloop
  endfacet
  facet normal 1.000000 0.000000 0.000000
    outer loop
      vertex 58.000000 14.600000 3.000000
      vertex 58.000000 17.500000 3.000000
      vertex 58.000000 13.000000 13.000000
    endloop
  endfacet
  facet normal 1.000000 0.000000 0.000000
    outer loop
      vertex 58.000000 16.600000 3.000000
      vertex 58.000000 16.600000 9.000000
      vertex 58.000000 14.600000 9.000000
    endloop
  endfacet
  facet normal 0.000000 0.000000 -1.000000
    outer loop
      vertex 57.931850 2.062222 0.000000
      vertex 44.176296 20.541220 0.000000
      vertex 56.000000 44.000000 0.000000
    endloop
  endfacet
  facet normal 1.000000 0.000000 0.000000
    outer loop
      vertex 58.000000 17.500000 0.000000
      vertex 58.000000 28.500000 0.000000
      vertex 58.000000 17.500000 3.000000
    endloop
  endfacet
  facet normal 1.000000 0.000000 0.000000
    outer loop
      vertex 58.000000 17.500000 3.000000
      vertex 58.000000 28.500000 3.000000
      vertex 58.000000 13.000000 13.000000
    endloop
  endfacet
  facet normal 1.000000 0.000000 0.000000
    outer loop
      vertex 58.000000 2.000000 0.000000
      vertex 58.000000 13.000000 27.000000
      vertex 58.000000 2.000000 38.299999
    endloop
  endfacet
  facet normal 1.000000 0.000000 0.000000
    outer loop
      vertex 58.000000 2.000000 38.299999
      vertex 58.000000 13.000000 27.000000
      vertex 58.000000 33.000000 27.000000
    endloop
  endfacet
  facet normal 0.000000 0.000000 1.000000
    outer loop
      vertex 56.000000 3.826087 38.299999
      vertex 58.000000 2.000000 38.299999
      vertex 58.000000 44.000000 38.299999
    endloop
  endfacet
  facet normal 0.000000 0.000000 -1.000000
    outer loop
      vertex 56.000000 44.000000 0.000000
      vertex 44.176296 25.458780 0.000000
      vertex 43.776855 26.635492 0.000000
    endloop
  endfacet
  facet normal 0.000000 0.000000 -1.000000
    outer loop
      vertex 56.000000 44.000000 0.000000
      vertex 43.776855 26.635492 0.000000
      vertex 43.227242 27.750000 0.000000
    endloop
  endfacet
  facet normal 0.000000 0.000000 -1.000000
    outer loop
      vertex 56.000000 44.000000 0.000000
      vertex 42.536858 28.783234 0.000000
      vertex 41.717514 29.717514 0.000000
    endloop
  endfacet
  facet normal 0.000000 0.000000 -1.000000
    outer loop
      vertex 56.000000 44.000000 0.000000
      vertex 43.227242 27.750000 0.000000
      vertex 42.536858 28.783234 0.000000
    endloop
  endfacet
  facet normal 0.000000 0.000000 -1.000000
    outer loop
      vertex 56.000000 44.000000 0.000000
      vertex 44.176296 20.541220 0.000000
      vertex 44.418728 21.760000 0.000000
    endloop
  endfacet
  facet normal 0.000000 0.000000 -1.000000
    outer loop
      vertex 56.000000 44.000000 0.000000
      vertex 44.418728 21.760000 0.000000
      vertex 44.500000 23.000000 0.000000
    endloop
  endfacet
  facet normal 0.000000 0.000000 -1.000000
    outer loop
      vertex 56.000000 44.000000 0.000000
      vertex 44.500000 23.000000 0.000000
      vertex 44.418728 24.240000 0.000000
    endloop
  endfacet
  facet normal 0.000000 0.000000 -1.000000
    outer loop
      vertex 56.000000 44.000000 0.000000
      vertex 44.418728 24.240000 0.000000
      vertex 44.176296 25.458780 0.000000
    endloop
  endfacet
  facet normal 0.000000 0.000000 -1.000000
    outer loop
      vertex 14.000000 44.000000 0.000000
      vertex 56.000000 44.000000 0.000000
      vertex 37.458778 32.176296 0.000000
    endloop
  endfacet
  facet normal 0.000000 0.000000 -1.000000
    outer loop
      vertex 56.000000 44.000000 0.000000
      vertex 39.750000 31.227242 0.000000
      vertex 38.635490 31.776855 0.000000
    endloop
  endfacet
  facet normal 0.000000 0.000000 -1.000000
    outer loop
      vertex 56.000000 44.000000 0.000000
      vertex 40.783234 30.536858 0.000000
      vertex 39.750000 31.227242 0.000000
    endloop
  endfacet
  facet normal 0.000000 0.000000 -1.000000
    outer loop
      vertex 56.000000 44.000000 0.000000
      vertex 38.635490 31.776855 0.000000
      vertex 37.458778 32.176296 0.000000
    endloop
  endfacet
  facet normal 0.000000 0.000000 -1.000000
    outer loop
      vertex 56.000000 44.000000 0.000000
      vertex 41.717514 29.717514 0.000000
      vertex 40.783234 30.536858 0.000000
    endloop
  endfacet
  facet normal 0.000000 0.000000 -1.000000
    outer loop
      vertex 57.931850 2.062222 0.000000
      vertex 58.000000 40.500000 0.000000
      vertex 58.000000 28.500000 0.000000
    endloop
  endfacet
  facet normal 1.000000 0.000000 0.000000
    outer loop
      vertex 58.000000 17.500000 3.000000
      vertex 58.000000 28.500000 0.000000
      vertex 58.000000 28.500000 3.000000
    endloop
  endfacet
  facet normal 1.000000 0.000000 0.000000
    outer loop
      vertex 58.000000 28.500000 3.000000
      vertex 58.000000 37.599998 3.000000
      vertex 58.000000 13.000000 13.000000
    endloop
  endfacet
  facet normal 0.000000 0.000000 -1.000000
    outer loop
      vertex 57.931850 2.062222 0.000000
      vertex 56.000000 44.000000 0.000000
      vertex 58.000000 44.000000 0.000000
    endloop
  endfacet
  facet normal 0.000000 0.000000 -1.000000
    outer loop
      vertex 57.931850 2.062222 0.000000
      vertex 58.000000 44.000000 0.000000
      vertex 58.000000 40.500000 0.000000
    endloop
  endfacet
  facet normal 1.000000 0.000000 0.000000
    outer loop
      vertex 58.000000 29.400000 3.000000
      vertex 58.000000 31.400000 3.000000
      vertex 58.000000 29.400000 9.000000
    endloop
  endfacet
  facet normal 1.000000 0.000000 0.000000
    outer loop
      vertex 58.000000 31.400000 3.000000
      vertex 58.000000 31.400000 9.000000
      vertex 58.000000 29.400000 9.000000
    endloop
  endfacet
  facet normal 1.000000 0.000000 0.000000
    outer loop
      vertex 58.000000 37.599998 3.000000
      vertex 58.000000 33.000000 13.000000
      vertex 58.000000 13.000000 13.000000
    endloop
  endfacet
  facet normal 1.000000 0.000000 0.000000
    outer loop
      vertex 58.000000 37.599998 3.000000
      vertex 58.000000 39.599998 9.000000
      vertex 58.000000 37.599998 9.000000
    endloop
  endfacet
  facet normal 1.000000 0.000000 0.000000
    outer loop
      vertex 58.000000 37.599998 3.000000
      vertex 58.000000 39.599998 3.000000
      vertex 58.000000 39.599998 9.000000
    endloop
  endfacet
  facet normal 1.000000 0.000000 0.000000
    outer loop
      vertex 58.000000 40.500000 0.000000
      vertex 58.000000 44.000000 0.000000
      vertex 58.000000 40.500000 3.000000
    endloop
  endfacet
  facet normal 1.000000 0.000000 0.000000
    outer loop
      vertex 58.000000 37.599998 3.000000
      vertex 58.000000 44.000000 38.299999
      vertex 58.000000 33.000000 13.000000
    endloop
  endfacet
  facet normal 1.000000 0.000000 0.000000
    outer loop
      vertex 58.000000 40.500000 3.000000
      vertex 58.000000 44.000000 0.000000
      vertex 58.000000 44.000000 38.299999
    endloop
  endfacet
  facet normal 1.000000 0.000000 0.000000
    outer loop
      vertex 58.000000 37.599998 3.000000
      vertex 58.000000 40.500000 3.000000
      vertex 58.000000 44.000000 38.299999
    endloop
  endfacet
  facet normal 1.000000 0.000000 0.000000
    outer loop
      vertex 58.000000 2.000000 38.299999
      vertex 58.000000 33.000000 27.000000
      vertex 58.000000 44.000000 38.299999
    endloop
  endfacet
  facet normal 0.000000 0.000000 1.000000
    outer loop
      vertex 56.000000 3.826087 38.299999
      vertex 58.000000 44.000000 38.299999
      vertex 56.000000 44.000000 38.299999
    endloop
  endfacet
  facet normal 1.000000 0.000000 0.000000
    outer loop
      vertex 58.000000 44.000000 38.299999
      vertex 58.000000 33.000000 27.000000
      vertex 58.000000 33.000000 13.000000
    endloop
  endfacet
  facet normal 0.000000 0.000000 -1.000000
    outer loop
      vertex 14.000000 0.000000 0.000000
      vertex 14.000000 2.000000 0.000000
      vertex 56.000000 2.000000 0.000000
    endloop
  endfacet
  facet normal 0.000000 -1.000000 0.000000
    outer loop
      vertex 14.000000 0.000000 0.000000
      vertex 56.000000 0.000000 0.000000
      vertex 14.000000 0.000000 38.299999
    endloop
  endfacet
  facet normal 0.000000 0.000000 1.000000
    outer loop
      vertex 14.000000 0.000000 38.299999
      vertex 56.000000 0.000000 38.299999
      vertex 14.000000 2.000000 38.299999
    endloop
  endfacet
  facet normal 0.000000 0.000000 -1.000000
    outer loop
      vertex 14.000000 44.000000 0.000000
      vertex 14.000000 46.000000 0.000000
      vertex 56.000000 46.000000 0.000000
    endloop
  endfacet
  facet normal 0.000000 1.000000 0.000000
    outer loop
      vertex 14.000000 46.000000 0.000000
      vertex 14.000000 46.000000 38.299999
      vertex 56.000000 46.000000 38.299999
    endloop
  endfacet
  facet normal 0.000000 0.000000 1.000000
    outer loop
      vertex 14.000000 44.000000 38.299999
      vertex 56.000000 44.000000 38.299999
      vertex 14.000000 46.000000 38.299999
    endloop
  endfacet
  facet normal 0.000000 0.000000 -1.000000
    outer loop
      vertex 14.000000 0.000000 0.000000
      vertex 56.000000 2.000000 0.000000
      vertex 56.000000 0.000000 0.000000
    endloop
  endfacet
  facet normal 0.000000 -1.000000 0.000000
    outer loop
      vertex 14.000000 0.000000 38.299999
      vertex 56.000000 0.000000 0.000000
      vertex 56.000000 0.000000 38.299999
    endloop
  endfacet
  facet normal 0.000000 0.000000 1.000000
    outer loop
      vertex 14.000000 2.000000 38.299999
      vertex 56.000000 0.000000 38.299999
      vertex 56.000000 2.000000 38.299999
    endloop
  endfacet
  facet normal 0.000000 0.000000 -1.000000
    outer loop
      vertex 14.000000 44.000000 0.000000
      vertex 56.000000 46.000000 0.000000
      vertex 56.000000 44.000000 0.000000
    endloop
  endfacet
  facet normal 0.000000 1.000000 0.000000
    outer loop
      vertex 14.000000 46.000000 0.000000
      vertex 56.000000 46.000000 38.299999
      vertex 56.000000 46.000000 0.000000
    endloop
  endfacet
  facet normal 0.000000 0.000000 1.000000
    outer loop
      vertex 14.000000 46.000000 38.299999
      vertex 56.000000 44.000000 38.299999
      vertex 56.000000 46.000000 38.299999
    endloop
  endfacet
  facet normal 0.000000 0.000000 -1.000000
    outer loop
      vertex 12.585787 0.585786 0.000000
      vertex 12.267949 1.000000 0.000000
      vertex 14.000000 2.000000 0.000000
    endloop
  endfacet
  facet normal 0.000000 0.000000 -1.000000
    outer loop
      vertex 12.267949 1.000000 0.000000
      vertex 12.068149 1.482362 0.000000
      vertex 14.000000 2.000000 0.000000
    endloop
  endfacet
  facet normal 0.000000 0.000000 -1.000000
    outer loop
      vertex 12.000000 2.000000 0.000000
      vertex 14.000000 2.000000 0.000000
      vertex 12.068149 1.482362 0.000000
    endloop
  endfacet
  facet normal 0.000000 0.000000 -1.000000
    outer loop
      vertex 13.482362 0.068148 0.000000
      vertex 14.000000 2.000000 0.000000
      vertex 14.000000 0.000000 0.000000
    endloop
  endfacet
  facet normal 0.000000 0.000000 -1.000000
    outer loop
      vertex 13.000000 0.267949 0.000000
      vertex 12.585787 0.585786 0.000000
      vertex 14.000000 2.000000 0.000000
    endloop
  endfacet
  facet normal 0.000000 0.000000 -1.000000
    outer loop
      vertex 13.000000 0.267949 0.000000
      vertex 14.000000 2.000000 0.000000
      vertex 13.482362 0.068148 0.000000
    endloop
  endfacet
  facet normal -0.608762 -0.793353 0.000000
    outer loop
      vertex 13.000000 0.267949 0.000000
      vertex 12.585787 0.585786 38.299999
      vertex 12.585787 0.585786 0.000000
    endloop
  endfacet
  facet normal -0.793353 -0.608762 0.000000
    outer loop
      vertex 12.585787 0.585786 0.000000
      vertex 12.267949 1.000000 38.299999
      vertex 12.267949 1.000000 0.000000
    endloop
  endfacet
  facet normal -0.923880 -0.382683 0.000000
    outer loop
      vertex 12.267949 1.000000 0.000000
      vertex 12.068149 1.482362 38.299999
      vertex 12.068149 1.482362 0.000000
    endloop
  endfacet
  facet normal -0.991445 -0.130527 0.000000
    outer loop
      vertex 12.000000 2.000000 0.000000
      vertex 12.068149 1.482362 0.000000
      vertex 12.000000 2.000000 38.299999
    endloop
  endfacet
  facet normal -0.382684 -0.923879 0.000000
    outer loop
      vertex 13.000000 0.267949 0.000000
      vertex 13.482362 0.068148 0.000000
      vertex 13.000000 0.267949 38.299999
    endloop
  endfacet
  facet normal -0.130526 -0.991445 0.000000
    outer loop
      vertex 13.482362 0.068148 0.000000
      vertex 14.000000 0.000000 0.000000
      vertex 13.482362 0.068148 38.299999
    endloop
  endfacet
  facet normal -0.608762 -0.793353 0.000000
    outer loop
      vertex 13.000000 0.267949 0.000000
      vertex 13.000000 0.267949 38.299999
      vertex 12.585787 0.585786 38.299999
    endloop
  endfacet
  facet normal -0.793353 -0.608762 0.000000
    outer loop
      vertex 12.585787 0.585786 0.000000
      vertex 12.585787 0.585786 38.299999
      vertex 12.267949 1.000000 38.299999
    endloop
  endfacet
  facet normal -0.923880 -0.382683 0.000000
    outer loop
      vertex 12.267949 1.000000 0.000000
      vertex 12.267949 1.000000 38.299999
      vertex 12.068149 1.482362 38.299999
    endloop
  endfacet
  facet normal -0.991445 -0.130527 0.000000
    outer loop
      vertex 12.068149 1.482362 0.000000
      vertex 12.068149 1.482362 38.299999
      vertex 12.000000 2.000000 38.299999
    endloop
  endfacet
  facet normal -0.382684 -0.923879 0.000000
    outer loop
      vertex 13.482362 0.068148 0.000000
      vertex 13.482362 0.068148 38.299999
      vertex 13.000000 0.267949 38.299999
    endloop
  endfacet
  facet normal -0.130526 -0.991445 0.000000
    outer loop
      vertex 14.000000 0.000000 0.000000
      vertex 14.000000 0.000000 38.299999
      vertex 13.482362 0.068148 38.299999
    endloop
  endfacet
  facet normal 0.000000 0.000000 1.000000
    outer loop
      vertex 13.000000 0.267949 38.299999
      vertex 12.000000 2.000000 38.299999
      vertex 12.585787 0.585786 38.299999
    endloop
  endfacet
  facet normal 0.000000 0.000000 1.000000
    outer loop
      vertex 12.585787 0.585786 38.299999
      vertex 12.000000 2.000000 38.299999
      vertex 12.267949 1.000000 38.299999
    endloop
  endfacet
  facet normal 0.000000 0.000000 1.000000
    outer loop
      vertex 13.000000 0.267949 38.299999
      vertex 13.482362 0.068148 38.299999
      vertex 12.000000 2.000000 38.299999
    endloop
  endfacet
  facet normal 0.000000 0.000000 1.000000
    outer loop
      vertex 12.267949 1.000000 38.299999
      vertex 12.000000 2.000000 38.299999
      vertex 12.068149 1.482362 38.299999
    endloop
  endfacet
  facet normal 0.000000 0.000000 1.000000
    outer loop
      vertex 13.482362 0.068148 38.299999
      vertex 14.000000 0.000000 38.299999
      vertex 14.000000 2.000000 38.299999
    endloop
  endfacet
  facet normal 0.000000 0.000000 1.000000
    outer loop
      vertex 12.000000 2.000000 38.299999
      vertex 13.482362 0.068148 38.299999
      vertex 14.000000 2.000000 38.299999
    endloop
  endfacet
  facet normal 0.000000 0.000000 -1.000000
    outer loop
      vertex 56.000000 0.000000 0.000000
      vertex 57.931850 2.000000 0.000000
      vertex 56.517639 0.068148 0.000000
    endloop
  endfacet
  facet normal 0.000000 0.000000 -1.000000
    outer loop
      vertex 56.000000 0.000000 0.000000
      vertex 56.000000 2.000000 0.000000
      vertex 57.931850 2.000000 0.000000
    endloop
  endfacet
  facet normal 0.000000 0.000000 -1.000000
    outer loop
      vertex 56.517639 0.068148 0.000000
      vertex 57.931850 2.000000 0.000000
      vertex 57.000000 0.267949 0.000000
    endloop
  endfacet
  facet normal 0.000000 0.000000 -1.000000
    outer loop
      vertex 57.000000 0.267949 0.000000
      vertex 57.931850 2.000000 0.000000
      vertex 57.414215 0.585786 0.000000
    endloop
  endfacet
  facet normal 0.000000 0.000000 -1.000000
    outer loop
      vertex 57.414215 0.585786 0.000000
      vertex 57.931850 2.000000 0.000000
      vertex 57.732052 1.000000 0.000000
    endloop
  endfacet
  facet normal 0.000000 0.000000 -1.000000
    outer loop
      vertex 57.732052 1.000000 0.000000
      vertex 57.931850 2.000000 0.000000
      vertex 57.931850 1.482362 0.000000
    endloop
  endfacet
  facet normal 0.000000 0.000000 -1.000000
    outer loop
      vertex 57.931850 1.482362 0.000000
      vertex 57.931850 2.000000 0.000000
      vertex 58.000000 2.000000 0.000000
    endloop
  endfacet
  facet normal 0.000000 0.000000 -1.000000
    outer loop
      vertex 57.931850 2.000000 0.000000
      vertex 57.931850 2.062222 0.000000
      vertex 58.000000 2.000000 0.000000
    endloop
  endfacet
  facet normal 0.130526 -0.991445 0.000000
    outer loop
      vertex 56.000000 0.000000 0.000000
      vertex 56.517639 0.068148 0.000000
      vertex 56.000000 0.000000 38.299999
    endloop
  endfacet
  facet normal 0.382684 -0.923879 0.000000
    outer loop
      vertex 56.517639 0.068148 0.000000
      vertex 57.000000 0.267949 0.000000
      vertex 56.517639 0.068148 38.299999
    endloop
  endfacet
  facet normal 0.608760 -0.793354 0.000000
    outer loop
      vertex 57.000000 0.267949 0.000000
      vertex 57.414215 0.585786 0.000000
      vertex 57.000000 0.267949 38.299999
    endloop
  endfacet
  facet normal 0.793354 -0.608761 0.000000
    outer loop
      vertex 57.414215 0.585786 0.000000
      vertex 57.732052 1.000000 0.000000
      vertex 57.414215 0.585786 38.299999
    endloop
  endfacet
  facet normal 0.923881 -0.382680 0.000000
    outer loop
      vertex 57.732052 1.000000 0.000000
      vertex 57.931850 1.482362 0.000000
      vertex 57.732052 1.000000 38.299999
    endloop
  endfacet
  facet normal 0.991445 -0.130528 0.000000
    outer loop
      vertex 57.931850 1.482362 0.000000
      vertex 58.000000 2.000000 0.000000
      vertex 57.931850 1.482362 38.299999
    endloop
  endfacet
  facet normal 0.130526 -0.991445 0.000000
    outer loop
      vertex 56.517639 0.068148 0.000000
      vertex 56.517639 0.068148 38.299999
      vertex 56.000000 0.000000 38.299999
    endloop
  endfacet
  facet normal 0.382684 -0.923879 0.000000
    outer loop
      vertex 57.000000 0.267949 0.000000
      vertex 57.000000 0.267949 38.299999
      vertex 56.517639 0.068148 38.299999
    endloop
  endfacet
  facet normal 0.608760 -0.793354 0.000000
    outer loop
      vertex 57.414215 0.585786 0.000000
      vertex 57.414215 0.585786 38.299999
      vertex 57.000000 0.267949 38.299999
    endloop
  endfacet
  facet normal 0.793354 -0.608761 0.000000
    outer loop
      vertex 57.732052 1.000000 0.000000
      vertex 57.732052 1.000000 38.299999
      vertex 57.414215 0.585786 38.299999
    endloop
  endfacet
  facet normal 0.923881 -0.382680 0.000000
    outer loop
      vertex 57.931850 1.482362 0.000000
      vertex 57.931850 1.482362 38.299999
      vertex 57.732052 1.000000 38.299999
    endloop
  endfacet
  facet normal 0.991445 -0.130528 0.000000
    outer loop
      vertex 58.000000 2.000000 0.000000
      vertex 58.000000 2.000000 38.299999
      vertex 57.931850 1.482362 38.299999
    endloop
  endfacet
  facet normal 0.000000 0.000000 1.000000
    outer loop
      vertex 56.000000 0.000000 38.299999
      vertex 56.517639 0.068148 38.299999
      vertex 56.000000 2.000000 38.299999
    endloop
  endfacet
  facet normal 0.000000 0.000000 1.000000
    outer loop
      vertex 56.517639 0.068148 38.299999
      vertex 57.000000 0.267949 38.299999
      vertex 56.000000 3.826087 38.299999
    endloop
  endfacet
  facet normal 0.000000 0.000000 1.000000
    outer loop
      vertex 56.517639 0.068148 38.299999
      vertex 56.000000 3.826087 38.299999
      vertex 56.000000 2.000000 38.299999
    endloop
  endfacet
  facet normal 0.000000 0.000000 1.000000
    outer loop
      vertex 56.000000 3.826087 38.299999
      vertex 57.000000 0.267949 38.299999
      vertex 57.414215 0.585786 38.299999
    endloop
  endfacet
  facet normal 0.000000 0.000000 1.000000
    outer loop
      vertex 56.000000 3.826087 38.299999
      vertex 57.414215 0.585786 38.299999
      vertex 57.732052 1.000000 38.299999
    endloop
  endfacet
  facet normal 0.000000 0.000000 1.000000
    outer loop
      vertex 56.000000 3.826087 38.299999
      vertex 57.732052 1.000000 38.299999
      vertex 57.931850 1.482362 38.299999
    endloop
  endfacet
  facet normal 0.000000 0.000000 1.000000
    outer loop
      vertex 56.000000 3.826087 38.299999
      vertex 57.931850 1.482362 38.299999
      vertex 58.000000 2.000000 38.299999
    endloop
  endfacet
  facet normal 0.000000 0.000000 -1.000000
    outer loop
      vertex 12.000000 44.000000 0.000000
      vertex 12.068149 44.000000 0.000000
      vertex 12.068149 43.937778 0.000000
    endloop
  endfacet
  facet normal 0.000000 0.000000 -1.000000
    outer loop
      vertex 12.000000 44.000000 0.000000
      vertex 12.068149 44.517639 0.000000
      vertex 12.068149 44.000000 0.000000
    endloop
  endfacet
  facet normal 0.000000 0.000000 -1.000000
    outer loop
      vertex 12.068149 44.000000 0.000000
      vertex 12.068149 44.517639 0.000000
      vertex 12.267949 45.000000 0.000000
    endloop
  endfacet
  facet normal 0.000000 0.000000 -1.000000
    outer loop
      vertex 12.068149 44.000000 0.000000
      vertex 12.267949 45.000000 0.000000
      vertex 12.585787 45.414215 0.000000
    endloop
  endfacet
  facet normal 0.000000 0.000000 -1.000000
    outer loop
      vertex 12.068149 44.000000 0.000000
      vertex 12.585787 45.414215 0.000000
      vertex 13.000000 45.732052 0.000000
    endloop
  endfacet
  facet normal 0.000000 0.000000 -1.000000
    outer loop
      vertex 12.068149 44.000000 0.000000
      vertex 13.000000 45.732052 0.000000
      vertex 13.482362 45.931850 0.000000
    endloop
  endfacet
  facet normal 0.000000 0.000000 -1.000000
    outer loop
      vertex 12.068149 44.000000 0.000000
      vertex 14.000000 46.000000 0.000000
      vertex 14.000000 44.000000 0.000000
    endloop
  endfacet
  facet normal 0.000000 0.000000 -1.000000
    outer loop
      vertex 12.068149 44.000000 0.000000
      vertex 13.482362 45.931850 0.000000
      vertex 14.000000 46.000000 0.000000
    endloop
  endfacet
  facet normal -0.991445 0.130526 0.000000
    outer loop
      vertex 12.000000 44.000000 0.000000
      vertex 12.068149 44.517639 38.299999
      vertex 12.068149 44.517639 0.000000
    endloop
  endfacet
  facet normal -0.923879 0.382684 0.000000
    outer loop
      vertex 12.068149 44.517639 0.000000
      vertex 12.267949 45.000000 38.299999
      vertex 12.267949 45.000000 0.000000
    endloop
  endfacet
  facet normal -0.793354 0.608761 0.000000
    outer loop
      vertex 12.267949 45.000000 0.000000
      vertex 12.585787 45.414215 38.299999
      vertex 12.585787 45.414215 0.000000
    endloop
  endfacet
  facet normal -0.608761 0.793354 0.000000
    outer loop
      vertex 12.585787 45.414215 0.000000
      vertex 13.000000 45.732052 38.299999
      vertex 13.000000 45.732052 0.000000
    endloop
  endfacet
  facet normal -0.382680 0.923881 0.000000
    outer loop
      vertex 13.000000 45.732052 0.000000
      vertex 13.482362 45.931850 38.299999
      vertex 13.482362 45.931850 0.000000
    endloop
  endfacet
  facet normal -0.130528 0.991445 0.000000
    outer loop
      vertex 13.482362 45.931850 0.000000
      vertex 14.000000 46.000000 38.299999
      vertex 14.000000 46.000000 0.000000
    endloop
  endfacet
  facet normal -0.991445 0.130526 0.000000
    outer loop
      vertex 12.000000 44.000000 0.000000
      vertex 12.000000 44.000000 38.299999
      vertex 12.068149 44.517639 38.299999
    endloop
  endfacet
  facet normal -0.923879 0.382684 0.000000
    outer loop
      vertex 12.068149 44.517639 0.000000
      vertex 12.068149 44.517639 38.299999
      vertex 12.267949 45.000000 38.299999
    endloop
  endfacet
  facet normal -0.793354 0.608761 0.000000
    outer loop
      vertex 12.267949 45.000000 0.000000
      vertex 12.267949 45.000000 38.299999
      vertex 12.585787 45.414215 38.299999
    endloop
  endfacet
  facet normal -0.608761 0.793354 0.000000
    outer loop
      vertex 12.585787 45.414215 0.000000
      vertex 12.585787 45.414215 38.299999
      vertex 13.000000 45.732052 38.299999
    endloop
  endfacet
  facet normal -0.382680 0.923881 0.000000
    outer loop
      vertex 13.000000 45.732052 0.000000
      vertex 13.000000 45.732052 38.299999
      vertex 13.482362 45.931850 38.299999
    endloop
  endfacet
  facet normal -0.130528 0.991445 0.000000
    outer loop
      vertex 13.482362 45.931850 0.000000
      vertex 13.482362 45.931850 38.299999
      vertex 14.000000 46.000000 38.299999
    endloop
  endfacet
  facet normal 0.000000 0.000000 1.000000
    outer loop
      vertex 12.000000 44.000000 38.299999
      vertex 14.000000 42.173912 38.299999
      vertex 12.068149 44.517639 38.299999
    endloop
  endfacet
  facet normal 0.000000 0.000000 1.000000
    outer loop
      vertex 12.068149 44.517639 38.299999
      vertex 14.000000 42.173912 38.299999
      vertex 12.267949 45.000000 38.299999
    endloop
  endfacet
  facet normal 0.000000 0.000000 1.000000
    outer loop
      vertex 12.267949 45.000000 38.299999
      vertex 14.000000 42.173912 38.299999
      vertex 12.585787 45.414215 38.299999
    endloop
  endfacet
  facet normal 0.000000 0.000000 1.000000
    outer loop
      vertex 12.585787 45.414215 38.299999
      vertex 14.000000 42.173912 38.299999
      vertex 13.000000 45.732052 38.299999
    endloop
  endfacet
  facet normal 0.000000 0.000000 1.000000
    outer loop
      vertex 14.000000 42.173912 38.299999
      vertex 14.000000 44.000000 38.299999
      vertex 13.482362 45.931850 38.299999
    endloop
  endfacet
  facet normal 0.000000 0.000000 1.000000
    outer loop
      vertex 13.000000 45.732052 38.299999
      vertex 14.000000 42.173912 38.299999
      vertex 13.482362 45.931850 38.299999
    endloop
  endfacet
  facet normal 0.000000 0.000000 1.000000
    outer loop
      vertex 14.000000 44.000000 38.299999
      vertex 14.000000 46.000000 38.299999
      vertex 13.482362 45.931850 38.299999
    endloop
  endfacet
  facet normal 0.000000 0.000000 -1.000000
    outer loop
      vertex 56.000000 44.000000 0.000000
      vertex 56.517639 45.931850 0.000000
      vertex 57.000000 45.732052 0.000000
    endloop
  endfacet
  facet normal 0.000000 0.000000 -1.000000
    outer loop
      vertex 56.000000 44.000000 0.000000
      vertex 57.000000 45.732052 0.000000
      vertex 57.414215 45.414215 0.000000
    endloop
  endfacet
  facet normal 0.000000 0.000000 -1.000000
    outer loop
      vertex 56.000000 44.000000 0.000000
      vertex 56.000000 46.000000 0.000000
      vertex 56.517639 45.931850 0.000000
    endloop
  endfacet
  facet normal 0.000000 0.000000 -1.000000
    outer loop
      vertex 56.000000 44.000000 0.000000
      vertex 57.931850 44.517639 0.000000
      vertex 58.000000 44.000000 0.000000
    endloop
  endfacet
  facet normal 0.000000 0.000000 -1.000000
    outer loop
      vertex 56.000000 44.000000 0.000000
      vertex 57.732052 45.000000 0.000000
      vertex 57.931850 44.517639 0.000000
    endloop
  endfacet
  facet normal 0.000000 0.000000 -1.000000
    outer loop
      vertex 56.000000 44.000000 0.000000
      vertex 57.414215 45.414215 0.000000
      vertex 57.732052 45.000000 0.000000
    endloop
  endfacet
  facet normal 0.130528 0.991445 0.000000
    outer loop
      vertex 56.000000 46.000000 0.000000
      vertex 56.517639 45.931850 38.299999
      vertex 56.517639 45.931850 0.000000
    endloop
  endfacet
  facet normal 0.382680 0.923881 0.000000
    outer loop
      vertex 56.517639 45.931850 0.000000
      vertex 57.000000 45.732052 38.299999
      vertex 57.000000 45.732052 0.000000
    endloop
  endfacet
  facet normal 0.991445 0.130528 0.000000
    outer loop
      vertex 57.931850 44.517639 0.000000
      vertex 58.000000 44.000000 38.299999
      vertex 58.000000 44.000000 0.000000
    endloop
  endfacet
  facet normal 0.923881 0.382680 0.000000
    outer loop
      vertex 57.931850 44.517639 0.000000
      vertex 57.732052 45.000000 0.000000
      vertex 57.931850 44.517639 38.299999
    endloop
  endfacet
  facet normal 0.793355 0.608759 0.000000
    outer loop
      vertex 57.732052 45.000000 0.000000
      vertex 57.414215 45.414215 0.000000
      vertex 57.732052 45.000000 38.299999
    endloop
  endfacet
  facet normal 0.608759 0.793355 0.000000
    outer loop
      vertex 57.414215 45.414215 0.000000
      vertex 57.000000 45.732052 0.000000
      vertex 57.414215 45.414215 38.299999
    endloop
  endfacet
  facet normal 0.130528 0.991445 0.000000
    outer loop
      vertex 56.000000 46.000000 0.000000
      vertex 56.000000 46.000000 38.299999
      vertex 56.517639 45.931850 38.299999
    endloop
  endfacet
  facet normal 0.382680 0.923881 0.000000
    outer loop
      vertex 56.517639 45.931850 0.000000
      vertex 56.517639 45.931850 38.299999
      vertex 57.000000 45.732052 38.299999
    endloop
  endfacet
  facet normal 0.991445 0.130528 0.000000
    outer loop
      vertex 57.931850 44.517639 0.000000
      vertex 57.931850 44.517639 38.299999
      vertex 58.000000 44.000000 38.299999
    endloop
  endfacet
  facet normal 0.923881 0.382680 0.000000
    outer loop
      vertex 57.732052 45.000000 0.000000
      vertex 57.732052 45.000000 38.299999
      vertex 57.931850 44.517639 38.299999
    endloop
  endfacet
  facet normal 0.793355 0.608759 0.000000
    outer loop
      vertex 57.414215 45.414215 0.000000
      vertex 57.414215 45.414215 38.299999
      vertex 57.732052 45.000000 38.299999
    endloop
  endfacet
  facet normal 0.608759 0.793355 0.000000
    outer loop
      vertex 57.000000 45.732052 0.000000
      vertex 57.000000 45.732052 38.299999
      vertex 57.414215 45.414215 38.299999
    endloop
  endfacet
  facet normal 0.000000 0.000000 1.000000
    outer loop
      vertex 56.000000 44.000000 38.299999
      vertex 58.000000 44.000000 38.299999
      vertex 56.517639 45.931850 38.299999
    endloop
  endfacet
  facet normal 0.000000 0.000000 1.000000
    outer loop
      vertex 56.000000 44.000000 38.299999
      vertex 56.517639 45.931850 38.299999
      vertex 56.000000 46.000000 38.299999
    endloop
  endfacet
  facet normal 0.000000 0.000000 1.000000
    outer loop
      vertex 57.931850 44.517639 38.299999
      vertex 57.732052 45.000000 38.299999
      vertex 58.000000 44.000000 38.299999
    endloop
  endfacet
  facet normal 0.000000 0.000000 1.000000
    outer loop
      vertex 56.517639 45.931850 38.299999
      vertex 58.000000 44.000000 38.299999
      vertex 57.000000 45.732052 38.299999
    endloop
  endfacet
  facet normal 0.000000 0.000000 1.000000
    outer loop
      vertex 58.000000 44.000000 38.299999
      vertex 57.732052 45.000000 38.299999
      vertex 57.414215 45.414215 38.299999
    endloop
  endfacet
  facet normal 0.000000 0.000000 1.000000
    outer loop
      vertex 58.000000 44.000000 38.299999
      vertex 57.414215 45.414215 38.299999
      vertex 57.000000 45.732052 38.299999
    endloop
  endfacet
  facet normal 0.000000 0.000000 1.000000
    outer loop
      vertex 14.000000 2.000000 2.000000
      vertex 15.921326 4.611074 2.000000
      vertex 15.690301 5.043292 2.000000
    endloop
  endfacet
  facet normal 0.000000 0.000000 1.000000
    outer loop
      vertex 14.000000 2.000000 2.000000
      vertex 15.690301 5.043292 2.000000
      vertex 15.548037 5.512274 2.000000
    endloop
  endfacet
  facet normal 0.000000 0.000000 1.000000
    outer loop
      vertex 14.000000 2.000000 2.000000
      vertex 15.548037 5.512274 2.000000
      vertex 15.500000 6.000000 2.000000
    endloop
  endfacet
  facet normal 0.000000 0.000000 1.000000
    outer loop
      vertex 14.000000 2.000000 2.000000
      vertex 16.611074 3.921326 2.000000
      vertex 16.232233 4.232233 2.000000
    endloop
  endfacet
  facet normal 0.000000 0.000000 1.000000
    outer loop
      vertex 14.000000 2.000000 2.000000
      vertex 17.043291 3.690301 2.000000
      vertex 16.611074 3.921326 2.000000
    endloop
  endfacet
  facet normal 0.000000 0.000000 1.000000
    outer loop
      vertex 14.000000 2.000000 2.000000
      vertex 17.512274 3.548037 2.000000
      vertex 17.043291 3.690301 2.000000
    endloop
  endfacet
  facet normal 0.000000 0.000000 1.000000
    outer loop
      vertex 14.000000 2.000000 2.000000
      vertex 16.232233 4.232233 2.000000
      vertex 15.921326 4.611074 2.000000
    endloop
  endfacet
  facet normal 0.000000 0.000000 1.000000
    outer loop
      vertex 14.000000 2.000000 2.000000
      vertex 18.000000 3.500000 2.000000
      vertex 17.512274 3.548037 2.000000
    endloop
  endfacet
  facet normal 0.000000 0.000000 1.000000
    outer loop
      vertex 14.000000 2.000000 2.000000
      vertex 18.487726 3.548037 2.000000
      vertex 18.000000 3.500000 2.000000
    endloop
  endfacet
  facet normal 0.000000 0.000000 1.000000
    outer loop
      vertex 14.000000 2.000000 2.000000
      vertex 18.956709 3.690301 2.000000
      vertex 18.487726 3.548037 2.000000
    endloop
  endfacet
  facet normal 0.000000 0.000000 1.000000
    outer loop
      vertex 14.000000 2.000000 2.000000
      vertex 15.500000 6.000000 2.000000
      vertex 14.000000 44.000000 2.000000
    endloop
  endfacet
  facet normal 0.000000 0.000000 1.000000
    outer loop
      vertex 15.500000 6.000000 2.000000
      vertex 15.548037 6.487726 2.000000
      vertex 14.000000 44.000000 2.000000
    endloop
  endfacet
  facet normal 0.000000 0.000000 1.000000
    outer loop
      vertex 15.548037 6.487726 2.000000
      vertex 15.690301 6.956708 2.000000
      vertex 14.000000 44.000000 2.000000
    endloop
  endfacet
  facet normal 0.000000 0.000000 1.000000
    outer loop
      vertex 15.690301 6.956708 2.000000
      vertex 15.921326 7.388926 2.000000
      vertex 15.921326 38.611073 2.000000
    endloop
  endfacet
  facet normal 0.000000 0.000000 1.000000
    outer loop
      vertex 15.921326 7.388926 2.000000
      vertex 16.232233 7.767767 2.000000
      vertex 16.232233 38.232231 2.000000
    endloop
  endfacet
  facet normal 0.000000 0.000000 1.000000
    outer loop
      vertex 16.232233 7.767767 2.000000
      vertex 16.611074 8.078674 2.000000
      vertex 16.611074 37.921326 2.000000
    endloop
  endfacet
  facet normal 0.000000 0.000000 1.000000
    outer loop
      vertex 16.611074 8.078674 2.000000
      vertex 17.043291 8.309699 2.000000
      vertex 17.043291 37.690300 2.000000
    endloop
  endfacet
  facet normal 0.000000 0.000000 1.000000
    outer loop
      vertex 17.043291 8.309699 2.000000
      vertex 17.512274 8.451963 2.000000
      vertex 17.512274 37.548038 2.000000
    endloop
  endfacet
  facet normal 1.000000 0.000000 0.000000
    outer loop
      vertex 14.000000 2.000000 2.000000
      vertex 14.000000 28.000000 23.766216
      vertex 14.000000 18.000000 23.766216
    endloop
  endfacet
  facet normal 0.000000 0.000000 1.000000
    outer loop
      vertex 14.000000 2.000000 2.000000
      vertex 50.611073 3.921326 2.000000
      vertex 18.956709 3.690301 2.000000
    endloop
  endfacet
  facet normal 0.000000 0.000000 1.000000
    outer loop
      vertex 18.956709 3.690301 2.000000
      vertex 50.611073 3.921326 2.000000
      vertex 19.388926 3.921326 2.000000
    endloop
  endfacet
  facet normal 0.000000 0.000000 1.000000
    outer loop
      vertex 19.388926 3.921326 2.000000
      vertex 50.611073 3.921326 2.000000
      vertex 19.767767 4.232233 2.000000
    endloop
  endfacet
  facet normal 0.000000 0.000000 1.000000
    outer loop
      vertex 19.767767 4.232233 2.000000
      vertex 50.232231 4.232233 2.000000
      vertex 20.078674 4.611074 2.000000
    endloop
  endfacet
  facet normal 0.000000 0.000000 1.000000
    outer loop
      vertex 20.078674 4.611074 2.000000
      vertex 49.921326 4.611074 2.000000
      vertex 20.309700 5.043292 2.000000
    endloop
  endfacet
  facet normal 0.000000 0.000000 1.000000
    outer loop
      vertex 20.309700 5.043292 2.000000
      vertex 49.690300 5.043292 2.000000
      vertex 20.451963 5.512274 2.000000
    endloop
  endfacet
  facet normal 0.000000 0.000000 1.000000
    outer loop
      vertex 20.451963 5.512274 2.000000
      vertex 49.548038 5.512274 2.000000
      vertex 20.500000 6.000000 2.000000
    endloop
  endfacet
  facet normal 0.000000 1.000000 0.000000
    outer loop
      vertex 14.000000 2.000000 2.000000
      vertex 30.000000 2.000000 23.766216
      vertex 56.000000 2.000000 2.000000
    endloop
  endfacet
  facet normal 0.000000 0.000000 1.000000
    outer loop
      vertex 20.500000 6.000000 2.000000
      vertex 49.500000 6.000000 2.000000
      vertex 20.451963 6.487726 2.000000
    endloop
  endfacet
  facet normal 0.000000 0.000000 1.000000
    outer loop
      vertex 20.451963 6.487726 2.000000
      vertex 49.548038 6.487726 2.000000
      vertex 20.309700 6.956708 2.000000
    endloop
  endfacet
  facet normal 0.000000 0.000000 1.000000
    outer loop
      vertex 20.309700 6.956708 2.000000
      vertex 33.760002 13.581274 2.000000
      vertex 32.541222 13.823705 2.000000
    endloop
  endfacet
  facet normal 0.000000 0.000000 1.000000
    outer loop
      vertex 20.309700 6.956708 2.000000
      vertex 35.000000 13.500000 2.000000
      vertex 33.760002 13.581274 2.000000
    endloop
  endfacet
  facet normal 0.000000 0.000000 1.000000
    outer loop
      vertex 20.309700 6.956708 2.000000
      vertex 36.239998 13.581274 2.000000
      vertex 35.000000 13.500000 2.000000
    endloop
  endfacet
  facet normal 0.000000 0.000000 1.000000
    outer loop
      vertex 20.309700 6.956708 2.000000
      vertex 37.458778 13.823705 2.000000
      vertex 36.239998 13.581274 2.000000
    endloop
  endfacet
  facet normal 0.000000 1.000000 0.000000
    outer loop
      vertex 14.000000 2.000000 2.000000
      vertex 30.000000 2.000000 25.150000
      vertex 30.000000 2.000000 23.766216
    endloop
  endfacet
  facet normal 0.000000 0.000000 1.000000
    outer loop
      vertex 20.309700 6.956708 2.000000
      vertex 29.216766 15.463143 2.000000
      vertex 28.282486 16.282486 2.000000
    endloop
  endfacet
  facet normal 0.000000 0.000000 1.000000
    outer loop
      vertex 20.309700 6.956708 2.000000
      vertex 27.463142 17.216766 2.000000
      vertex 26.772758 18.250000 2.000000
    endloop
  endfacet
  facet normal 0.000000 0.000000 1.000000
    outer loop
      vertex 20.309700 6.956708 2.000000
      vertex 28.282486 16.282486 2.000000
      vertex 27.463142 17.216766 2.000000
    endloop
  endfacet
  facet normal 0.000000 0.000000 1.000000
    outer loop
      vertex 20.309700 6.956708 2.000000
      vertex 26.772758 18.250000 2.000000
      vertex 26.223145 19.364508 2.000000
    endloop
  endfacet
  facet normal 0.000000 0.000000 1.000000
    outer loop
      vertex 20.309700 6.956708 2.000000
      vertex 26.223145 19.364508 2.000000
      vertex 25.823704 20.541220 2.000000
    endloop
  endfacet
  facet normal 0.000000 0.000000 1.000000
    outer loop
      vertex 17.512274 8.451963 2.000000
      vertex 18.000000 8.500000 2.000000
      vertex 18.000000 37.500000 2.000000
    endloop
  endfacet
  facet normal 0.000000 0.000000 1.000000
    outer loop
      vertex 18.000000 8.500000 2.000000
      vertex 18.487726 8.451963 2.000000
      vertex 18.487726 37.548038 2.000000
    endloop
  endfacet
  facet normal 0.000000 0.000000 1.000000
    outer loop
      vertex 19.388926 8.078674 2.000000
      vertex 19.767767 7.767767 2.000000
      vertex 18.956709 37.690300 2.000000
    endloop
  endfacet
  facet normal 0.000000 0.000000 1.000000
    outer loop
      vertex 20.078674 7.388926 2.000000
      vertex 18.956709 37.690300 2.000000
      vertex 19.767767 7.767767 2.000000
    endloop
  endfacet
  facet normal 0.000000 0.000000 1.000000
    outer loop
      vertex 18.487726 8.451963 2.000000
      vertex 18.956709 8.309699 2.000000
      vertex 18.956709 37.690300 2.000000
    endloop
  endfacet
  facet normal 0.000000 0.000000 1.000000
    outer loop
      vertex 18.956709 8.309699 2.000000
      vertex 19.388926 8.078674 2.000000
      vertex 18.956709 37.690300 2.000000
    endloop
  endfacet
  facet normal 0.000000 0.000000 1.000000
    outer loop
      vertex 20.309700 6.956708 2.000000
      vertex 18.956709 37.690300 2.000000
      vertex 20.078674 7.388926 2.000000
    endloop
  endfacet
  facet normal 0.000000 0.000000 1.000000
    outer loop
      vertex 20.309700 6.956708 2.000000
      vertex 25.823704 20.541220 2.000000
      vertex 18.956709 37.690300 2.000000
    endloop
  endfacet
  facet normal 0.000000 0.000000 1.000000
    outer loop
      vertex 20.309700 6.956708 2.000000
      vertex 31.364508 14.223145 2.000000
      vertex 30.250000 14.772758 2.000000
    endloop
  endfacet
  facet normal 0.000000 0.000000 1.000000
    outer loop
      vertex 20.309700 6.956708 2.000000
      vertex 30.250000 14.772758 2.000000
      vertex 29.216766 15.463143 2.000000
    endloop
  endfacet
  facet normal 0.000000 0.000000 1.000000
    outer loop
      vertex 20.309700 6.956708 2.000000
      vertex 32.541222 13.823705 2.000000
      vertex 31.364508 14.223145 2.000000
    endloop
  endfacet
  facet normal 1.000000 0.000000 0.000000
    outer loop
      vertex 14.000000 2.000000 2.000000
      vertex 14.000000 18.000000 23.766216
      vertex 14.000000 2.000000 38.299999
    endloop
  endfacet
  facet normal 1.000000 0.000000 0.000000
    outer loop
      vertex 14.000000 2.000000 38.299999
      vertex 14.000000 18.000000 23.766216
      vertex 14.000000 18.000000 25.150000
    endloop
  endfacet
  facet normal 1.000000 0.000000 0.000000
    outer loop
      vertex 14.000000 2.000000 38.299999
      vertex 14.000000 18.000000 25.150000
      vertex 14.000000 20.000000 34.118183
    endloop
  endfacet
  facet normal 1.000000 0.000000 0.000000
    outer loop
      vertex 14.000000 2.000000 38.299999
      vertex 14.000000 20.000000 34.118183
      vertex 14.000000 20.000000 35.099998
    endloop
  endfacet
  facet normal 1.000000 0.000000 0.000000
    outer loop
      vertex 14.000000 2.000000 38.299999
      vertex 14.000000 20.000000 35.099998
      vertex 14.000000 20.000000 37.299999
    endloop
  endfacet
  facet normal 1.000000 0.000000 0.000000
    outer loop
      vertex 14.000000 2.000000 38.299999
      vertex 14.000000 20.000000 37.299999
      vertex 14.000000 26.000000 37.299999
    endloop
  endfacet
  facet normal 1.000000 0.000000 0.000000
    outer loop
      vertex 14.000000 18.000000 25.150000
      vertex 14.000000 26.000000 34.118183
      vertex 14.000000 20.000000 34.118183
    endloop
  endfacet
  facet normal 0.000000 1.000000 0.000000
    outer loop
      vertex 14.000000 2.000000 2.000000
      vertex 14.000000 2.000000 38.299999
      vertex 30.000000 2.000000 25.150000
    endloop
  endfacet
  facet normal 0.000000 1.000000 0.000000
    outer loop
      vertex 14.000000 2.000000 38.299999
      vertex 32.000000 2.000000 34.118183
      vertex 30.000000 2.000000 25.150000
    endloop
  endfacet
  facet normal 0.000000 1.000000 0.000000
    outer loop
      vertex 14.000000 2.000000 38.299999
      vertex 32.000000 2.000000 34.500000
      vertex 32.000000 2.000000 34.118183
    endloop
  endfacet
  facet normal 0.000000 1.000000 0.000000
    outer loop
      vertex 14.000000 2.000000 38.299999
      vertex 32.000000 2.000000 37.299999
      vertex 32.000000 2.000000 34.500000
    endloop
  endfacet
  facet normal 0.000000 1.000000 0.000000
    outer loop
      vertex 30.000000 2.000000 25.150000
      vertex 32.000000 2.000000 34.118183
      vertex 38.000000 2.000000 34.118183
    endloop
  endfacet
  facet normal 0.000000 1.000000 0.000000
    outer loop
      vertex 14.000000 2.000000 38.299999
      vertex 38.000000 2.000000 37.299999
      vertex 32.000000 2.000000 37.299999
    endloop
  endfacet
  facet normal 0.000000 0.000000 1.000000
    outer loop
      vertex 16.232233 7.767767 2.000000
      vertex 16.611074 37.921326 2.000000
      vertex 16.232233 38.232231 2.000000
    endloop
  endfacet
  facet normal 0.000000 0.000000 1.000000
    outer loop
      vertex 15.690301 6.956708 2.000000
      vertex 15.921326 38.611073 2.000000
      vertex 15.690301 39.043293 2.000000
    endloop
  endfacet
  facet normal 0.000000 0.000000 1.000000
    outer loop
      vertex 15.921326 7.388926 2.000000
      vertex 16.232233 38.232231 2.000000
      vertex 15.921326 38.611073 2.000000
    endloop
  endfacet
  facet normal 0.000000 0.000000 1.000000
    outer loop
      vertex 16.611074 8.078674 2.000000
      vertex 17.043291 37.690300 2.000000
      vertex 16.611074 37.921326 2.000000
    endloop
  endfacet
  facet normal 0.000000 0.000000 1.000000
    outer loop
      vertex 17.043291 8.309699 2.000000
      vertex 17.512274 37.548038 2.000000
      vertex 17.043291 37.690300 2.000000
    endloop
  endfacet
  facet normal 1.000000 0.000000 0.000000
    outer loop
      vertex 14.000000 2.000000 2.000000
      vertex 14.000000 44.000000 2.000000
      vertex 14.000000 28.000000 23.766216
    endloop
  endfacet
  facet normal 0.000000 0.000000 1.000000
    outer loop
      vertex 15.690301 6.956708 2.000000
      vertex 15.690301 39.043293 2.000000
      vertex 14.000000 44.000000 2.000000
    endloop
  endfacet
  facet normal 1.000000 0.000000 0.000000
    outer loop
      vertex 14.000000 44.000000 2.000000
      vertex 14.000000 28.000000 25.150000
      vertex 14.000000 28.000000 23.766216
    endloop
  endfacet
  facet normal 0.000000 0.000000 1.000000
    outer loop
      vertex 15.690301 39.043293 2.000000
      vertex 15.548037 39.512276 2.000000
      vertex 14.000000 44.000000 2.000000
    endloop
  endfacet
  facet normal 0.000000 0.000000 1.000000
    outer loop
      vertex 15.548037 39.512276 2.000000
      vertex 15.500000 40.000000 2.000000
      vertex 14.000000 44.000000 2.000000
    endloop
  endfacet
  facet normal 0.000000 0.000000 1.000000
    outer loop
      vertex 15.500000 40.000000 2.000000
      vertex 15.548037 40.487724 2.000000
      vertex 14.000000 44.000000 2.000000
    endloop
  endfacet
  facet normal 0.000000 0.000000 1.000000
    outer loop
      vertex 15.548037 40.487724 2.000000
      vertex 15.690301 40.956707 2.000000
      vertex 14.000000 44.000000 2.000000
    endloop
  endfacet
  facet normal 0.000000 0.000000 1.000000
    outer loop
      vertex 15.690301 40.956707 2.000000
      vertex 15.921326 41.388927 2.000000
      vertex 14.000000 44.000000 2.000000
    endloop
  endfacet
  facet normal 0.000000 0.000000 1.000000
    outer loop
      vertex 15.921326 41.388927 2.000000
      vertex 16.232233 41.767769 2.000000
      vertex 14.000000 44.000000 2.000000
    endloop
  endfacet
  facet normal 0.000000 0.000000 1.000000
    outer loop
      vertex 16.232233 41.767769 2.000000
      vertex 16.611074 42.078674 2.000000
      vertex 14.000000 44.000000 2.000000
    endloop
  endfacet
  facet normal 0.000000 0.000000 1.000000
    outer loop
      vertex 16.611074 42.078674 2.000000
      vertex 17.043291 42.309700 2.000000
      vertex 14.000000 44.000000 2.000000
    endloop
  endfacet
  facet normal 0.000000 0.000000 1.000000
    outer loop
      vertex 17.043291 42.309700 2.000000
      vertex 17.512274 42.451962 2.000000
      vertex 14.000000 44.000000 2.000000
    endloop
  endfacet
  facet normal 0.000000 0.000000 1.000000
    outer loop
      vertex 14.000000 44.000000 2.000000
      vertex 17.512274 42.451962 2.000000
      vertex 18.000000 42.500000 2.000000
    endloop
  endfacet
  facet normal 0.000000 0.000000 1.000000
    outer loop
      vertex 17.512274 8.451963 2.000000
      vertex 18.000000 37.500000 2.000000
      vertex 17.512274 37.548038 2.000000
    endloop
  endfacet
  facet normal 0.000000 0.000000 1.000000
    outer loop
      vertex 18.000000 8.500000 2.000000
      vertex 18.487726 37.548038 2.000000
      vertex 18.000000 37.500000 2.000000
    endloop
  endfacet
  facet normal 0.000000 0.000000 1.000000
    outer loop
      vertex 18.487726 8.451963 2.000000
      vertex 18.956709 37.690300 2.000000
      vertex 18.487726 37.548038 2.000000
    endloop
  endfacet
  facet normal 0.000000 0.000000 1.000000
    outer loop
      vertex 18.956709 37.690300 2.000000
      vertex 25.823704 20.541220 2.000000
      vertex 25.581274 21.760000 2.000000
    endloop
  endfacet
  facet normal 0.000000 0.000000 1.000000
    outer loop
      vertex 18.956709 37.690300 2.000000
      vertex 25.581274 21.760000 2.000000
      vertex 25.500000 23.000000 2.000000
    endloop
  endfacet
  facet normal 0.000000 0.000000 1.000000
    outer loop
      vertex 18.956709 37.690300 2.000000
      vertex 25.500000 23.000000 2.000000
      vertex 25.581274 24.240000 2.000000
    endloop
  endfacet
  facet normal 0.000000 0.000000 1.000000
    outer loop
      vertex 18.956709 37.690300 2.000000
      vertex 25.581274 24.240000 2.000000
      vertex 25.823704 25.458780 2.000000
    endloop
  endfacet
  facet normal 0.000000 0.000000 1.000000
    outer loop
      vertex 18.956709 37.690300 2.000000
      vertex 25.823704 25.458780 2.000000
      vertex 26.223145 26.635492 2.000000
    endloop
  endfacet
  facet normal 0.000000 0.000000 1.000000
    outer loop
      vertex 18.956709 37.690300 2.000000
      vertex 26.223145 26.635492 2.000000
      vertex 26.772758 27.750000 2.000000
    endloop
  endfacet
  facet normal 0.000000 0.000000 1.000000
    outer loop
      vertex 18.956709 37.690300 2.000000
      vertex 26.772758 27.750000 2.000000
      vertex 27.463142 28.783234 2.000000
    endloop
  endfacet
  facet normal 0.000000 0.000000 1.000000
    outer loop
      vertex 18.956709 37.690300 2.000000
      vertex 27.463142 28.783234 2.000000
      vertex 28.282486 29.717514 2.000000
    endloop
  endfacet
  facet normal 0.000000 0.000000 1.000000
    outer loop
      vertex 19.767767 38.232231 2.000000
      vertex 28.282486 29.717514 2.000000
      vertex 29.216766 30.536858 2.000000
    endloop
  endfacet
  facet normal 0.000000 0.000000 1.000000
    outer loop
      vertex 20.309700 39.043293 2.000000
      vertex 29.216766 30.536858 2.000000
      vertex 30.250000 31.227242 2.000000
    endloop
  endfacet
  facet normal 0.000000 0.000000 1.000000
    outer loop
      vertex 20.451963 40.487724 2.000000
      vertex 30.250000 31.227242 2.000000
      vertex 31.364508 31.776855 2.000000
    endloop
  endfacet
  facet normal 0.000000 0.000000 1.000000
    outer loop
      vertex 18.956709 37.690300 2.000000
      vertex 28.282486 29.717514 2.000000
      vertex 19.388926 37.921326 2.000000
    endloop
  endfacet
  facet normal 0.000000 0.000000 1.000000
    outer loop
      vertex 19.388926 37.921326 2.000000
      vertex 28.282486 29.717514 2.000000
      vertex 19.767767 38.232231 2.000000
    endloop
  endfacet
  facet normal 0.000000 0.000000 1.000000
    outer loop
      vertex 19.767767 38.232231 2.000000
      vertex 29.216766 30.536858 2.000000
      vertex 20.078674 38.611073 2.000000
    endloop
  endfacet
  facet normal 0.000000 0.000000 1.000000
    outer loop
      vertex 20.078674 38.611073 2.000000
      vertex 29.216766 30.536858 2.000000
      vertex 20.309700 39.043293 2.000000
    endloop
  endfacet
  facet normal 0.000000 0.000000 1.000000
    outer loop
      vertex 20.309700 39.043293 2.000000
      vertex 30.250000 31.227242 2.000000
      vertex 20.451963 39.512276 2.000000
    endloop
  endfacet
  facet normal 0.000000 0.000000 1.000000
    outer loop
      vertex 20.451963 39.512276 2.000000
      vertex 30.250000 31.227242 2.000000
      vertex 20.500000 40.000000 2.000000
    endloop
  endfacet
  facet normal 0.000000 0.000000 1.000000
    outer loop
      vertex 20.500000 40.000000 2.000000
      vertex 30.250000 31.227242 2.000000
      vertex 20.451963 40.487724 2.000000
    endloop
  endfacet
  facet normal 0.000000 0.000000 1.000000
    outer loop
      vertex 20.451963 40.487724 2.000000
      vertex 31.364508 31.776855 2.000000
      vertex 32.541222 32.176296 2.000000
    endloop
  endfacet
  facet normal 0.000000 0.000000 1.000000
    outer loop
      vertex 20.451963 40.487724 2.000000
      vertex 32.541222 32.176296 2.000000
      vertex 33.760002 32.418728 2.000000
    endloop
  endfacet
  facet normal 0.000000 0.000000 1.000000
    outer loop
      vertex 20.451963 40.487724 2.000000
      vertex 33.760002 32.418728 2.000000
      vertex 49.548038 39.512276 2.000000
    endloop
  endfacet
  facet normal 0.000000 0.000000 1.000000
    outer loop
      vertex 14.000000 44.000000 2.000000
      vertex 18.000000 42.500000 2.000000
      vertex 56.000000 44.000000 2.000000
    endloop
  endfacet
  facet normal 0.000000 0.000000 1.000000
    outer loop
      vertex 18.000000 42.500000 2.000000
      vertex 18.487726 42.451962 2.000000
      vertex 56.000000 44.000000 2.000000
    endloop
  endfacet
  facet normal 0.000000 0.000000 1.000000
    outer loop
      vertex 18.487726 42.451962 2.000000
      vertex 18.956709 42.309700 2.000000
      vertex 56.000000 44.000000 2.000000
    endloop
  endfacet
  facet normal 0.000000 0.000000 1.000000
    outer loop
      vertex 18.956709 42.309700 2.000000
      vertex 19.388926 42.078674 2.000000
      vertex 56.000000 44.000000 2.000000
    endloop
  endfacet
  facet normal 0.000000 0.000000 1.000000
    outer loop
      vertex 20.451963 40.487724 2.000000
      vertex 56.000000 44.000000 2.000000
      vertex 20.309700 40.956707 2.000000
    endloop
  endfacet
  facet normal 0.000000 0.000000 1.000000
    outer loop
      vertex 20.078674 41.388927 2.000000
      vertex 56.000000 44.000000 2.000000
      vertex 19.767767 41.767769 2.000000
    endloop
  endfacet
  facet normal 0.000000 0.000000 1.000000
    outer loop
      vertex 20.309700 40.956707 2.000000
      vertex 56.000000 44.000000 2.000000
      vertex 20.078674 41.388927 2.000000
    endloop
  endfacet
  facet normal 0.000000 0.000000 1.000000
    outer loop
      vertex 19.388926 42.078674 2.000000
      vertex 19.767767 41.767769 2.000000
      vertex 56.000000 44.000000 2.000000
    endloop
  endfacet
  facet normal 0.000000 -1.000000 0.000000
    outer loop
      vertex 14.000000 44.000000 2.000000
      vertex 40.000000 44.000000 23.766216
      vertex 30.000000 44.000000 23.766216
    endloop
  endfacet
  facet normal 1.000000 0.000000 0.000000
    outer loop
      vertex 14.000000 18.000000 25.150000
      vertex 14.000000 42.173912 38.299999
      vertex 14.000000 26.000000 34.118183
    endloop
  endfacet
  facet normal 1.000000 0.000000 0.000000
    outer loop
      vertex 14.000000 2.000000 38.299999
      vertex 14.000000 26.000000 37.299999
      vertex 14.000000 42.173912 38.299999
    endloop
  endfacet
  facet normal 1.000000 0.000000 0.000000
    outer loop
      vertex 14.000000 18.000000 25.150000
      vertex 14.000000 28.000000 25.150000
      vertex 14.000000 42.173912 38.299999
    endloop
  endfacet
  facet normal 1.000000 0.000000 0.000000
    outer loop
      vertex 14.000000 42.173912 38.299999
      vertex 14.000000 26.000000 35.099998
      vertex 14.000000 26.000000 34.118183
    endloop
  endfacet
  facet normal 1.000000 0.000000 0.000000
    outer loop
      vertex 14.000000 42.173912 38.299999
      vertex 14.000000 26.000000 37.299999
      vertex 14.000000 26.000000 35.099998
    endloop
  endfacet
  facet normal 1.000000 0.000000 0.000000
    outer loop
      vertex 14.000000 44.000000 2.000000
      vertex 14.000000 44.000000 38.299999
      vertex 14.000000 28.000000 25.150000
    endloop
  endfacet
  facet normal 1.000000 0.000000 0.000000
    outer loop
      vertex 14.000000 28.000000 25.150000
      vertex 14.000000 44.000000 38.299999
      vertex 14.000000 42.173912 38.299999
    endloop
  endfacet
  facet normal 0.000000 -1.000000 0.000000
    outer loop
      vertex 14.000000 44.000000 2.000000
      vertex 30.000000 44.000000 23.766216
      vertex 14.000000 44.000000 38.299999
    endloop
  endfacet
  facet normal 0.000000 -1.000000 0.000000
    outer loop
      vertex 14.000000 44.000000 38.299999
      vertex 30.000000 44.000000 23.766216
      vertex 30.000000 44.000000 25.150000
    endloop
  endfacet
  facet normal 0.000000 -1.000000 0.000000
    outer loop
      vertex 14.000000 44.000000 38.299999
      vertex 32.000000 44.000000 34.118183
      vertex 32.000000 44.000000 34.500000
    endloop
  endfacet
  facet normal 0.000000 -1.000000 0.000000
    outer loop
      vertex 14.000000 44.000000 38.299999
      vertex 32.000000 44.000000 34.500000
      vertex 32.000000 44.000000 37.299999
    endloop
  endfacet
  facet normal 0.000000 -1.000000 0.000000
    outer loop
      vertex 14.000000 44.000000 38.299999
      vertex 30.000000 44.000000 25.150000
      vertex 40.000000 44.000000 25.150000
    endloop
  endfacet
  facet normal 0.000000 -1.000000 0.000000
    outer loop
      vertex 14.000000 44.000000 38.299999
      vertex 40.000000 44.000000 25.150000
      vertex 32.000000 44.000000 34.118183
    endloop
  endfacet
  facet normal 0.000000 -1.000000 0.000000
    outer loop
      vertex 14.000000 44.000000 38.299999
      vertex 32.000000 44.000000 37.299999
      vertex 38.000000 44.000000 37.299999
    endloop
  endfacet
  facet normal 0.000000 0.000000 1.000000
    outer loop
      vertex 14.000000 2.000000 2.000000
      vertex 51.043293 3.690301 2.000000
      vertex 50.611073 3.921326 2.000000
    endloop
  endfacet
  facet normal 0.000000 0.000000 1.000000
    outer loop
      vertex 14.000000 2.000000 2.000000
      vertex 51.512276 3.548037 2.000000
      vertex 51.043293 3.690301 2.000000
    endloop
  endfacet
  facet normal 0.000000 0.000000 1.000000
    outer loop
      vertex 14.000000 2.000000 2.000000
      vertex 52.000000 3.500000 2.000000
      vertex 51.512276 3.548037 2.000000
    endloop
  endfacet
  facet normal 0.000000 0.000000 1.000000
    outer loop
      vertex 14.000000 2.000000 2.000000
      vertex 56.000000 2.000000 2.000000
      vertex 52.000000 3.500000 2.000000
    endloop
  endfacet
  facet normal 0.000000 0.000000 1.000000
    outer loop
      vertex 19.767767 4.232233 2.000000
      vertex 50.611073 3.921326 2.000000
      vertex 50.232231 4.232233 2.000000
    endloop
  endfacet
  facet normal 0.000000 0.000000 1.000000
    outer loop
      vertex 20.078674 4.611074 2.000000
      vertex 50.232231 4.232233 2.000000
      vertex 49.921326 4.611074 2.000000
    endloop
  endfacet
  facet normal 0.000000 0.000000 1.000000
    outer loop
      vertex 20.309700 5.043292 2.000000
      vertex 49.921326 4.611074 2.000000
      vertex 49.690300 5.043292 2.000000
    endloop
  endfacet
  facet normal 0.000000 0.000000 1.000000
    outer loop
      vertex 20.451963 5.512274 2.000000
      vertex 49.690300 5.043292 2.000000
      vertex 49.548038 5.512274 2.000000
    endloop
  endfacet
  facet normal 0.000000 0.000000 1.000000
    outer loop
      vertex 20.309700 6.956708 2.000000
      vertex 49.690300 6.956708 2.000000
      vertex 37.458778 13.823705 2.000000
    endloop
  endfacet
  facet normal 0.000000 0.000000 1.000000
    outer loop
      vertex 20.500000 6.000000 2.000000
      vertex 49.548038 5.512274 2.000000
      vertex 49.500000 6.000000 2.000000
    endloop
  endfacet
  facet normal 0.000000 0.000000 1.000000
    outer loop
      vertex 20.451963 6.487726 2.000000
      vertex 49.500000 6.000000 2.000000
      vertex 49.548038 6.487726 2.000000
    endloop
  endfacet
  facet normal 0.000000 0.000000 1.000000
    outer loop
      vertex 20.309700 6.956708 2.000000
      vertex 49.548038 6.487726 2.000000
      vertex 49.690300 6.956708 2.000000
    endloop
  endfacet
  facet normal 0.000000 0.000000 1.000000
    outer loop
      vertex 49.690300 6.956708 2.000000
      vertex 49.921326 7.388926 2.000000
      vertex 40.783234 15.463143 2.000000
    endloop
  endfacet
  facet normal 0.000000 0.000000 1.000000
    outer loop
      vertex 49.921326 7.388926 2.000000
      vertex 50.232231 7.767767 2.000000
      vertex 40.783234 15.463143 2.000000
    endloop
  endfacet
  facet normal 0.000000 0.000000 1.000000
    outer loop
      vertex 50.232231 7.767767 2.000000
      vertex 50.611073 8.078674 2.000000
      vertex 41.717514 16.282486 2.000000
    endloop
  endfacet
  facet normal 0.000000 0.000000 1.000000
    outer loop
      vertex 50.611073 8.078674 2.000000
      vertex 51.043293 8.309699 2.000000
      vertex 41.717514 16.282486 2.000000
    endloop
  endfacet
  facet normal 0.000000 0.000000 1.000000
    outer loop
      vertex 51.043293 8.309699 2.000000
      vertex 51.512276 8.451963 2.000000
      vertex 42.536858 17.216766 2.000000
    endloop
  endfacet
  facet normal 0.000000 0.000000 1.000000
    outer loop
      vertex 51.512276 8.451963 2.000000
      vertex 52.000000 8.500000 2.000000
      vertex 42.536858 17.216766 2.000000
    endloop
  endfacet
  facet normal 0.000000 0.000000 1.000000
    outer loop
      vertex 52.000000 8.500000 2.000000
      vertex 52.487724 8.451963 2.000000
      vertex 42.536858 17.216766 2.000000
    endloop
  endfacet
  facet normal 0.000000 0.000000 1.000000
    outer loop
      vertex 52.487724 8.451963 2.000000
      vertex 52.956707 8.309699 2.000000
      vertex 42.536858 17.216766 2.000000
    endloop
  endfacet
  facet normal 0.000000 1.000000 0.000000
    outer loop
      vertex 30.000000 2.000000 23.766216
      vertex 40.000000 2.000000 23.766216
      vertex 56.000000 2.000000 2.000000
    endloop
  endfacet
  facet normal 0.000000 0.000000 1.000000
    outer loop
      vertex 49.690300 6.956708 2.000000
      vertex 38.635490 14.223145 2.000000
      vertex 37.458778 13.823705 2.000000
    endloop
  endfacet
  facet normal 0.000000 0.000000 1.000000
    outer loop
      vertex 49.690300 6.956708 2.000000
      vertex 39.750000 14.772758 2.000000
      vertex 38.635490 14.223145 2.000000
    endloop
  endfacet
  facet normal 0.000000 0.000000 1.000000
    outer loop
      vertex 49.690300 6.956708 2.000000
      vertex 40.783234 15.463143 2.000000
      vertex 39.750000 14.772758 2.000000
    endloop
  endfacet
  facet normal 0.000000 0.000000 1.000000
    outer loop
      vertex 50.232231 7.767767 2.000000
      vertex 41.717514 16.282486 2.000000
      vertex 40.783234 15.463143 2.000000
    endloop
  endfacet
  facet normal 0.000000 0.000000 1.000000
    outer loop
      vertex 51.043293 8.309699 2.000000
      vertex 42.536858 17.216766 2.000000
      vertex 41.717514 16.282486 2.000000
    endloop
  endfacet
  facet normal 0.000000 0.000000 1.000000
    outer loop
      vertex 52.956707 8.309699 2.000000
      vertex 43.227242 18.250000 2.000000
      vertex 42.536858 17.216766 2.000000
    endloop
  endfacet
  facet normal 0.000000 0.000000 1.000000
    outer loop
      vertex 52.956707 8.309699 2.000000
      vertex 43.776855 19.364508 2.000000
      vertex 43.227242 18.250000 2.000000
    endloop
  endfacet
  facet normal 0.000000 0.000000 1.000000
    outer loop
      vertex 52.956707 8.309699 2.000000
      vertex 44.176296 20.541220 2.000000
      vertex 43.776855 19.364508 2.000000
    endloop
  endfacet
  facet normal 0.000000 0.000000 1.000000
    outer loop
      vertex 52.956707 8.309699 2.000000
      vertex 44.418728 21.760000 2.000000
      vertex 44.176296 20.541220 2.000000
    endloop
  endfacet
  facet normal 0.000000 0.000000 1.000000
    outer loop
      vertex 52.956707 8.309699 2.000000
      vertex 44.500000 23.000000 2.000000
      vertex 44.418728 21.760000 2.000000
    endloop
  endfacet
  facet normal 0.000000 0.000000 1.000000
    outer loop
      vertex 52.956707 8.309699 2.000000
      vertex 44.418728 24.240000 2.000000
      vertex 44.500000 23.000000 2.000000
    endloop
  endfacet
  facet normal 0.000000 0.000000 1.000000
    outer loop
      vertex 52.956707 8.309699 2.000000
      vertex 44.176296 25.458780 2.000000
      vertex 44.418728 24.240000 2.000000
    endloop
  endfacet
  facet normal 0.000000 0.000000 1.000000
    outer loop
      vertex 52.956707 8.309699 2.000000
      vertex 43.776855 26.635492 2.000000
      vertex 44.176296 25.458780 2.000000
    endloop
  endfacet
  facet normal 0.000000 0.000000 1.000000
    outer loop
      vertex 53.388927 8.078674 2.000000
      vertex 53.767769 7.767767 2.000000
      vertex 49.921326 38.611073 2.000000
    endloop
  endfacet
  facet normal 0.000000 0.000000 1.000000
    outer loop
      vertex 52.956707 8.309699 2.000000
      vertex 53.388927 8.078674 2.000000
      vertex 49.921326 38.611073 2.000000
    endloop
  endfacet
  facet normal 0.000000 0.000000 1.000000
    outer loop
      vertex 52.000000 3.500000 2.000000
      vertex 56.000000 2.000000 2.000000
      vertex 52.487724 3.548037 2.000000
    endloop
  endfacet
  facet normal 0.000000 0.000000 1.000000
    outer loop
      vertex 52.487724 3.548037 2.000000
      vertex 56.000000 2.000000 2.000000
      vertex 52.956707 3.690301 2.000000
    endloop
  endfacet
  facet normal 0.000000 0.000000 1.000000
    outer loop
      vertex 56.000000 2.000000 2.000000
      vertex 53.388927 3.921326 2.000000
      vertex 52.956707 3.690301 2.000000
    endloop
  endfacet
  facet normal 0.000000 0.000000 1.000000
    outer loop
      vertex 56.000000 2.000000 2.000000
      vertex 53.767769 4.232233 2.000000
      vertex 53.388927 3.921326 2.000000
    endloop
  endfacet
  facet normal 0.000000 0.000000 1.000000
    outer loop
      vertex 56.000000 2.000000 2.000000
      vertex 54.078674 4.611074 2.000000
      vertex 53.767769 4.232233 2.000000
    endloop
  endfacet
  facet normal 0.000000 0.000000 1.000000
    outer loop
      vertex 56.000000 2.000000 2.000000
      vertex 54.309700 5.043292 2.000000
      vertex 54.078674 4.611074 2.000000
    endloop
  endfacet
  facet normal 0.000000 0.000000 1.000000
    outer loop
      vertex 56.000000 2.000000 2.000000
      vertex 54.451962 5.512274 2.000000
      vertex 54.309700 5.043292 2.000000
    endloop
  endfacet
  facet normal 0.000000 0.000000 1.000000
    outer loop
      vertex 56.000000 2.000000 2.000000
      vertex 54.500000 6.000000 2.000000
      vertex 54.451962 5.512274 2.000000
    endloop
  endfacet
  facet normal 0.000000 0.000000 1.000000
    outer loop
      vertex 56.000000 2.000000 2.000000
      vertex 54.451962 6.487726 2.000000
      vertex 54.500000 6.000000 2.000000
    endloop
  endfacet
  facet normal 0.000000 0.000000 1.000000
    outer loop
      vertex 56.000000 2.000000 2.000000
      vertex 54.309700 6.956708 2.000000
      vertex 54.451962 6.487726 2.000000
    endloop
  endfacet
  facet normal -1.000000 0.000000 0.000000
    outer loop
      vertex 56.000000 2.000000 2.000000
      vertex 56.000000 6.000000 34.118183
      vertex 56.000000 13.000000 13.000000
    endloop
  endfacet
  facet normal 0.000000 0.000000 1.000000
    outer loop
      vertex 56.000000 2.000000 2.000000
      vertex 49.921326 38.611073 2.000000
      vertex 54.309700 6.956708 2.000000
    endloop
  endfacet
  facet normal -1.000000 0.000000 0.000000
    outer loop
      vertex 56.000000 2.000000 2.000000
      vertex 56.000000 13.000000 13.000000
      vertex 56.000000 33.000000 13.000000
    endloop
  endfacet
  facet normal 0.000000 0.000000 1.000000
    outer loop
      vertex 54.309700 6.956708 2.000000
      vertex 49.921326 38.611073 2.000000
      vertex 54.078674 7.388926 2.000000
    endloop
  endfacet
  facet normal 0.000000 0.000000 1.000000
    outer loop
      vertex 54.078674 7.388926 2.000000
      vertex 49.921326 38.611073 2.000000
      vertex 53.767769 7.767767 2.000000
    endloop
  endfacet
  facet normal 0.000000 1.000000 0.000000
    outer loop
      vertex 56.000000 2.000000 2.000000
      vertex 40.000000 2.000000 23.766216
      vertex 56.000000 2.000000 38.299999
    endloop
  endfacet
  facet normal 0.000000 1.000000 0.000000
    outer loop
      vertex 30.000000 2.000000 25.150000
      vertex 56.000000 2.000000 38.299999
      vertex 40.000000 2.000000 25.150000
    endloop
  endfacet
  facet normal 0.000000 1.000000 0.000000
    outer loop
      vertex 30.000000 2.000000 25.150000
      vertex 38.000000 2.000000 34.118183
      vertex 56.000000 2.000000 38.299999
    endloop
  endfacet
  facet normal 0.000000 1.000000 0.000000
    outer loop
      vertex 14.000000 2.000000 38.299999
      vertex 56.000000 2.000000 38.299999
      vertex 38.000000 2.000000 37.299999
    endloop
  endfacet
  facet normal 0.000000 1.000000 0.000000
    outer loop
      vertex 40.000000 2.000000 23.766216
      vertex 40.000000 2.000000 25.150000
      vertex 56.000000 2.000000 38.299999
    endloop
  endfacet
  facet normal 0.000000 1.000000 0.000000
    outer loop
      vertex 56.000000 2.000000 38.299999
      vertex 38.000000 2.000000 34.118183
      vertex 38.000000 2.000000 34.500000
    endloop
  endfacet
  facet normal 0.000000 1.000000 0.000000
    outer loop
      vertex 56.000000 2.000000 38.299999
      vertex 38.000000 2.000000 34.500000
      vertex 38.000000 2.000000 37.299999
    endloop
  endfacet
  facet normal -1.000000 0.000000 0.000000
    outer loop
      vertex 56.000000 2.000000 2.000000
      vertex 56.000000 2.000000 38.299999
      vertex 56.000000 6.000000 34.118183
    endloop
  endfacet
  facet normal -1.000000 0.000000 0.000000
    outer loop
      vertex 56.000000 13.000000 13.000000
      vertex 56.000000 6.000000 34.118183
      vertex 56.000000 13.000000 27.000000
    endloop
  endfacet
  facet normal -1.000000 0.000000 0.000000
    outer loop
      vertex 56.000000 2.000000 38.299999
      vertex 56.000000 6.000000 35.099998
      vertex 56.000000 6.000000 34.118183
    endloop
  endfacet
  facet normal -1.000000 0.000000 0.000000
    outer loop
      vertex 56.000000 2.000000 38.299999
      vertex 56.000000 3.826087 38.299999
      vertex 56.000000 6.000000 35.099998
    endloop
  endfacet
  facet normal -1.000000 0.000000 0.000000
    outer loop
      vertex 56.000000 3.826087 38.299999
      vertex 56.000000 6.000000 37.299999
      vertex 56.000000 6.000000 35.099998
    endloop
  endfacet
  facet normal -1.000000 0.000000 0.000000
    outer loop
      vertex 56.000000 12.000000 34.118183
      vertex 56.000000 13.000000 27.000000
      vertex 56.000000 6.000000 34.118183
    endloop
  endfacet
  facet normal -1.000000 0.000000 0.000000
    outer loop
      vertex 56.000000 13.000000 27.000000
      vertex 56.000000 12.000000 34.118183
      vertex 56.000000 12.000000 35.099998
    endloop
  endfacet
  facet normal -1.000000 0.000000 0.000000
    outer loop
      vertex 56.000000 13.000000 27.000000
      vertex 56.000000 12.000000 35.099998
      vertex 56.000000 12.000000 37.299999
    endloop
  endfacet
  facet normal -1.000000 0.000000 0.000000
    outer loop
      vertex 56.000000 3.826087 38.299999
      vertex 56.000000 44.000000 38.299999
      vertex 56.000000 6.000000 37.299999
    endloop
  endfacet
  facet normal -1.000000 0.000000 0.000000
    outer loop
      vertex 56.000000 44.000000 38.299999
      vertex 56.000000 12.000000 37.299999
      vertex 56.000000 6.000000 37.299999
    endloop
  endfacet
  facet normal 0.000000 0.000000 1.000000
    outer loop
      vertex 49.548038 39.512276 2.000000
      vertex 37.458778 32.176296 2.000000
      vertex 38.635490 31.776855 2.000000
    endloop
  endfacet
  facet normal 0.000000 0.000000 1.000000
    outer loop
      vertex 49.548038 39.512276 2.000000
      vertex 38.635490 31.776855 2.000000
      vertex 39.750000 31.227242 2.000000
    endloop
  endfacet
  facet normal 0.000000 0.000000 1.000000
    outer loop
      vertex 49.548038 39.512276 2.000000
      vertex 39.750000 31.227242 2.000000
      vertex 40.783234 30.536858 2.000000
    endloop
  endfacet
  facet normal 0.000000 0.000000 1.000000
    outer loop
      vertex 52.956707 8.309699 2.000000
      vertex 49.548038 39.512276 2.000000
      vertex 43.776855 26.635492 2.000000
    endloop
  endfacet
  facet normal 0.000000 0.000000 1.000000
    outer loop
      vertex 56.000000 2.000000 2.000000
      vertex 50.611073 37.921326 2.000000
      vertex 50.232231 38.232231 2.000000
    endloop
  endfacet
  facet normal 0.000000 0.000000 1.000000
    outer loop
      vertex 56.000000 2.000000 2.000000
      vertex 50.232231 38.232231 2.000000
      vertex 49.921326 38.611073 2.000000
    endloop
  endfacet
  facet normal 0.000000 0.000000 1.000000
    outer loop
      vertex 52.956707 8.309699 2.000000
      vertex 49.921326 38.611073 2.000000
      vertex 49.690300 39.043293 2.000000
    endloop
  endfacet
  facet normal 0.000000 0.000000 1.000000
    outer loop
      vertex 49.548038 39.512276 2.000000
      vertex 43.227242 27.750000 2.000000
      vertex 43.776855 26.635492 2.000000
    endloop
  endfacet
  facet normal 0.000000 0.000000 1.000000
    outer loop
      vertex 49.548038 39.512276 2.000000
      vertex 41.717514 29.717514 2.000000
      vertex 42.536858 28.783234 2.000000
    endloop
  endfacet
  facet normal 0.000000 0.000000 1.000000
    outer loop
      vertex 49.548038 39.512276 2.000000
      vertex 42.536858 28.783234 2.000000
      vertex 43.227242 27.750000 2.000000
    endloop
  endfacet
  facet normal 0.000000 0.000000 1.000000
    outer loop
      vertex 49.548038 39.512276 2.000000
      vertex 40.783234 30.536858 2.000000
      vertex 41.717514 29.717514 2.000000
    endloop
  endfacet
  facet normal 0.000000 0.000000 1.000000
    outer loop
      vertex 52.956707 8.309699 2.000000
      vertex 49.690300 39.043293 2.000000
      vertex 49.548038 39.512276 2.000000
    endloop
  endfacet
  facet normal 0.000000 0.000000 1.000000
    outer loop
      vertex 49.548038 39.512276 2.000000
      vertex 33.760002 32.418728 2.000000
      vertex 35.000000 32.500000 2.000000
    endloop
  endfacet
  facet normal 0.000000 0.000000 1.000000
    outer loop
      vertex 49.548038 39.512276 2.000000
      vertex 35.000000 32.500000 2.000000
      vertex 36.239998 32.418728 2.000000
    endloop
  endfacet
  facet normal 0.000000 0.000000 1.000000
    outer loop
      vertex 49.548038 39.512276 2.000000
      vertex 36.239998 32.418728 2.000000
      vertex 37.458778 32.176296 2.000000
    endloop
  endfacet
  facet normal 0.000000 0.000000 1.000000
    outer loop
      vertex 20.451963 40.487724 2.000000
      vertex 49.548038 39.512276 2.000000
      vertex 49.500000 40.000000 2.000000
    endloop
  endfacet
  facet normal 0.000000 0.000000 1.000000
    outer loop
      vertex 20.451963 40.487724 2.000000
      vertex 49.500000 40.000000 2.000000
      vertex 49.548038 40.487724 2.000000
    endloop
  endfacet
  facet normal 0.000000 0.000000 1.000000
    outer loop
      vertex 20.451963 40.487724 2.000000
      vertex 49.548038 40.487724 2.000000
      vertex 49.690300 40.956707 2.000000
    endloop
  endfacet
  facet normal 0.000000 0.000000 1.000000
    outer loop
      vertex 20.451963 40.487724 2.000000
      vertex 49.690300 40.956707 2.000000
      vertex 49.921326 41.388927 2.000000
    endloop
  endfacet
  facet normal 0.000000 0.000000 1.000000
    outer loop
      vertex 20.451963 40.487724 2.000000
      vertex 49.921326 41.388927 2.000000
      vertex 50.232231 41.767769 2.000000
    endloop
  endfacet
  facet normal 0.000000 0.000000 1.000000
    outer loop
      vertex 20.451963 40.487724 2.000000
      vertex 50.232231 41.767769 2.000000
      vertex 50.611073 42.078674 2.000000
    endloop
  endfacet
  facet normal 0.000000 0.000000 1.000000
    outer loop
      vertex 20.451963 40.487724 2.000000
      vertex 50.611073 42.078674 2.000000
      vertex 51.043293 42.309700 2.000000
    endloop
  endfacet
  facet normal 0.000000 0.000000 1.000000
    outer loop
      vertex 20.451963 40.487724 2.000000
      vertex 51.043293 42.309700 2.000000
      vertex 51.512276 42.451962 2.000000
    endloop
  endfacet
  facet normal 0.000000 0.000000 1.000000
    outer loop
      vertex 20.451963 40.487724 2.000000
      vertex 51.512276 42.451962 2.000000
      vertex 52.000000 42.500000 2.000000
    endloop
  endfacet
  facet normal 0.000000 0.000000 1.000000
    outer loop
      vertex 20.451963 40.487724 2.000000
      vertex 52.000000 42.500000 2.000000
      vertex 56.000000 44.000000 2.000000
    endloop
  endfacet
  facet normal 0.000000 -1.000000 0.000000
    outer loop
      vertex 14.000000 44.000000 2.000000
      vertex 56.000000 44.000000 2.000000
      vertex 40.000000 44.000000 23.766216
    endloop
  endfacet
  facet normal 0.000000 -1.000000 0.000000
    outer loop
      vertex 56.000000 44.000000 2.000000
      vertex 40.000000 44.000000 25.150000
      vertex 40.000000 44.000000 23.766216
    endloop
  endfacet
  facet normal 0.000000 0.000000 1.000000
    outer loop
      vertex 56.000000 2.000000 2.000000
      vertex 51.043293 37.690300 2.000000
      vertex 50.611073 37.921326 2.000000
    endloop
  endfacet
  facet normal 0.000000 0.000000 1.000000
    outer loop
      vertex 56.000000 2.000000 2.000000
      vertex 51.512276 37.548038 2.000000
      vertex 51.043293 37.690300 2.000000
    endloop
  endfacet
  facet normal 0.000000 0.000000 1.000000
    outer loop
      vertex 56.000000 2.000000 2.000000
      vertex 52.000000 37.500000 2.000000
      vertex 51.512276 37.548038 2.000000
    endloop
  endfacet
  facet normal 0.000000 0.000000 1.000000
    outer loop
      vertex 56.000000 2.000000 2.000000
      vertex 52.487724 37.548038 2.000000
      vertex 52.000000 37.500000 2.000000
    endloop
  endfacet
  facet normal 0.000000 0.000000 1.000000
    outer loop
      vertex 56.000000 2.000000 2.000000
      vertex 52.956707 37.690300 2.000000
      vertex 52.487724 37.548038 2.000000
    endloop
  endfacet
  facet normal 0.000000 0.000000 1.000000
    outer loop
      vertex 56.000000 2.000000 2.000000
      vertex 53.388927 37.921326 2.000000
      vertex 52.956707 37.690300 2.000000
    endloop
  endfacet
  facet normal 0.000000 0.000000 1.000000
    outer loop
      vertex 56.000000 2.000000 2.000000
      vertex 53.767769 38.232231 2.000000
      vertex 53.388927 37.921326 2.000000
    endloop
  endfacet
  facet normal 0.000000 0.000000 1.000000
    outer loop
      vertex 56.000000 2.000000 2.000000
      vertex 54.078674 38.611073 2.000000
      vertex 53.767769 38.232231 2.000000
    endloop
  endfacet
  facet normal 0.000000 0.000000 1.000000
    outer loop
      vertex 56.000000 2.000000 2.000000
      vertex 54.309700 39.043293 2.000000
      vertex 54.078674 38.611073 2.000000
    endloop
  endfacet
  facet normal 0.000000 0.000000 1.000000
    outer loop
      vertex 56.000000 2.000000 2.000000
      vertex 54.451962 39.512276 2.000000
      vertex 54.309700 39.043293 2.000000
    endloop
  endfacet
  facet normal 0.000000 0.000000 1.000000
    outer loop
      vertex 56.000000 2.000000 2.000000
      vertex 54.500000 40.000000 2.000000
      vertex 54.451962 39.512276 2.000000
    endloop
  endfacet
  facet normal 0.000000 0.000000 1.000000
    outer loop
      vertex 56.000000 2.000000 2.000000
      vertex 56.000000 44.000000 2.000000
      vertex 54.500000 40.000000 2.000000
    endloop
  endfacet
  facet normal -1.000000 0.000000 0.000000
    outer loop
      vertex 56.000000 2.000000 2.000000
      vertex 56.000000 33.000000 13.000000
      vertex 56.000000 44.000000 2.000000
    endloop
  endfacet
  facet normal 0.000000 0.000000 1.000000
    outer loop
      vertex 52.000000 42.500000 2.000000
      vertex 52.487724 42.451962 2.000000
      vertex 56.000000 44.000000 2.000000
    endloop
  endfacet
  facet normal 0.000000 0.000000 1.000000
    outer loop
      vertex 54.078674 41.388927 2.000000
      vertex 56.000000 44.000000 2.000000
      vertex 53.767769 41.767769 2.000000
    endloop
  endfacet
  facet normal 0.000000 0.000000 1.000000
    outer loop
      vertex 52.487724 42.451962 2.000000
      vertex 52.956707 42.309700 2.000000
      vertex 56.000000 44.000000 2.000000
    endloop
  endfacet
  facet normal 0.000000 0.000000 1.000000
    outer loop
      vertex 52.956707 42.309700 2.000000
      vertex 53.388927 42.078674 2.000000
      vertex 56.000000 44.000000 2.000000
    endloop
  endfacet
  facet normal 0.000000 0.000000 1.000000
    outer loop
      vertex 53.388927 42.078674 2.000000
      vertex 53.767769 41.767769 2.000000
      vertex 56.000000 44.000000 2.000000
    endloop
  endfacet
  facet normal 0.000000 0.000000 1.000000
    outer loop
      vertex 54.500000 40.000000 2.000000
      vertex 56.000000 44.000000 2.000000
      vertex 54.451962 40.487724 2.000000
    endloop
  endfacet
  facet normal 0.000000 0.000000 1.000000
    outer loop
      vertex 54.451962 40.487724 2.000000
      vertex 56.000000 44.000000 2.000000
      vertex 54.309700 40.956707 2.000000
    endloop
  endfacet
  facet normal 0.000000 0.000000 1.000000
    outer loop
      vertex 54.309700 40.956707 2.000000
      vertex 56.000000 44.000000 2.000000
      vertex 54.078674 41.388927 2.000000
    endloop
  endfacet
  facet normal -1.000000 0.000000 0.000000
    outer loop
      vertex 56.000000 44.000000 2.000000
      vertex 56.000000 33.000000 13.000000
      vertex 56.000000 33.000000 27.000000
    endloop
  endfacet
  facet normal 0.000000 -1.000000 0.000000
    outer loop
      vertex 56.000000 44.000000 2.000000
      vertex 56.000000 44.000000 38.299999
      vertex 40.000000 44.000000 25.150000
    endloop
  endfacet
  facet normal 0.000000 -1.000000 0.000000
    outer loop
      vertex 40.000000 44.000000 25.150000
      vertex 38.000000 44.000000 34.118183
      vertex 32.000000 44.000000 34.118183
    endloop
  endfacet
  facet normal 0.000000 -1.000000 0.000000
    outer loop
      vertex 14.000000 44.000000 38.299999
      vertex 38.000000 44.000000 37.299999
      vertex 56.000000 44.000000 38.299999
    endloop
  endfacet
  facet normal 0.000000 -1.000000 0.000000
    outer loop
      vertex 40.000000 44.000000 25.150000
      vertex 56.000000 44.000000 38.299999
      vertex 38.000000 44.000000 34.118183
    endloop
  endfacet
  facet normal 0.000000 -1.000000 0.000000
    outer loop
      vertex 56.000000 44.000000 38.299999
      vertex 38.000000 44.000000 34.500000
      vertex 38.000000 44.000000 34.118183
    endloop
  endfacet
  facet normal 0.000000 -1.000000 0.000000
    outer loop
      vertex 56.000000 44.000000 38.299999
      vertex 38.000000 44.000000 37.299999
      vertex 38.000000 44.000000 34.500000
    endloop
  endfacet
  facet normal -1.000000 0.000000 0.000000
    outer loop
      vertex 56.000000 44.000000 38.299999
      vertex 56.000000 13.000000 27.000000
      vertex 56.000000 12.000000 37.299999
    endloop
  endfacet
  facet normal -1.000000 0.000000 0.000000
    outer loop
      vertex 56.000000 44.000000 38.299999
      vertex 56.000000 33.000000 27.000000
      vertex 56.000000 13.000000 27.000000
    endloop
  endfacet
  facet normal -1.000000 0.000000 0.000000
    outer loop
      vertex 56.000000 44.000000 2.000000
      vertex 56.000000 33.000000 27.000000
      vertex 56.000000 44.000000 38.299999
    endloop
  endfacet
  facet normal -0.634393 -0.773010 0.000000
    outer loop
      vertex 16.232233 4.232233 2.000000
      vertex 16.611074 3.921326 2.000000
      vertex 16.232233 4.232233 22.000000
    endloop
  endfacet
  facet normal -0.471397 -0.881921 0.000000
    outer loop
      vertex 16.611074 3.921326 2.000000
      vertex 17.043291 3.690301 2.000000
      vertex 16.611074 3.921326 22.000000
    endloop
  endfacet
  facet normal -0.290285 -0.956940 0.000000
    outer loop
      vertex 17.043291 3.690301 2.000000
      vertex 17.512274 3.548037 2.000000
      vertex 17.043291 3.690301 22.000000
    endloop
  endfacet
  facet normal -0.881921 -0.471397 0.000000
    outer loop
      vertex 15.921326 4.611074 2.000000
      vertex 15.690301 5.043292 22.000000
      vertex 15.690301 5.043292 2.000000
    endloop
  endfacet
  facet normal -0.773010 -0.634394 0.000000
    outer loop
      vertex 16.232233 4.232233 2.000000
      vertex 15.921326 4.611074 22.000000
      vertex 15.921326 4.611074 2.000000
    endloop
  endfacet
  facet normal -0.956940 -0.290285 0.000000
    outer loop
      vertex 15.690301 5.043292 2.000000
      vertex 15.548037 5.512274 22.000000
      vertex 15.548037 5.512274 2.000000
    endloop
  endfacet
  facet normal -0.995185 -0.098017 0.000000
    outer loop
      vertex 15.548037 5.512274 2.000000
      vertex 15.500000 6.000000 22.000000
      vertex 15.500000 6.000000 2.000000
    endloop
  endfacet
  facet normal -0.995185 0.098017 0.000000
    outer loop
      vertex 15.500000 6.000000 2.000000
      vertex 15.548037 6.487726 22.000000
      vertex 15.548037 6.487726 2.000000
    endloop
  endfacet
  facet normal -0.956940 0.290285 0.000000
    outer loop
      vertex 15.548037 6.487726 2.000000
      vertex 15.690301 6.956708 22.000000
      vertex 15.690301 6.956708 2.000000
    endloop
  endfacet
  facet normal -0.881921 0.471397 0.000000
    outer loop
      vertex 15.690301 6.956708 2.000000
      vertex 15.921326 7.388926 22.000000
      vertex 15.921326 7.388926 2.000000
    endloop
  endfacet
  facet normal -0.773010 0.634394 0.000000
    outer loop
      vertex 15.921326 7.388926 2.000000
      vertex 16.232233 7.767767 22.000000
      vertex 16.232233 7.767767 2.000000
    endloop
  endfacet
  facet normal -0.634394 0.773010 0.000000
    outer loop
      vertex 16.232233 7.767767 2.000000
      vertex 16.611074 8.078674 22.000000
      vertex 16.611074 8.078674 2.000000
    endloop
  endfacet
  facet normal -0.471397 0.881921 0.000000
    outer loop
      vertex 16.611074 8.078674 2.000000
      vertex 17.043291 8.309699 22.000000
      vertex 17.043291 8.309699 2.000000
    endloop
  endfacet
  facet normal -0.290285 0.956940 0.000000
    outer loop
      vertex 17.043291 8.309699 2.000000
      vertex 17.512274 8.451963 22.000000
      vertex 17.512274 8.451963 2.000000
    endloop
  endfacet
  facet normal -0.471397 -0.881921 0.000000
    outer loop
      vertex 17.043291 3.690301 2.000000
      vertex 17.043291 3.690301 22.000000
      vertex 16.611074 3.921326 22.000000
    endloop
  endfacet
  facet normal -0.634393 -0.773010 0.000000
    outer loop
      vertex 16.611074 3.921326 2.000000
      vertex 16.611074 3.921326 22.000000
      vertex 16.232233 4.232233 22.000000
    endloop
  endfacet
  facet normal -0.290285 -0.956940 0.000000
    outer loop
      vertex 17.512274 3.548037 2.000000
      vertex 17.512274 3.548037 22.000000
      vertex 17.043291 3.690301 22.000000
    endloop
  endfacet
  facet normal -0.881921 -0.471397 0.000000
    outer loop
      vertex 15.921326 4.611074 2.000000
      vertex 15.921326 4.611074 22.000000
      vertex 15.690301 5.043292 22.000000
    endloop
  endfacet
  facet normal -0.773010 -0.634394 0.000000
    outer loop
      vertex 16.232233 4.232233 2.000000
      vertex 16.232233 4.232233 22.000000
      vertex 15.921326 4.611074 22.000000
    endloop
  endfacet
  facet normal -0.956940 -0.290285 0.000000
    outer loop
      vertex 15.690301 5.043292 2.000000
      vertex 15.690301 5.043292 22.000000
      vertex 15.548037 5.512274 22.000000
    endloop
  endfacet
  facet normal -0.995185 -0.098017 0.000000
    outer loop
      vertex 15.548037 5.512274 2.000000
      vertex 15.548037 5.512274 22.000000
      vertex 15.500000 6.000000 22.000000
    endloop
  endfacet
  facet normal -0.995185 0.098017 0.000000
    outer loop
      vertex 15.500000 6.000000 2.000000
      vertex 15.500000 6.000000 22.000000
      vertex 15.548037 6.487726 22.000000
    endloop
  endfacet
  facet normal -0.956940 0.290285 0.000000
    outer loop
      vertex 15.548037 6.487726 2.000000
      vertex 15.548037 6.487726 22.000000
      vertex 15.690301 6.956708 22.000000
    endloop
  endfacet
  facet normal -0.881921 0.471397 0.000000
    outer loop
      vertex 15.690301 6.956708 2.000000
      vertex 15.690301 6.956708 22.000000
      vertex 15.921326 7.388926 22.000000
    endloop
  endfacet
  facet normal -0.773010 0.634394 0.000000
    outer loop
      vertex 15.921326 7.388926 2.000000
      vertex 15.921326 7.388926 22.000000
      vertex 16.232233 7.767767 22.000000
    endloop
  endfacet
  facet normal -0.634394 0.773010 0.000000
    outer loop
      vertex 16.232233 7.767767 2.000000
      vertex 16.232233 7.767767 22.000000
      vertex 16.611074 8.078674 22.000000
    endloop
  endfacet
  facet normal -0.471397 0.881921 0.000000
    outer loop
      vertex 16.611074 8.078674 2.000000
      vertex 16.611074 8.078674 22.000000
      vertex 17.043291 8.309699 22.000000
    endloop
  endfacet
  facet normal -0.290285 0.956940 0.000000
    outer loop
      vertex 17.043291 8.309699 2.000000
      vertex 17.043291 8.309699 22.000000
      vertex 17.512274 8.451963 22.000000
    endloop
  endfacet
  facet normal -0.098017 -0.995185 0.000000
    outer loop
      vertex 17.512274 3.548037 2.000000
      vertex 18.000000 3.500000 2.000000
      vertex 17.512274 3.548037 22.000000
    endloop
  endfacet
  facet normal 0.098017 -0.995185 0.000000
    outer loop
      vertex 18.000000 3.500000 2.000000
      vertex 18.487726 3.548037 2.000000
      vertex 18.000000 3.500000 22.000000
    endloop
  endfacet
  facet normal 0.290285 -0.956940 0.000000
    outer loop
      vertex 18.487726 3.548037 2.000000
      vertex 18.956709 3.690301 2.000000
      vertex 18.487726 3.548037 22.000000
    endloop
  endfacet
  facet normal 0.471397 -0.881921 0.000000
    outer loop
      vertex 18.956709 3.690301 2.000000
      vertex 19.388926 3.921326 2.000000
      vertex 18.956709 3.690301 22.000000
    endloop
  endfacet
  facet normal 0.634393 -0.773010 0.000000
    outer loop
      vertex 19.388926 3.921326 2.000000
      vertex 19.767767 4.232233 2.000000
      vertex 19.388926 3.921326 22.000000
    endloop
  endfacet
  facet normal 0.773010 -0.634394 0.000000
    outer loop
      vertex 19.767767 4.232233 2.000000
      vertex 20.078674 4.611074 2.000000
      vertex 19.767767 4.232233 22.000000
    endloop
  endfacet
  facet normal 0.881921 -0.471398 0.000000
    outer loop
      vertex 20.078674 4.611074 2.000000
      vertex 20.309700 5.043292 2.000000
      vertex 20.078674 4.611074 22.000000
    endloop
  endfacet
  facet normal 0.956941 -0.290283 0.000000
    outer loop
      vertex 20.309700 5.043292 2.000000
      vertex 20.451963 5.512274 2.000000
      vertex 20.309700 5.043292 22.000000
    endloop
  endfacet
  facet normal 0.995185 -0.098017 0.000000
    outer loop
      vertex 20.451963 5.512274 2.000000
      vertex 20.500000 6.000000 2.000000
      vertex 20.451963 5.512274 22.000000
    endloop
  endfacet
  facet normal -0.098017 0.995185 0.000000
    outer loop
      vertex 17.512274 8.451963 2.000000
      vertex 18.000000 8.500000 22.000000
      vertex 18.000000 8.500000 2.000000
    endloop
  endfacet
  facet normal 0.098017 0.995185 0.000000
    outer loop
      vertex 18.000000 8.500000 2.000000
      vertex 18.487726 8.451963 22.000000
      vertex 18.487726 8.451963 2.000000
    endloop
  endfacet
  facet normal 0.634394 0.773010 0.000000
    outer loop
      vertex 19.388926 8.078674 2.000000
      vertex 19.767767 7.767767 22.000000
      vertex 19.767767 7.767767 2.000000
    endloop
  endfacet
  facet normal 0.290285 0.956940 0.000000
    outer loop
      vertex 18.487726 8.451963 2.000000
      vertex 18.956709 8.309699 22.000000
      vertex 18.956709 8.309699 2.000000
    endloop
  endfacet
  facet normal 0.471397 0.881921 0.000000
    outer loop
      vertex 18.956709 8.309699 2.000000
      vertex 19.388926 8.078674 22.000000
      vertex 19.388926 8.078674 2.000000
    endloop
  endfacet
  facet normal 0.995185 0.098017 0.000000
    outer loop
      vertex 20.500000 6.000000 2.000000
      vertex 20.451963 6.487726 2.000000
      vertex 20.500000 6.000000 22.000000
    endloop
  endfacet
  facet normal 0.881921 0.471398 0.000000
    outer loop
      vertex 20.309700 6.956708 2.000000
      vertex 20.078674 7.388926 2.000000
      vertex 20.309700 6.956708 22.000000
    endloop
  endfacet
  facet normal 0.956941 0.290283 0.000000
    outer loop
      vertex 20.451963 6.487726 2.000000
      vertex 20.309700 6.956708 2.000000
      vertex 20.451963 6.487726 22.000000
    endloop
  endfacet
  facet normal 0.773010 0.634394 0.000000
    outer loop
      vertex 20.078674 7.388926 2.000000
      vertex 19.767767 7.767767 2.000000
      vertex 20.078674 7.388926 22.000000
    endloop
  endfacet
  facet normal -0.098017 -0.995185 0.000000
    outer loop
      vertex 18.000000 3.500000 2.000000
      vertex 18.000000 3.500000 22.000000
      vertex 17.512274 3.548037 22.000000
    endloop
  endfacet
  facet normal 0.098017 -0.995185 0.000000
    outer loop
      vertex 18.487726 3.548037 2.000000
      vertex 18.487726 3.548037 22.000000
      vertex 18.000000 3.500000 22.000000
    endloop
  endfacet
  facet normal 0.290285 -0.956940 0.000000
    outer loop
      vertex 18.956709 3.690301 2.000000
      vertex 18.956709 3.690301 22.000000
      vertex 18.487726 3.548037 22.000000
    endloop
  endfacet
  facet normal 0.471397 -0.881921 0.000000
    outer loop
      vertex 19.388926 3.921326 2.000000
      vertex 19.388926 3.921326 22.000000
      vertex 18.956709 3.690301 22.000000
    endloop
  endfacet
  facet normal 0.634393 -0.773010 0.000000
    outer loop
      vertex 19.767767 4.232233 2.000000
      vertex 19.767767 4.232233 22.000000
      vertex 19.388926 3.921326 22.000000
    endloop
  endfacet
  facet normal 0.773010 -0.634394 0.000000
    outer loop
      vertex 20.078674 4.611074 2.000000
      vertex 20.078674 4.611074 22.000000
      vertex 19.767767 4.232233 22.000000
    endloop
  endfacet
  facet normal 0.881921 -0.471398 0.000000
    outer loop
      vertex 20.309700 5.043292 2.000000
      vertex 20.309700 5.043292 22.000000
      vertex 20.078674 4.611074 22.000000
    endloop
  endfacet
  facet normal 0.956941 -0.290283 0.000000
    outer loop
      vertex 20.451963 5.512274 2.000000
      vertex 20.451963 5.512274 22.000000
      vertex 20.309700 5.043292 22.000000
    endloop
  endfacet
  facet normal -0.098017 0.995185 0.000000
    outer loop
      vertex 17.512274 8.451963 2.000000
      vertex 17.512274 8.451963 22.000000
      vertex 18.000000 8.500000 22.000000
    endloop
  endfacet
  facet normal 0.098017 0.995185 0.000000
    outer loop
      vertex 18.000000 8.500000 2.000000
      vertex 18.000000 8.500000 22.000000
      vertex 18.487726 8.451963 22.000000
    endloop
  endfacet
  facet normal 0.471397 0.881921 0.000000
    outer loop
      vertex 18.956709 8.309699 2.000000
      vertex 18.956709 8.309699 22.000000
      vertex 19.388926 8.078674 22.000000
    endloop
  endfacet
  facet normal 0.290285 0.956940 0.000000
    outer loop
      vertex 18.487726 8.451963 2.000000
      vertex 18.487726 8.451963 22.000000
      vertex 18.956709 8.309699 22.000000
    endloop
  endfacet
  facet normal 0.634394 0.773010 0.000000
    outer loop
      vertex 19.388926 8.078674 2.000000
      vertex 19.388926 8.078674 22.000000
      vertex 19.767767 7.767767 22.000000
    endloop
  endfacet
  facet normal 0.995185 -0.098017 0.000000
    outer loop
      vertex 20.500000 6.000000 2.000000
      vertex 20.500000 6.000000 22.000000
      vertex 20.451963 5.512274 22.000000
    endloop
  endfacet
  facet normal 0.995185 0.098017 0.000000
    outer loop
      vertex 20.451963 6.487726 2.000000
      vertex 20.451963 6.487726 22.000000
      vertex 20.500000 6.000000 22.000000
    endloop
  endfacet
  facet normal 0.956941 0.290283 0.000000
    outer loop
      vertex 20.309700 6.956708 2.000000
      vertex 20.309700 6.956708 22.000000
      vertex 20.451963 6.487726 22.000000
    endloop
  endfacet
  facet normal 0.881921 0.471398 0.000000
    outer loop
      vertex 20.078674 7.388926 2.000000
      vertex 20.078674 7.388926 22.000000
      vertex 20.309700 6.956708 22.000000
    endloop
  endfacet
  facet normal 0.773010 0.634394 0.000000
    outer loop
      vertex 19.767767 7.767767 2.000000
      vertex 19.767767 7.767767 22.000000
      vertex 20.078674 7.388926 22.000000
    endloop
  endfacet
  facet normal 0.000000 0.000000 1.000000
    outer loop
      vertex 15.921326 4.611074 22.000000
      vertex 15.921326 7.388926 22.000000
      vertex 15.690301 5.043292 22.000000
    endloop
  endfacet
  facet normal 0.000000 0.000000 1.000000
    outer loop
      vertex 16.232233 4.232233 22.000000
      vertex 16.232233 7.767767 22.000000
      vertex 15.921326 4.611074 22.000000
    endloop
  endfacet
  facet normal 0.000000 0.000000 1.000000
    outer loop
      vertex 16.611074 3.921326 22.000000
      vertex 17.043291 3.690301 22.000000
      vertex 17.043291 8.309699 22.000000
    endloop
  endfacet
  facet normal 0.000000 0.000000 1.000000
    outer loop
      vertex 16.232233 4.232233 22.000000
      vertex 16.611074 3.921326 22.000000
      vertex 16.611074 8.078674 22.000000
    endloop
  endfacet
  facet normal 0.000000 0.000000 1.000000
    outer loop
      vertex 17.043291 3.690301 22.000000
      vertex 17.512274 3.548037 22.000000
      vertex 17.512274 8.451963 22.000000
    endloop
  endfacet
  facet normal 0.000000 0.000000 1.000000
    outer loop
      vertex 15.548037 5.512274 22.000000
      vertex 15.548037 6.487726 22.000000
      vertex 15.500000 6.000000 22.000000
    endloop
  endfacet
  facet normal 0.000000 0.000000 1.000000
    outer loop
      vertex 15.690301 5.043292 22.000000
      vertex 15.690301 6.956708 22.000000
      vertex 15.548037 5.512274 22.000000
    endloop
  endfacet
  facet normal 0.000000 0.000000 1.000000
    outer loop
      vertex 15.548037 5.512274 22.000000
      vertex 15.690301 6.956708 22.000000
      vertex 15.548037 6.487726 22.000000
    endloop
  endfacet
  facet normal 0.000000 0.000000 1.000000
    outer loop
      vertex 15.690301 5.043292 22.000000
      vertex 15.921326 7.388926 22.000000
      vertex 15.690301 6.956708 22.000000
    endloop
  endfacet
  facet normal 0.000000 0.000000 1.000000
    outer loop
      vertex 15.921326 4.611074 22.000000
      vertex 16.232233 7.767767 22.000000
      vertex 15.921326 7.388926 22.000000
    endloop
  endfacet
  facet normal 0.000000 0.000000 1.000000
    outer loop
      vertex 16.232233 4.232233 22.000000
      vertex 16.611074 8.078674 22.000000
      vertex 16.232233 7.767767 22.000000
    endloop
  endfacet
  facet normal 0.000000 0.000000 1.000000
    outer loop
      vertex 16.611074 3.921326 22.000000
      vertex 17.043291 8.309699 22.000000
      vertex 16.611074 8.078674 22.000000
    endloop
  endfacet
  facet normal 0.000000 0.000000 1.000000
    outer loop
      vertex 17.043291 3.690301 22.000000
      vertex 17.512274 8.451963 22.000000
      vertex 17.043291 8.309699 22.000000
    endloop
  endfacet
  facet normal 0.000000 0.000000 1.000000
    outer loop
      vertex 17.512274 3.548037 22.000000
      vertex 18.000000 3.500000 22.000000
      vertex 18.000000 8.500000 22.000000
    endloop
  endfacet
  facet normal 0.000000 0.000000 1.000000
    outer loop
      vertex 18.000000 3.500000 22.000000
      vertex 18.487726 3.548037 22.000000
      vertex 18.487726 8.451963 22.000000
    endloop
  endfacet
  facet normal 0.000000 0.000000 1.000000
    outer loop
      vertex 18.487726 3.548037 22.000000
      vertex 18.956709 3.690301 22.000000
      vertex 18.956709 8.309699 22.000000
    endloop
  endfacet
  facet normal 0.000000 0.000000 1.000000
    outer loop
      vertex 18.956709 3.690301 22.000000
      vertex 19.388926 3.921326 22.000000
      vertex 19.388926 8.078674 22.000000
    endloop
  endfacet
  facet normal 0.000000 0.000000 1.000000
    outer loop
      vertex 19.388926 3.921326 22.000000
      vertex 19.767767 4.232233 22.000000
      vertex 19.767767 7.767767 22.000000
    endloop
  endfacet
  facet normal 0.000000 0.000000 1.000000
    outer loop
      vertex 19.767767 4.232233 22.000000
      vertex 20.078674 4.611074 22.000000
      vertex 20.078674 7.388926 22.000000
    endloop
  endfacet
  facet normal 0.000000 0.000000 1.000000
    outer loop
      vertex 20.078674 4.611074 22.000000
      vertex 20.309700 5.043292 22.000000
      vertex 20.309700 6.956708 22.000000
    endloop
  endfacet
  facet normal 0.000000 0.000000 1.000000
    outer loop
      vertex 20.309700 5.043292 22.000000
      vertex 20.451963 5.512274 22.000000
      vertex 20.451963 6.487726 22.000000
    endloop
  endfacet
  facet normal 0.000000 0.000000 1.000000
    outer loop
      vertex 17.512274 3.548037 22.000000
      vertex 18.000000 8.500000 22.000000
      vertex 17.512274 8.451963 22.000000
    endloop
  endfacet
  facet normal 0.000000 0.000000 1.000000
    outer loop
      vertex 18.000000 3.500000 22.000000
      vertex 18.487726 8.451963 22.000000
      vertex 18.000000 8.500000 22.000000
    endloop
  endfacet
  facet normal 0.000000 0.000000 1.000000
    outer loop
      vertex 18.487726 3.548037 22.000000
      vertex 18.956709 8.309699 22.000000
      vertex 18.487726 8.451963 22.000000
    endloop
  endfacet
  facet normal 0.000000 0.000000 1.000000
    outer loop
      vertex 18.956709 3.690301 22.000000
      vertex 19.388926 8.078674 22.000000
      vertex 18.956709 8.309699 22.000000
    endloop
  endfacet
  facet normal 0.000000 0.000000 1.000000
    outer loop
      vertex 19.388926 3.921326 22.000000
      vertex 19.767767 7.767767 22.000000
      vertex 19.388926 8.078674 22.000000
    endloop
  endfacet
  facet normal 0.000000 0.000000 1.000000
    outer loop
      vertex 19.767767 4.232233 22.000000
      vertex 20.078674 7.388926 22.000000
      vertex 19.767767 7.767767 22.000000
    endloop
  endfacet
  facet normal 0.000000 0.000000 1.000000
    outer loop
      vertex 20.078674 4.611074 22.000000
      vertex 20.309700 6.956708 22.000000
      vertex 20.078674 7.388926 22.000000
    endloop
  endfacet
  facet normal 0.000000 0.000000 1.000000
    outer loop
      vertex 20.451963 5.512274 22.000000
      vertex 20.500000 6.000000 22.000000
      vertex 20.451963 6.487726 22.000000
    endloop
  endfacet
  facet normal 0.000000 0.000000 1.000000
    outer loop
      vertex 20.309700 5.043292 22.000000
      vertex 20.451963 6.487726 22.000000
      vertex 20.309700 6.956708 22.000000
    endloop
  endfacet
  facet normal -0.773012 -0.634391 0.000000
    outer loop
      vertex 50.232231 4.232233 2.000000
      vertex 49.921326 4.611074 22.000000
      vertex 49.921326 4.611074 2.000000
    endloop
  endfacet
  facet normal -0.881921 -0.471398 0.000000
    outer loop
      vertex 49.921326 4.611074 2.000000
      vertex 49.690300 5.043292 22.000000
      vertex 49.690300 5.043292 2.000000
    endloop
  endfacet
  facet normal -0.956942 -0.290279 0.000000
    outer loop
      vertex 49.690300 5.043292 2.000000
      vertex 49.548038 5.512274 22.000000
      vertex 49.548038 5.512274 2.000000
    endloop
  endfacet
  facet normal -0.471394 -0.881923 0.000000
    outer loop
      vertex 50.611073 3.921326 2.000000
      vertex 51.043293 3.690301 2.000000
      vertex 50.611073 3.921326 22.000000
    endloop
  endfacet
  facet normal -0.634393 -0.773010 0.000000
    outer loop
      vertex 50.232231 4.232233 2.000000
      vertex 50.611073 3.921326 2.000000
      vertex 50.232231 4.232233 22.000000
    endloop
  endfacet
  facet normal -0.290285 -0.956940 0.000000
    outer loop
      vertex 51.043293 3.690301 2.000000
      vertex 51.512276 3.548037 2.000000
      vertex 51.043293 3.690301 22.000000
    endloop
  endfacet
  facet normal -0.098017 -0.995185 0.000000
    outer loop
      vertex 51.512276 3.548037 2.000000
      vertex 52.000000 3.500000 2.000000
      vertex 51.512276 3.548037 22.000000
    endloop
  endfacet
  facet normal 0.098017 -0.995185 0.000000
    outer loop
      vertex 52.000000 3.500000 2.000000
      vertex 52.487724 3.548037 2.000000
      vertex 52.000000 3.500000 22.000000
    endloop
  endfacet
  facet normal -0.995184 -0.098021 0.000000
    outer loop
      vertex 49.548038 5.512274 2.000000
      vertex 49.500000 6.000000 22.000000
      vertex 49.500000 6.000000 2.000000
    endloop
  endfacet
  facet normal -0.995184 0.098021 0.000000
    outer loop
      vertex 49.500000 6.000000 2.000000
      vertex 49.548038 6.487726 22.000000
      vertex 49.548038 6.487726 2.000000
    endloop
  endfacet
  facet normal -0.956942 0.290279 0.000000
    outer loop
      vertex 49.548038 6.487726 2.000000
      vertex 49.690300 6.956708 22.000000
      vertex 49.690300 6.956708 2.000000
    endloop
  endfacet
  facet normal -0.881921 0.471398 0.000000
    outer loop
      vertex 49.690300 6.956708 2.000000
      vertex 49.921326 7.388926 22.000000
      vertex 49.921326 7.388926 2.000000
    endloop
  endfacet
  facet normal -0.773012 0.634391 0.000000
    outer loop
      vertex 49.921326 7.388926 2.000000
      vertex 50.232231 7.767767 22.000000
      vertex 50.232231 7.767767 2.000000
    endloop
  endfacet
  facet normal -0.634394 0.773010 0.000000
    outer loop
      vertex 50.232231 7.767767 2.000000
      vertex 50.611073 8.078674 22.000000
      vertex 50.611073 8.078674 2.000000
    endloop
  endfacet
  facet normal -0.471394 0.881923 0.000000
    outer loop
      vertex 50.611073 8.078674 2.000000
      vertex 51.043293 8.309699 22.000000
      vertex 51.043293 8.309699 2.000000
    endloop
  endfacet
  facet normal -0.290285 0.956940 0.000000
    outer loop
      vertex 51.043293 8.309699 2.000000
      vertex 51.512276 8.451963 22.000000
      vertex 51.512276 8.451963 2.000000
    endloop
  endfacet
  facet normal -0.098017 0.995185 0.000000
    outer loop
      vertex 51.512276 8.451963 2.000000
      vertex 52.000000 8.500000 22.000000
      vertex 52.000000 8.500000 2.000000
    endloop
  endfacet
  facet normal 0.098017 0.995185 0.000000
    outer loop
      vertex 52.000000 8.500000 2.000000
      vertex 52.487724 8.451963 22.000000
      vertex 52.487724 8.451963 2.000000
    endloop
  endfacet
  facet normal -0.773012 -0.634391 0.000000
    outer loop
      vertex 50.232231 4.232233 2.000000
      vertex 50.232231 4.232233 22.000000
      vertex 49.921326 4.611074 22.000000
    endloop
  endfacet
  facet normal -0.881921 -0.471398 0.000000
    outer loop
      vertex 49.921326 4.611074 2.000000
      vertex 49.921326 4.611074 22.000000
      vertex 49.690300 5.043292 22.000000
    endloop
  endfacet
  facet normal -0.956942 -0.290279 0.000000
    outer loop
      vertex 49.690300 5.043292 2.000000
      vertex 49.690300 5.043292 22.000000
      vertex 49.548038 5.512274 22.000000
    endloop
  endfacet
  facet normal -0.995184 -0.098021 0.000000
    outer loop
      vertex 49.548038 5.512274 2.000000
      vertex 49.548038 5.512274 22.000000
      vertex 49.500000 6.000000 22.000000
    endloop
  endfacet
  facet normal -0.634393 -0.773010 0.000000
    outer loop
      vertex 50.611073 3.921326 2.000000
      vertex 50.611073 3.921326 22.000000
      vertex 50.232231 4.232233 22.000000
    endloop
  endfacet
  facet normal -0.471394 -0.881923 0.000000
    outer loop
      vertex 51.043293 3.690301 2.000000
      vertex 51.043293 3.690301 22.000000
      vertex 50.611073 3.921326 22.000000
    endloop
  endfacet
  facet normal -0.290285 -0.956940 0.000000
    outer loop
      vertex 51.512276 3.548037 2.000000
      vertex 51.512276 3.548037 22.000000
      vertex 51.043293 3.690301 22.000000
    endloop
  endfacet
  facet normal -0.098017 -0.995185 0.000000
    outer loop
      vertex 52.000000 3.500000 2.000000
      vertex 52.000000 3.500000 22.000000
      vertex 51.512276 3.548037 22.000000
    endloop
  endfacet
  facet normal 0.098017 -0.995185 0.000000
    outer loop
      vertex 52.487724 3.548037 2.000000
      vertex 52.487724 3.548037 22.000000
      vertex 52.000000 3.500000 22.000000
    endloop
  endfacet
  facet normal -0.995184 0.098021 0.000000
    outer loop
      vertex 49.500000 6.000000 2.000000
      vertex 49.500000 6.000000 22.000000
      vertex 49.548038 6.487726 22.000000
    endloop
  endfacet
  facet normal -0.956942 0.290279 0.000000
    outer loop
      vertex 49.548038 6.487726 2.000000
      vertex 49.548038 6.487726 22.000000
      vertex 49.690300 6.956708 22.000000
    endloop
  endfacet
  facet normal -0.881921 0.471398 0.000000
    outer loop
      vertex 49.690300 6.956708 2.000000
      vertex 49.690300 6.956708 22.000000
      vertex 49.921326 7.388926 22.000000
    endloop
  endfacet
  facet normal -0.773012 0.634391 0.000000
    outer loop
      vertex 49.921326 7.388926 2.000000
      vertex 49.921326 7.388926 22.000000
      vertex 50.232231 7.767767 22.000000
    endloop
  endfacet
  facet normal -0.634394 0.773010 0.000000
    outer loop
      vertex 50.232231 7.767767 2.000000
      vertex 50.232231 7.767767 22.000000
      vertex 50.611073 8.078674 22.000000
    endloop
  endfacet
  facet normal -0.471394 0.881923 0.000000
    outer loop
      vertex 50.611073 8.078674 2.000000
      vertex 50.611073 8.078674 22.000000
      vertex 51.043293 8.309699 22.000000
    endloop
  endfacet
  facet normal -0.290285 0.956940 0.000000
    outer loop
      vertex 51.043293 8.309699 2.000000
      vertex 51.043293 8.309699 22.000000
      vertex 51.512276 8.451963 22.000000
    endloop
  endfacet
  facet normal -0.098017 0.995185 0.000000
    outer loop
      vertex 51.512276 8.451963 2.000000
      vertex 51.512276 8.451963 22.000000
      vertex 52.000000 8.500000 22.000000
    endloop
  endfacet
  facet normal 0.098017 0.995185 0.000000
    outer loop
      vertex 52.000000 8.500000 2.000000
      vertex 52.000000 8.500000 22.000000
      vertex 52.487724 8.451963 22.000000
    endloop
  endfacet
  facet normal 0.290285 -0.956940 0.000000
    outer loop
      vertex 52.487724 3.548037 2.000000
      vertex 52.956707 3.690301 2.000000
      vertex 52.487724 3.548037 22.000000
    endloop
  endfacet
  facet normal 0.471394 -0.881923 0.000000
    outer loop
      vertex 52.956707 3.690301 2.000000
      vertex 53.388927 3.921326 2.000000
      vertex 52.956707 3.690301 22.000000
    endloop
  endfacet
  facet normal 0.634393 -0.773010 0.000000
    outer loop
      vertex 53.388927 3.921326 2.000000
      vertex 53.767769 4.232233 2.000000
      vertex 53.388927 3.921326 22.000000
    endloop
  endfacet
  facet normal 0.773012 -0.634391 0.000000
    outer loop
      vertex 53.767769 4.232233 2.000000
      vertex 54.078674 4.611074 2.000000
      vertex 53.767769 4.232233 22.000000
    endloop
  endfacet
  facet normal 0.881921 -0.471398 0.000000
    outer loop
      vertex 54.078674 4.611074 2.000000
      vertex 54.309700 5.043292 2.000000
      vertex 54.078674 4.611074 22.000000
    endloop
  endfacet
  facet normal 0.956942 -0.290279 0.000000
    outer loop
      vertex 54.309700 5.043292 2.000000
      vertex 54.451962 5.512274 2.000000
      vertex 54.309700 5.043292 22.000000
    endloop
  endfacet
  facet normal 0.995184 -0.098021 0.000000
    outer loop
      vertex 54.451962 5.512274 2.000000
      vertex 54.500000 6.000000 2.000000
      vertex 54.451962 5.512274 22.000000
    endloop
  endfacet
  facet normal 0.995184 0.098021 0.000000
    outer loop
      vertex 54.500000 6.000000 2.000000
      vertex 54.451962 6.487726 2.000000
      vertex 54.500000 6.000000 22.000000
    endloop
  endfacet
  facet normal 0.956942 0.290279 0.000000
    outer loop
      vertex 54.451962 6.487726 2.000000
      vertex 54.309700 6.956708 2.000000
      vertex 54.451962 6.487726 22.000000
    endloop
  endfacet
  facet normal 0.881921 0.471398 0.000000
    outer loop
      vertex 54.309700 6.956708 2.000000
      vertex 54.078674 7.388926 2.000000
      vertex 54.309700 6.956708 22.000000
    endloop
  endfacet
  facet normal 0.290285 0.956940 0.000000
    outer loop
      vertex 52.487724 8.451963 2.000000
      vertex 52.956707 8.309699 22.000000
      vertex 52.956707 8.309699 2.000000
    endloop
  endfacet
  facet normal 0.471394 0.881923 0.000000
    outer loop
      vertex 52.956707 8.309699 2.000000
      vertex 53.388927 8.078674 22.000000
      vertex 53.388927 8.078674 2.000000
    endloop
  endfacet
  facet normal 0.773012 0.634391 0.000000
    outer loop
      vertex 54.078674 7.388926 2.000000
      vertex 53.767769 7.767767 2.000000
      vertex 54.078674 7.388926 22.000000
    endloop
  endfacet
  facet normal 0.634394 0.773010 0.000000
    outer loop
      vertex 53.388927 8.078674 2.000000
      vertex 53.767769 7.767767 22.000000
      vertex 53.767769 7.767767 2.000000
    endloop
  endfacet
  facet normal 0.290285 -0.956940 0.000000
    outer loop
      vertex 52.956707 3.690301 2.000000
      vertex 52.956707 3.690301 22.000000
      vertex 52.487724 3.548037 22.000000
    endloop
  endfacet
  facet normal 0.471394 -0.881923 0.000000
    outer loop
      vertex 53.388927 3.921326 2.000000
      vertex 53.388927 3.921326 22.000000
      vertex 52.956707 3.690301 22.000000
    endloop
  endfacet
  facet normal 0.634393 -0.773010 0.000000
    outer loop
      vertex 53.767769 4.232233 2.000000
      vertex 53.767769 4.232233 22.000000
      vertex 53.388927 3.921326 22.000000
    endloop
  endfacet
  facet normal 0.773012 -0.634391 0.000000
    outer loop
      vertex 54.078674 4.611074 2.000000
      vertex 54.078674 4.611074 22.000000
      vertex 53.767769 4.232233 22.000000
    endloop
  endfacet
  facet normal 0.881921 -0.471398 0.000000
    outer loop
      vertex 54.309700 5.043292 2.000000
      vertex 54.309700 5.043292 22.000000
      vertex 54.078674 4.611074 22.000000
    endloop
  endfacet
  facet normal 0.956942 -0.290279 0.000000
    outer loop
      vertex 54.451962 5.512274 2.000000
      vertex 54.451962 5.512274 22.000000
      vertex 54.309700 5.043292 22.000000
    endloop
  endfacet
  facet normal 0.995184 -0.098021 0.000000
    outer loop
      vertex 54.500000 6.000000 2.000000
      vertex 54.500000 6.000000 22.000000
      vertex 54.451962 5.512274 22.000000
    endloop
  endfacet
  facet normal 0.995184 0.098021 0.000000
    outer loop
      vertex 54.451962 6.487726 2.000000
      vertex 54.451962 6.487726 22.000000
      vertex 54.500000 6.000000 22.000000
    endloop
  endfacet
  facet normal 0.956942 0.290279 0.000000
    outer loop
      vertex 54.309700 6.956708 2.000000
      vertex 54.309700 6.956708 22.000000
      vertex 54.451962 6.487726 22.000000
    endloop
  endfacet
  facet normal 0.290285 0.956940 0.000000
    outer loop
      vertex 52.487724 8.451963 2.000000
      vertex 52.487724 8.451963 22.000000
      vertex 52.956707 8.309699 22.000000
    endloop
  endfacet
  facet normal 0.471394 0.881923 0.000000
    outer loop
      vertex 52.956707 8.309699 2.000000
      vertex 52.956707 8.309699 22.000000
      vertex 53.388927 8.078674 22.000000
    endloop
  endfacet
  facet normal 0.634394 0.773010 0.000000
    outer loop
      vertex 53.388927 8.078674 2.000000
      vertex 53.388927 8.078674 22.000000
      vertex 53.767769 7.767767 22.000000
    endloop
  endfacet
  facet normal 0.773012 0.634391 0.000000
    outer loop
      vertex 53.767769 7.767767 2.000000
      vertex 53.767769 7.767767 22.000000
      vertex 54.078674 7.388926 22.000000
    endloop
  endfacet
  facet normal 0.881921 0.471398 0.000000
    outer loop
      vertex 54.078674 7.388926 2.000000
      vertex 54.078674 7.388926 22.000000
      vertex 54.309700 6.956708 22.000000
    endloop
  endfacet
  facet normal 0.000000 0.000000 1.000000
    outer loop
      vertex 49.921326 4.611074 22.000000
      vertex 49.921326 7.388926 22.000000
      vertex 49.690300 5.043292 22.000000
    endloop
  endfacet
  facet normal 0.000000 0.000000 1.000000
    outer loop
      vertex 50.232231 4.232233 22.000000
      vertex 50.232231 7.767767 22.000000
      vertex 49.921326 4.611074 22.000000
    endloop
  endfacet
  facet normal 0.000000 0.000000 1.000000
    outer loop
      vertex 50.232231 4.232233 22.000000
      vertex 50.611073 3.921326 22.000000
      vertex 50.611073 8.078674 22.000000
    endloop
  endfacet
  facet normal 0.000000 0.000000 1.000000
    outer loop
      vertex 50.611073 3.921326 22.000000
      vertex 51.043293 3.690301 22.000000
      vertex 51.043293 8.309699 22.000000
    endloop
  endfacet
  facet normal 0.000000 0.000000 1.000000
    outer loop
      vertex 51.043293 3.690301 22.000000
      vertex 51.512276 3.548037 22.000000
      vertex 51.512276 8.451963 22.000000
    endloop
  endfacet
  facet normal 0.000000 0.000000 1.000000
    outer loop
      vertex 51.512276 3.548037 22.000000
      vertex 52.000000 3.500000 22.000000
      vertex 52.000000 8.500000 22.000000
    endloop
  endfacet
  facet normal 0.000000 0.000000 1.000000
    outer loop
      vertex 52.000000 3.500000 22.000000
      vertex 52.487724 3.548037 22.000000
      vertex 52.487724 8.451963 22.000000
    endloop
  endfacet
  facet normal 0.000000 0.000000 1.000000
    outer loop
      vertex 49.690300 5.043292 22.000000
      vertex 49.690300 6.956708 22.000000
      vertex 49.548038 5.512274 22.000000
    endloop
  endfacet
  facet normal 0.000000 0.000000 1.000000
    outer loop
      vertex 49.548038 5.512274 22.000000
      vertex 49.548038 6.487726 22.000000
      vertex 49.500000 6.000000 22.000000
    endloop
  endfacet
  facet normal 0.000000 0.000000 1.000000
    outer loop
      vertex 49.548038 5.512274 22.000000
      vertex 49.690300 6.956708 22.000000
      vertex 49.548038 6.487726 22.000000
    endloop
  endfacet
  facet normal 0.000000 0.000000 1.000000
    outer loop
      vertex 49.690300 5.043292 22.000000
      vertex 49.921326 7.388926 22.000000
      vertex 49.690300 6.956708 22.000000
    endloop
  endfacet
  facet normal 0.000000 0.000000 1.000000
    outer loop
      vertex 49.921326 4.611074 22.000000
      vertex 50.232231 7.767767 22.000000
      vertex 49.921326 7.388926 22.000000
    endloop
  endfacet
  facet normal 0.000000 0.000000 1.000000
    outer loop
      vertex 50.232231 4.232233 22.000000
      vertex 50.611073 8.078674 22.000000
      vertex 50.232231 7.767767 22.000000
    endloop
  endfacet
  facet normal 0.000000 0.000000 1.000000
    outer loop
      vertex 50.611073 3.921326 22.000000
      vertex 51.043293 8.309699 22.000000
      vertex 50.611073 8.078674 22.000000
    endloop
  endfacet
  facet normal 0.000000 0.000000 1.000000
    outer loop
      vertex 51.043293 3.690301 22.000000
      vertex 51.512276 8.451963 22.000000
      vertex 51.043293 8.309699 22.000000
    endloop
  endfacet
  facet normal 0.000000 0.000000 1.000000
    outer loop
      vertex 51.512276 3.548037 22.000000
      vertex 52.000000 8.500000 22.000000
      vertex 51.512276 8.451963 22.000000
    endloop
  endfacet
  facet normal 0.000000 0.000000 1.000000
    outer loop
      vertex 52.000000 3.500000 22.000000
      vertex 52.487724 8.451963 22.000000
      vertex 52.000000 8.500000 22.000000
    endloop
  endfacet
  facet normal 0.000000 0.000000 1.000000
    outer loop
      vertex 52.487724 3.548037 22.000000
      vertex 52.956707 3.690301 22.000000
      vertex 52.956707 8.309699 22.000000
    endloop
  endfacet
  facet normal 0.000000 0.000000 1.000000
    outer loop
      vertex 52.956707 3.690301 22.000000
      vertex 53.388927 3.921326 22.000000
      vertex 53.388927 8.078674 22.000000
    endloop
  endfacet
  facet normal 0.000000 0.000000 1.000000
    outer loop
      vertex 53.388927 3.921326 22.000000
      vertex 53.767769 4.232233 22.000000
      vertex 53.767769 7.767767 22.000000
    endloop
  endfacet
  facet normal 0.000000 0.000000 1.000000
    outer loop
      vertex 53.767769 4.232233 22.000000
      vertex 54.078674 4.611074 22.000000
      vertex 54.078674 7.388926 22.000000
    endloop
  endfacet
  facet normal 0.000000 0.000000 1.000000
    outer loop
      vertex 54.078674 4.611074 22.000000
      vertex 54.309700 5.043292 22.000000
      vertex 54.309700 6.956708 22.000000
    endloop
  endfacet
  facet normal 0.000000 0.000000 1.000000
    outer loop
      vertex 54.309700 5.043292 22.000000
      vertex 54.451962 5.512274 22.000000
      vertex 54.451962 6.487726 22.000000
    endloop
  endfacet
  facet normal 0.000000 0.000000 1.000000
    outer loop
      vertex 52.487724 3.548037 22.000000
      vertex 52.956707 8.309699 22.000000
      vertex 52.487724 8.451963 22.000000
    endloop
  endfacet
  facet normal 0.000000 0.000000 1.000000
    outer loop
      vertex 52.956707 3.690301 22.000000
      vertex 53.388927 8.078674 22.000000
      vertex 52.956707 8.309699 22.000000
    endloop
  endfacet
  facet normal 0.000000 0.000000 1.000000
    outer loop
      vertex 53.388927 3.921326 22.000000
      vertex 53.767769 7.767767 22.000000
      vertex 53.388927 8.078674 22.000000
    endloop
  endfacet
  facet normal 0.000000 0.000000 1.000000
    outer loop
      vertex 53.767769 4.232233 22.000000
      vertex 54.078674 7.388926 22.000000
      vertex 53.767769 7.767767 22.000000
    endloop
  endfacet
  facet normal 0.000000 0.000000 1.000000
    outer loop
      vertex 54.451962 5.512274 22.000000
      vertex 54.500000 6.000000 22.000000
      vertex 54.451962 6.487726 22.000000
    endloop
  endfacet
  facet normal 0.000000 0.000000 1.000000
    outer loop
      vertex 54.309700 5.043292 22.000000
      vertex 54.451962 6.487726 22.000000
      vertex 54.309700 6.956708 22.000000
    endloop
  endfacet
  facet normal 0.000000 0.000000 1.000000
    outer loop
      vertex 54.078674 4.611074 22.000000
      vertex 54.309700 6.956708 22.000000
      vertex 54.078674 7.388926 22.000000
    endloop
  endfacet
  facet normal -0.634391 -0.773012 0.000000
    outer loop
      vertex 16.232233 38.232231 2.000000
      vertex 16.611074 37.921326 2.000000
      vertex 16.232233 38.232231 22.000000
    endloop
  endfacet
  facet normal -0.773010 -0.634394 0.000000
    outer loop
      vertex 16.232233 38.232231 2.000000
      vertex 15.921326 38.611073 22.000000
      vertex 15.921326 38.611073 2.000000
    endloop
  endfacet
  facet normal -0.471398 -0.881920 0.000000
    outer loop
      vertex 16.611074 37.921326 2.000000
      vertex 17.043291 37.690300 2.000000
      vertex 16.611074 37.921326 22.000000
    endloop
  endfacet
  facet normal -0.290279 -0.956942 0.000000
    outer loop
      vertex 17.043291 37.690300 2.000000
      vertex 17.512274 37.548038 2.000000
      vertex 17.043291 37.690300 22.000000
    endloop
  endfacet
  facet normal -0.881923 -0.471394 0.000000
    outer loop
      vertex 15.921326 38.611073 2.000000
      vertex 15.690301 39.043293 22.000000
      vertex 15.690301 39.043293 2.000000
    endloop
  endfacet
  facet normal -0.956940 -0.290285 0.000000
    outer loop
      vertex 15.690301 39.043293 2.000000
      vertex 15.548037 39.512276 22.000000
      vertex 15.548037 39.512276 2.000000
    endloop
  endfacet
  facet normal -0.995185 -0.098017 0.000000
    outer loop
      vertex 15.548037 39.512276 2.000000
      vertex 15.500000 40.000000 22.000000
      vertex 15.500000 40.000000 2.000000
    endloop
  endfacet
  facet normal -0.995185 0.098017 0.000000
    outer loop
      vertex 15.500000 40.000000 2.000000
      vertex 15.548037 40.487724 22.000000
      vertex 15.548037 40.487724 2.000000
    endloop
  endfacet
  facet normal -0.956940 0.290285 0.000000
    outer loop
      vertex 15.548037 40.487724 2.000000
      vertex 15.690301 40.956707 22.000000
      vertex 15.690301 40.956707 2.000000
    endloop
  endfacet
  facet normal -0.881923 0.471394 0.000000
    outer loop
      vertex 15.690301 40.956707 2.000000
      vertex 15.921326 41.388927 22.000000
      vertex 15.921326 41.388927 2.000000
    endloop
  endfacet
  facet normal -0.773010 0.634394 0.000000
    outer loop
      vertex 15.921326 41.388927 2.000000
      vertex 16.232233 41.767769 22.000000
      vertex 16.232233 41.767769 2.000000
    endloop
  endfacet
  facet normal -0.634391 0.773012 0.000000
    outer loop
      vertex 16.232233 41.767769 2.000000
      vertex 16.611074 42.078674 22.000000
      vertex 16.611074 42.078674 2.000000
    endloop
  endfacet
  facet normal -0.471398 0.881920 0.000000
    outer loop
      vertex 16.611074 42.078674 2.000000
      vertex 17.043291 42.309700 22.000000
      vertex 17.043291 42.309700 2.000000
    endloop
  endfacet
  facet normal -0.290279 0.956942 0.000000
    outer loop
      vertex 17.043291 42.309700 2.000000
      vertex 17.512274 42.451962 22.000000
      vertex 17.512274 42.451962 2.000000
    endloop
  endfacet
  facet normal -0.881923 -0.471394 0.000000
    outer loop
      vertex 15.921326 38.611073 2.000000
      vertex 15.921326 38.611073 22.000000
      vertex 15.690301 39.043293 22.000000
    endloop
  endfacet
  facet normal -0.773010 -0.634394 0.000000
    outer loop
      vertex 16.232233 38.232231 2.000000
      vertex 16.232233 38.232231 22.000000
      vertex 15.921326 38.611073 22.000000
    endloop
  endfacet
  facet normal -0.634391 -0.773012 0.000000
    outer loop
      vertex 16.611074 37.921326 2.000000
      vertex 16.611074 37.921326 22.000000
      vertex 16.232233 38.232231 22.000000
    endloop
  endfacet
  facet normal -0.471398 -0.881920 0.000000
    outer loop
      vertex 17.043291 37.690300 2.000000
      vertex 17.043291 37.690300 22.000000
      vertex 16.611074 37.921326 22.000000
    endloop
  endfacet
  facet normal -0.290279 -0.956942 0.000000
    outer loop
      vertex 17.512274 37.548038 2.000000
      vertex 17.512274 37.548038 22.000000
      vertex 17.043291 37.690300 22.000000
    endloop
  endfacet
  facet normal -0.956940 -0.290285 0.000000
    outer loop
      vertex 15.690301 39.043293 2.000000
      vertex 15.690301 39.043293 22.000000
      vertex 15.548037 39.512276 22.000000
    endloop
  endfacet
  facet normal -0.995185 -0.098017 0.000000
    outer loop
      vertex 15.548037 39.512276 2.000000
      vertex 15.548037 39.512276 22.000000
      vertex 15.500000 40.000000 22.000000
    endloop
  endfacet
  facet normal -0.995185 0.098017 0.000000
    outer loop
      vertex 15.500000 40.000000 2.000000
      vertex 15.500000 40.000000 22.000000
      vertex 15.548037 40.487724 22.000000
    endloop
  endfacet
  facet normal -0.956940 0.290285 0.000000
    outer loop
      vertex 15.548037 40.487724 2.000000
      vertex 15.548037 40.487724 22.000000
      vertex 15.690301 40.956707 22.000000
    endloop
  endfacet
  facet normal -0.881923 0.471394 0.000000
    outer loop
      vertex 15.690301 40.956707 2.000000
      vertex 15.690301 40.956707 22.000000
      vertex 15.921326 41.388927 22.000000
    endloop
  endfacet
  facet normal -0.773010 0.634394 0.000000
    outer loop
      vertex 15.921326 41.388927 2.000000
      vertex 15.921326 41.388927 22.000000
      vertex 16.232233 41.767769 22.000000
    endloop
  endfacet
  facet normal -0.634391 0.773012 0.000000
    outer loop
      vertex 16.232233 41.767769 2.000000
      vertex 16.232233 41.767769 22.000000
      vertex 16.611074 42.078674 22.000000
    endloop
  endfacet
  facet normal -0.471398 0.881920 0.000000
    outer loop
      vertex 16.611074 42.078674 2.000000
      vertex 16.611074 42.078674 22.000000
      vertex 17.043291 42.309700 22.000000
    endloop
  endfacet
  facet normal -0.290279 0.956942 0.000000
    outer loop
      vertex 17.043291 42.309700 2.000000
      vertex 17.043291 42.309700 22.000000
      vertex 17.512274 42.451962 22.000000
    endloop
  endfacet
  facet normal -0.098020 -0.995184 0.000000
    outer loop
      vertex 17.512274 37.548038 2.000000
      vertex 18.000000 37.500000 2.000000
      vertex 17.512274 37.548038 22.000000
    endloop
  endfacet
  facet normal 0.098020 -0.995184 0.000000
    outer loop
      vertex 18.000000 37.500000 2.000000
      vertex 18.487726 37.548038 2.000000
      vertex 18.000000 37.500000 22.000000
    endloop
  endfacet
  facet normal 0.290279 -0.956942 0.000000
    outer loop
      vertex 18.487726 37.548038 2.000000
      vertex 18.956709 37.690300 2.000000
      vertex 18.487726 37.548038 22.000000
    endloop
  endfacet
  facet normal 0.471398 -0.881920 0.000000
    outer loop
      vertex 18.956709 37.690300 2.000000
      vertex 19.388926 37.921326 2.000000
      vertex 18.956709 37.690300 22.000000
    endloop
  endfacet
  facet normal 0.634391 -0.773012 0.000000
    outer loop
      vertex 19.388926 37.921326 2.000000
      vertex 19.767767 38.232231 2.000000
      vertex 19.388926 37.921326 22.000000
    endloop
  endfacet
  facet normal 0.773010 -0.634394 0.000000
    outer loop
      vertex 19.767767 38.232231 2.000000
      vertex 20.078674 38.611073 2.000000
      vertex 19.767767 38.232231 22.000000
    endloop
  endfacet
  facet normal 0.881922 -0.471395 0.000000
    outer loop
      vertex 20.078674 38.611073 2.000000
      vertex 20.309700 39.043293 2.000000
      vertex 20.078674 38.611073 22.000000
    endloop
  endfacet
  facet normal 0.956941 -0.290283 0.000000
    outer loop
      vertex 20.309700 39.043293 2.000000
      vertex 20.451963 39.512276 2.000000
      vertex 20.309700 39.043293 22.000000
    endloop
  endfacet
  facet normal 0.995185 -0.098017 0.000000
    outer loop
      vertex 20.451963 39.512276 2.000000
      vertex 20.500000 40.000000 2.000000
      vertex 20.451963 39.512276 22.000000
    endloop
  endfacet
  facet normal 0.995185 0.098017 0.000000
    outer loop
      vertex 20.500000 40.000000 2.000000
      vertex 20.451963 40.487724 2.000000
      vertex 20.500000 40.000000 22.000000
    endloop
  endfacet
  facet normal -0.098020 0.995184 0.000000
    outer loop
      vertex 17.512274 42.451962 2.000000
      vertex 18.000000 42.500000 22.000000
      vertex 18.000000 42.500000 2.000000
    endloop
  endfacet
  facet normal 0.098020 0.995184 0.000000
    outer loop
      vertex 18.000000 42.500000 2.000000
      vertex 18.487726 42.451962 22.000000
      vertex 18.487726 42.451962 2.000000
    endloop
  endfacet
  facet normal 0.290279 0.956942 0.000000
    outer loop
      vertex 18.487726 42.451962 2.000000
      vertex 18.956709 42.309700 22.000000
      vertex 18.956709 42.309700 2.000000
    endloop
  endfacet
  facet normal 0.634391 0.773012 0.000000
    outer loop
      vertex 19.388926 42.078674 2.000000
      vertex 19.767767 41.767769 22.000000
      vertex 19.767767 41.767769 2.000000
    endloop
  endfacet
  facet normal 0.471398 0.881920 0.000000
    outer loop
      vertex 18.956709 42.309700 2.000000
      vertex 19.388926 42.078674 22.000000
      vertex 19.388926 42.078674 2.000000
    endloop
  endfacet
  facet normal 0.956941 0.290283 0.000000
    outer loop
      vertex 20.451963 40.487724 2.000000
      vertex 20.309700 40.956707 2.000000
      vertex 20.451963 40.487724 22.000000
    endloop
  endfacet
  facet normal 0.881922 0.471395 0.000000
    outer loop
      vertex 20.309700 40.956707 2.000000
      vertex 20.078674 41.388927 2.000000
      vertex 20.309700 40.956707 22.000000
    endloop
  endfacet
  facet normal 0.773010 0.634394 0.000000
    outer loop
      vertex 20.078674 41.388927 2.000000
      vertex 19.767767 41.767769 2.000000
      vertex 20.078674 41.388927 22.000000
    endloop
  endfacet
  facet normal -0.098020 -0.995184 0.000000
    outer loop
      vertex 18.000000 37.500000 2.000000
      vertex 18.000000 37.500000 22.000000
      vertex 17.512274 37.548038 22.000000
    endloop
  endfacet
  facet normal 0.098020 -0.995184 0.000000
    outer loop
      vertex 18.487726 37.548038 2.000000
      vertex 18.487726 37.548038 22.000000
      vertex 18.000000 37.500000 22.000000
    endloop
  endfacet
  facet normal 0.290279 -0.956942 0.000000
    outer loop
      vertex 18.956709 37.690300 2.000000
      vertex 18.956709 37.690300 22.000000
      vertex 18.487726 37.548038 22.000000
    endloop
  endfacet
  facet normal 0.471398 -0.881920 0.000000
    outer loop
      vertex 19.388926 37.921326 2.000000
      vertex 19.388926 37.921326 22.000000
      vertex 18.956709 37.690300 22.000000
    endloop
  endfacet
  facet normal 0.634391 -0.773012 0.000000
    outer loop
      vertex 19.767767 38.232231 2.000000
      vertex 19.767767 38.232231 22.000000
      vertex 19.388926 37.921326 22.000000
    endloop
  endfacet
  facet normal 0.773010 -0.634394 0.000000
    outer loop
      vertex 20.078674 38.611073 2.000000
      vertex 20.078674 38.611073 22.000000
      vertex 19.767767 38.232231 22.000000
    endloop
  endfacet
  facet normal 0.881922 -0.471395 0.000000
    outer loop
      vertex 20.309700 39.043293 2.000000
      vertex 20.309700 39.043293 22.000000
      vertex 20.078674 38.611073 22.000000
    endloop
  endfacet
  facet normal 0.956941 -0.290283 0.000000
    outer loop
      vertex 20.451963 39.512276 2.000000
      vertex 20.451963 39.512276 22.000000
      vertex 20.309700 39.043293 22.000000
    endloop
  endfacet
  facet normal 0.995185 -0.098017 0.000000
    outer loop
      vertex 20.500000 40.000000 2.000000
      vertex 20.500000 40.000000 22.000000
      vertex 20.451963 39.512276 22.000000
    endloop
  endfacet
  facet normal -0.098020 0.995184 0.000000
    outer loop
      vertex 17.512274 42.451962 2.000000
      vertex 17.512274 42.451962 22.000000
      vertex 18.000000 42.500000 22.000000
    endloop
  endfacet
  facet normal 0.098020 0.995184 0.000000
    outer loop
      vertex 18.000000 42.500000 2.000000
      vertex 18.000000 42.500000 22.000000
      vertex 18.487726 42.451962 22.000000
    endloop
  endfacet
  facet normal 0.290279 0.956942 0.000000
    outer loop
      vertex 18.487726 42.451962 2.000000
      vertex 18.487726 42.451962 22.000000
      vertex 18.956709 42.309700 22.000000
    endloop
  endfacet
  facet normal 0.471398 0.881920 0.000000
    outer loop
      vertex 18.956709 42.309700 2.000000
      vertex 18.956709 42.309700 22.000000
      vertex 19.388926 42.078674 22.000000
    endloop
  endfacet
  facet normal 0.634391 0.773012 0.000000
    outer loop
      vertex 19.388926 42.078674 2.000000
      vertex 19.388926 42.078674 22.000000
      vertex 19.767767 41.767769 22.000000
    endloop
  endfacet
  facet normal 0.995185 0.098017 0.000000
    outer loop
      vertex 20.451963 40.487724 2.000000
      vertex 20.451963 40.487724 22.000000
      vertex 20.500000 40.000000 22.000000
    endloop
  endfacet
  facet normal 0.956941 0.290283 0.000000
    outer loop
      vertex 20.309700 40.956707 2.000000
      vertex 20.309700 40.956707 22.000000
      vertex 20.451963 40.487724 22.000000
    endloop
  endfacet
  facet normal 0.881922 0.471395 0.000000
    outer loop
      vertex 20.078674 41.388927 2.000000
      vertex 20.078674 41.388927 22.000000
      vertex 20.309700 40.956707 22.000000
    endloop
  endfacet
  facet normal 0.773010 0.634394 0.000000
    outer loop
      vertex 19.767767 41.767769 2.000000
      vertex 19.767767 41.767769 22.000000
      vertex 20.078674 41.388927 22.000000
    endloop
  endfacet
  facet normal 0.000000 0.000000 1.000000
    outer loop
      vertex 15.921326 38.611073 22.000000
      vertex 15.921326 41.388927 22.000000
      vertex 15.690301 39.043293 22.000000
    endloop
  endfacet
  facet normal 0.000000 0.000000 1.000000
    outer loop
      vertex 15.690301 39.043293 22.000000
      vertex 15.690301 40.956707 22.000000
      vertex 15.548037 39.512276 22.000000
    endloop
  endfacet
  facet normal 0.000000 0.000000 1.000000
    outer loop
      vertex 15.548037 39.512276 22.000000
      vertex 15.548037 40.487724 22.000000
      vertex 15.500000 40.000000 22.000000
    endloop
  endfacet
  facet normal 0.000000 0.000000 1.000000
    outer loop
      vertex 16.232233 38.232231 22.000000
      vertex 16.232233 41.767769 22.000000
      vertex 15.921326 38.611073 22.000000
    endloop
  endfacet
  facet normal 0.000000 0.000000 1.000000
    outer loop
      vertex 16.232233 38.232231 22.000000
      vertex 16.611074 37.921326 22.000000
      vertex 16.611074 42.078674 22.000000
    endloop
  endfacet
  facet normal 0.000000 0.000000 1.000000
    outer loop
      vertex 16.611074 37.921326 22.000000
      vertex 17.043291 37.690300 22.000000
      vertex 17.043291 42.309700 22.000000
    endloop
  endfacet
  facet normal 0.000000 0.000000 1.000000
    outer loop
      vertex 17.043291 37.690300 22.000000
      vertex 17.512274 37.548038 22.000000
      vertex 17.512274 42.451962 22.000000
    endloop
  endfacet
  facet normal 0.000000 0.000000 1.000000
    outer loop
      vertex 15.548037 39.512276 22.000000
      vertex 15.690301 40.956707 22.000000
      vertex 15.548037 40.487724 22.000000
    endloop
  endfacet
  facet normal 0.000000 0.000000 1.000000
    outer loop
      vertex 15.690301 39.043293 22.000000
      vertex 15.921326 41.388927 22.000000
      vertex 15.690301 40.956707 22.000000
    endloop
  endfacet
  facet normal 0.000000 0.000000 1.000000
    outer loop
      vertex 15.921326 38.611073 22.000000
      vertex 16.232233 41.767769 22.000000
      vertex 15.921326 41.388927 22.000000
    endloop
  endfacet
  facet normal 0.000000 0.000000 1.000000
    outer loop
      vertex 16.232233 38.232231 22.000000
      vertex 16.611074 42.078674 22.000000
      vertex 16.232233 41.767769 22.000000
    endloop
  endfacet
  facet normal 0.000000 0.000000 1.000000
    outer loop
      vertex 16.611074 37.921326 22.000000
      vertex 17.043291 42.309700 22.000000
      vertex 16.611074 42.078674 22.000000
    endloop
  endfacet
  facet normal 0.000000 0.000000 1.000000
    outer loop
      vertex 17.043291 37.690300 22.000000
      vertex 17.512274 42.451962 22.000000
      vertex 17.043291 42.309700 22.000000
    endloop
  endfacet
  facet normal 0.000000 0.000000 1.000000
    outer loop
      vertex 17.512274 37.548038 22.000000
      vertex 18.000000 37.500000 22.000000
      vertex 18.000000 42.500000 22.000000
    endloop
  endfacet
  facet normal 0.000000 0.000000 1.000000
    outer loop
      vertex 18.000000 37.500000 22.000000
      vertex 18.487726 37.548038 22.000000
      vertex 18.487726 42.451962 22.000000
    endloop
  endfacet
  facet normal 0.000000 0.000000 1.000000
    outer loop
      vertex 18.487726 37.548038 22.000000
      vertex 18.956709 37.690300 22.000000
      vertex 18.956709 42.309700 22.000000
    endloop
  endfacet
  facet normal 0.000000 0.000000 1.000000
    outer loop
      vertex 18.956709 37.690300 22.000000
      vertex 19.388926 37.921326 22.000000
      vertex 19.388926 42.078674 22.000000
    endloop
  endfacet
  facet normal 0.000000 0.000000 1.000000
    outer loop
      vertex 19.388926 37.921326 22.000000
      vertex 19.767767 38.232231 22.000000
      vertex 19.767767 41.767769 22.000000
    endloop
  endfacet
  facet normal 0.000000 0.000000 1.000000
    outer loop
      vertex 19.767767 38.232231 22.000000
      vertex 20.078674 38.611073 22.000000
      vertex 20.078674 41.388927 22.000000
    endloop
  endfacet
  facet normal 0.000000 0.000000 1.000000
    outer loop
      vertex 20.078674 38.611073 22.000000
      vertex 20.309700 39.043293 22.000000
      vertex 20.309700 40.956707 22.000000
    endloop
  endfacet
  facet normal 0.000000 0.000000 1.000000
    outer loop
      vertex 20.309700 39.043293 22.000000
      vertex 20.451963 39.512276 22.000000
      vertex 20.451963 40.487724 22.000000
    endloop
  endfacet
  facet normal 0.000000 0.000000 1.000000
    outer loop
      vertex 20.451963 39.512276 22.000000
      vertex 20.500000 40.000000 22.000000
      vertex 20.451963 40.487724 22.000000
    endloop
  endfacet
  facet normal 0.000000 0.000000 1.000000
    outer loop
      vertex 20.309700 39.043293 22.000000
      vertex 20.451963 40.487724 22.000000
      vertex 20.309700 40.956707 22.000000
    endloop
  endfacet
  facet normal 0.000000 0.000000 1.000000
    outer loop
      vertex 17.512274 37.548038 22.000000
      vertex 18.000000 42.500000 22.000000
      vertex 17.512274 42.451962 22.000000
    endloop
  endfacet
  facet normal 0.000000 0.000000 1.000000
    outer loop
      vertex 18.000000 37.500000 22.000000
      vertex 18.487726 42.451962 22.000000
      vertex 18.000000 42.500000 22.000000
    endloop
  endfacet
  facet normal 0.000000 0.000000 1.000000
    outer loop
      vertex 18.487726 37.548038 22.000000
      vertex 18.956709 42.309700 22.000000
      vertex 18.487726 42.451962 22.000000
    endloop
  endfacet
  facet normal 0.000000 0.000000 1.000000
    outer loop
      vertex 18.956709 37.690300 22.000000
      vertex 19.388926 42.078674 22.000000
      vertex 18.956709 42.309700 22.000000
    endloop
  endfacet
  facet normal 0.000000 0.000000 1.000000
    outer loop
      vertex 19.388926 37.921326 22.000000
      vertex 19.767767 41.767769 22.000000
      vertex 19.388926 42.078674 22.000000
    endloop
  endfacet
  facet normal 0.000000 0.000000 1.000000
    outer loop
      vertex 19.767767 38.232231 22.000000
      vertex 20.078674 41.388927 22.000000
      vertex 19.767767 41.767769 22.000000
    endloop
  endfacet
  facet normal 0.000000 0.000000 1.000000
    outer loop
      vertex 20.078674 38.611073 22.000000
      vertex 20.309700 40.956707 22.000000
      vertex 20.078674 41.388927 22.000000
    endloop
  endfacet
  facet normal -0.773012 -0.634391 0.000000
    outer loop
      vertex 50.232231 38.232231 2.000000
      vertex 49.921326 38.611073 22.000000
      vertex 49.921326 38.611073 2.000000
    endloop
  endfacet
  facet normal -0.956942 -0.290279 0.000000
    outer loop
      vertex 49.690300 39.043293 2.000000
      vertex 49.548038 39.512276 22.000000
      vertex 49.548038 39.512276 2.000000
    endloop
  endfacet
  facet normal -0.881922 -0.471395 0.000000
    outer loop
      vertex 49.921326 38.611073 2.000000
      vertex 49.690300 39.043293 22.000000
      vertex 49.690300 39.043293 2.000000
    endloop
  endfacet
  facet normal -0.995184 -0.098021 0.000000
    outer loop
      vertex 49.548038 39.512276 2.000000
      vertex 49.500000 40.000000 22.000000
      vertex 49.500000 40.000000 2.000000
    endloop
  endfacet
  facet normal -0.471395 -0.881922 0.000000
    outer loop
      vertex 50.611073 37.921326 2.000000
      vertex 51.043293 37.690300 2.000000
      vertex 50.611073 37.921326 22.000000
    endloop
  endfacet
  facet normal -0.290279 -0.956942 0.000000
    outer loop
      vertex 51.043293 37.690300 2.000000
      vertex 51.512276 37.548038 2.000000
      vertex 51.043293 37.690300 22.000000
    endloop
  endfacet
  facet normal -0.634391 -0.773012 0.000000
    outer loop
      vertex 50.232231 38.232231 2.000000
      vertex 50.611073 37.921326 2.000000
      vertex 50.232231 38.232231 22.000000
    endloop
  endfacet
  facet normal -0.098021 -0.995184 0.000000
    outer loop
      vertex 51.512276 37.548038 2.000000
      vertex 52.000000 37.500000 2.000000
      vertex 51.512276 37.548038 22.000000
    endloop
  endfacet
  facet normal 0.098021 -0.995184 0.000000
    outer loop
      vertex 52.000000 37.500000 2.000000
      vertex 52.487724 37.548038 2.000000
      vertex 52.000000 37.500000 22.000000
    endloop
  endfacet
  facet normal -0.995184 0.098021 0.000000
    outer loop
      vertex 49.500000 40.000000 2.000000
      vertex 49.548038 40.487724 22.000000
      vertex 49.548038 40.487724 2.000000
    endloop
  endfacet
  facet normal -0.956942 0.290279 0.000000
    outer loop
      vertex 49.548038 40.487724 2.000000
      vertex 49.690300 40.956707 22.000000
      vertex 49.690300 40.956707 2.000000
    endloop
  endfacet
  facet normal -0.881922 0.471395 0.000000
    outer loop
      vertex 49.690300 40.956707 2.000000
      vertex 49.921326 41.388927 22.000000
      vertex 49.921326 41.388927 2.000000
    endloop
  endfacet
  facet normal -0.773012 0.634391 0.000000
    outer loop
      vertex 49.921326 41.388927 2.000000
      vertex 50.232231 41.767769 22.000000
      vertex 50.232231 41.767769 2.000000
    endloop
  endfacet
  facet normal -0.634391 0.773012 0.000000
    outer loop
      vertex 50.232231 41.767769 2.000000
      vertex 50.611073 42.078674 22.000000
      vertex 50.611073 42.078674 2.000000
    endloop
  endfacet
  facet normal -0.471395 0.881922 0.000000
    outer loop
      vertex 50.611073 42.078674 2.000000
      vertex 51.043293 42.309700 22.000000
      vertex 51.043293 42.309700 2.000000
    endloop
  endfacet
  facet normal -0.290279 0.956942 0.000000
    outer loop
      vertex 51.043293 42.309700 2.000000
      vertex 51.512276 42.451962 22.000000
      vertex 51.512276 42.451962 2.000000
    endloop
  endfacet
  facet normal -0.098021 0.995184 0.000000
    outer loop
      vertex 51.512276 42.451962 2.000000
      vertex 52.000000 42.500000 22.000000
      vertex 52.000000 42.500000 2.000000
    endloop
  endfacet
  facet normal 0.098021 0.995184 0.000000
    outer loop
      vertex 52.000000 42.500000 2.000000
      vertex 52.487724 42.451962 22.000000
      vertex 52.487724 42.451962 2.000000
    endloop
  endfacet
  facet normal -0.773012 -0.634391 0.000000
    outer loop
      vertex 50.232231 38.232231 2.000000
      vertex 50.232231 38.232231 22.000000
      vertex 49.921326 38.611073 22.000000
    endloop
  endfacet
  facet normal -0.881922 -0.471395 0.000000
    outer loop
      vertex 49.921326 38.611073 2.000000
      vertex 49.921326 38.611073 22.000000
      vertex 49.690300 39.043293 22.000000
    endloop
  endfacet
  facet normal -0.956942 -0.290279 0.000000
    outer loop
      vertex 49.690300 39.043293 2.000000
      vertex 49.690300 39.043293 22.000000
      vertex 49.548038 39.512276 22.000000
    endloop
  endfacet
  facet normal -0.995184 -0.098021 0.000000
    outer loop
      vertex 49.548038 39.512276 2.000000
      vertex 49.548038 39.512276 22.000000
      vertex 49.500000 40.000000 22.000000
    endloop
  endfacet
  facet normal -0.995184 0.098021 0.000000
    outer loop
      vertex 49.500000 40.000000 2.000000
      vertex 49.500000 40.000000 22.000000
      vertex 49.548038 40.487724 22.000000
    endloop
  endfacet
  facet normal -0.634391 -0.773012 0.000000
    outer loop
      vertex 50.611073 37.921326 2.000000
      vertex 50.611073 37.921326 22.000000
      vertex 50.232231 38.232231 22.000000
    endloop
  endfacet
  facet normal -0.290279 -0.956942 0.000000
    outer loop
      vertex 51.512276 37.548038 2.000000
      vertex 51.512276 37.548038 22.000000
      vertex 51.043293 37.690300 22.000000
    endloop
  endfacet
  facet normal -0.471395 -0.881922 0.000000
    outer loop
      vertex 51.043293 37.690300 2.000000
      vertex 51.043293 37.690300 22.000000
      vertex 50.611073 37.921326 22.000000
    endloop
  endfacet
  facet normal -0.098021 -0.995184 0.000000
    outer loop
      vertex 52.000000 37.500000 2.000000
      vertex 52.000000 37.500000 22.000000
      vertex 51.512276 37.548038 22.000000
    endloop
  endfacet
  facet normal 0.098021 -0.995184 0.000000
    outer loop
      vertex 52.487724 37.548038 2.000000
      vertex 52.487724 37.548038 22.000000
      vertex 52.000000 37.500000 22.000000
    endloop
  endfacet
  facet normal -0.956942 0.290279 0.000000
    outer loop
      vertex 49.548038 40.487724 2.000000
      vertex 49.548038 40.487724 22.000000
      vertex 49.690300 40.956707 22.000000
    endloop
  endfacet
  facet normal -0.881922 0.471395 0.000000
    outer loop
      vertex 49.690300 40.956707 2.000000
      vertex 49.690300 40.956707 22.000000
      vertex 49.921326 41.388927 22.000000
    endloop
  endfacet
  facet normal -0.773012 0.634391 0.000000
    outer loop
      vertex 49.921326 41.388927 2.000000
      vertex 49.921326 41.388927 22.000000
      vertex 50.232231 41.767769 22.000000
    endloop
  endfacet
  facet normal -0.634391 0.773012 0.000000
    outer loop
      vertex 50.232231 41.767769 2.000000
      vertex 50.232231 41.767769 22.000000
      vertex 50.611073 42.078674 22.000000
    endloop
  endfacet
  facet normal -0.471395 0.881922 0.000000
    outer loop
      vertex 50.611073 42.078674 2.000000
      vertex 50.611073 42.078674 22.000000
      vertex 51.043293 42.309700 22.000000
    endloop
  endfacet
  facet normal -0.290279 0.956942 0.000000
    outer loop
      vertex 51.043293 42.309700 2.000000
      vertex 51.043293 42.309700 22.000000
      vertex 51.512276 42.451962 22.000000
    endloop
  endfacet
  facet normal -0.098021 0.995184 0.000000
    outer loop
      vertex 51.512276 42.451962 2.000000
      vertex 51.512276 42.451962 22.000000
      vertex 52.000000 42.500000 22.000000
    endloop
  endfacet
  facet normal 0.098021 0.995184 0.000000
    outer loop
      vertex 52.000000 42.500000 2.000000
      vertex 52.000000 42.500000 22.000000
      vertex 52.487724 42.451962 22.000000
    endloop
  endfacet
  facet normal 0.290279 -0.956942 0.000000
    outer loop
      vertex 52.487724 37.548038 2.000000
      vertex 52.956707 37.690300 2.000000
      vertex 52.487724 37.548038 22.000000
    endloop
  endfacet
  facet normal 0.471395 -0.881922 0.000000
    outer loop
      vertex 52.956707 37.690300 2.000000
      vertex 53.388927 37.921326 2.000000
      vertex 52.956707 37.690300 22.000000
    endloop
  endfacet
  facet normal 0.634391 -0.773012 0.000000
    outer loop
      vertex 53.388927 37.921326 2.000000
      vertex 53.767769 38.232231 2.000000
      vertex 53.388927 37.921326 22.000000
    endloop
  endfacet
  facet normal 0.773012 -0.634391 0.000000
    outer loop
      vertex 53.767769 38.232231 2.000000
      vertex 54.078674 38.611073 2.000000
      vertex 53.767769 38.232231 22.000000
    endloop
  endfacet
  facet normal 0.881922 -0.471395 0.000000
    outer loop
      vertex 54.078674 38.611073 2.000000
      vertex 54.309700 39.043293 2.000000
      vertex 54.078674 38.611073 22.000000
    endloop
  endfacet
  facet normal 0.956942 -0.290279 0.000000
    outer loop
      vertex 54.309700 39.043293 2.000000
      vertex 54.451962 39.512276 2.000000
      vertex 54.309700 39.043293 22.000000
    endloop
  endfacet
  facet normal 0.995184 -0.098021 0.000000
    outer loop
      vertex 54.451962 39.512276 2.000000
      vertex 54.500000 40.000000 2.000000
      vertex 54.451962 39.512276 22.000000
    endloop
  endfacet
  facet normal 0.995184 0.098021 0.000000
    outer loop
      vertex 54.500000 40.000000 2.000000
      vertex 54.451962 40.487724 2.000000
      vertex 54.500000 40.000000 22.000000
    endloop
  endfacet
  facet normal 0.956942 0.290279 0.000000
    outer loop
      vertex 54.451962 40.487724 2.000000
      vertex 54.309700 40.956707 2.000000
      vertex 54.451962 40.487724 22.000000
    endloop
  endfacet
  facet normal 0.773012 0.634391 0.000000
    outer loop
      vertex 54.078674 41.388927 2.000000
      vertex 53.767769 41.767769 2.000000
      vertex 54.078674 41.388927 22.000000
    endloop
  endfacet
  facet normal 0.881922 0.471395 0.000000
    outer loop
      vertex 54.309700 40.956707 2.000000
      vertex 54.078674 41.388927 2.000000
      vertex 54.309700 40.956707 22.000000
    endloop
  endfacet
  facet normal 0.290279 0.956942 0.000000
    outer loop
      vertex 52.487724 42.451962 2.000000
      vertex 52.956707 42.309700 22.000000
      vertex 52.956707 42.309700 2.000000
    endloop
  endfacet
  facet normal 0.471395 0.881922 0.000000
    outer loop
      vertex 52.956707 42.309700 2.000000
      vertex 53.388927 42.078674 22.000000
      vertex 53.388927 42.078674 2.000000
    endloop
  endfacet
  facet normal 0.634391 0.773012 0.000000
    outer loop
      vertex 53.388927 42.078674 2.000000
      vertex 53.767769 41.767769 22.000000
      vertex 53.767769 41.767769 2.000000
    endloop
  endfacet
  facet normal 0.290279 -0.956942 0.000000
    outer loop
      vertex 52.956707 37.690300 2.000000
      vertex 52.956707 37.690300 22.000000
      vertex 52.487724 37.548038 22.000000
    endloop
  endfacet
  facet normal 0.471395 -0.881922 0.000000
    outer loop
      vertex 53.388927 37.921326 2.000000
      vertex 53.388927 37.921326 22.000000
      vertex 52.956707 37.690300 22.000000
    endloop
  endfacet
  facet normal 0.634391 -0.773012 0.000000
    outer loop
      vertex 53.767769 38.232231 2.000000
      vertex 53.767769 38.232231 22.000000
      vertex 53.388927 37.921326 22.000000
    endloop
  endfacet
  facet normal 0.773012 -0.634391 0.000000
    outer loop
      vertex 54.078674 38.611073 2.000000
      vertex 54.078674 38.611073 22.000000
      vertex 53.767769 38.232231 22.000000
    endloop
  endfacet
  facet normal 0.881922 -0.471395 0.000000
    outer loop
      vertex 54.309700 39.043293 2.000000
      vertex 54.309700 39.043293 22.000000
      vertex 54.078674 38.611073 22.000000
    endloop
  endfacet
  facet normal 0.956942 -0.290279 0.000000
    outer loop
      vertex 54.451962 39.512276 2.000000
      vertex 54.451962 39.512276 22.000000
      vertex 54.309700 39.043293 22.000000
    endloop
  endfacet
  facet normal 0.995184 -0.098021 0.000000
    outer loop
      vertex 54.500000 40.000000 2.000000
      vertex 54.500000 40.000000 22.000000
      vertex 54.451962 39.512276 22.000000
    endloop
  endfacet
  facet normal 0.995184 0.098021 0.000000
    outer loop
      vertex 54.451962 40.487724 2.000000
      vertex 54.451962 40.487724 22.000000
      vertex 54.500000 40.000000 22.000000
    endloop
  endfacet
  facet normal 0.956942 0.290279 0.000000
    outer loop
      vertex 54.309700 40.956707 2.000000
      vertex 54.309700 40.956707 22.000000
      vertex 54.451962 40.487724 22.000000
    endloop
  endfacet
  facet normal 0.773012 0.634391 0.000000
    outer loop
      vertex 53.767769 41.767769 2.000000
      vertex 53.767769 41.767769 22.000000
      vertex 54.078674 41.388927 22.000000
    endloop
  endfacet
  facet normal 0.881922 0.471395 0.000000
    outer loop
      vertex 54.078674 41.388927 2.000000
      vertex 54.078674 41.388927 22.000000
      vertex 54.309700 40.956707 22.000000
    endloop
  endfacet
  facet normal 0.290279 0.956942 0.000000
    outer loop
      vertex 52.487724 42.451962 2.000000
      vertex 52.487724 42.451962 22.000000
      vertex 52.956707 42.309700 22.000000
    endloop
  endfacet
  facet normal 0.634391 0.773012 0.000000
    outer loop
      vertex 53.388927 42.078674 2.000000
      vertex 53.388927 42.078674 22.000000
      vertex 53.767769 41.767769 22.000000
    endloop
  endfacet
  facet normal 0.471395 0.881922 0.000000
    outer loop
      vertex 52.956707 42.309700 2.000000
      vertex 52.956707 42.309700 22.000000
      vertex 53.388927 42.078674 22.000000
    endloop
  endfacet
  facet normal 0.000000 0.000000 1.000000
    outer loop
      vertex 49.690300 39.043293 22.000000
      vertex 49.690300 40.956707 22.000000
      vertex 49.548038 39.512276 22.000000
    endloop
  endfacet
  facet normal 0.000000 0.000000 1.000000
    outer loop
      vertex 49.548038 39.512276 22.000000
      vertex 49.548038 40.487724 22.000000
      vertex 49.500000 40.000000 22.000000
    endloop
  endfacet
  facet normal 0.000000 0.000000 1.000000
    outer loop
      vertex 49.921326 38.611073 22.000000
      vertex 49.921326 41.388927 22.000000
      vertex 49.690300 39.043293 22.000000
    endloop
  endfacet
  facet normal 0.000000 0.000000 1.000000
    outer loop
      vertex 50.232231 38.232231 22.000000
      vertex 50.232231 41.767769 22.000000
      vertex 49.921326 38.611073 22.000000
    endloop
  endfacet
  facet normal 0.000000 0.000000 1.000000
    outer loop
      vertex 50.232231 38.232231 22.000000
      vertex 50.611073 37.921326 22.000000
      vertex 50.611073 42.078674 22.000000
    endloop
  endfacet
  facet normal 0.000000 0.000000 1.000000
    outer loop
      vertex 50.611073 37.921326 22.000000
      vertex 51.043293 37.690300 22.000000
      vertex 51.043293 42.309700 22.000000
    endloop
  endfacet
  facet normal 0.000000 0.000000 1.000000
    outer loop
      vertex 51.043293 37.690300 22.000000
      vertex 51.512276 37.548038 22.000000
      vertex 51.512276 42.451962 22.000000
    endloop
  endfacet
  facet normal 0.000000 0.000000 1.000000
    outer loop
      vertex 51.512276 37.548038 22.000000
      vertex 52.000000 37.500000 22.000000
      vertex 52.000000 42.500000 22.000000
    endloop
  endfacet
  facet normal 0.000000 0.000000 1.000000
    outer loop
      vertex 52.000000 37.500000 22.000000
      vertex 52.487724 37.548038 22.000000
      vertex 52.487724 42.451962 22.000000
    endloop
  endfacet
  facet normal 0.000000 0.000000 1.000000
    outer loop
      vertex 49.548038 39.512276 22.000000
      vertex 49.690300 40.956707 22.000000
      vertex 49.548038 40.487724 22.000000
    endloop
  endfacet
  facet normal 0.000000 0.000000 1.000000
    outer loop
      vertex 49.690300 39.043293 22.000000
      vertex 49.921326 41.388927 22.000000
      vertex 49.690300 40.956707 22.000000
    endloop
  endfacet
  facet normal 0.000000 0.000000 1.000000
    outer loop
      vertex 49.921326 38.611073 22.000000
      vertex 50.232231 41.767769 22.000000
      vertex 49.921326 41.388927 22.000000
    endloop
  endfacet
  facet normal 0.000000 0.000000 1.000000
    outer loop
      vertex 50.232231 38.232231 22.000000
      vertex 50.611073 42.078674 22.000000
      vertex 50.232231 41.767769 22.000000
    endloop
  endfacet
  facet normal 0.000000 0.000000 1.000000
    outer loop
      vertex 50.611073 37.921326 22.000000
      vertex 51.043293 42.309700 22.000000
      vertex 50.611073 42.078674 22.000000
    endloop
  endfacet
  facet normal 0.000000 0.000000 1.000000
    outer loop
      vertex 51.043293 37.690300 22.000000
      vertex 51.512276 42.451962 22.000000
      vertex 51.043293 42.309700 22.000000
    endloop
  endfacet
  facet normal 0.000000 0.000000 1.000000
    outer loop
      vertex 51.512276 37.548038 22.000000
      vertex 52.000000 42.500000 22.000000
      vertex 51.512276 42.451962 22.000000
    endloop
  endfacet
  facet normal 0.000000 0.000000 1.000000
    outer loop
      vertex 52.000000 37.500000 22.000000
      vertex 52.487724 42.451962 22.000000
      vertex 52.000000 42.500000 22.000000
    endloop
  endfacet
  facet normal 0.000000 0.000000 1.000000
    outer loop
      vertex 52.487724 37.548038 22.000000
      vertex 52.956707 37.690300 22.000000
      vertex 52.956707 42.309700 22.000000
    endloop
  endfacet
  facet normal 0.000000 0.000000 1.000000
    outer loop
      vertex 52.956707 37.690300 22.000000
      vertex 53.388927 37.921326 22.000000
      vertex 53.388927 42.078674 22.000000
    endloop
  endfacet
  facet normal 0.000000 0.000000 1.000000
    outer loop
      vertex 53.388927 37.921326 22.000000
      vertex 53.767769 38.232231 22.000000
      vertex 53.767769 41.767769 22.000000
    endloop
  endfacet
  facet normal 0.000000 0.000000 1.000000
    outer loop
      vertex 53.767769 38.232231 22.000000
      vertex 54.078674 38.611073 22.000000
      vertex 54.078674 41.388927 22.000000
    endloop
  endfacet
  facet normal 0.000000 0.000000 1.000000
    outer loop
      vertex 54.078674 38.611073 22.000000
      vertex 54.309700 39.043293 22.000000
      vertex 54.309700 40.956707 22.000000
    endloop
  endfacet
  facet normal 0.000000 0.000000 1.000000
    outer loop
      vertex 54.309700 39.043293 22.000000
      vertex 54.451962 39.512276 22.000000
      vertex 54.451962 40.487724 22.000000
    endloop
  endfacet
  facet normal 0.000000 0.000000 1.000000
    outer loop
      vertex 54.309700 39.043293 22.000000
      vertex 54.451962 40.487724 22.000000
      vertex 54.309700 40.956707 22.000000
    endloop
  endfacet
  facet normal 0.000000 0.000000 1.000000
    outer loop
      vertex 54.451962 39.512276 22.000000
      vertex 54.500000 40.000000 22.000000
      vertex 54.451962 40.487724 22.000000
    endloop
  endfacet
  facet normal 0.000000 0.000000 1.000000
    outer loop
      vertex 52.487724 37.548038 22.000000
      vertex 52.956707 42.309700 22.000000
      vertex 52.487724 42.451962 22.000000
    endloop
  endfacet
  facet normal 0.000000 0.000000 1.000000
    outer loop
      vertex 53.388927 37.921326 22.000000
      vertex 53.767769 41.767769 22.000000
      vertex 53.388927 42.078674 22.000000
    endloop
  endfacet
  facet normal 0.000000 0.000000 1.000000
    outer loop
      vertex 52.956707 37.690300 22.000000
      vertex 53.388927 42.078674 22.000000
      vertex 52.956707 42.309700 22.000000
    endloop
  endfacet
  facet normal 0.000000 0.000000 1.000000
    outer loop
      vertex 53.767769 38.232231 22.000000
      vertex 54.078674 41.388927 22.000000
      vertex 53.767769 41.767769 22.000000
    endloop
  endfacet
  facet normal 0.000000 0.000000 1.000000
    outer loop
      vertex 54.078674 38.611073 22.000000
      vertex 54.309700 40.956707 22.000000
      vertex 54.078674 41.388927 22.000000
    endloop
  endfacet
  facet normal 0.000000 -1.000000 0.000000
    outer loop
      vertex 58.000000 5.500000 0.000000
      vertex 64.000000 5.500000 0.000000
      vertex 58.000000 5.500000 3.000000
    endloop
  endfacet
  facet normal 0.000000 0.000000 1.000000
    outer loop
      vertex 58.000000 6.400000 3.000000
      vertex 64.000000 8.400000 3.000000
      vertex 58.000000 8.400000 3.000000
    endloop
  endfacet
  facet normal 0.000000 0.000000 -1.000000
    outer loop
      vertex 58.000000 5.500000 0.000000
      vertex 62.527756 10.650000 0.000000
      vertex 62.797920 10.297918 0.000000
    endloop
  endfacet
  facet normal 0.000000 0.000000 -1.000000
    outer loop
      vertex 58.000000 5.500000 0.000000
      vertex 62.357925 11.060008 0.000000
      vertex 62.527756 10.650000 0.000000
    endloop
  endfacet
  facet normal 0.000000 0.000000 -1.000000
    outer loop
      vertex 58.000000 5.500000 0.000000
      vertex 62.299999 11.500000 0.000000
      vertex 62.357925 11.060008 0.000000
    endloop
  endfacet
  facet normal 0.000000 0.000000 -1.000000
    outer loop
      vertex 58.000000 5.500000 0.000000
      vertex 62.357925 11.939992 0.000000
      vertex 62.299999 11.500000 0.000000
    endloop
  endfacet
  facet normal 0.000000 0.000000 1.000000
    outer loop
      vertex 58.000000 5.500000 3.000000
      vertex 64.000000 6.400000 3.000000
      vertex 58.000000 14.600000 3.000000
    endloop
  endfacet
  facet normal 0.000000 -1.000000 0.000000
    outer loop
      vertex 58.000000 5.500000 3.000000
      vertex 64.000000 5.500000 0.000000
      vertex 64.000000 5.500000 3.000000
    endloop
  endfacet
  facet normal 0.000000 0.000000 -1.000000
    outer loop
      vertex 58.000000 5.500000 0.000000
      vertex 63.560009 9.857926 0.000000
      vertex 64.000000 5.500000 0.000000
    endloop
  endfacet
  facet normal 0.000000 0.000000 -1.000000
    outer loop
      vertex 58.000000 5.500000 0.000000
      vertex 62.797920 10.297918 0.000000
      vertex 63.150002 10.027757 0.000000
    endloop
  endfacet
  facet normal 0.000000 0.000000 -1.000000
    outer loop
      vertex 58.000000 5.500000 0.000000
      vertex 63.150002 10.027757 0.000000
      vertex 63.560009 9.857926 0.000000
    endloop
  endfacet
  facet normal 0.000000 0.000000 -1.000000
    outer loop
      vertex 64.000000 5.500000 0.000000
      vertex 63.560009 9.857926 0.000000
      vertex 64.000000 9.800000 0.000000
    endloop
  endfacet
  facet normal 0.000000 0.000000 1.000000
    outer loop
      vertex 58.000000 5.500000 3.000000
      vertex 64.000000 5.500000 3.000000
      vertex 64.000000 6.400000 3.000000
    endloop
  endfacet
  facet normal 0.000000 0.000000 1.000000
    outer loop
      vertex 58.000000 6.400000 3.000000
      vertex 64.000000 6.400000 3.000000
      vertex 64.000000 8.400000 3.000000
    endloop
  endfacet
  facet normal 0.000000 0.000000 1.000000
    outer loop
      vertex 64.000000 6.400000 3.000000
      vertex 63.150002 10.027757 3.000000
      vertex 62.797920 10.297918 3.000000
    endloop
  endfacet
  facet normal 0.000000 0.000000 1.000000
    outer loop
      vertex 64.000000 6.400000 3.000000
      vertex 62.797920 10.297918 3.000000
      vertex 62.527756 10.650000 3.000000
    endloop
  endfacet
  facet normal 0.000000 0.000000 1.000000
    outer loop
      vertex 64.000000 6.400000 3.000000
      vertex 62.527756 10.650000 3.000000
      vertex 62.357925 11.060008 3.000000
    endloop
  endfacet
  facet normal 0.000000 0.000000 1.000000
    outer loop
      vertex 64.000000 6.400000 3.000000
      vertex 62.357925 11.060008 3.000000
      vertex 58.000000 14.600000 3.000000
    endloop
  endfacet
  facet normal 0.000000 0.000000 1.000000
    outer loop
      vertex 64.000000 6.400000 3.000000
      vertex 63.560009 9.857926 3.000000
      vertex 63.150002 10.027757 3.000000
    endloop
  endfacet
  facet normal 0.000000 0.000000 1.000000
    outer loop
      vertex 64.000000 6.400000 3.000000
      vertex 64.000000 9.800000 3.000000
      vertex 63.560009 9.857926 3.000000
    endloop
  endfacet
  facet normal 0.000000 0.000000 -1.000000
    outer loop
      vertex 58.000000 5.500000 0.000000
      vertex 58.000000 17.500000 0.000000
      vertex 64.000000 17.500000 0.000000
    endloop
  endfacet
  facet normal 0.000000 0.000000 1.000000
    outer loop
      vertex 58.000000 14.600000 3.000000
      vertex 62.357925 11.060008 3.000000
      vertex 62.299999 11.500000 3.000000
    endloop
  endfacet
  facet normal 0.000000 0.000000 1.000000
    outer loop
      vertex 58.000000 14.600000 3.000000
      vertex 62.299999 11.500000 3.000000
      vertex 62.357925 11.939992 3.000000
    endloop
  endfacet
  facet normal 0.000000 0.000000 1.000000
    outer loop
      vertex 58.000000 14.600000 3.000000
      vertex 62.357925 11.939992 3.000000
      vertex 62.527756 12.350000 3.000000
    endloop
  endfacet
  facet normal 0.000000 0.000000 1.000000
    outer loop
      vertex 58.000000 14.600000 3.000000
      vertex 62.527756 12.350000 3.000000
      vertex 62.797920 12.702082 3.000000
    endloop
  endfacet
  facet normal 0.000000 0.000000 1.000000
    outer loop
      vertex 58.000000 14.600000 3.000000
      vertex 64.000000 16.600000 3.000000
      vertex 58.000000 16.600000 3.000000
    endloop
  endfacet
  facet normal 0.000000 0.000000 1.000000
    outer loop
      vertex 58.000000 14.600000 3.000000
      vertex 64.000000 17.500000 3.000000
      vertex 58.000000 17.500000 3.000000
    endloop
  endfacet
  facet normal 0.000000 1.000000 0.000000
    outer loop
      vertex 58.000000 17.500000 0.000000
      vertex 58.000000 17.500000 3.000000
      vertex 64.000000 17.500000 3.000000
    endloop
  endfacet
  facet normal 0.000000 0.000000 -1.000000
    outer loop
      vertex 58.000000 5.500000 0.000000
      vertex 64.000000 17.500000 0.000000
      vertex 62.357925 11.939992 0.000000
    endloop
  endfacet
  facet normal 0.000000 0.000000 -1.000000
    outer loop
      vertex 64.000000 17.500000 0.000000
      vertex 62.527756 12.350000 0.000000
      vertex 62.357925 11.939992 0.000000
    endloop
  endfacet
  facet normal 0.000000 0.000000 -1.000000
    outer loop
      vertex 64.000000 17.500000 0.000000
      vertex 62.797920 12.702082 0.000000
      vertex 62.527756 12.350000 0.000000
    endloop
  endfacet
  facet normal 0.000000 0.000000 1.000000
    outer loop
      vertex 58.000000 14.600000 3.000000
      vertex 62.797920 12.702082 3.000000
      vertex 63.150002 12.972243 3.000000
    endloop
  endfacet
  facet normal 0.000000 0.000000 1.000000
    outer loop
      vertex 58.000000 14.600000 3.000000
      vertex 63.150002 12.972243 3.000000
      vertex 63.560009 13.142074 3.000000
    endloop
  endfacet
  facet normal 0.000000 0.000000 1.000000
    outer loop
      vertex 64.000000 16.600000 3.000000
      vertex 63.560009 13.142074 3.000000
      vertex 64.000000 13.200000 3.000000
    endloop
  endfacet
  facet normal 0.000000 0.000000 -1.000000
    outer loop
      vertex 64.000000 17.500000 0.000000
      vertex 63.150002 12.972243 0.000000
      vertex 62.797920 12.702082 0.000000
    endloop
  endfacet
  facet normal 0.000000 0.000000 -1.000000
    outer loop
      vertex 64.000000 17.500000 0.000000
      vertex 63.560009 13.142074 0.000000
      vertex 63.150002 12.972243 0.000000
    endloop
  endfacet
  facet normal 0.000000 0.000000 -1.000000
    outer loop
      vertex 64.000000 17.500000 0.000000
      vertex 64.000000 13.200000 0.000000
      vertex 63.560009 13.142074 0.000000
    endloop
  endfacet
  facet normal 0.000000 0.000000 1.000000
    outer loop
      vertex 58.000000 14.600000 3.000000
      vertex 63.560009 13.142074 3.000000
      vertex 64.000000 16.600000 3.000000
    endloop
  endfacet
  facet normal 0.000000 0.000000 1.000000
    outer loop
      vertex 58.000000 14.600000 3.000000
      vertex 64.000000 14.600000 3.000000
      vertex 64.000000 17.500000 3.000000
    endloop
  endfacet
  facet normal 0.000000 1.000000 0.000000
    outer loop
      vertex 58.000000 17.500000 0.000000
      vertex 64.000000 17.500000 3.000000
      vertex 64.000000 17.500000 0.000000
    endloop
  endfacet
  facet normal 0.098017 -0.995185 0.000000
    outer loop
      vertex 64.000000 5.500000 0.000000
      vertex 65.170547 5.615288 0.000000
      vertex 64.000000 5.500000 3.000000
    endloop
  endfacet
  facet normal 0.290287 -0.956940 0.000000
    outer loop
      vertex 65.170547 5.615288 0.000000
      vertex 66.296097 5.956723 0.000000
      vertex 65.170547 5.615288 3.000000
    endloop
  endfacet
  facet normal 0.098017 -0.995185 0.000000
    outer loop
      vertex 65.170547 5.615288 0.000000
      vertex 65.170547 5.615288 3.000000
      vertex 64.000000 5.500000 3.000000
    endloop
  endfacet
  facet normal 0.000000 0.000000 -1.000000
    outer loop
      vertex 64.000000 5.500000 0.000000
      vertex 64.439987 9.857926 0.000000
      vertex 65.170547 5.615288 0.000000
    endloop
  endfacet
  facet normal 0.000000 0.000000 -1.000000
    outer loop
      vertex 64.000000 5.500000 0.000000
      vertex 64.000000 9.800000 0.000000
      vertex 64.439987 9.857926 0.000000
    endloop
  endfacet
  facet normal 0.000000 0.000000 -1.000000
    outer loop
      vertex 65.170547 5.615288 0.000000
      vertex 64.439987 9.857926 0.000000
      vertex 64.849998 10.027757 0.000000
    endloop
  endfacet
  facet normal 0.000000 0.000000 1.000000
    outer loop
      vertex 64.000000 5.500000 3.000000
      vertex 65.170547 5.615288 3.000000
      vertex 64.000000 6.400000 3.000000
    endloop
  endfacet
  facet normal 0.000000 0.000000 1.000000
    outer loop
      vertex 65.170547 5.615288 3.000000
      vertex 64.000000 8.400000 3.000000
      vertex 64.000000 6.400000 3.000000
    endloop
  endfacet
  facet normal 0.000000 0.000000 1.000000
    outer loop
      vertex 65.170547 5.615288 3.000000
      vertex 66.296097 5.956723 3.000000
      vertex 64.000000 8.400000 3.000000
    endloop
  endfacet
  facet normal 0.000000 0.000000 1.000000
    outer loop
      vertex 64.000000 8.400000 3.000000
      vertex 66.296097 5.956723 3.000000
      vertex 66.400002 6.400000 3.000000
    endloop
  endfacet
  facet normal 0.000000 0.000000 1.000000
    outer loop
      vertex 64.000000 6.400000 3.000000
      vertex 66.400002 6.400000 3.000000
      vertex 65.202080 10.297918 3.000000
    endloop
  endfacet
  facet normal 0.000000 0.000000 1.000000
    outer loop
      vertex 64.000000 8.400000 3.000000
      vertex 66.400002 6.400000 3.000000
      vertex 66.400002 8.400000 3.000000
    endloop
  endfacet
  facet normal 0.000000 0.000000 -1.000000
    outer loop
      vertex 65.170547 5.615288 0.000000
      vertex 64.849998 10.027757 0.000000
      vertex 65.202080 10.297918 0.000000
    endloop
  endfacet
  facet normal 0.000000 0.000000 -1.000000
    outer loop
      vertex 65.170547 5.615288 0.000000
      vertex 65.202080 10.297918 0.000000
      vertex 65.472244 10.650000 0.000000
    endloop
  endfacet
  facet normal 0.000000 0.000000 -1.000000
    outer loop
      vertex 65.170547 5.615288 0.000000
      vertex 65.472244 10.650000 0.000000
      vertex 65.642075 11.060008 0.000000
    endloop
  endfacet
  facet normal 0.000000 0.000000 -1.000000
    outer loop
      vertex 65.170547 5.615288 0.000000
      vertex 65.642075 11.060008 0.000000
      vertex 65.699997 11.500000 0.000000
    endloop
  endfacet
  facet normal 0.000000 0.000000 1.000000
    outer loop
      vertex 64.000000 6.400000 3.000000
      vertex 64.439987 9.857926 3.000000
      vertex 64.000000 9.800000 3.000000
    endloop
  endfacet
  facet normal 0.000000 0.000000 1.000000
    outer loop
      vertex 64.000000 6.400000 3.000000
      vertex 64.849998 10.027757 3.000000
      vertex 64.439987 9.857926 3.000000
    endloop
  endfacet
  facet normal 0.000000 0.000000 1.000000
    outer loop
      vertex 64.000000 6.400000 3.000000
      vertex 65.202080 10.297918 3.000000
      vertex 64.849998 10.027757 3.000000
    endloop
  endfacet
  facet normal 0.471396 -0.881922 0.000000
    outer loop
      vertex 66.296097 5.956723 0.000000
      vertex 67.333420 6.511182 0.000000
      vertex 66.296097 5.956723 3.000000
    endloop
  endfacet
  facet normal 0.634391 -0.773012 0.000000
    outer loop
      vertex 67.333420 6.511182 0.000000
      vertex 68.242645 7.257360 0.000000
      vertex 67.333420 6.511182 3.000000
    endloop
  endfacet
  facet normal 0.290287 -0.956940 0.000000
    outer loop
      vertex 65.170547 5.615288 3.000000
      vertex 66.296097 5.956723 0.000000
      vertex 66.296097 5.956723 3.000000
    endloop
  endfacet
  facet normal 0.471396 -0.881922 0.000000
    outer loop
      vertex 67.333420 6.511182 0.000000
      vertex 67.333420 6.511182 3.000000
      vertex 66.296097 5.956723 3.000000
    endloop
  endfacet
  facet normal 0.634391 -0.773012 0.000000
    outer loop
      vertex 68.242645 7.257360 0.000000
      vertex 68.242645 7.257360 3.000000
      vertex 67.333420 6.511182 3.000000
    endloop
  endfacet
  facet normal 0.773013 -0.634390 0.000000
    outer loop
      vertex 68.242645 7.257360 0.000000
      vertex 68.988815 8.166578 0.000000
      vertex 68.242645 7.257360 3.000000
    endloop
  endfacet
  facet normal 0.881922 -0.471396 0.000000
    outer loop
      vertex 68.988815 8.166578 0.000000
      vertex 69.543274 9.203899 0.000000
      vertex 68.988815 8.166578 3.000000
    endloop
  endfacet
  facet normal 0.773013 -0.634390 0.000000
    outer loop
      vertex 68.988815 8.166578 0.000000
      vertex 68.988815 8.166578 3.000000
      vertex 68.242645 7.257360 3.000000
    endloop
  endfacet
  facet normal 0.000000 0.000000 1.000000
    outer loop
      vertex 66.296097 5.956723 3.000000
      vertex 67.333420 6.511182 3.000000
      vertex 66.400002 6.400000 3.000000
    endloop
  endfacet
  facet normal 0.000000 0.000000 -1.000000
    outer loop
      vertex 65.170547 5.615288 0.000000
      vertex 66.296097 17.043278 0.000000
      vertex 66.296097 5.956723 0.000000
    endloop
  endfacet
  facet normal 0.000000 0.000000 -1.000000
    outer loop
      vertex 66.296097 5.956723 0.000000
      vertex 67.333420 16.488817 0.000000
      vertex 67.333420 6.511182 0.000000
    endloop
  endfacet
  facet normal 0.000000 0.000000 -1.000000
    outer loop
      vertex 65.170547 5.615288 0.000000
      vertex 65.699997 11.500000 0.000000
      vertex 66.296097 17.043278 0.000000
    endloop
  endfacet
  facet normal 0.000000 0.000000 -1.000000
    outer loop
      vertex 67.333420 6.511182 0.000000
      vertex 68.242645 15.742640 0.000000
      vertex 68.242645 7.257360 0.000000
    endloop
  endfacet
  facet normal 0.956939 -0.290288 0.000000
    outer loop
      vertex 69.543274 9.203899 0.000000
      vertex 69.884712 10.329458 0.000000
      vertex 69.543274 9.203899 3.000000
    endloop
  endfacet
  facet normal 0.881922 -0.471396 0.000000
    outer loop
      vertex 68.988815 8.166578 3.000000
      vertex 69.543274 9.203899 0.000000
      vertex 69.543274 9.203899 3.000000
    endloop
  endfacet
  facet normal 0.956939 -0.290288 0.000000
    outer loop
      vertex 69.884712 10.329458 0.000000
      vertex 69.884712 10.329458 3.000000
      vertex 69.543274 9.203899 3.000000
    endloop
  endfacet
  facet normal 0.000000 0.000000 -1.000000
    outer loop
      vertex 68.242645 7.257360 0.000000
      vertex 68.988815 14.833422 0.000000
      vertex 68.988815 8.166578 0.000000
    endloop
  endfacet
  facet normal 0.000000 0.000000 -1.000000
    outer loop
      vertex 68.988815 8.166578 0.000000
      vertex 69.543274 13.796101 0.000000
      vertex 69.543274 9.203899 0.000000
    endloop
  endfacet
  facet normal 0.000000 0.000000 -1.000000
    outer loop
      vertex 69.543274 9.203899 0.000000
      vertex 69.884712 12.670542 0.000000
      vertex 69.884712 10.329458 0.000000
    endloop
  endfacet
  facet normal 0.995185 -0.098017 0.000000
    outer loop
      vertex 69.884712 10.329458 0.000000
      vertex 70.000000 11.500000 0.000000
      vertex 69.884712 10.329458 3.000000
    endloop
  endfacet
  facet normal 0.995185 -0.098017 0.000000
    outer loop
      vertex 69.884712 10.329458 3.000000
      vertex 70.000000 11.500000 0.000000
      vertex 70.000000 11.500000 3.000000
    endloop
  endfacet
  facet normal 0.000000 0.000000 1.000000
    outer loop
      vertex 66.400002 6.400000 3.000000
      vertex 65.472244 10.650000 3.000000
      vertex 65.202080 10.297918 3.000000
    endloop
  endfacet
  facet normal 0.000000 0.000000 1.000000
    outer loop
      vertex 66.400002 6.400000 3.000000
      vertex 65.642075 11.060008 3.000000
      vertex 65.472244 10.650000 3.000000
    endloop
  endfacet
  facet normal 0.000000 0.000000 1.000000
    outer loop
      vertex 66.400002 6.400000 3.000000
      vertex 65.699997 11.500000 3.000000
      vertex 65.642075 11.060008 3.000000
    endloop
  endfacet
  facet normal 0.000000 0.000000 1.000000
    outer loop
      vertex 66.400002 6.400000 3.000000
      vertex 67.333420 6.511182 3.000000
      vertex 67.333420 16.488817 3.000000
    endloop
  endfacet
  facet normal 0.000000 0.000000 1.000000
    outer loop
      vertex 66.400002 6.400000 3.000000
      vertex 67.333420 16.488817 3.000000
      vertex 65.699997 11.500000 3.000000
    endloop
  endfacet
  facet normal 0.000000 0.000000 1.000000
    outer loop
      vertex 67.333420 6.511182 3.000000
      vertex 68.242645 7.257360 3.000000
      vertex 68.242645 15.742640 3.000000
    endloop
  endfacet
  facet normal 0.000000 0.000000 1.000000
    outer loop
      vertex 68.242645 7.257360 3.000000
      vertex 68.988815 8.166578 3.000000
      vertex 68.988815 14.833422 3.000000
    endloop
  endfacet
  facet normal 0.000000 0.000000 1.000000
    outer loop
      vertex 68.988815 8.166578 3.000000
      vertex 69.543274 9.203899 3.000000
      vertex 69.543274 13.796101 3.000000
    endloop
  endfacet
  facet normal 0.000000 0.000000 1.000000
    outer loop
      vertex 69.543274 9.203899 3.000000
      vertex 69.884712 10.329458 3.000000
      vertex 69.884712 12.670542 3.000000
    endloop
  endfacet
  facet normal 0.000000 0.000000 -1.000000
    outer loop
      vertex 66.296097 17.043278 0.000000
      vertex 65.202080 12.702082 0.000000
      vertex 64.849998 12.972243 0.000000
    endloop
  endfacet
  facet normal 0.000000 0.000000 1.000000
    outer loop
      vertex 64.000000 16.600000 3.000000
      vertex 64.000000 13.200000 3.000000
      vertex 64.439987 13.142074 3.000000
    endloop
  endfacet
  facet normal 0.000000 0.000000 1.000000
    outer loop
      vertex 66.400002 16.600000 3.000000
      vertex 64.439987 13.142074 3.000000
      vertex 64.849998 12.972243 3.000000
    endloop
  endfacet
  facet normal 0.000000 0.000000 1.000000
    outer loop
      vertex 66.400002 16.600000 3.000000
      vertex 64.849998 12.972243 3.000000
      vertex 65.202080 12.702082 3.000000
    endloop
  endfacet
  facet normal 0.000000 0.000000 -1.000000
    outer loop
      vertex 65.170547 17.384712 0.000000
      vertex 64.439987 13.142074 0.000000
      vertex 64.000000 13.200000 0.000000
    endloop
  endfacet
  facet normal 0.000000 0.000000 -1.000000
    outer loop
      vertex 65.170547 17.384712 0.000000
      vertex 64.849998 12.972243 0.000000
      vertex 64.439987 13.142074 0.000000
    endloop
  endfacet
  facet normal 0.000000 0.000000 -1.000000
    outer loop
      vertex 66.296097 17.043278 0.000000
      vertex 64.849998 12.972243 0.000000
      vertex 65.170547 17.384712 0.000000
    endloop
  endfacet
  facet normal 0.000000 0.000000 -1.000000
    outer loop
      vertex 64.000000 17.500000 0.000000
      vertex 65.170547 17.384712 0.000000
      vertex 64.000000 13.200000 0.000000
    endloop
  endfacet
  facet normal 0.000000 0.000000 1.000000
    outer loop
      vertex 64.000000 16.600000 3.000000
      vertex 64.439987 13.142074 3.000000
      vertex 66.400002 16.600000 3.000000
    endloop
  endfacet
  facet normal 0.000000 0.000000 1.000000
    outer loop
      vertex 64.000000 14.600000 3.000000
      vertex 66.400002 14.600000 3.000000
      vertex 66.400002 16.600000 3.000000
    endloop
  endfacet
  facet normal 0.000000 0.000000 1.000000
    outer loop
      vertex 64.000000 14.600000 3.000000
      vertex 65.170547 17.384712 3.000000
      vertex 64.000000 17.500000 3.000000
    endloop
  endfacet
  facet normal 0.000000 0.000000 1.000000
    outer loop
      vertex 64.000000 14.600000 3.000000
      vertex 66.400002 16.600000 3.000000
      vertex 66.296097 17.043278 3.000000
    endloop
  endfacet
  facet normal 0.000000 0.000000 1.000000
    outer loop
      vertex 64.000000 14.600000 3.000000
      vertex 66.296097 17.043278 3.000000
      vertex 65.170547 17.384712 3.000000
    endloop
  endfacet
  facet normal 0.000000 0.000000 -1.000000
    outer loop
      vertex 67.333420 6.511182 0.000000
      vertex 67.333420 16.488817 0.000000
      vertex 68.242645 15.742640 0.000000
    endloop
  endfacet
  facet normal 0.000000 0.000000 -1.000000
    outer loop
      vertex 66.296097 17.043278 0.000000
      vertex 65.699997 11.500000 0.000000
      vertex 65.642075 11.939992 0.000000
    endloop
  endfacet
  facet normal 0.000000 0.000000 -1.000000
    outer loop
      vertex 66.296097 5.956723 0.000000
      vertex 66.296097 17.043278 0.000000
      vertex 67.333420 16.488817 0.000000
    endloop
  endfacet
  facet normal 0.000000 0.000000 -1.000000
    outer loop
      vertex 66.296097 17.043278 0.000000
      vertex 65.642075 11.939992 0.000000
      vertex 65.472244 12.350000 0.000000
    endloop
  endfacet
  facet normal 0.000000 0.000000 -1.000000
    outer loop
      vertex 66.296097 17.043278 0.000000
      vertex 65.472244 12.350000 0.000000
      vertex 65.202080 12.702082 0.000000
    endloop
  endfacet
  facet normal 0.000000 0.000000 -1.000000
    outer loop
      vertex 68.242645 7.257360 0.000000
      vertex 68.242645 15.742640 0.000000
      vertex 68.988815 14.833422 0.000000
    endloop
  endfacet
  facet normal 0.000000 0.000000 -1.000000
    outer loop
      vertex 69.884712 10.329458 0.000000
      vertex 69.884712 12.670542 0.000000
      vertex 70.000000 11.500000 0.000000
    endloop
  endfacet
  facet normal 0.000000 0.000000 -1.000000
    outer loop
      vertex 69.543274 9.203899 0.000000
      vertex 69.543274 13.796101 0.000000
      vertex 69.884712 12.670542 0.000000
    endloop
  endfacet
  facet normal 0.995185 0.098017 0.000000
    outer loop
      vertex 70.000000 11.500000 0.000000
      vertex 69.884712 12.670542 0.000000
      vertex 70.000000 11.500000 3.000000
    endloop
  endfacet
  facet normal 0.000000 0.000000 -1.000000
    outer loop
      vertex 68.988815 8.166578 0.000000
      vertex 68.988815 14.833422 0.000000
      vertex 69.543274 13.796101 0.000000
    endloop
  endfacet
  facet normal 0.995185 0.098017 0.000000
    outer loop
      vertex 69.884712 12.670542 0.000000
      vertex 69.884712 12.670542 3.000000
      vertex 70.000000 11.500000 3.000000
    endloop
  endfacet
  facet normal 0.956939 0.290288 0.000000
    outer loop
      vertex 69.884712 12.670542 0.000000
      vertex 69.543274 13.796101 0.000000
      vertex 69.884712 12.670542 3.000000
    endloop
  endfacet
  facet normal 0.881922 0.471396 0.000000
    outer loop
      vertex 69.543274 13.796101 0.000000
      vertex 68.988815 14.833422 0.000000
      vertex 69.543274 13.796101 3.000000
    endloop
  endfacet
  facet normal 0.956939 0.290288 0.000000
    outer loop
      vertex 69.543274 13.796101 0.000000
      vertex 69.543274 13.796101 3.000000
      vertex 69.884712 12.670542 3.000000
    endloop
  endfacet
  facet normal 0.000000 0.000000 1.000000
    outer loop
      vertex 67.333420 6.511182 3.000000
      vertex 68.242645 15.742640 3.000000
      vertex 67.333420 16.488817 3.000000
    endloop
  endfacet
  facet normal 0.000000 0.000000 1.000000
    outer loop
      vertex 67.333420 16.488817 3.000000
      vertex 65.472244 12.350000 3.000000
      vertex 65.642075 11.939992 3.000000
    endloop
  endfacet
  facet normal 0.000000 0.000000 1.000000
    outer loop
      vertex 67.333420 16.488817 3.000000
      vertex 65.642075 11.939992 3.000000
      vertex 65.699997 11.500000 3.000000
    endloop
  endfacet
  facet normal 0.000000 0.000000 1.000000
    outer loop
      vertex 66.400002 16.600000 3.000000
      vertex 65.202080 12.702082 3.000000
      vertex 65.472244 12.350000 3.000000
    endloop
  endfacet
  facet normal 0.000000 0.000000 1.000000
    outer loop
      vertex 68.242645 7.257360 3.000000
      vertex 68.988815 14.833422 3.000000
      vertex 68.242645 15.742640 3.000000
    endloop
  endfacet
  facet normal 0.000000 0.000000 1.000000
    outer loop
      vertex 69.884712 10.329458 3.000000
      vertex 70.000000 11.500000 3.000000
      vertex 69.884712 12.670542 3.000000
    endloop
  endfacet
  facet normal 0.000000 0.000000 1.000000
    outer loop
      vertex 69.543274 9.203899 3.000000
      vertex 69.884712 12.670542 3.000000
      vertex 69.543274 13.796101 3.000000
    endloop
  endfacet
  facet normal 0.000000 0.000000 1.000000
    outer loop
      vertex 68.988815 8.166578 3.000000
      vertex 69.543274 13.796101 3.000000
      vertex 68.988815 14.833422 3.000000
    endloop
  endfacet
  facet normal 0.290287 0.956940 0.000000
    outer loop
      vertex 66.296097 17.043278 0.000000
      vertex 65.170547 17.384712 0.000000
      vertex 66.296097 17.043278 3.000000
    endloop
  endfacet
  facet normal 0.471397 0.881921 0.000000
    outer loop
      vertex 66.296097 17.043278 0.000000
      vertex 67.333420 16.488817 3.000000
      vertex 67.333420 16.488817 0.000000
    endloop
  endfacet
  facet normal 0.471397 0.881921 0.000000
    outer loop
      vertex 66.296097 17.043278 0.000000
      vertex 66.296097 17.043278 3.000000
      vertex 67.333420 16.488817 3.000000
    endloop
  endfacet
  facet normal 0.634391 0.773013 0.000000
    outer loop
      vertex 67.333420 16.488817 0.000000
      vertex 67.333420 16.488817 3.000000
      vertex 68.242645 15.742640 3.000000
    endloop
  endfacet
  facet normal 0.773013 0.634390 0.000000
    outer loop
      vertex 68.242645 15.742640 0.000000
      vertex 68.988815 14.833422 3.000000
      vertex 68.988815 14.833422 0.000000
    endloop
  endfacet
  facet normal 0.773013 0.634390 0.000000
    outer loop
      vertex 68.242645 15.742640 0.000000
      vertex 68.242645 15.742640 3.000000
      vertex 68.988815 14.833422 3.000000
    endloop
  endfacet
  facet normal 0.881922 0.471396 0.000000
    outer loop
      vertex 69.543274 13.796101 3.000000
      vertex 68.988815 14.833422 0.000000
      vertex 68.988815 14.833422 3.000000
    endloop
  endfacet
  facet normal 0.634391 0.773013 0.000000
    outer loop
      vertex 67.333420 16.488817 0.000000
      vertex 68.242645 15.742640 3.000000
      vertex 68.242645 15.742640 0.000000
    endloop
  endfacet
  facet normal 0.000000 0.000000 1.000000
    outer loop
      vertex 66.400002 16.600000 3.000000
      vertex 65.472244 12.350000 3.000000
      vertex 67.333420 16.488817 3.000000
    endloop
  endfacet
  facet normal 0.000000 0.000000 1.000000
    outer loop
      vertex 66.400002 16.600000 3.000000
      vertex 67.333420 16.488817 3.000000
      vertex 66.296097 17.043278 3.000000
    endloop
  endfacet
  facet normal 0.098016 0.995185 0.000000
    outer loop
      vertex 64.000000 17.500000 0.000000
      vertex 65.170547 17.384712 3.000000
      vertex 65.170547 17.384712 0.000000
    endloop
  endfacet
  facet normal 0.098016 0.995185 0.000000
    outer loop
      vertex 64.000000 17.500000 0.000000
      vertex 64.000000 17.500000 3.000000
      vertex 65.170547 17.384712 3.000000
    endloop
  endfacet
  facet normal 0.290287 0.956940 0.000000
    outer loop
      vertex 66.296097 17.043278 3.000000
      vertex 65.170547 17.384712 0.000000
      vertex 65.170547 17.384712 3.000000
    endloop
  endfacet
  facet normal 0.000000 1.000000 0.000000
    outer loop
      vertex 58.000000 14.600000 3.000000
      vertex 58.000000 14.600000 9.000000
      vertex 64.000000 14.600000 3.000000
    endloop
  endfacet
  facet normal -0.581238 0.000000 -0.813734
    outer loop
      vertex 58.000000 14.600000 9.000000
      vertex 58.000000 16.600000 9.000000
      vertex 66.400002 14.600000 3.000000
    endloop
  endfacet
  facet normal 0.000000 -1.000000 0.000000
    outer loop
      vertex 58.000000 16.600000 3.000000
      vertex 64.000000 16.600000 3.000000
      vertex 58.000000 16.600000 9.000000
    endloop
  endfacet
  facet normal 0.000000 1.000000 0.000000
    outer loop
      vertex 58.000000 14.600000 9.000000
      vertex 66.400002 14.600000 3.000000
      vertex 64.000000 14.600000 3.000000
    endloop
  endfacet
  facet normal 0.000000 -1.000000 0.000000
    outer loop
      vertex 58.000000 16.600000 9.000000
      vertex 64.000000 16.600000 3.000000
      vertex 66.400002 16.600000 3.000000
    endloop
  endfacet
  facet normal -0.581238 0.000000 -0.813734
    outer loop
      vertex 58.000000 16.600000 9.000000
      vertex 66.400002 16.600000 3.000000
      vertex 66.400002 14.600000 3.000000
    endloop
  endfacet
  facet normal 0.000000 1.000000 0.000000
    outer loop
      vertex 58.000000 6.400000 3.000000
      vertex 58.000000 6.400000 9.000000
      vertex 64.000000 6.400000 3.000000
    endloop
  endfacet
  facet normal -0.581238 0.000000 -0.813734
    outer loop
      vertex 58.000000 6.400000 9.000000
      vertex 58.000000 8.400000 9.000000
      vertex 66.400002 6.400000 3.000000
    endloop
  endfacet
  facet normal 0.000000 -1.000000 0.000000
    outer loop
      vertex 58.000000 8.400000 3.000000
      vertex 64.000000 8.400000 3.000000
      vertex 58.000000 8.400000 9.000000
    endloop
  endfacet
  facet normal 0.000000 1.000000 0.000000
    outer loop
      vertex 58.000000 6.400000 9.000000
      vertex 66.400002 6.400000 3.000000
      vertex 64.000000 6.400000 3.000000
    endloop
  endfacet
  facet normal 0.000000 -1.000000 0.000000
    outer loop
      vertex 58.000000 8.400000 9.000000
      vertex 64.000000 8.400000 3.000000
      vertex 66.400002 8.400000 3.000000
    endloop
  endfacet
  facet normal -0.581238 0.000000 -0.813734
    outer loop
      vertex 58.000000 8.400000 9.000000
      vertex 66.400002 8.400000 3.000000
      vertex 66.400002 6.400000 3.000000
    endloop
  endfacet
  facet normal 0.000000 -1.000000 0.000000
    outer loop
      vertex 58.000000 28.500000 0.000000
      vertex 64.000000 28.500000 0.000000
      vertex 58.000000 28.500000 3.000000
    endloop
  endfacet
  facet normal 0.000000 0.000000 1.000000
    outer loop
      vertex 58.000000 29.400000 3.000000
      vertex 64.000000 31.400000 3.000000
      vertex 58.000000 31.400000 3.000000
    endloop
  endfacet
  facet normal 0.000000 0.000000 -1.000000
    outer loop
      vertex 58.000000 28.500000 0.000000
      vertex 62.527756 33.650002 0.000000
      vertex 62.797920 33.297920 0.000000
    endloop
  endfacet
  facet normal 0.000000 0.000000 -1.000000
    outer loop
      vertex 58.000000 28.500000 0.000000
      vertex 62.357925 34.060009 0.000000
      vertex 62.527756 33.650002 0.000000
    endloop
  endfacet
  facet normal 0.000000 0.000000 -1.000000
    outer loop
      vertex 58.000000 28.500000 0.000000
      vertex 62.299999 34.500000 0.000000
      vertex 62.357925 34.060009 0.000000
    endloop
  endfacet
  facet normal 0.000000 0.000000 -1.000000
    outer loop
      vertex 58.000000 28.500000 0.000000
      vertex 62.357925 34.939991 0.000000
      vertex 62.299999 34.500000 0.000000
    endloop
  endfacet
  facet normal 0.000000 0.000000 1.000000
    outer loop
      vertex 58.000000 28.500000 3.000000
      vertex 64.000000 29.400000 3.000000
      vertex 58.000000 37.599998 3.000000
    endloop
  endfacet
  facet normal 0.000000 -1.000000 0.000000
    outer loop
      vertex 58.000000 28.500000 3.000000
      vertex 64.000000 28.500000 0.000000
      vertex 64.000000 28.500000 3.000000
    endloop
  endfacet
  facet normal 0.000000 0.000000 -1.000000
    outer loop
      vertex 58.000000 28.500000 0.000000
      vertex 63.560009 32.857925 0.000000
      vertex 64.000000 28.500000 0.000000
    endloop
  endfacet
  facet normal 0.000000 0.000000 -1.000000
    outer loop
      vertex 58.000000 28.500000 0.000000
      vertex 62.797920 33.297920 0.000000
      vertex 63.150002 33.027756 0.000000
    endloop
  endfacet
  facet normal 0.000000 0.000000 -1.000000
    outer loop
      vertex 58.000000 28.500000 0.000000
      vertex 63.150002 33.027756 0.000000
      vertex 63.560009 32.857925 0.000000
    endloop
  endfacet
  facet normal 0.000000 0.000000 -1.000000
    outer loop
      vertex 64.000000 28.500000 0.000000
      vertex 63.560009 32.857925 0.000000
      vertex 64.000000 32.799999 0.000000
    endloop
  endfacet
  facet normal 0.000000 0.000000 1.000000
    outer loop
      vertex 58.000000 28.500000 3.000000
      vertex 64.000000 28.500000 3.000000
      vertex 64.000000 29.400000 3.000000
    endloop
  endfacet
  facet normal 0.000000 0.000000 1.000000
    outer loop
      vertex 58.000000 29.400000 3.000000
      vertex 64.000000 29.400000 3.000000
      vertex 64.000000 31.400000 3.000000
    endloop
  endfacet
  facet normal 0.000000 0.000000 1.000000
    outer loop
      vertex 64.000000 29.400000 3.000000
      vertex 63.150002 33.027756 3.000000
      vertex 62.797920 33.297920 3.000000
    endloop
  endfacet
  facet normal 0.000000 0.000000 1.000000
    outer loop
      vertex 64.000000 29.400000 3.000000
      vertex 62.797920 33.297920 3.000000
      vertex 62.527756 33.650002 3.000000
    endloop
  endfacet
  facet normal 0.000000 0.000000 1.000000
    outer loop
      vertex 64.000000 29.400000 3.000000
      vertex 62.527756 33.650002 3.000000
      vertex 62.357925 34.060009 3.000000
    endloop
  endfacet
  facet normal 0.000000 0.000000 1.000000
    outer loop
      vertex 64.000000 29.400000 3.000000
      vertex 62.357925 34.060009 3.000000
      vertex 58.000000 37.599998 3.000000
    endloop
  endfacet
  facet normal 0.000000 0.000000 1.000000
    outer loop
      vertex 64.000000 29.400000 3.000000
      vertex 63.560009 32.857925 3.000000
      vertex 63.150002 33.027756 3.000000
    endloop
  endfacet
  facet normal 0.000000 0.000000 1.000000
    outer loop
      vertex 64.000000 29.400000 3.000000
      vertex 64.000000 32.799999 3.000000
      vertex 63.560009 32.857925 3.000000
    endloop
  endfacet
  facet normal 0.000000 0.000000 -1.000000
    outer loop
      vertex 58.000000 28.500000 0.000000
      vertex 58.000000 40.500000 0.000000
      vertex 64.000000 40.500000 0.000000
    endloop
  endfacet
  facet normal 0.000000 0.000000 1.000000
    outer loop
      vertex 58.000000 37.599998 3.000000
      vertex 62.357925 34.060009 3.000000
      vertex 62.299999 34.500000 3.000000
    endloop
  endfacet
  facet normal 0.000000 0.000000 1.000000
    outer loop
      vertex 58.000000 37.599998 3.000000
      vertex 62.299999 34.500000 3.000000
      vertex 62.357925 34.939991 3.000000
    endloop
  endfacet
  facet normal 0.000000 0.000000 1.000000
    outer loop
      vertex 58.000000 37.599998 3.000000
      vertex 62.357925 34.939991 3.000000
      vertex 62.527756 35.349998 3.000000
    endloop
  endfacet
  facet normal 0.000000 0.000000 1.000000
    outer loop
      vertex 58.000000 37.599998 3.000000
      vertex 62.527756 35.349998 3.000000
      vertex 62.797920 35.702080 3.000000
    endloop
  endfacet
  facet normal 0.000000 0.000000 1.000000
    outer loop
      vertex 58.000000 37.599998 3.000000
      vertex 64.000000 39.599998 3.000000
      vertex 58.000000 39.599998 3.000000
    endloop
  endfacet
  facet normal 0.000000 0.000000 1.000000
    outer loop
      vertex 58.000000 37.599998 3.000000
      vertex 64.000000 40.500000 3.000000
      vertex 58.000000 40.500000 3.000000
    endloop
  endfacet
  facet normal 0.000000 1.000000 0.000000
    outer loop
      vertex 58.000000 40.500000 0.000000
      vertex 58.000000 40.500000 3.000000
      vertex 64.000000 40.500000 3.000000
    endloop
  endfacet
  facet normal 0.000000 0.000000 -1.000000
    outer loop
      vertex 58.000000 28.500000 0.000000
      vertex 64.000000 40.500000 0.000000
      vertex 62.357925 34.939991 0.000000
    endloop
  endfacet
  facet normal 0.000000 0.000000 -1.000000
    outer loop
      vertex 64.000000 40.500000 0.000000
      vertex 62.527756 35.349998 0.000000
      vertex 62.357925 34.939991 0.000000
    endloop
  endfacet
  facet normal 0.000000 0.000000 -1.000000
    outer loop
      vertex 64.000000 40.500000 0.000000
      vertex 62.797920 35.702080 0.000000
      vertex 62.527756 35.349998 0.000000
    endloop
  endfacet
  facet normal 0.000000 0.000000 1.000000
    outer loop
      vertex 58.000000 37.599998 3.000000
      vertex 62.797920 35.702080 3.000000
      vertex 63.150002 35.972244 3.000000
    endloop
  endfacet
  facet normal 0.000000 0.000000 1.000000
    outer loop
      vertex 58.000000 37.599998 3.000000
      vertex 63.150002 35.972244 3.000000
      vertex 63.560009 36.142075 3.000000
    endloop
  endfacet
  facet normal 0.000000 0.000000 1.000000
    outer loop
      vertex 64.000000 39.599998 3.000000
      vertex 63.560009 36.142075 3.000000
      vertex 64.000000 36.200001 3.000000
    endloop
  endfacet
  facet normal 0.000000 0.000000 -1.000000
    outer loop
      vertex 64.000000 40.500000 0.000000
      vertex 63.150002 35.972244 0.000000
      vertex 62.797920 35.702080 0.000000
    endloop
  endfacet
  facet normal 0.000000 0.000000 -1.000000
    outer loop
      vertex 64.000000 40.500000 0.000000
      vertex 63.560009 36.142075 0.000000
      vertex 63.150002 35.972244 0.000000
    endloop
  endfacet
  facet normal 0.000000 0.000000 -1.000000
    outer loop
      vertex 64.000000 40.500000 0.000000
      vertex 64.000000 36.200001 0.000000
      vertex 63.560009 36.142075 0.000000
    endloop
  endfacet
  facet normal 0.000000 0.000000 1.000000
    outer loop
      vertex 58.000000 37.599998 3.000000
      vertex 63.560009 36.142075 3.000000
      vertex 64.000000 39.599998 3.000000
    endloop
  endfacet
  facet normal 0.000000 0.000000 1.000000
    outer loop
      vertex 58.000000 37.599998 3.000000
      vertex 64.000000 37.599998 3.000000
      vertex 64.000000 40.500000 3.000000
    endloop
  endfacet
  facet normal 0.000000 1.000000 0.000000
    outer loop
      vertex 58.000000 40.500000 0.000000
      vertex 64.000000 40.500000 3.000000
      vertex 64.000000 40.500000 0.000000
    endloop
  endfacet
  facet normal 0.098016 -0.995185 0.000000
    outer loop
      vertex 64.000000 28.500000 0.000000
      vertex 65.170547 28.615288 0.000000
      vertex 64.000000 28.500000 3.000000
    endloop
  endfacet
  facet normal 0.290287 -0.956940 0.000000
    outer loop
      vertex 65.170547 28.615288 0.000000
      vertex 66.296097 28.956722 0.000000
      vertex 65.170547 28.615288 3.000000
    endloop
  endfacet
  facet normal 0.098016 -0.995185 0.000000
    outer loop
      vertex 65.170547 28.615288 0.000000
      vertex 65.170547 28.615288 3.000000
      vertex 64.000000 28.500000 3.000000
    endloop
  endfacet
  facet normal 0.000000 0.000000 -1.000000
    outer loop
      vertex 64.000000 28.500000 0.000000
      vertex 64.439987 32.857925 0.000000
      vertex 65.170547 28.615288 0.000000
    endloop
  endfacet
  facet normal 0.000000 0.000000 -1.000000
    outer loop
      vertex 64.000000 28.500000 0.000000
      vertex 64.000000 32.799999 0.000000
      vertex 64.439987 32.857925 0.000000
    endloop
  endfacet
  facet normal 0.000000 0.000000 -1.000000
    outer loop
      vertex 65.170547 28.615288 0.000000
      vertex 64.439987 32.857925 0.000000
      vertex 64.849998 33.027756 0.000000
    endloop
  endfacet
  facet normal 0.000000 0.000000 1.000000
    outer loop
      vertex 64.000000 28.500000 3.000000
      vertex 65.170547 28.615288 3.000000
      vertex 64.000000 29.400000 3.000000
    endloop
  endfacet
  facet normal 0.000000 0.000000 1.000000
    outer loop
      vertex 65.170547 28.615288 3.000000
      vertex 64.000000 31.400000 3.000000
      vertex 64.000000 29.400000 3.000000
    endloop
  endfacet
  facet normal 0.000000 0.000000 1.000000
    outer loop
      vertex 65.170547 28.615288 3.000000
      vertex 66.296097 28.956722 3.000000
      vertex 64.000000 31.400000 3.000000
    endloop
  endfacet
  facet normal 0.000000 0.000000 1.000000
    outer loop
      vertex 64.000000 31.400000 3.000000
      vertex 66.296097 28.956722 3.000000
      vertex 66.400002 29.400000 3.000000
    endloop
  endfacet
  facet normal 0.000000 0.000000 1.000000
    outer loop
      vertex 64.000000 29.400000 3.000000
      vertex 66.400002 29.400000 3.000000
      vertex 65.202080 33.297920 3.000000
    endloop
  endfacet
  facet normal 0.000000 0.000000 1.000000
    outer loop
      vertex 64.000000 31.400000 3.000000
      vertex 66.400002 29.400000 3.000000
      vertex 66.400002 31.400000 3.000000
    endloop
  endfacet
  facet normal 0.000000 0.000000 -1.000000
    outer loop
      vertex 65.170547 28.615288 0.000000
      vertex 64.849998 33.027756 0.000000
      vertex 65.202080 33.297920 0.000000
    endloop
  endfacet
  facet normal 0.000000 0.000000 -1.000000
    outer loop
      vertex 65.170547 28.615288 0.000000
      vertex 65.202080 33.297920 0.000000
      vertex 65.472244 33.650002 0.000000
    endloop
  endfacet
  facet normal 0.000000 0.000000 -1.000000
    outer loop
      vertex 65.170547 28.615288 0.000000
      vertex 65.472244 33.650002 0.000000
      vertex 65.642075 34.060009 0.000000
    endloop
  endfacet
  facet normal 0.000000 0.000000 -1.000000
    outer loop
      vertex 65.170547 28.615288 0.000000
      vertex 65.642075 34.060009 0.000000
      vertex 65.699997 34.500000 0.000000
    endloop
  endfacet
  facet normal 0.000000 0.000000 1.000000
    outer loop
      vertex 64.000000 29.400000 3.000000
      vertex 64.439987 32.857925 3.000000
      vertex 64.000000 32.799999 3.000000
    endloop
  endfacet
  facet normal 0.000000 0.000000 1.000000
    outer loop
      vertex 64.000000 29.400000 3.000000
      vertex 64.849998 33.027756 3.000000
      vertex 64.439987 32.857925 3.000000
    endloop
  endfacet
  facet normal 0.000000 0.000000 1.000000
    outer loop
      vertex 64.000000 29.400000 3.000000
      vertex 65.202080 33.297920 3.000000
      vertex 64.849998 33.027756 3.000000
    endloop
  endfacet
  facet normal 0.471397 -0.881921 0.000000
    outer loop
      vertex 66.296097 28.956722 0.000000
      vertex 67.333420 29.511183 0.000000
      vertex 66.296097 28.956722 3.000000
    endloop
  endfacet
  facet normal 0.634390 -0.773013 0.000000
    outer loop
      vertex 67.333420 29.511183 0.000000
      vertex 68.242645 30.257359 0.000000
      vertex 67.333420 29.511183 3.000000
    endloop
  endfacet
  facet normal 0.290287 -0.956940 0.000000
    outer loop
      vertex 65.170547 28.615288 3.000000
      vertex 66.296097 28.956722 0.000000
      vertex 66.296097 28.956722 3.000000
    endloop
  endfacet
  facet normal 0.471397 -0.881921 0.000000
    outer loop
      vertex 67.333420 29.511183 0.000000
      vertex 67.333420 29.511183 3.000000
      vertex 66.296097 28.956722 3.000000
    endloop
  endfacet
  facet normal 0.634390 -0.773013 0.000000
    outer loop
      vertex 68.242645 30.257359 0.000000
      vertex 68.242645 30.257359 3.000000
      vertex 67.333420 29.511183 3.000000
    endloop
  endfacet
  facet normal 0.773014 -0.634390 0.000000
    outer loop
      vertex 68.242645 30.257359 0.000000
      vertex 68.988815 31.166578 0.000000
      vertex 68.242645 30.257359 3.000000
    endloop
  endfacet
  facet normal 0.881922 -0.471396 0.000000
    outer loop
      vertex 68.988815 31.166578 0.000000
      vertex 69.543274 32.203899 0.000000
      vertex 68.988815 31.166578 3.000000
    endloop
  endfacet
  facet normal 0.773014 -0.634390 0.000000
    outer loop
      vertex 68.988815 31.166578 0.000000
      vertex 68.988815 31.166578 3.000000
      vertex 68.242645 30.257359 3.000000
    endloop
  endfacet
  facet normal 0.000000 0.000000 1.000000
    outer loop
      vertex 66.296097 28.956722 3.000000
      vertex 67.333420 29.511183 3.000000
      vertex 66.400002 29.400000 3.000000
    endloop
  endfacet
  facet normal 0.000000 0.000000 -1.000000
    outer loop
      vertex 65.170547 28.615288 0.000000
      vertex 66.296097 40.043278 0.000000
      vertex 66.296097 28.956722 0.000000
    endloop
  endfacet
  facet normal 0.000000 0.000000 -1.000000
    outer loop
      vertex 66.296097 28.956722 0.000000
      vertex 67.333420 39.488819 0.000000
      vertex 67.333420 29.511183 0.000000
    endloop
  endfacet
  facet normal 0.000000 0.000000 -1.000000
    outer loop
      vertex 65.170547 28.615288 0.000000
      vertex 65.699997 34.500000 0.000000
      vertex 66.296097 40.043278 0.000000
    endloop
  endfacet
  facet normal 0.000000 0.000000 -1.000000
    outer loop
      vertex 67.333420 29.511183 0.000000
      vertex 68.242645 38.742641 0.000000
      vertex 68.242645 30.257359 0.000000
    endloop
  endfacet
  facet normal 0.956939 -0.290288 0.000000
    outer loop
      vertex 69.543274 32.203899 0.000000
      vertex 69.884712 33.329456 0.000000
      vertex 69.543274 32.203899 3.000000
    endloop
  endfacet
  facet normal 0.881922 -0.471396 0.000000
    outer loop
      vertex 68.988815 31.166578 3.000000
      vertex 69.543274 32.203899 0.000000
      vertex 69.543274 32.203899 3.000000
    endloop
  endfacet
  facet normal 0.956939 -0.290288 0.000000
    outer loop
      vertex 69.884712 33.329456 0.000000
      vertex 69.884712 33.329456 3.000000
      vertex 69.543274 32.203899 3.000000
    endloop
  endfacet
  facet normal 0.000000 0.000000 -1.000000
    outer loop
      vertex 68.242645 30.257359 0.000000
      vertex 68.988815 37.833420 0.000000
      vertex 68.988815 31.166578 0.000000
    endloop
  endfacet
  facet normal 0.000000 0.000000 -1.000000
    outer loop
      vertex 68.988815 31.166578 0.000000
      vertex 69.543274 36.796101 0.000000
      vertex 69.543274 32.203899 0.000000
    endloop
  endfacet
  facet normal 0.000000 0.000000 -1.000000
    outer loop
      vertex 69.543274 32.203899 0.000000
      vertex 69.884712 35.670544 0.000000
      vertex 69.884712 33.329456 0.000000
    endloop
  endfacet
  facet normal 0.995185 -0.098017 0.000000
    outer loop
      vertex 69.884712 33.329456 0.000000
      vertex 70.000000 34.500000 0.000000
      vertex 69.884712 33.329456 3.000000
    endloop
  endfacet
  facet normal 0.995185 -0.098017 0.000000
    outer loop
      vertex 69.884712 33.329456 3.000000
      vertex 70.000000 34.500000 0.000000
      vertex 70.000000 34.500000 3.000000
    endloop
  endfacet
  facet normal 0.000000 0.000000 1.000000
    outer loop
      vertex 66.400002 29.400000 3.000000
      vertex 65.472244 33.650002 3.000000
      vertex 65.202080 33.297920 3.000000
    endloop
  endfacet
  facet normal 0.000000 0.000000 1.000000
    outer loop
      vertex 66.400002 29.400000 3.000000
      vertex 65.642075 34.060009 3.000000
      vertex 65.472244 33.650002 3.000000
    endloop
  endfacet
  facet normal 0.000000 0.000000 1.000000
    outer loop
      vertex 66.400002 29.400000 3.000000
      vertex 65.699997 34.500000 3.000000
      vertex 65.642075 34.060009 3.000000
    endloop
  endfacet
  facet normal 0.000000 0.000000 1.000000
    outer loop
      vertex 66.400002 29.400000 3.000000
      vertex 67.333420 29.511183 3.000000
      vertex 67.333420 39.488819 3.000000
    endloop
  endfacet
  facet normal 0.000000 0.000000 1.000000
    outer loop
      vertex 66.400002 29.400000 3.000000
      vertex 67.333420 39.488819 3.000000
      vertex 65.699997 34.500000 3.000000
    endloop
  endfacet
  facet normal 0.000000 0.000000 1.000000
    outer loop
      vertex 67.333420 29.511183 3.000000
      vertex 68.242645 30.257359 3.000000
      vertex 68.242645 38.742641 3.000000
    endloop
  endfacet
  facet normal 0.000000 0.000000 1.000000
    outer loop
      vertex 68.242645 30.257359 3.000000
      vertex 68.988815 31.166578 3.000000
      vertex 68.988815 37.833420 3.000000
    endloop
  endfacet
  facet normal 0.000000 0.000000 1.000000
    outer loop
      vertex 68.988815 31.166578 3.000000
      vertex 69.543274 32.203899 3.000000
      vertex 69.543274 36.796101 3.000000
    endloop
  endfacet
  facet normal 0.000000 0.000000 1.000000
    outer loop
      vertex 69.543274 32.203899 3.000000
      vertex 69.884712 33.329456 3.000000
      vertex 69.884712 35.670544 3.000000
    endloop
  endfacet
  facet normal 0.000000 0.000000 -1.000000
    outer loop
      vertex 66.296097 40.043278 0.000000
      vertex 65.202080 35.702080 0.000000
      vertex 64.849998 35.972244 0.000000
    endloop
  endfacet
  facet normal 0.000000 0.000000 1.000000
    outer loop
      vertex 64.000000 39.599998 3.000000
      vertex 64.000000 36.200001 3.000000
      vertex 64.439987 36.142075 3.000000
    endloop
  endfacet
  facet normal 0.000000 0.000000 1.000000
    outer loop
      vertex 66.400002 39.599998 3.000000
      vertex 64.439987 36.142075 3.000000
      vertex 64.849998 35.972244 3.000000
    endloop
  endfacet
  facet normal 0.000000 0.000000 1.000000
    outer loop
      vertex 66.400002 39.599998 3.000000
      vertex 64.849998 35.972244 3.000000
      vertex 65.202080 35.702080 3.000000
    endloop
  endfacet
  facet normal 0.000000 0.000000 -1.000000
    outer loop
      vertex 65.170547 40.384712 0.000000
      vertex 64.439987 36.142075 0.000000
      vertex 64.000000 36.200001 0.000000
    endloop
  endfacet
  facet normal 0.000000 0.000000 -1.000000
    outer loop
      vertex 65.170547 40.384712 0.000000
      vertex 64.849998 35.972244 0.000000
      vertex 64.439987 36.142075 0.000000
    endloop
  endfacet
  facet normal 0.000000 0.000000 -1.000000
    outer loop
      vertex 66.296097 40.043278 0.000000
      vertex 64.849998 35.972244 0.000000
      vertex 65.170547 40.384712 0.000000
    endloop
  endfacet
  facet normal 0.000000 0.000000 -1.000000
    outer loop
      vertex 64.000000 40.500000 0.000000
      vertex 65.170547 40.384712 0.000000
      vertex 64.000000 36.200001 0.000000
    endloop
  endfacet
  facet normal 0.000000 0.000000 1.000000
    outer loop
      vertex 64.000000 39.599998 3.000000
      vertex 64.439987 36.142075 3.000000
      vertex 66.400002 39.599998 3.000000
    endloop
  endfacet
  facet normal 0.000000 0.000000 1.000000
    outer loop
      vertex 64.000000 37.599998 3.000000
      vertex 66.400002 37.599998 3.000000
      vertex 66.400002 39.599998 3.000000
    endloop
  endfacet
  facet normal 0.000000 0.000000 1.000000
    outer loop
      vertex 64.000000 37.599998 3.000000
      vertex 65.170547 40.384712 3.000000
      vertex 64.000000 40.500000 3.000000
    endloop
  endfacet
  facet normal 0.000000 0.000000 1.000000
    outer loop
      vertex 64.000000 37.599998 3.000000
      vertex 66.400002 39.599998 3.000000
      vertex 66.296097 40.043278 3.000000
    endloop
  endfacet
  facet normal 0.000000 0.000000 1.000000
    outer loop
      vertex 64.000000 37.599998 3.000000
      vertex 66.296097 40.043278 3.000000
      vertex 65.170547 40.384712 3.000000
    endloop
  endfacet
  facet normal 0.000000 0.000000 -1.000000
    outer loop
      vertex 67.333420 29.511183 0.000000
      vertex 67.333420 39.488819 0.000000
      vertex 68.242645 38.742641 0.000000
    endloop
  endfacet
  facet normal 0.000000 0.000000 -1.000000
    outer loop
      vertex 66.296097 40.043278 0.000000
      vertex 65.699997 34.500000 0.000000
      vertex 65.642075 34.939991 0.000000
    endloop
  endfacet
  facet normal 0.000000 0.000000 -1.000000
    outer loop
      vertex 66.296097 28.956722 0.000000
      vertex 66.296097 40.043278 0.000000
      vertex 67.333420 39.488819 0.000000
    endloop
  endfacet
  facet normal 0.000000 0.000000 -1.000000
    outer loop
      vertex 66.296097 40.043278 0.000000
      vertex 65.642075 34.939991 0.000000
      vertex 65.472244 35.349998 0.000000
    endloop
  endfacet
  facet normal 0.000000 0.000000 -1.000000
    outer loop
      vertex 66.296097 40.043278 0.000000
      vertex 65.472244 35.349998 0.000000
      vertex 65.202080 35.702080 0.000000
    endloop
  endfacet
  facet normal 0.000000 0.000000 -1.000000
    outer loop
      vertex 68.242645 30.257359 0.000000
      vertex 68.242645 38.742641 0.000000
      vertex 68.988815 37.833420 0.000000
    endloop
  endfacet
  facet normal 0.000000 0.000000 -1.000000
    outer loop
      vertex 69.884712 33.329456 0.000000
      vertex 69.884712 35.670544 0.000000
      vertex 70.000000 34.500000 0.000000
    endloop
  endfacet
  facet normal 0.000000 0.000000 -1.000000
    outer loop
      vertex 69.543274 32.203899 0.000000
      vertex 69.543274 36.796101 0.000000
      vertex 69.884712 35.670544 0.000000
    endloop
  endfacet
  facet normal 0.995185 0.098017 0.000000
    outer loop
      vertex 70.000000 34.500000 0.000000
      vertex 69.884712 35.670544 0.000000
      vertex 70.000000 34.500000 3.000000
    endloop
  endfacet
  facet normal 0.000000 0.000000 -1.000000
    outer loop
      vertex 68.988815 31.166578 0.000000
      vertex 68.988815 37.833420 0.000000
      vertex 69.543274 36.796101 0.000000
    endloop
  endfacet
  facet normal 0.995185 0.098017 0.000000
    outer loop
      vertex 69.884712 35.670544 0.000000
      vertex 69.884712 35.670544 3.000000
      vertex 70.000000 34.500000 3.000000
    endloop
  endfacet
  facet normal 0.956939 0.290288 0.000000
    outer loop
      vertex 69.884712 35.670544 0.000000
      vertex 69.543274 36.796101 0.000000
      vertex 69.884712 35.670544 3.000000
    endloop
  endfacet
  facet normal 0.881921 0.471397 0.000000
    outer loop
      vertex 69.543274 36.796101 0.000000
      vertex 68.988815 37.833420 0.000000
      vertex 69.543274 36.796101 3.000000
    endloop
  endfacet
  facet normal 0.956939 0.290288 0.000000
    outer loop
      vertex 69.543274 36.796101 0.000000
      vertex 69.543274 36.796101 3.000000
      vertex 69.884712 35.670544 3.000000
    endloop
  endfacet
  facet normal 0.000000 0.000000 1.000000
    outer loop
      vertex 67.333420 29.511183 3.000000
      vertex 68.242645 38.742641 3.000000
      vertex 67.333420 39.488819 3.000000
    endloop
  endfacet
  facet normal 0.000000 0.000000 1.000000
    outer loop
      vertex 67.333420 39.488819 3.000000
      vertex 65.472244 35.349998 3.000000
      vertex 65.642075 34.939991 3.000000
    endloop
  endfacet
  facet normal 0.000000 0.000000 1.000000
    outer loop
      vertex 67.333420 39.488819 3.000000
      vertex 65.642075 34.939991 3.000000
      vertex 65.699997 34.500000 3.000000
    endloop
  endfacet
  facet normal 0.000000 0.000000 1.000000
    outer loop
      vertex 66.400002 39.599998 3.000000
      vertex 65.202080 35.702080 3.000000
      vertex 65.472244 35.349998 3.000000
    endloop
  endfacet
  facet normal 0.000000 0.000000 1.000000
    outer loop
      vertex 68.242645 30.257359 3.000000
      vertex 68.988815 37.833420 3.000000
      vertex 68.242645 38.742641 3.000000
    endloop
  endfacet
  facet normal 0.000000 0.000000 1.000000
    outer loop
      vertex 69.884712 33.329456 3.000000
      vertex 70.000000 34.500000 3.000000
      vertex 69.884712 35.670544 3.000000
    endloop
  endfacet
  facet normal 0.000000 0.000000 1.000000
    outer loop
      vertex 69.543274 32.203899 3.000000
      vertex 69.884712 35.670544 3.000000
      vertex 69.543274 36.796101 3.000000
    endloop
  endfacet
  facet normal 0.000000 0.000000 1.000000
    outer loop
      vertex 68.988815 31.166578 3.000000
      vertex 69.543274 36.796101 3.000000
      vertex 68.988815 37.833420 3.000000
    endloop
  endfacet
  facet normal 0.290287 0.956940 0.000000
    outer loop
      vertex 66.296097 40.043278 0.000000
      vertex 65.170547 40.384712 0.000000
      vertex 66.296097 40.043278 3.000000
    endloop
  endfacet
  facet normal 0.471395 0.881922 0.000000
    outer loop
      vertex 66.296097 40.043278 0.000000
      vertex 67.333420 39.488819 3.000000
      vertex 67.333420 39.488819 0.000000
    endloop
  endfacet
  facet normal 0.471395 0.881922 0.000000
    outer loop
      vertex 66.296097 40.043278 0.000000
      vertex 66.296097 40.043278 3.000000
      vertex 67.333420 39.488819 3.000000
    endloop
  endfacet
  facet normal 0.634391 0.773012 0.000000
    outer loop
      vertex 67.333420 39.488819 0.000000
      vertex 67.333420 39.488819 3.000000
      vertex 68.242645 38.742641 3.000000
    endloop
  endfacet
  facet normal 0.773014 0.634389 0.000000
    outer loop
      vertex 68.242645 38.742641 0.000000
      vertex 68.988815 37.833420 3.000000
      vertex 68.988815 37.833420 0.000000
    endloop
  endfacet
  facet normal 0.773014 0.634389 0.000000
    outer loop
      vertex 68.242645 38.742641 0.000000
      vertex 68.242645 38.742641 3.000000
      vertex 68.988815 37.833420 3.000000
    endloop
  endfacet
  facet normal 0.881921 0.471397 0.000000
    outer loop
      vertex 69.543274 36.796101 3.000000
      vertex 68.988815 37.833420 0.000000
      vertex 68.988815 37.833420 3.000000
    endloop
  endfacet
  facet normal 0.634391 0.773012 0.000000
    outer loop
      vertex 67.333420 39.488819 0.000000
      vertex 68.242645 38.742641 3.000000
      vertex 68.242645 38.742641 0.000000
    endloop
  endfacet
  facet normal 0.000000 0.000000 1.000000
    outer loop
      vertex 66.400002 39.599998 3.000000
      vertex 65.472244 35.349998 3.000000
      vertex 67.333420 39.488819 3.000000
    endloop
  endfacet
  facet normal 0.000000 0.000000 1.000000
    outer loop
      vertex 66.400002 39.599998 3.000000
      vertex 67.333420 39.488819 3.000000
      vertex 66.296097 40.043278 3.000000
    endloop
  endfacet
  facet normal 0.098016 0.995185 0.000000
    outer loop
      vertex 64.000000 40.500000 0.000000
      vertex 65.170547 40.384712 3.000000
      vertex 65.170547 40.384712 0.000000
    endloop
  endfacet
  facet normal 0.098016 0.995185 0.000000
    outer loop
      vertex 64.000000 40.500000 0.000000
      vertex 64.000000 40.500000 3.000000
      vertex 65.170547 40.384712 3.000000
    endloop
  endfacet
  facet normal 0.290287 0.956940 0.000000
    outer loop
      vertex 66.296097 40.043278 3.000000
      vertex 65.170547 40.384712 0.000000
      vertex 65.170547 40.384712 3.000000
    endloop
  endfacet
  facet normal 0.000000 1.000000 0.000000
    outer loop
      vertex 58.000000 37.599998 3.000000
      vertex 58.000000 37.599998 9.000000
      vertex 64.000000 37.599998 3.000000
    endloop
  endfacet
  facet normal -0.581238 0.000000 -0.813734
    outer loop
      vertex 58.000000 37.599998 9.000000
      vertex 58.000000 39.599998 9.000000
      vertex 66.400002 37.599998 3.000000
    endloop
  endfacet
  facet normal 0.000000 -1.000000 0.000000
    outer loop
      vertex 58.000000 39.599998 3.000000
      vertex 64.000000 39.599998 3.000000
      vertex 58.000000 39.599998 9.000000
    endloop
  endfacet
  facet normal 0.000000 1.000000 0.000000
    outer loop
      vertex 58.000000 37.599998 9.000000
      vertex 66.400002 37.599998 3.000000
      vertex 64.000000 37.599998 3.000000
    endloop
  endfacet
  facet normal 0.000000 -1.000000 0.000000
    outer loop
      vertex 58.000000 39.599998 9.000000
      vertex 64.000000 39.599998 3.000000
      vertex 66.400002 39.599998 3.000000
    endloop
  endfacet
  facet normal -0.581238 0.000000 -0.813734
    outer loop
      vertex 58.000000 39.599998 9.000000
      vertex 66.400002 39.599998 3.000000
      vertex 66.400002 37.599998 3.000000
    endloop
  endfacet
  facet normal 0.000000 1.000000 0.000000
    outer loop
      vertex 58.000000 29.400000 3.000000
      vertex 58.000000 29.400000 9.000000
      vertex 64.000000 29.400000 3.000000
    endloop
  endfacet
  facet normal -0.581238 0.000000 -0.813734
    outer loop
      vertex 58.000000 29.400000 9.000000
      vertex 58.000000 31.400000 9.000000
      vertex 66.400002 29.400000 3.000000
    endloop
  endfacet
  facet normal 0.000000 -1.000000 0.000000
    outer loop
      vertex 58.000000 31.400000 3.000000
      vertex 64.000000 31.400000 3.000000
      vertex 58.000000 31.400000 9.000000
    endloop
  endfacet
  facet normal 0.000000 1.000000 0.000000
    outer loop
      vertex 58.000000 29.400000 9.000000
      vertex 66.400002 29.400000 3.000000
      vertex 64.000000 29.400000 3.000000
    endloop
  endfacet
  facet normal 0.000000 -1.000000 0.000000
    outer loop
      vertex 58.000000 31.400000 9.000000
      vertex 64.000000 31.400000 3.000000
      vertex 66.400002 31.400000 3.000000
    endloop
  endfacet
  facet normal -0.581238 0.000000 -0.813734
    outer loop
      vertex 58.000000 31.400000 9.000000
      vertex 66.400002 31.400000 3.000000
      vertex 66.400002 29.400000 3.000000
    endloop
  endfacet
  facet normal 0.000000 -1.000000 0.000000
    outer loop
      vertex 6.000000 5.500000 0.000000
      vertex 12.000000 5.500000 0.000000
      vertex 6.000000 5.500000 3.000000
    endloop
  endfacet
  facet normal 0.000000 0.000000 -1.000000
    outer loop
      vertex 6.000000 5.500000 0.000000
      vertex 6.000000 9.800000 0.000000
      vertex 6.439992 9.857926 0.000000
    endloop
  endfacet
  facet normal 0.000000 0.000000 -1.000000
    outer loop
      vertex 6.000000 5.500000 0.000000
      vertex 6.439992 9.857926 0.000000
      vertex 6.850000 10.027757 0.000000
    endloop
  endfacet
  facet normal 0.000000 0.000000 -1.000000
    outer loop
      vertex 6.000000 5.500000 0.000000
      vertex 6.850000 10.027757 0.000000
      vertex 7.202082 10.297918 0.000000
    endloop
  endfacet
  facet normal 0.000000 0.000000 1.000000
    outer loop
      vertex 6.000000 5.500000 3.000000
      vertex 12.000000 5.500000 3.000000
      vertex 6.000000 6.400000 3.000000
    endloop
  endfacet
  facet normal 0.000000 0.000000 -1.000000
    outer loop
      vertex 6.000000 5.500000 0.000000
      vertex 7.202082 10.297918 0.000000
      vertex 7.472243 10.650000 0.000000
    endloop
  endfacet
  facet normal 0.000000 0.000000 -1.000000
    outer loop
      vertex 6.000000 5.500000 0.000000
      vertex 7.472243 10.650000 0.000000
      vertex 7.642074 11.060008 0.000000
    endloop
  endfacet
  facet normal 0.000000 0.000000 -1.000000
    outer loop
      vertex 6.000000 5.500000 0.000000
      vertex 7.642074 11.060008 0.000000
      vertex 12.000000 17.500000 0.000000
    endloop
  endfacet
  facet normal 0.000000 0.000000 1.000000
    outer loop
      vertex 6.000000 8.400000 3.000000
      vertex 6.439992 9.857926 3.000000
      vertex 6.000000 9.800000 3.000000
    endloop
  endfacet
  facet normal 0.000000 0.000000 1.000000
    outer loop
      vertex 6.000000 8.400000 3.000000
      vertex 12.000000 8.400000 3.000000
      vertex 6.439992 9.857926 3.000000
    endloop
  endfacet
  facet normal 0.000000 0.000000 1.000000
    outer loop
      vertex 12.000000 8.400000 3.000000
      vertex 6.850000 10.027757 3.000000
      vertex 6.439992 9.857926 3.000000
    endloop
  endfacet
  facet normal 0.000000 0.000000 1.000000
    outer loop
      vertex 12.000000 8.400000 3.000000
      vertex 7.202082 10.297918 3.000000
      vertex 6.850000 10.027757 3.000000
    endloop
  endfacet
  facet normal 0.000000 -1.000000 0.000000
    outer loop
      vertex 6.000000 5.500000 3.000000
      vertex 12.000000 5.500000 0.000000
      vertex 12.000000 5.500000 3.000000
    endloop
  endfacet
  facet normal 0.000000 0.000000 1.000000
    outer loop
      vertex 6.000000 6.400000 3.000000
      vertex 12.000000 5.500000 3.000000
      vertex 12.000000 6.400000 3.000000
    endloop
  endfacet
  facet normal 0.000000 0.000000 -1.000000
    outer loop
      vertex 6.000000 5.500000 0.000000
      vertex 12.000000 17.500000 0.000000
      vertex 12.000000 5.500000 0.000000
    endloop
  endfacet
  facet normal 0.000000 0.000000 1.000000
    outer loop
      vertex 12.000000 8.400000 3.000000
      vertex 7.472243 10.650000 3.000000
      vertex 7.202082 10.297918 3.000000
    endloop
  endfacet
  facet normal 0.000000 0.000000 1.000000
    outer loop
      vertex 12.000000 8.400000 3.000000
      vertex 7.642074 11.060008 3.000000
      vertex 7.472243 10.650000 3.000000
    endloop
  endfacet
  facet normal 0.000000 0.000000 1.000000
    outer loop
      vertex 12.000000 8.400000 3.000000
      vertex 7.700000 11.500000 3.000000
      vertex 7.642074 11.060008 3.000000
    endloop
  endfacet
  facet normal 0.000000 0.000000 1.000000
    outer loop
      vertex 12.000000 8.400000 3.000000
      vertex 7.642074 11.939992 3.000000
      vertex 7.700000 11.500000 3.000000
    endloop
  endfacet
  facet normal 0.000000 0.000000 1.000000
    outer loop
      vertex 12.000000 8.400000 3.000000
      vertex 7.472243 12.350000 3.000000
      vertex 7.642074 11.939992 3.000000
    endloop
  endfacet
  facet normal 0.000000 0.000000 1.000000
    outer loop
      vertex 6.000000 14.600000 3.000000
      vertex 6.000000 13.200000 3.000000
      vertex 6.439992 13.142074 3.000000
    endloop
  endfacet
  facet normal 0.000000 0.000000 1.000000
    outer loop
      vertex 6.000000 14.600000 3.000000
      vertex 6.439992 13.142074 3.000000
      vertex 6.850000 12.972243 3.000000
    endloop
  endfacet
  facet normal 0.000000 0.000000 1.000000
    outer loop
      vertex 12.000000 8.400000 3.000000
      vertex 6.000000 14.600000 3.000000
      vertex 7.472243 12.350000 3.000000
    endloop
  endfacet
  facet normal 0.000000 0.000000 1.000000
    outer loop
      vertex 6.000000 14.600000 3.000000
      vertex 7.202082 12.702082 3.000000
      vertex 7.472243 12.350000 3.000000
    endloop
  endfacet
  facet normal 0.000000 0.000000 1.000000
    outer loop
      vertex 6.000000 14.600000 3.000000
      vertex 6.850000 12.972243 3.000000
      vertex 7.202082 12.702082 3.000000
    endloop
  endfacet
  facet normal 0.000000 0.000000 -1.000000
    outer loop
      vertex 6.000000 17.500000 0.000000
      vertex 6.439992 13.142074 0.000000
      vertex 6.000000 13.200000 0.000000
    endloop
  endfacet
  facet normal 0.000000 0.000000 -1.000000
    outer loop
      vertex 12.000000 17.500000 0.000000
      vertex 6.850000 12.972243 0.000000
      vertex 6.439992 13.142074 0.000000
    endloop
  endfacet
  facet normal 0.000000 0.000000 -1.000000
    outer loop
      vertex 12.000000 17.500000 0.000000
      vertex 7.202082 12.702082 0.000000
      vertex 6.850000 12.972243 0.000000
    endloop
  endfacet
  facet normal 0.000000 0.000000 -1.000000
    outer loop
      vertex 6.000000 17.500000 0.000000
      vertex 12.000000 17.500000 0.000000
      vertex 6.439992 13.142074 0.000000
    endloop
  endfacet
  facet normal 0.000000 0.000000 1.000000
    outer loop
      vertex 6.000000 16.600000 3.000000
      vertex 12.000000 16.600000 3.000000
      vertex 6.000000 17.500000 3.000000
    endloop
  endfacet
  facet normal 0.000000 1.000000 0.000000
    outer loop
      vertex 6.000000 17.500000 0.000000
      vertex 6.000000 17.500000 3.000000
      vertex 12.000000 17.500000 3.000000
    endloop
  endfacet
  facet normal 0.000000 0.000000 -1.000000
    outer loop
      vertex 12.000000 17.500000 0.000000
      vertex 7.642074 11.060008 0.000000
      vertex 7.700000 11.500000 0.000000
    endloop
  endfacet
  facet normal 0.000000 0.000000 -1.000000
    outer loop
      vertex 12.000000 17.500000 0.000000
      vertex 7.700000 11.500000 0.000000
      vertex 7.642074 11.939992 0.000000
    endloop
  endfacet
  facet normal 0.000000 0.000000 -1.000000
    outer loop
      vertex 12.000000 17.500000 0.000000
      vertex 7.642074 11.939992 0.000000
      vertex 7.472243 12.350000 0.000000
    endloop
  endfacet
  facet normal 0.000000 0.000000 -1.000000
    outer loop
      vertex 12.000000 17.500000 0.000000
      vertex 7.472243 12.350000 0.000000
      vertex 7.202082 12.702082 0.000000
    endloop
  endfacet
  facet normal 0.000000 0.000000 1.000000
    outer loop
      vertex 12.000000 8.400000 3.000000
      vertex 12.000000 14.600000 3.000000
      vertex 6.000000 14.600000 3.000000
    endloop
  endfacet
  facet normal 0.000000 0.000000 1.000000
    outer loop
      vertex 6.000000 17.500000 3.000000
      vertex 12.000000 16.600000 3.000000
      vertex 12.000000 17.500000 3.000000
    endloop
  endfacet
  facet normal 0.000000 1.000000 0.000000
    outer loop
      vertex 6.000000 17.500000 0.000000
      vertex 12.000000 17.500000 3.000000
      vertex 12.000000 17.500000 0.000000
    endloop
  endfacet
  facet normal -0.098017 -0.995185 0.000000
    outer loop
      vertex 4.829458 5.615288 0.000000
      vertex 6.000000 5.500000 0.000000
      vertex 4.829458 5.615288 3.000000
    endloop
  endfacet
  facet normal -0.290285 -0.956940 0.000000
    outer loop
      vertex 4.829458 5.615288 0.000000
      vertex 4.829458 5.615288 3.000000
      vertex 3.703899 5.956723 3.000000
    endloop
  endfacet
  facet normal -0.098017 -0.995185 0.000000
    outer loop
      vertex 6.000000 5.500000 0.000000
      vertex 6.000000 5.500000 3.000000
      vertex 4.829458 5.615288 3.000000
    endloop
  endfacet
  facet normal -0.634394 -0.773010 0.000000
    outer loop
      vertex 1.757360 7.257360 0.000000
      vertex 2.666578 6.511182 0.000000
      vertex 1.757360 7.257360 3.000000
    endloop
  endfacet
  facet normal -0.773010 -0.634393 0.000000
    outer loop
      vertex 1.011183 8.166578 0.000000
      vertex 1.757360 7.257360 0.000000
      vertex 1.011183 8.166578 3.000000
    endloop
  endfacet
  facet normal -0.881921 -0.471397 0.000000
    outer loop
      vertex 1.011183 8.166578 0.000000
      vertex 1.011183 8.166578 3.000000
      vertex 0.456723 9.203899 3.000000
    endloop
  endfacet
  facet normal -0.773010 -0.634393 0.000000
    outer loop
      vertex 1.757360 7.257360 0.000000
      vertex 1.757360 7.257360 3.000000
      vertex 1.011183 8.166578 3.000000
    endloop
  endfacet
  facet normal -0.471397 -0.881921 0.000000
    outer loop
      vertex 2.666578 6.511182 0.000000
      vertex 3.703899 5.956723 0.000000
      vertex 2.666578 6.511182 3.000000
    endloop
  endfacet
  facet normal -0.290285 -0.956940 0.000000
    outer loop
      vertex 4.829458 5.615288 0.000000
      vertex 3.703899 5.956723 3.000000
      vertex 3.703899 5.956723 0.000000
    endloop
  endfacet
  facet normal -0.634394 -0.773010 0.000000
    outer loop
      vertex 2.666578 6.511182 0.000000
      vertex 2.666578 6.511182 3.000000
      vertex 1.757360 7.257360 3.000000
    endloop
  endfacet
  facet normal -0.471397 -0.881921 0.000000
    outer loop
      vertex 3.703899 5.956723 0.000000
      vertex 3.703899 5.956723 3.000000
      vertex 2.666578 6.511182 3.000000
    endloop
  endfacet
  facet normal 0.000000 0.000000 1.000000
    outer loop
      vertex 2.666578 6.511182 3.000000
      vertex 3.703899 5.956723 3.000000
      vertex 3.600000 6.400000 3.000000
    endloop
  endfacet
  facet normal 0.000000 0.000000 1.000000
    outer loop
      vertex 4.829458 5.615288 3.000000
      vertex 3.600000 6.400000 3.000000
      vertex 3.703899 5.956723 3.000000
    endloop
  endfacet
  facet normal 0.000000 0.000000 1.000000
    outer loop
      vertex 2.666578 6.511182 3.000000
      vertex 3.600000 6.400000 3.000000
      vertex 3.600000 8.400000 3.000000
    endloop
  endfacet
  facet normal -0.881921 -0.471397 0.000000
    outer loop
      vertex 1.011183 8.166578 0.000000
      vertex 0.456723 9.203899 3.000000
      vertex 0.456723 9.203899 0.000000
    endloop
  endfacet
  facet normal -0.956940 -0.290285 0.000000
    outer loop
      vertex 0.456723 9.203899 0.000000
      vertex 0.115289 10.329458 3.000000
      vertex 0.115289 10.329458 0.000000
    endloop
  endfacet
  facet normal -0.956940 -0.290285 0.000000
    outer loop
      vertex 0.456723 9.203899 0.000000
      vertex 0.456723 9.203899 3.000000
      vertex 0.115289 10.329458 3.000000
    endloop
  endfacet
  facet normal 0.000000 0.000000 -1.000000
    outer loop
      vertex 1.011183 8.166578 0.000000
      vertex 0.456723 9.203899 0.000000
      vertex 1.011183 14.833422 0.000000
    endloop
  endfacet
  facet normal 0.000000 0.000000 -1.000000
    outer loop
      vertex 0.456723 9.203899 0.000000
      vertex 0.115289 10.329458 0.000000
      vertex 0.456723 13.796101 0.000000
    endloop
  endfacet
  facet normal -0.995185 -0.098018 0.000000
    outer loop
      vertex 0.115289 10.329458 0.000000
      vertex 0.000000 11.500000 3.000000
      vertex 0.000000 11.500000 0.000000
    endloop
  endfacet
  facet normal 0.000000 0.000000 -1.000000
    outer loop
      vertex 1.011183 8.166578 0.000000
      vertex 1.757360 15.742640 0.000000
      vertex 1.757360 7.257360 0.000000
    endloop
  endfacet
  facet normal -0.995185 -0.098018 0.000000
    outer loop
      vertex 0.115289 10.329458 0.000000
      vertex 0.115289 10.329458 3.000000
      vertex 0.000000 11.500000 3.000000
    endloop
  endfacet
  facet normal 0.000000 0.000000 -1.000000
    outer loop
      vertex 3.703899 5.956723 0.000000
      vertex 4.527757 10.650000 0.000000
      vertex 4.797918 10.297918 0.000000
    endloop
  endfacet
  facet normal 0.000000 0.000000 -1.000000
    outer loop
      vertex 3.703899 5.956723 0.000000
      vertex 4.357926 11.060008 0.000000
      vertex 4.527757 10.650000 0.000000
    endloop
  endfacet
  facet normal 0.000000 0.000000 -1.000000
    outer loop
      vertex 2.666578 6.511182 0.000000
      vertex 3.703899 17.043278 0.000000
      vertex 3.703899 5.956723 0.000000
    endloop
  endfacet
  facet normal 0.000000 0.000000 -1.000000
    outer loop
      vertex 3.703899 5.956723 0.000000
      vertex 4.300000 11.500000 0.000000
      vertex 4.357926 11.060008 0.000000
    endloop
  endfacet
  facet normal 0.000000 0.000000 -1.000000
    outer loop
      vertex 1.757360 7.257360 0.000000
      vertex 2.666578 16.488817 0.000000
      vertex 2.666578 6.511182 0.000000
    endloop
  endfacet
  facet normal 0.000000 0.000000 1.000000
    outer loop
      vertex 1.011183 8.166578 3.000000
      vertex 1.011183 14.833422 3.000000
      vertex 0.456723 9.203899 3.000000
    endloop
  endfacet
  facet normal 0.000000 0.000000 1.000000
    outer loop
      vertex 0.456723 9.203899 3.000000
      vertex 0.456723 13.796101 3.000000
      vertex 0.115289 10.329458 3.000000
    endloop
  endfacet
  facet normal 0.000000 0.000000 1.000000
    outer loop
      vertex 1.011183 8.166578 3.000000
      vertex 1.757360 7.257360 3.000000
      vertex 1.757360 15.742640 3.000000
    endloop
  endfacet
  facet normal 0.000000 0.000000 1.000000
    outer loop
      vertex 2.666578 6.511182 3.000000
      vertex 3.600000 8.400000 3.000000
      vertex 3.600000 14.600000 3.000000
    endloop
  endfacet
  facet normal 0.000000 0.000000 1.000000
    outer loop
      vertex 3.600000 8.400000 3.000000
      vertex 4.797918 10.297918 3.000000
      vertex 4.527757 10.650000 3.000000
    endloop
  endfacet
  facet normal 0.000000 0.000000 1.000000
    outer loop
      vertex 3.600000 8.400000 3.000000
      vertex 4.527757 10.650000 3.000000
      vertex 4.357926 11.060008 3.000000
    endloop
  endfacet
  facet normal 0.000000 0.000000 1.000000
    outer loop
      vertex 1.757360 7.257360 3.000000
      vertex 2.666578 6.511182 3.000000
      vertex 2.666578 16.488817 3.000000
    endloop
  endfacet
  facet normal 0.000000 0.000000 1.000000
    outer loop
      vertex 3.600000 8.400000 3.000000
      vertex 4.357926 11.060008 3.000000
      vertex 4.300000 11.500000 3.000000
    endloop
  endfacet
  facet normal 0.000000 0.000000 1.000000
    outer loop
      vertex 3.600000 8.400000 3.000000
      vertex 4.300000 11.500000 3.000000
      vertex 4.357926 11.939992 3.000000
    endloop
  endfacet
  facet normal 0.000000 0.000000 -1.000000
    outer loop
      vertex 4.829458 5.615288 0.000000
      vertex 6.000000 9.800000 0.000000
      vertex 6.000000 5.500000 0.000000
    endloop
  endfacet
  facet normal 0.000000 0.000000 -1.000000
    outer loop
      vertex 4.829458 5.615288 0.000000
      vertex 3.703899 5.956723 0.000000
      vertex 5.150000 10.027757 0.000000
    endloop
  endfacet
  facet normal 0.000000 0.000000 -1.000000
    outer loop
      vertex 4.829458 5.615288 0.000000
      vertex 5.150000 10.027757 0.000000
      vertex 5.560008 9.857926 0.000000
    endloop
  endfacet
  facet normal 0.000000 0.000000 -1.000000
    outer loop
      vertex 4.829458 5.615288 0.000000
      vertex 5.560008 9.857926 0.000000
      vertex 6.000000 9.800000 0.000000
    endloop
  endfacet
  facet normal 0.000000 0.000000 1.000000
    outer loop
      vertex 4.829458 5.615288 3.000000
      vertex 6.000000 5.500000 3.000000
      vertex 3.600000 6.400000 3.000000
    endloop
  endfacet
  facet normal 0.000000 0.000000 1.000000
    outer loop
      vertex 6.000000 5.500000 3.000000
      vertex 6.000000 6.400000 3.000000
      vertex 3.600000 6.400000 3.000000
    endloop
  endfacet
  facet normal 0.000000 0.000000 -1.000000
    outer loop
      vertex 3.703899 5.956723 0.000000
      vertex 4.797918 10.297918 0.000000
      vertex 5.150000 10.027757 0.000000
    endloop
  endfacet
  facet normal 0.000000 0.000000 1.000000
    outer loop
      vertex 3.600000 8.400000 3.000000
      vertex 6.000000 8.400000 3.000000
      vertex 5.150000 10.027757 3.000000
    endloop
  endfacet
  facet normal 0.000000 0.000000 1.000000
    outer loop
      vertex 3.600000 8.400000 3.000000
      vertex 5.150000 10.027757 3.000000
      vertex 4.797918 10.297918 3.000000
    endloop
  endfacet
  facet normal 0.000000 0.000000 1.000000
    outer loop
      vertex 6.000000 8.400000 3.000000
      vertex 5.560008 9.857926 3.000000
      vertex 5.150000 10.027757 3.000000
    endloop
  endfacet
  facet normal 0.000000 0.000000 1.000000
    outer loop
      vertex 6.000000 8.400000 3.000000
      vertex 6.000000 9.800000 3.000000
      vertex 5.560008 9.857926 3.000000
    endloop
  endfacet
  facet normal 0.000000 0.000000 -1.000000
    outer loop
      vertex 0.115289 10.329458 0.000000
      vertex 0.000000 11.500000 0.000000
      vertex 0.115289 12.670542 0.000000
    endloop
  endfacet
  facet normal 0.000000 0.000000 -1.000000
    outer loop
      vertex 0.115289 10.329458 0.000000
      vertex 0.115289 12.670542 0.000000
      vertex 0.456723 13.796101 0.000000
    endloop
  endfacet
  facet normal 0.000000 0.000000 -1.000000
    outer loop
      vertex 0.456723 9.203899 0.000000
      vertex 0.456723 13.796101 0.000000
      vertex 1.011183 14.833422 0.000000
    endloop
  endfacet
  facet normal -0.995185 0.098018 0.000000
    outer loop
      vertex 0.000000 11.500000 0.000000
      vertex 0.115289 12.670542 3.000000
      vertex 0.115289 12.670542 0.000000
    endloop
  endfacet
  facet normal 0.000000 0.000000 -1.000000
    outer loop
      vertex 1.011183 8.166578 0.000000
      vertex 1.011183 14.833422 0.000000
      vertex 1.757360 15.742640 0.000000
    endloop
  endfacet
  facet normal -0.995185 0.098018 0.000000
    outer loop
      vertex 0.000000 11.500000 0.000000
      vertex 0.000000 11.500000 3.000000
      vertex 0.115289 12.670542 3.000000
    endloop
  endfacet
  facet normal -0.956940 0.290285 0.000000
    outer loop
      vertex 0.115289 12.670542 0.000000
      vertex 0.456723 13.796101 3.000000
      vertex 0.456723 13.796101 0.000000
    endloop
  endfacet
  facet normal 0.000000 0.000000 -1.000000
    outer loop
      vertex 1.757360 7.257360 0.000000
      vertex 1.757360 15.742640 0.000000
      vertex 2.666578 16.488817 0.000000
    endloop
  endfacet
  facet normal -0.956940 0.290285 0.000000
    outer loop
      vertex 0.115289 12.670542 0.000000
      vertex 0.115289 12.670542 3.000000
      vertex 0.456723 13.796101 3.000000
    endloop
  endfacet
  facet normal -0.881921 0.471397 0.000000
    outer loop
      vertex 0.456723 13.796101 0.000000
      vertex 0.456723 13.796101 3.000000
      vertex 1.011183 14.833422 3.000000
    endloop
  endfacet
  facet normal 0.000000 0.000000 -1.000000
    outer loop
      vertex 3.703899 5.956723 0.000000
      vertex 4.829458 17.384712 0.000000
      vertex 4.300000 11.500000 0.000000
    endloop
  endfacet
  facet normal 0.000000 0.000000 -1.000000
    outer loop
      vertex 2.666578 6.511182 0.000000
      vertex 2.666578 16.488817 0.000000
      vertex 3.703899 17.043278 0.000000
    endloop
  endfacet
  facet normal 0.000000 0.000000 -1.000000
    outer loop
      vertex 3.703899 5.956723 0.000000
      vertex 3.703899 17.043278 0.000000
      vertex 4.829458 17.384712 0.000000
    endloop
  endfacet
  facet normal 0.000000 0.000000 1.000000
    outer loop
      vertex 0.115289 10.329458 3.000000
      vertex 0.115289 12.670542 3.000000
      vertex 0.000000 11.500000 3.000000
    endloop
  endfacet
  facet normal 0.000000 0.000000 1.000000
    outer loop
      vertex 0.115289 10.329458 3.000000
      vertex 0.456723 13.796101 3.000000
      vertex 0.115289 12.670542 3.000000
    endloop
  endfacet
  facet normal 0.000000 0.000000 1.000000
    outer loop
      vertex 0.456723 9.203899 3.000000
      vertex 1.011183 14.833422 3.000000
      vertex 0.456723 13.796101 3.000000
    endloop
  endfacet
  facet normal 0.000000 0.000000 1.000000
    outer loop
      vertex 1.011183 8.166578 3.000000
      vertex 1.757360 15.742640 3.000000
      vertex 1.011183 14.833422 3.000000
    endloop
  endfacet
  facet normal 0.000000 0.000000 1.000000
    outer loop
      vertex 1.757360 7.257360 3.000000
      vertex 2.666578 16.488817 3.000000
      vertex 1.757360 15.742640 3.000000
    endloop
  endfacet
  facet normal 0.000000 0.000000 1.000000
    outer loop
      vertex 3.600000 8.400000 3.000000
      vertex 4.357926 11.939992 3.000000
      vertex 3.600000 14.600000 3.000000
    endloop
  endfacet
  facet normal 0.000000 0.000000 1.000000
    outer loop
      vertex 2.666578 6.511182 3.000000
      vertex 3.600000 14.600000 3.000000
      vertex 3.600000 16.600000 3.000000
    endloop
  endfacet
  facet normal 0.000000 0.000000 1.000000
    outer loop
      vertex 2.666578 6.511182 3.000000
      vertex 3.600000 16.600000 3.000000
      vertex 2.666578 16.488817 3.000000
    endloop
  endfacet
  facet normal 0.000000 0.000000 1.000000
    outer loop
      vertex 3.600000 14.600000 3.000000
      vertex 4.357926 11.939992 3.000000
      vertex 4.527757 12.350000 3.000000
    endloop
  endfacet
  facet normal 0.000000 0.000000 1.000000
    outer loop
      vertex 3.600000 14.600000 3.000000
      vertex 4.527757 12.350000 3.000000
      vertex 4.797918 12.702082 3.000000
    endloop
  endfacet
  facet normal -0.881921 0.471397 0.000000
    outer loop
      vertex 0.456723 13.796101 0.000000
      vertex 1.011183 14.833422 3.000000
      vertex 1.011183 14.833422 0.000000
    endloop
  endfacet
  facet normal -0.773010 0.634393 0.000000
    outer loop
      vertex 1.011183 14.833422 0.000000
      vertex 1.757360 15.742640 3.000000
      vertex 1.757360 15.742640 0.000000
    endloop
  endfacet
  facet normal -0.773010 0.634393 0.000000
    outer loop
      vertex 1.011183 14.833422 0.000000
      vertex 1.011183 14.833422 3.000000
      vertex 1.757360 15.742640 3.000000
    endloop
  endfacet
  facet normal -0.634393 0.773010 0.000000
    outer loop
      vertex 1.757360 15.742640 0.000000
      vertex 1.757360 15.742640 3.000000
      vertex 2.666578 16.488817 3.000000
    endloop
  endfacet
  facet normal -0.634393 0.773010 0.000000
    outer loop
      vertex 1.757360 15.742640 0.000000
      vertex 2.666578 16.488817 3.000000
      vertex 2.666578 16.488817 0.000000
    endloop
  endfacet
  facet normal -0.471397 0.881921 0.000000
    outer loop
      vertex 2.666578 16.488817 0.000000
      vertex 3.703899 17.043278 3.000000
      vertex 3.703899 17.043278 0.000000
    endloop
  endfacet
  facet normal -0.471397 0.881921 0.000000
    outer loop
      vertex 2.666578 16.488817 0.000000
      vertex 2.666578 16.488817 3.000000
      vertex 3.703899 17.043278 3.000000
    endloop
  endfacet
  facet normal -0.290285 0.956940 0.000000
    outer loop
      vertex 3.703899 17.043278 0.000000
      vertex 3.703899 17.043278 3.000000
      vertex 4.829458 17.384712 3.000000
    endloop
  endfacet
  facet normal 0.000000 0.000000 1.000000
    outer loop
      vertex 2.666578 16.488817 3.000000
      vertex 3.600000 16.600000 3.000000
      vertex 3.703899 17.043278 3.000000
    endloop
  endfacet
  facet normal 0.000000 0.000000 -1.000000
    outer loop
      vertex 4.829458 17.384712 0.000000
      vertex 4.357926 11.939992 0.000000
      vertex 4.300000 11.500000 0.000000
    endloop
  endfacet
  facet normal 0.000000 0.000000 -1.000000
    outer loop
      vertex 4.829458 17.384712 0.000000
      vertex 4.527757 12.350000 0.000000
      vertex 4.357926 11.939992 0.000000
    endloop
  endfacet
  facet normal 0.000000 0.000000 -1.000000
    outer loop
      vertex 4.829458 17.384712 0.000000
      vertex 4.797918 12.702082 0.000000
      vertex 4.527757 12.350000 0.000000
    endloop
  endfacet
  facet normal 0.000000 0.000000 -1.000000
    outer loop
      vertex 4.829458 17.384712 0.000000
      vertex 5.150000 12.972243 0.000000
      vertex 4.797918 12.702082 0.000000
    endloop
  endfacet
  facet normal 0.000000 0.000000 1.000000
    outer loop
      vertex 3.600000 14.600000 3.000000
      vertex 4.797918 12.702082 3.000000
      vertex 5.150000 12.972243 3.000000
    endloop
  endfacet
  facet normal 0.000000 0.000000 1.000000
    outer loop
      vertex 3.600000 14.600000 3.000000
      vertex 5.150000 12.972243 3.000000
      vertex 5.560008 13.142074 3.000000
    endloop
  endfacet
  facet normal 0.000000 0.000000 1.000000
    outer loop
      vertex 3.600000 14.600000 3.000000
      vertex 5.560008 13.142074 3.000000
      vertex 6.000000 14.600000 3.000000
    endloop
  endfacet
  facet normal 0.000000 0.000000 1.000000
    outer loop
      vertex 6.000000 14.600000 3.000000
      vertex 5.560008 13.142074 3.000000
      vertex 6.000000 13.200000 3.000000
    endloop
  endfacet
  facet normal 0.000000 0.000000 -1.000000
    outer loop
      vertex 4.829458 17.384712 0.000000
      vertex 5.560008 13.142074 0.000000
      vertex 5.150000 12.972243 0.000000
    endloop
  endfacet
  facet normal 0.000000 0.000000 -1.000000
    outer loop
      vertex 6.000000 17.500000 0.000000
      vertex 6.000000 13.200000 0.000000
      vertex 5.560008 13.142074 0.000000
    endloop
  endfacet
  facet normal 0.000000 0.000000 -1.000000
    outer loop
      vertex 4.829458 17.384712 0.000000
      vertex 6.000000 17.500000 0.000000
      vertex 5.560008 13.142074 0.000000
    endloop
  endfacet
  facet normal 0.000000 0.000000 1.000000
    outer loop
      vertex 3.600000 16.600000 3.000000
      vertex 6.000000 16.600000 3.000000
      vertex 3.703899 17.043278 3.000000
    endloop
  endfacet
  facet normal 0.000000 0.000000 1.000000
    outer loop
      vertex 3.703899 17.043278 3.000000
      vertex 6.000000 16.600000 3.000000
      vertex 4.829458 17.384712 3.000000
    endloop
  endfacet
  facet normal 0.000000 0.000000 1.000000
    outer loop
      vertex 6.000000 16.600000 3.000000
      vertex 6.000000 17.500000 3.000000
      vertex 4.829458 17.384712 3.000000
    endloop
  endfacet
  facet normal -0.290285 0.956940 0.000000
    outer loop
      vertex 3.703899 17.043278 0.000000
      vertex 4.829458 17.384712 3.000000
      vertex 4.829458 17.384712 0.000000
    endloop
  endfacet
  facet normal -0.098017 0.995185 0.000000
    outer loop
      vertex 4.829458 17.384712 0.000000
      vertex 6.000000 17.500000 3.000000
      vertex 6.000000 17.500000 0.000000
    endloop
  endfacet
  facet normal -0.098017 0.995185 0.000000
    outer loop
      vertex 4.829458 17.384712 0.000000
      vertex 4.829458 17.384712 3.000000
      vertex 6.000000 17.500000 3.000000
    endloop
  endfacet
  facet normal -0.581238 0.000000 0.813733
    outer loop
      vertex 3.600000 14.600000 3.000000
      vertex 12.000000 16.600000 9.000000
      vertex 3.600000 16.600000 3.000000
    endloop
  endfacet
  facet normal 0.000000 -1.000000 0.000000
    outer loop
      vertex 3.600000 14.600000 3.000000
      vertex 6.000000 14.600000 3.000000
      vertex 12.000000 14.600000 9.000000
    endloop
  endfacet
  facet normal 0.000000 1.000000 0.000000
    outer loop
      vertex 3.600000 16.600000 3.000000
      vertex 12.000000 16.600000 9.000000
      vertex 6.000000 16.600000 3.000000
    endloop
  endfacet
  facet normal 0.000000 -1.000000 0.000000
    outer loop
      vertex 6.000000 14.600000 3.000000
      vertex 12.000000 14.600000 3.000000
      vertex 12.000000 14.600000 9.000000
    endloop
  endfacet
  facet normal -0.581238 0.000000 0.813733
    outer loop
      vertex 3.600000 14.600000 3.000000
      vertex 12.000000 14.600000 9.000000
      vertex 12.000000 16.600000 9.000000
    endloop
  endfacet
  facet normal 0.000000 1.000000 0.000000
    outer loop
      vertex 6.000000 16.600000 3.000000
      vertex 12.000000 16.600000 9.000000
      vertex 12.000000 16.600000 3.000000
    endloop
  endfacet
  facet normal -0.581238 0.000000 0.813733
    outer loop
      vertex 3.600000 6.400000 3.000000
      vertex 12.000000 8.400000 9.000000
      vertex 3.600000 8.400000 3.000000
    endloop
  endfacet
  facet normal 0.000000 -1.000000 0.000000
    outer loop
      vertex 3.600000 6.400000 3.000000
      vertex 6.000000 6.400000 3.000000
      vertex 12.000000 6.400000 9.000000
    endloop
  endfacet
  facet normal 0.000000 1.000000 0.000000
    outer loop
      vertex 3.600000 8.400000 3.000000
      vertex 12.000000 8.400000 9.000000
      vertex 6.000000 8.400000 3.000000
    endloop
  endfacet
  facet normal 0.000000 -1.000000 0.000000
    outer loop
      vertex 6.000000 6.400000 3.000000
      vertex 12.000000 6.400000 3.000000
      vertex 12.000000 6.400000 9.000000
    endloop
  endfacet
  facet normal -0.581238 0.000000 0.813733
    outer loop
      vertex 3.600000 6.400000 3.000000
      vertex 12.000000 6.400000 9.000000
      vertex 12.000000 8.400000 9.000000
    endloop
  endfacet
  facet normal 0.000000 1.000000 0.000000
    outer loop
      vertex 6.000000 8.400000 3.000000
      vertex 12.000000 8.400000 9.000000
      vertex 12.000000 8.400000 3.000000
    endloop
  endfacet
  facet normal 0.000000 -1.000000 0.000000
    outer loop
      vertex 6.000000 28.500000 0.000000
      vertex 12.000000 28.500000 0.000000
      vertex 6.000000 28.500000 3.000000
    endloop
  endfacet
  facet normal 0.000000 0.000000 -1.000000
    outer loop
      vertex 6.000000 28.500000 0.000000
      vertex 6.000000 32.799999 0.000000
      vertex 6.439992 32.857925 0.000000
    endloop
  endfacet
  facet normal 0.000000 0.000000 -1.000000
    outer loop
      vertex 6.000000 28.500000 0.000000
      vertex 6.439992 32.857925 0.000000
      vertex 12.000000 28.500000 0.000000
    endloop
  endfacet
  facet normal 0.000000 0.000000 -1.000000
    outer loop
      vertex 12.000000 28.500000 0.000000
      vertex 6.439992 32.857925 0.000000
      vertex 6.850000 33.027756 0.000000
    endloop
  endfacet
  facet normal 0.000000 0.000000 -1.000000
    outer loop
      vertex 12.000000 28.500000 0.000000
      vertex 6.850000 33.027756 0.000000
      vertex 7.202082 33.297920 0.000000
    endloop
  endfacet
  facet normal 0.000000 0.000000 1.000000
    outer loop
      vertex 6.000000 28.500000 3.000000
      vertex 12.000000 28.500000 3.000000
      vertex 6.000000 29.400000 3.000000
    endloop
  endfacet
  facet normal 0.000000 0.000000 1.000000
    outer loop
      vertex 6.000000 31.400000 3.000000
      vertex 6.439992 32.857925 3.000000
      vertex 6.000000 32.799999 3.000000
    endloop
  endfacet
  facet normal 0.000000 0.000000 1.000000
    outer loop
      vertex 6.000000 31.400000 3.000000
      vertex 12.000000 31.400000 3.000000
      vertex 6.439992 32.857925 3.000000
    endloop
  endfacet
  facet normal 0.000000 0.000000 1.000000
    outer loop
      vertex 12.000000 31.400000 3.000000
      vertex 6.850000 33.027756 3.000000
      vertex 6.439992 32.857925 3.000000
    endloop
  endfacet
  facet normal 0.000000 0.000000 1.000000
    outer loop
      vertex 12.000000 31.400000 3.000000
      vertex 7.202082 33.297920 3.000000
      vertex 6.850000 33.027756 3.000000
    endloop
  endfacet
  facet normal 0.000000 -1.000000 0.000000
    outer loop
      vertex 6.000000 28.500000 3.000000
      vertex 12.000000 28.500000 0.000000
      vertex 12.000000 28.500000 3.000000
    endloop
  endfacet
  facet normal 0.000000 0.000000 1.000000
    outer loop
      vertex 6.000000 29.400000 3.000000
      vertex 12.000000 28.500000 3.000000
      vertex 12.000000 29.400000 3.000000
    endloop
  endfacet
  facet normal 0.000000 0.000000 -1.000000
    outer loop
      vertex 12.000000 28.500000 0.000000
      vertex 7.202082 33.297920 0.000000
      vertex 7.472243 33.650002 0.000000
    endloop
  endfacet
  facet normal 0.000000 0.000000 -1.000000
    outer loop
      vertex 12.000000 28.500000 0.000000
      vertex 7.472243 33.650002 0.000000
      vertex 7.642074 34.060009 0.000000
    endloop
  endfacet
  facet normal 0.000000 0.000000 -1.000000
    outer loop
      vertex 12.000000 28.500000 0.000000
      vertex 7.642074 34.060009 0.000000
      vertex 7.700000 34.500000 0.000000
    endloop
  endfacet
  facet normal 0.000000 0.000000 -1.000000
    outer loop
      vertex 12.000000 28.500000 0.000000
      vertex 7.700000 34.500000 0.000000
      vertex 7.642074 34.939991 0.000000
    endloop
  endfacet
  facet normal 0.000000 0.000000 1.000000
    outer loop
      vertex 12.000000 31.400000 3.000000
      vertex 7.472243 33.650002 3.000000
      vertex 7.202082 33.297920 3.000000
    endloop
  endfacet
  facet normal 0.000000 0.000000 1.000000
    outer loop
      vertex 12.000000 31.400000 3.000000
      vertex 7.642074 34.060009 3.000000
      vertex 7.472243 33.650002 3.000000
    endloop
  endfacet
  facet normal 0.000000 0.000000 1.000000
    outer loop
      vertex 12.000000 31.400000 3.000000
      vertex 7.700000 34.500000 3.000000
      vertex 7.642074 34.060009 3.000000
    endloop
  endfacet
  facet normal 0.000000 0.000000 1.000000
    outer loop
      vertex 12.000000 31.400000 3.000000
      vertex 7.642074 34.939991 3.000000
      vertex 7.700000 34.500000 3.000000
    endloop
  endfacet
  facet normal 0.000000 0.000000 1.000000
    outer loop
      vertex 12.000000 31.400000 3.000000
      vertex 7.472243 35.349998 3.000000
      vertex 7.642074 34.939991 3.000000
    endloop
  endfacet
  facet normal 0.000000 0.000000 -1.000000
    outer loop
      vertex 12.000000 28.500000 0.000000
      vertex 7.642074 34.939991 0.000000
      vertex 6.000000 40.500000 0.000000
    endloop
  endfacet
  facet normal 0.000000 0.000000 -1.000000
    outer loop
      vertex 6.000000 40.500000 0.000000
      vertex 7.642074 34.939991 0.000000
      vertex 7.472243 35.349998 0.000000
    endloop
  endfacet
  facet normal 0.000000 0.000000 -1.000000
    outer loop
      vertex 6.000000 40.500000 0.000000
      vertex 7.472243 35.349998 0.000000
      vertex 7.202082 35.702080 0.000000
    endloop
  endfacet
  facet normal 0.000000 0.000000 1.000000
    outer loop
      vertex 6.000000 37.599998 3.000000
      vertex 6.000000 36.200001 3.000000
      vertex 6.439992 36.142075 3.000000
    endloop
  endfacet
  facet normal 0.000000 0.000000 1.000000
    outer loop
      vertex 6.000000 37.599998 3.000000
      vertex 6.439992 36.142075 3.000000
      vertex 6.850000 35.972244 3.000000
    endloop
  endfacet
  facet normal 0.000000 0.000000 1.000000
    outer loop
      vertex 12.000000 31.400000 3.000000
      vertex 6.000000 37.599998 3.000000
      vertex 7.472243 35.349998 3.000000
    endloop
  endfacet
  facet normal 0.000000 0.000000 1.000000
    outer loop
      vertex 6.000000 37.599998 3.000000
      vertex 7.202082 35.702080 3.000000
      vertex 7.472243 35.349998 3.000000
    endloop
  endfacet
  facet normal 0.000000 0.000000 1.000000
    outer loop
      vertex 6.000000 37.599998 3.000000
      vertex 6.850000 35.972244 3.000000
      vertex 7.202082 35.702080 3.000000
    endloop
  endfacet
  facet normal 0.000000 0.000000 -1.000000
    outer loop
      vertex 6.000000 40.500000 0.000000
      vertex 6.439992 36.142075 0.000000
      vertex 6.000000 36.200001 0.000000
    endloop
  endfacet
  facet normal 0.000000 0.000000 -1.000000
    outer loop
      vertex 6.000000 40.500000 0.000000
      vertex 6.850000 35.972244 0.000000
      vertex 6.439992 36.142075 0.000000
    endloop
  endfacet
  facet normal 0.000000 0.000000 -1.000000
    outer loop
      vertex 6.000000 40.500000 0.000000
      vertex 7.202082 35.702080 0.000000
      vertex 6.850000 35.972244 0.000000
    endloop
  endfacet
  facet normal 0.000000 0.000000 1.000000
    outer loop
      vertex 6.000000 39.599998 3.000000
      vertex 12.000000 39.599998 3.000000
      vertex 6.000000 40.500000 3.000000
    endloop
  endfacet
  facet normal 0.000000 1.000000 0.000000
    outer loop
      vertex 6.000000 40.500000 0.000000
      vertex 6.000000 40.500000 3.000000
      vertex 12.000000 40.500000 3.000000
    endloop
  endfacet
  facet normal 0.000000 0.000000 -1.000000
    outer loop
      vertex 12.000000 28.500000 0.000000
      vertex 6.000000 40.500000 0.000000
      vertex 12.000000 40.500000 0.000000
    endloop
  endfacet
  facet normal 0.000000 0.000000 1.000000
    outer loop
      vertex 12.000000 31.400000 3.000000
      vertex 12.000000 37.599998 3.000000
      vertex 6.000000 37.599998 3.000000
    endloop
  endfacet
  facet normal 0.000000 0.000000 1.000000
    outer loop
      vertex 6.000000 40.500000 3.000000
      vertex 12.000000 39.599998 3.000000
      vertex 12.000000 40.500000 3.000000
    endloop
  endfacet
  facet normal 0.000000 1.000000 0.000000
    outer loop
      vertex 6.000000 40.500000 0.000000
      vertex 12.000000 40.500000 3.000000
      vertex 12.000000 40.500000 0.000000
    endloop
  endfacet
  facet normal -0.098017 -0.995185 0.000000
    outer loop
      vertex 4.829458 28.615288 0.000000
      vertex 6.000000 28.500000 0.000000
      vertex 4.829458 28.615288 3.000000
    endloop
  endfacet
  facet normal -0.290285 -0.956940 0.000000
    outer loop
      vertex 4.829458 28.615288 0.000000
      vertex 4.829458 28.615288 3.000000
      vertex 3.703899 28.956722 3.000000
    endloop
  endfacet
  facet normal -0.098017 -0.995185 0.000000
    outer loop
      vertex 6.000000 28.500000 0.000000
      vertex 6.000000 28.500000 3.000000
      vertex 4.829458 28.615288 3.000000
    endloop
  endfacet
  facet normal -0.634393 -0.773011 0.000000
    outer loop
      vertex 1.757360 30.257359 0.000000
      vertex 2.666578 29.511183 0.000000
      vertex 1.757360 30.257359 3.000000
    endloop
  endfacet
  facet normal -0.773011 -0.634393 0.000000
    outer loop
      vertex 1.011183 31.166578 0.000000
      vertex 1.757360 30.257359 0.000000
      vertex 1.011183 31.166578 3.000000
    endloop
  endfacet
  facet normal -0.881921 -0.471397 0.000000
    outer loop
      vertex 1.011183 31.166578 0.000000
      vertex 1.011183 31.166578 3.000000
      vertex 0.456723 32.203899 3.000000
    endloop
  endfacet
  facet normal -0.773011 -0.634393 0.000000
    outer loop
      vertex 1.757360 30.257359 0.000000
      vertex 1.757360 30.257359 3.000000
      vertex 1.011183 31.166578 3.000000
    endloop
  endfacet
  facet normal -0.471397 -0.881921 0.000000
    outer loop
      vertex 2.666578 29.511183 0.000000
      vertex 3.703899 28.956722 0.000000
      vertex 2.666578 29.511183 3.000000
    endloop
  endfacet
  facet normal -0.290285 -0.956940 0.000000
    outer loop
      vertex 4.829458 28.615288 0.000000
      vertex 3.703899 28.956722 3.000000
      vertex 3.703899 28.956722 0.000000
    endloop
  endfacet
  facet normal -0.634393 -0.773011 0.000000
    outer loop
      vertex 2.666578 29.511183 0.000000
      vertex 2.666578 29.511183 3.000000
      vertex 1.757360 30.257359 3.000000
    endloop
  endfacet
  facet normal -0.471397 -0.881921 0.000000
    outer loop
      vertex 3.703899 28.956722 0.000000
      vertex 3.703899 28.956722 3.000000
      vertex 2.666578 29.511183 3.000000
    endloop
  endfacet
  facet normal 0.000000 0.000000 1.000000
    outer loop
      vertex 2.666578 29.511183 3.000000
      vertex 3.703899 28.956722 3.000000
      vertex 3.600000 29.400000 3.000000
    endloop
  endfacet
  facet normal 0.000000 0.000000 1.000000
    outer loop
      vertex 4.829458 28.615288 3.000000
      vertex 3.600000 29.400000 3.000000
      vertex 3.703899 28.956722 3.000000
    endloop
  endfacet
  facet normal 0.000000 0.000000 1.000000
    outer loop
      vertex 2.666578 29.511183 3.000000
      vertex 3.600000 29.400000 3.000000
      vertex 3.600000 31.400000 3.000000
    endloop
  endfacet
  facet normal -0.881921 -0.471397 0.000000
    outer loop
      vertex 1.011183 31.166578 0.000000
      vertex 0.456723 32.203899 3.000000
      vertex 0.456723 32.203899 0.000000
    endloop
  endfacet
  facet normal -0.956940 -0.290285 0.000000
    outer loop
      vertex 0.456723 32.203899 0.000000
      vertex 0.115289 33.329456 3.000000
      vertex 0.115289 33.329456 0.000000
    endloop
  endfacet
  facet normal -0.956940 -0.290285 0.000000
    outer loop
      vertex 0.456723 32.203899 0.000000
      vertex 0.456723 32.203899 3.000000
      vertex 0.115289 33.329456 3.000000
    endloop
  endfacet
  facet normal 0.000000 0.000000 -1.000000
    outer loop
      vertex 1.011183 31.166578 0.000000
      vertex 0.456723 32.203899 0.000000
      vertex 1.011183 37.833420 0.000000
    endloop
  endfacet
  facet normal 0.000000 0.000000 -1.000000
    outer loop
      vertex 0.456723 32.203899 0.000000
      vertex 0.115289 33.329456 0.000000
      vertex 0.456723 36.796101 0.000000
    endloop
  endfacet
  facet normal -0.995185 -0.098017 0.000000
    outer loop
      vertex 0.115289 33.329456 0.000000
      vertex 0.000000 34.500000 3.000000
      vertex 0.000000 34.500000 0.000000
    endloop
  endfacet
  facet normal 0.000000 0.000000 -1.000000
    outer loop
      vertex 1.011183 31.166578 0.000000
      vertex 1.757360 38.742641 0.000000
      vertex 1.757360 30.257359 0.000000
    endloop
  endfacet
  facet normal -0.995185 -0.098017 0.000000
    outer loop
      vertex 0.115289 33.329456 0.000000
      vertex 0.115289 33.329456 3.000000
      vertex 0.000000 34.500000 3.000000
    endloop
  endfacet
  facet normal 0.000000 0.000000 -1.000000
    outer loop
      vertex 3.703899 28.956722 0.000000
      vertex 4.527757 33.650002 0.000000
      vertex 4.797918 33.297920 0.000000
    endloop
  endfacet
  facet normal 0.000000 0.000000 -1.000000
    outer loop
      vertex 3.703899 28.956722 0.000000
      vertex 4.357926 34.060009 0.000000
      vertex 4.527757 33.650002 0.000000
    endloop
  endfacet
  facet normal 0.000000 0.000000 -1.000000
    outer loop
      vertex 2.666578 29.511183 0.000000
      vertex 3.703899 40.043278 0.000000
      vertex 3.703899 28.956722 0.000000
    endloop
  endfacet
  facet normal 0.000000 0.000000 -1.000000
    outer loop
      vertex 3.703899 28.956722 0.000000
      vertex 4.300000 34.500000 0.000000
      vertex 4.357926 34.060009 0.000000
    endloop
  endfacet
  facet normal 0.000000 0.000000 -1.000000
    outer loop
      vertex 1.757360 30.257359 0.000000
      vertex 2.666578 39.488819 0.000000
      vertex 2.666578 29.511183 0.000000
    endloop
  endfacet
  facet normal 0.000000 0.000000 1.000000
    outer loop
      vertex 1.011183 31.166578 3.000000
      vertex 1.011183 37.833420 3.000000
      vertex 0.456723 32.203899 3.000000
    endloop
  endfacet
  facet normal 0.000000 0.000000 1.000000
    outer loop
      vertex 0.456723 32.203899 3.000000
      vertex 0.456723 36.796101 3.000000
      vertex 0.115289 33.329456 3.000000
    endloop
  endfacet
  facet normal 0.000000 0.000000 1.000000
    outer loop
      vertex 1.011183 31.166578 3.000000
      vertex 1.757360 30.257359 3.000000
      vertex 1.757360 38.742641 3.000000
    endloop
  endfacet
  facet normal 0.000000 0.000000 1.000000
    outer loop
      vertex 2.666578 29.511183 3.000000
      vertex 3.600000 31.400000 3.000000
      vertex 3.600000 37.599998 3.000000
    endloop
  endfacet
  facet normal 0.000000 0.000000 1.000000
    outer loop
      vertex 3.600000 31.400000 3.000000
      vertex 4.797918 33.297920 3.000000
      vertex 4.527757 33.650002 3.000000
    endloop
  endfacet
  facet normal 0.000000 0.000000 1.000000
    outer loop
      vertex 3.600000 31.400000 3.000000
      vertex 4.527757 33.650002 3.000000
      vertex 4.357926 34.060009 3.000000
    endloop
  endfacet
  facet normal 0.000000 0.000000 1.000000
    outer loop
      vertex 1.757360 30.257359 3.000000
      vertex 2.666578 29.511183 3.000000
      vertex 2.666578 39.488819 3.000000
    endloop
  endfacet
  facet normal 0.000000 0.000000 1.000000
    outer loop
      vertex 3.600000 31.400000 3.000000
      vertex 4.357926 34.060009 3.000000
      vertex 4.300000 34.500000 3.000000
    endloop
  endfacet
  facet normal 0.000000 0.000000 1.000000
    outer loop
      vertex 3.600000 31.400000 3.000000
      vertex 4.300000 34.500000 3.000000
      vertex 4.357926 34.939991 3.000000
    endloop
  endfacet
  facet normal 0.000000 0.000000 -1.000000
    outer loop
      vertex 4.829458 28.615288 0.000000
      vertex 6.000000 32.799999 0.000000
      vertex 6.000000 28.500000 0.000000
    endloop
  endfacet
  facet normal 0.000000 0.000000 -1.000000
    outer loop
      vertex 4.829458 28.615288 0.000000
      vertex 3.703899 28.956722 0.000000
      vertex 5.150000 33.027756 0.000000
    endloop
  endfacet
  facet normal 0.000000 0.000000 -1.000000
    outer loop
      vertex 4.829458 28.615288 0.000000
      vertex 5.150000 33.027756 0.000000
      vertex 5.560008 32.857925 0.000000
    endloop
  endfacet
  facet normal 0.000000 0.000000 -1.000000
    outer loop
      vertex 4.829458 28.615288 0.000000
      vertex 5.560008 32.857925 0.000000
      vertex 6.000000 32.799999 0.000000
    endloop
  endfacet
  facet normal 0.000000 0.000000 1.000000
    outer loop
      vertex 4.829458 28.615288 3.000000
      vertex 6.000000 28.500000 3.000000
      vertex 3.600000 29.400000 3.000000
    endloop
  endfacet
  facet normal 0.000000 0.000000 1.000000
    outer loop
      vertex 6.000000 28.500000 3.000000
      vertex 6.000000 29.400000 3.000000
      vertex 3.600000 29.400000 3.000000
    endloop
  endfacet
  facet normal 0.000000 0.000000 -1.000000
    outer loop
      vertex 3.703899 28.956722 0.000000
      vertex 4.797918 33.297920 0.000000
      vertex 5.150000 33.027756 0.000000
    endloop
  endfacet
  facet normal 0.000000 0.000000 1.000000
    outer loop
      vertex 3.600000 31.400000 3.000000
      vertex 6.000000 31.400000 3.000000
      vertex 5.150000 33.027756 3.000000
    endloop
  endfacet
  facet normal 0.000000 0.000000 1.000000
    outer loop
      vertex 3.600000 31.400000 3.000000
      vertex 5.150000 33.027756 3.000000
      vertex 4.797918 33.297920 3.000000
    endloop
  endfacet
  facet normal 0.000000 0.000000 1.000000
    outer loop
      vertex 6.000000 31.400000 3.000000
      vertex 5.560008 32.857925 3.000000
      vertex 5.150000 33.027756 3.000000
    endloop
  endfacet
  facet normal 0.000000 0.000000 1.000000
    outer loop
      vertex 6.000000 31.400000 3.000000
      vertex 6.000000 32.799999 3.000000
      vertex 5.560008 32.857925 3.000000
    endloop
  endfacet
  facet normal 0.000000 0.000000 -1.000000
    outer loop
      vertex 0.115289 33.329456 0.000000
      vertex 0.000000 34.500000 0.000000
      vertex 0.115289 35.670544 0.000000
    endloop
  endfacet
  facet normal 0.000000 0.000000 -1.000000
    outer loop
      vertex 0.115289 33.329456 0.000000
      vertex 0.115289 35.670544 0.000000
      vertex 0.456723 36.796101 0.000000
    endloop
  endfacet
  facet normal 0.000000 0.000000 -1.000000
    outer loop
      vertex 0.456723 32.203899 0.000000
      vertex 0.456723 36.796101 0.000000
      vertex 1.011183 37.833420 0.000000
    endloop
  endfacet
  facet normal -0.995185 0.098017 0.000000
    outer loop
      vertex 0.000000 34.500000 0.000000
      vertex 0.115289 35.670544 3.000000
      vertex 0.115289 35.670544 0.000000
    endloop
  endfacet
  facet normal 0.000000 0.000000 -1.000000
    outer loop
      vertex 1.011183 31.166578 0.000000
      vertex 1.011183 37.833420 0.000000
      vertex 1.757360 38.742641 0.000000
    endloop
  endfacet
  facet normal -0.995185 0.098017 0.000000
    outer loop
      vertex 0.000000 34.500000 0.000000
      vertex 0.000000 34.500000 3.000000
      vertex 0.115289 35.670544 3.000000
    endloop
  endfacet
  facet normal -0.956940 0.290285 0.000000
    outer loop
      vertex 0.115289 35.670544 0.000000
      vertex 0.456723 36.796101 3.000000
      vertex 0.456723 36.796101 0.000000
    endloop
  endfacet
  facet normal 0.000000 0.000000 -1.000000
    outer loop
      vertex 1.757360 30.257359 0.000000
      vertex 1.757360 38.742641 0.000000
      vertex 2.666578 39.488819 0.000000
    endloop
  endfacet
  facet normal -0.956940 0.290285 0.000000
    outer loop
      vertex 0.115289 35.670544 0.000000
      vertex 0.115289 35.670544 3.000000
      vertex 0.456723 36.796101 3.000000
    endloop
  endfacet
  facet normal -0.881921 0.471397 0.000000
    outer loop
      vertex 0.456723 36.796101 0.000000
      vertex 0.456723 36.796101 3.000000
      vertex 1.011183 37.833420 3.000000
    endloop
  endfacet
  facet normal 0.000000 0.000000 -1.000000
    outer loop
      vertex 3.703899 28.956722 0.000000
      vertex 4.829458 40.384712 0.000000
      vertex 4.300000 34.500000 0.000000
    endloop
  endfacet
  facet normal 0.000000 0.000000 -1.000000
    outer loop
      vertex 2.666578 29.511183 0.000000
      vertex 2.666578 39.488819 0.000000
      vertex 3.703899 40.043278 0.000000
    endloop
  endfacet
  facet normal 0.000000 0.000000 -1.000000
    outer loop
      vertex 3.703899 28.956722 0.000000
      vertex 3.703899 40.043278 0.000000
      vertex 4.829458 40.384712 0.000000
    endloop
  endfacet
  facet normal 0.000000 0.000000 1.000000
    outer loop
      vertex 0.115289 33.329456 3.000000
      vertex 0.115289 35.670544 3.000000
      vertex 0.000000 34.500000 3.000000
    endloop
  endfacet
  facet normal 0.000000 0.000000 1.000000
    outer loop
      vertex 0.115289 33.329456 3.000000
      vertex 0.456723 36.796101 3.000000
      vertex 0.115289 35.670544 3.000000
    endloop
  endfacet
  facet normal 0.000000 0.000000 1.000000
    outer loop
      vertex 0.456723 32.203899 3.000000
      vertex 1.011183 37.833420 3.000000
      vertex 0.456723 36.796101 3.000000
    endloop
  endfacet
  facet normal 0.000000 0.000000 1.000000
    outer loop
      vertex 1.011183 31.166578 3.000000
      vertex 1.757360 38.742641 3.000000
      vertex 1.011183 37.833420 3.000000
    endloop
  endfacet
  facet normal 0.000000 0.000000 1.000000
    outer loop
      vertex 1.757360 30.257359 3.000000
      vertex 2.666578 39.488819 3.000000
      vertex 1.757360 38.742641 3.000000
    endloop
  endfacet
  facet normal 0.000000 0.000000 1.000000
    outer loop
      vertex 3.600000 31.400000 3.000000
      vertex 4.357926 34.939991 3.000000
      vertex 3.600000 37.599998 3.000000
    endloop
  endfacet
  facet normal 0.000000 0.000000 1.000000
    outer loop
      vertex 2.666578 29.511183 3.000000
      vertex 3.600000 37.599998 3.000000
      vertex 3.600000 39.599998 3.000000
    endloop
  endfacet
  facet normal 0.000000 0.000000 1.000000
    outer loop
      vertex 2.666578 29.511183 3.000000
      vertex 3.600000 39.599998 3.000000
      vertex 2.666578 39.488819 3.000000
    endloop
  endfacet
  facet normal 0.000000 0.000000 1.000000
    outer loop
      vertex 3.600000 37.599998 3.000000
      vertex 4.357926 34.939991 3.000000
      vertex 4.527757 35.349998 3.000000
    endloop
  endfacet
  facet normal 0.000000 0.000000 1.000000
    outer loop
      vertex 3.600000 37.599998 3.000000
      vertex 4.527757 35.349998 3.000000
      vertex 4.797918 35.702080 3.000000
    endloop
  endfacet
  facet normal -0.881921 0.471397 0.000000
    outer loop
      vertex 0.456723 36.796101 0.000000
      vertex 1.011183 37.833420 3.000000
      vertex 1.011183 37.833420 0.000000
    endloop
  endfacet
  facet normal -0.773011 0.634392 0.000000
    outer loop
      vertex 1.011183 37.833420 0.000000
      vertex 1.757360 38.742641 3.000000
      vertex 1.757360 38.742641 0.000000
    endloop
  endfacet
  facet normal -0.773011 0.634392 0.000000
    outer loop
      vertex 1.011183 37.833420 0.000000
      vertex 1.011183 37.833420 3.000000
      vertex 1.757360 38.742641 3.000000
    endloop
  endfacet
  facet normal -0.634394 0.773010 0.000000
    outer loop
      vertex 1.757360 38.742641 0.000000
      vertex 1.757360 38.742641 3.000000
      vertex 2.666578 39.488819 3.000000
    endloop
  endfacet
  facet normal -0.634394 0.773010 0.000000
    outer loop
      vertex 1.757360 38.742641 0.000000
      vertex 2.666578 39.488819 3.000000
      vertex 2.666578 39.488819 0.000000
    endloop
  endfacet
  facet normal -0.471396 0.881922 0.000000
    outer loop
      vertex 2.666578 39.488819 0.000000
      vertex 3.703899 40.043278 3.000000
      vertex 3.703899 40.043278 0.000000
    endloop
  endfacet
  facet normal -0.471396 0.881922 0.000000
    outer loop
      vertex 2.666578 39.488819 0.000000
      vertex 2.666578 39.488819 3.000000
      vertex 3.703899 40.043278 3.000000
    endloop
  endfacet
  facet normal -0.290285 0.956940 0.000000
    outer loop
      vertex 3.703899 40.043278 0.000000
      vertex 3.703899 40.043278 3.000000
      vertex 4.829458 40.384712 3.000000
    endloop
  endfacet
  facet normal 0.000000 0.000000 1.000000
    outer loop
      vertex 2.666578 39.488819 3.000000
      vertex 3.600000 39.599998 3.000000
      vertex 3.703899 40.043278 3.000000
    endloop
  endfacet
  facet normal 0.000000 0.000000 -1.000000
    outer loop
      vertex 4.829458 40.384712 0.000000
      vertex 4.357926 34.939991 0.000000
      vertex 4.300000 34.500000 0.000000
    endloop
  endfacet
  facet normal 0.000000 0.000000 -1.000000
    outer loop
      vertex 4.829458 40.384712 0.000000
      vertex 4.527757 35.349998 0.000000
      vertex 4.357926 34.939991 0.000000
    endloop
  endfacet
  facet normal 0.000000 0.000000 -1.000000
    outer loop
      vertex 4.829458 40.384712 0.000000
      vertex 4.797918 35.702080 0.000000
      vertex 4.527757 35.349998 0.000000
    endloop
  endfacet
  facet normal 0.000000 0.000000 -1.000000
    outer loop
      vertex 4.829458 40.384712 0.000000
      vertex 5.150000 35.972244 0.000000
      vertex 4.797918 35.702080 0.000000
    endloop
  endfacet
  facet normal 0.000000 0.000000 1.000000
    outer loop
      vertex 3.600000 37.599998 3.000000
      vertex 4.797918 35.702080 3.000000
      vertex 5.150000 35.972244 3.000000
    endloop
  endfacet
  facet normal 0.000000 0.000000 1.000000
    outer loop
      vertex 3.600000 37.599998 3.000000
      vertex 5.150000 35.972244 3.000000
      vertex 5.560008 36.142075 3.000000
    endloop
  endfacet
  facet normal 0.000000 0.000000 1.000000
    outer loop
      vertex 3.600000 37.599998 3.000000
      vertex 5.560008 36.142075 3.000000
      vertex 6.000000 37.599998 3.000000
    endloop
  endfacet
  facet normal 0.000000 0.000000 1.000000
    outer loop
      vertex 6.000000 37.599998 3.000000
      vertex 5.560008 36.142075 3.000000
      vertex 6.000000 36.200001 3.000000
    endloop
  endfacet
  facet normal 0.000000 0.000000 -1.000000
    outer loop
      vertex 4.829458 40.384712 0.000000
      vertex 5.560008 36.142075 0.000000
      vertex 5.150000 35.972244 0.000000
    endloop
  endfacet
  facet normal 0.000000 0.000000 -1.000000
    outer loop
      vertex 6.000000 40.500000 0.000000
      vertex 6.000000 36.200001 0.000000
      vertex 5.560008 36.142075 0.000000
    endloop
  endfacet
  facet normal 0.000000 0.000000 -1.000000
    outer loop
      vertex 4.829458 40.384712 0.000000
      vertex 6.000000 40.500000 0.000000
      vertex 5.560008 36.142075 0.000000
    endloop
  endfacet
  facet normal 0.000000 0.000000 1.000000
    outer loop
      vertex 3.600000 39.599998 3.000000
      vertex 6.000000 39.599998 3.000000
      vertex 3.703899 40.043278 3.000000
    endloop
  endfacet
  facet normal 0.000000 0.000000 1.000000
    outer loop
      vertex 3.703899 40.043278 3.000000
      vertex 6.000000 39.599998 3.000000
      vertex 4.829458 40.384712 3.000000
    endloop
  endfacet
  facet normal 0.000000 0.000000 1.000000
    outer loop
      vertex 6.000000 39.599998 3.000000
      vertex 6.000000 40.500000 3.000000
      vertex 4.829458 40.384712 3.000000
    endloop
  endfacet
  facet normal -0.290285 0.956940 0.000000
    outer loop
      vertex 3.703899 40.043278 0.000000
      vertex 4.829458 40.384712 3.000000
      vertex 4.829458 40.384712 0.000000
    endloop
  endfacet
  facet normal -0.098017 0.995185 0.000000
    outer loop
      vertex 4.829458 40.384712 0.000000
      vertex 6.000000 40.500000 3.000000
      vertex 6.000000 40.500000 0.000000
    endloop
  endfacet
  facet normal -0.098017 0.995185 0.000000
    outer loop
      vertex 4.829458 40.384712 0.000000
      vertex 4.829458 40.384712 3.000000
      vertex 6.000000 40.500000 3.000000
    endloop
  endfacet
  facet normal -0.581238 0.000000 0.813733
    outer loop
      vertex 3.600000 37.599998 3.000000
      vertex 12.000000 39.599998 9.000000
      vertex 3.600000 39.599998 3.000000
    endloop
  endfacet
  facet normal 0.000000 -1.000000 0.000000
    outer loop
      vertex 3.600000 37.599998 3.000000
      vertex 6.000000 37.599998 3.000000
      vertex 12.000000 37.599998 9.000000
    endloop
  endfacet
  facet normal 0.000000 1.000000 0.000000
    outer loop
      vertex 3.600000 39.599998 3.000000
      vertex 12.000000 39.599998 9.000000
      vertex 6.000000 39.599998 3.000000
    endloop
  endfacet
  facet normal 0.000000 -1.000000 0.000000
    outer loop
      vertex 6.000000 37.599998 3.000000
      vertex 12.000000 37.599998 3.000000
      vertex 12.000000 37.599998 9.000000
    endloop
  endfacet
  facet normal -0.581238 0.000000 0.813733
    outer loop
      vertex 3.600000 37.599998 3.000000
      vertex 12.000000 37.599998 9.000000
      vertex 12.000000 39.599998 9.000000
    endloop
  endfacet
  facet normal 0.000000 1.000000 0.000000
    outer loop
      vertex 6.000000 39.599998 3.000000
      vertex 12.000000 39.599998 9.000000
      vertex 12.000000 39.599998 3.000000
    endloop
  endfacet
  facet normal -0.581238 0.000000 0.813733
    outer loop
      vertex 3.600000 29.400000 3.000000
      vertex 12.000000 31.400000 9.000000
      vertex 3.600000 31.400000 3.000000
    endloop
  endfacet
  facet normal 0.000000 -1.000000 0.000000
    outer loop
      vertex 3.600000 29.400000 3.000000
      vertex 6.000000 29.400000 3.000000
      vertex 12.000000 29.400000 9.000000
    endloop
  endfacet
  facet normal 0.000000 1.000000 0.000000
    outer loop
      vertex 3.600000 31.400000 3.000000
      vertex 12.000000 31.400000 9.000000
      vertex 6.000000 31.400000 3.000000
    endloop
  endfacet
  facet normal 0.000000 -1.000000 0.000000
    outer loop
      vertex 6.000000 29.400000 3.000000
      vertex 12.000000 29.400000 3.000000
      vertex 12.000000 29.400000 9.000000
    endloop
  endfacet
  facet normal -0.581238 0.000000 0.813733
    outer loop
      vertex 3.600000 29.400000 3.000000
      vertex 12.000000 29.400000 9.000000
      vertex 12.000000 31.400000 9.000000
    endloop
  endfacet
  facet normal 0.000000 1.000000 0.000000
    outer loop
      vertex 6.000000 31.400000 3.000000
      vertex 12.000000 31.400000 9.000000
      vertex 12.000000 31.400000 3.000000
    endloop
  endfacet
  facet normal -1.000000 0.000000 0.000000
    outer loop
      vertex 30.000000 2.000000 23.766216
      vertex 30.000000 2.000000 25.150000
      vertex 30.000000 5.200000 25.150000
    endloop
  endfacet
  facet normal 0.000000 0.396911 -0.917857
    outer loop
      vertex 30.000000 2.000000 23.766216
      vertex 30.000000 5.200000 25.150000
      vertex 40.000000 5.200000 25.150000
    endloop
  endfacet
  facet normal 0.000000 0.000000 1.000000
    outer loop
      vertex 30.000000 2.000000 25.150000
      vertex 40.000000 2.000000 25.150000
      vertex 30.000000 5.200000 25.150000
    endloop
  endfacet
  facet normal 0.000000 0.396911 -0.917857
    outer loop
      vertex 30.000000 2.000000 23.766216
      vertex 40.000000 5.200000 25.150000
      vertex 40.000000 2.000000 23.766216
    endloop
  endfacet
  facet normal 0.000000 0.000000 1.000000
    outer loop
      vertex 30.000000 5.200000 25.150000
      vertex 40.000000 2.000000 25.150000
      vertex 40.000000 5.200000 25.150000
    endloop
  endfacet
  facet normal 1.000000 0.000000 0.000000
    outer loop
      vertex 40.000000 2.000000 23.766216
      vertex 40.000000 5.200000 25.150000
      vertex 40.000000 2.000000 25.150000
    endloop
  endfacet
  facet normal -1.000000 0.000000 0.000000
    outer loop
      vertex 30.000000 44.000000 23.766216
      vertex 30.000000 40.799999 25.150000
      vertex 30.000000 44.000000 25.150000
    endloop
  endfacet
  facet normal 0.000000 -0.396911 -0.917857
    outer loop
      vertex 30.000000 44.000000 23.766216
      vertex 40.000000 44.000000 23.766216
      vertex 30.000000 40.799999 25.150000
    endloop
  endfacet
  facet normal 0.000000 0.000000 1.000000
    outer loop
      vertex 30.000000 40.799999 25.150000
      vertex 40.000000 40.799999 25.150000
      vertex 30.000000 44.000000 25.150000
    endloop
  endfacet
  facet normal 0.000000 -0.396911 -0.917857
    outer loop
      vertex 30.000000 40.799999 25.150000
      vertex 40.000000 44.000000 23.766216
      vertex 40.000000 40.799999 25.150000
    endloop
  endfacet
  facet normal 0.000000 0.000000 1.000000
    outer loop
      vertex 30.000000 44.000000 25.150000
      vertex 40.000000 40.799999 25.150000
      vertex 40.000000 44.000000 25.150000
    endloop
  endfacet
  facet normal 1.000000 0.000000 0.000000
    outer loop
      vertex 40.000000 44.000000 23.766216
      vertex 40.000000 44.000000 25.150000
      vertex 40.000000 40.799999 25.150000
    endloop
  endfacet
  facet normal 0.000000 -1.000000 0.000000
    outer loop
      vertex 14.000000 18.000000 23.766216
      vertex 17.200001 18.000000 25.150000
      vertex 14.000000 18.000000 25.150000
    endloop
  endfacet
  facet normal 0.396911 0.000000 -0.917857
    outer loop
      vertex 14.000000 18.000000 23.766216
      vertex 14.000000 28.000000 23.766216
      vertex 17.200001 18.000000 25.150000
    endloop
  endfacet
  facet normal 0.000000 0.000000 1.000000
    outer loop
      vertex 14.000000 18.000000 25.150000
      vertex 17.200001 18.000000 25.150000
      vertex 17.200001 28.000000 25.150000
    endloop
  endfacet
  facet normal 0.000000 0.000000 1.000000
    outer loop
      vertex 14.000000 18.000000 25.150000
      vertex 17.200001 28.000000 25.150000
      vertex 14.000000 28.000000 25.150000
    endloop
  endfacet
  facet normal 0.396911 0.000000 -0.917857
    outer loop
      vertex 17.200001 18.000000 25.150000
      vertex 14.000000 28.000000 23.766216
      vertex 17.200001 28.000000 25.150000
    endloop
  endfacet
  facet normal 0.000000 1.000000 0.000000
    outer loop
      vertex 14.000000 28.000000 23.766216
      vertex 14.000000 28.000000 25.150000
      vertex 17.200001 28.000000 25.150000
    endloop
  endfacet
  facet normal 0.946930 0.321440 0.000000
    outer loop
      vertex 26.223145 19.364508 0.000000
      vertex 25.823704 20.541220 2.000000
      vertex 26.223145 19.364508 2.000000
    endloop
  endfacet
  facet normal 0.946930 0.321440 0.000000
    outer loop
      vertex 26.223145 19.364508 0.000000
      vertex 25.823704 20.541220 0.000000
      vertex 25.823704 20.541220 2.000000
    endloop
  endfacet
  facet normal 0.980785 0.195090 0.000000
    outer loop
      vertex 25.823704 20.541220 0.000000
      vertex 25.581274 21.760000 0.000000
      vertex 25.581274 21.760000 2.000000
    endloop
  endfacet
  facet normal 0.980785 0.195090 0.000000
    outer loop
      vertex 25.823704 20.541220 0.000000
      vertex 25.581274 21.760000 2.000000
      vertex 25.823704 20.541220 2.000000
    endloop
  endfacet
  facet normal 0.997859 0.065403 0.000000
    outer loop
      vertex 25.581274 21.760000 0.000000
      vertex 25.500000 23.000000 0.000000
      vertex 25.500000 23.000000 2.000000
    endloop
  endfacet
  facet normal 0.997859 0.065403 0.000000
    outer loop
      vertex 25.581274 21.760000 0.000000
      vertex 25.500000 23.000000 2.000000
      vertex 25.581274 21.760000 2.000000
    endloop
  endfacet
  facet normal 0.751839 0.659347 0.000000
    outer loop
      vertex 28.282486 16.282486 0.000000
      vertex 27.463142 17.216766 0.000000
      vertex 27.463142 17.216766 2.000000
    endloop
  endfacet
  facet normal 0.751839 0.659347 0.000000
    outer loop
      vertex 28.282486 16.282486 0.000000
      vertex 27.463142 17.216766 2.000000
      vertex 28.282486 16.282486 2.000000
    endloop
  endfacet
  facet normal 0.442288 0.896873 0.000000
    outer loop
      vertex 31.364508 14.223145 0.000000
      vertex 30.250000 14.772758 0.000000
      vertex 30.250000 14.772758 2.000000
    endloop
  endfacet
  facet normal 0.555570 0.831470 0.000000
    outer loop
      vertex 30.250000 14.772758 0.000000
      vertex 29.216766 15.463143 0.000000
      vertex 29.216766 15.463143 2.000000
    endloop
  endfacet
  facet normal 0.659346 0.751840 0.000000
    outer loop
      vertex 29.216766 15.463143 0.000000
      vertex 28.282486 16.282486 2.000000
      vertex 29.216766 15.463143 2.000000
    endloop
  endfacet
  facet normal 0.555570 0.831470 0.000000
    outer loop
      vertex 30.250000 14.772758 0.000000
      vertex 29.216766 15.463143 2.000000
      vertex 30.250000 14.772758 2.000000
    endloop
  endfacet
  facet normal 0.659346 0.751840 0.000000
    outer loop
      vertex 29.216766 15.463143 0.000000
      vertex 28.282486 16.282486 0.000000
      vertex 28.282486 16.282486 2.000000
    endloop
  endfacet
  facet normal 0.321439 0.946930 0.000000
    outer loop
      vertex 32.541222 13.823705 0.000000
      vertex 31.364508 14.223145 0.000000
      vertex 31.364508 14.223145 2.000000
    endloop
  endfacet
  facet normal 0.321439 0.946930 0.000000
    outer loop
      vertex 32.541222 13.823705 0.000000
      vertex 31.364508 14.223145 2.000000
      vertex 32.541222 13.823705 2.000000
    endloop
  endfacet
  facet normal 0.195090 0.980785 0.000000
    outer loop
      vertex 33.760002 13.581274 0.000000
      vertex 32.541222 13.823705 0.000000
      vertex 32.541222 13.823705 2.000000
    endloop
  endfacet
  facet normal 0.065403 0.997859 0.000000
    outer loop
      vertex 35.000000 13.500000 0.000000
      vertex 33.760002 13.581274 0.000000
      vertex 33.760002 13.581274 2.000000
    endloop
  endfacet
  facet normal 0.195090 0.980785 0.000000
    outer loop
      vertex 33.760002 13.581274 0.000000
      vertex 32.541222 13.823705 2.000000
      vertex 33.760002 13.581274 2.000000
    endloop
  endfacet
  facet normal 0.065403 0.997859 0.000000
    outer loop
      vertex 35.000000 13.500000 0.000000
      vertex 33.760002 13.581274 2.000000
      vertex 35.000000 13.500000 2.000000
    endloop
  endfacet
  facet normal 0.442288 0.896873 0.000000
    outer loop
      vertex 31.364508 14.223145 0.000000
      vertex 30.250000 14.772758 2.000000
      vertex 31.364508 14.223145 2.000000
    endloop
  endfacet
  facet normal 0.831470 0.555570 0.000000
    outer loop
      vertex 27.463142 17.216766 0.000000
      vertex 26.772758 18.250000 0.000000
      vertex 26.772758 18.250000 2.000000
    endloop
  endfacet
  facet normal 0.831470 0.555570 0.000000
    outer loop
      vertex 27.463142 17.216766 0.000000
      vertex 26.772758 18.250000 2.000000
      vertex 27.463142 17.216766 2.000000
    endloop
  endfacet
  facet normal 0.896873 0.442288 0.000000
    outer loop
      vertex 26.772758 18.250000 0.000000
      vertex 26.223145 19.364508 2.000000
      vertex 26.772758 18.250000 2.000000
    endloop
  endfacet
  facet normal 0.896873 0.442288 0.000000
    outer loop
      vertex 26.772758 18.250000 0.000000
      vertex 26.223145 19.364508 0.000000
      vertex 26.223145 19.364508 2.000000
    endloop
  endfacet
  facet normal 0.997859 -0.065403 0.000000
    outer loop
      vertex 25.500000 23.000000 0.000000
      vertex 25.581274 24.240000 0.000000
      vertex 25.581274 24.240000 2.000000
    endloop
  endfacet
  facet normal 0.997859 -0.065403 0.000000
    outer loop
      vertex 25.500000 23.000000 0.000000
      vertex 25.581274 24.240000 2.000000
      vertex 25.500000 23.000000 2.000000
    endloop
  endfacet
  facet normal 0.980785 -0.195090 0.000000
    outer loop
      vertex 25.581274 24.240000 0.000000
      vertex 25.823704 25.458780 0.000000
      vertex 25.823704 25.458780 2.000000
    endloop
  endfacet
  facet normal 0.980785 -0.195090 0.000000
    outer loop
      vertex 25.581274 24.240000 0.000000
      vertex 25.823704 25.458780 2.000000
      vertex 25.581274 24.240000 2.000000
    endloop
  endfacet
  facet normal 0.946930 -0.321440 0.000000
    outer loop
      vertex 25.823704 25.458780 0.000000
      vertex 26.223145 26.635492 2.000000
      vertex 25.823704 25.458780 2.000000
    endloop
  endfacet
  facet normal 0.946930 -0.321440 0.000000
    outer loop
      vertex 25.823704 25.458780 0.000000
      vertex 26.223145 26.635492 0.000000
      vertex 26.223145 26.635492 2.000000
    endloop
  endfacet
  facet normal 0.896873 -0.442288 0.000000
    outer loop
      vertex 26.223145 26.635492 0.000000
      vertex 26.772758 27.750000 2.000000
      vertex 26.223145 26.635492 2.000000
    endloop
  endfacet
  facet normal 0.896873 -0.442288 0.000000
    outer loop
      vertex 26.223145 26.635492 0.000000
      vertex 26.772758 27.750000 0.000000
      vertex 26.772758 27.750000 2.000000
    endloop
  endfacet
  facet normal 0.831470 -0.555570 0.000000
    outer loop
      vertex 26.772758 27.750000 0.000000
      vertex 27.463142 28.783234 0.000000
      vertex 27.463142 28.783234 2.000000
    endloop
  endfacet
  facet normal 0.831470 -0.555570 0.000000
    outer loop
      vertex 26.772758 27.750000 0.000000
      vertex 27.463142 28.783234 2.000000
      vertex 26.772758 27.750000 2.000000
    endloop
  endfacet
  facet normal 0.751839 -0.659347 0.000000
    outer loop
      vertex 27.463142 28.783234 0.000000
      vertex 28.282486 29.717514 0.000000
      vertex 28.282486 29.717514 2.000000
    endloop
  endfacet
  facet normal 0.751839 -0.659347 0.000000
    outer loop
      vertex 27.463142 28.783234 0.000000
      vertex 28.282486 29.717514 2.000000
      vertex 27.463142 28.783234 2.000000
    endloop
  endfacet
  facet normal 0.659347 -0.751839 0.000000
    outer loop
      vertex 29.216766 30.536858 2.000000
      vertex 28.282486 29.717514 2.000000
      vertex 28.282486 29.717514 0.000000
    endloop
  endfacet
  facet normal 0.659347 -0.751839 0.000000
    outer loop
      vertex 28.282486 29.717514 0.000000
      vertex 29.216766 30.536858 0.000000
      vertex 29.216766 30.536858 2.000000
    endloop
  endfacet
  facet normal 0.555570 -0.831470 0.000000
    outer loop
      vertex 30.250000 31.227242 2.000000
      vertex 29.216766 30.536858 0.000000
      vertex 30.250000 31.227242 0.000000
    endloop
  endfacet
  facet normal 0.555570 -0.831470 0.000000
    outer loop
      vertex 30.250000 31.227242 2.000000
      vertex 29.216766 30.536858 2.000000
      vertex 29.216766 30.536858 0.000000
    endloop
  endfacet
  facet normal 0.442288 -0.896873 0.000000
    outer loop
      vertex 31.364508 31.776855 2.000000
      vertex 30.250000 31.227242 2.000000
      vertex 30.250000 31.227242 0.000000
    endloop
  endfacet
  facet normal 0.442288 -0.896873 0.000000
    outer loop
      vertex 31.364508 31.776855 2.000000
      vertex 30.250000 31.227242 0.000000
      vertex 31.364508 31.776855 0.000000
    endloop
  endfacet
  facet normal 0.321440 -0.946930 0.000000
    outer loop
      vertex 32.541222 32.176296 2.000000
      vertex 31.364508 31.776855 0.000000
      vertex 32.541222 32.176296 0.000000
    endloop
  endfacet
  facet normal 0.321440 -0.946930 0.000000
    outer loop
      vertex 32.541222 32.176296 2.000000
      vertex 31.364508 31.776855 2.000000
      vertex 31.364508 31.776855 0.000000
    endloop
  endfacet
  facet normal 0.195091 -0.980785 0.000000
    outer loop
      vertex 33.760002 32.418728 2.000000
      vertex 32.541222 32.176296 0.000000
      vertex 33.760002 32.418728 0.000000
    endloop
  endfacet
  facet normal 0.065402 -0.997859 0.000000
    outer loop
      vertex 35.000000 32.500000 2.000000
      vertex 33.760002 32.418728 0.000000
      vertex 35.000000 32.500000 0.000000
    endloop
  endfacet
  facet normal 0.195091 -0.980785 0.000000
    outer loop
      vertex 33.760002 32.418728 2.000000
      vertex 32.541222 32.176296 2.000000
      vertex 32.541222 32.176296 0.000000
    endloop
  endfacet
  facet normal 0.065402 -0.997859 0.000000
    outer loop
      vertex 35.000000 32.500000 2.000000
      vertex 33.760002 32.418728 2.000000
      vertex 33.760002 32.418728 0.000000
    endloop
  endfacet
  facet normal -0.065403 0.997859 0.000000
    outer loop
      vertex 35.000000 13.500000 0.000000
      vertex 35.000000 13.500000 2.000000
      vertex 36.239998 13.581274 0.000000
    endloop
  endfacet
  facet normal -0.195090 0.980785 0.000000
    outer loop
      vertex 37.458778 13.823705 0.000000
      vertex 36.239998 13.581274 0.000000
      vertex 36.239998 13.581274 2.000000
    endloop
  endfacet
  facet normal -0.065403 0.997859 0.000000
    outer loop
      vertex 36.239998 13.581274 0.000000
      vertex 35.000000 13.500000 2.000000
      vertex 36.239998 13.581274 2.000000
    endloop
  endfacet
  facet normal -0.195090 0.980785 0.000000
    outer loop
      vertex 37.458778 13.823705 0.000000
      vertex 36.239998 13.581274 2.000000
      vertex 37.458778 13.823705 2.000000
    endloop
  endfacet
  facet normal -0.321439 0.946930 0.000000
    outer loop
      vertex 38.635490 14.223145 0.000000
      vertex 37.458778 13.823705 0.000000
      vertex 37.458778 13.823705 2.000000
    endloop
  endfacet
  facet normal -0.321439 0.946930 0.000000
    outer loop
      vertex 38.635490 14.223145 0.000000
      vertex 37.458778 13.823705 2.000000
      vertex 38.635490 14.223145 2.000000
    endloop
  endfacet
  facet normal -0.442288 0.896873 0.000000
    outer loop
      vertex 38.635490 14.223145 0.000000
      vertex 38.635490 14.223145 2.000000
      vertex 39.750000 14.772758 0.000000
    endloop
  endfacet
  facet normal -0.555570 0.831470 0.000000
    outer loop
      vertex 40.783234 15.463143 0.000000
      vertex 39.750000 14.772758 0.000000
      vertex 39.750000 14.772758 2.000000
    endloop
  endfacet
  facet normal -0.659346 0.751840 0.000000
    outer loop
      vertex 41.717514 16.282486 0.000000
      vertex 40.783234 15.463143 0.000000
      vertex 40.783234 15.463143 2.000000
    endloop
  endfacet
  facet normal -0.442288 0.896873 0.000000
    outer loop
      vertex 39.750000 14.772758 0.000000
      vertex 38.635490 14.223145 2.000000
      vertex 39.750000 14.772758 2.000000
    endloop
  endfacet
  facet normal -0.555570 0.831470 0.000000
    outer loop
      vertex 40.783234 15.463143 0.000000
      vertex 39.750000 14.772758 2.000000
      vertex 40.783234 15.463143 2.000000
    endloop
  endfacet
  facet normal -0.659346 0.751840 0.000000
    outer loop
      vertex 41.717514 16.282486 0.000000
      vertex 40.783234 15.463143 2.000000
      vertex 41.717514 16.282486 2.000000
    endloop
  endfacet
  facet normal -0.751839 0.659347 0.000000
    outer loop
      vertex 42.536858 17.216766 0.000000
      vertex 41.717514 16.282486 0.000000
      vertex 41.717514 16.282486 2.000000
    endloop
  endfacet
  facet normal -0.751839 0.659347 0.000000
    outer loop
      vertex 41.717514 16.282486 2.000000
      vertex 42.536858 17.216766 2.000000
      vertex 42.536858 17.216766 0.000000
    endloop
  endfacet
  facet normal -0.831470 0.555570 0.000000
    outer loop
      vertex 42.536858 17.216766 2.000000
      vertex 43.227242 18.250000 0.000000
      vertex 42.536858 17.216766 0.000000
    endloop
  endfacet
  facet normal -0.896873 0.442288 0.000000
    outer loop
      vertex 43.227242 18.250000 2.000000
      vertex 43.776855 19.364508 0.000000
      vertex 43.227242 18.250000 0.000000
    endloop
  endfacet
  facet normal -0.831470 0.555570 0.000000
    outer loop
      vertex 42.536858 17.216766 2.000000
      vertex 43.227242 18.250000 2.000000
      vertex 43.227242 18.250000 0.000000
    endloop
  endfacet
  facet normal -0.896873 0.442288 0.000000
    outer loop
      vertex 43.227242 18.250000 2.000000
      vertex 43.776855 19.364508 2.000000
      vertex 43.776855 19.364508 0.000000
    endloop
  endfacet
  facet normal -0.946930 0.321440 0.000000
    outer loop
      vertex 43.776855 19.364508 2.000000
      vertex 44.176296 20.541220 0.000000
      vertex 43.776855 19.364508 0.000000
    endloop
  endfacet
  facet normal -0.980785 0.195091 0.000000
    outer loop
      vertex 44.176296 20.541220 2.000000
      vertex 44.418728 21.760000 0.000000
      vertex 44.176296 20.541220 0.000000
    endloop
  endfacet
  facet normal -0.946930 0.321440 0.000000
    outer loop
      vertex 43.776855 19.364508 2.000000
      vertex 44.176296 20.541220 2.000000
      vertex 44.176296 20.541220 0.000000
    endloop
  endfacet
  facet normal -0.980785 0.195091 0.000000
    outer loop
      vertex 44.176296 20.541220 2.000000
      vertex 44.418728 21.760000 2.000000
      vertex 44.418728 21.760000 0.000000
    endloop
  endfacet
  facet normal -0.997859 0.065402 0.000000
    outer loop
      vertex 44.418728 21.760000 0.000000
      vertex 44.418728 21.760000 2.000000
      vertex 44.500000 23.000000 0.000000
    endloop
  endfacet
  facet normal -0.997859 0.065402 0.000000
    outer loop
      vertex 44.418728 21.760000 2.000000
      vertex 44.500000 23.000000 2.000000
      vertex 44.500000 23.000000 0.000000
    endloop
  endfacet
  facet normal -0.896873 -0.442288 0.000000
    outer loop
      vertex 43.776855 26.635492 2.000000
      vertex 43.227242 27.750000 0.000000
      vertex 43.776855 26.635492 0.000000
    endloop
  endfacet
  facet normal -0.831470 -0.555570 0.000000
    outer loop
      vertex 43.227242 27.750000 2.000000
      vertex 42.536858 28.783234 0.000000
      vertex 43.227242 27.750000 0.000000
    endloop
  endfacet
  facet normal -0.896873 -0.442288 0.000000
    outer loop
      vertex 43.776855 26.635492 2.000000
      vertex 43.227242 27.750000 2.000000
      vertex 43.227242 27.750000 0.000000
    endloop
  endfacet
  facet normal -0.831470 -0.555570 0.000000
    outer loop
      vertex 43.227242 27.750000 2.000000
      vertex 42.536858 28.783234 2.000000
      vertex 42.536858 28.783234 0.000000
    endloop
  endfacet
  facet normal -0.442288 -0.896873 0.000000
    outer loop
      vertex 39.750000 31.227242 2.000000
      vertex 38.635490 31.776855 2.000000
      vertex 38.635490 31.776855 0.000000
    endloop
  endfacet
  facet normal -0.065402 -0.997859 0.000000
    outer loop
      vertex 36.239998 32.418728 2.000000
      vertex 35.000000 32.500000 0.000000
      vertex 36.239998 32.418728 0.000000
    endloop
  endfacet
  facet normal -0.195091 -0.980785 0.000000
    outer loop
      vertex 37.458778 32.176296 2.000000
      vertex 36.239998 32.418728 0.000000
      vertex 37.458778 32.176296 0.000000
    endloop
  endfacet
  facet normal -0.065402 -0.997859 0.000000
    outer loop
      vertex 36.239998 32.418728 2.000000
      vertex 35.000000 32.500000 2.000000
      vertex 35.000000 32.500000 0.000000
    endloop
  endfacet
  facet normal -0.195091 -0.980785 0.000000
    outer loop
      vertex 37.458778 32.176296 2.000000
      vertex 36.239998 32.418728 2.000000
      vertex 36.239998 32.418728 0.000000
    endloop
  endfacet
  facet normal -0.321440 -0.946930 0.000000
    outer loop
      vertex 38.635490 31.776855 2.000000
      vertex 37.458778 32.176296 0.000000
      vertex 38.635490 31.776855 0.000000
    endloop
  endfacet
  facet normal -0.321440 -0.946930 0.000000
    outer loop
      vertex 38.635490 31.776855 2.000000
      vertex 37.458778 32.176296 2.000000
      vertex 37.458778 32.176296 0.000000
    endloop
  endfacet
  facet normal -0.659347 -0.751839 0.000000
    outer loop
      vertex 41.717514 29.717514 2.000000
      vertex 40.783234 30.536858 0.000000
      vertex 41.717514 29.717514 0.000000
    endloop
  endfacet
  facet normal -0.555570 -0.831470 0.000000
    outer loop
      vertex 40.783234 30.536858 2.000000
      vertex 39.750000 31.227242 0.000000
      vertex 40.783234 30.536858 0.000000
    endloop
  endfacet
  facet normal -0.442288 -0.896873 0.000000
    outer loop
      vertex 39.750000 31.227242 2.000000
      vertex 38.635490 31.776855 0.000000
      vertex 39.750000 31.227242 0.000000
    endloop
  endfacet
  facet normal -0.555570 -0.831470 0.000000
    outer loop
      vertex 40.783234 30.536858 2.000000
      vertex 39.750000 31.227242 2.000000
      vertex 39.750000 31.227242 0.000000
    endloop
  endfacet
  facet normal -0.659347 -0.751839 0.000000
    outer loop
      vertex 41.717514 29.717514 2.000000
      vertex 40.783234 30.536858 2.000000
      vertex 40.783234 30.536858 0.000000
    endloop
  endfacet
  facet normal -0.751839 -0.659347 0.000000
    outer loop
      vertex 42.536858 28.783234 2.000000
      vertex 41.717514 29.717514 0.000000
      vertex 42.536858 28.783234 0.000000
    endloop
  endfacet
  facet normal -0.751839 -0.659347 0.000000
    outer loop
      vertex 42.536858 28.783234 2.000000
      vertex 41.717514 29.717514 2.000000
      vertex 41.717514 29.717514 0.000000
    endloop
  endfacet
  facet normal -0.997859 -0.065402 0.000000
    outer loop
      vertex 44.500000 23.000000 0.000000
      vertex 44.500000 23.000000 2.000000
      vertex 44.418728 24.240000 0.000000
    endloop
  endfacet
  facet normal -0.997859 -0.065402 0.000000
    outer loop
      vertex 44.500000 23.000000 2.000000
      vertex 44.418728 24.240000 2.000000
      vertex 44.418728 24.240000 0.000000
    endloop
  endfacet
  facet normal -0.980785 -0.195091 0.000000
    outer loop
      vertex 44.418728 24.240000 2.000000
      vertex 44.176296 25.458780 0.000000
      vertex 44.418728 24.240000 0.000000
    endloop
  endfacet
  facet normal -0.946930 -0.321440 0.000000
    outer loop
      vertex 44.176296 25.458780 2.000000
      vertex 43.776855 26.635492 0.000000
      vertex 44.176296 25.458780 0.000000
    endloop
  endfacet
  facet normal -0.980785 -0.195091 0.000000
    outer loop
      vertex 44.418728 24.240000 2.000000
      vertex 44.176296 25.458780 2.000000
      vertex 44.176296 25.458780 0.000000
    endloop
  endfacet
  facet normal -0.946930 -0.321440 0.000000
    outer loop
      vertex 44.176296 25.458780 2.000000
      vertex 43.776855 26.635492 2.000000
      vertex 43.776855 26.635492 0.000000
    endloop
  endfacet
  facet normal 0.000000 1.000000 0.000000
    outer loop
      vertex 56.000000 13.000000 13.000000
      vertex 58.000000 13.000000 27.000000
      vertex 58.000000 13.000000 13.000000
    endloop
  endfacet
  facet normal 0.000000 0.000000 1.000000
    outer loop
      vertex 56.000000 33.000000 13.000000
      vertex 56.000000 13.000000 13.000000
      vertex 58.000000 13.000000 13.000000
    endloop
  endfacet
  facet normal 0.000000 1.000000 0.000000
    outer loop
      vertex 56.000000 13.000000 13.000000
      vertex 56.000000 13.000000 27.000000
      vertex 58.000000 13.000000 27.000000
    endloop
  endfacet
  facet normal 0.000000 0.000000 -1.000000
    outer loop
      vertex 56.000000 13.000000 27.000000
      vertex 58.000000 33.000000 27.000000
      vertex 58.000000 13.000000 27.000000
    endloop
  endfacet
  facet normal 0.000000 0.000000 1.000000
    outer loop
      vertex 58.000000 13.000000 13.000000
      vertex 58.000000 33.000000 13.000000
      vertex 56.000000 33.000000 13.000000
    endloop
  endfacet
  facet normal 0.000000 -1.000000 0.000000
    outer loop
      vertex 58.000000 33.000000 13.000000
      vertex 56.000000 33.000000 27.000000
      vertex 56.000000 33.000000 13.000000
    endloop
  endfacet
  facet normal 0.000000 0.000000 -1.000000
    outer loop
      vertex 58.000000 33.000000 27.000000
      vertex 56.000000 13.000000 27.000000
      vertex 56.000000 33.000000 27.000000
    endloop
  endfacet
  facet normal 0.000000 -1.000000 0.000000
    outer loop
      vertex 58.000000 33.000000 13.000000
      vertex 58.000000 33.000000 27.000000
      vertex 56.000000 33.000000 27.000000
    endloop
  endfacet
  facet normal 0.382683 0.923880 0.000000
    outer loop
      vertex 63.560009 9.857926 0.000000
      vertex 63.150002 10.027757 0.000000
      vertex 63.150002 10.027757 3.000000
    endloop
  endfacet
  facet normal 0.382683 0.923880 0.000000
    outer loop
      vertex 63.560009 9.857926 0.000000
      vertex 63.150002 10.027757 3.000000
      vertex 63.560009 9.857926 3.000000
    endloop
  endfacet
  facet normal 0.991445 0.130526 0.000000
    outer loop
      vertex 62.357925 11.060008 0.000000
      vertex 62.299999 11.500000 0.000000
      vertex 62.299999 11.500000 3.000000
    endloop
  endfacet
  facet normal 0.793350 0.608766 0.000000
    outer loop
      vertex 62.797920 10.297918 0.000000
      vertex 62.527756 10.650000 0.000000
      vertex 62.527756 10.650000 3.000000
    endloop
  endfacet
  facet normal 0.608762 0.793353 0.000000
    outer loop
      vertex 63.150002 10.027757 0.000000
      vertex 62.797920 10.297918 0.000000
      vertex 62.797920 10.297918 3.000000
    endloop
  endfacet
  facet normal 0.923880 0.382682 0.000000
    outer loop
      vertex 62.527756 10.650000 0.000000
      vertex 62.357925 11.060008 0.000000
      vertex 62.357925 11.060008 3.000000
    endloop
  endfacet
  facet normal 0.991445 0.130526 0.000000
    outer loop
      vertex 62.357925 11.060008 0.000000
      vertex 62.299999 11.500000 3.000000
      vertex 62.357925 11.060008 3.000000
    endloop
  endfacet
  facet normal 0.793350 0.608766 0.000000
    outer loop
      vertex 62.797920 10.297918 0.000000
      vertex 62.527756 10.650000 3.000000
      vertex 62.797920 10.297918 3.000000
    endloop
  endfacet
  facet normal 0.608762 0.793353 0.000000
    outer loop
      vertex 63.150002 10.027757 0.000000
      vertex 62.797920 10.297918 3.000000
      vertex 63.150002 10.027757 3.000000
    endloop
  endfacet
  facet normal 0.923880 0.382682 0.000000
    outer loop
      vertex 62.527756 10.650000 0.000000
      vertex 62.357925 11.060008 3.000000
      vertex 62.527756 10.650000 3.000000
    endloop
  endfacet
  facet normal 0.130527 0.991445 0.000000
    outer loop
      vertex 64.000000 9.800000 0.000000
      vertex 63.560009 9.857926 0.000000
      vertex 63.560009 9.857926 3.000000
    endloop
  endfacet
  facet normal -0.130528 0.991445 0.000000
    outer loop
      vertex 64.439987 9.857926 0.000000
      vertex 64.000000 9.800000 0.000000
      vertex 64.000000 9.800000 3.000000
    endloop
  endfacet
  facet normal -0.382680 0.923881 0.000000
    outer loop
      vertex 64.849998 10.027757 0.000000
      vertex 64.439987 9.857926 0.000000
      vertex 64.439987 9.857926 3.000000
    endloop
  endfacet
  facet normal 0.130527 0.991445 0.000000
    outer loop
      vertex 64.000000 9.800000 0.000000
      vertex 63.560009 9.857926 3.000000
      vertex 64.000000 9.800000 3.000000
    endloop
  endfacet
  facet normal -0.130528 0.991445 0.000000
    outer loop
      vertex 64.439987 9.857926 0.000000
      vertex 64.000000 9.800000 3.000000
      vertex 64.439987 9.857926 3.000000
    endloop
  endfacet
  facet normal -0.382680 0.923881 0.000000
    outer loop
      vertex 64.849998 10.027757 0.000000
      vertex 64.439987 9.857926 3.000000
      vertex 64.849998 10.027757 3.000000
    endloop
  endfacet
  facet normal -0.608762 0.793353 0.000000
    outer loop
      vertex 65.202080 10.297918 0.000000
      vertex 64.849998 10.027757 0.000000
      vertex 64.849998 10.027757 3.000000
    endloop
  endfacet
  facet normal -0.793350 0.608766 0.000000
    outer loop
      vertex 65.472244 10.650000 0.000000
      vertex 65.202080 10.297918 0.000000
      vertex 65.202080 10.297918 3.000000
    endloop
  endfacet
  facet normal -0.923880 0.382682 0.000000
    outer loop
      vertex 65.472244 10.650000 3.000000
      vertex 65.642075 11.060008 0.000000
      vertex 65.472244 10.650000 0.000000
    endloop
  endfacet
  facet normal -0.608762 0.793353 0.000000
    outer loop
      vertex 65.202080 10.297918 0.000000
      vertex 64.849998 10.027757 3.000000
      vertex 65.202080 10.297918 3.000000
    endloop
  endfacet
  facet normal -0.793350 0.608766 0.000000
    outer loop
      vertex 65.202080 10.297918 3.000000
      vertex 65.472244 10.650000 3.000000
      vertex 65.472244 10.650000 0.000000
    endloop
  endfacet
  facet normal -0.923880 0.382682 0.000000
    outer loop
      vertex 65.472244 10.650000 3.000000
      vertex 65.642075 11.060008 3.000000
      vertex 65.642075 11.060008 0.000000
    endloop
  endfacet
  facet normal -0.991446 0.130518 0.000000
    outer loop
      vertex 65.642075 11.060008 3.000000
      vertex 65.699997 11.500000 0.000000
      vertex 65.642075 11.060008 0.000000
    endloop
  endfacet
  facet normal -0.991446 0.130518 0.000000
    outer loop
      vertex 65.642075 11.060008 3.000000
      vertex 65.699997 11.500000 3.000000
      vertex 65.699997 11.500000 0.000000
    endloop
  endfacet
  facet normal 0.991445 -0.130526 0.000000
    outer loop
      vertex 62.299999 11.500000 0.000000
      vertex 62.357925 11.939992 0.000000
      vertex 62.357925 11.939992 3.000000
    endloop
  endfacet
  facet normal 0.923880 -0.382682 0.000000
    outer loop
      vertex 62.357925 11.939992 0.000000
      vertex 62.527756 12.350000 0.000000
      vertex 62.527756 12.350000 3.000000
    endloop
  endfacet
  facet normal 0.793350 -0.608766 0.000000
    outer loop
      vertex 62.527756 12.350000 0.000000
      vertex 62.797920 12.702082 0.000000
      vertex 62.797920 12.702082 3.000000
    endloop
  endfacet
  facet normal 0.608762 -0.793353 0.000000
    outer loop
      vertex 62.797920 12.702082 0.000000
      vertex 63.150002 12.972243 0.000000
      vertex 63.150002 12.972243 3.000000
    endloop
  endfacet
  facet normal 0.991445 -0.130526 0.000000
    outer loop
      vertex 62.299999 11.500000 0.000000
      vertex 62.357925 11.939992 3.000000
      vertex 62.299999 11.500000 3.000000
    endloop
  endfacet
  facet normal 0.923880 -0.382682 0.000000
    outer loop
      vertex 62.357925 11.939992 3.000000
      vertex 62.357925 11.939992 0.000000
      vertex 62.527756 12.350000 3.000000
    endloop
  endfacet
  facet normal 0.793350 -0.608766 0.000000
    outer loop
      vertex 62.527756 12.350000 0.000000
      vertex 62.797920 12.702082 3.000000
      vertex 62.527756 12.350000 3.000000
    endloop
  endfacet
  facet normal 0.608762 -0.793353 0.000000
    outer loop
      vertex 62.797920 12.702082 0.000000
      vertex 63.150002 12.972243 3.000000
      vertex 62.797920 12.702082 3.000000
    endloop
  endfacet
  facet normal 0.382683 -0.923880 0.000000
    outer loop
      vertex 63.150002 12.972243 0.000000
      vertex 63.560009 13.142074 0.000000
      vertex 63.560009 13.142074 3.000000
    endloop
  endfacet
  facet normal 0.382683 -0.923880 0.000000
    outer loop
      vertex 63.150002 12.972243 0.000000
      vertex 63.560009 13.142074 3.000000
      vertex 63.150002 12.972243 3.000000
    endloop
  endfacet
  facet normal -0.923880 -0.382682 0.000000
    outer loop
      vertex 65.642075 11.939992 0.000000
      vertex 65.642075 11.939992 3.000000
      vertex 65.472244 12.350000 0.000000
    endloop
  endfacet
  facet normal -0.793350 -0.608766 0.000000
    outer loop
      vertex 65.202080 12.702082 0.000000
      vertex 65.472244 12.350000 0.000000
      vertex 65.472244 12.350000 3.000000
    endloop
  endfacet
  facet normal -0.608762 -0.793353 0.000000
    outer loop
      vertex 64.849998 12.972243 0.000000
      vertex 65.202080 12.702082 0.000000
      vertex 65.202080 12.702082 3.000000
    endloop
  endfacet
  facet normal -0.923880 -0.382682 0.000000
    outer loop
      vertex 65.472244 12.350000 0.000000
      vertex 65.642075 11.939992 3.000000
      vertex 65.472244 12.350000 3.000000
    endloop
  endfacet
  facet normal -0.608762 -0.793353 0.000000
    outer loop
      vertex 64.849998 12.972243 0.000000
      vertex 65.202080 12.702082 3.000000
      vertex 64.849998 12.972243 3.000000
    endloop
  endfacet
  facet normal -0.793350 -0.608766 0.000000
    outer loop
      vertex 65.472244 12.350000 3.000000
      vertex 65.202080 12.702082 3.000000
      vertex 65.202080 12.702082 0.000000
    endloop
  endfacet
  facet normal 0.130527 -0.991445 0.000000
    outer loop
      vertex 63.560009 13.142074 0.000000
      vertex 64.000000 13.200000 0.000000
      vertex 64.000000 13.200000 3.000000
    endloop
  endfacet
  facet normal -0.130528 -0.991445 0.000000
    outer loop
      vertex 64.000000 13.200000 0.000000
      vertex 64.439987 13.142074 0.000000
      vertex 64.439987 13.142074 3.000000
    endloop
  endfacet
  facet normal -0.382680 -0.923881 0.000000
    outer loop
      vertex 64.439987 13.142074 0.000000
      vertex 64.849998 12.972243 0.000000
      vertex 64.849998 12.972243 3.000000
    endloop
  endfacet
  facet normal 0.130527 -0.991445 0.000000
    outer loop
      vertex 63.560009 13.142074 0.000000
      vertex 64.000000 13.200000 3.000000
      vertex 63.560009 13.142074 3.000000
    endloop
  endfacet
  facet normal -0.130528 -0.991445 0.000000
    outer loop
      vertex 64.000000 13.200000 0.000000
      vertex 64.439987 13.142074 3.000000
      vertex 64.000000 13.200000 3.000000
    endloop
  endfacet
  facet normal -0.382680 -0.923881 0.000000
    outer loop
      vertex 64.439987 13.142074 0.000000
      vertex 64.849998 12.972243 3.000000
      vertex 64.439987 13.142074 3.000000
    endloop
  endfacet
  facet normal -0.991446 -0.130518 0.000000
    outer loop
      vertex 65.699997 11.500000 3.000000
      vertex 65.642075 11.939992 0.000000
      vertex 65.699997 11.500000 0.000000
    endloop
  endfacet
  facet normal -0.991446 -0.130518 0.000000
    outer loop
      vertex 65.699997 11.500000 3.000000
      vertex 65.642075 11.939992 3.000000
      vertex 65.642075 11.939992 0.000000
    endloop
  endfacet
  facet normal 0.382683 0.923880 0.000000
    outer loop
      vertex 63.560009 32.857925 0.000000
      vertex 63.150002 33.027756 0.000000
      vertex 63.150002 33.027756 3.000000
    endloop
  endfacet
  facet normal 0.382683 0.923880 0.000000
    outer loop
      vertex 63.560009 32.857925 0.000000
      vertex 63.150002 33.027756 3.000000
      vertex 63.560009 32.857925 3.000000
    endloop
  endfacet
  facet normal 0.991445 0.130527 0.000000
    outer loop
      vertex 62.357925 34.060009 0.000000
      vertex 62.299999 34.500000 0.000000
      vertex 62.299999 34.500000 3.000000
    endloop
  endfacet
  facet normal 0.793350 0.608766 0.000000
    outer loop
      vertex 62.797920 33.297920 0.000000
      vertex 62.527756 33.650002 0.000000
      vertex 62.527756 33.650002 3.000000
    endloop
  endfacet
  facet normal 0.608766 0.793350 0.000000
    outer loop
      vertex 63.150002 33.027756 0.000000
      vertex 62.797920 33.297920 0.000000
      vertex 62.797920 33.297920 3.000000
    endloop
  endfacet
  facet normal 0.923880 0.382683 0.000000
    outer loop
      vertex 62.527756 33.650002 0.000000
      vertex 62.357925 34.060009 0.000000
      vertex 62.357925 34.060009 3.000000
    endloop
  endfacet
  facet normal 0.991445 0.130527 0.000000
    outer loop
      vertex 62.357925 34.060009 0.000000
      vertex 62.299999 34.500000 3.000000
      vertex 62.357925 34.060009 3.000000
    endloop
  endfacet
  facet normal 0.793350 0.608766 0.000000
    outer loop
      vertex 62.797920 33.297920 0.000000
      vertex 62.527756 33.650002 3.000000
      vertex 62.797920 33.297920 3.000000
    endloop
  endfacet
  facet normal 0.608766 0.793350 0.000000
    outer loop
      vertex 63.150002 33.027756 0.000000
      vertex 62.797920 33.297920 3.000000
      vertex 63.150002 33.027756 3.000000
    endloop
  endfacet
  facet normal 0.923880 0.382683 0.000000
    outer loop
      vertex 62.527756 33.650002 3.000000
      vertex 62.527756 33.650002 0.000000
      vertex 62.357925 34.060009 3.000000
    endloop
  endfacet
  facet normal 0.130527 0.991445 0.000000
    outer loop
      vertex 64.000000 32.799999 0.000000
      vertex 63.560009 32.857925 0.000000
      vertex 63.560009 32.857925 3.000000
    endloop
  endfacet
  facet normal -0.130528 0.991445 0.000000
    outer loop
      vertex 64.439987 32.857925 0.000000
      vertex 64.000000 32.799999 0.000000
      vertex 64.000000 32.799999 3.000000
    endloop
  endfacet
  facet normal -0.382680 0.923881 0.000000
    outer loop
      vertex 64.849998 33.027756 0.000000
      vertex 64.439987 32.857925 0.000000
      vertex 64.439987 32.857925 3.000000
    endloop
  endfacet
  facet normal 0.130527 0.991445 0.000000
    outer loop
      vertex 64.000000 32.799999 0.000000
      vertex 63.560009 32.857925 3.000000
      vertex 64.000000 32.799999 3.000000
    endloop
  endfacet
  facet normal -0.130528 0.991445 0.000000
    outer loop
      vertex 64.439987 32.857925 0.000000
      vertex 64.000000 32.799999 3.000000
      vertex 64.439987 32.857925 3.000000
    endloop
  endfacet
  facet normal -0.382680 0.923881 0.000000
    outer loop
      vertex 64.849998 33.027756 0.000000
      vertex 64.439987 32.857925 3.000000
      vertex 64.849998 33.027756 3.000000
    endloop
  endfacet
  facet normal -0.608766 0.793350 0.000000
    outer loop
      vertex 65.202080 33.297920 0.000000
      vertex 64.849998 33.027756 0.000000
      vertex 64.849998 33.027756 3.000000
    endloop
  endfacet
  facet normal -0.793350 0.608766 0.000000
    outer loop
      vertex 65.472244 33.650002 0.000000
      vertex 65.202080 33.297920 0.000000
      vertex 65.202080 33.297920 3.000000
    endloop
  endfacet
  facet normal -0.923880 0.382683 0.000000
    outer loop
      vertex 65.472244 33.650002 0.000000
      vertex 65.472244 33.650002 3.000000
      vertex 65.642075 34.060009 0.000000
    endloop
  endfacet
  facet normal -0.608766 0.793350 0.000000
    outer loop
      vertex 65.202080 33.297920 0.000000
      vertex 64.849998 33.027756 3.000000
      vertex 65.202080 33.297920 3.000000
    endloop
  endfacet
  facet normal -0.793350 0.608766 0.000000
    outer loop
      vertex 65.202080 33.297920 3.000000
      vertex 65.472244 33.650002 3.000000
      vertex 65.472244 33.650002 0.000000
    endloop
  endfacet
  facet normal -0.923880 0.382683 0.000000
    outer loop
      vertex 65.472244 33.650002 3.000000
      vertex 65.642075 34.060009 3.000000
      vertex 65.642075 34.060009 0.000000
    endloop
  endfacet
  facet normal -0.991446 0.130518 0.000000
    outer loop
      vertex 65.642075 34.060009 3.000000
      vertex 65.699997 34.500000 0.000000
      vertex 65.642075 34.060009 0.000000
    endloop
  endfacet
  facet normal -0.991446 0.130518 0.000000
    outer loop
      vertex 65.642075 34.060009 3.000000
      vertex 65.699997 34.500000 3.000000
      vertex 65.699997 34.500000 0.000000
    endloop
  endfacet
  facet normal 0.991445 -0.130527 0.000000
    outer loop
      vertex 62.299999 34.500000 0.000000
      vertex 62.357925 34.939991 0.000000
      vertex 62.357925 34.939991 3.000000
    endloop
  endfacet
  facet normal 0.923880 -0.382683 0.000000
    outer loop
      vertex 62.357925 34.939991 0.000000
      vertex 62.527756 35.349998 0.000000
      vertex 62.527756 35.349998 3.000000
    endloop
  endfacet
  facet normal 0.793350 -0.608766 0.000000
    outer loop
      vertex 62.527756 35.349998 0.000000
      vertex 62.797920 35.702080 0.000000
      vertex 62.797920 35.702080 3.000000
    endloop
  endfacet
  facet normal 0.608766 -0.793350 0.000000
    outer loop
      vertex 62.797920 35.702080 0.000000
      vertex 63.150002 35.972244 0.000000
      vertex 63.150002 35.972244 3.000000
    endloop
  endfacet
  facet normal 0.991445 -0.130527 0.000000
    outer loop
      vertex 62.299999 34.500000 0.000000
      vertex 62.357925 34.939991 3.000000
      vertex 62.299999 34.500000 3.000000
    endloop
  endfacet
  facet normal 0.923880 -0.382683 0.000000
    outer loop
      vertex 62.357925 34.939991 0.000000
      vertex 62.527756 35.349998 3.000000
      vertex 62.357925 34.939991 3.000000
    endloop
  endfacet
  facet normal 0.793350 -0.608766 0.000000
    outer loop
      vertex 62.527756 35.349998 0.000000
      vertex 62.797920 35.702080 3.000000
      vertex 62.527756 35.349998 3.000000
    endloop
  endfacet
  facet normal 0.608766 -0.793350 0.000000
    outer loop
      vertex 62.797920 35.702080 0.000000
      vertex 63.150002 35.972244 3.000000
      vertex 62.797920 35.702080 3.000000
    endloop
  endfacet
  facet normal 0.382683 -0.923880 0.000000
    outer loop
      vertex 63.150002 35.972244 0.000000
      vertex 63.560009 36.142075 0.000000
      vertex 63.560009 36.142075 3.000000
    endloop
  endfacet
  facet normal 0.382683 -0.923880 0.000000
    outer loop
      vertex 63.150002 35.972244 0.000000
      vertex 63.560009 36.142075 3.000000
      vertex 63.150002 35.972244 3.000000
    endloop
  endfacet
  facet normal -0.923880 -0.382683 0.000000
    outer loop
      vertex 65.472244 35.349998 0.000000
      vertex 65.642075 34.939991 0.000000
      vertex 65.642075 34.939991 3.000000
    endloop
  endfacet
  facet normal -0.793350 -0.608766 0.000000
    outer loop
      vertex 65.202080 35.702080 0.000000
      vertex 65.472244 35.349998 0.000000
      vertex 65.472244 35.349998 3.000000
    endloop
  endfacet
  facet normal -0.608766 -0.793350 0.000000
    outer loop
      vertex 64.849998 35.972244 0.000000
      vertex 65.202080 35.702080 0.000000
      vertex 65.202080 35.702080 3.000000
    endloop
  endfacet
  facet normal -0.923880 -0.382683 0.000000
    outer loop
      vertex 65.472244 35.349998 0.000000
      vertex 65.642075 34.939991 3.000000
      vertex 65.472244 35.349998 3.000000
    endloop
  endfacet
  facet normal -0.608766 -0.793350 0.000000
    outer loop
      vertex 64.849998 35.972244 0.000000
      vertex 65.202080 35.702080 3.000000
      vertex 64.849998 35.972244 3.000000
    endloop
  endfacet
  facet normal -0.793350 -0.608766 0.000000
    outer loop
      vertex 65.472244 35.349998 3.000000
      vertex 65.202080 35.702080 3.000000
      vertex 65.202080 35.702080 0.000000
    endloop
  endfacet
  facet normal 0.130527 -0.991445 0.000000
    outer loop
      vertex 63.560009 36.142075 0.000000
      vertex 64.000000 36.200001 0.000000
      vertex 64.000000 36.200001 3.000000
    endloop
  endfacet
  facet normal -0.130528 -0.991445 0.000000
    outer loop
      vertex 64.000000 36.200001 0.000000
      vertex 64.439987 36.142075 0.000000
      vertex 64.439987 36.142075 3.000000
    endloop
  endfacet
  facet normal -0.382680 -0.923881 0.000000
    outer loop
      vertex 64.439987 36.142075 0.000000
      vertex 64.849998 35.972244 0.000000
      vertex 64.849998 35.972244 3.000000
    endloop
  endfacet
  facet normal 0.130527 -0.991445 0.000000
    outer loop
      vertex 63.560009 36.142075 0.000000
      vertex 64.000000 36.200001 3.000000
      vertex 63.560009 36.142075 3.000000
    endloop
  endfacet
  facet normal -0.130528 -0.991445 0.000000
    outer loop
      vertex 64.000000 36.200001 0.000000
      vertex 64.439987 36.142075 3.000000
      vertex 64.000000 36.200001 3.000000
    endloop
  endfacet
  facet normal -0.382680 -0.923881 0.000000
    outer loop
      vertex 64.439987 36.142075 0.000000
      vertex 64.849998 35.972244 3.000000
      vertex 64.439987 36.142075 3.000000
    endloop
  endfacet
  facet normal -0.991446 -0.130518 0.000000
    outer loop
      vertex 65.699997 34.500000 3.000000
      vertex 65.642075 34.939991 0.000000
      vertex 65.699997 34.500000 0.000000
    endloop
  endfacet
  facet normal -0.991446 -0.130518 0.000000
    outer loop
      vertex 65.699997 34.500000 3.000000
      vertex 65.642075 34.939991 3.000000
      vertex 65.642075 34.939991 0.000000
    endloop
  endfacet
  facet normal 0.991445 0.130525 0.000000
    outer loop
      vertex 4.357926 11.060008 0.000000
      vertex 4.300000 11.500000 0.000000
      vertex 4.300000 11.500000 3.000000
    endloop
  endfacet
  facet normal 0.991445 0.130525 0.000000
    outer loop
      vertex 4.357926 11.060008 0.000000
      vertex 4.300000 11.500000 3.000000
      vertex 4.357926 11.060008 3.000000
    endloop
  endfacet
  facet normal 0.382683 0.923880 0.000000
    outer loop
      vertex 5.560008 9.857926 0.000000
      vertex 5.150000 10.027757 0.000000
      vertex 5.150000 10.027757 3.000000
    endloop
  endfacet
  facet normal 0.130526 0.991445 0.000000
    outer loop
      vertex 6.000000 9.800000 0.000000
      vertex 5.560008 9.857926 0.000000
      vertex 5.560008 9.857926 3.000000
    endloop
  endfacet
  facet normal -0.130526 0.991445 0.000000
    outer loop
      vertex 6.000000 9.800000 3.000000
      vertex 6.439992 9.857926 0.000000
      vertex 6.000000 9.800000 0.000000
    endloop
  endfacet
  facet normal 0.382683 0.923880 0.000000
    outer loop
      vertex 5.150000 10.027757 3.000000
      vertex 5.560008 9.857926 3.000000
      vertex 5.560008 9.857926 0.000000
    endloop
  endfacet
  facet normal 0.130526 0.991445 0.000000
    outer loop
      vertex 6.000000 9.800000 0.000000
      vertex 5.560008 9.857926 3.000000
      vertex 6.000000 9.800000 3.000000
    endloop
  endfacet
  facet normal -0.130526 0.991445 0.000000
    outer loop
      vertex 6.000000 9.800000 3.000000
      vertex 6.439992 9.857926 3.000000
      vertex 6.439992 9.857926 0.000000
    endloop
  endfacet
  facet normal 0.608761 0.793354 0.000000
    outer loop
      vertex 5.150000 10.027757 0.000000
      vertex 4.797918 10.297918 0.000000
      vertex 4.797918 10.297918 3.000000
    endloop
  endfacet
  facet normal 0.793353 0.608762 0.000000
    outer loop
      vertex 4.797918 10.297918 0.000000
      vertex 4.527757 10.650000 0.000000
      vertex 4.527757 10.650000 3.000000
    endloop
  endfacet
  facet normal 0.923880 0.382683 0.000000
    outer loop
      vertex 4.527757 10.650000 0.000000
      vertex 4.357926 11.060008 0.000000
      vertex 4.357926 11.060008 3.000000
    endloop
  endfacet
  facet normal 0.793353 0.608762 0.000000
    outer loop
      vertex 4.797918 10.297918 0.000000
      vertex 4.527757 10.650000 3.000000
      vertex 4.797918 10.297918 3.000000
    endloop
  endfacet
  facet normal 0.608761 0.793354 0.000000
    outer loop
      vertex 4.797918 10.297918 3.000000
      vertex 5.150000 10.027757 3.000000
      vertex 5.150000 10.027757 0.000000
    endloop
  endfacet
  facet normal 0.923880 0.382683 0.000000
    outer loop
      vertex 4.527757 10.650000 0.000000
      vertex 4.357926 11.060008 3.000000
      vertex 4.527757 10.650000 3.000000
    endloop
  endfacet
  facet normal -0.382683 0.923880 0.000000
    outer loop
      vertex 6.439992 9.857926 3.000000
      vertex 6.850000 10.027757 0.000000
      vertex 6.439992 9.857926 0.000000
    endloop
  endfacet
  facet normal -0.382683 0.923880 0.000000
    outer loop
      vertex 6.439992 9.857926 3.000000
      vertex 6.850000 10.027757 3.000000
      vertex 6.850000 10.027757 0.000000
    endloop
  endfacet
  facet normal -0.608761 0.793354 0.000000
    outer loop
      vertex 6.850000 10.027757 3.000000
      vertex 7.202082 10.297918 0.000000
      vertex 6.850000 10.027757 0.000000
    endloop
  endfacet
  facet normal -0.793353 0.608762 0.000000
    outer loop
      vertex 7.202082 10.297918 3.000000
      vertex 7.472243 10.650000 0.000000
      vertex 7.202082 10.297918 0.000000
    endloop
  endfacet
  facet normal -0.923880 0.382683 0.000000
    outer loop
      vertex 7.472243 10.650000 3.000000
      vertex 7.642074 11.060008 0.000000
      vertex 7.472243 10.650000 0.000000
    endloop
  endfacet
  facet normal -0.991445 0.130525 0.000000
    outer loop
      vertex 7.642074 11.060008 3.000000
      vertex 7.700000 11.500000 0.000000
      vertex 7.642074 11.060008 0.000000
    endloop
  endfacet
  facet normal -0.608761 0.793354 0.000000
    outer loop
      vertex 6.850000 10.027757 3.000000
      vertex 7.202082 10.297918 3.000000
      vertex 7.202082 10.297918 0.000000
    endloop
  endfacet
  facet normal -0.793353 0.608762 0.000000
    outer loop
      vertex 7.202082 10.297918 3.000000
      vertex 7.472243 10.650000 3.000000
      vertex 7.472243 10.650000 0.000000
    endloop
  endfacet
  facet normal -0.923880 0.382683 0.000000
    outer loop
      vertex 7.472243 10.650000 3.000000
      vertex 7.642074 11.060008 3.000000
      vertex 7.642074 11.060008 0.000000
    endloop
  endfacet
  facet normal -0.991445 0.130525 0.000000
    outer loop
      vertex 7.642074 11.060008 3.000000
      vertex 7.700000 11.500000 3.000000
      vertex 7.700000 11.500000 0.000000
    endloop
  endfacet
  facet normal 0.991445 -0.130525 0.000000
    outer loop
      vertex 4.300000 11.500000 0.000000
      vertex 4.357926 11.939992 0.000000
      vertex 4.357926 11.939992 3.000000
    endloop
  endfacet
  facet normal 0.991445 -0.130525 0.000000
    outer loop
      vertex 4.300000 11.500000 0.000000
      vertex 4.357926 11.939992 3.000000
      vertex 4.300000 11.500000 3.000000
    endloop
  endfacet
  facet normal 0.923880 -0.382683 0.000000
    outer loop
      vertex 4.357926 11.939992 0.000000
      vertex 4.527757 12.350000 0.000000
      vertex 4.527757 12.350000 3.000000
    endloop
  endfacet
  facet normal 0.793353 -0.608762 0.000000
    outer loop
      vertex 4.527757 12.350000 0.000000
      vertex 4.797918 12.702082 0.000000
      vertex 4.797918 12.702082 3.000000
    endloop
  endfacet
  facet normal 0.608761 -0.793354 0.000000
    outer loop
      vertex 4.797918 12.702082 0.000000
      vertex 5.150000 12.972243 0.000000
      vertex 5.150000 12.972243 3.000000
    endloop
  endfacet
  facet normal 0.923880 -0.382683 0.000000
    outer loop
      vertex 4.527757 12.350000 3.000000
      vertex 4.357926 11.939992 3.000000
      vertex 4.357926 11.939992 0.000000
    endloop
  endfacet
  facet normal 0.793353 -0.608762 0.000000
    outer loop
      vertex 4.527757 12.350000 0.000000
      vertex 4.797918 12.702082 3.000000
      vertex 4.527757 12.350000 3.000000
    endloop
  endfacet
  facet normal 0.608761 -0.793354 0.000000
    outer loop
      vertex 4.797918 12.702082 0.000000
      vertex 5.150000 12.972243 3.000000
      vertex 4.797918 12.702082 3.000000
    endloop
  endfacet
  facet normal 0.382683 -0.923880 0.000000
    outer loop
      vertex 5.150000 12.972243 0.000000
      vertex 5.560008 13.142074 0.000000
      vertex 5.560008 13.142074 3.000000
    endloop
  endfacet
  facet normal 0.130526 -0.991445 0.000000
    outer loop
      vertex 5.560008 13.142074 0.000000
      vertex 6.000000 13.200000 0.000000
      vertex 6.000000 13.200000 3.000000
    endloop
  endfacet
  facet normal -0.130526 -0.991445 0.000000
    outer loop
      vertex 6.439992 13.142074 3.000000
      vertex 6.000000 13.200000 0.000000
      vertex 6.439992 13.142074 0.000000
    endloop
  endfacet
  facet normal 0.382683 -0.923880 0.000000
    outer loop
      vertex 5.150000 12.972243 0.000000
      vertex 5.560008 13.142074 3.000000
      vertex 5.150000 12.972243 3.000000
    endloop
  endfacet
  facet normal 0.130526 -0.991445 0.000000
    outer loop
      vertex 5.560008 13.142074 0.000000
      vertex 6.000000 13.200000 3.000000
      vertex 5.560008 13.142074 3.000000
    endloop
  endfacet
  facet normal -0.130526 -0.991445 0.000000
    outer loop
      vertex 6.439992 13.142074 3.000000
      vertex 6.000000 13.200000 3.000000
      vertex 6.000000 13.200000 0.000000
    endloop
  endfacet
  facet normal -0.923880 -0.382683 0.000000
    outer loop
      vertex 7.642074 11.939992 0.000000
      vertex 7.642074 11.939992 3.000000
      vertex 7.472243 12.350000 0.000000
    endloop
  endfacet
  facet normal -0.608761 -0.793354 0.000000
    outer loop
      vertex 7.202082 12.702082 3.000000
      vertex 6.850000 12.972243 0.000000
      vertex 7.202082 12.702082 0.000000
    endloop
  endfacet
  facet normal -0.793353 -0.608762 0.000000
    outer loop
      vertex 7.472243 12.350000 3.000000
      vertex 7.202082 12.702082 0.000000
      vertex 7.472243 12.350000 0.000000
    endloop
  endfacet
  facet normal -0.991445 -0.130525 0.000000
    outer loop
      vertex 7.700000 11.500000 3.000000
      vertex 7.642074 11.939992 0.000000
      vertex 7.700000 11.500000 0.000000
    endloop
  endfacet
  facet normal -0.923880 -0.382683 0.000000
    outer loop
      vertex 7.642074 11.939992 3.000000
      vertex 7.472243 12.350000 3.000000
      vertex 7.472243 12.350000 0.000000
    endloop
  endfacet
  facet normal -0.608761 -0.793354 0.000000
    outer loop
      vertex 7.202082 12.702082 3.000000
      vertex 6.850000 12.972243 3.000000
      vertex 6.850000 12.972243 0.000000
    endloop
  endfacet
  facet normal -0.793353 -0.608762 0.000000
    outer loop
      vertex 7.472243 12.350000 3.000000
      vertex 7.202082 12.702082 3.000000
      vertex 7.202082 12.702082 0.000000
    endloop
  endfacet
  facet normal -0.991445 -0.130525 0.000000
    outer loop
      vertex 7.700000 11.500000 3.000000
      vertex 7.642074 11.939992 3.000000
      vertex 7.642074 11.939992 0.000000
    endloop
  endfacet
  facet normal -0.382683 -0.923880 0.000000
    outer loop
      vertex 6.850000 12.972243 3.000000
      vertex 6.439992 13.142074 0.000000
      vertex 6.850000 12.972243 0.000000
    endloop
  endfacet
  facet normal -0.382683 -0.923880 0.000000
    outer loop
      vertex 6.850000 12.972243 3.000000
      vertex 6.439992 13.142074 3.000000
      vertex 6.439992 13.142074 0.000000
    endloop
  endfacet
  facet normal 0.991445 0.130526 0.000000
    outer loop
      vertex 4.357926 34.060009 0.000000
      vertex 4.300000 34.500000 0.000000
      vertex 4.300000 34.500000 3.000000
    endloop
  endfacet
  facet normal 0.991445 0.130526 0.000000
    outer loop
      vertex 4.357926 34.060009 0.000000
      vertex 4.300000 34.500000 3.000000
      vertex 4.357926 34.060009 3.000000
    endloop
  endfacet
  facet normal 0.382683 0.923880 0.000000
    outer loop
      vertex 5.560008 32.857925 0.000000
      vertex 5.150000 33.027756 0.000000
      vertex 5.150000 33.027756 3.000000
    endloop
  endfacet
  facet normal 0.130526 0.991445 0.000000
    outer loop
      vertex 6.000000 32.799999 0.000000
      vertex 5.560008 32.857925 0.000000
      vertex 5.560008 32.857925 3.000000
    endloop
  endfacet
  facet normal -0.130526 0.991445 0.000000
    outer loop
      vertex 6.439992 32.857925 0.000000
      vertex 6.000000 32.799999 0.000000
      vertex 6.000000 32.799999 3.000000
    endloop
  endfacet
  facet normal 0.382683 0.923880 0.000000
    outer loop
      vertex 5.150000 33.027756 3.000000
      vertex 5.560008 32.857925 3.000000
      vertex 5.560008 32.857925 0.000000
    endloop
  endfacet
  facet normal 0.130526 0.991445 0.000000
    outer loop
      vertex 6.000000 32.799999 0.000000
      vertex 5.560008 32.857925 3.000000
      vertex 6.000000 32.799999 3.000000
    endloop
  endfacet
  facet normal -0.130526 0.991445 0.000000
    outer loop
      vertex 6.439992 32.857925 0.000000
      vertex 6.000000 32.799999 3.000000
      vertex 6.439992 32.857925 3.000000
    endloop
  endfacet
  facet normal 0.608765 0.793350 0.000000
    outer loop
      vertex 5.150000 33.027756 0.000000
      vertex 4.797918 33.297920 0.000000
      vertex 4.797918 33.297920 3.000000
    endloop
  endfacet
  facet normal 0.793353 0.608762 0.000000
    outer loop
      vertex 4.797918 33.297920 0.000000
      vertex 4.527757 33.650002 0.000000
      vertex 4.527757 33.650002 3.000000
    endloop
  endfacet
  facet normal 0.923879 0.382684 0.000000
    outer loop
      vertex 4.527757 33.650002 0.000000
      vertex 4.357926 34.060009 0.000000
      vertex 4.357926 34.060009 3.000000
    endloop
  endfacet
  facet normal 0.793353 0.608762 0.000000
    outer loop
      vertex 4.797918 33.297920 0.000000
      vertex 4.527757 33.650002 3.000000
      vertex 4.797918 33.297920 3.000000
    endloop
  endfacet
  facet normal 0.608765 0.793350 0.000000
    outer loop
      vertex 4.797918 33.297920 3.000000
      vertex 5.150000 33.027756 3.000000
      vertex 5.150000 33.027756 0.000000
    endloop
  endfacet
  facet normal 0.923879 0.382684 0.000000
    outer loop
      vertex 4.527757 33.650002 3.000000
      vertex 4.527757 33.650002 0.000000
      vertex 4.357926 34.060009 3.000000
    endloop
  endfacet
  facet normal -0.382683 0.923880 0.000000
    outer loop
      vertex 6.850000 33.027756 0.000000
      vertex 6.439992 32.857925 0.000000
      vertex 6.439992 32.857925 3.000000
    endloop
  endfacet
  facet normal -0.382683 0.923880 0.000000
    outer loop
      vertex 6.850000 33.027756 0.000000
      vertex 6.439992 32.857925 3.000000
      vertex 6.850000 33.027756 3.000000
    endloop
  endfacet
  facet normal -0.608765 0.793350 0.000000
    outer loop
      vertex 7.202082 33.297920 0.000000
      vertex 6.850000 33.027756 0.000000
      vertex 6.850000 33.027756 3.000000
    endloop
  endfacet
  facet normal -0.793353 0.608762 0.000000
    outer loop
      vertex 7.472243 33.650002 0.000000
      vertex 7.202082 33.297920 0.000000
      vertex 7.202082 33.297920 3.000000
    endloop
  endfacet
  facet normal -0.923879 0.382684 0.000000
    outer loop
      vertex 7.472243 33.650002 0.000000
      vertex 7.472243 33.650002 3.000000
      vertex 7.642074 34.060009 0.000000
    endloop
  endfacet
  facet normal -0.991445 0.130526 0.000000
    outer loop
      vertex 7.700000 34.500000 0.000000
      vertex 7.642074 34.060009 0.000000
      vertex 7.642074 34.060009 3.000000
    endloop
  endfacet
  facet normal -0.608765 0.793350 0.000000
    outer loop
      vertex 7.202082 33.297920 0.000000
      vertex 6.850000 33.027756 3.000000
      vertex 7.202082 33.297920 3.000000
    endloop
  endfacet
  facet normal -0.793353 0.608762 0.000000
    outer loop
      vertex 7.472243 33.650002 0.000000
      vertex 7.202082 33.297920 3.000000
      vertex 7.472243 33.650002 3.000000
    endloop
  endfacet
  facet normal -0.923879 0.382684 0.000000
    outer loop
      vertex 7.642074 34.060009 0.000000
      vertex 7.472243 33.650002 3.000000
      vertex 7.642074 34.060009 3.000000
    endloop
  endfacet
  facet normal -0.991445 0.130526 0.000000
    outer loop
      vertex 7.700000 34.500000 0.000000
      vertex 7.642074 34.060009 3.000000
      vertex 7.700000 34.500000 3.000000
    endloop
  endfacet
  facet normal 0.991445 -0.130526 0.000000
    outer loop
      vertex 4.300000 34.500000 0.000000
      vertex 4.357926 34.939991 0.000000
      vertex 4.357926 34.939991 3.000000
    endloop
  endfacet
  facet normal 0.991445 -0.130526 0.000000
    outer loop
      vertex 4.300000 34.500000 0.000000
      vertex 4.357926 34.939991 3.000000
      vertex 4.300000 34.500000 3.000000
    endloop
  endfacet
  facet normal 0.923879 -0.382684 0.000000
    outer loop
      vertex 4.357926 34.939991 0.000000
      vertex 4.527757 35.349998 0.000000
      vertex 4.527757 35.349998 3.000000
    endloop
  endfacet
  facet normal 0.793353 -0.608762 0.000000
    outer loop
      vertex 4.527757 35.349998 0.000000
      vertex 4.797918 35.702080 0.000000
      vertex 4.797918 35.702080 3.000000
    endloop
  endfacet
  facet normal 0.608765 -0.793350 0.000000
    outer loop
      vertex 4.797918 35.702080 0.000000
      vertex 5.150000 35.972244 0.000000
      vertex 5.150000 35.972244 3.000000
    endloop
  endfacet
  facet normal 0.923879 -0.382684 0.000000
    outer loop
      vertex 4.527757 35.349998 3.000000
      vertex 4.357926 34.939991 3.000000
      vertex 4.357926 34.939991 0.000000
    endloop
  endfacet
  facet normal 0.793353 -0.608762 0.000000
    outer loop
      vertex 4.527757 35.349998 0.000000
      vertex 4.797918 35.702080 3.000000
      vertex 4.527757 35.349998 3.000000
    endloop
  endfacet
  facet normal 0.608765 -0.793350 0.000000
    outer loop
      vertex 4.797918 35.702080 0.000000
      vertex 5.150000 35.972244 3.000000
      vertex 4.797918 35.702080 3.000000
    endloop
  endfacet
  facet normal 0.382683 -0.923880 0.000000
    outer loop
      vertex 5.150000 35.972244 0.000000
      vertex 5.560008 36.142075 0.000000
      vertex 5.560008 36.142075 3.000000
    endloop
  endfacet
  facet normal 0.130526 -0.991445 0.000000
    outer loop
      vertex 5.560008 36.142075 0.000000
      vertex 6.000000 36.200001 0.000000
      vertex 6.000000 36.200001 3.000000
    endloop
  endfacet
  facet normal -0.130526 -0.991445 0.000000
    outer loop
      vertex 6.000000 36.200001 0.000000
      vertex 6.439992 36.142075 0.000000
      vertex 6.439992 36.142075 3.000000
    endloop
  endfacet
  facet normal 0.382683 -0.923880 0.000000
    outer loop
      vertex 5.150000 35.972244 0.000000
      vertex 5.560008 36.142075 3.000000
      vertex 5.150000 35.972244 3.000000
    endloop
  endfacet
  facet normal 0.130526 -0.991445 0.000000
    outer loop
      vertex 5.560008 36.142075 0.000000
      vertex 6.000000 36.200001 3.000000
      vertex 5.560008 36.142075 3.000000
    endloop
  endfacet
  facet normal -0.130526 -0.991445 0.000000
    outer loop
      vertex 6.000000 36.200001 0.000000
      vertex 6.439992 36.142075 3.000000
      vertex 6.000000 36.200001 3.000000
    endloop
  endfacet
  facet normal -0.923879 -0.382684 0.000000
    outer loop
      vertex 7.472243 35.349998 0.000000
      vertex 7.642074 34.939991 0.000000
      vertex 7.642074 34.939991 3.000000
    endloop
  endfacet
  facet normal -0.608765 -0.793350 0.000000
    outer loop
      vertex 6.850000 35.972244 0.000000
      vertex 7.202082 35.702080 0.000000
      vertex 7.202082 35.702080 3.000000
    endloop
  endfacet
  facet normal -0.793353 -0.608762 0.000000
    outer loop
      vertex 7.202082 35.702080 0.000000
      vertex 7.472243 35.349998 0.000000
      vertex 7.472243 35.349998 3.000000
    endloop
  endfacet
  facet normal -0.991445 -0.130526 0.000000
    outer loop
      vertex 7.642074 34.939991 0.000000
      vertex 7.700000 34.500000 0.000000
      vertex 7.700000 34.500000 3.000000
    endloop
  endfacet
  facet normal -0.923879 -0.382684 0.000000
    outer loop
      vertex 7.472243 35.349998 0.000000
      vertex 7.642074 34.939991 3.000000
      vertex 7.472243 35.349998 3.000000
    endloop
  endfacet
  facet normal -0.608765 -0.793350 0.000000
    outer loop
      vertex 6.850000 35.972244 0.000000
      vertex 7.202082 35.702080 3.000000
      vertex 6.850000 35.972244 3.000000
    endloop
  endfacet
  facet normal -0.793353 -0.608762 0.000000
    outer loop
      vertex 7.202082 35.702080 0.000000
      vertex 7.472243 35.349998 3.000000
      vertex 7.202082 35.702080 3.000000
    endloop
  endfacet
  facet normal -0.991445 -0.130526 0.000000
    outer loop
      vertex 7.642074 34.939991 0.000000
      vertex 7.700000 34.500000 3.000000
      vertex 7.642074 34.939991 3.000000
    endloop
  endfacet
  facet normal -0.382683 -0.923880 0.000000
    outer loop
      vertex 6.439992 36.142075 0.000000
      vertex 6.850000 35.972244 0.000000
      vertex 6.850000 35.972244 3.000000
    endloop
  endfacet
  facet normal -0.382683 -0.923880 0.000000
    outer loop
      vertex 6.439992 36.142075 0.000000
      vertex 6.850000 35.972244 3.000000
      vertex 6.439992 36.142075 3.000000
    endloop
  endfacet
  facet normal 0.000000 1.000000 0.000000
    outer loop
      vertex 13.400000 20.000000 34.500000
      vertex 13.400000 20.000000 35.099998
      vertex 13.766666 20.000000 34.500000
    endloop
  endfacet
  facet normal 0.000000 1.000000 0.000000
    outer loop
      vertex 13.400000 20.000000 35.099998
      vertex 14.000000 20.000000 37.299999
      vertex 14.000000 20.000000 35.099998
    endloop
  endfacet
  facet normal 0.000000 1.000000 0.000000
    outer loop
      vertex 13.400000 20.000000 35.099998
      vertex 13.400000 20.000000 37.299999
      vertex 14.000000 20.000000 37.299999
    endloop
  endfacet
  facet normal 0.000000 0.000000 1.000000
    outer loop
      vertex 13.400000 20.000000 34.500000
      vertex 13.766666 20.000000 34.500000
      vertex 13.400000 26.000000 34.500000
    endloop
  endfacet
  facet normal 1.000000 0.000000 0.000000
    outer loop
      vertex 13.400000 20.000000 34.500000
      vertex 13.400000 26.000000 35.099998
      vertex 13.400000 20.000000 35.099998
    endloop
  endfacet
  facet normal 1.000000 0.000000 0.000000
    outer loop
      vertex 13.400000 20.000000 35.099998
      vertex 13.400000 26.000000 37.299999
      vertex 13.400000 20.000000 37.299999
    endloop
  endfacet
  facet normal 0.000000 0.000000 -1.000000
    outer loop
      vertex 13.400000 20.000000 37.299999
      vertex 14.000000 26.000000 37.299999
      vertex 14.000000 20.000000 37.299999
    endloop
  endfacet
  facet normal 0.000000 0.000000 1.000000
    outer loop
      vertex 13.766666 20.000000 34.500000
      vertex 13.766666 26.000000 34.500000
      vertex 13.400000 26.000000 34.500000
    endloop
  endfacet
  facet normal 1.000000 0.000000 0.000000
    outer loop
      vertex 13.400000 20.000000 34.500000
      vertex 13.400000 26.000000 34.500000
      vertex 13.400000 26.000000 35.099998
    endloop
  endfacet
  facet normal 1.000000 0.000000 0.000000
    outer loop
      vertex 13.400000 20.000000 35.099998
      vertex 13.400000 26.000000 35.099998
      vertex 13.400000 26.000000 37.299999
    endloop
  endfacet
  facet normal 0.000000 0.000000 -1.000000
    outer loop
      vertex 13.400000 20.000000 37.299999
      vertex 13.400000 26.000000 37.299999
      vertex 14.000000 26.000000 37.299999
    endloop
  endfacet
  facet normal 0.000000 -1.000000 0.000000
    outer loop
      vertex 13.400000 26.000000 34.500000
      vertex 13.766666 26.000000 34.500000
      vertex 13.400000 26.000000 35.099998
    endloop
  endfacet
  facet normal 0.000000 -1.000000 0.000000
    outer loop
      vertex 13.400000 26.000000 35.099998
      vertex 14.000000 26.000000 35.099998
      vertex 13.400000 26.000000 37.299999
    endloop
  endfacet
  facet normal 0.000000 -1.000000 0.000000
    outer loop
      vertex 13.400000 26.000000 37.299999
      vertex 14.000000 26.000000 35.099998
      vertex 14.000000 26.000000 37.299999
    endloop
  endfacet
  facet normal 0.000000 1.000000 0.000000
    outer loop
      vertex 13.766666 20.000000 34.500000
      vertex 13.400000 20.000000 35.099998
      vertex 14.000000 20.000000 34.118183
    endloop
  endfacet
  facet normal 0.000000 0.000000 0.000000
    outer loop
      vertex 13.400000 20.000000 35.099998
      vertex 14.000000 20.000000 34.118183
      vertex 13.400000 20.000000 35.099998
    endloop
  endfacet
  facet normal 0.000000 0.000000 0.000000
    outer loop
      vertex 13.400000 20.000000 35.099998
      vertex 13.400000 20.000000 35.099998
      vertex 14.000000 20.000000 35.099998
    endloop
  endfacet
  facet normal 0.000000 1.000000 0.000000
    outer loop
      vertex 13.400000 20.000000 35.099998
      vertex 14.000000 20.000000 35.099998
      vertex 14.000000 20.000000 34.118183
    endloop
  endfacet
  facet normal 0.853281 0.000000 0.521452
    outer loop
      vertex 13.766666 20.000000 34.500000
      vertex 14.000000 20.000000 34.118183
      vertex 13.766666 26.000000 34.500000
    endloop
  endfacet
  facet normal 0.000000 0.000000 0.000000
    outer loop
      vertex 13.400000 20.000000 35.099998
      vertex 13.400000 20.000000 35.099998
      vertex 13.400000 26.000000 35.099998
    endloop
  endfacet
  facet normal 0.000000 0.000000 0.000000
    outer loop
      vertex 13.400000 20.000000 35.099998
      vertex 13.400000 26.000000 35.099998
      vertex 13.400000 20.000000 35.099998
    endloop
  endfacet
  facet normal 0.853281 0.000000 0.521452
    outer loop
      vertex 13.766666 26.000000 34.500000
      vertex 14.000000 20.000000 34.118183
      vertex 14.000000 26.000000 34.118183
    endloop
  endfacet
  facet normal 0.000000 0.000000 0.000000
    outer loop
      vertex 13.400000 20.000000 35.099998
      vertex 13.400000 26.000000 35.099998
      vertex 13.400000 26.000000 35.099998
    endloop
  endfacet
  facet normal 0.000000 0.000000 0.000000
    outer loop
      vertex 13.400000 20.000000 35.099998
      vertex 13.400000 26.000000 35.099998
      vertex 13.400000 26.000000 35.099998
    endloop
  endfacet
  facet normal 0.000000 -1.000000 0.000000
    outer loop
      vertex 13.766666 26.000000 34.500000
      vertex 14.000000 26.000000 34.118183
      vertex 14.000000 26.000000 35.099998
    endloop
  endfacet
  facet normal 0.000000 0.000000 0.000000
    outer loop
      vertex 13.766666 26.000000 34.500000
      vertex 13.400000 26.000000 35.099998
      vertex 13.400000 26.000000 35.099998
    endloop
  endfacet
  facet normal 0.000000 0.000000 0.000000
    outer loop
      vertex 13.400000 26.000000 35.099998
      vertex 14.000000 26.000000 35.099998
      vertex 13.400000 26.000000 35.099998
    endloop
  endfacet
  facet normal 0.000000 -1.000000 0.000000
    outer loop
      vertex 13.766666 26.000000 34.500000
      vertex 14.000000 26.000000 35.099998
      vertex 13.400000 26.000000 35.099998
    endloop
  endfacet
  facet normal 0.000000 1.000000 0.000000
    outer loop
      vertex 56.233334 6.000000 34.500000
      vertex 56.599998 6.000000 35.099998
      vertex 56.599998 6.000000 34.500000
    endloop
  endfacet
  facet normal 0.000000 1.000000 0.000000
    outer loop
      vertex 56.599998 6.000000 35.099998
      vertex 56.000000 6.000000 35.099998
      vertex 56.599998 6.000000 37.299999
    endloop
  endfacet
  facet normal 0.000000 0.000000 1.000000
    outer loop
      vertex 56.233334 6.000000 34.500000
      vertex 56.599998 6.000000 34.500000
      vertex 56.233334 12.000000 34.500000
    endloop
  endfacet
  facet normal -1.000000 0.000000 0.000000
    outer loop
      vertex 56.599998 6.000000 34.500000
      vertex 56.599998 6.000000 35.099998
      vertex 56.599998 12.000000 34.500000
    endloop
  endfacet
  facet normal -1.000000 0.000000 0.000000
    outer loop
      vertex 56.599998 6.000000 35.099998
      vertex 56.599998 6.000000 37.299999
      vertex 56.599998 12.000000 34.500000
    endloop
  endfacet
  facet normal 0.000000 1.000000 0.000000
    outer loop
      vertex 56.599998 6.000000 37.299999
      vertex 56.000000 6.000000 35.099998
      vertex 56.000000 6.000000 37.299999
    endloop
  endfacet
  facet normal 0.000000 0.000000 -1.000000
    outer loop
      vertex 56.599998 6.000000 37.299999
      vertex 56.000000 6.000000 37.299999
      vertex 56.599998 12.000000 37.299999
    endloop
  endfacet
  facet normal 0.000000 0.000000 1.000000
    outer loop
      vertex 56.599998 6.000000 34.500000
      vertex 56.599998 12.000000 34.500000
      vertex 56.233334 12.000000 34.500000
    endloop
  endfacet
  facet normal -1.000000 0.000000 0.000000
    outer loop
      vertex 56.599998 6.000000 37.299999
      vertex 56.599998 12.000000 35.099998
      vertex 56.599998 12.000000 34.500000
    endloop
  endfacet
  facet normal -1.000000 0.000000 0.000000
    outer loop
      vertex 56.599998 6.000000 37.299999
      vertex 56.599998 12.000000 37.299999
      vertex 56.599998 12.000000 35.099998
    endloop
  endfacet
  facet normal 0.000000 0.000000 -1.000000
    outer loop
      vertex 56.599998 12.000000 37.299999
      vertex 56.000000 6.000000 37.299999
      vertex 56.000000 12.000000 37.299999
    endloop
  endfacet
  facet normal 0.000000 -1.000000 0.000000
    outer loop
      vertex 56.233334 12.000000 34.500000
      vertex 56.599998 12.000000 34.500000
      vertex 56.599998 12.000000 35.099998
    endloop
  endfacet
  facet normal 0.000000 -1.000000 0.000000
    outer loop
      vertex 56.599998 12.000000 35.099998
      vertex 56.000000 12.000000 37.299999
      vertex 56.000000 12.000000 35.099998
    endloop
  endfacet
  facet normal 0.000000 -1.000000 0.000000
    outer loop
      vertex 56.599998 12.000000 35.099998
      vertex 56.599998 12.000000 37.299999
      vertex 56.000000 12.000000 37.299999
    endloop
  endfacet
  facet normal 0.000000 1.000000 0.000000
    outer loop
      vertex 56.233334 6.000000 34.500000
      vertex 56.000000 6.000000 34.118183
      vertex 56.000000 6.000000 35.099998
    endloop
  endfacet
  facet normal 0.000000 1.000000 0.000000
    outer loop
      vertex 56.233334 6.000000 34.500000
      vertex 56.000000 6.000000 35.099998
      vertex 56.599998 6.000000 35.099998
    endloop
  endfacet
  facet normal -0.853281 0.000000 0.521452
    outer loop
      vertex 56.233334 6.000000 34.500000
      vertex 56.000000 12.000000 34.118183
      vertex 56.000000 6.000000 34.118183
    endloop
  endfacet
  facet normal -0.853281 0.000000 0.521452
    outer loop
      vertex 56.233334 6.000000 34.500000
      vertex 56.233334 12.000000 34.500000
      vertex 56.000000 12.000000 34.118183
    endloop
  endfacet
  facet normal 0.000000 -1.000000 0.000000
    outer loop
      vertex 56.233334 12.000000 34.500000
      vertex 56.000000 12.000000 35.099998
      vertex 56.000000 12.000000 34.118183
    endloop
  endfacet
  facet normal 0.000000 -1.000000 0.000000
    outer loop
      vertex 56.233334 12.000000 34.500000
      vertex 56.599998 12.000000 35.099998
      vertex 56.000000 12.000000 35.099998
    endloop
  endfacet
  facet normal 0.000000 0.000000 0.000000
    outer loop
      vertex 32.000000 1.400000 34.500000
      vertex 32.000000 1.400000 35.099998
      vertex 32.000000 1.400000 35.099998
    endloop
  endfacet
  facet normal 1.000000 0.000000 0.000000
    outer loop
      vertex 32.000000 1.400000 34.500000
      vertex 32.000000 1.766667 34.500000
      vertex 32.000000 1.400000 35.099998
    endloop
  endfacet
  facet normal 1.000000 0.000000 0.000000
    outer loop
      vertex 32.000000 1.766667 34.500000
      vertex 32.000000 2.000000 34.500000
      vertex 32.000000 1.400000 35.099998
    endloop
  endfacet
  facet normal 1.000000 0.000000 0.000000
    outer loop
      vertex 32.000000 1.400000 35.099998
      vertex 32.000000 2.000000 34.500000
      vertex 32.000000 1.400000 37.299999
    endloop
  endfacet
  facet normal 0.000000 1.000000 0.000000
    outer loop
      vertex 32.000000 1.400000 34.500000
      vertex 32.000000 1.400000 35.099998
      vertex 38.000000 1.400000 34.500000
    endloop
  endfacet
  facet normal 0.000000 1.000000 0.000000
    outer loop
      vertex 32.000000 1.400000 35.099998
      vertex 32.000000 1.400000 37.299999
      vertex 38.000000 1.400000 35.099998
    endloop
  endfacet
  facet normal 0.000000 0.000000 1.000000
    outer loop
      vertex 32.000000 1.400000 34.500000
      vertex 38.000000 1.766667 34.500000
      vertex 32.000000 1.766667 34.500000
    endloop
  endfacet
  facet normal 1.000000 0.000000 0.000000
    outer loop
      vertex 32.000000 1.400000 37.299999
      vertex 32.000000 2.000000 34.500000
      vertex 32.000000 2.000000 37.299999
    endloop
  endfacet
  facet normal 0.000000 0.000000 -1.000000
    outer loop
      vertex 32.000000 1.400000 37.299999
      vertex 32.000000 2.000000 37.299999
      vertex 38.000000 1.400000 37.299999
    endloop
  endfacet
  facet normal 0.000000 1.000000 0.000000
    outer loop
      vertex 32.000000 1.400000 35.099998
      vertex 38.000000 1.400000 35.099998
      vertex 38.000000 1.400000 34.500000
    endloop
  endfacet
  facet normal 0.000000 0.000000 1.000000
    outer loop
      vertex 32.000000 1.400000 34.500000
      vertex 38.000000 1.400000 34.500000
      vertex 38.000000 1.766667 34.500000
    endloop
  endfacet
  facet normal 0.000000 0.000000 0.000000
    outer loop
      vertex 38.000000 1.400000 35.099998
      vertex 38.000000 1.400000 35.099998
      vertex 38.000000 1.400000 37.299999
    endloop
  endfacet
  facet normal -1.000000 0.000000 0.000000
    outer loop
      vertex 38.000000 1.400000 34.500000
      vertex 38.000000 1.400000 35.099998
      vertex 38.000000 1.766667 34.500000
    endloop
  endfacet
  facet normal -1.000000 0.000000 0.000000
    outer loop
      vertex 38.000000 1.766667 34.500000
      vertex 38.000000 1.400000 35.099998
      vertex 38.000000 1.400000 37.299999
    endloop
  endfacet
  facet normal -1.000000 0.000000 0.000000
    outer loop
      vertex 38.000000 1.766667 34.500000
      vertex 38.000000 2.000000 37.299999
      vertex 38.000000 2.000000 34.500000
    endloop
  endfacet
  facet normal 0.000000 1.000000 0.000000
    outer loop
      vertex 32.000000 1.400000 37.299999
      vertex 38.000000 1.400000 37.299999
      vertex 38.000000 1.400000 35.099998
    endloop
  endfacet
  facet normal 0.000000 0.000000 -1.000000
    outer loop
      vertex 38.000000 1.400000 37.299999
      vertex 32.000000 2.000000 37.299999
      vertex 38.000000 2.000000 37.299999
    endloop
  endfacet
  facet normal -1.000000 0.000000 0.000000
    outer loop
      vertex 38.000000 1.766667 34.500000
      vertex 38.000000 1.400000 37.299999
      vertex 38.000000 2.000000 37.299999
    endloop
  endfacet
  facet normal 0.000000 0.000000 0.000000
    outer loop
      vertex 32.000000 1.400000 35.099998
      vertex 32.000000 1.400000 35.099998
      vertex 32.000000 1.400000 35.099998
    endloop
  endfacet
  facet normal 1.000000 0.000000 0.000000
    outer loop
      vertex 32.000000 1.766667 34.500000
      vertex 32.000000 2.000000 34.118183
      vertex 32.000000 2.000000 34.500000
    endloop
  endfacet
  facet normal 0.000000 0.000000 0.000000
    outer loop
      vertex 32.000000 1.400000 35.099998
      vertex 32.000000 1.400000 35.099998
      vertex 38.000000 1.400000 35.099998
    endloop
  endfacet
  facet normal 0.000000 0.000000 0.000000
    outer loop
      vertex 32.000000 1.400000 35.099998
      vertex 38.000000 1.400000 35.099998
      vertex 32.000000 1.400000 35.099998
    endloop
  endfacet
  facet normal 0.000000 0.853281 0.521451
    outer loop
      vertex 32.000000 1.766667 34.500000
      vertex 38.000000 2.000000 34.118183
      vertex 32.000000 2.000000 34.118183
    endloop
  endfacet
  facet normal 0.000000 0.000000 0.000000
    outer loop
      vertex 32.000000 1.400000 35.099998
      vertex 38.000000 1.400000 35.099998
      vertex 38.000000 1.400000 35.099998
    endloop
  endfacet
  facet normal 0.000000 0.000000 0.000000
    outer loop
      vertex 32.000000 1.400000 35.099998
      vertex 38.000000 1.400000 35.099998
      vertex 38.000000 1.400000 35.099998
    endloop
  endfacet
  facet normal 0.000000 0.853281 0.521451
    outer loop
      vertex 32.000000 1.766667 34.500000
      vertex 38.000000 1.766667 34.500000
      vertex 38.000000 2.000000 34.118183
    endloop
  endfacet
  facet normal 0.000000 0.000000 0.000000
    outer loop
      vertex 38.000000 1.400000 35.099998
      vertex 38.000000 1.400000 35.099998
      vertex 38.000000 1.400000 35.099998
    endloop
  endfacet
  facet normal -1.000000 0.000000 0.000000
    outer loop
      vertex 38.000000 1.766667 34.500000
      vertex 38.000000 2.000000 34.500000
      vertex 38.000000 2.000000 34.118183
    endloop
  endfacet
  facet normal 1.000000 0.000000 0.000000
    outer loop
      vertex 32.000000 44.233334 34.500000
      vertex 32.000000 44.000000 37.299999
      vertex 32.000000 44.000000 34.500000
    endloop
  endfacet
  facet normal 1.000000 0.000000 0.000000
    outer loop
      vertex 32.000000 44.233334 34.500000
      vertex 32.000000 44.599998 34.500000
      vertex 32.000000 44.599998 37.299999
    endloop
  endfacet
  facet normal 0.000000 0.000000 1.000000
    outer loop
      vertex 32.000000 44.233334 34.500000
      vertex 38.000000 44.599998 34.500000
      vertex 32.000000 44.599998 34.500000
    endloop
  endfacet
  facet normal 1.000000 0.000000 0.000000
    outer loop
      vertex 32.000000 44.233334 34.500000
      vertex 32.000000 44.599998 37.299999
      vertex 32.000000 44.000000 37.299999
    endloop
  endfacet
  facet normal 0.000000 0.000000 -1.000000
    outer loop
      vertex 32.000000 44.599998 37.299999
      vertex 38.000000 44.000000 37.299999
      vertex 32.000000 44.000000 37.299999
    endloop
  endfacet
  facet normal 0.000000 -1.000000 0.000000
    outer loop
      vertex 32.000000 44.599998 34.500000
      vertex 38.000000 44.599998 37.299999
      vertex 32.000000 44.599998 37.299999
    endloop
  endfacet
  facet normal 0.000000 0.000000 1.000000
    outer loop
      vertex 32.000000 44.233334 34.500000
      vertex 38.000000 44.233334 34.500000
      vertex 38.000000 44.599998 34.500000
    endloop
  endfacet
  facet normal 0.000000 -1.000000 0.000000
    outer loop
      vertex 32.000000 44.599998 34.500000
      vertex 38.000000 44.599998 34.500000
      vertex 38.000000 44.599998 37.299999
    endloop
  endfacet
  facet normal -1.000000 0.000000 0.000000
    outer loop
      vertex 38.000000 44.233334 34.500000
      vertex 38.000000 44.000000 34.500000
      vertex 38.000000 44.599998 37.299999
    endloop
  endfacet
  facet normal -1.000000 0.000000 0.000000
    outer loop
      vertex 38.000000 44.233334 34.500000
      vertex 38.000000 44.599998 37.299999
      vertex 38.000000 44.599998 34.500000
    endloop
  endfacet
  facet normal 0.000000 0.000000 -1.000000
    outer loop
      vertex 32.000000 44.599998 37.299999
      vertex 38.000000 44.599998 37.299999
      vertex 38.000000 44.000000 37.299999
    endloop
  endfacet
  facet normal -1.000000 0.000000 0.000000
    outer loop
      vertex 38.000000 44.599998 37.299999
      vertex 38.000000 44.000000 34.500000
      vertex 38.000000 44.000000 37.299999
    endloop
  endfacet
  facet normal 1.000000 0.000000 0.000000
    outer loop
      vertex 32.000000 44.233334 34.500000
      vertex 32.000000 44.000000 34.500000
      vertex 32.000000 44.000000 34.118183
    endloop
  endfacet
  facet normal 0.000000 -0.853281 0.521452
    outer loop
      vertex 32.000000 44.233334 34.500000
      vertex 32.000000 44.000000 34.118183
      vertex 38.000000 44.233334 34.500000
    endloop
  endfacet
  facet normal 0.000000 -0.853281 0.521452
    outer loop
      vertex 38.000000 44.233334 34.500000
      vertex 32.000000 44.000000 34.118183
      vertex 38.000000 44.000000 34.118183
    endloop
  endfacet
  facet normal -1.000000 0.000000 0.000000
    outer loop
      vertex 38.000000 44.233334 34.500000
      vertex 38.000000 44.000000 34.118183
      vertex 38.000000 44.000000 34.500000
    endloop
  endfacet
  facet normal 0.000000 0.000000 1.000000
    outer loop
      vertex 77.303223 43.696774 0.000000
      vertex 77.000000 42.173912 0.000000
      vertex 78.414215 42.585785 0.000000
    endloop
  endfacet
  facet normal 0.000000 0.000000 1.000000
    outer loop
      vertex 98.000000 23.000000 0.000000
      vertex 78.414215 42.585785 0.000000
      vertex 77.000000 42.173912 0.000000
    endloop
  endfacet
  facet normal 0.000000 0.000000 -1.000000
    outer loop
      vertex 76.736694 44.000000 2.000000
      vertex 75.000000 2.000000 2.000000
      vertex 75.000000 44.000000 2.000000
    endloop
  endfacet
  facet normal 0.000000 0.000000 -1.000000
    outer loop
      vertex 76.736694 44.000000 2.000000
      vertex 77.000000 42.000000 2.000000
      vertex 75.000000 2.000000 2.000000
    endloop
  endfacet
  facet normal 1.000000 0.000000 0.000000
    outer loop
      vertex 75.000000 44.000000 2.000000
      vertex 75.000000 2.000000 0.000000
      vertex 75.000000 44.000000 0.000000
    endloop
  endfacet
  facet normal 0.000000 0.000000 1.000000
    outer loop
      vertex 75.000000 44.000000 0.000000
      vertex 77.020439 3.844749 0.000000
      vertex 77.000000 42.173912 0.000000
    endloop
  endfacet
  facet normal 0.000000 0.000000 1.000000
    outer loop
      vertex 98.000000 23.000000 0.000000
      vertex 77.000000 42.173912 0.000000
      vertex 77.020439 3.844749 0.000000
    endloop
  endfacet
  facet normal 0.000000 0.000000 1.000000
    outer loop
      vertex 78.600395 44.000000 0.000000
      vertex 78.414215 42.585785 0.000000
      vertex 117.021912 43.833527 0.000000
    endloop
  endfacet
  facet normal 0.000000 0.000000 1.000000
    outer loop
      vertex 98.000000 23.000000 0.000000
      vertex 117.021912 43.833527 0.000000
      vertex 78.414215 42.585785 0.000000
    endloop
  endfacet
  facet normal 0.000000 0.000000 -1.000000
    outer loop
      vertex 75.000000 2.000000 2.000000
      vertex 77.000000 42.000000 2.000000
      vertex 77.000000 4.000000 2.000000
    endloop
  endfacet
  facet normal 1.000000 0.000000 0.000000
    outer loop
      vertex 75.000000 2.000000 2.000000
      vertex 75.000000 2.000000 0.000000
      vertex 75.000000 44.000000 2.000000
    endloop
  endfacet
  facet normal 0.000000 0.000000 1.000000
    outer loop
      vertex 75.000000 44.000000 0.000000
      vertex 75.000000 2.000000 0.000000
      vertex 77.020439 3.844749 0.000000
    endloop
  endfacet
  facet normal 0.000000 0.000000 1.000000
    outer loop
      vertex 77.517639 2.517639 0.000000
      vertex 78.085167 3.085163 0.000000
      vertex 77.020439 3.844749 0.000000
    endloop
  endfacet
  facet normal 0.000000 0.000000 -1.000000
    outer loop
      vertex 76.736694 2.000000 2.000000
      vertex 75.000000 2.000000 2.000000
      vertex 77.000000 4.000000 2.000000
    endloop
  endfacet
  facet normal 0.000000 0.000000 1.000000
    outer loop
      vertex 78.414215 2.000000 0.000000
      vertex 78.732048 2.000000 0.000000
      vertex 78.085167 3.085163 0.000000
    endloop
  endfacet
  facet normal 0.000000 0.000000 1.000000
    outer loop
      vertex 78.732048 2.000000 0.000000
      vertex 78.858963 2.036007 0.000000
      vertex 78.085167 3.085163 0.000000
    endloop
  endfacet
  facet normal 0.000000 0.000000 1.000000
    outer loop
      vertex 78.931854 2.115837 0.000000
      vertex 78.085167 3.085163 0.000000
      vertex 78.858963 2.036007 0.000000
    endloop
  endfacet
  facet normal 0.000000 0.000000 1.000000
    outer loop
      vertex 98.000000 23.000000 0.000000
      vertex 77.020439 3.844749 0.000000
      vertex 78.085167 3.085163 0.000000
    endloop
  endfacet
  facet normal 0.000000 0.000000 1.000000
    outer loop
      vertex 98.000000 23.000000 0.000000
      vertex 78.085167 3.085163 0.000000
      vertex 78.931854 2.115837 0.000000
    endloop
  endfacet
  facet normal 0.000000 0.000000 1.000000
    outer loop
      vertex 78.600395 44.000000 0.000000
      vertex 117.021912 43.833527 0.000000
      vertex 117.000000 44.000000 0.000000
    endloop
  endfacet
  facet normal 0.000000 0.000000 -1.000000
    outer loop
      vertex 98.000000 23.000000 2.000000
      vertex 113.232231 38.232231 2.000000
      vertex 113.611069 37.921326 2.000000
    endloop
  endfacet
  facet normal 0.000000 0.000000 -1.000000
    outer loop
      vertex 98.000000 23.000000 2.000000
      vertex 113.611069 37.921326 2.000000
      vertex 114.043289 37.690300 2.000000
    endloop
  endfacet
  facet normal 0.000000 0.000000 -1.000000
    outer loop
      vertex 98.000000 23.000000 2.000000
      vertex 114.043289 37.690300 2.000000
      vertex 114.512276 37.548035 2.000000
    endloop
  endfacet
  facet normal 0.000000 0.000000 1.000000
    outer loop
      vertex 98.000000 23.000000 0.000000
      vertex 118.833527 42.021915 0.000000
      vertex 117.585785 42.585785 0.000000
    endloop
  endfacet
  facet normal 0.000000 0.000000 -1.000000
    outer loop
      vertex 116.767769 41.767769 2.000000
      vertex 119.449661 42.584473 2.000000
      vertex 117.078674 41.388924 2.000000
    endloop
  endfacet
  facet normal 0.000000 0.000000 -1.000000
    outer loop
      vertex 117.078674 41.388924 2.000000
      vertex 119.449661 42.584473 2.000000
      vertex 117.309700 40.956707 2.000000
    endloop
  endfacet
  facet normal 0.000000 0.000000 -1.000000
    outer loop
      vertex 117.309700 40.956707 2.000000
      vertex 119.449661 42.584473 2.000000
      vertex 117.451965 40.487724 2.000000
    endloop
  endfacet
  facet normal 0.000000 0.000000 -1.000000
    outer loop
      vertex 116.767769 41.767769 2.000000
      vertex 119.000000 44.000000 2.000000
      vertex 119.449661 42.584473 2.000000
    endloop
  endfacet
  facet normal 0.000000 0.000000 -1.000000
    outer loop
      vertex 119.449661 42.584473 2.000000
      vertex 121.000000 44.000000 2.000000
      vertex 117.451965 40.487724 2.000000
    endloop
  endfacet
  facet normal 0.000000 0.000000 -1.000000
    outer loop
      vertex 117.451965 40.487724 2.000000
      vertex 121.000000 44.000000 2.000000
      vertex 117.500000 40.000000 2.000000
    endloop
  endfacet
  facet normal 0.000000 0.000000 -1.000000
    outer loop
      vertex 118.800003 40.000000 2.000000
      vertex 117.500000 40.000000 2.000000
      vertex 121.000000 44.000000 2.000000
    endloop
  endfacet
  facet normal 0.000000 0.000000 1.000000
    outer loop
      vertex 118.482361 43.482361 0.000000
      vertex 117.585785 42.585785 0.000000
      vertex 118.833527 42.021915 0.000000
    endloop
  endfacet
  facet normal 0.000000 0.000000 -1.000000
    outer loop
      vertex 115.000000 37.500000 2.000000
      vertex 115.487724 37.548035 2.000000
      vertex 117.199997 34.000000 2.000000
    endloop
  endfacet
  facet normal 0.000000 0.000000 -1.000000
    outer loop
      vertex 115.487724 37.548035 2.000000
      vertex 115.956711 37.690300 2.000000
      vertex 117.199997 34.000000 2.000000
    endloop
  endfacet
  facet normal 0.000000 0.000000 -1.000000
    outer loop
      vertex 115.956711 37.690300 2.000000
      vertex 116.388931 37.921326 2.000000
      vertex 117.199997 34.000000 2.000000
    endloop
  endfacet
  facet normal 0.000000 0.000000 -1.000000
    outer loop
      vertex 116.767769 38.232231 2.000000
      vertex 117.199997 34.000000 2.000000
      vertex 116.388931 37.921326 2.000000
    endloop
  endfacet
  facet normal 0.000000 0.000000 -1.000000
    outer loop
      vertex 116.767769 38.232231 2.000000
      vertex 117.078674 38.611076 2.000000
      vertex 117.199997 34.000000 2.000000
    endloop
  endfacet
  facet normal 0.000000 0.000000 -1.000000
    outer loop
      vertex 117.078674 38.611076 2.000000
      vertex 117.199997 38.838058 2.000000
      vertex 117.199997 34.000000 2.000000
    endloop
  endfacet
  facet normal 0.000000 0.000000 -1.000000
    outer loop
      vertex 114.512276 37.548035 2.000000
      vertex 115.000000 37.500000 2.000000
      vertex 114.043289 8.309700 2.000000
    endloop
  endfacet
  facet normal 0.000000 0.000000 -1.000000
    outer loop
      vertex 118.800003 40.000000 2.000000
      vertex 121.000000 44.000000 2.000000
      vertex 119.069939 3.468750 2.000000
    endloop
  endfacet
  facet normal -1.000000 0.000000 0.000000
    outer loop
      vertex 121.000000 44.000000 2.000000
      vertex 121.000000 44.000000 0.000000
      vertex 121.000000 2.000000 2.000000
    endloop
  endfacet
  facet normal 0.000000 0.000000 1.000000
    outer loop
      vertex 118.833527 42.021915 0.000000
      vertex 119.069939 3.468750 0.000000
      vertex 121.000000 44.000000 0.000000
    endloop
  endfacet
  facet normal 0.000000 0.000000 -1.000000
    outer loop
      vertex 115.000000 37.500000 2.000000
      vertex 117.199997 34.000000 2.000000
      vertex 115.000000 8.500000 2.000000
    endloop
  endfacet
  facet normal 0.000000 0.000000 -1.000000
    outer loop
      vertex 118.800003 34.000000 2.000000
      vertex 115.487724 8.451962 2.000000
      vertex 117.199997 34.000000 2.000000
    endloop
  endfacet
  facet normal 0.000000 0.000000 -1.000000
    outer loop
      vertex 118.800003 40.000000 2.000000
      vertex 119.069939 3.468750 2.000000
      vertex 118.800003 34.000000 2.000000
    endloop
  endfacet
  facet normal 0.000000 0.000000 -1.000000
    outer loop
      vertex 98.000000 23.000000 2.000000
      vertex 114.512276 37.548035 2.000000
      vertex 114.043289 8.309700 2.000000
    endloop
  endfacet
  facet normal 0.000000 0.000000 -1.000000
    outer loop
      vertex 98.000000 23.000000 2.000000
      vertex 113.611069 8.078674 2.000000
      vertex 113.232231 7.767769 2.000000
    endloop
  endfacet
  facet normal 0.000000 0.000000 -1.000000
    outer loop
      vertex 98.000000 23.000000 2.000000
      vertex 114.043289 8.309700 2.000000
      vertex 113.611069 8.078674 2.000000
    endloop
  endfacet
  facet normal 0.000000 0.000000 1.000000
    outer loop
      vertex 98.000000 23.000000 0.000000
      vertex 117.585785 3.414215 0.000000
      vertex 118.833527 42.021915 0.000000
    endloop
  endfacet
  facet normal 0.000000 0.000000 -1.000000
    outer loop
      vertex 115.000000 37.500000 2.000000
      vertex 114.512276 8.451962 2.000000
      vertex 114.043289 8.309700 2.000000
    endloop
  endfacet
  facet normal 0.000000 0.000000 -1.000000
    outer loop
      vertex 115.000000 37.500000 2.000000
      vertex 115.000000 8.500000 2.000000
      vertex 114.512276 8.451962 2.000000
    endloop
  endfacet
  facet normal 0.000000 0.000000 -1.000000
    outer loop
      vertex 117.199997 34.000000 2.000000
      vertex 115.487724 8.451962 2.000000
      vertex 115.000000 8.500000 2.000000
    endloop
  endfacet
  facet normal 0.000000 0.000000 -1.000000
    outer loop
      vertex 118.800003 34.000000 2.000000
      vertex 115.956711 8.309700 2.000000
      vertex 115.487724 8.451962 2.000000
    endloop
  endfacet
  facet normal 0.000000 0.000000 -1.000000
    outer loop
      vertex 118.800003 34.000000 2.000000
      vertex 116.388931 8.078674 2.000000
      vertex 115.956711 8.309700 2.000000
    endloop
  endfacet
  facet normal 0.000000 0.000000 -1.000000
    outer loop
      vertex 118.800003 34.000000 2.000000
      vertex 116.767769 7.767769 2.000000
      vertex 116.388931 8.078674 2.000000
    endloop
  endfacet
  facet normal 0.000000 0.000000 -1.000000
    outer loop
      vertex 118.800003 34.000000 2.000000
      vertex 117.078674 7.388927 2.000000
      vertex 116.767769 7.767769 2.000000
    endloop
  endfacet
  facet normal 0.000000 0.000000 -1.000000
    outer loop
      vertex 118.800003 34.000000 2.000000
      vertex 117.309700 6.956707 2.000000
      vertex 117.078674 7.388927 2.000000
    endloop
  endfacet
  facet normal 0.000000 0.000000 -1.000000
    outer loop
      vertex 118.800003 34.000000 2.000000
      vertex 117.451965 6.487724 2.000000
      vertex 117.309700 6.956707 2.000000
    endloop
  endfacet
  facet normal 0.000000 0.000000 -1.000000
    outer loop
      vertex 118.800003 34.000000 2.000000
      vertex 117.500000 6.000000 2.000000
      vertex 117.451965 6.487724 2.000000
    endloop
  endfacet
  facet normal 0.000000 0.000000 -1.000000
    outer loop
      vertex 118.800003 34.000000 2.000000
      vertex 119.069939 3.468750 2.000000
      vertex 117.500000 6.000000 2.000000
    endloop
  endfacet
  facet normal 0.000000 0.000000 -1.000000
    outer loop
      vertex 119.263306 2.000000 2.000000
      vertex 119.069939 3.468750 2.000000
      vertex 121.000000 44.000000 2.000000
    endloop
  endfacet
  facet normal 0.000000 0.000000 -1.000000
    outer loop
      vertex 119.263306 2.000000 2.000000
      vertex 121.000000 44.000000 2.000000
      vertex 121.000000 2.000000 2.000000
    endloop
  endfacet
  facet normal 0.000000 0.000000 1.000000
    outer loop
      vertex 119.069939 3.468750 0.000000
      vertex 118.833527 42.021915 0.000000
      vertex 117.585785 3.414215 0.000000
    endloop
  endfacet
  facet normal -1.000000 0.000000 0.000000
    outer loop
      vertex 121.000000 2.000000 2.000000
      vertex 121.000000 44.000000 0.000000
      vertex 121.000000 2.000000 0.000000
    endloop
  endfacet
  facet normal 0.000000 0.000000 1.000000
    outer loop
      vertex 119.517639 2.000000 0.000000
      vertex 121.000000 44.000000 0.000000
      vertex 119.069939 3.468750 0.000000
    endloop
  endfacet
  facet normal 0.000000 0.000000 1.000000
    outer loop
      vertex 119.517639 2.000000 0.000000
      vertex 121.000000 2.000000 0.000000
      vertex 121.000000 44.000000 0.000000
    endloop
  endfacet
  facet normal 0.000000 0.000000 -1.000000
    outer loop
      vertex 117.451965 5.512276 2.000000
      vertex 119.069939 3.468750 2.000000
      vertex 117.309700 5.043293 2.000000
    endloop
  endfacet
  facet normal 0.000000 0.000000 -1.000000
    outer loop
      vertex 117.500000 6.000000 2.000000
      vertex 119.069939 3.468750 2.000000
      vertex 117.451965 5.512276 2.000000
    endloop
  endfacet
  facet normal 0.000000 0.000000 -1.000000
    outer loop
      vertex 117.078674 4.611073 2.000000
      vertex 117.309700 5.043293 2.000000
      vertex 119.069939 3.468750 2.000000
    endloop
  endfacet
  facet normal 0.000000 0.000000 -1.000000
    outer loop
      vertex 117.078674 4.611073 2.000000
      vertex 119.069939 3.468750 2.000000
      vertex 116.767769 4.232231 2.000000
    endloop
  endfacet
  facet normal 0.000000 0.000000 -1.000000
    outer loop
      vertex 116.767769 4.232231 2.000000
      vertex 119.069939 3.468750 2.000000
      vertex 119.000000 2.000000 2.000000
    endloop
  endfacet
  facet normal 0.000000 0.000000 1.000000
    outer loop
      vertex 119.000000 2.000000 0.000000
      vertex 119.069939 3.468750 0.000000
      vertex 117.585785 3.414215 0.000000
    endloop
  endfacet
  facet normal 0.000000 0.000000 -1.000000
    outer loop
      vertex 78.921326 41.388924 2.000000
      vertex 77.000000 42.000000 2.000000
      vertex 77.000000 46.000000 2.000000
    endloop
  endfacet
  facet normal 0.000000 0.000000 1.000000
    outer loop
      vertex 77.000000 44.000000 0.000000
      vertex 78.600395 44.000000 0.000000
      vertex 77.000000 46.000000 0.000000
    endloop
  endfacet
  facet normal 0.000000 0.000000 -1.000000
    outer loop
      vertex 79.232231 41.767769 2.000000
      vertex 77.000000 46.000000 2.000000
      vertex 79.611076 42.078674 2.000000
    endloop
  endfacet
  facet normal 0.000000 0.000000 -1.000000
    outer loop
      vertex 79.611076 42.078674 2.000000
      vertex 77.000000 46.000000 2.000000
      vertex 80.043289 42.309700 2.000000
    endloop
  endfacet
  facet normal 0.000000 0.000000 -1.000000
    outer loop
      vertex 80.512276 42.451962 2.000000
      vertex 80.043289 42.309700 2.000000
      vertex 77.000000 46.000000 2.000000
    endloop
  endfacet
  facet normal 0.000000 0.000000 -1.000000
    outer loop
      vertex 80.512276 42.451962 2.000000
      vertex 77.000000 46.000000 2.000000
      vertex 81.000000 42.500000 2.000000
    endloop
  endfacet
  facet normal 0.000000 0.000000 -1.000000
    outer loop
      vertex 78.921326 41.388924 2.000000
      vertex 77.000000 46.000000 2.000000
      vertex 79.232231 41.767769 2.000000
    endloop
  endfacet
  facet normal 0.000000 0.000000 -1.000000
    outer loop
      vertex 78.690300 40.956707 2.000000
      vertex 77.000000 42.000000 2.000000
      vertex 78.921326 41.388924 2.000000
    endloop
  endfacet
  facet normal 0.000000 0.000000 -1.000000
    outer loop
      vertex 78.690300 40.956707 2.000000
      vertex 78.548035 40.487724 2.000000
      vertex 77.000000 42.000000 2.000000
    endloop
  endfacet
  facet normal 0.000000 0.000000 -1.000000
    outer loop
      vertex 78.548035 40.487724 2.000000
      vertex 78.500000 40.000000 2.000000
      vertex 77.000000 42.000000 2.000000
    endloop
  endfacet
  facet normal 0.000000 0.000000 -1.000000
    outer loop
      vertex 78.500000 40.000000 2.000000
      vertex 77.199997 26.000000 2.000000
      vertex 77.000000 42.000000 2.000000
    endloop
  endfacet
  facet normal 0.000000 0.000000 -1.000000
    outer loop
      vertex 78.500000 40.000000 2.000000
      vertex 78.548035 39.512276 2.000000
      vertex 77.199997 26.000000 2.000000
    endloop
  endfacet
  facet normal 0.000000 0.000000 -1.000000
    outer loop
      vertex 78.548035 39.512276 2.000000
      vertex 78.690300 39.043293 2.000000
      vertex 77.199997 26.000000 2.000000
    endloop
  endfacet
  facet normal 0.000000 0.000000 -1.000000
    outer loop
      vertex 78.690300 39.043293 2.000000
      vertex 78.921326 38.611076 2.000000
      vertex 77.199997 26.000000 2.000000
    endloop
  endfacet
  facet normal 0.000000 0.000000 -1.000000
    outer loop
      vertex 81.000000 42.500000 2.000000
      vertex 77.000000 46.000000 2.000000
      vertex 95.000000 43.799999 2.000000
    endloop
  endfacet
  facet normal 0.000000 0.000000 -1.000000
    outer loop
      vertex 81.000000 42.500000 2.000000
      vertex 95.000000 43.799999 2.000000
      vertex 81.487724 42.451962 2.000000
    endloop
  endfacet
  facet normal 0.000000 0.000000 -1.000000
    outer loop
      vertex 81.487724 42.451962 2.000000
      vertex 95.000000 43.799999 2.000000
      vertex 81.956711 42.309700 2.000000
    endloop
  endfacet
  facet normal 0.000000 0.000000 -1.000000
    outer loop
      vertex 81.956711 42.309700 2.000000
      vertex 95.000000 42.200001 2.000000
      vertex 82.388924 42.078674 2.000000
    endloop
  endfacet
  facet normal 0.000000 0.000000 -1.000000
    outer loop
      vertex 82.767769 38.232231 2.000000
      vertex 95.000000 42.200001 2.000000
      vertex 78.800003 26.000000 2.000000
    endloop
  endfacet
  facet normal 0.000000 0.000000 -1.000000
    outer loop
      vertex 77.199997 26.000000 2.000000
      vertex 77.199997 20.000000 2.000000
      vertex 77.000000 42.000000 2.000000
    endloop
  endfacet
  facet normal 0.000000 0.000000 -1.000000
    outer loop
      vertex 78.921326 38.611076 2.000000
      vertex 79.232231 38.232231 2.000000
      vertex 77.199997 26.000000 2.000000
    endloop
  endfacet
  facet normal 0.000000 0.000000 -1.000000
    outer loop
      vertex 79.232231 38.232231 2.000000
      vertex 79.611076 37.921326 2.000000
      vertex 77.199997 26.000000 2.000000
    endloop
  endfacet
  facet normal 0.000000 0.000000 -1.000000
    outer loop
      vertex 79.611076 37.921326 2.000000
      vertex 80.043289 37.690300 2.000000
      vertex 78.800003 26.000000 2.000000
    endloop
  endfacet
  facet normal 0.000000 0.000000 -1.000000
    outer loop
      vertex 80.043289 37.690300 2.000000
      vertex 80.512276 37.548035 2.000000
      vertex 78.800003 26.000000 2.000000
    endloop
  endfacet
  facet normal 0.000000 0.000000 -1.000000
    outer loop
      vertex 80.512276 37.548035 2.000000
      vertex 81.000000 37.500000 2.000000
      vertex 78.800003 26.000000 2.000000
    endloop
  endfacet
  facet normal 0.000000 0.000000 -1.000000
    outer loop
      vertex 81.000000 37.500000 2.000000
      vertex 81.487724 37.548035 2.000000
      vertex 78.800003 26.000000 2.000000
    endloop
  endfacet
  facet normal 0.000000 0.000000 -1.000000
    outer loop
      vertex 81.487724 37.548035 2.000000
      vertex 81.956711 37.690300 2.000000
      vertex 78.800003 26.000000 2.000000
    endloop
  endfacet
  facet normal 0.000000 0.000000 -1.000000
    outer loop
      vertex 79.611076 37.921326 2.000000
      vertex 78.800003 26.000000 2.000000
      vertex 77.199997 26.000000 2.000000
    endloop
  endfacet
  facet normal 0.000000 0.000000 -1.000000
    outer loop
      vertex 81.956711 37.690300 2.000000
      vertex 82.388924 37.921326 2.000000
      vertex 78.800003 26.000000 2.000000
    endloop
  endfacet
  facet normal 0.000000 0.000000 -1.000000
    outer loop
      vertex 82.767769 38.232231 2.000000
      vertex 78.800003 26.000000 2.000000
      vertex 82.388924 37.921326 2.000000
    endloop
  endfacet
  facet normal 0.000000 0.000000 -1.000000
    outer loop
      vertex 82.388924 42.078674 2.000000
      vertex 95.000000 42.200001 2.000000
      vertex 82.767769 41.767769 2.000000
    endloop
  endfacet
  facet normal 0.000000 0.000000 -1.000000
    outer loop
      vertex 82.767769 41.767769 2.000000
      vertex 95.000000 42.200001 2.000000
      vertex 83.078674 41.388924 2.000000
    endloop
  endfacet
  facet normal 0.000000 0.000000 -1.000000
    outer loop
      vertex 83.078674 41.388924 2.000000
      vertex 95.000000 42.200001 2.000000
      vertex 83.309700 40.956707 2.000000
    endloop
  endfacet
  facet normal 0.000000 0.000000 -1.000000
    outer loop
      vertex 83.309700 40.956707 2.000000
      vertex 95.000000 42.200001 2.000000
      vertex 83.451965 40.487724 2.000000
    endloop
  endfacet
  facet normal 0.000000 0.000000 -1.000000
    outer loop
      vertex 83.451965 40.487724 2.000000
      vertex 95.000000 42.200001 2.000000
      vertex 83.500000 40.000000 2.000000
    endloop
  endfacet
  facet normal 0.000000 0.000000 -1.000000
    outer loop
      vertex 83.500000 40.000000 2.000000
      vertex 95.000000 42.200001 2.000000
      vertex 83.451965 39.512276 2.000000
    endloop
  endfacet
  facet normal 0.000000 0.000000 -1.000000
    outer loop
      vertex 83.309700 39.043293 2.000000
      vertex 83.451965 39.512276 2.000000
      vertex 95.000000 42.200001 2.000000
    endloop
  endfacet
  facet normal 0.000000 -1.000000 0.000000
    outer loop
      vertex 77.000000 46.000000 2.000000
      vertex 77.000000 46.000000 0.000000
      vertex 119.000000 46.000000 2.000000
    endloop
  endfacet
  facet normal 0.000000 0.000000 -1.000000
    outer loop
      vertex 95.000000 43.799999 2.000000
      vertex 77.000000 46.000000 2.000000
      vertex 101.000000 43.799999 2.000000
    endloop
  endfacet
  facet normal 0.000000 0.000000 1.000000
    outer loop
      vertex 78.600395 44.000000 0.000000
      vertex 117.001129 44.008602 0.000000
      vertex 77.000000 46.000000 0.000000
    endloop
  endfacet
  facet normal 0.000000 0.000000 -1.000000
    outer loop
      vertex 81.956711 42.309700 2.000000
      vertex 95.000000 43.799999 2.000000
      vertex 95.000000 42.200001 2.000000
    endloop
  endfacet
  facet normal 0.000000 0.000000 -1.000000
    outer loop
      vertex 83.309700 39.043293 2.000000
      vertex 95.000000 42.200001 2.000000
      vertex 83.078674 38.611076 2.000000
    endloop
  endfacet
  facet normal 0.000000 0.000000 -1.000000
    outer loop
      vertex 82.767769 38.232231 2.000000
      vertex 83.078674 38.611076 2.000000
      vertex 95.000000 42.200001 2.000000
    endloop
  endfacet
  facet normal 0.000000 0.000000 -1.000000
    outer loop
      vertex 78.800003 26.000000 2.000000
      vertex 95.000000 42.200001 2.000000
      vertex 101.000000 42.200001 2.000000
    endloop
  endfacet
  facet normal 0.000000 0.000000 -1.000000
    outer loop
      vertex 78.800003 26.000000 2.000000
      vertex 101.000000 42.200001 2.000000
      vertex 112.921326 41.388924 2.000000
    endloop
  endfacet
  facet normal 0.000000 0.000000 -1.000000
    outer loop
      vertex 78.800003 26.000000 2.000000
      vertex 112.690300 40.956707 2.000000
      vertex 78.800003 20.000000 2.000000
    endloop
  endfacet
  facet normal 0.000000 0.000000 -1.000000
    outer loop
      vertex 98.000000 23.000000 2.000000
      vertex 82.388924 8.078674 2.000000
      vertex 112.690300 39.043293 2.000000
    endloop
  endfacet
  facet normal 0.000000 0.000000 -1.000000
    outer loop
      vertex 77.199997 20.000000 2.000000
      vertex 77.000000 4.000000 2.000000
      vertex 77.000000 42.000000 2.000000
    endloop
  endfacet
  facet normal 0.000000 0.000000 -1.000000
    outer loop
      vertex 79.611076 8.078674 2.000000
      vertex 77.199997 20.000000 2.000000
      vertex 78.800003 20.000000 2.000000
    endloop
  endfacet
  facet normal 0.000000 0.000000 -1.000000
    outer loop
      vertex 78.921326 7.388927 2.000000
      vertex 77.199997 20.000000 2.000000
      vertex 79.232231 7.767769 2.000000
    endloop
  endfacet
  facet normal 0.000000 0.000000 -1.000000
    outer loop
      vertex 79.611076 8.078674 2.000000
      vertex 79.232231 7.767769 2.000000
      vertex 77.199997 20.000000 2.000000
    endloop
  endfacet
  facet normal 0.000000 0.000000 -1.000000
    outer loop
      vertex 80.043289 8.309700 2.000000
      vertex 78.800003 20.000000 2.000000
      vertex 80.512276 8.451962 2.000000
    endloop
  endfacet
  facet normal 0.000000 0.000000 -1.000000
    outer loop
      vertex 79.611076 8.078674 2.000000
      vertex 78.800003 20.000000 2.000000
      vertex 80.043289 8.309700 2.000000
    endloop
  endfacet
  facet normal 0.000000 0.000000 -1.000000
    outer loop
      vertex 80.512276 8.451962 2.000000
      vertex 78.800003 20.000000 2.000000
      vertex 81.000000 8.500000 2.000000
    endloop
  endfacet
  facet normal 0.000000 0.000000 -1.000000
    outer loop
      vertex 81.000000 8.500000 2.000000
      vertex 78.800003 20.000000 2.000000
      vertex 81.487724 8.451962 2.000000
    endloop
  endfacet
  facet normal 0.000000 0.000000 -1.000000
    outer loop
      vertex 78.500000 6.000000 2.000000
      vertex 77.000000 4.000000 2.000000
      vertex 77.199997 20.000000 2.000000
    endloop
  endfacet
  facet normal 0.000000 0.000000 -1.000000
    outer loop
      vertex 78.690300 6.956707 2.000000
      vertex 78.548035 6.487724 2.000000
      vertex 77.199997 20.000000 2.000000
    endloop
  endfacet
  facet normal 0.000000 0.000000 -1.000000
    outer loop
      vertex 78.500000 6.000000 2.000000
      vertex 77.199997 20.000000 2.000000
      vertex 78.548035 6.487724 2.000000
    endloop
  endfacet
  facet normal 0.000000 0.000000 -1.000000
    outer loop
      vertex 78.921326 7.388927 2.000000
      vertex 78.690300 6.956707 2.000000
      vertex 77.199997 20.000000 2.000000
    endloop
  endfacet
  facet normal 0.000000 0.000000 -1.000000
    outer loop
      vertex 78.500000 6.000000 2.000000
      vertex 78.548035 5.512276 2.000000
      vertex 77.000000 4.000000 2.000000
    endloop
  endfacet
  facet normal 0.000000 0.000000 -1.000000
    outer loop
      vertex 78.548035 5.512276 2.000000
      vertex 78.690300 5.043293 2.000000
      vertex 77.000000 4.000000 2.000000
    endloop
  endfacet
  facet normal 0.000000 0.000000 -1.000000
    outer loop
      vertex 78.690300 5.043293 2.000000
      vertex 78.921326 4.611073 2.000000
      vertex 77.000000 4.000000 2.000000
    endloop
  endfacet
  facet normal 0.000000 0.000000 -1.000000
    outer loop
      vertex 78.921326 4.611073 2.000000
      vertex 79.232231 4.232231 2.000000
      vertex 77.000000 4.000000 2.000000
    endloop
  endfacet
  facet normal 0.000000 0.000000 -1.000000
    outer loop
      vertex 79.611076 3.921326 2.000000
      vertex 77.000000 4.000000 2.000000
      vertex 79.232231 4.232231 2.000000
    endloop
  endfacet
  facet normal 0.000000 0.000000 -1.000000
    outer loop
      vertex 79.611076 3.921326 2.000000
      vertex 80.043289 3.690300 2.000000
      vertex 77.000000 4.000000 2.000000
    endloop
  endfacet
  facet normal 0.000000 0.000000 -1.000000
    outer loop
      vertex 80.043289 3.690300 2.000000
      vertex 80.512276 3.548038 2.000000
      vertex 77.000000 4.000000 2.000000
    endloop
  endfacet
  facet normal 0.000000 0.000000 -1.000000
    outer loop
      vertex 80.512276 3.548038 2.000000
      vertex 77.000000 0.000000 2.000000
      vertex 77.000000 4.000000 2.000000
    endloop
  endfacet
  facet normal 0.000000 0.000000 -1.000000
    outer loop
      vertex 80.512276 3.548038 2.000000
      vertex 81.000000 3.500000 2.000000
      vertex 77.000000 0.000000 2.000000
    endloop
  endfacet
  facet normal 0.000000 0.000000 -1.000000
    outer loop
      vertex 81.000000 3.500000 2.000000
      vertex 81.487724 3.548038 2.000000
      vertex 95.000000 3.799999 2.000000
    endloop
  endfacet
  facet normal 0.000000 0.000000 -1.000000
    outer loop
      vertex 81.487724 3.548038 2.000000
      vertex 81.956711 3.690300 2.000000
      vertex 95.000000 3.799999 2.000000
    endloop
  endfacet
  facet normal 0.000000 0.000000 -1.000000
    outer loop
      vertex 81.956711 3.690300 2.000000
      vertex 82.388924 3.921326 2.000000
      vertex 95.000000 3.799999 2.000000
    endloop
  endfacet
  facet normal 0.000000 0.000000 -1.000000
    outer loop
      vertex 81.000000 3.500000 2.000000
      vertex 95.000000 2.200001 2.000000
      vertex 77.000000 0.000000 2.000000
    endloop
  endfacet
  facet normal 0.000000 0.000000 -1.000000
    outer loop
      vertex 81.487724 8.451962 2.000000
      vertex 78.800003 20.000000 2.000000
      vertex 112.548035 39.512276 2.000000
    endloop
  endfacet
  facet normal 0.000000 0.000000 -1.000000
    outer loop
      vertex 81.487724 8.451962 2.000000
      vertex 112.690300 39.043293 2.000000
      vertex 81.956711 8.309700 2.000000
    endloop
  endfacet
  facet normal 0.000000 0.000000 -1.000000
    outer loop
      vertex 98.000000 23.000000 2.000000
      vertex 82.767769 7.767769 2.000000
      vertex 82.388924 8.078674 2.000000
    endloop
  endfacet
  facet normal 0.000000 0.000000 -1.000000
    outer loop
      vertex 98.000000 23.000000 2.000000
      vertex 83.078674 7.388927 2.000000
      vertex 82.767769 7.767769 2.000000
    endloop
  endfacet
  facet normal 0.000000 0.000000 -1.000000
    outer loop
      vertex 98.000000 23.000000 2.000000
      vertex 83.309700 6.956707 2.000000
      vertex 83.078674 7.388927 2.000000
    endloop
  endfacet
  facet normal 0.000000 0.000000 -1.000000
    outer loop
      vertex 81.956711 8.309700 2.000000
      vertex 112.690300 39.043293 2.000000
      vertex 82.388924 8.078674 2.000000
    endloop
  endfacet
  facet normal 0.000000 0.000000 -1.000000
    outer loop
      vertex 98.000000 23.000000 2.000000
      vertex 95.000000 3.799999 2.000000
      vertex 83.309700 6.956707 2.000000
    endloop
  endfacet
  facet normal 0.000000 0.000000 -1.000000
    outer loop
      vertex 83.309700 5.043293 2.000000
      vertex 95.000000 3.799999 2.000000
      vertex 83.078674 4.611073 2.000000
    endloop
  endfacet
  facet normal 0.000000 0.000000 -1.000000
    outer loop
      vertex 83.451965 6.487724 2.000000
      vertex 83.309700 6.956707 2.000000
      vertex 95.000000 3.799999 2.000000
    endloop
  endfacet
  facet normal 0.000000 0.000000 -1.000000
    outer loop
      vertex 83.451965 6.487724 2.000000
      vertex 95.000000 3.799999 2.000000
      vertex 83.500000 6.000000 2.000000
    endloop
  endfacet
  facet normal 0.000000 0.000000 -1.000000
    outer loop
      vertex 83.500000 6.000000 2.000000
      vertex 95.000000 3.799999 2.000000
      vertex 83.451965 5.512276 2.000000
    endloop
  endfacet
  facet normal 0.000000 0.000000 -1.000000
    outer loop
      vertex 83.451965 5.512276 2.000000
      vertex 95.000000 3.799999 2.000000
      vertex 83.309700 5.043293 2.000000
    endloop
  endfacet
  facet normal 0.000000 0.000000 -1.000000
    outer loop
      vertex 82.388924 3.921326 2.000000
      vertex 82.767769 4.232231 2.000000
      vertex 95.000000 3.799999 2.000000
    endloop
  endfacet
  facet normal 0.000000 0.000000 -1.000000
    outer loop
      vertex 83.078674 4.611073 2.000000
      vertex 95.000000 3.799999 2.000000
      vertex 82.767769 4.232231 2.000000
    endloop
  endfacet
  facet normal 0.000000 0.000000 -1.000000
    outer loop
      vertex 81.000000 3.500000 2.000000
      vertex 95.000000 3.799999 2.000000
      vertex 95.000000 2.200001 2.000000
    endloop
  endfacet
  facet normal 0.000000 0.000000 1.000000
    outer loop
      vertex 78.931854 2.000000 0.000000
      vertex 117.000000 2.000000 0.000000
      vertex 78.931854 2.115837 0.000000
    endloop
  endfacet
  facet normal 0.000000 0.000000 1.000000
    outer loop
      vertex 78.732048 1.897007 0.000000
      vertex 117.012459 1.905354 0.000000
      vertex 78.863701 2.000000 0.000000
    endloop
  endfacet
  facet normal 0.000000 0.000000 1.000000
    outer loop
      vertex 78.863701 2.000000 0.000000
      vertex 117.012459 1.905354 0.000000
      vertex 78.931854 2.000000 0.000000
    endloop
  endfacet
  facet normal 0.000000 1.000000 0.000000
    outer loop
      vertex 77.000000 0.000000 0.000000
      vertex 77.000000 0.000000 2.000000
      vertex 119.000000 0.000000 0.000000
    endloop
  endfacet
  facet normal 0.000000 0.000000 1.000000
    outer loop
      vertex 77.000000 0.000000 0.000000
      vertex 117.012459 1.905354 0.000000
      vertex 78.732048 1.897007 0.000000
    endloop
  endfacet
  facet normal 0.000000 0.000000 -1.000000
    outer loop
      vertex 95.000000 2.200001 2.000000
      vertex 119.000000 2.000000 2.000000
      vertex 77.000000 0.000000 2.000000
    endloop
  endfacet
  facet normal 0.000000 0.000000 -1.000000
    outer loop
      vertex 101.000000 43.799999 2.000000
      vertex 77.000000 46.000000 2.000000
      vertex 119.000000 46.000000 2.000000
    endloop
  endfacet
  facet normal 0.000000 0.000000 -1.000000
    outer loop
      vertex 78.800003 26.000000 2.000000
      vertex 112.921326 41.388924 2.000000
      vertex 112.690300 40.956707 2.000000
    endloop
  endfacet
  facet normal 0.000000 -1.000000 0.000000
    outer loop
      vertex 77.000000 46.000000 0.000000
      vertex 119.000000 46.000000 0.000000
      vertex 119.000000 46.000000 2.000000
    endloop
  endfacet
  facet normal 0.000000 0.000000 1.000000
    outer loop
      vertex 117.267944 44.102993 0.000000
      vertex 77.000000 46.000000 0.000000
      vertex 117.001129 44.008602 0.000000
    endloop
  endfacet
  facet normal 0.000000 0.000000 1.000000
    outer loop
      vertex 117.267944 44.102993 0.000000
      vertex 118.539749 45.495922 0.000000
      vertex 77.000000 46.000000 0.000000
    endloop
  endfacet
  facet normal 0.000000 0.000000 1.000000
    outer loop
      vertex 118.539749 45.495922 0.000000
      vertex 119.000000 46.000000 0.000000
      vertex 77.000000 46.000000 0.000000
    endloop
  endfacet
  facet normal 0.000000 0.000000 1.000000
    outer loop
      vertex 78.600395 44.000000 0.000000
      vertex 117.000000 44.000000 0.000000
      vertex 117.001129 44.008602 0.000000
    endloop
  endfacet
  facet normal 0.000000 0.000000 -1.000000
    outer loop
      vertex 112.921326 41.388924 2.000000
      vertex 101.000000 42.200001 2.000000
      vertex 101.000000 43.799999 2.000000
    endloop
  endfacet
  facet normal 0.000000 0.000000 -1.000000
    outer loop
      vertex 113.232231 41.767769 2.000000
      vertex 101.000000 43.799999 2.000000
      vertex 113.611069 42.078674 2.000000
    endloop
  endfacet
  facet normal 0.000000 0.000000 -1.000000
    outer loop
      vertex 113.232231 41.767769 2.000000
      vertex 112.921326 41.388924 2.000000
      vertex 101.000000 43.799999 2.000000
    endloop
  endfacet
  facet normal 0.000000 0.000000 -1.000000
    outer loop
      vertex 78.800003 20.000000 2.000000
      vertex 112.690300 40.956707 2.000000
      vertex 112.548035 40.487724 2.000000
    endloop
  endfacet
  facet normal 0.000000 0.000000 -1.000000
    outer loop
      vertex 78.800003 20.000000 2.000000
      vertex 112.548035 40.487724 2.000000
      vertex 112.500000 40.000000 2.000000
    endloop
  endfacet
  facet normal 0.000000 0.000000 -1.000000
    outer loop
      vertex 78.800003 20.000000 2.000000
      vertex 112.500000 40.000000 2.000000
      vertex 112.548035 39.512276 2.000000
    endloop
  endfacet
  facet normal 0.000000 0.000000 -1.000000
    outer loop
      vertex 81.487724 8.451962 2.000000
      vertex 112.548035 39.512276 2.000000
      vertex 112.690300 39.043293 2.000000
    endloop
  endfacet
  facet normal 0.000000 0.000000 -1.000000
    outer loop
      vertex 98.000000 23.000000 2.000000
      vertex 112.690300 39.043293 2.000000
      vertex 112.921326 38.611076 2.000000
    endloop
  endfacet
  facet normal 0.000000 0.000000 -1.000000
    outer loop
      vertex 98.000000 23.000000 2.000000
      vertex 112.921326 38.611076 2.000000
      vertex 113.232231 38.232231 2.000000
    endloop
  endfacet
  facet normal 0.000000 0.000000 -1.000000
    outer loop
      vertex 114.512276 42.451962 2.000000
      vertex 101.000000 43.799999 2.000000
      vertex 119.000000 46.000000 2.000000
    endloop
  endfacet
  facet normal 0.000000 0.000000 -1.000000
    outer loop
      vertex 114.043289 42.309700 2.000000
      vertex 101.000000 43.799999 2.000000
      vertex 114.512276 42.451962 2.000000
    endloop
  endfacet
  facet normal 0.000000 0.000000 -1.000000
    outer loop
      vertex 113.611069 42.078674 2.000000
      vertex 101.000000 43.799999 2.000000
      vertex 114.043289 42.309700 2.000000
    endloop
  endfacet
  facet normal 0.000000 0.000000 1.000000
    outer loop
      vertex 98.000000 23.000000 0.000000
      vertex 117.585785 42.585785 0.000000
      vertex 117.021912 43.833527 0.000000
    endloop
  endfacet
  facet normal 0.000000 0.000000 -1.000000
    outer loop
      vertex 114.512276 42.451962 2.000000
      vertex 119.000000 46.000000 2.000000
      vertex 115.000000 42.500000 2.000000
    endloop
  endfacet
  facet normal 0.000000 0.000000 -1.000000
    outer loop
      vertex 115.000000 42.500000 2.000000
      vertex 119.000000 46.000000 2.000000
      vertex 115.487724 42.451962 2.000000
    endloop
  endfacet
  facet normal 0.000000 0.000000 -1.000000
    outer loop
      vertex 115.487724 42.451962 2.000000
      vertex 119.000000 46.000000 2.000000
      vertex 119.000000 44.000000 2.000000
    endloop
  endfacet
  facet normal 0.000000 0.000000 1.000000
    outer loop
      vertex 117.136047 44.001884 0.000000
      vertex 117.267944 44.102993 0.000000
      vertex 117.001129 44.008602 0.000000
    endloop
  endfacet
  facet normal 0.000000 0.000000 1.000000
    outer loop
      vertex 117.267944 44.000000 0.000000
      vertex 117.141037 43.963993 0.000000
      vertex 117.585785 42.585785 0.000000
    endloop
  endfacet
  facet normal 0.000000 0.000000 1.000000
    outer loop
      vertex 117.021912 43.833527 0.000000
      vertex 117.585785 42.585785 0.000000
      vertex 117.141037 43.963993 0.000000
    endloop
  endfacet
  facet normal 0.000000 0.000000 -1.000000
    outer loop
      vertex 115.956711 42.309700 2.000000
      vertex 115.487724 42.451962 2.000000
      vertex 119.000000 44.000000 2.000000
    endloop
  endfacet
  facet normal 0.000000 0.000000 -1.000000
    outer loop
      vertex 115.956711 42.309700 2.000000
      vertex 119.000000 44.000000 2.000000
      vertex 116.388931 42.078674 2.000000
    endloop
  endfacet
  facet normal 0.000000 0.000000 -1.000000
    outer loop
      vertex 116.388931 42.078674 2.000000
      vertex 119.000000 44.000000 2.000000
      vertex 116.767769 41.767769 2.000000
    endloop
  endfacet
  facet normal 0.000000 0.000000 1.000000
    outer loop
      vertex 119.000000 44.000000 0.000000
      vertex 119.000000 46.000000 0.000000
      vertex 118.539749 45.495922 0.000000
    endloop
  endfacet
  facet normal 0.000000 0.000000 -1.000000
    outer loop
      vertex 98.000000 23.000000 2.000000
      vertex 113.232231 7.767769 2.000000
      vertex 112.921326 7.388927 2.000000
    endloop
  endfacet
  facet normal 0.000000 0.000000 -1.000000
    outer loop
      vertex 98.000000 23.000000 2.000000
      vertex 112.921326 7.388927 2.000000
      vertex 112.690300 6.956707 2.000000
    endloop
  endfacet
  facet normal 0.000000 0.000000 -1.000000
    outer loop
      vertex 98.000000 23.000000 2.000000
      vertex 101.000000 3.799999 2.000000
      vertex 95.000000 3.799999 2.000000
    endloop
  endfacet
  facet normal 0.000000 0.000000 1.000000
    outer loop
      vertex 98.000000 23.000000 0.000000
      vertex 78.931854 2.115837 0.000000
      vertex 117.585785 3.414215 0.000000
    endloop
  endfacet
  facet normal 0.000000 0.000000 -1.000000
    outer loop
      vertex 98.000000 23.000000 2.000000
      vertex 112.690300 6.956707 2.000000
      vertex 101.000000 3.799999 2.000000
    endloop
  endfacet
  facet normal 0.000000 0.000000 -1.000000
    outer loop
      vertex 112.690300 5.043293 2.000000
      vertex 101.000000 2.200001 2.000000
      vertex 101.000000 3.799999 2.000000
    endloop
  endfacet
  facet normal 0.000000 0.000000 -1.000000
    outer loop
      vertex 95.000000 2.200001 2.000000
      vertex 101.000000 2.200001 2.000000
      vertex 119.000000 2.000000 2.000000
    endloop
  endfacet
  facet normal 0.000000 0.000000 -1.000000
    outer loop
      vertex 119.000000 2.000000 2.000000
      vertex 119.000000 0.000000 2.000000
      vertex 77.000000 0.000000 2.000000
    endloop
  endfacet
  facet normal 0.000000 1.000000 0.000000
    outer loop
      vertex 119.000000 0.000000 2.000000
      vertex 119.000000 0.000000 0.000000
      vertex 77.000000 0.000000 2.000000
    endloop
  endfacet
  facet normal 0.000000 0.000000 1.000000
    outer loop
      vertex 78.931854 2.000000 0.000000
      vertex 117.012459 1.905354 0.000000
      vertex 117.000000 2.000000 0.000000
    endloop
  endfacet
  facet normal 0.000000 0.000000 1.000000
    outer loop
      vertex 117.771973 2.000000 0.000000
      vertex 117.585785 3.414215 0.000000
      vertex 78.931854 2.115837 0.000000
    endloop
  endfacet
  facet normal 0.000000 0.000000 1.000000
    outer loop
      vertex 117.771973 2.000000 0.000000
      vertex 78.931854 2.115837 0.000000
      vertex 117.000000 2.000000 0.000000
    endloop
  endfacet
  facet normal 0.000000 0.000000 1.000000
    outer loop
      vertex 119.000000 0.000000 0.000000
      vertex 117.012459 1.905354 0.000000
      vertex 77.000000 0.000000 0.000000
    endloop
  endfacet
  facet normal 0.000000 0.000000 -1.000000
    outer loop
      vertex 112.548035 6.487724 2.000000
      vertex 101.000000 3.799999 2.000000
      vertex 112.690300 6.956707 2.000000
    endloop
  endfacet
  facet normal 0.000000 0.000000 -1.000000
    outer loop
      vertex 112.548035 6.487724 2.000000
      vertex 112.500000 6.000000 2.000000
      vertex 101.000000 3.799999 2.000000
    endloop
  endfacet
  facet normal 0.000000 0.000000 -1.000000
    outer loop
      vertex 112.500000 6.000000 2.000000
      vertex 112.548035 5.512276 2.000000
      vertex 101.000000 3.799999 2.000000
    endloop
  endfacet
  facet normal 0.000000 0.000000 -1.000000
    outer loop
      vertex 112.548035 5.512276 2.000000
      vertex 112.690300 5.043293 2.000000
      vertex 101.000000 3.799999 2.000000
    endloop
  endfacet
  facet normal 0.000000 0.000000 -1.000000
    outer loop
      vertex 112.690300 5.043293 2.000000
      vertex 112.921326 4.611073 2.000000
      vertex 101.000000 2.200001 2.000000
    endloop
  endfacet
  facet normal 0.000000 0.000000 -1.000000
    outer loop
      vertex 112.921326 4.611073 2.000000
      vertex 113.232231 4.232231 2.000000
      vertex 101.000000 2.200001 2.000000
    endloop
  endfacet
  facet normal 0.000000 0.000000 -1.000000
    outer loop
      vertex 113.232231 4.232231 2.000000
      vertex 113.611069 3.921326 2.000000
      vertex 101.000000 2.200001 2.000000
    endloop
  endfacet
  facet normal 0.000000 0.000000 -1.000000
    outer loop
      vertex 113.611069 3.921326 2.000000
      vertex 114.043289 3.690300 2.000000
      vertex 101.000000 2.200001 2.000000
    endloop
  endfacet
  facet normal 0.000000 0.000000 -1.000000
    outer loop
      vertex 114.043289 3.690300 2.000000
      vertex 119.000000 2.000000 2.000000
      vertex 101.000000 2.200001 2.000000
    endloop
  endfacet
  facet normal 0.000000 0.000000 -1.000000
    outer loop
      vertex 114.043289 3.690300 2.000000
      vertex 114.512276 3.548038 2.000000
      vertex 119.000000 2.000000 2.000000
    endloop
  endfacet
  facet normal 0.000000 0.000000 -1.000000
    outer loop
      vertex 114.512276 3.548038 2.000000
      vertex 115.000000 3.500000 2.000000
      vertex 119.000000 2.000000 2.000000
    endloop
  endfacet
  facet normal 0.000000 0.000000 -1.000000
    outer loop
      vertex 115.000000 3.500000 2.000000
      vertex 115.487724 3.548038 2.000000
      vertex 119.000000 2.000000 2.000000
    endloop
  endfacet
  facet normal 0.000000 0.000000 -1.000000
    outer loop
      vertex 115.956711 3.690300 2.000000
      vertex 119.000000 2.000000 2.000000
      vertex 115.487724 3.548038 2.000000
    endloop
  endfacet
  facet normal 0.000000 0.000000 -1.000000
    outer loop
      vertex 116.388931 3.921326 2.000000
      vertex 116.767769 4.232231 2.000000
      vertex 119.000000 2.000000 2.000000
    endloop
  endfacet
  facet normal 0.000000 0.000000 -1.000000
    outer loop
      vertex 115.956711 3.690300 2.000000
      vertex 116.388931 3.921326 2.000000
      vertex 119.000000 2.000000 2.000000
    endloop
  endfacet
  facet normal 0.000000 0.000000 1.000000
    outer loop
      vertex 117.012459 1.905354 0.000000
      vertex 119.000000 0.000000 0.000000
      vertex 119.000000 2.000000 0.000000
    endloop
  endfacet
  facet normal 0.000000 0.000000 -1.000000
    outer loop
      vertex 75.585785 45.414215 2.000000
      vertex 76.736694 44.000000 2.000000
      vertex 75.267952 45.000000 2.000000
    endloop
  endfacet
  facet normal 0.000000 0.000000 -1.000000
    outer loop
      vertex 75.585785 45.414215 2.000000
      vertex 76.000000 45.732052 2.000000
      vertex 76.736694 44.000000 2.000000
    endloop
  endfacet
  facet normal 0.000000 0.000000 -1.000000
    outer loop
      vertex 76.000000 45.732052 2.000000
      vertex 76.482361 45.931850 2.000000
      vertex 76.736694 44.000000 2.000000
    endloop
  endfacet
  facet normal 0.923876 -0.382693 0.000000
    outer loop
      vertex 75.267952 45.000000 2.000000
      vertex 75.068146 44.517639 2.000000
      vertex 75.068146 44.517639 0.000000
    endloop
  endfacet
  facet normal 0.793358 -0.608755 0.000000
    outer loop
      vertex 75.585785 45.414215 2.000000
      vertex 75.267952 45.000000 2.000000
      vertex 75.267952 45.000000 0.000000
    endloop
  endfacet
  facet normal 0.608759 -0.793355 0.000000
    outer loop
      vertex 75.585785 45.414215 2.000000
      vertex 75.585785 45.414215 0.000000
      vertex 76.000000 45.732052 2.000000
    endloop
  endfacet
  facet normal 0.382680 -0.923881 0.000000
    outer loop
      vertex 76.000000 45.732052 2.000000
      vertex 76.000000 45.732052 0.000000
      vertex 76.482361 45.931850 2.000000
    endloop
  endfacet
  facet normal 0.000000 0.000000 -1.000000
    outer loop
      vertex 75.267952 45.000000 2.000000
      vertex 76.736694 44.000000 2.000000
      vertex 75.068146 44.517639 2.000000
    endloop
  endfacet
  facet normal 0.000000 0.000000 -1.000000
    outer loop
      vertex 75.068146 44.517639 2.000000
      vertex 76.736694 44.000000 2.000000
      vertex 75.000000 44.000000 2.000000
    endloop
  endfacet
  facet normal 0.991446 -0.130521 0.000000
    outer loop
      vertex 75.068146 44.517639 2.000000
      vertex 75.000000 44.000000 2.000000
      vertex 75.000000 44.000000 0.000000
    endloop
  endfacet
  facet normal 0.000000 0.000000 -1.000000
    outer loop
      vertex 76.482361 45.931850 2.000000
      vertex 77.000000 46.000000 2.000000
      vertex 76.736694 44.000000 2.000000
    endloop
  endfacet
  facet normal 0.130528 -0.991445 0.000000
    outer loop
      vertex 76.482361 45.931850 2.000000
      vertex 76.482361 45.931850 0.000000
      vertex 77.000000 46.000000 2.000000
    endloop
  endfacet
  facet normal 0.000000 0.000000 -1.000000
    outer loop
      vertex 76.736694 44.000000 2.000000
      vertex 77.000000 46.000000 2.000000
      vertex 77.000000 42.000000 2.000000
    endloop
  endfacet
  facet normal 0.923876 -0.382693 0.000000
    outer loop
      vertex 75.267952 45.000000 2.000000
      vertex 75.068146 44.517639 0.000000
      vertex 75.267952 45.000000 0.000000
    endloop
  endfacet
  facet normal 0.793358 -0.608755 0.000000
    outer loop
      vertex 75.585785 45.414215 2.000000
      vertex 75.267952 45.000000 0.000000
      vertex 75.585785 45.414215 0.000000
    endloop
  endfacet
  facet normal 0.608759 -0.793355 0.000000
    outer loop
      vertex 76.000000 45.732052 2.000000
      vertex 75.585785 45.414215 0.000000
      vertex 76.000000 45.732052 0.000000
    endloop
  endfacet
  facet normal 0.382680 -0.923881 0.000000
    outer loop
      vertex 76.482361 45.931850 2.000000
      vertex 76.000000 45.732052 0.000000
      vertex 76.482361 45.931850 0.000000
    endloop
  endfacet
  facet normal 0.000000 0.000000 1.000000
    outer loop
      vertex 75.585785 45.414215 0.000000
      vertex 75.267952 45.000000 0.000000
      vertex 75.000000 44.000000 0.000000
    endloop
  endfacet
  facet normal 0.000000 0.000000 1.000000
    outer loop
      vertex 75.585785 45.414215 0.000000
      vertex 75.000000 44.000000 0.000000
      vertex 76.000000 45.732052 0.000000
    endloop
  endfacet
  facet normal 0.000000 0.000000 1.000000
    outer loop
      vertex 76.000000 45.732052 0.000000
      vertex 75.000000 44.000000 0.000000
      vertex 76.482361 45.931850 0.000000
    endloop
  endfacet
  facet normal 0.000000 0.000000 1.000000
    outer loop
      vertex 76.482361 45.931850 0.000000
      vertex 75.000000 44.000000 0.000000
      vertex 77.000000 44.000000 0.000000
    endloop
  endfacet
  facet normal 0.991446 -0.130521 0.000000
    outer loop
      vertex 75.068146 44.517639 2.000000
      vertex 75.000000 44.000000 0.000000
      vertex 75.068146 44.517639 0.000000
    endloop
  endfacet
  facet normal 0.000000 0.000000 1.000000
    outer loop
      vertex 75.267952 45.000000 0.000000
      vertex 75.068146 44.517639 0.000000
      vertex 75.000000 44.000000 0.000000
    endloop
  endfacet
  facet normal 0.000000 0.000000 1.000000
    outer loop
      vertex 77.000000 42.173912 0.000000
      vertex 77.000000 44.000000 0.000000
      vertex 75.000000 44.000000 0.000000
    endloop
  endfacet
  facet normal 0.130528 -0.991445 0.000000
    outer loop
      vertex 76.482361 45.931850 0.000000
      vertex 77.000000 46.000000 0.000000
      vertex 77.000000 46.000000 2.000000
    endloop
  endfacet
  facet normal 0.000000 0.000000 1.000000
    outer loop
      vertex 76.482361 45.931850 0.000000
      vertex 77.000000 44.000000 0.000000
      vertex 77.000000 46.000000 0.000000
    endloop
  endfacet
  facet normal 0.000000 0.000000 1.000000
    outer loop
      vertex 77.000000 42.173912 0.000000
      vertex 77.303223 43.696774 0.000000
      vertex 77.000000 44.000000 0.000000
    endloop
  endfacet
  facet normal 0.000000 0.000000 1.000000
    outer loop
      vertex 77.000000 44.000000 0.000000
      vertex 77.303223 43.696774 0.000000
      vertex 78.600395 44.000000 0.000000
    endloop
  endfacet
  facet normal 0.000000 0.000000 1.000000
    outer loop
      vertex 77.303223 43.696774 0.000000
      vertex 78.414215 42.585785 0.000000
      vertex 78.600395 44.000000 0.000000
    endloop
  endfacet
  facet normal 0.000000 0.000000 1.000000
    outer loop
      vertex 117.136047 44.001884 0.000000
      vertex 117.001129 44.008602 0.000000
      vertex 117.000000 44.000000 0.000000
    endloop
  endfacet
  facet normal 0.000000 0.000000 1.000000
    outer loop
      vertex 117.267944 44.102993 0.000000
      vertex 117.136047 44.001884 0.000000
      vertex 117.267944 44.000000 0.000000
    endloop
  endfacet
  facet normal 0.000000 0.000000 1.000000
    outer loop
      vertex 117.136047 44.001884 0.000000
      vertex 117.000000 44.000000 0.000000
      vertex 117.021912 43.833527 0.000000
    endloop
  endfacet
  facet normal 0.000000 0.000000 1.000000
    outer loop
      vertex 117.136047 44.001884 0.000000
      vertex 117.021912 43.833527 0.000000
      vertex 117.141037 43.963993 0.000000
    endloop
  endfacet
  facet normal 0.000000 0.000000 1.000000
    outer loop
      vertex 117.267944 44.000000 0.000000
      vertex 117.136047 44.001884 0.000000
      vertex 117.141037 43.963993 0.000000
    endloop
  endfacet
  facet normal 0.000000 0.000000 1.000000
    outer loop
      vertex 117.267944 44.102993 0.000000
      vertex 117.267944 44.000000 0.000000
      vertex 117.585785 42.585785 0.000000
    endloop
  endfacet
  facet normal 0.000000 0.000000 1.000000
    outer loop
      vertex 117.267944 44.102993 0.000000
      vertex 117.585785 42.585785 0.000000
      vertex 118.539749 45.495922 0.000000
    endloop
  endfacet
  facet normal 0.000000 0.000000 -1.000000
    outer loop
      vertex 119.517639 45.931850 2.000000
      vertex 119.449661 42.584473 2.000000
      vertex 119.000000 46.000000 2.000000
    endloop
  endfacet
  facet normal -0.130528 -0.991445 0.000000
    outer loop
      vertex 119.517639 45.931850 2.000000
      vertex 119.000000 46.000000 2.000000
      vertex 119.000000 46.000000 0.000000
    endloop
  endfacet
  facet normal 0.000000 0.000000 -1.000000
    outer loop
      vertex 119.000000 46.000000 2.000000
      vertex 119.449661 42.584473 2.000000
      vertex 119.000000 44.000000 2.000000
    endloop
  endfacet
  facet normal 0.000000 0.000000 -1.000000
    outer loop
      vertex 119.517639 45.931850 2.000000
      vertex 120.000000 45.732052 2.000000
      vertex 121.000000 44.000000 2.000000
    endloop
  endfacet
  facet normal 0.000000 0.000000 -1.000000
    outer loop
      vertex 120.000000 45.732052 2.000000
      vertex 120.414215 45.414215 2.000000
      vertex 121.000000 44.000000 2.000000
    endloop
  endfacet
  facet normal 0.000000 0.000000 -1.000000
    outer loop
      vertex 120.414215 45.414215 2.000000
      vertex 120.732056 45.000000 2.000000
      vertex 121.000000 44.000000 2.000000
    endloop
  endfacet
  facet normal -0.382680 -0.923881 0.000000
    outer loop
      vertex 119.517639 45.931850 2.000000
      vertex 119.517639 45.931850 0.000000
      vertex 120.000000 45.732052 2.000000
    endloop
  endfacet
  facet normal -0.608759 -0.793355 0.000000
    outer loop
      vertex 120.000000 45.732052 2.000000
      vertex 120.000000 45.732052 0.000000
      vertex 120.414215 45.414215 2.000000
    endloop
  endfacet
  facet normal -0.793351 -0.608764 0.000000
    outer loop
      vertex 120.414215 45.414215 2.000000
      vertex 120.414215 45.414215 0.000000
      vertex 120.732056 45.000000 2.000000
    endloop
  endfacet
  facet normal -0.923881 -0.382680 0.000000
    outer loop
      vertex 120.732056 45.000000 2.000000
      vertex 120.732056 45.000000 0.000000
      vertex 120.931854 44.517639 2.000000
    endloop
  endfacet
  facet normal 0.000000 0.000000 -1.000000
    outer loop
      vertex 119.517639 45.931850 2.000000
      vertex 121.000000 44.000000 2.000000
      vertex 119.449661 42.584473 2.000000
    endloop
  endfacet
  facet normal 0.000000 0.000000 -1.000000
    outer loop
      vertex 120.732056 45.000000 2.000000
      vertex 120.931854 44.517639 2.000000
      vertex 121.000000 44.000000 2.000000
    endloop
  endfacet
  facet normal -0.991446 -0.130521 0.000000
    outer loop
      vertex 120.931854 44.517639 2.000000
      vertex 120.931854 44.517639 0.000000
      vertex 121.000000 44.000000 2.000000
    endloop
  endfacet
  facet normal -0.130528 -0.991445 0.000000
    outer loop
      vertex 119.517639 45.931850 2.000000
      vertex 119.000000 46.000000 0.000000
      vertex 119.517639 45.931850 0.000000
    endloop
  endfacet
  facet normal 0.000000 0.000000 1.000000
    outer loop
      vertex 118.482361 43.482361 0.000000
      vertex 118.539749 45.495922 0.000000
      vertex 117.585785 42.585785 0.000000
    endloop
  endfacet
  facet normal 0.000000 0.000000 1.000000
    outer loop
      vertex 118.482361 43.482361 0.000000
      vertex 118.833527 42.021915 0.000000
      vertex 118.539749 45.495922 0.000000
    endloop
  endfacet
  facet normal 0.000000 0.000000 1.000000
    outer loop
      vertex 119.000000 44.000000 0.000000
      vertex 118.539749 45.495922 0.000000
      vertex 118.833527 42.021915 0.000000
    endloop
  endfacet
  facet normal -0.382680 -0.923881 0.000000
    outer loop
      vertex 120.000000 45.732052 2.000000
      vertex 119.517639 45.931850 0.000000
      vertex 120.000000 45.732052 0.000000
    endloop
  endfacet
  facet normal -0.608759 -0.793355 0.000000
    outer loop
      vertex 120.414215 45.414215 2.000000
      vertex 120.000000 45.732052 0.000000
      vertex 120.414215 45.414215 0.000000
    endloop
  endfacet
  facet normal -0.793351 -0.608764 0.000000
    outer loop
      vertex 120.732056 45.000000 2.000000
      vertex 120.414215 45.414215 0.000000
      vertex 120.732056 45.000000 0.000000
    endloop
  endfacet
  facet normal -0.923881 -0.382680 0.000000
    outer loop
      vertex 120.931854 44.517639 2.000000
      vertex 120.732056 45.000000 0.000000
      vertex 120.931854 44.517639 0.000000
    endloop
  endfacet
  facet normal 0.000000 0.000000 1.000000
    outer loop
      vertex 119.517639 45.931850 0.000000
      vertex 119.000000 46.000000 0.000000
      vertex 121.000000 44.000000 0.000000
    endloop
  endfacet
  facet normal 0.000000 0.000000 1.000000
    outer loop
      vertex 119.000000 44.000000 0.000000
      vertex 121.000000 44.000000 0.000000
      vertex 119.000000 46.000000 0.000000
    endloop
  endfacet
  facet normal 0.000000 0.000000 1.000000
    outer loop
      vertex 119.517639 45.931850 0.000000
      vertex 121.000000 44.000000 0.000000
      vertex 120.000000 45.732052 0.000000
    endloop
  endfacet
  facet normal 0.000000 0.000000 1.000000
    outer loop
      vertex 120.000000 45.732052 0.000000
      vertex 121.000000 44.000000 0.000000
      vertex 120.414215 45.414215 0.000000
    endloop
  endfacet
  facet normal 0.000000 0.000000 1.000000
    outer loop
      vertex 120.414215 45.414215 0.000000
      vertex 121.000000 44.000000 0.000000
      vertex 120.732056 45.000000 0.000000
    endloop
  endfacet
  facet normal -0.991446 -0.130521 0.000000
    outer loop
      vertex 121.000000 44.000000 2.000000
      vertex 120.931854 44.517639 0.000000
      vertex 121.000000 44.000000 0.000000
    endloop
  endfacet
  facet normal 0.000000 0.000000 1.000000
    outer loop
      vertex 119.000000 44.000000 0.000000
      vertex 118.833527 42.021915 0.000000
      vertex 121.000000 44.000000 0.000000
    endloop
  endfacet
  facet normal 0.000000 0.000000 1.000000
    outer loop
      vertex 120.732056 45.000000 0.000000
      vertex 121.000000 44.000000 0.000000
      vertex 120.931854 44.517639 0.000000
    endloop
  endfacet
  facet normal 0.000000 0.000000 -1.000000
    outer loop
      vertex 75.068146 1.482361 2.000000
      vertex 75.000000 2.000000 2.000000
      vertex 75.267952 1.000000 2.000000
    endloop
  endfacet
  facet normal 0.991446 0.130521 0.000000
    outer loop
      vertex 75.000000 2.000000 2.000000
      vertex 75.068146 1.482361 2.000000
      vertex 75.068146 1.482361 0.000000
    endloop
  endfacet
  facet normal 0.000000 0.000000 -1.000000
    outer loop
      vertex 75.267952 1.000000 2.000000
      vertex 75.000000 2.000000 2.000000
      vertex 75.585785 0.585785 2.000000
    endloop
  endfacet
  facet normal 0.000000 0.000000 -1.000000
    outer loop
      vertex 75.585785 0.585785 2.000000
      vertex 75.000000 2.000000 2.000000
      vertex 76.000000 0.267948 2.000000
    endloop
  endfacet
  facet normal 0.000000 0.000000 -1.000000
    outer loop
      vertex 76.482361 0.068150 2.000000
      vertex 75.000000 2.000000 2.000000
      vertex 76.736694 2.000000 2.000000
    endloop
  endfacet
  facet normal 0.000000 0.000000 -1.000000
    outer loop
      vertex 76.000000 0.267948 2.000000
      vertex 75.000000 2.000000 2.000000
      vertex 76.482361 0.068150 2.000000
    endloop
  endfacet
  facet normal 0.923876 0.382693 0.000000
    outer loop
      vertex 75.068146 1.482361 2.000000
      vertex 75.267952 1.000000 2.000000
      vertex 75.267952 1.000000 0.000000
    endloop
  endfacet
  facet normal 0.793358 0.608755 0.000000
    outer loop
      vertex 75.267952 1.000000 2.000000
      vertex 75.585785 0.585785 2.000000
      vertex 75.585785 0.585785 0.000000
    endloop
  endfacet
  facet normal 0.608759 0.793355 0.000000
    outer loop
      vertex 75.585785 0.585785 2.000000
      vertex 76.000000 0.267948 2.000000
      vertex 76.000000 0.267948 0.000000
    endloop
  endfacet
  facet normal 0.382680 0.923881 0.000000
    outer loop
      vertex 76.000000 0.267948 2.000000
      vertex 76.482361 0.068150 2.000000
      vertex 76.482361 0.068150 0.000000
    endloop
  endfacet
  facet normal 0.000000 0.000000 -1.000000
    outer loop
      vertex 76.736694 2.000000 2.000000
      vertex 77.000000 4.000000 2.000000
      vertex 77.000000 0.000000 2.000000
    endloop
  endfacet
  facet normal 0.000000 0.000000 -1.000000
    outer loop
      vertex 76.482361 0.068150 2.000000
      vertex 76.736694 2.000000 2.000000
      vertex 77.000000 0.000000 2.000000
    endloop
  endfacet
  facet normal 0.130528 0.991445 0.000000
    outer loop
      vertex 76.482361 0.068150 2.000000
      vertex 77.000000 0.000000 2.000000
      vertex 77.000000 0.000000 0.000000
    endloop
  endfacet
  facet normal 0.991446 0.130521 0.000000
    outer loop
      vertex 75.000000 2.000000 2.000000
      vertex 75.068146 1.482361 0.000000
      vertex 75.000000 2.000000 0.000000
    endloop
  endfacet
  facet normal 0.000000 0.000000 1.000000
    outer loop
      vertex 75.000000 2.000000 0.000000
      vertex 75.068146 1.482361 0.000000
      vertex 77.020439 3.844749 0.000000
    endloop
  endfacet
  facet normal 0.000000 0.000000 1.000000
    outer loop
      vertex 75.068146 1.482361 0.000000
      vertex 75.267952 1.000000 0.000000
      vertex 77.020439 3.844749 0.000000
    endloop
  endfacet
  facet normal 0.000000 0.000000 1.000000
    outer loop
      vertex 75.267952 1.000000 0.000000
      vertex 75.585785 0.585785 0.000000
      vertex 77.020439 3.844749 0.000000
    endloop
  endfacet
  facet normal 0.000000 0.000000 1.000000
    outer loop
      vertex 75.585785 0.585785 0.000000
      vertex 76.000000 0.267948 0.000000
      vertex 77.020439 3.844749 0.000000
    endloop
  endfacet
  facet normal 0.923876 0.382693 0.000000
    outer loop
      vertex 75.068146 1.482361 2.000000
      vertex 75.267952 1.000000 0.000000
      vertex 75.068146 1.482361 0.000000
    endloop
  endfacet
  facet normal 0.793358 0.608755 0.000000
    outer loop
      vertex 75.267952 1.000000 2.000000
      vertex 75.585785 0.585785 0.000000
      vertex 75.267952 1.000000 0.000000
    endloop
  endfacet
  facet normal 0.608759 0.793355 0.000000
    outer loop
      vertex 75.585785 0.585785 2.000000
      vertex 76.000000 0.267948 0.000000
      vertex 75.585785 0.585785 0.000000
    endloop
  endfacet
  facet normal 0.382680 0.923881 0.000000
    outer loop
      vertex 76.000000 0.267948 2.000000
      vertex 76.482361 0.068150 0.000000
      vertex 76.000000 0.267948 0.000000
    endloop
  endfacet
  facet normal 0.000000 0.000000 1.000000
    outer loop
      vertex 77.517639 2.517639 0.000000
      vertex 77.020439 3.844749 0.000000
      vertex 77.000000 0.000000 0.000000
    endloop
  endfacet
  facet normal 0.000000 0.000000 1.000000
    outer loop
      vertex 77.517639 2.517639 0.000000
      vertex 77.000000 0.000000 0.000000
      vertex 78.085167 3.085163 0.000000
    endloop
  endfacet
  facet normal 0.000000 0.000000 1.000000
    outer loop
      vertex 78.414215 2.000000 0.000000
      vertex 78.085167 3.085163 0.000000
      vertex 77.000000 0.000000 0.000000
    endloop
  endfacet
  facet normal 0.130528 0.991445 0.000000
    outer loop
      vertex 76.482361 0.068150 2.000000
      vertex 77.000000 0.000000 0.000000
      vertex 76.482361 0.068150 0.000000
    endloop
  endfacet
  facet normal 0.000000 0.000000 1.000000
    outer loop
      vertex 76.000000 0.267948 0.000000
      vertex 76.482361 0.068150 0.000000
      vertex 77.020439 3.844749 0.000000
    endloop
  endfacet
  facet normal 0.000000 0.000000 1.000000
    outer loop
      vertex 76.482361 0.068150 0.000000
      vertex 77.000000 0.000000 0.000000
      vertex 77.020439 3.844749 0.000000
    endloop
  endfacet
  facet normal 0.000000 0.000000 1.000000
    outer loop
      vertex 78.732048 2.000000 0.000000
      vertex 78.863701 2.000000 0.000000
      vertex 78.858963 2.036007 0.000000
    endloop
  endfacet
  facet normal 0.000000 0.000000 1.000000
    outer loop
      vertex 78.931854 2.115837 0.000000
      vertex 78.858963 2.036007 0.000000
      vertex 78.931854 2.000000 0.000000
    endloop
  endfacet
  facet normal 0.000000 0.000000 1.000000
    outer loop
      vertex 78.931854 2.000000 0.000000
      vertex 78.858963 2.036007 0.000000
      vertex 78.863701 2.000000 0.000000
    endloop
  endfacet
  facet normal 0.000000 0.000000 1.000000
    outer loop
      vertex 78.732048 2.000000 0.000000
      vertex 78.732048 1.897007 0.000000
      vertex 78.863701 2.000000 0.000000
    endloop
  endfacet
  facet normal 0.000000 0.000000 1.000000
    outer loop
      vertex 78.414215 2.000000 0.000000
      vertex 77.000000 0.000000 0.000000
      vertex 78.732048 2.000000 0.000000
    endloop
  endfacet
  facet normal 0.000000 0.000000 1.000000
    outer loop
      vertex 78.732048 2.000000 0.000000
      vertex 77.000000 0.000000 0.000000
      vertex 78.732048 1.897007 0.000000
    endloop
  endfacet
  facet normal 0.000000 0.000000 1.000000
    outer loop
      vertex 117.771973 2.000000 0.000000
      vertex 117.000000 2.000000 0.000000
      vertex 117.012459 1.905354 0.000000
    endloop
  endfacet
  facet normal 0.000000 0.000000 1.000000
    outer loop
      vertex 119.000000 2.000000 0.000000
      vertex 117.585785 3.414215 0.000000
      vertex 117.771973 2.000000 0.000000
    endloop
  endfacet
  facet normal 0.000000 0.000000 1.000000
    outer loop
      vertex 117.012459 1.905354 0.000000
      vertex 119.000000 2.000000 0.000000
      vertex 117.771973 2.000000 0.000000
    endloop
  endfacet
  facet normal 0.000000 0.000000 -1.000000
    outer loop
      vertex 119.263306 2.000000 2.000000
      vertex 119.000000 2.000000 2.000000
      vertex 119.069939 3.468750 2.000000
    endloop
  endfacet
  facet normal 0.000000 0.000000 -1.000000
    outer loop
      vertex 119.263306 2.000000 2.000000
      vertex 119.000000 0.000000 2.000000
      vertex 119.000000 2.000000 2.000000
    endloop
  endfacet
  facet normal 0.000000 0.000000 -1.000000
    outer loop
      vertex 119.517639 0.068150 2.000000
      vertex 119.000000 0.000000 2.000000
      vertex 119.263306 2.000000 2.000000
    endloop
  endfacet
  facet normal -0.130528 0.991445 0.000000
    outer loop
      vertex 119.517639 0.068150 2.000000
      vertex 119.517639 0.068150 0.000000
      vertex 119.000000 0.000000 2.000000
    endloop
  endfacet
  facet normal 0.000000 0.000000 -1.000000
    outer loop
      vertex 120.931854 1.482361 2.000000
      vertex 119.263306 2.000000 2.000000
      vertex 121.000000 2.000000 2.000000
    endloop
  endfacet
  facet normal 0.000000 0.000000 -1.000000
    outer loop
      vertex 120.931854 1.482361 2.000000
      vertex 120.732056 1.000000 2.000000
      vertex 119.263306 2.000000 2.000000
    endloop
  endfacet
  facet normal -0.991446 0.130521 0.000000
    outer loop
      vertex 121.000000 2.000000 2.000000
      vertex 121.000000 2.000000 0.000000
      vertex 120.931854 1.482361 2.000000
    endloop
  endfacet
  facet normal 0.000000 0.000000 -1.000000
    outer loop
      vertex 119.517639 0.068150 2.000000
      vertex 119.263306 2.000000 2.000000
      vertex 120.000000 0.267948 2.000000
    endloop
  endfacet
  facet normal 0.000000 0.000000 -1.000000
    outer loop
      vertex 120.000000 0.267948 2.000000
      vertex 119.263306 2.000000 2.000000
      vertex 120.414215 0.585785 2.000000
    endloop
  endfacet
  facet normal 0.000000 0.000000 -1.000000
    outer loop
      vertex 120.732056 1.000000 2.000000
      vertex 120.414215 0.585785 2.000000
      vertex 119.263306 2.000000 2.000000
    endloop
  endfacet
  facet normal -0.382680 0.923881 0.000000
    outer loop
      vertex 119.517639 0.068150 2.000000
      vertex 120.000000 0.267948 2.000000
      vertex 120.000000 0.267948 0.000000
    endloop
  endfacet
  facet normal -0.608759 0.793355 0.000000
    outer loop
      vertex 120.000000 0.267948 2.000000
      vertex 120.414215 0.585785 2.000000
      vertex 120.414215 0.585785 0.000000
    endloop
  endfacet
  facet normal -0.793351 0.608764 0.000000
    outer loop
      vertex 120.732056 1.000000 2.000000
      vertex 120.732056 1.000000 0.000000
      vertex 120.414215 0.585785 2.000000
    endloop
  endfacet
  facet normal -0.923881 0.382680 0.000000
    outer loop
      vertex 120.931854 1.482361 2.000000
      vertex 120.931854 1.482361 0.000000
      vertex 120.732056 1.000000 2.000000
    endloop
  endfacet
  facet normal 0.000000 0.000000 1.000000
    outer loop
      vertex 119.517639 0.068150 0.000000
      vertex 119.069939 3.468750 0.000000
      vertex 119.000000 2.000000 0.000000
    endloop
  endfacet
  facet normal 0.000000 0.000000 1.000000
    outer loop
      vertex 119.517639 0.068150 0.000000
      vertex 119.517639 2.000000 0.000000
      vertex 119.069939 3.468750 0.000000
    endloop
  endfacet
  facet normal -0.130528 0.991445 0.000000
    outer loop
      vertex 119.517639 0.068150 0.000000
      vertex 119.000000 0.000000 0.000000
      vertex 119.000000 0.000000 2.000000
    endloop
  endfacet
  facet normal 0.000000 0.000000 1.000000
    outer loop
      vertex 119.517639 0.068150 0.000000
      vertex 119.000000 2.000000 0.000000
      vertex 119.000000 0.000000 0.000000
    endloop
  endfacet
  facet normal -0.991446 0.130521 0.000000
    outer loop
      vertex 120.931854 1.482361 2.000000
      vertex 121.000000 2.000000 0.000000
      vertex 120.931854 1.482361 0.000000
    endloop
  endfacet
  facet normal 0.000000 0.000000 1.000000
    outer loop
      vertex 120.931854 1.482361 0.000000
      vertex 121.000000 2.000000 0.000000
      vertex 120.732056 1.000000 0.000000
    endloop
  endfacet
  facet normal -0.382680 0.923881 0.000000
    outer loop
      vertex 119.517639 0.068150 2.000000
      vertex 120.000000 0.267948 0.000000
      vertex 119.517639 0.068150 0.000000
    endloop
  endfacet
  facet normal -0.608759 0.793355 0.000000
    outer loop
      vertex 120.000000 0.267948 2.000000
      vertex 120.414215 0.585785 0.000000
      vertex 120.000000 0.267948 0.000000
    endloop
  endfacet
  facet normal -0.793351 0.608764 0.000000
    outer loop
      vertex 120.414215 0.585785 2.000000
      vertex 120.732056 1.000000 0.000000
      vertex 120.414215 0.585785 0.000000
    endloop
  endfacet
  facet normal -0.923881 0.382680 0.000000
    outer loop
      vertex 120.732056 1.000000 2.000000
      vertex 120.931854 1.482361 0.000000
      vertex 120.732056 1.000000 0.000000
    endloop
  endfacet
  facet normal 0.000000 0.000000 1.000000
    outer loop
      vertex 119.517639 0.068150 0.000000
      vertex 120.000000 0.267948 0.000000
      vertex 119.517639 2.000000 0.000000
    endloop
  endfacet
  facet normal 0.000000 0.000000 1.000000
    outer loop
      vertex 120.000000 0.267948 0.000000
      vertex 121.000000 2.000000 0.000000
      vertex 119.517639 2.000000 0.000000
    endloop
  endfacet
  facet normal 0.000000 0.000000 1.000000
    outer loop
      vertex 120.000000 0.267948 0.000000
      vertex 120.414215 0.585785 0.000000
      vertex 121.000000 2.000000 0.000000
    endloop
  endfacet
  facet normal 0.000000 0.000000 1.000000
    outer loop
      vertex 120.732056 1.000000 0.000000
      vertex 121.000000 2.000000 0.000000
      vertex 120.414215 0.585785 0.000000
    endloop
  endfacet
  facet normal 0.000000 0.000000 -1.000000
    outer loop
      vertex 78.921326 41.388924 16.699999
      vertex 78.921326 38.611076 16.699999
      vertex 78.690300 40.956707 16.699999
    endloop
  endfacet
  facet normal 0.000000 0.000000 -1.000000
    outer loop
      vertex 79.232231 41.767769 16.699999
      vertex 79.232231 38.232231 16.699999
      vertex 78.921326 41.388924 16.699999
    endloop
  endfacet
  facet normal 0.000000 0.000000 -1.000000
    outer loop
      vertex 79.232231 41.767769 16.699999
      vertex 79.611076 42.078674 16.699999
      vertex 79.611076 37.921326 16.699999
    endloop
  endfacet
  facet normal 0.000000 0.000000 -1.000000
    outer loop
      vertex 79.611076 42.078674 16.699999
      vertex 80.043289 42.309700 16.699999
      vertex 80.043289 37.690300 16.699999
    endloop
  endfacet
  facet normal 0.000000 0.000000 -1.000000
    outer loop
      vertex 80.512276 42.451962 16.699999
      vertex 80.512276 37.548035 16.699999
      vertex 80.043289 42.309700 16.699999
    endloop
  endfacet
  facet normal 0.000000 0.000000 -1.000000
    outer loop
      vertex 78.548035 40.487724 16.699999
      vertex 78.548035 39.512276 16.699999
      vertex 78.500000 40.000000 16.699999
    endloop
  endfacet
  facet normal 0.000000 0.000000 -1.000000
    outer loop
      vertex 78.548035 40.487724 16.699999
      vertex 78.690300 40.956707 16.699999
      vertex 78.690300 39.043293 16.699999
    endloop
  endfacet
  facet normal 0.000000 0.000000 -1.000000
    outer loop
      vertex 78.548035 40.487724 16.699999
      vertex 78.690300 39.043293 16.699999
      vertex 78.548035 39.512276 16.699999
    endloop
  endfacet
  facet normal 0.000000 0.000000 -1.000000
    outer loop
      vertex 78.690300 40.956707 16.699999
      vertex 78.921326 38.611076 16.699999
      vertex 78.690300 39.043293 16.699999
    endloop
  endfacet
  facet normal 0.000000 0.000000 -1.000000
    outer loop
      vertex 78.921326 41.388924 16.699999
      vertex 79.232231 38.232231 16.699999
      vertex 78.921326 38.611076 16.699999
    endloop
  endfacet
  facet normal 0.000000 0.000000 -1.000000
    outer loop
      vertex 79.232231 41.767769 16.699999
      vertex 79.611076 37.921326 16.699999
      vertex 79.232231 38.232231 16.699999
    endloop
  endfacet
  facet normal 0.000000 0.000000 -1.000000
    outer loop
      vertex 79.611076 42.078674 16.699999
      vertex 80.043289 37.690300 16.699999
      vertex 79.611076 37.921326 16.699999
    endloop
  endfacet
  facet normal 0.000000 0.000000 -1.000000
    outer loop
      vertex 80.043289 42.309700 16.699999
      vertex 80.512276 37.548035 16.699999
      vertex 80.043289 37.690300 16.699999
    endloop
  endfacet
  facet normal 0.000000 0.000000 -1.000000
    outer loop
      vertex 80.512276 42.451962 16.699999
      vertex 81.000000 37.500000 16.699999
      vertex 80.512276 37.548035 16.699999
    endloop
  endfacet
  facet normal 0.000000 0.000000 -1.000000
    outer loop
      vertex 80.512276 42.451962 16.699999
      vertex 81.000000 42.500000 16.699999
      vertex 81.000000 37.500000 16.699999
    endloop
  endfacet
  facet normal 0.000000 0.000000 -1.000000
    outer loop
      vertex 81.000000 42.500000 16.699999
      vertex 81.487724 42.451962 16.699999
      vertex 81.487724 37.548035 16.699999
    endloop
  endfacet
  facet normal 0.000000 0.000000 -1.000000
    outer loop
      vertex 81.487724 42.451962 16.699999
      vertex 81.956711 42.309700 16.699999
      vertex 81.956711 37.690300 16.699999
    endloop
  endfacet
  facet normal 0.000000 0.000000 -1.000000
    outer loop
      vertex 81.956711 42.309700 16.699999
      vertex 82.388924 42.078674 16.699999
      vertex 82.388924 37.921326 16.699999
    endloop
  endfacet
  facet normal 0.000000 0.000000 -1.000000
    outer loop
      vertex 82.388924 42.078674 16.699999
      vertex 82.767769 41.767769 16.699999
      vertex 82.767769 38.232231 16.699999
    endloop
  endfacet
  facet normal 0.000000 0.000000 -1.000000
    outer loop
      vertex 82.767769 41.767769 16.699999
      vertex 83.078674 41.388924 16.699999
      vertex 83.078674 38.611076 16.699999
    endloop
  endfacet
  facet normal 0.000000 0.000000 -1.000000
    outer loop
      vertex 83.078674 41.388924 16.699999
      vertex 83.309700 40.956707 16.699999
      vertex 83.309700 39.043293 16.699999
    endloop
  endfacet
  facet normal 0.000000 0.000000 -1.000000
    outer loop
      vertex 83.309700 40.956707 16.699999
      vertex 83.451965 40.487724 16.699999
      vertex 83.451965 39.512276 16.699999
    endloop
  endfacet
  facet normal 0.000000 0.000000 -1.000000
    outer loop
      vertex 81.000000 42.500000 16.699999
      vertex 81.487724 37.548035 16.699999
      vertex 81.000000 37.500000 16.699999
    endloop
  endfacet
  facet normal 0.000000 0.000000 -1.000000
    outer loop
      vertex 81.487724 42.451962 16.699999
      vertex 81.956711 37.690300 16.699999
      vertex 81.487724 37.548035 16.699999
    endloop
  endfacet
  facet normal 0.000000 0.000000 -1.000000
    outer loop
      vertex 81.956711 42.309700 16.699999
      vertex 82.388924 37.921326 16.699999
      vertex 81.956711 37.690300 16.699999
    endloop
  endfacet
  facet normal 0.000000 0.000000 -1.000000
    outer loop
      vertex 82.767769 41.767769 16.699999
      vertex 83.078674 38.611076 16.699999
      vertex 82.767769 38.232231 16.699999
    endloop
  endfacet
  facet normal 0.000000 0.000000 -1.000000
    outer loop
      vertex 82.388924 42.078674 16.699999
      vertex 82.767769 38.232231 16.699999
      vertex 82.388924 37.921326 16.699999
    endloop
  endfacet
  facet normal 0.000000 0.000000 -1.000000
    outer loop
      vertex 83.078674 41.388924 16.699999
      vertex 83.309700 39.043293 16.699999
      vertex 83.078674 38.611076 16.699999
    endloop
  endfacet
  facet normal 0.000000 0.000000 -1.000000
    outer loop
      vertex 83.451965 40.487724 16.699999
      vertex 83.500000 40.000000 16.699999
      vertex 83.451965 39.512276 16.699999
    endloop
  endfacet
  facet normal 0.000000 0.000000 -1.000000
    outer loop
      vertex 83.309700 40.956707 16.699999
      vertex 83.451965 39.512276 16.699999
      vertex 83.309700 39.043293 16.699999
    endloop
  endfacet
  facet normal 0.881920 -0.471398 0.000000
    outer loop
      vertex 78.921326 41.388924 16.699999
      vertex 78.690300 40.956707 16.699999
      vertex 78.690300 40.956707 2.000000
    endloop
  endfacet
  facet normal 0.773015 -0.634387 0.000000
    outer loop
      vertex 79.232231 41.767769 16.699999
      vertex 78.921326 41.388924 16.699999
      vertex 78.921326 41.388924 2.000000
    endloop
  endfacet
  facet normal 0.956940 -0.290286 0.000000
    outer loop
      vertex 78.548035 40.487724 16.699999
      vertex 78.548035 40.487724 2.000000
      vertex 78.690300 40.956707 16.699999
    endloop
  endfacet
  facet normal 0.634387 -0.773015 0.000000
    outer loop
      vertex 79.232231 41.767769 16.699999
      vertex 79.232231 41.767769 2.000000
      vertex 79.611076 42.078674 16.699999
    endloop
  endfacet
  facet normal 0.471402 -0.881919 0.000000
    outer loop
      vertex 79.611076 42.078674 16.699999
      vertex 79.611076 42.078674 2.000000
      vertex 80.043289 42.309700 16.699999
    endloop
  endfacet
  facet normal 0.098021 -0.995184 0.000000
    outer loop
      vertex 80.512276 42.451962 16.699999
      vertex 80.512276 42.451962 2.000000
      vertex 81.000000 42.500000 16.699999
    endloop
  endfacet
  facet normal 0.290277 -0.956943 0.000000
    outer loop
      vertex 80.512276 42.451962 16.699999
      vertex 80.043289 42.309700 16.699999
      vertex 80.043289 42.309700 2.000000
    endloop
  endfacet
  facet normal 0.995185 -0.098013 0.000000
    outer loop
      vertex 78.548035 40.487724 16.699999
      vertex 78.500000 40.000000 16.699999
      vertex 78.500000 40.000000 2.000000
    endloop
  endfacet
  facet normal 0.995185 0.098013 0.000000
    outer loop
      vertex 78.500000 40.000000 16.699999
      vertex 78.548035 39.512276 16.699999
      vertex 78.548035 39.512276 2.000000
    endloop
  endfacet
  facet normal 0.956940 0.290286 0.000000
    outer loop
      vertex 78.548035 39.512276 16.699999
      vertex 78.690300 39.043293 16.699999
      vertex 78.690300 39.043293 2.000000
    endloop
  endfacet
  facet normal 0.881920 0.471398 0.000000
    outer loop
      vertex 78.690300 39.043293 16.699999
      vertex 78.921326 38.611076 16.699999
      vertex 78.921326 38.611076 2.000000
    endloop
  endfacet
  facet normal 0.773015 0.634387 0.000000
    outer loop
      vertex 78.921326 38.611076 16.699999
      vertex 79.232231 38.232231 16.699999
      vertex 79.232231 38.232231 2.000000
    endloop
  endfacet
  facet normal 0.634387 0.773015 0.000000
    outer loop
      vertex 79.232231 38.232231 16.699999
      vertex 79.611076 37.921326 16.699999
      vertex 79.611076 37.921326 2.000000
    endloop
  endfacet
  facet normal 0.471402 0.881919 0.000000
    outer loop
      vertex 79.611076 37.921326 16.699999
      vertex 80.043289 37.690300 16.699999
      vertex 80.043289 37.690300 2.000000
    endloop
  endfacet
  facet normal 0.290284 0.956940 0.000000
    outer loop
      vertex 80.043289 37.690300 16.699999
      vertex 80.512276 37.548035 16.699999
      vertex 80.512276 37.548035 2.000000
    endloop
  endfacet
  facet normal -0.098021 -0.995184 0.000000
    outer loop
      vertex 81.000000 42.500000 16.699999
      vertex 81.000000 42.500000 2.000000
      vertex 81.487724 42.451962 16.699999
    endloop
  endfacet
  facet normal -0.290277 -0.956943 0.000000
    outer loop
      vertex 81.487724 42.451962 16.699999
      vertex 81.487724 42.451962 2.000000
      vertex 81.956711 42.309700 16.699999
    endloop
  endfacet
  facet normal -0.471402 -0.881919 0.000000
    outer loop
      vertex 81.956711 42.309700 16.699999
      vertex 81.956711 42.309700 2.000000
      vertex 82.388924 42.078674 16.699999
    endloop
  endfacet
  facet normal -0.634387 -0.773015 0.000000
    outer loop
      vertex 82.388924 42.078674 16.699999
      vertex 82.388924 42.078674 2.000000
      vertex 82.767769 41.767769 16.699999
    endloop
  endfacet
  facet normal -0.773015 -0.634387 0.000000
    outer loop
      vertex 82.767769 41.767769 16.699999
      vertex 82.767769 41.767769 2.000000
      vertex 83.078674 41.388924 16.699999
    endloop
  endfacet
  facet normal -0.881920 -0.471398 0.000000
    outer loop
      vertex 83.078674 41.388924 16.699999
      vertex 83.078674 41.388924 2.000000
      vertex 83.309700 40.956707 16.699999
    endloop
  endfacet
  facet normal -0.956940 -0.290286 0.000000
    outer loop
      vertex 83.309700 40.956707 16.699999
      vertex 83.309700 40.956707 2.000000
      vertex 83.451965 40.487724 16.699999
    endloop
  endfacet
  facet normal -0.995185 -0.098013 0.000000
    outer loop
      vertex 83.451965 40.487724 16.699999
      vertex 83.451965 40.487724 2.000000
      vertex 83.500000 40.000000 16.699999
    endloop
  endfacet
  facet normal 0.098013 0.995185 0.000000
    outer loop
      vertex 80.512276 37.548035 16.699999
      vertex 81.000000 37.500000 16.699999
      vertex 81.000000 37.500000 2.000000
    endloop
  endfacet
  facet normal -0.098013 0.995185 0.000000
    outer loop
      vertex 81.000000 37.500000 16.699999
      vertex 81.487724 37.548035 16.699999
      vertex 81.487724 37.548035 2.000000
    endloop
  endfacet
  facet normal -0.290284 0.956940 0.000000
    outer loop
      vertex 81.487724 37.548035 16.699999
      vertex 81.956711 37.690300 16.699999
      vertex 81.956711 37.690300 2.000000
    endloop
  endfacet
  facet normal -0.995185 0.098013 0.000000
    outer loop
      vertex 83.500000 40.000000 16.699999
      vertex 83.500000 40.000000 2.000000
      vertex 83.451965 39.512276 16.699999
    endloop
  endfacet
  facet normal -0.881920 0.471398 0.000000
    outer loop
      vertex 83.309700 39.043293 16.699999
      vertex 83.309700 39.043293 2.000000
      vertex 83.078674 38.611076 16.699999
    endloop
  endfacet
  facet normal -0.956940 0.290286 0.000000
    outer loop
      vertex 83.451965 39.512276 16.699999
      vertex 83.451965 39.512276 2.000000
      vertex 83.309700 39.043293 16.699999
    endloop
  endfacet
  facet normal -0.634387 0.773015 0.000000
    outer loop
      vertex 82.767769 38.232231 16.699999
      vertex 82.767769 38.232231 2.000000
      vertex 82.388924 37.921326 16.699999
    endloop
  endfacet
  facet normal -0.471402 0.881919 0.000000
    outer loop
      vertex 81.956711 37.690300 16.699999
      vertex 82.388924 37.921326 16.699999
      vertex 82.388924 37.921326 2.000000
    endloop
  endfacet
  facet normal -0.773015 0.634387 0.000000
    outer loop
      vertex 82.767769 38.232231 16.699999
      vertex 83.078674 38.611076 16.699999
      vertex 83.078674 38.611076 2.000000
    endloop
  endfacet
  facet normal 0.995185 -0.098013 0.000000
    outer loop
      vertex 78.548035 40.487724 16.699999
      vertex 78.500000 40.000000 2.000000
      vertex 78.548035 40.487724 2.000000
    endloop
  endfacet
  facet normal 0.881920 -0.471398 0.000000
    outer loop
      vertex 78.921326 41.388924 16.699999
      vertex 78.690300 40.956707 2.000000
      vertex 78.921326 41.388924 2.000000
    endloop
  endfacet
  facet normal 0.773015 -0.634387 0.000000
    outer loop
      vertex 79.232231 41.767769 16.699999
      vertex 78.921326 41.388924 2.000000
      vertex 79.232231 41.767769 2.000000
    endloop
  endfacet
  facet normal 0.956940 -0.290286 0.000000
    outer loop
      vertex 78.690300 40.956707 16.699999
      vertex 78.548035 40.487724 2.000000
      vertex 78.690300 40.956707 2.000000
    endloop
  endfacet
  facet normal 0.634387 -0.773015 0.000000
    outer loop
      vertex 79.611076 42.078674 16.699999
      vertex 79.232231 41.767769 2.000000
      vertex 79.611076 42.078674 2.000000
    endloop
  endfacet
  facet normal 0.471402 -0.881919 0.000000
    outer loop
      vertex 80.043289 42.309700 16.699999
      vertex 79.611076 42.078674 2.000000
      vertex 80.043289 42.309700 2.000000
    endloop
  endfacet
  facet normal 0.290277 -0.956943 0.000000
    outer loop
      vertex 80.512276 42.451962 16.699999
      vertex 80.043289 42.309700 2.000000
      vertex 80.512276 42.451962 2.000000
    endloop
  endfacet
  facet normal 0.995185 0.098013 0.000000
    outer loop
      vertex 78.500000 40.000000 16.699999
      vertex 78.548035 39.512276 2.000000
      vertex 78.500000 40.000000 2.000000
    endloop
  endfacet
  facet normal 0.956940 0.290286 0.000000
    outer loop
      vertex 78.548035 39.512276 16.699999
      vertex 78.690300 39.043293 2.000000
      vertex 78.548035 39.512276 2.000000
    endloop
  endfacet
  facet normal 0.881920 0.471398 0.000000
    outer loop
      vertex 78.690300 39.043293 16.699999
      vertex 78.921326 38.611076 2.000000
      vertex 78.690300 39.043293 2.000000
    endloop
  endfacet
  facet normal 0.773015 0.634387 0.000000
    outer loop
      vertex 78.921326 38.611076 16.699999
      vertex 79.232231 38.232231 2.000000
      vertex 78.921326 38.611076 2.000000
    endloop
  endfacet
  facet normal 0.634387 0.773015 0.000000
    outer loop
      vertex 79.232231 38.232231 16.699999
      vertex 79.611076 37.921326 2.000000
      vertex 79.232231 38.232231 2.000000
    endloop
  endfacet
  facet normal 0.471402 0.881919 0.000000
    outer loop
      vertex 79.611076 37.921326 16.699999
      vertex 80.043289 37.690300 2.000000
      vertex 79.611076 37.921326 2.000000
    endloop
  endfacet
  facet normal 0.290284 0.956940 0.000000
    outer loop
      vertex 80.043289 37.690300 16.699999
      vertex 80.512276 37.548035 2.000000
      vertex 80.043289 37.690300 2.000000
    endloop
  endfacet
  facet normal 0.098013 0.995185 0.000000
    outer loop
      vertex 80.512276 37.548035 16.699999
      vertex 81.000000 37.500000 2.000000
      vertex 80.512276 37.548035 2.000000
    endloop
  endfacet
  facet normal 0.098021 -0.995184 0.000000
    outer loop
      vertex 81.000000 42.500000 16.699999
      vertex 80.512276 42.451962 2.000000
      vertex 81.000000 42.500000 2.000000
    endloop
  endfacet
  facet normal -0.098021 -0.995184 0.000000
    outer loop
      vertex 81.487724 42.451962 16.699999
      vertex 81.000000 42.500000 2.000000
      vertex 81.487724 42.451962 2.000000
    endloop
  endfacet
  facet normal -0.290277 -0.956943 0.000000
    outer loop
      vertex 81.956711 42.309700 16.699999
      vertex 81.487724 42.451962 2.000000
      vertex 81.956711 42.309700 2.000000
    endloop
  endfacet
  facet normal -0.471402 -0.881919 0.000000
    outer loop
      vertex 82.388924 42.078674 16.699999
      vertex 81.956711 42.309700 2.000000
      vertex 82.388924 42.078674 2.000000
    endloop
  endfacet
  facet normal -0.634387 -0.773015 0.000000
    outer loop
      vertex 82.767769 41.767769 16.699999
      vertex 82.388924 42.078674 2.000000
      vertex 82.767769 41.767769 2.000000
    endloop
  endfacet
  facet normal -0.773015 -0.634387 0.000000
    outer loop
      vertex 83.078674 41.388924 16.699999
      vertex 82.767769 41.767769 2.000000
      vertex 83.078674 41.388924 2.000000
    endloop
  endfacet
  facet normal -0.881920 -0.471398 0.000000
    outer loop
      vertex 83.309700 40.956707 16.699999
      vertex 83.078674 41.388924 2.000000
      vertex 83.309700 40.956707 2.000000
    endloop
  endfacet
  facet normal -0.956940 -0.290286 0.000000
    outer loop
      vertex 83.451965 40.487724 16.699999
      vertex 83.309700 40.956707 2.000000
      vertex 83.451965 40.487724 2.000000
    endloop
  endfacet
  facet normal -0.098013 0.995185 0.000000
    outer loop
      vertex 81.000000 37.500000 16.699999
      vertex 81.487724 37.548035 2.000000
      vertex 81.000000 37.500000 2.000000
    endloop
  endfacet
  facet normal -0.290284 0.956940 0.000000
    outer loop
      vertex 81.487724 37.548035 16.699999
      vertex 81.956711 37.690300 2.000000
      vertex 81.487724 37.548035 2.000000
    endloop
  endfacet
  facet normal -0.471402 0.881919 0.000000
    outer loop
      vertex 81.956711 37.690300 16.699999
      vertex 82.388924 37.921326 2.000000
      vertex 81.956711 37.690300 2.000000
    endloop
  endfacet
  facet normal -0.995185 -0.098013 0.000000
    outer loop
      vertex 83.500000 40.000000 16.699999
      vertex 83.451965 40.487724 2.000000
      vertex 83.500000 40.000000 2.000000
    endloop
  endfacet
  facet normal -0.995185 0.098013 0.000000
    outer loop
      vertex 83.451965 39.512276 16.699999
      vertex 83.500000 40.000000 2.000000
      vertex 83.451965 39.512276 2.000000
    endloop
  endfacet
  facet normal -0.956940 0.290286 0.000000
    outer loop
      vertex 83.309700 39.043293 16.699999
      vertex 83.451965 39.512276 2.000000
      vertex 83.309700 39.043293 2.000000
    endloop
  endfacet
  facet normal -0.773015 0.634387 0.000000
    outer loop
      vertex 82.767769 38.232231 16.699999
      vertex 83.078674 38.611076 2.000000
      vertex 82.767769 38.232231 2.000000
    endloop
  endfacet
  facet normal -0.634387 0.773015 0.000000
    outer loop
      vertex 82.388924 37.921326 16.699999
      vertex 82.767769 38.232231 2.000000
      vertex 82.388924 37.921326 2.000000
    endloop
  endfacet
  facet normal -0.881920 0.471398 0.000000
    outer loop
      vertex 83.078674 38.611076 16.699999
      vertex 83.309700 39.043293 2.000000
      vertex 83.078674 38.611076 2.000000
    endloop
  endfacet
  facet normal 0.000000 0.000000 -1.000000
    outer loop
      vertex 112.921326 41.388924 16.699999
      vertex 112.921326 38.611076 16.699999
      vertex 112.690300 40.956707 16.699999
    endloop
  endfacet
  facet normal 0.000000 0.000000 -1.000000
    outer loop
      vertex 113.232231 41.767769 16.699999
      vertex 113.232231 38.232231 16.699999
      vertex 112.921326 41.388924 16.699999
    endloop
  endfacet
  facet normal 0.000000 0.000000 -1.000000
    outer loop
      vertex 113.232231 41.767769 16.699999
      vertex 113.611069 42.078674 16.699999
      vertex 113.611069 37.921326 16.699999
    endloop
  endfacet
  facet normal 0.000000 0.000000 -1.000000
    outer loop
      vertex 113.611069 42.078674 16.699999
      vertex 114.043289 42.309700 16.699999
      vertex 114.043289 37.690300 16.699999
    endloop
  endfacet
  facet normal 0.000000 0.000000 -1.000000
    outer loop
      vertex 114.512276 42.451962 16.699999
      vertex 114.512276 37.548035 16.699999
      vertex 114.043289 42.309700 16.699999
    endloop
  endfacet
  facet normal 0.000000 0.000000 -1.000000
    outer loop
      vertex 114.512276 42.451962 16.699999
      vertex 115.000000 42.500000 16.699999
      vertex 115.000000 37.500000 16.699999
    endloop
  endfacet
  facet normal 0.000000 0.000000 -1.000000
    outer loop
      vertex 112.548035 40.487724 16.699999
      vertex 112.548035 39.512276 16.699999
      vertex 112.500000 40.000000 16.699999
    endloop
  endfacet
  facet normal 0.000000 0.000000 -1.000000
    outer loop
      vertex 112.690300 40.956707 16.699999
      vertex 112.690300 39.043293 16.699999
      vertex 112.548035 40.487724 16.699999
    endloop
  endfacet
  facet normal 0.000000 0.000000 -1.000000
    outer loop
      vertex 112.548035 40.487724 16.699999
      vertex 112.690300 39.043293 16.699999
      vertex 112.548035 39.512276 16.699999
    endloop
  endfacet
  facet normal 0.000000 0.000000 -1.000000
    outer loop
      vertex 112.690300 40.956707 16.699999
      vertex 112.921326 38.611076 16.699999
      vertex 112.690300 39.043293 16.699999
    endloop
  endfacet
  facet normal 0.000000 0.000000 -1.000000
    outer loop
      vertex 112.921326 41.388924 16.699999
      vertex 113.232231 38.232231 16.699999
      vertex 112.921326 38.611076 16.699999
    endloop
  endfacet
  facet normal 0.000000 0.000000 -1.000000
    outer loop
      vertex 113.232231 41.767769 16.699999
      vertex 113.611069 37.921326 16.699999
      vertex 113.232231 38.232231 16.699999
    endloop
  endfacet
  facet normal 0.000000 0.000000 -1.000000
    outer loop
      vertex 113.611069 42.078674 16.699999
      vertex 114.043289 37.690300 16.699999
      vertex 113.611069 37.921326 16.699999
    endloop
  endfacet
  facet normal 0.000000 0.000000 -1.000000
    outer loop
      vertex 114.043289 42.309700 16.699999
      vertex 114.512276 37.548035 16.699999
      vertex 114.043289 37.690300 16.699999
    endloop
  endfacet
  facet normal 0.000000 0.000000 -1.000000
    outer loop
      vertex 114.512276 42.451962 16.699999
      vertex 115.000000 37.500000 16.699999
      vertex 114.512276 37.548035 16.699999
    endloop
  endfacet
  facet normal 0.000000 0.000000 -1.000000
    outer loop
      vertex 115.000000 42.500000 16.699999
      vertex 115.487724 37.548035 16.699999
      vertex 115.000000 37.500000 16.699999
    endloop
  endfacet
  facet normal 0.000000 0.000000 -1.000000
    outer loop
      vertex 115.000000 42.500000 16.699999
      vertex 115.487724 42.451962 16.699999
      vertex 115.487724 37.548035 16.699999
    endloop
  endfacet
  facet normal 0.000000 0.000000 -1.000000
    outer loop
      vertex 115.487724 42.451962 16.699999
      vertex 115.956711 42.309700 16.699999
      vertex 115.956711 37.690300 16.699999
    endloop
  endfacet
  facet normal 0.000000 0.000000 -1.000000
    outer loop
      vertex 115.956711 42.309700 16.699999
      vertex 116.388931 42.078674 16.699999
      vertex 116.388931 37.921326 16.699999
    endloop
  endfacet
  facet normal 0.000000 0.000000 -1.000000
    outer loop
      vertex 116.388931 42.078674 16.699999
      vertex 116.767769 41.767769 16.699999
      vertex 116.767769 38.232231 16.699999
    endloop
  endfacet
  facet normal 0.000000 0.000000 -1.000000
    outer loop
      vertex 116.767769 41.767769 16.699999
      vertex 117.078674 41.388924 16.699999
      vertex 117.078674 38.611076 16.699999
    endloop
  endfacet
  facet normal 0.000000 0.000000 -1.000000
    outer loop
      vertex 117.078674 41.388924 16.699999
      vertex 117.309700 40.956707 16.699999
      vertex 117.309700 39.043293 16.699999
    endloop
  endfacet
  facet normal 0.000000 0.000000 -1.000000
    outer loop
      vertex 117.309700 40.956707 16.699999
      vertex 117.451965 40.487724 16.699999
      vertex 117.451965 39.512276 16.699999
    endloop
  endfacet
  facet normal 0.000000 0.000000 -1.000000
    outer loop
      vertex 115.487724 42.451962 16.699999
      vertex 115.956711 37.690300 16.699999
      vertex 115.487724 37.548035 16.699999
    endloop
  endfacet
  facet normal 0.000000 0.000000 -1.000000
    outer loop
      vertex 115.956711 42.309700 16.699999
      vertex 116.388931 37.921326 16.699999
      vertex 115.956711 37.690300 16.699999
    endloop
  endfacet
  facet normal 0.000000 0.000000 -1.000000
    outer loop
      vertex 116.388931 42.078674 16.699999
      vertex 116.767769 38.232231 16.699999
      vertex 116.388931 37.921326 16.699999
    endloop
  endfacet
  facet normal 0.000000 0.000000 -1.000000
    outer loop
      vertex 116.767769 41.767769 16.699999
      vertex 117.078674 38.611076 16.699999
      vertex 116.767769 38.232231 16.699999
    endloop
  endfacet
  facet normal 0.000000 0.000000 -1.000000
    outer loop
      vertex 117.078674 41.388924 16.699999
      vertex 117.309700 39.043293 16.699999
      vertex 117.078674 38.611076 16.699999
    endloop
  endfacet
  facet normal 0.000000 0.000000 -1.000000
    outer loop
      vertex 117.309700 40.956707 16.699999
      vertex 117.451965 39.512276 16.699999
      vertex 117.309700 39.043293 16.699999
    endloop
  endfacet
  facet normal 0.000000 0.000000 -1.000000
    outer loop
      vertex 117.451965 40.487724 16.699999
      vertex 117.500000 40.000000 16.699999
      vertex 117.451965 39.512276 16.699999
    endloop
  endfacet
  facet normal -0.956940 0.290286 0.000000
    outer loop
      vertex 117.309700 39.043293 16.699999
      vertex 117.451965 39.512276 16.699999
      vertex 117.309700 39.043293 8.000000
    endloop
  endfacet
  facet normal -0.881920 0.471398 0.000000
    outer loop
      vertex 117.309700 39.043293 16.699999
      vertex 117.199997 38.838058 8.000000
      vertex 117.078674 38.611076 16.699999
    endloop
  endfacet
  facet normal -0.995185 0.098013 0.000000
    outer loop
      vertex 117.500000 40.000000 16.699999
      vertex 117.451965 39.512276 8.000000
      vertex 117.451965 39.512276 16.699999
    endloop
  endfacet
  facet normal 0.634395 -0.773009 0.000000
    outer loop
      vertex 113.232231 41.767769 16.699999
      vertex 113.232231 41.767769 2.000000
      vertex 113.611069 42.078674 16.699999
    endloop
  endfacet
  facet normal 0.471395 -0.881922 0.000000
    outer loop
      vertex 113.611069 42.078674 16.699999
      vertex 113.611069 42.078674 2.000000
      vertex 114.043289 42.309700 16.699999
    endloop
  endfacet
  facet normal 0.773015 -0.634387 0.000000
    outer loop
      vertex 113.232231 41.767769 16.699999
      vertex 112.921326 41.388924 16.699999
      vertex 112.921326 41.388924 2.000000
    endloop
  endfacet
  facet normal 0.881920 -0.471398 0.000000
    outer loop
      vertex 112.921326 41.388924 16.699999
      vertex 112.690300 40.956707 16.699999
      vertex 112.690300 40.956707 2.000000
    endloop
  endfacet
  facet normal 0.956940 -0.290286 0.000000
    outer loop
      vertex 112.690300 40.956707 16.699999
      vertex 112.548035 40.487724 16.699999
      vertex 112.548035 40.487724 2.000000
    endloop
  endfacet
  facet normal 0.290277 -0.956943 0.000000
    outer loop
      vertex 114.512276 42.451962 16.699999
      vertex 114.043289 42.309700 16.699999
      vertex 114.043289 42.309700 2.000000
    endloop
  endfacet
  facet normal 0.098021 -0.995184 0.000000
    outer loop
      vertex 114.512276 42.451962 16.699999
      vertex 114.512276 42.451962 2.000000
      vertex 115.000000 42.500000 16.699999
    endloop
  endfacet
  facet normal -0.098021 -0.995184 0.000000
    outer loop
      vertex 115.000000 42.500000 16.699999
      vertex 115.000000 42.500000 2.000000
      vertex 115.487724 42.451962 16.699999
    endloop
  endfacet
  facet normal 0.995185 -0.098013 0.000000
    outer loop
      vertex 112.548035 40.487724 16.699999
      vertex 112.500000 40.000000 16.699999
      vertex 112.500000 40.000000 2.000000
    endloop
  endfacet
  facet normal 0.995185 0.098013 0.000000
    outer loop
      vertex 112.500000 40.000000 16.699999
      vertex 112.548035 39.512276 16.699999
      vertex 112.548035 39.512276 2.000000
    endloop
  endfacet
  facet normal 0.956940 0.290286 0.000000
    outer loop
      vertex 112.548035 39.512276 16.699999
      vertex 112.690300 39.043293 16.699999
      vertex 112.690300 39.043293 2.000000
    endloop
  endfacet
  facet normal 0.881920 0.471398 0.000000
    outer loop
      vertex 112.690300 39.043293 16.699999
      vertex 112.921326 38.611076 16.699999
      vertex 112.921326 38.611076 2.000000
    endloop
  endfacet
  facet normal 0.773015 0.634387 0.000000
    outer loop
      vertex 112.921326 38.611076 16.699999
      vertex 113.232231 38.232231 16.699999
      vertex 113.232231 38.232231 2.000000
    endloop
  endfacet
  facet normal 0.634395 0.773009 0.000000
    outer loop
      vertex 113.232231 38.232231 16.699999
      vertex 113.611069 37.921326 16.699999
      vertex 113.611069 37.921326 2.000000
    endloop
  endfacet
  facet normal 0.471395 0.881922 0.000000
    outer loop
      vertex 113.611069 37.921326 16.699999
      vertex 114.043289 37.690300 16.699999
      vertex 114.043289 37.690300 2.000000
    endloop
  endfacet
  facet normal 0.290284 0.956940 0.000000
    outer loop
      vertex 114.043289 37.690300 16.699999
      vertex 114.512276 37.548035 16.699999
      vertex 114.512276 37.548035 2.000000
    endloop
  endfacet
  facet normal 0.098013 0.995185 0.000000
    outer loop
      vertex 114.512276 37.548035 16.699999
      vertex 115.000000 37.500000 16.699999
      vertex 115.000000 37.500000 2.000000
    endloop
  endfacet
  facet normal -0.290277 -0.956943 0.000000
    outer loop
      vertex 115.487724 42.451962 16.699999
      vertex 115.487724 42.451962 2.000000
      vertex 115.956711 42.309700 16.699999
    endloop
  endfacet
  facet normal -0.471395 -0.881922 0.000000
    outer loop
      vertex 115.956711 42.309700 16.699999
      vertex 115.956711 42.309700 2.000000
      vertex 116.388931 42.078674 16.699999
    endloop
  endfacet
  facet normal -0.634395 -0.773009 0.000000
    outer loop
      vertex 116.388931 42.078674 16.699999
      vertex 116.388931 42.078674 2.000000
      vertex 116.767769 41.767769 16.699999
    endloop
  endfacet
  facet normal -0.773015 -0.634387 0.000000
    outer loop
      vertex 116.767769 41.767769 16.699999
      vertex 116.767769 41.767769 2.000000
      vertex 117.078674 41.388924 16.699999
    endloop
  endfacet
  facet normal -0.881920 -0.471398 0.000000
    outer loop
      vertex 117.078674 41.388924 16.699999
      vertex 117.078674 41.388924 2.000000
      vertex 117.309700 40.956707 16.699999
    endloop
  endfacet
  facet normal -0.956940 -0.290286 0.000000
    outer loop
      vertex 117.309700 40.956707 16.699999
      vertex 117.309700 40.956707 2.000000
      vertex 117.451965 40.487724 16.699999
    endloop
  endfacet
  facet normal -0.995185 -0.098013 0.000000
    outer loop
      vertex 117.451965 40.487724 16.699999
      vertex 117.451965 40.487724 2.000000
      vertex 117.500000 40.000000 16.699999
    endloop
  endfacet
  facet normal -0.098013 0.995185 0.000000
    outer loop
      vertex 115.000000 37.500000 16.699999
      vertex 115.487724 37.548035 16.699999
      vertex 115.487724 37.548035 2.000000
    endloop
  endfacet
  facet normal -0.290284 0.956940 0.000000
    outer loop
      vertex 115.487724 37.548035 16.699999
      vertex 115.956711 37.690300 16.699999
      vertex 115.956711 37.690300 2.000000
    endloop
  endfacet
  facet normal -0.634395 0.773009 0.000000
    outer loop
      vertex 116.388931 37.921326 16.699999
      vertex 116.767769 38.232231 16.699999
      vertex 116.767769 38.232231 2.000000
    endloop
  endfacet
  facet normal -0.471395 0.881922 0.000000
    outer loop
      vertex 115.956711 37.690300 16.699999
      vertex 116.388931 37.921326 16.699999
      vertex 116.388931 37.921326 2.000000
    endloop
  endfacet
  facet normal -0.773015 0.634387 0.000000
    outer loop
      vertex 116.767769 38.232231 16.699999
      vertex 117.078674 38.611076 16.699999
      vertex 117.078674 38.611076 2.000000
    endloop
  endfacet
  facet normal -0.956940 0.290286 0.000000
    outer loop
      vertex 117.451965 39.512276 16.699999
      vertex 117.451965 39.512276 8.000000
      vertex 117.309700 39.043293 8.000000
    endloop
  endfacet
  facet normal -0.881916 0.471407 0.000000
    outer loop
      vertex 117.309700 39.043293 16.699999
      vertex 117.309700 39.043293 8.000000
      vertex 117.199997 38.838058 8.000000
    endloop
  endfacet
  facet normal -0.995185 0.098013 0.000000
    outer loop
      vertex 117.500000 40.000000 16.699999
      vertex 117.500000 40.000000 8.000000
      vertex 117.451965 39.512276 8.000000
    endloop
  endfacet
  facet normal -0.995185 -0.098013 0.000000
    outer loop
      vertex 117.500000 40.000000 16.699999
      vertex 117.451965 40.487724 2.000000
      vertex 117.500000 40.000000 8.000000
    endloop
  endfacet
  facet normal -0.881924 0.471391 0.000000
    outer loop
      vertex 117.078674 38.611076 16.699999
      vertex 117.199997 38.838058 8.000000
      vertex 117.199997 38.838058 2.000000
    endloop
  endfacet
  facet normal 0.634395 -0.773009 0.000000
    outer loop
      vertex 113.611069 42.078674 16.699999
      vertex 113.232231 41.767769 2.000000
      vertex 113.611069 42.078674 2.000000
    endloop
  endfacet
  facet normal 0.881920 -0.471398 0.000000
    outer loop
      vertex 112.921326 41.388924 16.699999
      vertex 112.690300 40.956707 2.000000
      vertex 112.921326 41.388924 2.000000
    endloop
  endfacet
  facet normal 0.956940 -0.290286 0.000000
    outer loop
      vertex 112.690300 40.956707 16.699999
      vertex 112.548035 40.487724 2.000000
      vertex 112.690300 40.956707 2.000000
    endloop
  endfacet
  facet normal 0.995185 -0.098013 0.000000
    outer loop
      vertex 112.548035 40.487724 16.699999
      vertex 112.500000 40.000000 2.000000
      vertex 112.548035 40.487724 2.000000
    endloop
  endfacet
  facet normal 0.773015 -0.634387 0.000000
    outer loop
      vertex 113.232231 41.767769 16.699999
      vertex 112.921326 41.388924 2.000000
      vertex 113.232231 41.767769 2.000000
    endloop
  endfacet
  facet normal 0.471395 -0.881922 0.000000
    outer loop
      vertex 114.043289 42.309700 16.699999
      vertex 113.611069 42.078674 2.000000
      vertex 114.043289 42.309700 2.000000
    endloop
  endfacet
  facet normal 0.290277 -0.956943 0.000000
    outer loop
      vertex 114.512276 42.451962 16.699999
      vertex 114.043289 42.309700 2.000000
      vertex 114.512276 42.451962 2.000000
    endloop
  endfacet
  facet normal 0.098021 -0.995184 0.000000
    outer loop
      vertex 115.000000 42.500000 16.699999
      vertex 114.512276 42.451962 2.000000
      vertex 115.000000 42.500000 2.000000
    endloop
  endfacet
  facet normal 0.995185 0.098013 0.000000
    outer loop
      vertex 112.500000 40.000000 16.699999
      vertex 112.548035 39.512276 2.000000
      vertex 112.500000 40.000000 2.000000
    endloop
  endfacet
  facet normal 0.956940 0.290286 0.000000
    outer loop
      vertex 112.548035 39.512276 16.699999
      vertex 112.690300 39.043293 2.000000
      vertex 112.548035 39.512276 2.000000
    endloop
  endfacet
  facet normal 0.881920 0.471398 0.000000
    outer loop
      vertex 112.690300 39.043293 16.699999
      vertex 112.921326 38.611076 2.000000
      vertex 112.690300 39.043293 2.000000
    endloop
  endfacet
  facet normal 0.773015 0.634387 0.000000
    outer loop
      vertex 112.921326 38.611076 16.699999
      vertex 113.232231 38.232231 2.000000
      vertex 112.921326 38.611076 2.000000
    endloop
  endfacet
  facet normal 0.634395 0.773009 0.000000
    outer loop
      vertex 113.232231 38.232231 16.699999
      vertex 113.611069 37.921326 2.000000
      vertex 113.232231 38.232231 2.000000
    endloop
  endfacet
  facet normal 0.471395 0.881922 0.000000
    outer loop
      vertex 113.611069 37.921326 16.699999
      vertex 114.043289 37.690300 2.000000
      vertex 113.611069 37.921326 2.000000
    endloop
  endfacet
  facet normal 0.290284 0.956940 0.000000
    outer loop
      vertex 114.043289 37.690300 16.699999
      vertex 114.512276 37.548035 2.000000
      vertex 114.043289 37.690300 2.000000
    endloop
  endfacet
  facet normal 0.098013 0.995185 0.000000
    outer loop
      vertex 114.512276 37.548035 16.699999
      vertex 115.000000 37.500000 2.000000
      vertex 114.512276 37.548035 2.000000
    endloop
  endfacet
  facet normal -0.098013 0.995185 0.000000
    outer loop
      vertex 115.000000 37.500000 16.699999
      vertex 115.487724 37.548035 2.000000
      vertex 115.000000 37.500000 2.000000
    endloop
  endfacet
  facet normal -0.098021 -0.995184 0.000000
    outer loop
      vertex 115.487724 42.451962 16.699999
      vertex 115.000000 42.500000 2.000000
      vertex 115.487724 42.451962 2.000000
    endloop
  endfacet
  facet normal -0.290277 -0.956943 0.000000
    outer loop
      vertex 115.956711 42.309700 16.699999
      vertex 115.487724 42.451962 2.000000
      vertex 115.956711 42.309700 2.000000
    endloop
  endfacet
  facet normal -0.471395 -0.881922 0.000000
    outer loop
      vertex 116.388931 42.078674 16.699999
      vertex 115.956711 42.309700 2.000000
      vertex 116.388931 42.078674 2.000000
    endloop
  endfacet
  facet normal -0.634395 -0.773009 0.000000
    outer loop
      vertex 116.767769 41.767769 16.699999
      vertex 116.388931 42.078674 2.000000
      vertex 116.767769 41.767769 2.000000
    endloop
  endfacet
  facet normal -0.773015 -0.634387 0.000000
    outer loop
      vertex 117.078674 41.388924 16.699999
      vertex 116.767769 41.767769 2.000000
      vertex 117.078674 41.388924 2.000000
    endloop
  endfacet
  facet normal -0.881920 -0.471398 0.000000
    outer loop
      vertex 117.309700 40.956707 16.699999
      vertex 117.078674 41.388924 2.000000
      vertex 117.309700 40.956707 2.000000
    endloop
  endfacet
  facet normal -0.956940 -0.290286 0.000000
    outer loop
      vertex 117.451965 40.487724 16.699999
      vertex 117.309700 40.956707 2.000000
      vertex 117.451965 40.487724 2.000000
    endloop
  endfacet
  facet normal -0.290284 0.956940 0.000000
    outer loop
      vertex 115.487724 37.548035 16.699999
      vertex 115.956711 37.690300 2.000000
      vertex 115.487724 37.548035 2.000000
    endloop
  endfacet
  facet normal -0.471395 0.881922 0.000000
    outer loop
      vertex 115.956711 37.690300 16.699999
      vertex 116.388931 37.921326 2.000000
      vertex 115.956711 37.690300 2.000000
    endloop
  endfacet
  facet normal -0.634395 0.773009 0.000000
    outer loop
      vertex 116.388931 37.921326 16.699999
      vertex 116.767769 38.232231 2.000000
      vertex 116.388931 37.921326 2.000000
    endloop
  endfacet
  facet normal -0.773015 0.634387 0.000000
    outer loop
      vertex 116.767769 38.232231 16.699999
      vertex 117.078674 38.611076 2.000000
      vertex 116.767769 38.232231 2.000000
    endloop
  endfacet
  facet normal -0.881924 0.471391 0.000000
    outer loop
      vertex 117.078674 38.611076 16.699999
      vertex 117.199997 38.838058 2.000000
      vertex 117.078674 38.611076 2.000000
    endloop
  endfacet
  facet normal -0.995185 -0.098013 0.000000
    outer loop
      vertex 117.500000 40.000000 8.000000
      vertex 117.451965 40.487724 2.000000
      vertex 117.500000 40.000000 2.000000
    endloop
  endfacet
  facet normal 0.000000 0.000000 -1.000000
    outer loop
      vertex 78.548035 6.487724 16.699999
      vertex 78.548035 5.512276 16.699999
      vertex 78.500000 6.000000 16.699999
    endloop
  endfacet
  facet normal 0.000000 0.000000 -1.000000
    outer loop
      vertex 78.548035 6.487724 16.699999
      vertex 78.690300 6.956707 16.699999
      vertex 78.690300 5.043293 16.699999
    endloop
  endfacet
  facet normal 0.000000 0.000000 -1.000000
    outer loop
      vertex 78.921326 7.388927 16.699999
      vertex 78.921326 4.611073 16.699999
      vertex 78.690300 6.956707 16.699999
    endloop
  endfacet
  facet normal 0.000000 0.000000 -1.000000
    outer loop
      vertex 78.921326 7.388927 16.699999
      vertex 79.232231 7.767769 16.699999
      vertex 79.232231 4.232231 16.699999
    endloop
  endfacet
  facet normal 0.000000 0.000000 -1.000000
    outer loop
      vertex 79.232231 7.767769 16.699999
      vertex 79.611076 8.078674 16.699999
      vertex 79.611076 3.921326 16.699999
    endloop
  endfacet
  facet normal 0.000000 0.000000 -1.000000
    outer loop
      vertex 79.611076 8.078674 16.699999
      vertex 80.043289 8.309700 16.699999
      vertex 80.043289 3.690300 16.699999
    endloop
  endfacet
  facet normal 0.000000 0.000000 -1.000000
    outer loop
      vertex 80.043289 8.309700 16.699999
      vertex 80.512276 8.451962 16.699999
      vertex 80.512276 3.548038 16.699999
    endloop
  endfacet
  facet normal 0.000000 0.000000 -1.000000
    outer loop
      vertex 78.548035 6.487724 16.699999
      vertex 78.690300 5.043293 16.699999
      vertex 78.548035 5.512276 16.699999
    endloop
  endfacet
  facet normal 0.000000 0.000000 -1.000000
    outer loop
      vertex 78.690300 6.956707 16.699999
      vertex 78.921326 4.611073 16.699999
      vertex 78.690300 5.043293 16.699999
    endloop
  endfacet
  facet normal 0.000000 0.000000 -1.000000
    outer loop
      vertex 78.921326 7.388927 16.699999
      vertex 79.232231 4.232231 16.699999
      vertex 78.921326 4.611073 16.699999
    endloop
  endfacet
  facet normal 0.000000 0.000000 -1.000000
    outer loop
      vertex 79.232231 7.767769 16.699999
      vertex 79.611076 3.921326 16.699999
      vertex 79.232231 4.232231 16.699999
    endloop
  endfacet
  facet normal 0.000000 0.000000 -1.000000
    outer loop
      vertex 79.611076 8.078674 16.699999
      vertex 80.043289 3.690300 16.699999
      vertex 79.611076 3.921326 16.699999
    endloop
  endfacet
  facet normal 0.000000 0.000000 -1.000000
    outer loop
      vertex 80.043289 8.309700 16.699999
      vertex 80.512276 3.548038 16.699999
      vertex 80.043289 3.690300 16.699999
    endloop
  endfacet
  facet normal 0.000000 0.000000 -1.000000
    outer loop
      vertex 80.512276 8.451962 16.699999
      vertex 81.000000 3.500000 16.699999
      vertex 80.512276 3.548038 16.699999
    endloop
  endfacet
  facet normal 0.000000 0.000000 -1.000000
    outer loop
      vertex 80.512276 8.451962 16.699999
      vertex 81.000000 8.500000 16.699999
      vertex 81.000000 3.500000 16.699999
    endloop
  endfacet
  facet normal 0.000000 0.000000 -1.000000
    outer loop
      vertex 81.000000 8.500000 16.699999
      vertex 81.487724 8.451962 16.699999
      vertex 81.487724 3.548038 16.699999
    endloop
  endfacet
  facet normal 0.000000 0.000000 -1.000000
    outer loop
      vertex 81.487724 8.451962 16.699999
      vertex 81.956711 8.309700 16.699999
      vertex 81.956711 3.690300 16.699999
    endloop
  endfacet
  facet normal 0.000000 0.000000 -1.000000
    outer loop
      vertex 81.956711 8.309700 16.699999
      vertex 82.388924 8.078674 16.699999
      vertex 82.388924 3.921326 16.699999
    endloop
  endfacet
  facet normal 0.000000 0.000000 -1.000000
    outer loop
      vertex 82.388924 8.078674 16.699999
      vertex 82.767769 7.767769 16.699999
      vertex 82.767769 4.232231 16.699999
    endloop
  endfacet
  facet normal 0.000000 0.000000 -1.000000
    outer loop
      vertex 82.767769 7.767769 16.699999
      vertex 83.078674 7.388927 16.699999
      vertex 83.078674 4.611073 16.699999
    endloop
  endfacet
  facet normal 0.000000 0.000000 -1.000000
    outer loop
      vertex 83.078674 7.388927 16.699999
      vertex 83.309700 6.956707 16.699999
      vertex 83.309700 5.043293 16.699999
    endloop
  endfacet
  facet normal 0.000000 0.000000 -1.000000
    outer loop
      vertex 83.309700 6.956707 16.699999
      vertex 83.451965 6.487724 16.699999
      vertex 83.451965 5.512276 16.699999
    endloop
  endfacet
  facet normal 0.000000 0.000000 -1.000000
    outer loop
      vertex 83.309700 6.956707 16.699999
      vertex 83.451965 5.512276 16.699999
      vertex 83.309700 5.043293 16.699999
    endloop
  endfacet
  facet normal 0.000000 0.000000 -1.000000
    outer loop
      vertex 83.451965 6.487724 16.699999
      vertex 83.500000 6.000000 16.699999
      vertex 83.451965 5.512276 16.699999
    endloop
  endfacet
  facet normal 0.000000 0.000000 -1.000000
    outer loop
      vertex 81.000000 8.500000 16.699999
      vertex 81.487724 3.548038 16.699999
      vertex 81.000000 3.500000 16.699999
    endloop
  endfacet
  facet normal 0.000000 0.000000 -1.000000
    outer loop
      vertex 81.487724 8.451962 16.699999
      vertex 81.956711 3.690300 16.699999
      vertex 81.487724 3.548038 16.699999
    endloop
  endfacet
  facet normal 0.000000 0.000000 -1.000000
    outer loop
      vertex 81.956711 8.309700 16.699999
      vertex 82.388924 3.921326 16.699999
      vertex 81.956711 3.690300 16.699999
    endloop
  endfacet
  facet normal 0.000000 0.000000 -1.000000
    outer loop
      vertex 82.388924 8.078674 16.699999
      vertex 82.767769 4.232231 16.699999
      vertex 82.388924 3.921326 16.699999
    endloop
  endfacet
  facet normal 0.000000 0.000000 -1.000000
    outer loop
      vertex 82.767769 7.767769 16.699999
      vertex 83.078674 4.611073 16.699999
      vertex 82.767769 4.232231 16.699999
    endloop
  endfacet
  facet normal 0.000000 0.000000 -1.000000
    outer loop
      vertex 83.078674 7.388927 16.699999
      vertex 83.309700 5.043293 16.699999
      vertex 83.078674 4.611073 16.699999
    endloop
  endfacet
  facet normal 0.773012 -0.634391 0.000000
    outer loop
      vertex 78.921326 7.388927 16.699999
      vertex 78.921326 7.388927 2.000000
      vertex 79.232231 7.767769 16.699999
    endloop
  endfacet
  facet normal 0.995185 -0.098013 0.000000
    outer loop
      vertex 78.548035 6.487724 16.699999
      vertex 78.500000 6.000000 16.699999
      vertex 78.500000 6.000000 2.000000
    endloop
  endfacet
  facet normal 0.881922 -0.471395 0.000000
    outer loop
      vertex 78.921326 7.388927 16.699999
      vertex 78.690300 6.956707 16.699999
      vertex 78.690300 6.956707 2.000000
    endloop
  endfacet
  facet normal 0.956940 -0.290286 0.000000
    outer loop
      vertex 78.548035 6.487724 16.699999
      vertex 78.548035 6.487724 2.000000
      vertex 78.690300 6.956707 16.699999
    endloop
  endfacet
  facet normal 0.471402 -0.881919 0.000000
    outer loop
      vertex 79.611076 8.078674 16.699999
      vertex 79.611076 8.078674 2.000000
      vertex 80.043289 8.309700 16.699999
    endloop
  endfacet
  facet normal 0.634387 -0.773015 0.000000
    outer loop
      vertex 79.232231 7.767769 16.699999
      vertex 79.232231 7.767769 2.000000
      vertex 79.611076 8.078674 16.699999
    endloop
  endfacet
  facet normal 0.290277 -0.956943 0.000000
    outer loop
      vertex 80.043289 8.309700 16.699999
      vertex 80.043289 8.309700 2.000000
      vertex 80.512276 8.451962 16.699999
    endloop
  endfacet
  facet normal 0.098021 -0.995184 0.000000
    outer loop
      vertex 80.512276 8.451962 16.699999
      vertex 80.512276 8.451962 2.000000
      vertex 81.000000 8.500000 16.699999
    endloop
  endfacet
  facet normal 0.995185 0.098013 0.000000
    outer loop
      vertex 78.500000 6.000000 16.699999
      vertex 78.548035 5.512276 16.699999
      vertex 78.548035 5.512276 2.000000
    endloop
  endfacet
  facet normal 0.956940 0.290286 0.000000
    outer loop
      vertex 78.548035 5.512276 16.699999
      vertex 78.690300 5.043293 16.699999
      vertex 78.690300 5.043293 2.000000
    endloop
  endfacet
  facet normal 0.881922 0.471395 0.000000
    outer loop
      vertex 78.690300 5.043293 16.699999
      vertex 78.921326 4.611073 16.699999
      vertex 78.921326 4.611073 2.000000
    endloop
  endfacet
  facet normal 0.773012 0.634391 0.000000
    outer loop
      vertex 78.921326 4.611073 16.699999
      vertex 79.232231 4.232231 16.699999
      vertex 79.232231 4.232231 2.000000
    endloop
  endfacet
  facet normal 0.634387 0.773015 0.000000
    outer loop
      vertex 79.232231 4.232231 16.699999
      vertex 79.611076 3.921326 16.699999
      vertex 79.611076 3.921326 2.000000
    endloop
  endfacet
  facet normal 0.471402 0.881919 0.000000
    outer loop
      vertex 79.611076 3.921326 16.699999
      vertex 80.043289 3.690300 16.699999
      vertex 80.043289 3.690300 2.000000
    endloop
  endfacet
  facet normal 0.290277 0.956943 0.000000
    outer loop
      vertex 80.043289 3.690300 16.699999
      vertex 80.512276 3.548038 16.699999
      vertex 80.512276 3.548038 2.000000
    endloop
  endfacet
  facet normal -0.098021 -0.995184 0.000000
    outer loop
      vertex 81.000000 8.500000 16.699999
      vertex 81.000000 8.500000 2.000000
      vertex 81.487724 8.451962 16.699999
    endloop
  endfacet
  facet normal -0.290277 -0.956943 0.000000
    outer loop
      vertex 81.487724 8.451962 16.699999
      vertex 81.487724 8.451962 2.000000
      vertex 81.956711 8.309700 16.699999
    endloop
  endfacet
  facet normal -0.471402 -0.881919 0.000000
    outer loop
      vertex 81.956711 8.309700 16.699999
      vertex 81.956711 8.309700 2.000000
      vertex 82.388924 8.078674 16.699999
    endloop
  endfacet
  facet normal -0.634387 -0.773015 0.000000
    outer loop
      vertex 82.388924 8.078674 16.699999
      vertex 82.388924 8.078674 2.000000
      vertex 82.767769 7.767769 16.699999
    endloop
  endfacet
  facet normal -0.773012 -0.634391 0.000000
    outer loop
      vertex 82.767769 7.767769 16.699999
      vertex 82.767769 7.767769 2.000000
      vertex 83.078674 7.388927 16.699999
    endloop
  endfacet
  facet normal -0.881922 -0.471395 0.000000
    outer loop
      vertex 83.078674 7.388927 16.699999
      vertex 83.078674 7.388927 2.000000
      vertex 83.309700 6.956707 16.699999
    endloop
  endfacet
  facet normal -0.956940 -0.290286 0.000000
    outer loop
      vertex 83.309700 6.956707 16.699999
      vertex 83.309700 6.956707 2.000000
      vertex 83.451965 6.487724 16.699999
    endloop
  endfacet
  facet normal -0.995185 -0.098013 0.000000
    outer loop
      vertex 83.451965 6.487724 16.699999
      vertex 83.451965 6.487724 2.000000
      vertex 83.500000 6.000000 16.699999
    endloop
  endfacet
  facet normal -0.995185 0.098013 0.000000
    outer loop
      vertex 83.500000 6.000000 16.699999
      vertex 83.500000 6.000000 2.000000
      vertex 83.451965 5.512276 16.699999
    endloop
  endfacet
  facet normal 0.098021 0.995184 0.000000
    outer loop
      vertex 80.512276 3.548038 16.699999
      vertex 81.000000 3.500000 16.699999
      vertex 81.000000 3.500000 2.000000
    endloop
  endfacet
  facet normal -0.098021 0.995184 0.000000
    outer loop
      vertex 81.000000 3.500000 16.699999
      vertex 81.487724 3.548038 16.699999
      vertex 81.487724 3.548038 2.000000
    endloop
  endfacet
  facet normal -0.290277 0.956943 0.000000
    outer loop
      vertex 81.956711 3.690300 16.699999
      vertex 81.956711 3.690300 2.000000
      vertex 81.487724 3.548038 16.699999
    endloop
  endfacet
  facet normal -0.956940 0.290286 0.000000
    outer loop
      vertex 83.451965 5.512276 16.699999
      vertex 83.451965 5.512276 2.000000
      vertex 83.309700 5.043293 16.699999
    endloop
  endfacet
  facet normal -0.881922 0.471395 0.000000
    outer loop
      vertex 83.309700 5.043293 16.699999
      vertex 83.309700 5.043293 2.000000
      vertex 83.078674 4.611073 16.699999
    endloop
  endfacet
  facet normal -0.773012 0.634391 0.000000
    outer loop
      vertex 83.078674 4.611073 16.699999
      vertex 83.078674 4.611073 2.000000
      vertex 82.767769 4.232231 16.699999
    endloop
  endfacet
  facet normal -0.471402 0.881919 0.000000
    outer loop
      vertex 81.956711 3.690300 16.699999
      vertex 82.388924 3.921326 16.699999
      vertex 82.388924 3.921326 2.000000
    endloop
  endfacet
  facet normal -0.634387 0.773015 0.000000
    outer loop
      vertex 82.388924 3.921326 16.699999
      vertex 82.767769 4.232231 16.699999
      vertex 82.767769 4.232231 2.000000
    endloop
  endfacet
  facet normal 0.881922 -0.471395 0.000000
    outer loop
      vertex 78.921326 7.388927 16.699999
      vertex 78.690300 6.956707 2.000000
      vertex 78.921326 7.388927 2.000000
    endloop
  endfacet
  facet normal 0.773012 -0.634391 0.000000
    outer loop
      vertex 79.232231 7.767769 16.699999
      vertex 78.921326 7.388927 2.000000
      vertex 79.232231 7.767769 2.000000
    endloop
  endfacet
  facet normal 0.995185 -0.098013 0.000000
    outer loop
      vertex 78.548035 6.487724 16.699999
      vertex 78.500000 6.000000 2.000000
      vertex 78.548035 6.487724 2.000000
    endloop
  endfacet
  facet normal 0.995185 0.098013 0.000000
    outer loop
      vertex 78.500000 6.000000 16.699999
      vertex 78.548035 5.512276 2.000000
      vertex 78.500000 6.000000 2.000000
    endloop
  endfacet
  facet normal 0.956940 -0.290286 0.000000
    outer loop
      vertex 78.690300 6.956707 16.699999
      vertex 78.548035 6.487724 2.000000
      vertex 78.690300 6.956707 2.000000
    endloop
  endfacet
  facet normal 0.634387 -0.773015 0.000000
    outer loop
      vertex 79.611076 8.078674 16.699999
      vertex 79.232231 7.767769 2.000000
      vertex 79.611076 8.078674 2.000000
    endloop
  endfacet
  facet normal 0.471402 -0.881919 0.000000
    outer loop
      vertex 80.043289 8.309700 16.699999
      vertex 79.611076 8.078674 2.000000
      vertex 80.043289 8.309700 2.000000
    endloop
  endfacet
  facet normal 0.290277 -0.956943 0.000000
    outer loop
      vertex 80.512276 8.451962 16.699999
      vertex 80.043289 8.309700 2.000000
      vertex 80.512276 8.451962 2.000000
    endloop
  endfacet
  facet normal 0.956940 0.290286 0.000000
    outer loop
      vertex 78.548035 5.512276 16.699999
      vertex 78.690300 5.043293 2.000000
      vertex 78.548035 5.512276 2.000000
    endloop
  endfacet
  facet normal 0.881922 0.471395 0.000000
    outer loop
      vertex 78.690300 5.043293 16.699999
      vertex 78.921326 4.611073 2.000000
      vertex 78.690300 5.043293 2.000000
    endloop
  endfacet
  facet normal 0.773012 0.634391 0.000000
    outer loop
      vertex 78.921326 4.611073 16.699999
      vertex 79.232231 4.232231 2.000000
      vertex 78.921326 4.611073 2.000000
    endloop
  endfacet
  facet normal 0.634387 0.773015 0.000000
    outer loop
      vertex 79.232231 4.232231 16.699999
      vertex 79.611076 3.921326 2.000000
      vertex 79.232231 4.232231 2.000000
    endloop
  endfacet
  facet normal 0.471402 0.881919 0.000000
    outer loop
      vertex 79.611076 3.921326 16.699999
      vertex 80.043289 3.690300 2.000000
      vertex 79.611076 3.921326 2.000000
    endloop
  endfacet
  facet normal 0.290277 0.956943 0.000000
    outer loop
      vertex 80.043289 3.690300 16.699999
      vertex 80.512276 3.548038 2.000000
      vertex 80.043289 3.690300 2.000000
    endloop
  endfacet
  facet normal 0.098021 0.995184 0.000000
    outer loop
      vertex 80.512276 3.548038 16.699999
      vertex 81.000000 3.500000 2.000000
      vertex 80.512276 3.548038 2.000000
    endloop
  endfacet
  facet normal 0.098021 -0.995184 0.000000
    outer loop
      vertex 81.000000 8.500000 16.699999
      vertex 80.512276 8.451962 2.000000
      vertex 81.000000 8.500000 2.000000
    endloop
  endfacet
  facet normal -0.098021 -0.995184 0.000000
    outer loop
      vertex 81.487724 8.451962 16.699999
      vertex 81.000000 8.500000 2.000000
      vertex 81.487724 8.451962 2.000000
    endloop
  endfacet
  facet normal -0.290277 -0.956943 0.000000
    outer loop
      vertex 81.956711 8.309700 16.699999
      vertex 81.487724 8.451962 2.000000
      vertex 81.956711 8.309700 2.000000
    endloop
  endfacet
  facet normal -0.471402 -0.881919 0.000000
    outer loop
      vertex 82.388924 8.078674 16.699999
      vertex 81.956711 8.309700 2.000000
      vertex 82.388924 8.078674 2.000000
    endloop
  endfacet
  facet normal -0.634387 -0.773015 0.000000
    outer loop
      vertex 82.767769 7.767769 16.699999
      vertex 82.388924 8.078674 2.000000
      vertex 82.767769 7.767769 2.000000
    endloop
  endfacet
  facet normal -0.773012 -0.634391 0.000000
    outer loop
      vertex 83.078674 7.388927 16.699999
      vertex 82.767769 7.767769 2.000000
      vertex 83.078674 7.388927 2.000000
    endloop
  endfacet
  facet normal -0.881922 -0.471395 0.000000
    outer loop
      vertex 83.309700 6.956707 16.699999
      vertex 83.078674 7.388927 2.000000
      vertex 83.309700 6.956707 2.000000
    endloop
  endfacet
  facet normal -0.956940 -0.290286 0.000000
    outer loop
      vertex 83.451965 6.487724 16.699999
      vertex 83.309700 6.956707 2.000000
      vertex 83.451965 6.487724 2.000000
    endloop
  endfacet
  facet normal -0.995185 -0.098013 0.000000
    outer loop
      vertex 83.500000 6.000000 16.699999
      vertex 83.451965 6.487724 2.000000
      vertex 83.500000 6.000000 2.000000
    endloop
  endfacet
  facet normal -0.098021 0.995184 0.000000
    outer loop
      vertex 81.000000 3.500000 16.699999
      vertex 81.487724 3.548038 2.000000
      vertex 81.000000 3.500000 2.000000
    endloop
  endfacet
  facet normal -0.290277 0.956943 0.000000
    outer loop
      vertex 81.487724 3.548038 16.699999
      vertex 81.956711 3.690300 2.000000
      vertex 81.487724 3.548038 2.000000
    endloop
  endfacet
  facet normal -0.471402 0.881919 0.000000
    outer loop
      vertex 81.956711 3.690300 16.699999
      vertex 82.388924 3.921326 2.000000
      vertex 81.956711 3.690300 2.000000
    endloop
  endfacet
  facet normal -0.773012 0.634391 0.000000
    outer loop
      vertex 82.767769 4.232231 16.699999
      vertex 83.078674 4.611073 2.000000
      vertex 82.767769 4.232231 2.000000
    endloop
  endfacet
  facet normal -0.995185 0.098013 0.000000
    outer loop
      vertex 83.451965 5.512276 16.699999
      vertex 83.500000 6.000000 2.000000
      vertex 83.451965 5.512276 2.000000
    endloop
  endfacet
  facet normal -0.956940 0.290286 0.000000
    outer loop
      vertex 83.309700 5.043293 16.699999
      vertex 83.451965 5.512276 2.000000
      vertex 83.309700 5.043293 2.000000
    endloop
  endfacet
  facet normal -0.881922 0.471395 0.000000
    outer loop
      vertex 83.078674 4.611073 16.699999
      vertex 83.309700 5.043293 2.000000
      vertex 83.078674 4.611073 2.000000
    endloop
  endfacet
  facet normal -0.634387 0.773015 0.000000
    outer loop
      vertex 82.388924 3.921326 16.699999
      vertex 82.767769 4.232231 2.000000
      vertex 82.388924 3.921326 2.000000
    endloop
  endfacet
  facet normal 0.000000 0.000000 -1.000000
    outer loop
      vertex 112.690300 6.956707 16.699999
      vertex 112.690300 5.043293 16.699999
      vertex 112.548035 6.487724 16.699999
    endloop
  endfacet
  facet normal 0.000000 0.000000 -1.000000
    outer loop
      vertex 112.548035 6.487724 16.699999
      vertex 112.548035 5.512276 16.699999
      vertex 112.500000 6.000000 16.699999
    endloop
  endfacet
  facet normal 0.000000 0.000000 -1.000000
    outer loop
      vertex 112.921326 7.388927 16.699999
      vertex 112.921326 4.611073 16.699999
      vertex 112.690300 6.956707 16.699999
    endloop
  endfacet
  facet normal 0.000000 0.000000 -1.000000
    outer loop
      vertex 113.611069 8.078674 16.699999
      vertex 113.611069 3.921326 16.699999
      vertex 113.232231 7.767769 16.699999
    endloop
  endfacet
  facet normal 0.000000 0.000000 -1.000000
    outer loop
      vertex 112.921326 7.388927 16.699999
      vertex 113.232231 7.767769 16.699999
      vertex 113.232231 4.232231 16.699999
    endloop
  endfacet
  facet normal 0.000000 0.000000 -1.000000
    outer loop
      vertex 113.611069 8.078674 16.699999
      vertex 114.043289 8.309700 16.699999
      vertex 114.043289 3.690300 16.699999
    endloop
  endfacet
  facet normal 0.000000 0.000000 -1.000000
    outer loop
      vertex 114.043289 8.309700 16.699999
      vertex 114.512276 8.451962 16.699999
      vertex 114.512276 3.548038 16.699999
    endloop
  endfacet
  facet normal 0.000000 0.000000 -1.000000
    outer loop
      vertex 114.512276 8.451962 16.699999
      vertex 115.000000 8.500000 16.699999
      vertex 115.000000 3.500000 16.699999
    endloop
  endfacet
  facet normal 0.000000 0.000000 -1.000000
    outer loop
      vertex 112.548035 6.487724 16.699999
      vertex 112.690300 5.043293 16.699999
      vertex 112.548035 5.512276 16.699999
    endloop
  endfacet
  facet normal 0.000000 0.000000 -1.000000
    outer loop
      vertex 112.690300 6.956707 16.699999
      vertex 112.921326 4.611073 16.699999
      vertex 112.690300 5.043293 16.699999
    endloop
  endfacet
  facet normal 0.000000 0.000000 -1.000000
    outer loop
      vertex 112.921326 7.388927 16.699999
      vertex 113.232231 4.232231 16.699999
      vertex 112.921326 4.611073 16.699999
    endloop
  endfacet
  facet normal 0.000000 0.000000 -1.000000
    outer loop
      vertex 113.232231 7.767769 16.699999
      vertex 113.611069 3.921326 16.699999
      vertex 113.232231 4.232231 16.699999
    endloop
  endfacet
  facet normal 0.000000 0.000000 -1.000000
    outer loop
      vertex 113.611069 8.078674 16.699999
      vertex 114.043289 3.690300 16.699999
      vertex 113.611069 3.921326 16.699999
    endloop
  endfacet
  facet normal 0.000000 0.000000 -1.000000
    outer loop
      vertex 114.043289 8.309700 16.699999
      vertex 114.512276 3.548038 16.699999
      vertex 114.043289 3.690300 16.699999
    endloop
  endfacet
  facet normal 0.000000 0.000000 -1.000000
    outer loop
      vertex 114.512276 8.451962 16.699999
      vertex 115.000000 3.500000 16.699999
      vertex 114.512276 3.548038 16.699999
    endloop
  endfacet
  facet normal 0.000000 0.000000 -1.000000
    outer loop
      vertex 115.000000 8.500000 16.699999
      vertex 115.487724 3.548038 16.699999
      vertex 115.000000 3.500000 16.699999
    endloop
  endfacet
  facet normal 0.000000 0.000000 -1.000000
    outer loop
      vertex 115.000000 8.500000 16.699999
      vertex 115.487724 8.451962 16.699999
      vertex 115.487724 3.548038 16.699999
    endloop
  endfacet
  facet normal 0.000000 0.000000 -1.000000
    outer loop
      vertex 115.487724 8.451962 16.699999
      vertex 115.956711 8.309700 16.699999
      vertex 115.956711 3.690300 16.699999
    endloop
  endfacet
  facet normal 0.000000 0.000000 -1.000000
    outer loop
      vertex 115.956711 8.309700 16.699999
      vertex 116.388931 8.078674 16.699999
      vertex 116.388931 3.921326 16.699999
    endloop
  endfacet
  facet normal 0.000000 0.000000 -1.000000
    outer loop
      vertex 116.388931 8.078674 16.699999
      vertex 116.767769 7.767769 16.699999
      vertex 116.767769 4.232231 16.699999
    endloop
  endfacet
  facet normal 0.000000 0.000000 -1.000000
    outer loop
      vertex 116.767769 7.767769 16.699999
      vertex 117.078674 7.388927 16.699999
      vertex 117.078674 4.611073 16.699999
    endloop
  endfacet
  facet normal 0.000000 0.000000 -1.000000
    outer loop
      vertex 117.078674 7.388927 16.699999
      vertex 117.309700 6.956707 16.699999
      vertex 117.309700 5.043293 16.699999
    endloop
  endfacet
  facet normal 0.000000 0.000000 -1.000000
    outer loop
      vertex 117.309700 6.956707 16.699999
      vertex 117.451965 6.487724 16.699999
      vertex 117.451965 5.512276 16.699999
    endloop
  endfacet
  facet normal 0.000000 0.000000 -1.000000
    outer loop
      vertex 117.309700 6.956707 16.699999
      vertex 117.451965 5.512276 16.699999
      vertex 117.309700 5.043293 16.699999
    endloop
  endfacet
  facet normal 0.000000 0.000000 -1.000000
    outer loop
      vertex 117.451965 6.487724 16.699999
      vertex 117.500000 6.000000 16.699999
      vertex 117.451965 5.512276 16.699999
    endloop
  endfacet
  facet normal 0.000000 0.000000 -1.000000
    outer loop
      vertex 115.487724 8.451962 16.699999
      vertex 115.956711 3.690300 16.699999
      vertex 115.487724 3.548038 16.699999
    endloop
  endfacet
  facet normal 0.000000 0.000000 -1.000000
    outer loop
      vertex 115.956711 8.309700 16.699999
      vertex 116.388931 3.921326 16.699999
      vertex 115.956711 3.690300 16.699999
    endloop
  endfacet
  facet normal 0.000000 0.000000 -1.000000
    outer loop
      vertex 116.388931 8.078674 16.699999
      vertex 116.767769 4.232231 16.699999
      vertex 116.388931 3.921326 16.699999
    endloop
  endfacet
  facet normal 0.000000 0.000000 -1.000000
    outer loop
      vertex 116.767769 7.767769 16.699999
      vertex 117.078674 4.611073 16.699999
      vertex 116.767769 4.232231 16.699999
    endloop
  endfacet
  facet normal 0.000000 0.000000 -1.000000
    outer loop
      vertex 117.078674 7.388927 16.699999
      vertex 117.309700 5.043293 16.699999
      vertex 117.078674 4.611073 16.699999
    endloop
  endfacet
  facet normal 0.773012 -0.634391 0.000000
    outer loop
      vertex 112.921326 7.388927 16.699999
      vertex 112.921326 7.388927 2.000000
      vertex 113.232231 7.767769 16.699999
    endloop
  endfacet
  facet normal 0.471395 -0.881922 0.000000
    outer loop
      vertex 113.611069 8.078674 16.699999
      vertex 113.611069 8.078674 2.000000
      vertex 114.043289 8.309700 16.699999
    endloop
  endfacet
  facet normal 0.634395 -0.773009 0.000000
    outer loop
      vertex 113.611069 8.078674 16.699999
      vertex 113.232231 7.767769 16.699999
      vertex 113.232231 7.767769 2.000000
    endloop
  endfacet
  facet normal 0.956940 -0.290286 0.000000
    outer loop
      vertex 112.690300 6.956707 16.699999
      vertex 112.548035 6.487724 16.699999
      vertex 112.548035 6.487724 2.000000
    endloop
  endfacet
  facet normal 0.881922 -0.471395 0.000000
    outer loop
      vertex 112.921326 7.388927 16.699999
      vertex 112.690300 6.956707 16.699999
      vertex 112.690300 6.956707 2.000000
    endloop
  endfacet
  facet normal 0.995185 -0.098013 0.000000
    outer loop
      vertex 112.548035 6.487724 16.699999
      vertex 112.500000 6.000000 16.699999
      vertex 112.500000 6.000000 2.000000
    endloop
  endfacet
  facet normal 0.290277 -0.956943 0.000000
    outer loop
      vertex 114.043289 8.309700 16.699999
      vertex 114.043289 8.309700 2.000000
      vertex 114.512276 8.451962 16.699999
    endloop
  endfacet
  facet normal 0.098021 -0.995184 0.000000
    outer loop
      vertex 114.512276 8.451962 16.699999
      vertex 114.512276 8.451962 2.000000
      vertex 115.000000 8.500000 16.699999
    endloop
  endfacet
  facet normal -0.098021 -0.995184 0.000000
    outer loop
      vertex 115.000000 8.500000 16.699999
      vertex 115.000000 8.500000 2.000000
      vertex 115.487724 8.451962 16.699999
    endloop
  endfacet
  facet normal 0.995185 0.098013 0.000000
    outer loop
      vertex 112.500000 6.000000 16.699999
      vertex 112.548035 5.512276 16.699999
      vertex 112.548035 5.512276 2.000000
    endloop
  endfacet
  facet normal 0.956940 0.290286 0.000000
    outer loop
      vertex 112.548035 5.512276 16.699999
      vertex 112.690300 5.043293 16.699999
      vertex 112.690300 5.043293 2.000000
    endloop
  endfacet
  facet normal 0.881922 0.471395 0.000000
    outer loop
      vertex 112.690300 5.043293 16.699999
      vertex 112.921326 4.611073 16.699999
      vertex 112.921326 4.611073 2.000000
    endloop
  endfacet
  facet normal 0.773012 0.634391 0.000000
    outer loop
      vertex 112.921326 4.611073 16.699999
      vertex 113.232231 4.232231 16.699999
      vertex 113.232231 4.232231 2.000000
    endloop
  endfacet
  facet normal 0.634395 0.773009 0.000000
    outer loop
      vertex 113.232231 4.232231 16.699999
      vertex 113.611069 3.921326 16.699999
      vertex 113.611069 3.921326 2.000000
    endloop
  endfacet
  facet normal 0.471395 0.881922 0.000000
    outer loop
      vertex 113.611069 3.921326 16.699999
      vertex 114.043289 3.690300 16.699999
      vertex 114.043289 3.690300 2.000000
    endloop
  endfacet
  facet normal 0.290277 0.956943 0.000000
    outer loop
      vertex 114.043289 3.690300 16.699999
      vertex 114.512276 3.548038 16.699999
      vertex 114.512276 3.548038 2.000000
    endloop
  endfacet
  facet normal 0.098021 0.995184 0.000000
    outer loop
      vertex 114.512276 3.548038 16.699999
      vertex 115.000000 3.500000 16.699999
      vertex 115.000000 3.500000 2.000000
    endloop
  endfacet
  facet normal -0.290277 -0.956943 0.000000
    outer loop
      vertex 115.487724 8.451962 16.699999
      vertex 115.487724 8.451962 2.000000
      vertex 115.956711 8.309700 16.699999
    endloop
  endfacet
  facet normal -0.471395 -0.881922 0.000000
    outer loop
      vertex 115.956711 8.309700 16.699999
      vertex 115.956711 8.309700 2.000000
      vertex 116.388931 8.078674 16.699999
    endloop
  endfacet
  facet normal -0.634395 -0.773009 0.000000
    outer loop
      vertex 116.388931 8.078674 16.699999
      vertex 116.388931 8.078674 2.000000
      vertex 116.767769 7.767769 16.699999
    endloop
  endfacet
  facet normal -0.773012 -0.634391 0.000000
    outer loop
      vertex 116.767769 7.767769 16.699999
      vertex 116.767769 7.767769 2.000000
      vertex 117.078674 7.388927 16.699999
    endloop
  endfacet
  facet normal -0.881922 -0.471395 0.000000
    outer loop
      vertex 117.078674 7.388927 16.699999
      vertex 117.078674 7.388927 2.000000
      vertex 117.309700 6.956707 16.699999
    endloop
  endfacet
  facet normal -0.956940 -0.290286 0.000000
    outer loop
      vertex 117.309700 6.956707 16.699999
      vertex 117.309700 6.956707 2.000000
      vertex 117.451965 6.487724 16.699999
    endloop
  endfacet
  facet normal -0.995185 -0.098013 0.000000
    outer loop
      vertex 117.451965 6.487724 16.699999
      vertex 117.451965 6.487724 2.000000
      vertex 117.500000 6.000000 16.699999
    endloop
  endfacet
  facet normal -0.995185 0.098013 0.000000
    outer loop
      vertex 117.500000 6.000000 16.699999
      vertex 117.500000 6.000000 2.000000
      vertex 117.451965 5.512276 16.699999
    endloop
  endfacet
  facet normal -0.290277 0.956943 0.000000
    outer loop
      vertex 115.956711 3.690300 16.699999
      vertex 115.956711 3.690300 2.000000
      vertex 115.487724 3.548038 16.699999
    endloop
  endfacet
  facet normal -0.098021 0.995184 0.000000
    outer loop
      vertex 115.000000 3.500000 16.699999
      vertex 115.487724 3.548038 16.699999
      vertex 115.487724 3.548038 2.000000
    endloop
  endfacet
  facet normal -0.471395 0.881922 0.000000
    outer loop
      vertex 115.956711 3.690300 16.699999
      vertex 116.388931 3.921326 16.699999
      vertex 116.388931 3.921326 2.000000
    endloop
  endfacet
  facet normal -0.634395 0.773009 0.000000
    outer loop
      vertex 116.388931 3.921326 16.699999
      vertex 116.767769 4.232231 16.699999
      vertex 116.767769 4.232231 2.000000
    endloop
  endfacet
  facet normal -0.956940 0.290286 0.000000
    outer loop
      vertex 117.309700 5.043293 16.699999
      vertex 117.451965 5.512276 16.699999
      vertex 117.451965 5.512276 2.000000
    endloop
  endfacet
  facet normal -0.773012 0.634391 0.000000
    outer loop
      vertex 117.078674 4.611073 16.699999
      vertex 117.078674 4.611073 2.000000
      vertex 116.767769 4.232231 16.699999
    endloop
  endfacet
  facet normal -0.881922 0.471395 0.000000
    outer loop
      vertex 117.309700 5.043293 16.699999
      vertex 117.309700 5.043293 2.000000
      vertex 117.078674 4.611073 16.699999
    endloop
  endfacet
  facet normal 0.881922 -0.471395 0.000000
    outer loop
      vertex 112.921326 7.388927 16.699999
      vertex 112.690300 6.956707 2.000000
      vertex 112.921326 7.388927 2.000000
    endloop
  endfacet
  facet normal 0.634395 -0.773009 0.000000
    outer loop
      vertex 113.611069 8.078674 16.699999
      vertex 113.232231 7.767769 2.000000
      vertex 113.611069 8.078674 2.000000
    endloop
  endfacet
  facet normal 0.773012 -0.634391 0.000000
    outer loop
      vertex 113.232231 7.767769 16.699999
      vertex 112.921326 7.388927 2.000000
      vertex 113.232231 7.767769 2.000000
    endloop
  endfacet
  facet normal 0.956940 -0.290286 0.000000
    outer loop
      vertex 112.690300 6.956707 16.699999
      vertex 112.548035 6.487724 2.000000
      vertex 112.690300 6.956707 2.000000
    endloop
  endfacet
  facet normal 0.995185 -0.098013 0.000000
    outer loop
      vertex 112.548035 6.487724 16.699999
      vertex 112.500000 6.000000 2.000000
      vertex 112.548035 6.487724 2.000000
    endloop
  endfacet
  facet normal 0.995185 0.098013 0.000000
    outer loop
      vertex 112.500000 6.000000 16.699999
      vertex 112.548035 5.512276 2.000000
      vertex 112.500000 6.000000 2.000000
    endloop
  endfacet
  facet normal 0.471395 -0.881922 0.000000
    outer loop
      vertex 114.043289 8.309700 16.699999
      vertex 113.611069 8.078674 2.000000
      vertex 114.043289 8.309700 2.000000
    endloop
  endfacet
  facet normal 0.290277 -0.956943 0.000000
    outer loop
      vertex 114.512276 8.451962 16.699999
      vertex 114.043289 8.309700 2.000000
      vertex 114.512276 8.451962 2.000000
    endloop
  endfacet
  facet normal 0.098021 -0.995184 0.000000
    outer loop
      vertex 115.000000 8.500000 16.699999
      vertex 114.512276 8.451962 2.000000
      vertex 115.000000 8.500000 2.000000
    endloop
  endfacet
  facet normal 0.956940 0.290286 0.000000
    outer loop
      vertex 112.548035 5.512276 16.699999
      vertex 112.690300 5.043293 2.000000
      vertex 112.548035 5.512276 2.000000
    endloop
  endfacet
  facet normal 0.881922 0.471395 0.000000
    outer loop
      vertex 112.690300 5.043293 16.699999
      vertex 112.921326 4.611073 2.000000
      vertex 112.690300 5.043293 2.000000
    endloop
  endfacet
  facet normal 0.773012 0.634391 0.000000
    outer loop
      vertex 112.921326 4.611073 16.699999
      vertex 113.232231 4.232231 2.000000
      vertex 112.921326 4.611073 2.000000
    endloop
  endfacet
  facet normal 0.634395 0.773009 0.000000
    outer loop
      vertex 113.232231 4.232231 16.699999
      vertex 113.611069 3.921326 2.000000
      vertex 113.232231 4.232231 2.000000
    endloop
  endfacet
  facet normal 0.471395 0.881922 0.000000
    outer loop
      vertex 113.611069 3.921326 16.699999
      vertex 114.043289 3.690300 2.000000
      vertex 113.611069 3.921326 2.000000
    endloop
  endfacet
  facet normal 0.290277 0.956943 0.000000
    outer loop
      vertex 114.043289 3.690300 16.699999
      vertex 114.512276 3.548038 2.000000
      vertex 114.043289 3.690300 2.000000
    endloop
  endfacet
  facet normal 0.098021 0.995184 0.000000
    outer loop
      vertex 114.512276 3.548038 16.699999
      vertex 115.000000 3.500000 2.000000
      vertex 114.512276 3.548038 2.000000
    endloop
  endfacet
  facet normal -0.098021 0.995184 0.000000
    outer loop
      vertex 115.000000 3.500000 16.699999
      vertex 115.487724 3.548038 2.000000
      vertex 115.000000 3.500000 2.000000
    endloop
  endfacet
  facet normal -0.098021 -0.995184 0.000000
    outer loop
      vertex 115.487724 8.451962 16.699999
      vertex 115.000000 8.500000 2.000000
      vertex 115.487724 8.451962 2.000000
    endloop
  endfacet
  facet normal -0.290277 -0.956943 0.000000
    outer loop
      vertex 115.956711 8.309700 16.699999
      vertex 115.487724 8.451962 2.000000
      vertex 115.956711 8.309700 2.000000
    endloop
  endfacet
  facet normal -0.471395 -0.881922 0.000000
    outer loop
      vertex 116.388931 8.078674 16.699999
      vertex 115.956711 8.309700 2.000000
      vertex 116.388931 8.078674 2.000000
    endloop
  endfacet
  facet normal -0.634395 -0.773009 0.000000
    outer loop
      vertex 116.767769 7.767769 16.699999
      vertex 116.388931 8.078674 2.000000
      vertex 116.767769 7.767769 2.000000
    endloop
  endfacet
  facet normal -0.773012 -0.634391 0.000000
    outer loop
      vertex 117.078674 7.388927 16.699999
      vertex 116.767769 7.767769 2.000000
      vertex 117.078674 7.388927 2.000000
    endloop
  endfacet
  facet normal -0.881922 -0.471395 0.000000
    outer loop
      vertex 117.309700 6.956707 16.699999
      vertex 117.078674 7.388927 2.000000
      vertex 117.309700 6.956707 2.000000
    endloop
  endfacet
  facet normal -0.956940 -0.290286 0.000000
    outer loop
      vertex 117.451965 6.487724 16.699999
      vertex 117.309700 6.956707 2.000000
      vertex 117.451965 6.487724 2.000000
    endloop
  endfacet
  facet normal -0.995185 -0.098013 0.000000
    outer loop
      vertex 117.500000 6.000000 16.699999
      vertex 117.451965 6.487724 2.000000
      vertex 117.500000 6.000000 2.000000
    endloop
  endfacet
  facet normal -0.290277 0.956943 0.000000
    outer loop
      vertex 115.487724 3.548038 16.699999
      vertex 115.956711 3.690300 2.000000
      vertex 115.487724 3.548038 2.000000
    endloop
  endfacet
  facet normal -0.471395 0.881922 0.000000
    outer loop
      vertex 115.956711 3.690300 16.699999
      vertex 116.388931 3.921326 2.000000
      vertex 115.956711 3.690300 2.000000
    endloop
  endfacet
  facet normal -0.634395 0.773009 0.000000
    outer loop
      vertex 116.388931 3.921326 16.699999
      vertex 116.767769 4.232231 2.000000
      vertex 116.388931 3.921326 2.000000
    endloop
  endfacet
  facet normal -0.956940 0.290286 0.000000
    outer loop
      vertex 117.309700 5.043293 16.699999
      vertex 117.451965 5.512276 2.000000
      vertex 117.309700 5.043293 2.000000
    endloop
  endfacet
  facet normal -0.773012 0.634391 0.000000
    outer loop
      vertex 116.767769 4.232231 16.699999
      vertex 117.078674 4.611073 2.000000
      vertex 116.767769 4.232231 2.000000
    endloop
  endfacet
  facet normal -0.881922 0.471395 0.000000
    outer loop
      vertex 117.078674 4.611073 16.699999
      vertex 117.309700 5.043293 2.000000
      vertex 117.078674 4.611073 2.000000
    endloop
  endfacet
  facet normal -0.995185 0.098013 0.000000
    outer loop
      vertex 117.451965 5.512276 16.699999
      vertex 117.500000 6.000000 2.000000
      vertex 117.451965 5.512276 2.000000
    endloop
  endfacet
  facet normal 0.000000 -1.000000 0.000000
    outer loop
      vertex 77.199997 26.000000 8.000000
      vertex 77.500000 26.000000 7.000000
      vertex 78.800003 26.000000 8.000000
    endloop
  endfacet
  facet normal 0.000000 -1.000000 0.000000
    outer loop
      vertex 77.199997 26.000000 8.000000
      vertex 77.199997 26.000000 6.509090
      vertex 77.500000 26.000000 7.000000
    endloop
  endfacet
  facet normal 0.000000 0.000000 -1.000000
    outer loop
      vertex 77.199997 26.000000 8.000000
      vertex 78.800003 26.000000 8.000000
      vertex 77.199997 20.000000 8.000000
    endloop
  endfacet
  facet normal 1.000000 0.000000 0.000000
    outer loop
      vertex 77.199997 26.000000 8.000000
      vertex 77.199997 20.000000 6.509090
      vertex 77.199997 26.000000 6.509090
    endloop
  endfacet
  facet normal 0.000000 -1.000000 0.000000
    outer loop
      vertex 78.800003 26.000000 8.000000
      vertex 77.500000 26.000000 7.000000
      vertex 77.500000 26.000000 5.200001
    endloop
  endfacet
  facet normal 0.000000 -1.000000 0.000000
    outer loop
      vertex 78.800003 26.000000 8.000000
      vertex 77.500000 26.000000 5.200001
      vertex 77.500000 26.000000 3.000000
    endloop
  endfacet
  facet normal 0.000000 -1.000000 0.000000
    outer loop
      vertex 78.800003 26.000000 8.000000
      vertex 77.500000 26.000000 3.000000
      vertex 78.800003 26.000000 2.000000
    endloop
  endfacet
  facet normal -1.000000 0.000000 0.000000
    outer loop
      vertex 78.800003 26.000000 8.000000
      vertex 78.800003 26.000000 2.000000
      vertex 78.800003 20.000000 8.000000
    endloop
  endfacet
  facet normal 0.000000 -1.000000 0.000000
    outer loop
      vertex 77.199997 26.000000 3.000000
      vertex 78.800003 26.000000 2.000000
      vertex 77.500000 26.000000 3.000000
    endloop
  endfacet
  facet normal 0.000000 -1.000000 0.000000
    outer loop
      vertex 77.199997 26.000000 3.000000
      vertex 77.199997 26.000000 2.000000
      vertex 78.800003 26.000000 2.000000
    endloop
  endfacet
  facet normal 1.000000 0.000000 0.000000
    outer loop
      vertex 77.199997 26.000000 3.000000
      vertex 77.199997 20.000000 2.000000
      vertex 77.199997 26.000000 2.000000
    endloop
  endfacet
  facet normal 1.000000 0.000000 0.000000
    outer loop
      vertex 77.199997 26.000000 8.000000
      vertex 77.199997 20.000000 8.000000
      vertex 77.199997 20.000000 6.509090
    endloop
  endfacet
  facet normal 0.000000 1.000000 0.000000
    outer loop
      vertex 77.199997 20.000000 8.000000
      vertex 78.800003 20.000000 8.000000
      vertex 77.500000 20.000000 7.000000
    endloop
  endfacet
  facet normal 0.000000 1.000000 0.000000
    outer loop
      vertex 77.199997 20.000000 8.000000
      vertex 77.500000 20.000000 7.000000
      vertex 77.199997 20.000000 6.509090
    endloop
  endfacet
  facet normal 0.000000 0.000000 -1.000000
    outer loop
      vertex 78.800003 26.000000 8.000000
      vertex 78.800003 20.000000 8.000000
      vertex 77.199997 20.000000 8.000000
    endloop
  endfacet
  facet normal 0.000000 1.000000 0.000000
    outer loop
      vertex 78.800003 20.000000 8.000000
      vertex 78.800003 20.000000 2.000000
      vertex 77.500000 20.000000 7.000000
    endloop
  endfacet
  facet normal 0.000000 1.000000 0.000000
    outer loop
      vertex 77.500000 20.000000 5.200001
      vertex 77.500000 20.000000 7.000000
      vertex 78.800003 20.000000 2.000000
    endloop
  endfacet
  facet normal 1.000000 0.000000 0.000000
    outer loop
      vertex 77.199997 26.000000 3.000000
      vertex 77.199997 20.000000 3.000000
      vertex 77.199997 20.000000 2.000000
    endloop
  endfacet
  facet normal 0.000000 1.000000 0.000000
    outer loop
      vertex 77.199997 20.000000 3.000000
      vertex 77.500000 20.000000 3.000000
      vertex 78.800003 20.000000 2.000000
    endloop
  endfacet
  facet normal 0.000000 1.000000 0.000000
    outer loop
      vertex 77.199997 20.000000 3.000000
      vertex 78.800003 20.000000 2.000000
      vertex 77.199997 20.000000 2.000000
    endloop
  endfacet
  facet normal -1.000000 0.000000 0.000000
    outer loop
      vertex 78.800003 20.000000 8.000000
      vertex 78.800003 26.000000 2.000000
      vertex 78.800003 20.000000 2.000000
    endloop
  endfacet
  facet normal 0.000000 1.000000 0.000000
    outer loop
      vertex 77.500000 20.000000 3.000000
      vertex 77.500000 20.000000 5.200001
      vertex 78.800003 20.000000 2.000000
    endloop
  endfacet
  facet normal 0.000000 -1.000000 0.000000
    outer loop
      vertex 76.400002 26.000000 5.799999
      vertex 76.400002 26.000000 5.200001
      vertex 76.766670 26.000000 5.799999
    endloop
  endfacet
  facet normal 0.000000 -1.000000 0.000000
    outer loop
      vertex 76.400002 26.000000 3.000000
      vertex 77.500000 26.000000 5.200001
      vertex 76.400002 26.000000 5.200001
    endloop
  endfacet
  facet normal 1.000000 0.000000 0.000000
    outer loop
      vertex 76.400002 26.000000 5.799999
      vertex 76.400002 20.000000 5.200001
      vertex 76.400002 26.000000 5.200001
    endloop
  endfacet
  facet normal 0.000000 0.000000 -1.000000
    outer loop
      vertex 76.400002 26.000000 5.799999
      vertex 76.766670 26.000000 5.799999
      vertex 76.400002 20.000000 5.799999
    endloop
  endfacet
  facet normal 0.000000 -1.000000 0.000000
    outer loop
      vertex 76.400002 26.000000 3.000000
      vertex 77.199997 26.000000 3.000000
      vertex 77.500000 26.000000 5.200001
    endloop
  endfacet
  facet normal 0.000000 -1.000000 0.000000
    outer loop
      vertex 77.199997 26.000000 3.000000
      vertex 77.500000 26.000000 3.000000
      vertex 77.500000 26.000000 5.200001
    endloop
  endfacet
  facet normal 1.000000 0.000000 0.000000
    outer loop
      vertex 76.400002 26.000000 3.000000
      vertex 76.400002 26.000000 5.200001
      vertex 76.400002 20.000000 3.000000
    endloop
  endfacet
  facet normal 0.000000 0.000000 1.000000
    outer loop
      vertex 76.400002 26.000000 3.000000
      vertex 76.400002 20.000000 3.000000
      vertex 77.199997 26.000000 3.000000
    endloop
  endfacet
  facet normal 1.000000 0.000000 0.000000
    outer loop
      vertex 76.400002 26.000000 5.799999
      vertex 76.400002 20.000000 5.799999
      vertex 76.400002 20.000000 5.200001
    endloop
  endfacet
  facet normal 0.000000 0.000000 -1.000000
    outer loop
      vertex 76.400002 20.000000 5.799999
      vertex 76.766670 26.000000 5.799999
      vertex 76.766670 20.000000 5.799999
    endloop
  endfacet
  facet normal 1.000000 0.000000 0.000000
    outer loop
      vertex 76.400002 20.000000 3.000000
      vertex 76.400002 26.000000 5.200001
      vertex 76.400002 20.000000 5.200001
    endloop
  endfacet
  facet normal 0.000000 1.000000 0.000000
    outer loop
      vertex 76.400002 20.000000 5.799999
      vertex 76.766670 20.000000 5.799999
      vertex 76.400002 20.000000 5.200001
    endloop
  endfacet
  facet normal 0.000000 1.000000 0.000000
    outer loop
      vertex 77.500000 20.000000 3.000000
      vertex 76.400002 20.000000 5.200001
      vertex 77.500000 20.000000 5.200001
    endloop
  endfacet
  facet normal 0.000000 0.000000 1.000000
    outer loop
      vertex 77.199997 26.000000 3.000000
      vertex 76.400002 20.000000 3.000000
      vertex 77.199997 20.000000 3.000000
    endloop
  endfacet
  facet normal 0.000000 1.000000 0.000000
    outer loop
      vertex 76.400002 20.000000 3.000000
      vertex 76.400002 20.000000 5.200001
      vertex 77.199997 20.000000 3.000000
    endloop
  endfacet
  facet normal 0.000000 1.000000 0.000000
    outer loop
      vertex 77.199997 20.000000 3.000000
      vertex 76.400002 20.000000 5.200001
      vertex 77.500000 20.000000 3.000000
    endloop
  endfacet
  facet normal 0.853285 0.000000 -0.521444
    outer loop
      vertex 77.199997 26.000000 6.509090
      vertex 77.199997 20.000000 6.509090
      vertex 76.766670 26.000000 5.799999
    endloop
  endfacet
  facet normal 0.000000 1.000000 0.000000
    outer loop
      vertex 77.199997 26.000000 6.509090
      vertex 76.766670 26.000000 5.799999
      vertex 76.400002 26.000000 5.200001
    endloop
  endfacet
  facet normal 0.000000 -1.000000 0.000000
    outer loop
      vertex 77.199997 26.000000 6.509090
      vertex 77.500000 26.000000 5.200001
      vertex 77.500000 26.000000 7.000000
    endloop
  endfacet
  facet normal 0.000000 0.000000 0.000000
    outer loop
      vertex 76.400002 26.000000 5.200001
      vertex 77.199997 26.000000 6.509090
      vertex 76.400002 26.000000 5.200001
    endloop
  endfacet
  facet normal 0.000000 -1.000000 0.000000
    outer loop
      vertex 76.400002 26.000000 5.200001
      vertex 77.500000 26.000000 5.200001
      vertex 77.199997 26.000000 6.509090
    endloop
  endfacet
  facet normal 0.000000 0.000000 0.000000
    outer loop
      vertex 76.400002 26.000000 5.200001
      vertex 76.400002 26.000000 5.200001
      vertex 77.500000 26.000000 5.200001
    endloop
  endfacet
  facet normal 0.000000 0.000000 0.000000
    outer loop
      vertex 76.400002 26.000000 5.200001
      vertex 76.400002 26.000000 5.200001
      vertex 76.400002 20.000000 5.200001
    endloop
  endfacet
  facet normal 0.000000 0.000000 0.000000
    outer loop
      vertex 76.400002 26.000000 5.200001
      vertex 76.400002 20.000000 5.200001
      vertex 76.400002 26.000000 5.200001
    endloop
  endfacet
  facet normal 0.853285 0.000000 -0.521444
    outer loop
      vertex 76.766670 26.000000 5.799999
      vertex 77.199997 20.000000 6.509090
      vertex 76.766670 20.000000 5.799999
    endloop
  endfacet
  facet normal 0.000000 0.000000 0.000000
    outer loop
      vertex 76.400002 26.000000 5.200001
      vertex 76.400002 20.000000 5.200001
      vertex 76.400002 20.000000 5.200001
    endloop
  endfacet
  facet normal 0.000000 0.000000 0.000000
    outer loop
      vertex 76.400002 20.000000 5.200001
      vertex 76.400002 20.000000 5.200001
      vertex 76.400002 26.000000 5.200001
    endloop
  endfacet
  facet normal 0.000000 1.000000 0.000000
    outer loop
      vertex 77.500000 20.000000 5.200001
      vertex 76.766670 20.000000 5.799999
      vertex 77.199997 20.000000 6.509090
    endloop
  endfacet
  facet normal 0.000000 1.000000 0.000000
    outer loop
      vertex 77.500000 20.000000 5.200001
      vertex 77.199997 20.000000 6.509090
      vertex 77.500000 20.000000 7.000000
    endloop
  endfacet
  facet normal 0.000000 0.000000 0.000000
    outer loop
      vertex 76.400002 20.000000 5.200001
      vertex 76.400002 20.000000 5.200001
      vertex 76.766670 20.000000 5.799999
    endloop
  endfacet
  facet normal 0.000000 1.000000 0.000000
    outer loop
      vertex 76.400002 20.000000 5.200001
      vertex 76.766670 20.000000 5.799999
      vertex 77.500000 20.000000 5.200001
    endloop
  endfacet
  facet normal 0.000000 0.000000 0.000000
    outer loop
      vertex 76.400002 20.000000 5.200001
      vertex 77.500000 20.000000 5.200001
      vertex 76.400002 20.000000 5.200001
    endloop
  endfacet
  facet normal 0.000000 0.000000 -1.000000
    outer loop
      vertex 117.500000 40.000000 8.000000
      vertex 118.800003 40.000000 8.000000
      vertex 117.451965 39.512276 8.000000
    endloop
  endfacet
  facet normal 0.000000 0.000000 -1.000000
    outer loop
      vertex 117.309700 39.043293 8.000000
      vertex 117.451965 39.512276 8.000000
      vertex 117.199997 34.000000 8.000000
    endloop
  endfacet
  facet normal 0.000000 0.000000 -1.000000
    outer loop
      vertex 117.451965 39.512276 8.000000
      vertex 118.800003 40.000000 8.000000
      vertex 117.199997 34.000000 8.000000
    endloop
  endfacet
  facet normal 0.000000 0.000000 -1.000000
    outer loop
      vertex 117.199997 38.838058 8.000000
      vertex 117.309700 39.043293 8.000000
      vertex 117.199997 34.000000 8.000000
    endloop
  endfacet
  facet normal 0.000000 -1.000000 0.000000
    outer loop
      vertex 117.500000 40.000000 8.000000
      vertex 118.500000 40.000000 7.000000
      vertex 118.800003 40.000000 8.000000
    endloop
  endfacet
  facet normal -1.000000 0.000000 0.000000
    outer loop
      vertex 118.800003 40.000000 8.000000
      vertex 118.800003 40.000000 6.509090
      vertex 118.800003 34.000000 8.000000
    endloop
  endfacet
  facet normal 0.000000 -1.000000 0.000000
    outer loop
      vertex 118.800003 40.000000 8.000000
      vertex 118.500000 40.000000 7.000000
      vertex 118.800003 40.000000 6.509090
    endloop
  endfacet
  facet normal 0.000000 -1.000000 0.000000
    outer loop
      vertex 117.500000 40.000000 8.000000
      vertex 118.500000 40.000000 5.200001
      vertex 118.500000 40.000000 7.000000
    endloop
  endfacet
  facet normal 0.000000 0.000000 -1.000000
    outer loop
      vertex 118.800003 40.000000 8.000000
      vertex 118.800003 34.000000 8.000000
      vertex 117.199997 34.000000 8.000000
    endloop
  endfacet
  facet normal -1.000000 0.000000 0.000000
    outer loop
      vertex 118.800003 34.000000 8.000000
      vertex 118.800003 40.000000 6.509090
      vertex 118.800003 34.000000 6.509090
    endloop
  endfacet
  facet normal 0.000000 -1.000000 0.000000
    outer loop
      vertex 117.500000 40.000000 8.000000
      vertex 117.500000 40.000000 2.000000
      vertex 118.500000 40.000000 3.000000
    endloop
  endfacet
  facet normal 1.000000 0.000000 0.000000
    outer loop
      vertex 117.199997 38.838058 8.000000
      vertex 117.199997 34.000000 8.000000
      vertex 117.199997 38.838058 2.000000
    endloop
  endfacet
  facet normal 0.000000 -1.000000 0.000000
    outer loop
      vertex 117.500000 40.000000 8.000000
      vertex 118.500000 40.000000 3.000000
      vertex 118.500000 40.000000 5.200001
    endloop
  endfacet
  facet normal 1.000000 0.000000 0.000000
    outer loop
      vertex 117.199997 34.000000 8.000000
      vertex 117.199997 34.000000 2.000000
      vertex 117.199997 38.838058 2.000000
    endloop
  endfacet
  facet normal 0.000000 -1.000000 0.000000
    outer loop
      vertex 118.500000 40.000000 3.000000
      vertex 117.500000 40.000000 2.000000
      vertex 118.800003 40.000000 3.000000
    endloop
  endfacet
  facet normal 0.000000 -1.000000 0.000000
    outer loop
      vertex 118.800003 40.000000 3.000000
      vertex 117.500000 40.000000 2.000000
      vertex 118.800003 40.000000 2.000000
    endloop
  endfacet
  facet normal -1.000000 0.000000 0.000000
    outer loop
      vertex 118.800003 40.000000 3.000000
      vertex 118.800003 40.000000 2.000000
      vertex 118.800003 34.000000 3.000000
    endloop
  endfacet
  facet normal -1.000000 0.000000 0.000000
    outer loop
      vertex 118.800003 34.000000 3.000000
      vertex 118.800003 40.000000 2.000000
      vertex 118.800003 34.000000 2.000000
    endloop
  endfacet
  facet normal 0.000000 1.000000 0.000000
    outer loop
      vertex 117.199997 34.000000 8.000000
      vertex 118.500000 34.000000 7.000000
      vertex 118.500000 34.000000 5.200001
    endloop
  endfacet
  facet normal 0.000000 1.000000 0.000000
    outer loop
      vertex 117.199997 34.000000 8.000000
      vertex 118.800003 34.000000 8.000000
      vertex 118.500000 34.000000 7.000000
    endloop
  endfacet
  facet normal 0.000000 1.000000 0.000000
    outer loop
      vertex 118.800003 34.000000 8.000000
      vertex 118.800003 34.000000 6.509090
      vertex 118.500000 34.000000 7.000000
    endloop
  endfacet
  facet normal 0.000000 1.000000 0.000000
    outer loop
      vertex 117.199997 34.000000 8.000000
      vertex 118.500000 34.000000 5.200001
      vertex 118.500000 34.000000 3.000000
    endloop
  endfacet
  facet normal 0.000000 1.000000 0.000000
    outer loop
      vertex 117.199997 34.000000 8.000000
      vertex 118.500000 34.000000 3.000000
      vertex 117.199997 34.000000 2.000000
    endloop
  endfacet
  facet normal 0.000000 1.000000 0.000000
    outer loop
      vertex 118.500000 34.000000 3.000000
      vertex 118.800003 34.000000 3.000000
      vertex 117.199997 34.000000 2.000000
    endloop
  endfacet
  facet normal 0.000000 1.000000 0.000000
    outer loop
      vertex 118.800003 34.000000 3.000000
      vertex 118.800003 34.000000 2.000000
      vertex 117.199997 34.000000 2.000000
    endloop
  endfacet
  facet normal 0.000000 -1.000000 0.000000
    outer loop
      vertex 119.599998 40.000000 5.799999
      vertex 119.233337 40.000000 5.799999
      vertex 119.599998 40.000000 5.200001
    endloop
  endfacet
  facet normal 0.000000 0.000000 -1.000000
    outer loop
      vertex 119.599998 40.000000 5.799999
      vertex 119.233337 34.000000 5.799999
      vertex 119.233337 40.000000 5.799999
    endloop
  endfacet
  facet normal -1.000000 0.000000 0.000000
    outer loop
      vertex 119.599998 40.000000 5.799999
      vertex 119.599998 40.000000 5.200001
      vertex 119.599998 34.000000 5.799999
    endloop
  endfacet
  facet normal 0.000000 -1.000000 0.000000
    outer loop
      vertex 118.500000 40.000000 3.000000
      vertex 119.599998 40.000000 5.200001
      vertex 118.500000 40.000000 5.200001
    endloop
  endfacet
  facet normal -1.000000 0.000000 0.000000
    outer loop
      vertex 119.599998 34.000000 5.799999
      vertex 119.599998 40.000000 5.200001
      vertex 119.599998 40.000000 3.000000
    endloop
  endfacet
  facet normal 0.000000 0.000000 -1.000000
    outer loop
      vertex 119.599998 40.000000 5.799999
      vertex 119.599998 34.000000 5.799999
      vertex 119.233337 34.000000 5.799999
    endloop
  endfacet
  facet normal -1.000000 0.000000 0.000000
    outer loop
      vertex 119.599998 34.000000 5.799999
      vertex 119.599998 40.000000 3.000000
      vertex 119.599998 34.000000 5.200001
    endloop
  endfacet
  facet normal 0.000000 -1.000000 0.000000
    outer loop
      vertex 118.500000 40.000000 3.000000
      vertex 118.800003 40.000000 3.000000
      vertex 119.599998 40.000000 5.200001
    endloop
  endfacet
  facet normal 0.000000 -1.000000 0.000000
    outer loop
      vertex 118.800003 40.000000 3.000000
      vertex 119.599998 40.000000 3.000000
      vertex 119.599998 40.000000 5.200001
    endloop
  endfacet
  facet normal 0.000000 0.000000 1.000000
    outer loop
      vertex 118.800003 40.000000 3.000000
      vertex 118.800003 34.000000 3.000000
      vertex 119.599998 40.000000 3.000000
    endloop
  endfacet
  facet normal -1.000000 0.000000 0.000000
    outer loop
      vertex 119.599998 40.000000 3.000000
      vertex 119.599998 34.000000 3.000000
      vertex 119.599998 34.000000 5.200001
    endloop
  endfacet
  facet normal 0.000000 0.000000 1.000000
    outer loop
      vertex 119.599998 40.000000 3.000000
      vertex 118.800003 34.000000 3.000000
      vertex 119.599998 34.000000 3.000000
    endloop
  endfacet
  facet normal 0.000000 1.000000 0.000000
    outer loop
      vertex 119.599998 34.000000 5.799999
      vertex 119.599998 34.000000 5.200001
      vertex 119.233337 34.000000 5.799999
    endloop
  endfacet
  facet normal 0.000000 1.000000 0.000000
    outer loop
      vertex 119.599998 34.000000 3.000000
      vertex 118.500000 34.000000 5.200001
      vertex 119.599998 34.000000 5.200001
    endloop
  endfacet
  facet normal 0.000000 1.000000 0.000000
    outer loop
      vertex 118.500000 34.000000 3.000000
      vertex 118.500000 34.000000 5.200001
      vertex 118.800003 34.000000 3.000000
    endloop
  endfacet
  facet normal 0.000000 1.000000 0.000000
    outer loop
      vertex 118.800003 34.000000 3.000000
      vertex 118.500000 34.000000 5.200001
      vertex 119.599998 34.000000 3.000000
    endloop
  endfacet
  facet normal -0.853281 0.000000 -0.521451
    outer loop
      vertex 118.800003 34.000000 6.509090
      vertex 118.800003 40.000000 6.509090
      vertex 119.233337 34.000000 5.799999
    endloop
  endfacet
  facet normal 0.000000 -1.000000 0.000000
    outer loop
      vertex 118.500000 40.000000 7.000000
      vertex 118.500000 40.000000 5.200001
      vertex 118.800003 40.000000 6.509090
    endloop
  endfacet
  facet normal 0.000000 -1.000000 0.000000
    outer loop
      vertex 119.233337 40.000000 5.799999
      vertex 118.800003 40.000000 6.509090
      vertex 118.500000 40.000000 5.200001
    endloop
  endfacet
  facet normal 0.000000 -1.000000 0.000000
    outer loop
      vertex 118.500000 40.000000 5.200001
      vertex 119.599998 40.000000 5.200001
      vertex 119.233337 40.000000 5.799999
    endloop
  endfacet
  facet normal -0.853281 0.000000 -0.521451
    outer loop
      vertex 118.800003 40.000000 6.509090
      vertex 119.233337 40.000000 5.799999
      vertex 119.233337 34.000000 5.799999
    endloop
  endfacet
  facet normal 0.000000 1.000000 0.000000
    outer loop
      vertex 118.500000 34.000000 7.000000
      vertex 118.800003 34.000000 6.509090
      vertex 118.500000 34.000000 5.200001
    endloop
  endfacet
  facet normal 0.000000 1.000000 0.000000
    outer loop
      vertex 118.800003 34.000000 6.509090
      vertex 119.233337 34.000000 5.799999
      vertex 118.500000 34.000000 5.200001
    endloop
  endfacet
  facet normal 0.000000 1.000000 0.000000
    outer loop
      vertex 118.500000 34.000000 5.200001
      vertex 119.233337 34.000000 5.799999
      vertex 119.599998 34.000000 5.200001
    endloop
  endfacet
  facet normal 1.000000 0.000000 0.000000
    outer loop
      vertex 95.000000 43.799999 8.000000
      vertex 95.000000 43.500000 5.799999
      vertex 95.000000 43.799999 6.509090
    endloop
  endfacet
  facet normal 0.000000 0.000000 -1.000000
    outer loop
      vertex 95.000000 43.799999 8.000000
      vertex 101.000000 43.799999 8.000000
      vertex 95.000000 42.200001 8.000000
    endloop
  endfacet
  facet normal 0.000000 -1.000000 0.000000
    outer loop
      vertex 95.000000 43.799999 8.000000
      vertex 95.000000 43.799999 6.509090
      vertex 101.000000 43.799999 8.000000
    endloop
  endfacet
  facet normal 1.000000 0.000000 0.000000
    outer loop
      vertex 95.000000 43.799999 6.509090
      vertex 95.000000 43.500000 5.799999
      vertex 95.000000 43.799999 5.799999
    endloop
  endfacet
  facet normal 1.000000 0.000000 0.000000
    outer loop
      vertex 95.000000 43.799999 8.000000
      vertex 95.000000 42.200001 2.000000
      vertex 95.000000 43.500000 5.799999
    endloop
  endfacet
  facet normal 1.000000 0.000000 0.000000
    outer loop
      vertex 95.000000 43.799999 8.000000
      vertex 95.000000 42.200001 8.000000
      vertex 95.000000 42.200001 2.000000
    endloop
  endfacet
  facet normal 1.000000 0.000000 0.000000
    outer loop
      vertex 95.000000 43.799999 3.000000
      vertex 95.000000 43.500000 3.000000
      vertex 95.000000 42.200001 2.000000
    endloop
  endfacet
  facet normal 1.000000 0.000000 0.000000
    outer loop
      vertex 95.000000 43.799999 3.000000
      vertex 95.000000 42.200001 2.000000
      vertex 95.000000 43.799999 2.000000
    endloop
  endfacet
  facet normal 1.000000 0.000000 0.000000
    outer loop
      vertex 95.000000 43.500000 5.799999
      vertex 95.000000 42.200001 2.000000
      vertex 95.000000 43.500000 3.000000
    endloop
  endfacet
  facet normal 0.000000 -1.000000 0.000000
    outer loop
      vertex 95.000000 43.799999 3.000000
      vertex 95.000000 43.799999 2.000000
      vertex 101.000000 43.799999 3.000000
    endloop
  endfacet
  facet normal 0.000000 1.000000 0.000000
    outer loop
      vertex 95.000000 42.200001 8.000000
      vertex 101.000000 42.200001 2.000000
      vertex 95.000000 42.200001 2.000000
    endloop
  endfacet
  facet normal 0.000000 -1.000000 0.000000
    outer loop
      vertex 101.000000 43.799999 8.000000
      vertex 95.000000 43.799999 6.509090
      vertex 101.000000 43.799999 6.509090
    endloop
  endfacet
  facet normal 0.000000 0.000000 -1.000000
    outer loop
      vertex 95.000000 42.200001 8.000000
      vertex 101.000000 43.799999 8.000000
      vertex 101.000000 42.200001 8.000000
    endloop
  endfacet
  facet normal -1.000000 0.000000 0.000000
    outer loop
      vertex 101.000000 43.799999 8.000000
      vertex 101.000000 43.500000 5.799999
      vertex 101.000000 42.200001 8.000000
    endloop
  endfacet
  facet normal -1.000000 0.000000 0.000000
    outer loop
      vertex 101.000000 43.799999 8.000000
      vertex 101.000000 43.799999 6.509090
      vertex 101.000000 43.500000 5.799999
    endloop
  endfacet
  facet normal 0.000000 1.000000 0.000000
    outer loop
      vertex 95.000000 42.200001 8.000000
      vertex 101.000000 42.200001 8.000000
      vertex 101.000000 42.200001 2.000000
    endloop
  endfacet
  facet normal -1.000000 0.000000 0.000000
    outer loop
      vertex 101.000000 43.500000 5.799999
      vertex 101.000000 43.799999 6.509090
      vertex 101.000000 43.799999 5.799999
    endloop
  endfacet
  facet normal -1.000000 0.000000 0.000000
    outer loop
      vertex 101.000000 42.200001 8.000000
      vertex 101.000000 43.500000 5.799999
      vertex 101.000000 43.500000 3.000000
    endloop
  endfacet
  facet normal -1.000000 0.000000 0.000000
    outer loop
      vertex 101.000000 42.200001 8.000000
      vertex 101.000000 43.500000 3.000000
      vertex 101.000000 42.200001 2.000000
    endloop
  endfacet
  facet normal 0.000000 -1.000000 0.000000
    outer loop
      vertex 101.000000 43.799999 3.000000
      vertex 95.000000 43.799999 2.000000
      vertex 101.000000 43.799999 2.000000
    endloop
  endfacet
  facet normal -1.000000 0.000000 0.000000
    outer loop
      vertex 101.000000 43.799999 3.000000
      vertex 101.000000 42.200001 2.000000
      vertex 101.000000 43.500000 3.000000
    endloop
  endfacet
  facet normal -1.000000 0.000000 0.000000
    outer loop
      vertex 101.000000 43.799999 3.000000
      vertex 101.000000 43.799999 2.000000
      vertex 101.000000 42.200001 2.000000
    endloop
  endfacet
  facet normal 0.000000 0.000000 0.000000
    outer loop
      vertex 95.000000 44.599998 5.799999
      vertex 95.000000 44.599998 5.200001
      vertex 95.000000 44.599998 5.200001
    endloop
  endfacet
  facet normal 1.000000 0.000000 0.000000
    outer loop
      vertex 95.000000 44.599998 5.799999
      vertex 95.000000 44.233334 5.799999
      vertex 95.000000 43.500000 3.000000
    endloop
  endfacet
  facet normal 1.000000 0.000000 0.000000
    outer loop
      vertex 95.000000 43.500000 3.000000
      vertex 95.000000 44.233334 5.799999
      vertex 95.000000 43.799999 5.799999
    endloop
  endfacet
  facet normal 1.000000 0.000000 0.000000
    outer loop
      vertex 95.000000 43.799999 5.799999
      vertex 95.000000 43.500000 5.799999
      vertex 95.000000 43.500000 3.000000
    endloop
  endfacet
  facet normal 1.000000 0.000000 0.000000
    outer loop
      vertex 95.000000 44.599998 5.799999
      vertex 95.000000 43.799999 3.000000
      vertex 95.000000 44.599998 5.200001
    endloop
  endfacet
  facet normal 0.000000 -1.000000 0.000000
    outer loop
      vertex 95.000000 44.599998 5.799999
      vertex 95.000000 44.599998 5.200001
      vertex 101.000000 44.599998 5.799999
    endloop
  endfacet
  facet normal 0.000000 0.000000 -1.000000
    outer loop
      vertex 95.000000 44.599998 5.799999
      vertex 101.000000 44.233334 5.799999
      vertex 95.000000 44.233334 5.799999
    endloop
  endfacet
  facet normal 0.000000 -1.000000 0.000000
    outer loop
      vertex 95.000000 44.599998 3.000000
      vertex 101.000000 44.599998 5.200001
      vertex 95.000000 44.599998 5.200001
    endloop
  endfacet
  facet normal 1.000000 0.000000 0.000000
    outer loop
      vertex 95.000000 44.599998 5.799999
      vertex 95.000000 43.500000 3.000000
      vertex 95.000000 43.799999 3.000000
    endloop
  endfacet
  facet normal 1.000000 0.000000 0.000000
    outer loop
      vertex 95.000000 44.599998 5.200001
      vertex 95.000000 43.799999 3.000000
      vertex 95.000000 44.599998 3.000000
    endloop
  endfacet
  facet normal 0.000000 0.000000 1.000000
    outer loop
      vertex 95.000000 44.599998 3.000000
      vertex 95.000000 43.799999 3.000000
      vertex 101.000000 43.799999 3.000000
    endloop
  endfacet
  facet normal 0.000000 -1.000000 0.000000
    outer loop
      vertex 101.000000 44.599998 5.799999
      vertex 95.000000 44.599998 5.200001
      vertex 101.000000 44.599998 5.200001
    endloop
  endfacet
  facet normal 0.000000 0.000000 -1.000000
    outer loop
      vertex 95.000000 44.599998 5.799999
      vertex 101.000000 44.599998 5.799999
      vertex 101.000000 44.233334 5.799999
    endloop
  endfacet
  facet normal -1.000000 0.000000 0.000000
    outer loop
      vertex 101.000000 44.599998 5.799999
      vertex 101.000000 44.599998 5.200001
      vertex 101.000000 44.233334 5.799999
    endloop
  endfacet
  facet normal -1.000000 0.000000 0.000000
    outer loop
      vertex 101.000000 43.799999 5.799999
      vertex 101.000000 43.735714 5.200001
      vertex 101.000000 43.500000 5.799999
    endloop
  endfacet
  facet normal 0.000000 0.000000 0.000000
    outer loop
      vertex 101.000000 43.799999 5.799999
      vertex 101.000000 43.735714 5.200001
      vertex 101.000000 43.735714 5.200001
    endloop
  endfacet
  facet normal 0.000000 0.000000 0.000000
    outer loop
      vertex 101.000000 44.599998 3.000000
      vertex 101.000000 44.599998 5.200001
      vertex 101.000000 44.599998 5.200001
    endloop
  endfacet
  facet normal -1.000000 0.000000 0.000000
    outer loop
      vertex 101.000000 44.233334 5.799999
      vertex 101.000000 44.599998 3.000000
      vertex 101.000000 43.799999 5.799999
    endloop
  endfacet
  facet normal -1.000000 0.000000 0.000000
    outer loop
      vertex 101.000000 44.233334 5.799999
      vertex 101.000000 44.599998 5.200001
      vertex 101.000000 44.599998 3.000000
    endloop
  endfacet
  facet normal -1.000000 0.000000 0.000000
    outer loop
      vertex 101.000000 43.799999 5.799999
      vertex 101.000000 44.599998 3.000000
      vertex 101.000000 43.735714 5.200001
    endloop
  endfacet
  facet normal 0.000000 0.000000 0.000000
    outer loop
      vertex 101.000000 44.599998 3.000000
      vertex 101.000000 43.735714 5.200001
      vertex 101.000000 43.735714 5.200001
    endloop
  endfacet
  facet normal -1.000000 0.000000 0.000000
    outer loop
      vertex 101.000000 43.500000 5.799999
      vertex 101.000000 43.735714 5.200001
      vertex 101.000000 43.799999 3.000000
    endloop
  endfacet
  facet normal 0.000000 0.000000 0.000000
    outer loop
      vertex 101.000000 43.799999 3.000000
      vertex 101.000000 43.735714 5.200001
      vertex 101.000000 43.735714 5.200001
    endloop
  endfacet
  facet normal 0.000000 -1.000000 0.000000
    outer loop
      vertex 95.000000 44.599998 3.000000
      vertex 101.000000 44.599998 3.000000
      vertex 101.000000 44.599998 5.200001
    endloop
  endfacet
  facet normal 0.000000 0.000000 1.000000
    outer loop
      vertex 95.000000 44.599998 3.000000
      vertex 101.000000 43.799999 3.000000
      vertex 101.000000 44.599998 3.000000
    endloop
  endfacet
  facet normal -1.000000 0.000000 0.000000
    outer loop
      vertex 101.000000 44.599998 3.000000
      vertex 101.000000 43.799999 3.000000
      vertex 101.000000 43.735714 5.200001
    endloop
  endfacet
  facet normal -1.000000 0.000000 0.000000
    outer loop
      vertex 101.000000 43.500000 5.799999
      vertex 101.000000 43.799999 3.000000
      vertex 101.000000 43.500000 3.000000
    endloop
  endfacet
  facet normal 1.000000 0.000000 0.000000
    outer loop
      vertex 95.000000 43.799999 5.799999
      vertex 95.000000 44.233334 5.799999
      vertex 95.000000 43.799999 6.509090
    endloop
  endfacet
  facet normal 0.000000 0.000000 0.000000
    outer loop
      vertex 95.000000 44.599998 5.200001
      vertex 95.000000 44.599998 5.200001
      vertex 95.000000 44.599998 5.200001
    endloop
  endfacet
  facet normal 0.000000 -0.853281 -0.521451
    outer loop
      vertex 95.000000 43.799999 6.509090
      vertex 95.000000 44.233334 5.799999
      vertex 101.000000 44.233334 5.799999
    endloop
  endfacet
  facet normal 0.000000 0.000000 0.000000
    outer loop
      vertex 95.000000 44.599998 5.200001
      vertex 95.000000 44.599998 5.200001
      vertex 101.000000 44.599998 5.200001
    endloop
  endfacet
  facet normal 0.000000 0.000000 0.000000
    outer loop
      vertex 95.000000 44.599998 5.200001
      vertex 101.000000 44.599998 5.200001
      vertex 95.000000 44.599998 5.200001
    endloop
  endfacet
  facet normal 0.000000 -0.853281 -0.521451
    outer loop
      vertex 95.000000 43.799999 6.509090
      vertex 101.000000 44.233334 5.799999
      vertex 101.000000 43.799999 6.509090
    endloop
  endfacet
  facet normal 0.000000 0.000000 0.000000
    outer loop
      vertex 95.000000 44.599998 5.200001
      vertex 101.000000 44.599998 5.200001
      vertex 101.000000 44.599998 5.200001
    endloop
  endfacet
  facet normal 0.000000 0.000000 0.000000
    outer loop
      vertex 101.000000 44.599998 5.200001
      vertex 101.000000 44.599998 5.200001
      vertex 95.000000 44.599998 5.200001
    endloop
  endfacet
  facet normal -1.000000 0.000000 0.000000
    outer loop
      vertex 101.000000 43.799999 5.799999
      vertex 101.000000 43.799999 6.509090
      vertex 101.000000 44.233334 5.799999
    endloop
  endfacet
  facet normal 0.000000 0.000000 0.000000
    outer loop
      vertex 101.000000 44.599998 5.200001
      vertex 101.000000 44.599998 5.200001
      vertex 101.000000 44.599998 5.200001
    endloop
  endfacet
  facet normal 0.000000 0.000000 0.000000
    outer loop
      vertex 101.000000 43.735714 5.200001
      vertex 101.000000 43.735714 5.200001
      vertex 101.000000 43.735714 5.200001
    endloop
  endfacet
  facet normal 1.000000 0.000000 0.000000
    outer loop
      vertex 95.000000 3.799999 8.000000
      vertex 95.000000 2.200001 8.000000
      vertex 95.000000 2.500000 5.799999
    endloop
  endfacet
  facet normal 1.000000 0.000000 0.000000
    outer loop
      vertex 95.000000 2.200001 8.000000
      vertex 95.000000 2.200001 6.509090
      vertex 95.000000 2.500000 5.799999
    endloop
  endfacet
  facet normal 0.000000 0.000000 -1.000000
    outer loop
      vertex 95.000000 3.799999 8.000000
      vertex 101.000000 3.799999 8.000000
      vertex 95.000000 2.200001 8.000000
    endloop
  endfacet
  facet normal 0.000000 1.000000 0.000000
    outer loop
      vertex 95.000000 2.200001 8.000000
      vertex 101.000000 2.200001 6.509090
      vertex 95.000000 2.200001 6.509090
    endloop
  endfacet
  facet normal 1.000000 0.000000 0.000000
    outer loop
      vertex 95.000000 3.799999 8.000000
      vertex 95.000000 2.500000 5.799999
      vertex 95.000000 2.500000 3.000000
    endloop
  endfacet
  facet normal 1.000000 0.000000 0.000000
    outer loop
      vertex 95.000000 3.799999 8.000000
      vertex 95.000000 2.500000 3.000000
      vertex 95.000000 3.799999 2.000000
    endloop
  endfacet
  facet normal 1.000000 0.000000 0.000000
    outer loop
      vertex 95.000000 2.500000 5.799999
      vertex 95.000000 2.200001 6.509090
      vertex 95.000000 2.200001 5.799999
    endloop
  endfacet
  facet normal 0.000000 -1.000000 0.000000
    outer loop
      vertex 95.000000 3.799999 8.000000
      vertex 95.000000 3.799999 2.000000
      vertex 101.000000 3.799999 8.000000
    endloop
  endfacet
  facet normal 1.000000 0.000000 0.000000
    outer loop
      vertex 95.000000 2.500000 3.000000
      vertex 95.000000 2.200001 3.000000
      vertex 95.000000 3.799999 2.000000
    endloop
  endfacet
  facet normal 1.000000 0.000000 0.000000
    outer loop
      vertex 95.000000 2.200001 3.000000
      vertex 95.000000 2.200001 2.000000
      vertex 95.000000 3.799999 2.000000
    endloop
  endfacet
  facet normal 0.000000 1.000000 0.000000
    outer loop
      vertex 95.000000 2.200001 3.000000
      vertex 101.000000 2.200001 2.000000
      vertex 95.000000 2.200001 2.000000
    endloop
  endfacet
  facet normal 0.000000 0.000000 -1.000000
    outer loop
      vertex 95.000000 2.200001 8.000000
      vertex 101.000000 3.799999 8.000000
      vertex 101.000000 2.200001 8.000000
    endloop
  endfacet
  facet normal 0.000000 1.000000 0.000000
    outer loop
      vertex 95.000000 2.200001 8.000000
      vertex 101.000000 2.200001 8.000000
      vertex 101.000000 2.200001 6.509090
    endloop
  endfacet
  facet normal -1.000000 0.000000 0.000000
    outer loop
      vertex 101.000000 3.799999 8.000000
      vertex 101.000000 3.799999 2.000000
      vertex 101.000000 2.200001 8.000000
    endloop
  endfacet
  facet normal -1.000000 0.000000 0.000000
    outer loop
      vertex 101.000000 2.200001 8.000000
      vertex 101.000000 3.799999 2.000000
      vertex 101.000000 2.200001 6.509090
    endloop
  endfacet
  facet normal -1.000000 0.000000 0.000000
    outer loop
      vertex 101.000000 2.200001 6.509090
      vertex 101.000000 3.799999 2.000000
      vertex 101.000000 2.200001 5.799999
    endloop
  endfacet
  facet normal 0.000000 -1.000000 0.000000
    outer loop
      vertex 101.000000 3.799999 8.000000
      vertex 95.000000 3.799999 2.000000
      vertex 101.000000 3.799999 2.000000
    endloop
  endfacet
  facet normal 0.000000 1.000000 0.000000
    outer loop
      vertex 95.000000 2.200001 3.000000
      vertex 101.000000 2.200001 3.000000
      vertex 101.000000 2.200001 2.000000
    endloop
  endfacet
  facet normal -1.000000 0.000000 0.000000
    outer loop
      vertex 101.000000 2.200001 5.799999
      vertex 101.000000 3.799999 2.000000
      vertex 101.000000 2.200001 3.000000
    endloop
  endfacet
  facet normal -1.000000 0.000000 0.000000
    outer loop
      vertex 101.000000 2.200001 3.000000
      vertex 101.000000 3.799999 2.000000
      vertex 101.000000 2.200001 2.000000
    endloop
  endfacet
  facet normal 1.000000 0.000000 0.000000
    outer loop
      vertex 95.000000 2.500000 5.799999
      vertex 95.000000 2.200001 5.799999
      vertex 95.000000 1.400002 3.000000
    endloop
  endfacet
  facet normal 1.000000 0.000000 0.000000
    outer loop
      vertex 95.000000 2.200001 5.799999
      vertex 95.000000 1.766666 5.799999
      vertex 95.000000 1.400002 3.000000
    endloop
  endfacet
  facet normal 1.000000 0.000000 0.000000
    outer loop
      vertex 95.000000 1.400002 3.000000
      vertex 95.000000 1.766666 5.799999
      vertex 95.000000 1.400002 5.799999
    endloop
  endfacet
  facet normal 0.000000 0.000000 -1.000000
    outer loop
      vertex 95.000000 1.400002 5.799999
      vertex 95.000000 1.766666 5.799999
      vertex 101.000000 1.400002 5.799999
    endloop
  endfacet
  facet normal 1.000000 0.000000 0.000000
    outer loop
      vertex 95.000000 2.500000 5.799999
      vertex 95.000000 2.200001 3.000000
      vertex 95.000000 2.500000 3.000000
    endloop
  endfacet
  facet normal 1.000000 0.000000 0.000000
    outer loop
      vertex 95.000000 2.500000 5.799999
      vertex 95.000000 1.400002 3.000000
      vertex 95.000000 2.200001 3.000000
    endloop
  endfacet
  facet normal 0.000000 1.000000 0.000000
    outer loop
      vertex 95.000000 1.400002 5.799999
      vertex 101.000000 1.400002 3.000000
      vertex 95.000000 1.400002 3.000000
    endloop
  endfacet
  facet normal 0.000000 0.000000 1.000000
    outer loop
      vertex 95.000000 2.200001 3.000000
      vertex 95.000000 1.400002 3.000000
      vertex 101.000000 1.400002 3.000000
    endloop
  endfacet
  facet normal 0.000000 0.000000 -1.000000
    outer loop
      vertex 101.000000 1.400002 5.799999
      vertex 95.000000 1.766666 5.799999
      vertex 101.000000 1.766666 5.799999
    endloop
  endfacet
  facet normal 0.000000 1.000000 0.000000
    outer loop
      vertex 95.000000 1.400002 5.799999
      vertex 101.000000 1.400002 5.799999
      vertex 101.000000 1.400002 3.000000
    endloop
  endfacet
  facet normal -1.000000 0.000000 0.000000
    outer loop
      vertex 101.000000 2.200001 3.000000
      vertex 101.000000 1.766666 5.799999
      vertex 101.000000 2.200001 5.799999
    endloop
  endfacet
  facet normal -1.000000 0.000000 0.000000
    outer loop
      vertex 101.000000 1.766666 5.799999
      vertex 101.000000 2.200001 3.000000
      vertex 101.000000 1.400002 5.799999
    endloop
  endfacet
  facet normal 0.000000 0.000000 1.000000
    outer loop
      vertex 95.000000 2.200001 3.000000
      vertex 101.000000 1.400002 3.000000
      vertex 101.000000 2.200001 3.000000
    endloop
  endfacet
  facet normal -1.000000 0.000000 0.000000
    outer loop
      vertex 101.000000 1.400002 5.799999
      vertex 101.000000 2.200001 3.000000
      vertex 101.000000 1.400002 3.000000
    endloop
  endfacet
  facet normal 0.000000 0.853281 -0.521451
    outer loop
      vertex 101.000000 2.200001 6.509090
      vertex 95.000000 1.766666 5.799999
      vertex 95.000000 2.200001 6.509090
    endloop
  endfacet
  facet normal 1.000000 0.000000 0.000000
    outer loop
      vertex 95.000000 2.200001 5.799999
      vertex 95.000000 2.200001 6.509090
      vertex 95.000000 1.766666 5.799999
    endloop
  endfacet
  facet normal 0.000000 0.853281 -0.521451
    outer loop
      vertex 95.000000 1.766666 5.799999
      vertex 101.000000 2.200001 6.509090
      vertex 101.000000 1.766666 5.799999
    endloop
  endfacet
  facet normal -1.000000 0.000000 0.000000
    outer loop
      vertex 101.000000 2.200001 5.799999
      vertex 101.000000 1.766666 5.799999
      vertex 101.000000 2.200001 6.509090
    endloop
  endfacet
endsolid casemaker
