solid casemaker
  facet normal -1.000000 0.000000 0.000000
    outer loop
      vertex 0.000000 2.000000 0.000000
      vertex 0.000000 7.744744 10.600000
      vertex 0.000000 9.650000 9.500000
    endloop
  endfacet
  facet normal -1.000000 0.000000 0.000000
    outer loop
      vertex 0.000000 2.000000 0.000000
      vertex 0.000000 9.650000 9.500000
      vertex 0.000000 15.450000 9.500000
    endloop
  endfacet
  facet normal -1.000000 0.000000 0.000000
    outer loop
      vertex 0.000000 2.000000 0.000000
      vertex 0.000000 7.744744 12.800000
      vertex 0.000000 7.744744 10.600000
    endloop
  endfacet
  facet normal -1.000000 0.000000 0.000000
    outer loop
      vertex 0.000000 2.000000 0.000000
      vertex 0.000000 15.450000 9.500000
      vertex 0.000000 21.250000 9.500000
    endloop
  endfacet
  facet normal -1.000000 0.000000 0.000000
    outer loop
      vertex 0.000000 2.000000 0.000000
      vertex 0.000000 21.250000 9.500000
      vertex 0.000000 27.049999 9.500000
    endloop
  endfacet
  facet normal -1.000000 0.000000 0.000000
    outer loop
      vertex 0.000000 2.000000 0.000000
      vertex 0.000000 27.049999 9.500000
      vertex 0.000000 32.849998 9.500000
    endloop
  endfacet
  facet normal -1.000000 0.000000 0.000000
    outer loop
      vertex 0.000000 9.650000 9.500000
      vertex 0.000000 11.555256 10.600000
      vertex 0.000000 15.450000 9.500000
    endloop
  endfacet
  facet normal -1.000000 0.000000 0.000000
    outer loop
      vertex 0.000000 11.555256 10.600000
      vertex 0.000000 13.544744 10.600000
      vertex 0.000000 15.450000 9.500000
    endloop
  endfacet
  facet normal -1.000000 0.000000 0.000000
    outer loop
      vertex 0.000000 11.555256 10.600000
      vertex 0.000000 11.555256 12.800000
      vertex 0.000000 13.544744 10.600000
    endloop
  endfacet
  facet normal -1.000000 0.000000 0.000000
    outer loop
      vertex 0.000000 15.450000 9.500000
      vertex 0.000000 17.355255 10.600000
      vertex 0.000000 21.250000 9.500000
    endloop
  endfacet
  facet normal -1.000000 0.000000 0.000000
    outer loop
      vertex 0.000000 17.355255 10.600000
      vertex 0.000000 19.344744 10.600000
      vertex 0.000000 21.250000 9.500000
    endloop
  endfacet
  facet normal -1.000000 0.000000 0.000000
    outer loop
      vertex 0.000000 17.355255 10.600000
      vertex 0.000000 17.355255 12.800000
      vertex 0.000000 19.344744 10.600000
    endloop
  endfacet
  facet normal 0.000000 0.000000 -1.000000
    outer loop
      vertex 0.000000 2.000000 0.000000
      vertex 0.068148 81.055229 0.000000
      vertex 2.000000 2.000000 0.000000
    endloop
  endfacet
  facet normal 0.000000 0.000000 -1.000000
    outer loop
      vertex 2.000000 2.000000 0.000000
      vertex 0.068148 81.055229 0.000000
      vertex 12.430000 16.309999 0.000000
    endloop
  endfacet
  facet normal -1.000000 0.000000 0.000000
    outer loop
      vertex 0.000000 2.000000 0.000000
      vertex 0.000000 32.849998 9.500000
      vertex 0.000000 38.650002 9.500000
    endloop
  endfacet
  facet normal -1.000000 0.000000 0.000000
    outer loop
      vertex 0.000000 2.000000 0.000000
      vertex 0.000000 38.650002 9.500000
      vertex 0.000000 44.450001 9.500000
    endloop
  endfacet
  facet normal -1.000000 0.000000 0.000000
    outer loop
      vertex 0.000000 21.250000 9.500000
      vertex 0.000000 23.155256 10.600000
      vertex 0.000000 27.049999 9.500000
    endloop
  endfacet
  facet normal -1.000000 0.000000 0.000000
    outer loop
      vertex 0.000000 23.155256 10.600000
      vertex 0.000000 25.144745 10.600000
      vertex 0.000000 27.049999 9.500000
    endloop
  endfacet
  facet normal -1.000000 0.000000 0.000000
    outer loop
      vertex 0.000000 23.155256 10.600000
      vertex 0.000000 23.155256 12.800000
      vertex 0.000000 25.144745 10.600000
    endloop
  endfacet
  facet normal -1.000000 0.000000 0.000000
    outer loop
      vertex 0.000000 27.049999 9.500000
      vertex 0.000000 28.955256 10.600000
      vertex 0.000000 32.849998 9.500000
    endloop
  endfacet
  facet normal -1.000000 0.000000 0.000000
    outer loop
      vertex 0.000000 28.955256 10.600000
      vertex 0.000000 30.944744 10.600000
      vertex 0.000000 32.849998 9.500000
    endloop
  endfacet
  facet normal -1.000000 0.000000 0.000000
    outer loop
      vertex 0.000000 28.955256 10.600000
      vertex 0.000000 28.955256 12.800000
      vertex 0.000000 30.944744 10.600000
    endloop
  endfacet
  facet normal -1.000000 0.000000 0.000000
    outer loop
      vertex 0.000000 2.000000 0.000000
      vertex 0.000000 44.450001 9.500000
      vertex 0.000000 50.250000 9.500000
    endloop
  endfacet
  facet normal -1.000000 0.000000 0.000000
    outer loop
      vertex 0.000000 2.000000 0.000000
      vertex 0.000000 50.250000 9.500000
      vertex 0.000000 56.049999 9.500000
    endloop
  endfacet
  facet normal -1.000000 0.000000 0.000000
    outer loop
      vertex 0.000000 38.650002 9.500000
      vertex 0.000000 32.849998 9.500000
      vertex 0.000000 34.755257 10.600000
    endloop
  endfacet
  facet normal -1.000000 0.000000 0.000000
    outer loop
      vertex 0.000000 34.755257 10.600000
      vertex 0.000000 34.755257 12.800000
      vertex 0.000000 36.744743 10.600000
    endloop
  endfacet
  facet normal -1.000000 0.000000 0.000000
    outer loop
      vertex 0.000000 38.650002 9.500000
      vertex 0.000000 34.755257 10.600000
      vertex 0.000000 36.744743 10.600000
    endloop
  endfacet
  facet normal -1.000000 0.000000 0.000000
    outer loop
      vertex 0.000000 38.650002 9.500000
      vertex 0.000000 40.555256 10.600000
      vertex 0.000000 44.450001 9.500000
    endloop
  endfacet
  facet normal -1.000000 0.000000 0.000000
    outer loop
      vertex 0.000000 40.555256 12.800000
      vertex 0.000000 42.544743 10.600000
      vertex 0.000000 40.555256 10.600000
    endloop
  endfacet
  facet normal 0.000000 0.000000 -1.000000
    outer loop
      vertex 2.000000 2.000000 0.000000
      vertex 12.430000 16.309999 0.000000
      vertex 107.970001 16.309999 0.000000
    endloop
  endfacet
  facet normal -1.000000 0.000000 0.000000
    outer loop
      vertex 0.000000 2.000000 0.000000
      vertex 0.000000 2.000000 23.400000
      vertex 0.000000 7.744744 12.800000
    endloop
  endfacet
  facet normal -1.000000 0.000000 0.000000
    outer loop
      vertex 0.000000 2.000000 23.400000
      vertex 0.000000 9.650000 13.900000
      vertex 0.000000 7.744744 12.800000
    endloop
  endfacet
  facet normal -1.000000 0.000000 0.000000
    outer loop
      vertex 0.000000 2.000000 23.400000
      vertex 0.000000 15.450000 13.900000
      vertex 0.000000 9.650000 13.900000
    endloop
  endfacet
  facet normal -1.000000 0.000000 0.000000
    outer loop
      vertex 0.000000 13.544744 10.600000
      vertex 0.000000 11.555256 12.800000
      vertex 0.000000 13.544744 12.800000
    endloop
  endfacet
  facet normal -1.000000 0.000000 0.000000
    outer loop
      vertex 0.000000 9.650000 13.900000
      vertex 0.000000 13.544744 12.800000
      vertex 0.000000 11.555256 12.800000
    endloop
  endfacet
  facet normal -1.000000 0.000000 0.000000
    outer loop
      vertex 0.000000 9.650000 13.900000
      vertex 0.000000 15.450000 13.900000
      vertex 0.000000 13.544744 12.800000
    endloop
  endfacet
  facet normal -1.000000 0.000000 0.000000
    outer loop
      vertex 0.000000 17.355255 12.800000
      vertex 0.000000 19.344744 12.800000
      vertex 0.000000 19.344744 10.600000
    endloop
  endfacet
  facet normal -1.000000 0.000000 0.000000
    outer loop
      vertex 0.000000 17.355255 12.800000
      vertex 0.000000 15.450000 13.900000
      vertex 0.000000 19.344744 12.800000
    endloop
  endfacet
  facet normal -1.000000 0.000000 0.000000
    outer loop
      vertex 0.000000 15.450000 13.900000
      vertex 0.000000 21.250000 13.900000
      vertex 0.000000 19.344744 12.800000
    endloop
  endfacet
  facet normal -1.000000 0.000000 0.000000
    outer loop
      vertex 0.000000 2.000000 23.400000
      vertex 0.000000 21.250000 13.900000
      vertex 0.000000 15.450000 13.900000
    endloop
  endfacet
  facet normal -1.000000 0.000000 0.000000
    outer loop
      vertex 0.000000 2.000000 23.400000
      vertex 0.000000 27.049999 13.900000
      vertex 0.000000 21.250000 13.900000
    endloop
  endfacet
  facet normal -1.000000 0.000000 0.000000
    outer loop
      vertex 0.000000 23.155256 12.800000
      vertex 0.000000 25.144745 12.800000
      vertex 0.000000 25.144745 10.600000
    endloop
  endfacet
  facet normal -1.000000 0.000000 0.000000
    outer loop
      vertex 0.000000 23.155256 12.800000
      vertex 0.000000 21.250000 13.900000
      vertex 0.000000 25.144745 12.800000
    endloop
  endfacet
  facet normal -1.000000 0.000000 0.000000
    outer loop
      vertex 0.000000 21.250000 13.900000
      vertex 0.000000 27.049999 13.900000
      vertex 0.000000 25.144745 12.800000
    endloop
  endfacet
  facet normal -1.000000 0.000000 0.000000
    outer loop
      vertex 0.000000 28.955256 12.800000
      vertex 0.000000 30.944744 12.800000
      vertex 0.000000 30.944744 10.600000
    endloop
  endfacet
  facet normal -1.000000 0.000000 0.000000
    outer loop
      vertex 0.000000 28.955256 12.800000
      vertex 0.000000 27.049999 13.900000
      vertex 0.000000 30.944744 12.800000
    endloop
  endfacet
  facet normal -1.000000 0.000000 0.000000
    outer loop
      vertex 0.000000 27.049999 13.900000
      vertex 0.000000 32.849998 13.900000
      vertex 0.000000 30.944744 12.800000
    endloop
  endfacet
  facet normal -1.000000 0.000000 0.000000
    outer loop
      vertex 0.000000 34.755257 12.800000
      vertex 0.000000 36.744743 12.800000
      vertex 0.000000 36.744743 10.600000
    endloop
  endfacet
  facet normal -1.000000 0.000000 0.000000
    outer loop
      vertex 0.000000 34.755257 12.800000
      vertex 0.000000 32.849998 13.900000
      vertex 0.000000 36.744743 12.800000
    endloop
  endfacet
  facet normal -1.000000 0.000000 0.000000
    outer loop
      vertex 0.000000 32.849998 13.900000
      vertex 0.000000 38.650002 13.900000
      vertex 0.000000 36.744743 12.800000
    endloop
  endfacet
  facet normal -1.000000 0.000000 0.000000
    outer loop
      vertex 0.000000 40.555256 12.800000
      vertex 0.000000 38.650002 13.900000
      vertex 0.000000 42.544743 12.800000
    endloop
  endfacet
  facet normal 0.000000 0.000000 1.000000
    outer loop
      vertex 0.000000 2.000000 23.400000
      vertex 2.000000 2.000000 23.400000
      vertex 2.000000 79.786049 23.400000
    endloop
  endfacet
  facet normal -1.000000 0.000000 0.000000
    outer loop
      vertex 0.000000 2.000000 23.400000
      vertex 0.000000 81.099998 23.400000
      vertex 0.000000 27.049999 13.900000
    endloop
  endfacet
  facet normal -1.000000 0.000000 0.000000
    outer loop
      vertex 0.000000 2.000000 0.000000
      vertex 0.000000 56.049999 9.500000
      vertex 0.000000 81.099998 0.000000
    endloop
  endfacet
  facet normal 0.000000 0.000000 -1.000000
    outer loop
      vertex 0.000000 2.000000 0.000000
      vertex 0.000000 81.099998 0.000000
      vertex 0.068148 81.055229 0.000000
    endloop
  endfacet
  facet normal 0.000000 0.000000 -1.000000
    outer loop
      vertex 0.068148 81.055229 0.000000
      vertex 12.430000 70.669998 0.000000
      vertex 12.430000 16.309999 0.000000
    endloop
  endfacet
  facet normal -1.000000 0.000000 0.000000
    outer loop
      vertex 0.000000 40.555256 10.600000
      vertex 0.000000 42.544743 10.600000
      vertex 0.000000 44.450001 9.500000
    endloop
  endfacet
  facet normal -1.000000 0.000000 0.000000
    outer loop
      vertex 0.000000 44.450001 9.500000
      vertex 0.000000 46.355255 10.600000
      vertex 0.000000 50.250000 9.500000
    endloop
  endfacet
  facet normal -1.000000 0.000000 0.000000
    outer loop
      vertex 0.000000 46.355255 10.600000
      vertex 0.000000 48.344746 10.600000
      vertex 0.000000 50.250000 9.500000
    endloop
  endfacet
  facet normal -1.000000 0.000000 0.000000
    outer loop
      vertex 0.000000 46.355255 10.600000
      vertex 0.000000 46.355255 12.800000
      vertex 0.000000 48.344746 10.600000
    endloop
  endfacet
  facet normal -1.000000 0.000000 0.000000
    outer loop
      vertex 0.000000 50.250000 9.500000
      vertex 0.000000 52.155254 10.600000
      vertex 0.000000 56.049999 9.500000
    endloop
  endfacet
  facet normal -1.000000 0.000000 0.000000
    outer loop
      vertex 0.000000 52.155254 10.600000
      vertex 0.000000 54.144745 10.600000
      vertex 0.000000 56.049999 9.500000
    endloop
  endfacet
  facet normal -1.000000 0.000000 0.000000
    outer loop
      vertex 0.000000 52.155254 10.600000
      vertex 0.000000 52.155254 12.800000
      vertex 0.000000 54.144745 10.600000
    endloop
  endfacet
  facet normal -1.000000 0.000000 0.000000
    outer loop
      vertex 0.000000 56.049999 9.500000
      vertex 0.000000 57.955257 10.600000
      vertex 0.000000 61.849998 9.500000
    endloop
  endfacet
  facet normal -1.000000 0.000000 0.000000
    outer loop
      vertex 0.000000 57.955257 10.600000
      vertex 0.000000 59.944744 10.600000
      vertex 0.000000 61.849998 9.500000
    endloop
  endfacet
  facet normal -1.000000 0.000000 0.000000
    outer loop
      vertex 0.000000 57.955257 10.600000
      vertex 0.000000 57.955257 12.800000
      vertex 0.000000 59.944744 10.600000
    endloop
  endfacet
  facet normal 0.000000 0.000000 -1.000000
    outer loop
      vertex 0.068148 81.055229 0.000000
      vertex 2.000000 81.099998 0.000000
      vertex 12.430000 70.669998 0.000000
    endloop
  endfacet
  facet normal 0.000000 0.000000 -1.000000
    outer loop
      vertex 0.068148 81.055229 0.000000
      vertex 0.068148 81.099998 0.000000
      vertex 2.000000 81.099998 0.000000
    endloop
  endfacet
  facet normal -1.000000 0.000000 0.000000
    outer loop
      vertex 0.000000 81.099998 0.000000
      vertex 0.000000 56.049999 9.500000
      vertex 0.000000 61.849998 9.500000
    endloop
  endfacet
  facet normal -1.000000 0.000000 0.000000
    outer loop
      vertex 0.000000 81.099998 0.000000
      vertex 0.000000 61.849998 9.500000
      vertex 0.000000 67.650002 9.500000
    endloop
  endfacet
  facet normal -1.000000 0.000000 0.000000
    outer loop
      vertex 0.000000 61.849998 9.500000
      vertex 0.000000 63.755257 10.600000
      vertex 0.000000 67.650002 9.500000
    endloop
  endfacet
  facet normal -1.000000 0.000000 0.000000
    outer loop
      vertex 0.000000 63.755257 10.600000
      vertex 0.000000 65.744743 10.600000
      vertex 0.000000 67.650002 9.500000
    endloop
  endfacet
  facet normal -1.000000 0.000000 0.000000
    outer loop
      vertex 0.000000 63.755257 10.600000
      vertex 0.000000 63.755257 12.800000
      vertex 0.000000 65.744743 10.600000
    endloop
  endfacet
  facet normal -1.000000 0.000000 0.000000
    outer loop
      vertex 0.000000 67.650002 9.500000
      vertex 0.000000 69.555252 10.600000
      vertex 0.000000 73.449997 9.500000
    endloop
  endfacet
  facet normal -1.000000 0.000000 0.000000
    outer loop
      vertex 0.000000 69.555252 10.600000
      vertex 0.000000 71.544746 10.600000
      vertex 0.000000 73.449997 9.500000
    endloop
  endfacet
  facet normal -1.000000 0.000000 0.000000
    outer loop
      vertex 0.000000 69.555252 10.600000
      vertex 0.000000 69.555252 12.800000
      vertex 0.000000 71.544746 10.600000
    endloop
  endfacet
  facet normal -1.000000 0.000000 0.000000
    outer loop
      vertex 0.000000 81.099998 0.000000
      vertex 0.000000 67.650002 9.500000
      vertex 0.000000 73.449997 9.500000
    endloop
  endfacet
  facet normal -1.000000 0.000000 0.000000
    outer loop
      vertex 0.000000 81.099998 0.000000
      vertex 0.000000 73.449997 9.500000
      vertex 0.000000 75.355255 10.600000
    endloop
  endfacet
  facet normal -1.000000 0.000000 0.000000
    outer loop
      vertex 0.000000 81.099998 0.000000
      vertex 0.000000 75.355255 10.600000
      vertex 0.000000 75.355255 12.800000
    endloop
  endfacet
  facet normal 0.000000 0.000000 -1.000000
    outer loop
      vertex 2.000000 81.099998 0.000000
      vertex 118.400002 81.099998 0.000000
      vertex 12.430000 70.669998 0.000000
    endloop
  endfacet
  facet normal -1.000000 0.000000 0.000000
    outer loop
      vertex 0.000000 42.544743 10.600000
      vertex 0.000000 40.555256 12.800000
      vertex 0.000000 42.544743 12.800000
    endloop
  endfacet
  facet normal -1.000000 0.000000 0.000000
    outer loop
      vertex 0.000000 38.650002 13.900000
      vertex 0.000000 44.450001 13.900000
      vertex 0.000000 42.544743 12.800000
    endloop
  endfacet
  facet normal -1.000000 0.000000 0.000000
    outer loop
      vertex 0.000000 44.450001 13.900000
      vertex 0.000000 48.344746 12.800000
      vertex 0.000000 46.355255 12.800000
    endloop
  endfacet
  facet normal -1.000000 0.000000 0.000000
    outer loop
      vertex 0.000000 46.355255 12.800000
      vertex 0.000000 48.344746 12.800000
      vertex 0.000000 48.344746 10.600000
    endloop
  endfacet
  facet normal -1.000000 0.000000 0.000000
    outer loop
      vertex 0.000000 44.450001 13.900000
      vertex 0.000000 50.250000 13.900000
      vertex 0.000000 48.344746 12.800000
    endloop
  endfacet
  facet normal -1.000000 0.000000 0.000000
    outer loop
      vertex 0.000000 81.099998 23.400000
      vertex 0.000000 32.849998 13.900000
      vertex 0.000000 27.049999 13.900000
    endloop
  endfacet
  facet normal -1.000000 0.000000 0.000000
    outer loop
      vertex 0.000000 81.099998 23.400000
      vertex 0.000000 38.650002 13.900000
      vertex 0.000000 32.849998 13.900000
    endloop
  endfacet
  facet normal -1.000000 0.000000 0.000000
    outer loop
      vertex 0.000000 52.155254 12.800000
      vertex 0.000000 54.144745 12.800000
      vertex 0.000000 54.144745 10.600000
    endloop
  endfacet
  facet normal -1.000000 0.000000 0.000000
    outer loop
      vertex 0.000000 50.250000 13.900000
      vertex 0.000000 54.144745 12.800000
      vertex 0.000000 52.155254 12.800000
    endloop
  endfacet
  facet normal -1.000000 0.000000 0.000000
    outer loop
      vertex 0.000000 50.250000 13.900000
      vertex 0.000000 56.049999 13.900000
      vertex 0.000000 54.144745 12.800000
    endloop
  endfacet
  facet normal -1.000000 0.000000 0.000000
    outer loop
      vertex 0.000000 57.955257 12.800000
      vertex 0.000000 59.944744 12.800000
      vertex 0.000000 59.944744 10.600000
    endloop
  endfacet
  facet normal -1.000000 0.000000 0.000000
    outer loop
      vertex 0.000000 57.955257 12.800000
      vertex 0.000000 56.049999 13.900000
      vertex 0.000000 59.944744 12.800000
    endloop
  endfacet
  facet normal -1.000000 0.000000 0.000000
    outer loop
      vertex 0.000000 56.049999 13.900000
      vertex 0.000000 61.849998 13.900000
      vertex 0.000000 59.944744 12.800000
    endloop
  endfacet
  facet normal -1.000000 0.000000 0.000000
    outer loop
      vertex 0.000000 81.099998 23.400000
      vertex 0.000000 44.450001 13.900000
      vertex 0.000000 38.650002 13.900000
    endloop
  endfacet
  facet normal -1.000000 0.000000 0.000000
    outer loop
      vertex 0.000000 81.099998 23.400000
      vertex 0.000000 50.250000 13.900000
      vertex 0.000000 44.450001 13.900000
    endloop
  endfacet
  facet normal 0.000000 0.000000 1.000000
    outer loop
      vertex 0.000000 2.000000 23.400000
      vertex 2.000000 79.786049 23.400000
      vertex 0.000000 81.099998 23.400000
    endloop
  endfacet
  facet normal -1.000000 0.000000 0.000000
    outer loop
      vertex 0.000000 63.755257 12.800000
      vertex 0.000000 65.744743 12.800000
      vertex 0.000000 65.744743 10.600000
    endloop
  endfacet
  facet normal -1.000000 0.000000 0.000000
    outer loop
      vertex 0.000000 63.755257 12.800000
      vertex 0.000000 61.849998 13.900000
      vertex 0.000000 65.744743 12.800000
    endloop
  endfacet
  facet normal -1.000000 0.000000 0.000000
    outer loop
      vertex 0.000000 61.849998 13.900000
      vertex 0.000000 67.650002 13.900000
      vertex 0.000000 65.744743 12.800000
    endloop
  endfacet
  facet normal -1.000000 0.000000 0.000000
    outer loop
      vertex 0.000000 71.544746 10.600000
      vertex 0.000000 69.555252 12.800000
      vertex 0.000000 71.544746 12.800000
    endloop
  endfacet
  facet normal -1.000000 0.000000 0.000000
    outer loop
      vertex 0.000000 69.555252 12.800000
      vertex 0.000000 67.650002 13.900000
      vertex 0.000000 71.544746 12.800000
    endloop
  endfacet
  facet normal -1.000000 0.000000 0.000000
    outer loop
      vertex 0.000000 67.650002 13.900000
      vertex 0.000000 73.449997 13.900000
      vertex 0.000000 71.544746 12.800000
    endloop
  endfacet
  facet normal -1.000000 0.000000 0.000000
    outer loop
      vertex 0.000000 81.099998 23.400000
      vertex 0.000000 56.049999 13.900000
      vertex 0.000000 50.250000 13.900000
    endloop
  endfacet
  facet normal -1.000000 0.000000 0.000000
    outer loop
      vertex 0.000000 81.099998 23.400000
      vertex 0.000000 61.849998 13.900000
      vertex 0.000000 56.049999 13.900000
    endloop
  endfacet
  facet normal -1.000000 0.000000 0.000000
    outer loop
      vertex 0.000000 81.099998 23.400000
      vertex 0.000000 67.650002 13.900000
      vertex 0.000000 61.849998 13.900000
    endloop
  endfacet
  facet normal -1.000000 0.000000 0.000000
    outer loop
      vertex 0.000000 81.099998 0.000000
      vertex 0.000000 75.355255 12.800000
      vertex 0.000000 81.099998 23.400000
    endloop
  endfacet
  facet normal -1.000000 0.000000 0.000000
    outer loop
      vertex 0.000000 81.099998 23.400000
      vertex 0.000000 73.449997 13.900000
      vertex 0.000000 67.650002 13.900000
    endloop
  endfacet
  facet normal -1.000000 0.000000 0.000000
    outer loop
      vertex 0.000000 81.099998 23.400000
      vertex 0.000000 75.355255 12.800000
      vertex 0.000000 73.449997 13.900000
    endloop
  endfacet
  facet normal 0.000000 0.000000 -1.000000
    outer loop
      vertex 2.000000 2.000000 0.000000
      vertex 107.970001 16.309999 0.000000
      vertex 118.400002 2.000000 0.000000
    endloop
  endfacet
  facet normal 0.000000 0.000000 -1.000000
    outer loop
      vertex 118.400002 2.000000 0.000000
      vertex 120.331848 2.044772 0.000000
      vertex 120.331848 2.000000 0.000000
    endloop
  endfacet
  facet normal 0.000000 0.000000 -1.000000
    outer loop
      vertex 118.400002 2.000000 0.000000
      vertex 107.970001 16.309999 0.000000
      vertex 120.331848 2.044772 0.000000
    endloop
  endfacet
  facet normal 1.000000 0.000000 0.000000
    outer loop
      vertex 120.400002 2.000000 0.000000
      vertex 120.400002 9.650000 9.500000
      vertex 120.400002 7.744744 10.600000
    endloop
  endfacet
  facet normal 1.000000 0.000000 0.000000
    outer loop
      vertex 120.400002 2.000000 0.000000
      vertex 120.400002 15.450000 9.500000
      vertex 120.400002 9.650000 9.500000
    endloop
  endfacet
  facet normal 1.000000 0.000000 0.000000
    outer loop
      vertex 120.400002 2.000000 0.000000
      vertex 120.400002 7.744744 10.600000
      vertex 120.400002 7.744744 12.800000
    endloop
  endfacet
  facet normal 1.000000 0.000000 0.000000
    outer loop
      vertex 120.400002 2.000000 0.000000
      vertex 120.400002 21.250000 9.500000
      vertex 120.400002 15.450000 9.500000
    endloop
  endfacet
  facet normal 1.000000 0.000000 0.000000
    outer loop
      vertex 120.400002 2.000000 0.000000
      vertex 120.400002 27.049999 9.500000
      vertex 120.400002 21.250000 9.500000
    endloop
  endfacet
  facet normal 1.000000 0.000000 0.000000
    outer loop
      vertex 120.400002 9.650000 9.500000
      vertex 120.400002 13.544744 10.600000
      vertex 120.400002 11.555256 10.600000
    endloop
  endfacet
  facet normal 1.000000 0.000000 0.000000
    outer loop
      vertex 120.400002 9.650000 9.500000
      vertex 120.400002 15.450000 9.500000
      vertex 120.400002 13.544744 10.600000
    endloop
  endfacet
  facet normal 1.000000 0.000000 0.000000
    outer loop
      vertex 120.400002 13.544744 10.600000
      vertex 120.400002 13.544744 12.800000
      vertex 120.400002 11.555256 10.600000
    endloop
  endfacet
  facet normal 1.000000 0.000000 0.000000
    outer loop
      vertex 120.400002 15.450000 9.500000
      vertex 120.400002 19.344744 10.600000
      vertex 120.400002 17.355255 10.600000
    endloop
  endfacet
  facet normal 1.000000 0.000000 0.000000
    outer loop
      vertex 120.400002 15.450000 9.500000
      vertex 120.400002 21.250000 9.500000
      vertex 120.400002 19.344744 10.600000
    endloop
  endfacet
  facet normal 1.000000 0.000000 0.000000
    outer loop
      vertex 120.400002 19.344744 10.600000
      vertex 120.400002 19.344744 12.800000
      vertex 120.400002 17.355255 10.600000
    endloop
  endfacet
  facet normal 0.000000 0.000000 -1.000000
    outer loop
      vertex 120.331848 2.044772 0.000000
      vertex 107.970001 16.309999 0.000000
      vertex 107.970001 70.669998 0.000000
    endloop
  endfacet
  facet normal 0.000000 0.000000 -1.000000
    outer loop
      vertex 120.400002 2.000000 0.000000
      vertex 120.331848 2.044772 0.000000
      vertex 120.400002 81.099998 0.000000
    endloop
  endfacet
  facet normal 1.000000 0.000000 0.000000
    outer loop
      vertex 120.400002 2.000000 0.000000
      vertex 120.400002 81.099998 0.000000
      vertex 120.400002 27.049999 9.500000
    endloop
  endfacet
  facet normal 1.000000 0.000000 0.000000
    outer loop
      vertex 120.400002 21.250000 9.500000
      vertex 120.400002 25.144745 10.600000
      vertex 120.400002 23.155256 10.600000
    endloop
  endfacet
  facet normal 1.000000 0.000000 0.000000
    outer loop
      vertex 120.400002 21.250000 9.500000
      vertex 120.400002 27.049999 9.500000
      vertex 120.400002 25.144745 10.600000
    endloop
  endfacet
  facet normal 1.000000 0.000000 0.000000
    outer loop
      vertex 120.400002 25.144745 10.600000
      vertex 120.400002 25.144745 12.800000
      vertex 120.400002 23.155256 10.600000
    endloop
  endfacet
  facet normal 1.000000 0.000000 0.000000
    outer loop
      vertex 120.400002 27.049999 9.500000
      vertex 120.400002 30.944744 10.600000
      vertex 120.400002 28.955256 10.600000
    endloop
  endfacet
  facet normal 1.000000 0.000000 0.000000
    outer loop
      vertex 120.400002 27.049999 9.500000
      vertex 120.400002 32.849998 9.500000
      vertex 120.400002 30.944744 10.600000
    endloop
  endfacet
  facet normal 1.000000 0.000000 0.000000
    outer loop
      vertex 120.400002 30.944744 10.600000
      vertex 120.400002 30.944744 12.800000
      vertex 120.400002 28.955256 10.600000
    endloop
  endfacet
  facet normal 1.000000 0.000000 0.000000
    outer loop
      vertex 120.400002 32.849998 9.500000
      vertex 120.400002 36.744743 10.600000
      vertex 120.400002 34.755257 10.600000
    endloop
  endfacet
  facet normal 1.000000 0.000000 0.000000
    outer loop
      vertex 120.400002 32.849998 9.500000
      vertex 120.400002 38.650002 9.500000
      vertex 120.400002 36.744743 10.600000
    endloop
  endfacet
  facet normal 1.000000 0.000000 0.000000
    outer loop
      vertex 120.400002 36.744743 10.600000
      vertex 120.400002 36.744743 12.800000
      vertex 120.400002 34.755257 10.600000
    endloop
  endfacet
  facet normal 1.000000 0.000000 0.000000
    outer loop
      vertex 120.400002 38.650002 9.500000
      vertex 120.400002 42.544743 10.600000
      vertex 120.400002 40.555256 10.600000
    endloop
  endfacet
  facet normal 1.000000 0.000000 0.000000
    outer loop
      vertex 120.400002 2.000000 0.000000
      vertex 120.400002 7.744744 12.800000
      vertex 120.400002 2.000000 23.400000
    endloop
  endfacet
  facet normal 1.000000 0.000000 0.000000
    outer loop
      vertex 120.400002 2.000000 23.400000
      vertex 120.400002 7.744744 12.800000
      vertex 120.400002 9.650000 13.900000
    endloop
  endfacet
  facet normal 1.000000 0.000000 0.000000
    outer loop
      vertex 120.400002 2.000000 23.400000
      vertex 120.400002 9.650000 13.900000
      vertex 120.400002 15.450000 13.900000
    endloop
  endfacet
  facet normal 1.000000 0.000000 0.000000
    outer loop
      vertex 120.400002 13.544744 12.800000
      vertex 120.400002 11.555256 12.800000
      vertex 120.400002 11.555256 10.600000
    endloop
  endfacet
  facet normal 1.000000 0.000000 0.000000
    outer loop
      vertex 120.400002 11.555256 12.800000
      vertex 120.400002 15.450000 13.900000
      vertex 120.400002 9.650000 13.900000
    endloop
  endfacet
  facet normal 1.000000 0.000000 0.000000
    outer loop
      vertex 120.400002 11.555256 12.800000
      vertex 120.400002 13.544744 12.800000
      vertex 120.400002 15.450000 13.900000
    endloop
  endfacet
  facet normal 1.000000 0.000000 0.000000
    outer loop
      vertex 120.400002 17.355255 10.600000
      vertex 120.400002 19.344744 12.800000
      vertex 120.400002 17.355255 12.800000
    endloop
  endfacet
  facet normal 1.000000 0.000000 0.000000
    outer loop
      vertex 120.400002 15.450000 13.900000
      vertex 120.400002 17.355255 12.800000
      vertex 120.400002 21.250000 13.900000
    endloop
  endfacet
  facet normal 1.000000 0.000000 0.000000
    outer loop
      vertex 120.400002 17.355255 12.800000
      vertex 120.400002 19.344744 12.800000
      vertex 120.400002 21.250000 13.900000
    endloop
  endfacet
  facet normal 1.000000 0.000000 0.000000
    outer loop
      vertex 120.400002 2.000000 23.400000
      vertex 120.400002 15.450000 13.900000
      vertex 120.400002 21.250000 13.900000
    endloop
  endfacet
  facet normal 1.000000 0.000000 0.000000
    outer loop
      vertex 120.400002 2.000000 23.400000
      vertex 120.400002 21.250000 13.900000
      vertex 120.400002 27.049999 13.900000
    endloop
  endfacet
  facet normal 1.000000 0.000000 0.000000
    outer loop
      vertex 120.400002 2.000000 23.400000
      vertex 120.400002 27.049999 13.900000
      vertex 120.400002 32.849998 13.900000
    endloop
  endfacet
  facet normal 1.000000 0.000000 0.000000
    outer loop
      vertex 120.400002 23.155256 10.600000
      vertex 120.400002 25.144745 12.800000
      vertex 120.400002 23.155256 12.800000
    endloop
  endfacet
  facet normal 1.000000 0.000000 0.000000
    outer loop
      vertex 120.400002 23.155256 12.800000
      vertex 120.400002 27.049999 13.900000
      vertex 120.400002 21.250000 13.900000
    endloop
  endfacet
  facet normal 1.000000 0.000000 0.000000
    outer loop
      vertex 120.400002 23.155256 12.800000
      vertex 120.400002 25.144745 12.800000
      vertex 120.400002 27.049999 13.900000
    endloop
  endfacet
  facet normal 1.000000 0.000000 0.000000
    outer loop
      vertex 120.400002 28.955256 10.600000
      vertex 120.400002 30.944744 12.800000
      vertex 120.400002 28.955256 12.800000
    endloop
  endfacet
  facet normal 1.000000 0.000000 0.000000
    outer loop
      vertex 120.400002 28.955256 12.800000
      vertex 120.400002 32.849998 13.900000
      vertex 120.400002 27.049999 13.900000
    endloop
  endfacet
  facet normal 1.000000 0.000000 0.000000
    outer loop
      vertex 120.400002 28.955256 12.800000
      vertex 120.400002 30.944744 12.800000
      vertex 120.400002 32.849998 13.900000
    endloop
  endfacet
  facet normal 1.000000 0.000000 0.000000
    outer loop
      vertex 120.400002 2.000000 23.400000
      vertex 120.400002 32.849998 13.900000
      vertex 120.400002 38.650002 13.900000
    endloop
  endfacet
  facet normal 1.000000 0.000000 0.000000
    outer loop
      vertex 120.400002 2.000000 23.400000
      vertex 120.400002 38.650002 13.900000
      vertex 120.400002 44.450001 13.900000
    endloop
  endfacet
  facet normal 1.000000 0.000000 0.000000
    outer loop
      vertex 120.400002 34.755257 10.600000
      vertex 120.400002 36.744743 12.800000
      vertex 120.400002 34.755257 12.800000
    endloop
  endfacet
  facet normal 1.000000 0.000000 0.000000
    outer loop
      vertex 120.400002 38.650002 13.900000
      vertex 120.400002 32.849998 13.900000
      vertex 120.400002 34.755257 12.800000
    endloop
  endfacet
  facet normal 1.000000 0.000000 0.000000
    outer loop
      vertex 120.400002 40.555256 10.600000
      vertex 120.400002 42.544743 12.800000
      vertex 120.400002 40.555256 12.800000
    endloop
  endfacet
  facet normal 1.000000 0.000000 0.000000
    outer loop
      vertex 120.400002 38.650002 13.900000
      vertex 120.400002 34.755257 12.800000
      vertex 120.400002 36.744743 12.800000
    endloop
  endfacet
  facet normal 1.000000 0.000000 0.000000
    outer loop
      vertex 120.400002 40.555256 12.800000
      vertex 120.400002 44.450001 13.900000
      vertex 120.400002 38.650002 13.900000
    endloop
  endfacet
  facet normal 1.000000 0.000000 0.000000
    outer loop
      vertex 120.400002 2.000000 23.400000
      vertex 120.400002 44.450001 13.900000
      vertex 120.400002 50.250000 13.900000
    endloop
  endfacet
  facet normal 1.000000 0.000000 0.000000
    outer loop
      vertex 120.400002 2.000000 23.400000
      vertex 120.400002 50.250000 13.900000
      vertex 120.400002 56.049999 13.900000
    endloop
  endfacet
  facet normal 0.000000 0.000000 1.000000
    outer loop
      vertex 120.400002 2.000000 23.400000
      vertex 120.400002 81.099998 23.400000
      vertex 118.400002 3.313953 23.400000
    endloop
  endfacet
  facet normal 0.000000 0.000000 -1.000000
    outer loop
      vertex 118.400002 81.099998 0.000000
      vertex 107.970001 70.669998 0.000000
      vertex 12.430000 70.669998 0.000000
    endloop
  endfacet
  facet normal 0.000000 0.000000 -1.000000
    outer loop
      vertex 120.331848 2.044772 0.000000
      vertex 107.970001 70.669998 0.000000
      vertex 118.400002 81.099998 0.000000
    endloop
  endfacet
  facet normal 0.000000 0.000000 -1.000000
    outer loop
      vertex 120.331848 2.044772 0.000000
      vertex 118.400002 81.099998 0.000000
      vertex 120.400002 81.099998 0.000000
    endloop
  endfacet
  facet normal 1.000000 0.000000 0.000000
    outer loop
      vertex 120.400002 81.099998 0.000000
      vertex 120.400002 32.849998 9.500000
      vertex 120.400002 27.049999 9.500000
    endloop
  endfacet
  facet normal 1.000000 0.000000 0.000000
    outer loop
      vertex 120.400002 81.099998 0.000000
      vertex 120.400002 38.650002 9.500000
      vertex 120.400002 32.849998 9.500000
    endloop
  endfacet
  facet normal 1.000000 0.000000 0.000000
    outer loop
      vertex 120.400002 38.650002 9.500000
      vertex 120.400002 44.450001 9.500000
      vertex 120.400002 42.544743 10.600000
    endloop
  endfacet
  facet normal 1.000000 0.000000 0.000000
    outer loop
      vertex 120.400002 44.450001 9.500000
      vertex 120.400002 48.344746 10.600000
      vertex 120.400002 46.355255 10.600000
    endloop
  endfacet
  facet normal 1.000000 0.000000 0.000000
    outer loop
      vertex 120.400002 42.544743 12.800000
      vertex 120.400002 40.555256 10.600000
      vertex 120.400002 42.544743 10.600000
    endloop
  endfacet
  facet normal 1.000000 0.000000 0.000000
    outer loop
      vertex 120.400002 44.450001 9.500000
      vertex 120.400002 50.250000 9.500000
      vertex 120.400002 48.344746 10.600000
    endloop
  endfacet
  facet normal 1.000000 0.000000 0.000000
    outer loop
      vertex 120.400002 48.344746 10.600000
      vertex 120.400002 48.344746 12.800000
      vertex 120.400002 46.355255 10.600000
    endloop
  endfacet
  facet normal 1.000000 0.000000 0.000000
    outer loop
      vertex 120.400002 81.099998 0.000000
      vertex 120.400002 44.450001 9.500000
      vertex 120.400002 38.650002 9.500000
    endloop
  endfacet
  facet normal 1.000000 0.000000 0.000000
    outer loop
      vertex 120.400002 81.099998 0.000000
      vertex 120.400002 50.250000 9.500000
      vertex 120.400002 44.450001 9.500000
    endloop
  endfacet
  facet normal 1.000000 0.000000 0.000000
    outer loop
      vertex 120.400002 50.250000 9.500000
      vertex 120.400002 54.144745 10.600000
      vertex 120.400002 52.155254 10.600000
    endloop
  endfacet
  facet normal 1.000000 0.000000 0.000000
    outer loop
      vertex 120.400002 50.250000 9.500000
      vertex 120.400002 56.049999 9.500000
      vertex 120.400002 54.144745 10.600000
    endloop
  endfacet
  facet normal 1.000000 0.000000 0.000000
    outer loop
      vertex 120.400002 54.144745 10.600000
      vertex 120.400002 54.144745 12.800000
      vertex 120.400002 52.155254 10.600000
    endloop
  endfacet
  facet normal 1.000000 0.000000 0.000000
    outer loop
      vertex 120.400002 56.049999 9.500000
      vertex 120.400002 59.944744 10.600000
      vertex 120.400002 57.955257 10.600000
    endloop
  endfacet
  facet normal 1.000000 0.000000 0.000000
    outer loop
      vertex 120.400002 56.049999 9.500000
      vertex 120.400002 61.849998 9.500000
      vertex 120.400002 59.944744 10.600000
    endloop
  endfacet
  facet normal 1.000000 0.000000 0.000000
    outer loop
      vertex 120.400002 59.944744 10.600000
      vertex 120.400002 59.944744 12.800000
      vertex 120.400002 57.955257 10.600000
    endloop
  endfacet
  facet normal 1.000000 0.000000 0.000000
    outer loop
      vertex 120.400002 81.099998 0.000000
      vertex 120.400002 56.049999 9.500000
      vertex 120.400002 50.250000 9.500000
    endloop
  endfacet
  facet normal 1.000000 0.000000 0.000000
    outer loop
      vertex 120.400002 81.099998 0.000000
      vertex 120.400002 61.849998 9.500000
      vertex 120.400002 56.049999 9.500000
    endloop
  endfacet
  facet normal 1.000000 0.000000 0.000000
    outer loop
      vertex 120.400002 81.099998 0.000000
      vertex 120.400002 67.650002 9.500000
      vertex 120.400002 61.849998 9.500000
    endloop
  endfacet
  facet normal 1.000000 0.000000 0.000000
    outer loop
      vertex 120.400002 61.849998 9.500000
      vertex 120.400002 65.744743 10.600000
      vertex 120.400002 63.755257 10.600000
    endloop
  endfacet
  facet normal 1.000000 0.000000 0.000000
    outer loop
      vertex 120.400002 61.849998 9.500000
      vertex 120.400002 67.650002 9.500000
      vertex 120.400002 65.744743 10.600000
    endloop
  endfacet
  facet normal 1.000000 0.000000 0.000000
    outer loop
      vertex 120.400002 65.744743 10.600000
      vertex 120.400002 65.744743 12.800000
      vertex 120.400002 63.755257 10.600000
    endloop
  endfacet
  facet normal 1.000000 0.000000 0.000000
    outer loop
      vertex 120.400002 67.650002 9.500000
      vertex 120.400002 71.544746 10.600000
      vertex 120.400002 69.555252 10.600000
    endloop
  endfacet
  facet normal 1.000000 0.000000 0.000000
    outer loop
      vertex 120.400002 67.650002 9.500000
      vertex 120.400002 73.449997 9.500000
      vertex 120.400002 71.544746 10.600000
    endloop
  endfacet
  facet normal 1.000000 0.000000 0.000000
    outer loop
      vertex 120.400002 71.544746 10.600000
      vertex 120.400002 71.544746 12.800000
      vertex 120.400002 69.555252 10.600000
    endloop
  endfacet
  facet normal 1.000000 0.000000 0.000000
    outer loop
      vertex 120.400002 81.099998 0.000000
      vertex 120.400002 73.449997 9.500000
      vertex 120.400002 67.650002 9.500000
    endloop
  endfacet
  facet normal 1.000000 0.000000 0.000000
    outer loop
      vertex 120.400002 81.099998 0.000000
      vertex 120.400002 75.355255 10.600000
      vertex 120.400002 73.449997 9.500000
    endloop
  endfacet
  facet normal 1.000000 0.000000 0.000000
    outer loop
      vertex 120.400002 81.099998 0.000000
      vertex 120.400002 75.355255 12.800000
      vertex 120.400002 75.355255 10.600000
    endloop
  endfacet
  facet normal 1.000000 0.000000 0.000000
    outer loop
      vertex 120.400002 40.555256 12.800000
      vertex 120.400002 42.544743 12.800000
      vertex 120.400002 44.450001 13.900000
    endloop
  endfacet
  facet normal 1.000000 0.000000 0.000000
    outer loop
      vertex 120.400002 46.355255 10.600000
      vertex 120.400002 48.344746 12.800000
      vertex 120.400002 46.355255 12.800000
    endloop
  endfacet
  facet normal 1.000000 0.000000 0.000000
    outer loop
      vertex 120.400002 46.355255 12.800000
      vertex 120.400002 50.250000 13.900000
      vertex 120.400002 44.450001 13.900000
    endloop
  endfacet
  facet normal 1.000000 0.000000 0.000000
    outer loop
      vertex 120.400002 46.355255 12.800000
      vertex 120.400002 48.344746 12.800000
      vertex 120.400002 50.250000 13.900000
    endloop
  endfacet
  facet normal 1.000000 0.000000 0.000000
    outer loop
      vertex 120.400002 52.155254 10.600000
      vertex 120.400002 54.144745 12.800000
      vertex 120.400002 52.155254 12.800000
    endloop
  endfacet
  facet normal 1.000000 0.000000 0.000000
    outer loop
      vertex 120.400002 52.155254 12.800000
      vertex 120.400002 56.049999 13.900000
      vertex 120.400002 50.250000 13.900000
    endloop
  endfacet
  facet normal 1.000000 0.000000 0.000000
    outer loop
      vertex 120.400002 52.155254 12.800000
      vertex 120.400002 54.144745 12.800000
      vertex 120.400002 56.049999 13.900000
    endloop
  endfacet
  facet normal 1.000000 0.000000 0.000000
    outer loop
      vertex 120.400002 57.955257 10.600000
      vertex 120.400002 59.944744 12.800000
      vertex 120.400002 57.955257 12.800000
    endloop
  endfacet
  facet normal 1.000000 0.000000 0.000000
    outer loop
      vertex 120.400002 57.955257 12.800000
      vertex 120.400002 61.849998 13.900000
      vertex 120.400002 56.049999 13.900000
    endloop
  endfacet
  facet normal 1.000000 0.000000 0.000000
    outer loop
      vertex 120.400002 57.955257 12.800000
      vertex 120.400002 59.944744 12.800000
      vertex 120.400002 61.849998 13.900000
    endloop
  endfacet
  facet normal 1.000000 0.000000 0.000000
    outer loop
      vertex 120.400002 2.000000 23.400000
      vertex 120.400002 56.049999 13.900000
      vertex 120.400002 81.099998 23.400000
    endloop
  endfacet
  facet normal 0.000000 0.000000 1.000000
    outer loop
      vertex 118.400002 3.313953 23.400000
      vertex 120.400002 81.099998 23.400000
      vertex 118.400002 81.099998 23.400000
    endloop
  endfacet
  facet normal 1.000000 0.000000 0.000000
    outer loop
      vertex 120.400002 63.755257 10.600000
      vertex 120.400002 65.744743 12.800000
      vertex 120.400002 63.755257 12.800000
    endloop
  endfacet
  facet normal 1.000000 0.000000 0.000000
    outer loop
      vertex 120.400002 63.755257 12.800000
      vertex 120.400002 67.650002 13.900000
      vertex 120.400002 61.849998 13.900000
    endloop
  endfacet
  facet normal 1.000000 0.000000 0.000000
    outer loop
      vertex 120.400002 63.755257 12.800000
      vertex 120.400002 65.744743 12.800000
      vertex 120.400002 67.650002 13.900000
    endloop
  endfacet
  facet normal 1.000000 0.000000 0.000000
    outer loop
      vertex 120.400002 71.544746 12.800000
      vertex 120.400002 69.555252 12.800000
      vertex 120.400002 69.555252 10.600000
    endloop
  endfacet
  facet normal 1.000000 0.000000 0.000000
    outer loop
      vertex 120.400002 69.555252 12.800000
      vertex 120.400002 73.449997 13.900000
      vertex 120.400002 67.650002 13.900000
    endloop
  endfacet
  facet normal 1.000000 0.000000 0.000000
    outer loop
      vertex 120.400002 69.555252 12.800000
      vertex 120.400002 71.544746 12.800000
      vertex 120.400002 73.449997 13.900000
    endloop
  endfacet
  facet normal 1.000000 0.000000 0.000000
    outer loop
      vertex 120.400002 81.099998 23.400000
      vertex 120.400002 56.049999 13.900000
      vertex 120.400002 61.849998 13.900000
    endloop
  endfacet
  facet normal 1.000000 0.000000 0.000000
    outer loop
      vertex 120.400002 81.099998 23.400000
      vertex 120.400002 61.849998 13.900000
      vertex 120.400002 67.650002 13.900000
    endloop
  endfacet
  facet normal 1.000000 0.000000 0.000000
    outer loop
      vertex 120.400002 81.099998 0.000000
      vertex 120.400002 81.099998 23.400000
      vertex 120.400002 75.355255 12.800000
    endloop
  endfacet
  facet normal 1.000000 0.000000 0.000000
    outer loop
      vertex 120.400002 81.099998 23.400000
      vertex 120.400002 67.650002 13.900000
      vertex 120.400002 73.449997 13.900000
    endloop
  endfacet
  facet normal 1.000000 0.000000 0.000000
    outer loop
      vertex 120.400002 81.099998 23.400000
      vertex 120.400002 73.449997 13.900000
      vertex 120.400002 75.355255 12.800000
    endloop
  endfacet
  facet normal 0.000000 0.000000 -1.000000
    outer loop
      vertex 2.000000 0.000000 0.000000
      vertex 2.000000 2.000000 0.000000
      vertex 118.400002 2.000000 0.000000
    endloop
  endfacet
  facet normal 0.000000 -1.000000 0.000000
    outer loop
      vertex 2.000000 0.000000 0.000000
      vertex 118.400002 0.000000 0.000000
      vertex 2.000000 0.000000 23.400000
    endloop
  endfacet
  facet normal 0.000000 0.000000 1.000000
    outer loop
      vertex 2.000000 0.000000 23.400000
      vertex 118.400002 0.000000 23.400000
      vertex 2.000000 2.000000 23.400000
    endloop
  endfacet
  facet normal 0.000000 0.000000 -1.000000
    outer loop
      vertex 2.000000 81.099998 0.000000
      vertex 2.000000 83.099998 0.000000
      vertex 118.400002 83.099998 0.000000
    endloop
  endfacet
  facet normal 0.000000 1.000000 0.000000
    outer loop
      vertex 2.000000 83.099998 0.000000
      vertex 2.000000 83.099998 23.400000
      vertex 118.400002 83.099998 23.400000
    endloop
  endfacet
  facet normal 0.000000 0.000000 1.000000
    outer loop
      vertex 2.000000 81.099998 23.400000
      vertex 118.400002 81.099998 23.400000
      vertex 2.000000 83.099998 23.400000
    endloop
  endfacet
  facet normal 0.000000 0.000000 -1.000000
    outer loop
      vertex 2.000000 0.000000 0.000000
      vertex 118.400002 2.000000 0.000000
      vertex 118.400002 0.000000 0.000000
    endloop
  endfacet
  facet normal 0.000000 -1.000000 0.000000
    outer loop
      vertex 2.000000 0.000000 23.400000
      vertex 118.400002 0.000000 0.000000
      vertex 118.400002 0.000000 23.400000
    endloop
  endfacet
  facet normal 0.000000 0.000000 1.000000
    outer loop
      vertex 2.000000 2.000000 23.400000
      vertex 118.400002 0.000000 23.400000
      vertex 118.400002 2.000000 23.400000
    endloop
  endfacet
  facet normal 0.000000 0.000000 -1.000000
    outer loop
      vertex 2.000000 81.099998 0.000000
      vertex 118.400002 83.099998 0.000000
      vertex 118.400002 81.099998 0.000000
    endloop
  endfacet
  facet normal 0.000000 1.000000 0.000000
    outer loop
      vertex 2.000000 83.099998 0.000000
      vertex 118.400002 83.099998 23.400000
      vertex 118.400002 83.099998 0.000000
    endloop
  endfacet
  facet normal 0.000000 0.000000 1.000000
    outer loop
      vertex 2.000000 83.099998 23.400000
      vertex 118.400002 81.099998 23.400000
      vertex 118.400002 83.099998 23.400000
    endloop
  endfacet
  facet normal 0.000000 0.000000 -1.000000
    outer loop
      vertex 0.585786 0.585786 0.000000
      vertex 2.000000 2.000000 0.000000
      vertex 1.000000 0.267949 0.000000
    endloop
  endfacet
  facet normal 0.000000 0.000000 -1.000000
    outer loop
      vertex 0.585786 0.585786 0.000000
      vertex 0.267949 1.000000 0.000000
      vertex 2.000000 2.000000 0.000000
    endloop
  endfacet
  facet normal 0.000000 0.000000 -1.000000
    outer loop
      vertex 1.000000 0.267949 0.000000
      vertex 2.000000 2.000000 0.000000
      vertex 1.482362 0.068148 0.000000
    endloop
  endfacet
  facet normal 0.000000 0.000000 -1.000000
    outer loop
      vertex 1.482362 0.068148 0.000000
      vertex 2.000000 2.000000 0.000000
      vertex 2.000000 0.000000 0.000000
    endloop
  endfacet
  facet normal 0.000000 0.000000 -1.000000
    outer loop
      vertex 0.267949 1.000000 0.000000
      vertex 0.068148 1.482362 0.000000
      vertex 2.000000 2.000000 0.000000
    endloop
  endfacet
  facet normal 0.000000 0.000000 -1.000000
    outer loop
      vertex 0.068148 1.482362 0.000000
      vertex 0.000000 2.000000 0.000000
      vertex 2.000000 2.000000 0.000000
    endloop
  endfacet
  facet normal -0.608761 -0.793353 0.000000
    outer loop
      vertex 0.585786 0.585786 0.000000
      vertex 1.000000 0.267949 0.000000
      vertex 0.585786 0.585786 23.400000
    endloop
  endfacet
  facet normal -0.793353 -0.608761 0.000000
    outer loop
      vertex 0.585786 0.585786 0.000000
      vertex 0.267949 1.000000 23.400000
      vertex 0.267949 1.000000 0.000000
    endloop
  endfacet
  facet normal -0.382683 -0.923880 0.000000
    outer loop
      vertex 1.000000 0.267949 0.000000
      vertex 1.482362 0.068148 0.000000
      vertex 1.000000 0.267949 23.400000
    endloop
  endfacet
  facet normal -0.130526 -0.991445 0.000000
    outer loop
      vertex 1.482362 0.068148 0.000000
      vertex 2.000000 0.000000 0.000000
      vertex 1.482362 0.068148 23.400000
    endloop
  endfacet
  facet normal -0.923880 -0.382683 0.000000
    outer loop
      vertex 0.267949 1.000000 0.000000
      vertex 0.068148 1.482362 23.400000
      vertex 0.068148 1.482362 0.000000
    endloop
  endfacet
  facet normal -0.991445 -0.130526 0.000000
    outer loop
      vertex 0.068148 1.482362 0.000000
      vertex 0.000000 2.000000 23.400000
      vertex 0.000000 2.000000 0.000000
    endloop
  endfacet
  facet normal -0.608761 -0.793353 0.000000
    outer loop
      vertex 1.000000 0.267949 0.000000
      vertex 1.000000 0.267949 23.400000
      vertex 0.585786 0.585786 23.400000
    endloop
  endfacet
  facet normal -0.923880 -0.382683 0.000000
    outer loop
      vertex 0.267949 1.000000 0.000000
      vertex 0.267949 1.000000 23.400000
      vertex 0.068148 1.482362 23.400000
    endloop
  endfacet
  facet normal -0.793353 -0.608761 0.000000
    outer loop
      vertex 0.585786 0.585786 0.000000
      vertex 0.585786 0.585786 23.400000
      vertex 0.267949 1.000000 23.400000
    endloop
  endfacet
  facet normal -0.382683 -0.923880 0.000000
    outer loop
      vertex 1.482362 0.068148 0.000000
      vertex 1.482362 0.068148 23.400000
      vertex 1.000000 0.267949 23.400000
    endloop
  endfacet
  facet normal -0.130526 -0.991445 0.000000
    outer loop
      vertex 2.000000 0.000000 0.000000
      vertex 2.000000 0.000000 23.400000
      vertex 1.482362 0.068148 23.400000
    endloop
  endfacet
  facet normal -0.991445 -0.130526 0.000000
    outer loop
      vertex 0.068148 1.482362 0.000000
      vertex 0.068148 1.482362 23.400000
      vertex 0.000000 2.000000 23.400000
    endloop
  endfacet
  facet normal 0.000000 0.000000 1.000000
    outer loop
      vertex 0.585786 0.585786 23.400000
      vertex 0.000000 2.000000 23.400000
      vertex 0.267949 1.000000 23.400000
    endloop
  endfacet
  facet normal 0.000000 0.000000 1.000000
    outer loop
      vertex 0.585786 0.585786 23.400000
      vertex 1.000000 0.267949 23.400000
      vertex 0.000000 2.000000 23.400000
    endloop
  endfacet
  facet normal 0.000000 0.000000 1.000000
    outer loop
      vertex 1.000000 0.267949 23.400000
      vertex 1.482362 0.068148 23.400000
      vertex 0.000000 2.000000 23.400000
    endloop
  endfacet
  facet normal 0.000000 0.000000 1.000000
    outer loop
      vertex 1.482362 0.068148 23.400000
      vertex 2.000000 0.000000 23.400000
      vertex 2.000000 2.000000 23.400000
    endloop
  endfacet
  facet normal 0.000000 0.000000 1.000000
    outer loop
      vertex 0.267949 1.000000 23.400000
      vertex 0.000000 2.000000 23.400000
      vertex 0.068148 1.482362 23.400000
    endloop
  endfacet
  facet normal 0.000000 0.000000 1.000000
    outer loop
      vertex 1.482362 0.068148 23.400000
      vertex 2.000000 2.000000 23.400000
      vertex 0.000000 2.000000 23.400000
    endloop
  endfacet
  facet normal 0.000000 0.000000 -1.000000
    outer loop
      vertex 118.400002 0.000000 0.000000
      vertex 120.331848 2.000000 0.000000
      vertex 118.917641 0.068148 0.000000
    endloop
  endfacet
  facet normal 0.000000 0.000000 -1.000000
    outer loop
      vertex 118.917641 0.068148 0.000000
      vertex 120.331848 2.000000 0.000000
      vertex 119.400002 0.267949 0.000000
    endloop
  endfacet
  facet normal 0.000000 0.000000 -1.000000
    outer loop
      vertex 119.400002 0.267949 0.000000
      vertex 120.331848 2.000000 0.000000
      vertex 119.814217 0.585786 0.000000
    endloop
  endfacet
  facet normal 0.000000 0.000000 -1.000000
    outer loop
      vertex 119.814217 0.585786 0.000000
      vertex 120.331848 2.000000 0.000000
      vertex 120.132050 1.000000 0.000000
    endloop
  endfacet
  facet normal 0.000000 0.000000 -1.000000
    outer loop
      vertex 118.400002 0.000000 0.000000
      vertex 118.400002 2.000000 0.000000
      vertex 120.331848 2.000000 0.000000
    endloop
  endfacet
  facet normal 0.000000 0.000000 -1.000000
    outer loop
      vertex 120.132050 1.000000 0.000000
      vertex 120.331848 2.000000 0.000000
      vertex 120.331848 1.482362 0.000000
    endloop
  endfacet
  facet normal 0.000000 0.000000 -1.000000
    outer loop
      vertex 120.331848 1.482362 0.000000
      vertex 120.331848 2.000000 0.000000
      vertex 120.400002 2.000000 0.000000
    endloop
  endfacet
  facet normal 0.000000 0.000000 -1.000000
    outer loop
      vertex 120.400002 2.000000 0.000000
      vertex 120.331848 2.000000 0.000000
      vertex 120.331848 2.044772 0.000000
    endloop
  endfacet
  facet normal 0.130526 -0.991445 0.000000
    outer loop
      vertex 118.400002 0.000000 0.000000
      vertex 118.917641 0.068148 0.000000
      vertex 118.400002 0.000000 23.400000
    endloop
  endfacet
  facet normal 0.382684 -0.923879 0.000000
    outer loop
      vertex 118.917641 0.068148 0.000000
      vertex 119.400002 0.267949 0.000000
      vertex 118.917641 0.068148 23.400000
    endloop
  endfacet
  facet normal 0.608760 -0.793354 0.000000
    outer loop
      vertex 119.400002 0.267949 0.000000
      vertex 119.814217 0.585786 0.000000
      vertex 119.400002 0.267949 23.400000
    endloop
  endfacet
  facet normal 0.793357 -0.608756 0.000000
    outer loop
      vertex 119.814217 0.585786 0.000000
      vertex 120.132050 1.000000 0.000000
      vertex 119.814217 0.585786 23.400000
    endloop
  endfacet
  facet normal 0.923881 -0.382680 0.000000
    outer loop
      vertex 120.132050 1.000000 0.000000
      vertex 120.331848 1.482362 0.000000
      vertex 120.132050 1.000000 23.400000
    endloop
  endfacet
  facet normal 0.991444 -0.130536 0.000000
    outer loop
      vertex 120.331848 1.482362 0.000000
      vertex 120.400002 2.000000 0.000000
      vertex 120.331848 1.482362 23.400000
    endloop
  endfacet
  facet normal 0.130526 -0.991445 0.000000
    outer loop
      vertex 118.917641 0.068148 0.000000
      vertex 118.917641 0.068148 23.400000
      vertex 118.400002 0.000000 23.400000
    endloop
  endfacet
  facet normal 0.382684 -0.923879 0.000000
    outer loop
      vertex 119.400002 0.267949 0.000000
      vertex 119.400002 0.267949 23.400000
      vertex 118.917641 0.068148 23.400000
    endloop
  endfacet
  facet normal 0.608760 -0.793354 0.000000
    outer loop
      vertex 119.814217 0.585786 0.000000
      vertex 119.814217 0.585786 23.400000
      vertex 119.400002 0.267949 23.400000
    endloop
  endfacet
  facet normal 0.793357 -0.608756 0.000000
    outer loop
      vertex 120.132050 1.000000 0.000000
      vertex 120.132050 1.000000 23.400000
      vertex 119.814217 0.585786 23.400000
    endloop
  endfacet
  facet normal 0.923881 -0.382680 0.000000
    outer loop
      vertex 120.331848 1.482362 0.000000
      vertex 120.331848 1.482362 23.400000
      vertex 120.132050 1.000000 23.400000
    endloop
  endfacet
  facet normal 0.991444 -0.130536 0.000000
    outer loop
      vertex 120.400002 2.000000 0.000000
      vertex 120.400002 2.000000 23.400000
      vertex 120.331848 1.482362 23.400000
    endloop
  endfacet
  facet normal 0.000000 0.000000 1.000000
    outer loop
      vertex 118.400002 0.000000 23.400000
      vertex 118.917641 0.068148 23.400000
      vertex 118.400002 2.000000 23.400000
    endloop
  endfacet
  facet normal 0.000000 0.000000 1.000000
    outer loop
      vertex 118.917641 0.068148 23.400000
      vertex 119.400002 0.267949 23.400000
      vertex 118.400002 3.313953 23.400000
    endloop
  endfacet
  facet normal 0.000000 0.000000 1.000000
    outer loop
      vertex 118.400002 2.000000 23.400000
      vertex 118.917641 0.068148 23.400000
      vertex 118.400002 3.313953 23.400000
    endloop
  endfacet
  facet normal 0.000000 0.000000 1.000000
    outer loop
      vertex 119.400002 0.267949 23.400000
      vertex 119.814217 0.585786 23.400000
      vertex 118.400002 3.313953 23.400000
    endloop
  endfacet
  facet normal 0.000000 0.000000 1.000000
    outer loop
      vertex 119.814217 0.585786 23.400000
      vertex 120.132050 1.000000 23.400000
      vertex 118.400002 3.313953 23.400000
    endloop
  endfacet
  facet normal 0.000000 0.000000 1.000000
    outer loop
      vertex 120.132050 1.000000 23.400000
      vertex 120.331848 1.482362 23.400000
      vertex 118.400002 3.313953 23.400000
    endloop
  endfacet
  facet normal 0.000000 0.000000 1.000000
    outer loop
      vertex 120.331848 1.482362 23.400000
      vertex 120.400002 2.000000 23.400000
      vertex 118.400002 3.313953 23.400000
    endloop
  endfacet
  facet normal 0.000000 0.000000 -1.000000
    outer loop
      vertex 0.068148 81.055229 0.000000
      vertex 0.000000 81.099998 0.000000
      vertex 0.068148 81.099998 0.000000
    endloop
  endfacet
  facet normal 0.000000 0.000000 -1.000000
    outer loop
      vertex 0.000000 81.099998 0.000000
      vertex 0.068148 81.617638 0.000000
      vertex 0.068148 81.099998 0.000000
    endloop
  endfacet
  facet normal 0.000000 0.000000 -1.000000
    outer loop
      vertex 0.068148 81.099998 0.000000
      vertex 0.068148 81.617638 0.000000
      vertex 0.267949 82.099998 0.000000
    endloop
  endfacet
  facet normal 0.000000 0.000000 -1.000000
    outer loop
      vertex 0.068148 81.099998 0.000000
      vertex 2.000000 83.099998 0.000000
      vertex 2.000000 81.099998 0.000000
    endloop
  endfacet
  facet normal 0.000000 0.000000 -1.000000
    outer loop
      vertex 0.068148 81.099998 0.000000
      vertex 0.267949 82.099998 0.000000
      vertex 0.585786 82.514214 0.000000
    endloop
  endfacet
  facet normal 0.000000 0.000000 -1.000000
    outer loop
      vertex 0.068148 81.099998 0.000000
      vertex 0.585786 82.514214 0.000000
      vertex 1.000000 82.832054 0.000000
    endloop
  endfacet
  facet normal 0.000000 0.000000 -1.000000
    outer loop
      vertex 0.068148 81.099998 0.000000
      vertex 1.000000 82.832054 0.000000
      vertex 1.482362 83.031853 0.000000
    endloop
  endfacet
  facet normal 0.000000 0.000000 -1.000000
    outer loop
      vertex 0.068148 81.099998 0.000000
      vertex 1.482362 83.031853 0.000000
      vertex 2.000000 83.099998 0.000000
    endloop
  endfacet
  facet normal -0.991445 0.130526 0.000000
    outer loop
      vertex 0.000000 81.099998 0.000000
      vertex 0.068148 81.617638 23.400000
      vertex 0.068148 81.617638 0.000000
    endloop
  endfacet
  facet normal -0.923879 0.382684 0.000000
    outer loop
      vertex 0.068148 81.617638 0.000000
      vertex 0.267949 82.099998 23.400000
      vertex 0.267949 82.099998 0.000000
    endloop
  endfacet
  facet normal -0.793354 0.608760 0.000000
    outer loop
      vertex 0.267949 82.099998 0.000000
      vertex 0.585786 82.514214 23.400000
      vertex 0.585786 82.514214 0.000000
    endloop
  endfacet
  facet normal -0.608765 0.793350 0.000000
    outer loop
      vertex 0.585786 82.514214 0.000000
      vertex 1.000000 82.832054 23.400000
      vertex 1.000000 82.832054 0.000000
    endloop
  endfacet
  facet normal -0.382680 0.923881 0.000000
    outer loop
      vertex 1.000000 82.832054 0.000000
      vertex 1.482362 83.031853 23.400000
      vertex 1.482362 83.031853 0.000000
    endloop
  endfacet
  facet normal -0.130521 0.991446 0.000000
    outer loop
      vertex 1.482362 83.031853 0.000000
      vertex 2.000000 83.099998 23.400000
      vertex 2.000000 83.099998 0.000000
    endloop
  endfacet
  facet normal -0.991445 0.130526 0.000000
    outer loop
      vertex 0.000000 81.099998 0.000000
      vertex 0.000000 81.099998 23.400000
      vertex 0.068148 81.617638 23.400000
    endloop
  endfacet
  facet normal -0.923879 0.382684 0.000000
    outer loop
      vertex 0.068148 81.617638 0.000000
      vertex 0.068148 81.617638 23.400000
      vertex 0.267949 82.099998 23.400000
    endloop
  endfacet
  facet normal -0.793354 0.608760 0.000000
    outer loop
      vertex 0.267949 82.099998 0.000000
      vertex 0.267949 82.099998 23.400000
      vertex 0.585786 82.514214 23.400000
    endloop
  endfacet
  facet normal -0.608765 0.793350 0.000000
    outer loop
      vertex 0.585786 82.514214 0.000000
      vertex 0.585786 82.514214 23.400000
      vertex 1.000000 82.832054 23.400000
    endloop
  endfacet
  facet normal -0.382680 0.923881 0.000000
    outer loop
      vertex 1.000000 82.832054 0.000000
      vertex 1.000000 82.832054 23.400000
      vertex 1.482362 83.031853 23.400000
    endloop
  endfacet
  facet normal -0.130521 0.991446 0.000000
    outer loop
      vertex 1.482362 83.031853 0.000000
      vertex 1.482362 83.031853 23.400000
      vertex 2.000000 83.099998 23.400000
    endloop
  endfacet
  facet normal 0.000000 0.000000 1.000000
    outer loop
      vertex 2.000000 79.786049 23.400000
      vertex 0.068148 81.617638 23.400000
      vertex 0.000000 81.099998 23.400000
    endloop
  endfacet
  facet normal 0.000000 0.000000 1.000000
    outer loop
      vertex 2.000000 79.786049 23.400000
      vertex 0.267949 82.099998 23.400000
      vertex 0.068148 81.617638 23.400000
    endloop
  endfacet
  facet normal 0.000000 0.000000 1.000000
    outer loop
      vertex 2.000000 79.786049 23.400000
      vertex 0.585786 82.514214 23.400000
      vertex 0.267949 82.099998 23.400000
    endloop
  endfacet
  facet normal 0.000000 0.000000 1.000000
    outer loop
      vertex 2.000000 79.786049 23.400000
      vertex 1.000000 82.832054 23.400000
      vertex 0.585786 82.514214 23.400000
    endloop
  endfacet
  facet normal 0.000000 0.000000 1.000000
    outer loop
      vertex 2.000000 79.786049 23.400000
      vertex 2.000000 81.099998 23.400000
      vertex 1.482362 83.031853 23.400000
    endloop
  endfacet
  facet normal 0.000000 0.000000 1.000000
    outer loop
      vertex 2.000000 79.786049 23.400000
      vertex 1.482362 83.031853 23.400000
      vertex 1.000000 82.832054 23.400000
    endloop
  endfacet
  facet normal 0.000000 0.000000 1.000000
    outer loop
      vertex 1.482362 83.031853 23.400000
      vertex 2.000000 81.099998 23.400000
      vertex 2.000000 83.099998 23.400000
    endloop
  endfacet
  facet normal 0.000000 0.000000 -1.000000
    outer loop
      vertex 118.400002 81.099998 0.000000
      vertex 120.331848 81.617638 0.000000
      vertex 120.400002 81.099998 0.000000
    endloop
  endfacet
  facet normal 0.000000 0.000000 -1.000000
    outer loop
      vertex 118.400002 81.099998 0.000000
      vertex 120.132050 82.099998 0.000000
      vertex 120.331848 81.617638 0.000000
    endloop
  endfacet
  facet normal 0.000000 0.000000 -1.000000
    outer loop
      vertex 118.400002 81.099998 0.000000
      vertex 118.400002 83.099998 0.000000
      vertex 118.917641 83.031853 0.000000
    endloop
  endfacet
  facet normal 0.000000 0.000000 -1.000000
    outer loop
      vertex 118.400002 81.099998 0.000000
      vertex 118.917641 83.031853 0.000000
      vertex 119.400002 82.832054 0.000000
    endloop
  endfacet
  facet normal 0.000000 0.000000 -1.000000
    outer loop
      vertex 118.400002 81.099998 0.000000
      vertex 119.814217 82.514214 0.000000
      vertex 120.132050 82.099998 0.000000
    endloop
  endfacet
  facet normal 0.000000 0.000000 -1.000000
    outer loop
      vertex 118.400002 81.099998 0.000000
      vertex 119.400002 82.832054 0.000000
      vertex 119.814217 82.514214 0.000000
    endloop
  endfacet
  facet normal 0.991444 0.130535 0.000000
    outer loop
      vertex 120.400002 81.099998 0.000000
      vertex 120.331848 81.617638 0.000000
      vertex 120.400002 81.099998 23.400000
    endloop
  endfacet
  facet normal 0.923881 0.382680 0.000000
    outer loop
      vertex 120.331848 81.617638 0.000000
      vertex 120.132050 82.099998 0.000000
      vertex 120.331848 81.617638 23.400000
    endloop
  endfacet
  facet normal 0.130521 0.991446 0.000000
    outer loop
      vertex 118.400002 83.099998 0.000000
      vertex 118.917641 83.031853 23.400000
      vertex 118.917641 83.031853 0.000000
    endloop
  endfacet
  facet normal 0.382680 0.923881 0.000000
    outer loop
      vertex 118.917641 83.031853 0.000000
      vertex 119.400002 82.832054 23.400000
      vertex 119.400002 82.832054 0.000000
    endloop
  endfacet
  facet normal 0.793358 0.608755 0.000000
    outer loop
      vertex 120.132050 82.099998 0.000000
      vertex 119.814217 82.514214 0.000000
      vertex 120.132050 82.099998 23.400000
    endloop
  endfacet
  facet normal 0.608764 0.793351 0.000000
    outer loop
      vertex 119.400002 82.832054 0.000000
      vertex 119.814217 82.514214 23.400000
      vertex 119.814217 82.514214 0.000000
    endloop
  endfacet
  facet normal 0.991444 0.130535 0.000000
    outer loop
      vertex 120.331848 81.617638 0.000000
      vertex 120.331848 81.617638 23.400000
      vertex 120.400002 81.099998 23.400000
    endloop
  endfacet
  facet normal 0.130521 0.991446 0.000000
    outer loop
      vertex 118.400002 83.099998 0.000000
      vertex 118.400002 83.099998 23.400000
      vertex 118.917641 83.031853 23.400000
    endloop
  endfacet
  facet normal 0.382680 0.923881 0.000000
    outer loop
      vertex 118.917641 83.031853 0.000000
      vertex 118.917641 83.031853 23.400000
      vertex 119.400002 82.832054 23.400000
    endloop
  endfacet
  facet normal 0.793358 0.608755 0.000000
    outer loop
      vertex 119.814217 82.514214 0.000000
      vertex 119.814217 82.514214 23.400000
      vertex 120.132050 82.099998 23.400000
    endloop
  endfacet
  facet normal 0.923881 0.382680 0.000000
    outer loop
      vertex 120.132050 82.099998 0.000000
      vertex 120.132050 82.099998 23.400000
      vertex 120.331848 81.617638 23.400000
    endloop
  endfacet
  facet normal 0.608764 0.793351 0.000000
    outer loop
      vertex 119.400002 82.832054 0.000000
      vertex 119.400002 82.832054 23.400000
      vertex 119.814217 82.514214 23.400000
    endloop
  endfacet
  facet normal 0.000000 0.000000 1.000000
    outer loop
      vertex 118.400002 81.099998 23.400000
      vertex 120.400002 81.099998 23.400000
      vertex 118.917641 83.031853 23.400000
    endloop
  endfacet
  facet normal 0.000000 0.000000 1.000000
    outer loop
      vertex 120.400002 81.099998 23.400000
      vertex 120.331848 81.617638 23.400000
      vertex 120.132050 82.099998 23.400000
    endloop
  endfacet
  facet normal 0.000000 0.000000 1.000000
    outer loop
      vertex 118.400002 81.099998 23.400000
      vertex 118.917641 83.031853 23.400000
      vertex 118.400002 83.099998 23.400000
    endloop
  endfacet
  facet normal 0.000000 0.000000 1.000000
    outer loop
      vertex 120.400002 81.099998 23.400000
      vertex 119.400002 82.832054 23.400000
      vertex 118.917641 83.031853 23.400000
    endloop
  endfacet
  facet normal 0.000000 0.000000 1.000000
    outer loop
      vertex 120.400002 81.099998 23.400000
      vertex 119.814217 82.514214 23.400000
      vertex 119.400002 82.832054 23.400000
    endloop
  endfacet
  facet normal 0.000000 0.000000 1.000000
    outer loop
      vertex 120.400002 81.099998 23.400000
      vertex 120.132050 82.099998 23.400000
      vertex 119.814217 82.514214 23.400000
    endloop
  endfacet
  facet normal 1.000000 0.000000 0.000000
    outer loop
      vertex 2.000000 2.000000 2.000000
      vertex 2.000000 15.450000 9.500000
      vertex 2.000000 9.650000 9.500000
    endloop
  endfacet
  facet normal 1.000000 0.000000 0.000000
    outer loop
      vertex 2.000000 2.000000 2.000000
      vertex 2.000000 9.650000 9.500000
      vertex 2.000000 7.744744 10.600000
    endloop
  endfacet
  facet normal 1.000000 0.000000 0.000000
    outer loop
      vertex 2.000000 2.000000 2.000000
      vertex 2.000000 21.250000 9.500000
      vertex 2.000000 15.450000 9.500000
    endloop
  endfacet
  facet normal 1.000000 0.000000 0.000000
    outer loop
      vertex 2.000000 2.000000 2.000000
      vertex 2.000000 27.049999 9.500000
      vertex 2.000000 21.250000 9.500000
    endloop
  endfacet
  facet normal 1.000000 0.000000 0.000000
    outer loop
      vertex 2.000000 2.000000 2.000000
      vertex 2.000000 30.944744 10.600000
      vertex 2.000000 27.049999 9.500000
    endloop
  endfacet
  facet normal 1.000000 0.000000 0.000000
    outer loop
      vertex 2.000000 9.650000 9.500000
      vertex 2.000000 13.544744 10.600000
      vertex 2.000000 11.555256 10.600000
    endloop
  endfacet
  facet normal 1.000000 0.000000 0.000000
    outer loop
      vertex 2.000000 9.650000 9.500000
      vertex 2.000000 15.450000 9.500000
      vertex 2.000000 13.544744 10.600000
    endloop
  endfacet
  facet normal 1.000000 0.000000 0.000000
    outer loop
      vertex 2.000000 13.544744 10.600000
      vertex 2.000000 13.544744 12.800000
      vertex 2.000000 11.555256 10.600000
    endloop
  endfacet
  facet normal 1.000000 0.000000 0.000000
    outer loop
      vertex 2.000000 15.450000 9.500000
      vertex 2.000000 19.344744 10.600000
      vertex 2.000000 17.355255 10.600000
    endloop
  endfacet
  facet normal 1.000000 0.000000 0.000000
    outer loop
      vertex 2.000000 15.450000 9.500000
      vertex 2.000000 21.250000 9.500000
      vertex 2.000000 19.344744 10.600000
    endloop
  endfacet
  facet normal 1.000000 0.000000 0.000000
    outer loop
      vertex 2.000000 19.344744 10.600000
      vertex 2.000000 19.344744 12.800000
      vertex 2.000000 17.355255 10.600000
    endloop
  endfacet
  facet normal 0.000000 1.000000 0.000000
    outer loop
      vertex 2.000000 2.000000 2.000000
      vertex 2.000000 2.000000 23.400000
      vertex 55.200001 2.000000 5.150000
    endloop
  endfacet
  facet normal 0.000000 0.000000 1.000000
    outer loop
      vertex 2.000000 2.000000 2.000000
      vertex 12.430000 16.309999 2.000000
      vertex 12.430000 70.669998 2.000000
    endloop
  endfacet
  facet normal 1.000000 0.000000 0.000000
    outer loop
      vertex 2.000000 2.000000 2.000000
      vertex 2.000000 36.549999 3.766216
      vertex 2.000000 36.549999 5.150000
    endloop
  endfacet
  facet normal 1.000000 0.000000 0.000000
    outer loop
      vertex 2.000000 2.000000 2.000000
      vertex 2.000000 46.549999 3.766216
      vertex 2.000000 36.549999 3.766216
    endloop
  endfacet
  facet normal 1.000000 0.000000 0.000000
    outer loop
      vertex 2.000000 2.000000 2.000000
      vertex 2.000000 36.549999 5.150000
      vertex 2.000000 30.944744 10.600000
    endloop
  endfacet
  facet normal 1.000000 0.000000 0.000000
    outer loop
      vertex 2.000000 21.250000 9.500000
      vertex 2.000000 25.144745 10.600000
      vertex 2.000000 23.155256 10.600000
    endloop
  endfacet
  facet normal 1.000000 0.000000 0.000000
    outer loop
      vertex 2.000000 21.250000 9.500000
      vertex 2.000000 27.049999 9.500000
      vertex 2.000000 25.144745 10.600000
    endloop
  endfacet
  facet normal 1.000000 0.000000 0.000000
    outer loop
      vertex 2.000000 25.144745 10.600000
      vertex 2.000000 25.144745 12.800000
      vertex 2.000000 23.155256 10.600000
    endloop
  endfacet
  facet normal 1.000000 0.000000 0.000000
    outer loop
      vertex 2.000000 27.049999 9.500000
      vertex 2.000000 30.944744 10.600000
      vertex 2.000000 28.955256 10.600000
    endloop
  endfacet
  facet normal 1.000000 0.000000 0.000000
    outer loop
      vertex 2.000000 30.944744 10.600000
      vertex 2.000000 30.944744 12.800000
      vertex 2.000000 28.955256 10.600000
    endloop
  endfacet
  facet normal 1.000000 0.000000 0.000000
    outer loop
      vertex 2.000000 36.549999 5.150000
      vertex 2.000000 32.849998 9.500000
      vertex 2.000000 30.944744 10.600000
    endloop
  endfacet
  facet normal 1.000000 0.000000 0.000000
    outer loop
      vertex 2.000000 36.549999 5.150000
      vertex 2.000000 34.755257 10.600000
      vertex 2.000000 32.849998 9.500000
    endloop
  endfacet
  facet normal 1.000000 0.000000 0.000000
    outer loop
      vertex 2.000000 36.549999 5.150000
      vertex 2.000000 38.650002 9.500000
      vertex 2.000000 36.744743 10.600000
    endloop
  endfacet
  facet normal 1.000000 0.000000 0.000000
    outer loop
      vertex 2.000000 36.549999 5.150000
      vertex 2.000000 40.555256 10.600000
      vertex 2.000000 38.650002 9.500000
    endloop
  endfacet
  facet normal 1.000000 0.000000 0.000000
    outer loop
      vertex 2.000000 36.549999 5.150000
      vertex 2.000000 44.450001 9.500000
      vertex 2.000000 42.544743 10.600000
    endloop
  endfacet
  facet normal 1.000000 0.000000 0.000000
    outer loop
      vertex 2.000000 36.549999 5.150000
      vertex 2.000000 36.744743 10.600000
      vertex 2.000000 34.755257 10.600000
    endloop
  endfacet
  facet normal 1.000000 0.000000 0.000000
    outer loop
      vertex 2.000000 34.755257 10.600000
      vertex 2.000000 36.744743 10.600000
      vertex 2.000000 36.744743 12.800000
    endloop
  endfacet
  facet normal 1.000000 0.000000 0.000000
    outer loop
      vertex 2.000000 36.549999 5.150000
      vertex 2.000000 42.544743 10.600000
      vertex 2.000000 40.555256 10.600000
    endloop
  endfacet
  facet normal 0.000000 0.000000 1.000000
    outer loop
      vertex 2.000000 2.000000 2.000000
      vertex 118.400002 2.000000 2.000000
      vertex 12.430000 16.309999 2.000000
    endloop
  endfacet
  facet normal 0.000000 1.000000 0.000000
    outer loop
      vertex 2.000000 2.000000 2.000000
      vertex 55.200001 2.000000 5.150000
      vertex 55.200001 2.000000 3.766216
    endloop
  endfacet
  facet normal 0.000000 1.000000 0.000000
    outer loop
      vertex 2.000000 2.000000 2.000000
      vertex 55.200001 2.000000 3.766216
      vertex 118.400002 2.000000 2.000000
    endloop
  endfacet
  facet normal 0.000000 1.000000 0.000000
    outer loop
      vertex 55.200001 2.000000 5.150000
      vertex 2.000000 2.000000 23.400000
      vertex 65.199997 2.000000 5.150000
    endloop
  endfacet
  facet normal 1.000000 0.000000 0.000000
    outer loop
      vertex 2.000000 2.000000 2.000000
      vertex 2.000000 7.744744 10.600000
      vertex 2.000000 2.000000 23.400000
    endloop
  endfacet
  facet normal 1.000000 0.000000 0.000000
    outer loop
      vertex 2.000000 2.000000 23.400000
      vertex 2.000000 7.744744 10.600000
      vertex 2.000000 7.744744 12.800000
    endloop
  endfacet
  facet normal 1.000000 0.000000 0.000000
    outer loop
      vertex 2.000000 2.000000 23.400000
      vertex 2.000000 7.744744 12.800000
      vertex 2.000000 9.650000 13.900000
    endloop
  endfacet
  facet normal 1.000000 0.000000 0.000000
    outer loop
      vertex 2.000000 2.000000 23.400000
      vertex 2.000000 9.650000 13.900000
      vertex 2.000000 15.450000 13.900000
    endloop
  endfacet
  facet normal 1.000000 0.000000 0.000000
    outer loop
      vertex 2.000000 13.544744 12.800000
      vertex 2.000000 11.555256 12.800000
      vertex 2.000000 11.555256 10.600000
    endloop
  endfacet
  facet normal 1.000000 0.000000 0.000000
    outer loop
      vertex 2.000000 11.555256 12.800000
      vertex 2.000000 15.450000 13.900000
      vertex 2.000000 9.650000 13.900000
    endloop
  endfacet
  facet normal 1.000000 0.000000 0.000000
    outer loop
      vertex 2.000000 11.555256 12.800000
      vertex 2.000000 13.544744 12.800000
      vertex 2.000000 15.450000 13.900000
    endloop
  endfacet
  facet normal 1.000000 0.000000 0.000000
    outer loop
      vertex 2.000000 17.355255 10.600000
      vertex 2.000000 19.344744 12.800000
      vertex 2.000000 17.355255 12.800000
    endloop
  endfacet
  facet normal 1.000000 0.000000 0.000000
    outer loop
      vertex 2.000000 15.450000 13.900000
      vertex 2.000000 17.355255 12.800000
      vertex 2.000000 21.250000 13.900000
    endloop
  endfacet
  facet normal 1.000000 0.000000 0.000000
    outer loop
      vertex 2.000000 17.355255 12.800000
      vertex 2.000000 19.344744 12.800000
      vertex 2.000000 21.250000 13.900000
    endloop
  endfacet
  facet normal 1.000000 0.000000 0.000000
    outer loop
      vertex 2.000000 2.000000 23.400000
      vertex 2.000000 15.450000 13.900000
      vertex 2.000000 21.250000 13.900000
    endloop
  endfacet
  facet normal 1.000000 0.000000 0.000000
    outer loop
      vertex 2.000000 2.000000 23.400000
      vertex 2.000000 21.250000 13.900000
      vertex 2.000000 27.049999 13.900000
    endloop
  endfacet
  facet normal 1.000000 0.000000 0.000000
    outer loop
      vertex 2.000000 23.155256 10.600000
      vertex 2.000000 25.144745 12.800000
      vertex 2.000000 23.155256 12.800000
    endloop
  endfacet
  facet normal 1.000000 0.000000 0.000000
    outer loop
      vertex 2.000000 23.155256 12.800000
      vertex 2.000000 27.049999 13.900000
      vertex 2.000000 21.250000 13.900000
    endloop
  endfacet
  facet normal 1.000000 0.000000 0.000000
    outer loop
      vertex 2.000000 23.155256 12.800000
      vertex 2.000000 25.144745 12.800000
      vertex 2.000000 27.049999 13.900000
    endloop
  endfacet
  facet normal 1.000000 0.000000 0.000000
    outer loop
      vertex 2.000000 28.955256 10.600000
      vertex 2.000000 30.944744 12.800000
      vertex 2.000000 28.955256 12.800000
    endloop
  endfacet
  facet normal 1.000000 0.000000 0.000000
    outer loop
      vertex 2.000000 28.955256 12.800000
      vertex 2.000000 32.849998 13.900000
      vertex 2.000000 27.049999 13.900000
    endloop
  endfacet
  facet normal 1.000000 0.000000 0.000000
    outer loop
      vertex 2.000000 28.955256 12.800000
      vertex 2.000000 30.944744 12.800000
      vertex 2.000000 32.849998 13.900000
    endloop
  endfacet
  facet normal 1.000000 0.000000 0.000000
    outer loop
      vertex 2.000000 34.755257 10.600000
      vertex 2.000000 36.744743 12.800000
      vertex 2.000000 34.755257 12.800000
    endloop
  endfacet
  facet normal 1.000000 0.000000 0.000000
    outer loop
      vertex 2.000000 34.755257 12.800000
      vertex 2.000000 38.650002 13.900000
      vertex 2.000000 32.849998 13.900000
    endloop
  endfacet
  facet normal 1.000000 0.000000 0.000000
    outer loop
      vertex 2.000000 40.555256 12.800000
      vertex 2.000000 40.555256 10.600000
      vertex 2.000000 42.544743 12.800000
    endloop
  endfacet
  facet normal 1.000000 0.000000 0.000000
    outer loop
      vertex 2.000000 34.755257 12.800000
      vertex 2.000000 36.744743 12.800000
      vertex 2.000000 38.650002 13.900000
    endloop
  endfacet
  facet normal 1.000000 0.000000 0.000000
    outer loop
      vertex 2.000000 44.450001 13.900000
      vertex 2.000000 38.650002 13.900000
      vertex 2.000000 40.555256 12.800000
    endloop
  endfacet
  facet normal 1.000000 0.000000 0.000000
    outer loop
      vertex 2.000000 27.049999 13.900000
      vertex 2.000000 32.849998 13.900000
      vertex 2.000000 48.166668 22.400000
    endloop
  endfacet
  facet normal 1.000000 0.000000 0.000000
    outer loop
      vertex 2.000000 32.849998 13.900000
      vertex 2.000000 38.650002 13.900000
      vertex 2.000000 48.166668 22.400000
    endloop
  endfacet
  facet normal 1.000000 0.000000 0.000000
    outer loop
      vertex 2.000000 2.000000 23.400000
      vertex 2.000000 27.049999 13.900000
      vertex 2.000000 48.166668 22.400000
    endloop
  endfacet
  facet normal 1.000000 0.000000 0.000000
    outer loop
      vertex 2.000000 2.000000 23.400000
      vertex 2.000000 48.166668 22.400000
      vertex 2.000000 54.166668 22.400000
    endloop
  endfacet
  facet normal 1.000000 0.000000 0.000000
    outer loop
      vertex 2.000000 2.000000 23.400000
      vertex 2.000000 54.166668 22.400000
      vertex 2.000000 62.133335 22.400000
    endloop
  endfacet
  facet normal 1.000000 0.000000 0.000000
    outer loop
      vertex 2.000000 2.000000 2.000000
      vertex 2.000000 81.099998 2.000000
      vertex 2.000000 46.549999 3.766216
    endloop
  endfacet
  facet normal 0.000000 0.000000 1.000000
    outer loop
      vertex 2.000000 2.000000 2.000000
      vertex 12.430000 70.669998 2.000000
      vertex 2.000000 81.099998 2.000000
    endloop
  endfacet
  facet normal 1.000000 0.000000 0.000000
    outer loop
      vertex 2.000000 46.549999 3.766216
      vertex 2.000000 81.099998 2.000000
      vertex 2.000000 46.549999 5.150000
    endloop
  endfacet
  facet normal 1.000000 0.000000 0.000000
    outer loop
      vertex 2.000000 36.549999 5.150000
      vertex 2.000000 46.549999 5.150000
      vertex 2.000000 48.344746 10.600000
    endloop
  endfacet
  facet normal 1.000000 0.000000 0.000000
    outer loop
      vertex 2.000000 36.549999 5.150000
      vertex 2.000000 48.344746 10.600000
      vertex 2.000000 44.450001 9.500000
    endloop
  endfacet
  facet normal 1.000000 0.000000 0.000000
    outer loop
      vertex 2.000000 46.549999 5.150000
      vertex 2.000000 50.250000 9.500000
      vertex 2.000000 48.344746 10.600000
    endloop
  endfacet
  facet normal 1.000000 0.000000 0.000000
    outer loop
      vertex 2.000000 46.549999 5.150000
      vertex 2.000000 54.144745 10.600000
      vertex 2.000000 50.250000 9.500000
    endloop
  endfacet
  facet normal 1.000000 0.000000 0.000000
    outer loop
      vertex 2.000000 44.450001 9.500000
      vertex 2.000000 48.344746 10.600000
      vertex 2.000000 46.355255 10.600000
    endloop
  endfacet
  facet normal 1.000000 0.000000 0.000000
    outer loop
      vertex 2.000000 40.555256 10.600000
      vertex 2.000000 42.544743 10.600000
      vertex 2.000000 42.544743 12.800000
    endloop
  endfacet
  facet normal 1.000000 0.000000 0.000000
    outer loop
      vertex 2.000000 48.344746 10.600000
      vertex 2.000000 48.344746 12.800000
      vertex 2.000000 46.355255 10.600000
    endloop
  endfacet
  facet normal 1.000000 0.000000 0.000000
    outer loop
      vertex 2.000000 46.549999 5.150000
      vertex 2.000000 56.049999 9.500000
      vertex 2.000000 54.144745 10.600000
    endloop
  endfacet
  facet normal 1.000000 0.000000 0.000000
    outer loop
      vertex 2.000000 46.549999 5.150000
      vertex 2.000000 61.849998 9.500000
      vertex 2.000000 56.049999 9.500000
    endloop
  endfacet
  facet normal 1.000000 0.000000 0.000000
    outer loop
      vertex 2.000000 50.250000 9.500000
      vertex 2.000000 54.144745 10.600000
      vertex 2.000000 52.155254 10.600000
    endloop
  endfacet
  facet normal 1.000000 0.000000 0.000000
    outer loop
      vertex 2.000000 52.155254 10.600000
      vertex 2.000000 54.144745 10.600000
      vertex 2.000000 54.144745 12.800000
    endloop
  endfacet
  facet normal 1.000000 0.000000 0.000000
    outer loop
      vertex 2.000000 56.049999 9.500000
      vertex 2.000000 59.944744 10.600000
      vertex 2.000000 57.955257 10.600000
    endloop
  endfacet
  facet normal 1.000000 0.000000 0.000000
    outer loop
      vertex 2.000000 56.049999 9.500000
      vertex 2.000000 61.849998 9.500000
      vertex 2.000000 59.944744 10.600000
    endloop
  endfacet
  facet normal 1.000000 0.000000 0.000000
    outer loop
      vertex 2.000000 57.955257 10.600000
      vertex 2.000000 59.944744 10.600000
      vertex 2.000000 59.944744 12.800000
    endloop
  endfacet
  facet normal 1.000000 0.000000 0.000000
    outer loop
      vertex 2.000000 46.549999 5.150000
      vertex 2.000000 81.099998 2.000000
      vertex 2.000000 61.849998 9.500000
    endloop
  endfacet
  facet normal 1.000000 0.000000 0.000000
    outer loop
      vertex 2.000000 81.099998 2.000000
      vertex 2.000000 63.755257 10.600000
      vertex 2.000000 61.849998 9.500000
    endloop
  endfacet
  facet normal 1.000000 0.000000 0.000000
    outer loop
      vertex 2.000000 81.099998 2.000000
      vertex 2.000000 67.650002 9.500000
      vertex 2.000000 63.755257 10.600000
    endloop
  endfacet
  facet normal 1.000000 0.000000 0.000000
    outer loop
      vertex 2.000000 65.744743 10.600000
      vertex 2.000000 63.755257 10.600000
      vertex 2.000000 67.650002 9.500000
    endloop
  endfacet
  facet normal 1.000000 0.000000 0.000000
    outer loop
      vertex 2.000000 65.744743 10.600000
      vertex 2.000000 65.744743 12.800000
      vertex 2.000000 63.755257 10.600000
    endloop
  endfacet
  facet normal 1.000000 0.000000 0.000000
    outer loop
      vertex 2.000000 67.650002 9.500000
      vertex 2.000000 71.544746 10.600000
      vertex 2.000000 69.555252 10.600000
    endloop
  endfacet
  facet normal 1.000000 0.000000 0.000000
    outer loop
      vertex 2.000000 67.650002 9.500000
      vertex 2.000000 73.449997 9.500000
      vertex 2.000000 71.544746 10.600000
    endloop
  endfacet
  facet normal 1.000000 0.000000 0.000000
    outer loop
      vertex 2.000000 71.544746 10.600000
      vertex 2.000000 71.544746 12.800000
      vertex 2.000000 69.555252 10.600000
    endloop
  endfacet
  facet normal 1.000000 0.000000 0.000000
    outer loop
      vertex 2.000000 81.099998 2.000000
      vertex 2.000000 73.449997 9.500000
      vertex 2.000000 67.650002 9.500000
    endloop
  endfacet
  facet normal 1.000000 0.000000 0.000000
    outer loop
      vertex 2.000000 81.099998 2.000000
      vertex 2.000000 75.355255 10.600000
      vertex 2.000000 73.449997 9.500000
    endloop
  endfacet
  facet normal 1.000000 0.000000 0.000000
    outer loop
      vertex 2.000000 81.099998 2.000000
      vertex 2.000000 75.355255 12.800000
      vertex 2.000000 75.355255 10.600000
    endloop
  endfacet
  facet normal 0.000000 0.000000 1.000000
    outer loop
      vertex 2.000000 81.099998 2.000000
      vertex 12.430000 70.669998 2.000000
      vertex 107.970001 70.669998 2.000000
    endloop
  endfacet
  facet normal 0.000000 -1.000000 0.000000
    outer loop
      vertex 2.000000 81.099998 2.000000
      vertex 55.200001 81.099998 3.766216
      vertex 55.200001 81.099998 5.150000
    endloop
  endfacet
  facet normal 0.000000 -1.000000 0.000000
    outer loop
      vertex 2.000000 81.099998 2.000000
      vertex 118.400002 81.099998 2.000000
      vertex 55.200001 81.099998 3.766216
    endloop
  endfacet
  facet normal 0.000000 -1.000000 0.000000
    outer loop
      vertex 2.000000 81.099998 2.000000
      vertex 55.200001 81.099998 5.150000
      vertex 118.400002 81.099998 23.400000
    endloop
  endfacet
  facet normal 1.000000 0.000000 0.000000
    outer loop
      vertex 2.000000 40.555256 12.800000
      vertex 2.000000 42.544743 12.800000
      vertex 2.000000 44.450001 13.900000
    endloop
  endfacet
  facet normal 1.000000 0.000000 0.000000
    outer loop
      vertex 2.000000 46.355255 10.600000
      vertex 2.000000 48.344746 12.800000
      vertex 2.000000 46.355255 12.800000
    endloop
  endfacet
  facet normal 1.000000 0.000000 0.000000
    outer loop
      vertex 2.000000 46.355255 12.800000
      vertex 2.000000 48.344746 12.800000
      vertex 2.000000 50.250000 13.900000
    endloop
  endfacet
  facet normal 1.000000 0.000000 0.000000
    outer loop
      vertex 2.000000 38.650002 13.900000
      vertex 2.000000 44.450001 13.900000
      vertex 2.000000 48.166672 19.218182
    endloop
  endfacet
  facet normal 1.000000 0.000000 0.000000
    outer loop
      vertex 2.000000 46.355255 12.800000
      vertex 2.000000 48.166672 19.218182
      vertex 2.000000 44.450001 13.900000
    endloop
  endfacet
  facet normal 1.000000 0.000000 0.000000
    outer loop
      vertex 2.000000 46.355255 12.800000
      vertex 2.000000 54.166668 19.218182
      vertex 2.000000 48.166672 19.218182
    endloop
  endfacet
  facet normal 1.000000 0.000000 0.000000
    outer loop
      vertex 2.000000 52.155254 10.600000
      vertex 2.000000 54.144745 12.800000
      vertex 2.000000 52.155254 12.800000
    endloop
  endfacet
  facet normal 1.000000 0.000000 0.000000
    outer loop
      vertex 2.000000 52.155254 12.800000
      vertex 2.000000 56.049999 13.900000
      vertex 2.000000 50.250000 13.900000
    endloop
  endfacet
  facet normal 1.000000 0.000000 0.000000
    outer loop
      vertex 2.000000 52.155254 12.800000
      vertex 2.000000 54.144745 12.800000
      vertex 2.000000 56.049999 13.900000
    endloop
  endfacet
  facet normal 1.000000 0.000000 0.000000
    outer loop
      vertex 2.000000 57.955257 10.600000
      vertex 2.000000 59.944744 12.800000
      vertex 2.000000 57.955257 12.800000
    endloop
  endfacet
  facet normal 1.000000 0.000000 0.000000
    outer loop
      vertex 2.000000 57.955257 12.800000
      vertex 2.000000 59.944744 12.800000
      vertex 2.000000 61.849998 13.900000
    endloop
  endfacet
  facet normal 1.000000 0.000000 0.000000
    outer loop
      vertex 2.000000 46.355255 12.800000
      vertex 2.000000 50.250000 13.900000
      vertex 2.000000 62.133339 19.218182
    endloop
  endfacet
  facet normal 1.000000 0.000000 0.000000
    outer loop
      vertex 2.000000 62.133339 19.218182
      vertex 2.000000 50.250000 13.900000
      vertex 2.000000 56.049999 13.900000
    endloop
  endfacet
  facet normal 1.000000 0.000000 0.000000
    outer loop
      vertex 2.000000 46.355255 12.800000
      vertex 2.000000 62.133339 19.218182
      vertex 2.000000 54.166668 19.218182
    endloop
  endfacet
  facet normal 1.000000 0.000000 0.000000
    outer loop
      vertex 2.000000 57.955257 12.800000
      vertex 2.000000 62.133339 19.218182
      vertex 2.000000 56.049999 13.900000
    endloop
  endfacet
  facet normal 1.000000 0.000000 0.000000
    outer loop
      vertex 2.000000 38.650002 13.900000
      vertex 2.000000 48.166672 19.218182
      vertex 2.000000 48.166668 19.600000
    endloop
  endfacet
  facet normal 1.000000 0.000000 0.000000
    outer loop
      vertex 2.000000 38.650002 13.900000
      vertex 2.000000 48.166668 19.600000
      vertex 2.000000 48.166668 22.400000
    endloop
  endfacet
  facet normal 1.000000 0.000000 0.000000
    outer loop
      vertex 2.000000 48.166672 19.600000
      vertex 2.000000 48.166668 19.600000
      vertex 2.000000 48.166672 19.218182
    endloop
  endfacet
  facet normal 1.000000 0.000000 0.000000
    outer loop
      vertex 2.000000 2.000000 23.400000
      vertex 2.000000 62.133335 22.400000
      vertex 2.000000 68.133331 22.400000
    endloop
  endfacet
  facet normal 1.000000 0.000000 0.000000
    outer loop
      vertex 2.000000 2.000000 23.400000
      vertex 2.000000 68.133331 22.400000
      vertex 2.000000 79.786049 23.400000
    endloop
  endfacet
  facet normal 1.000000 0.000000 0.000000
    outer loop
      vertex 2.000000 54.166668 19.218182
      vertex 2.000000 62.133335 19.600000
      vertex 2.000000 54.166672 20.200001
    endloop
  endfacet
  facet normal 1.000000 0.000000 0.000000
    outer loop
      vertex 2.000000 54.166668 19.218182
      vertex 2.000000 62.133339 19.218182
      vertex 2.000000 62.133335 19.600000
    endloop
  endfacet
  facet normal 1.000000 0.000000 0.000000
    outer loop
      vertex 2.000000 62.133339 19.600000
      vertex 2.000000 62.133335 19.600000
      vertex 2.000000 62.133339 19.218182
    endloop
  endfacet
  facet normal 1.000000 0.000000 0.000000
    outer loop
      vertex 2.000000 54.166672 20.200001
      vertex 2.000000 62.133335 22.400000
      vertex 2.000000 54.166668 20.200001
    endloop
  endfacet
  facet normal 1.000000 0.000000 0.000000
    outer loop
      vertex 2.000000 54.166668 22.400000
      vertex 2.000000 54.166668 20.200001
      vertex 2.000000 62.133335 22.400000
    endloop
  endfacet
  facet normal 1.000000 0.000000 0.000000
    outer loop
      vertex 2.000000 54.166672 20.200001
      vertex 2.000000 62.133335 19.600000
      vertex 2.000000 62.133335 22.400000
    endloop
  endfacet
  facet normal 1.000000 0.000000 0.000000
    outer loop
      vertex 2.000000 63.755257 10.600000
      vertex 2.000000 65.744743 12.800000
      vertex 2.000000 63.755257 12.800000
    endloop
  endfacet
  facet normal 1.000000 0.000000 0.000000
    outer loop
      vertex 2.000000 63.755257 12.800000
      vertex 2.000000 65.744743 12.800000
      vertex 2.000000 67.650002 13.900000
    endloop
  endfacet
  facet normal 1.000000 0.000000 0.000000
    outer loop
      vertex 2.000000 71.544746 12.800000
      vertex 2.000000 69.555252 12.800000
      vertex 2.000000 69.555252 10.600000
    endloop
  endfacet
  facet normal 1.000000 0.000000 0.000000
    outer loop
      vertex 2.000000 69.555252 12.800000
      vertex 2.000000 73.449997 13.900000
      vertex 2.000000 67.650002 13.900000
    endloop
  endfacet
  facet normal 1.000000 0.000000 0.000000
    outer loop
      vertex 2.000000 69.555252 12.800000
      vertex 2.000000 71.544746 12.800000
      vertex 2.000000 73.449997 13.900000
    endloop
  endfacet
  facet normal 1.000000 0.000000 0.000000
    outer loop
      vertex 2.000000 57.955257 12.800000
      vertex 2.000000 68.133331 19.218182
      vertex 2.000000 62.133339 19.218182
    endloop
  endfacet
  facet normal 1.000000 0.000000 0.000000
    outer loop
      vertex 2.000000 79.786049 23.400000
      vertex 2.000000 57.955257 12.800000
      vertex 2.000000 61.849998 13.900000
    endloop
  endfacet
  facet normal 1.000000 0.000000 0.000000
    outer loop
      vertex 2.000000 79.786049 23.400000
      vertex 2.000000 61.849998 13.900000
      vertex 2.000000 63.755257 12.800000
    endloop
  endfacet
  facet normal 1.000000 0.000000 0.000000
    outer loop
      vertex 2.000000 79.786049 23.400000
      vertex 2.000000 63.755257 12.800000
      vertex 2.000000 67.650002 13.900000
    endloop
  endfacet
  facet normal 1.000000 0.000000 0.000000
    outer loop
      vertex 2.000000 81.099998 2.000000
      vertex 2.000000 79.786049 23.400000
      vertex 2.000000 75.355255 12.800000
    endloop
  endfacet
  facet normal 1.000000 0.000000 0.000000
    outer loop
      vertex 2.000000 79.786049 23.400000
      vertex 2.000000 67.650002 13.900000
      vertex 2.000000 73.449997 13.900000
    endloop
  endfacet
  facet normal 1.000000 0.000000 0.000000
    outer loop
      vertex 2.000000 79.786049 23.400000
      vertex 2.000000 73.449997 13.900000
      vertex 2.000000 75.355255 12.800000
    endloop
  endfacet
  facet normal 1.000000 0.000000 0.000000
    outer loop
      vertex 2.000000 81.099998 2.000000
      vertex 2.000000 81.099998 23.400000
      vertex 2.000000 79.786049 23.400000
    endloop
  endfacet
  facet normal 0.000000 -1.000000 0.000000
    outer loop
      vertex 2.000000 81.099998 2.000000
      vertex 38.466671 81.099998 19.218185
      vertex 2.000000 81.099998 23.400000
    endloop
  endfacet
  facet normal 0.000000 -1.000000 0.000000
    outer loop
      vertex 2.000000 81.099998 2.000000
      vertex 44.466667 81.099998 19.218185
      vertex 38.466671 81.099998 19.218185
    endloop
  endfacet
  facet normal 1.000000 0.000000 0.000000
    outer loop
      vertex 2.000000 79.786049 23.400000
      vertex 2.000000 68.133331 19.218182
      vertex 2.000000 57.955257 12.800000
    endloop
  endfacet
  facet normal 0.000000 0.000000 0.000000
    outer loop
      vertex 2.000000 68.133331 19.218182
      vertex 2.000000 68.133331 19.600000
      vertex 2.000000 68.133331 19.600000
    endloop
  endfacet
  facet normal 1.000000 0.000000 0.000000
    outer loop
      vertex 2.000000 79.786049 23.400000
      vertex 2.000000 68.133331 19.600000
      vertex 2.000000 68.133331 19.218182
    endloop
  endfacet
  facet normal 1.000000 0.000000 0.000000
    outer loop
      vertex 2.000000 79.786049 23.400000
      vertex 2.000000 68.133331 22.400000
      vertex 2.000000 68.133331 19.600000
    endloop
  endfacet
  facet normal 0.000000 -1.000000 0.000000
    outer loop
      vertex 2.000000 81.099998 23.400000
      vertex 38.466671 81.099998 19.218185
      vertex 38.466667 81.099998 19.600000
    endloop
  endfacet
  facet normal 0.000000 -1.000000 0.000000
    outer loop
      vertex 2.000000 81.099998 23.400000
      vertex 38.466667 81.099998 19.600000
      vertex 38.466667 81.099998 22.400000
    endloop
  endfacet
  facet normal 0.000000 -1.000000 0.000000
    outer loop
      vertex 2.000000 81.099998 23.400000
      vertex 38.466667 81.099998 22.400000
      vertex 44.466667 81.099998 22.400000
    endloop
  endfacet
  facet normal 0.000000 -1.000000 0.000000
    outer loop
      vertex 2.000000 81.099998 2.000000
      vertex 75.933334 81.099998 19.218185
      vertex 44.466667 81.099998 19.218185
    endloop
  endfacet
  facet normal 0.000000 -1.000000 0.000000
    outer loop
      vertex 2.000000 81.099998 2.000000
      vertex 81.933327 81.099998 19.218185
      vertex 75.933334 81.099998 19.218185
    endloop
  endfacet
  facet normal 0.000000 -1.000000 0.000000
    outer loop
      vertex 38.466671 81.099998 19.600000
      vertex 38.466667 81.099998 19.600000
      vertex 38.466671 81.099998 19.218185
    endloop
  endfacet
  facet normal 0.000000 -1.000000 0.000000
    outer loop
      vertex 2.000000 81.099998 23.400000
      vertex 44.466667 81.099998 22.400000
      vertex 75.933334 81.099998 22.400000
    endloop
  endfacet
  facet normal 0.000000 -1.000000 0.000000
    outer loop
      vertex 44.466667 81.099998 19.218185
      vertex 75.933334 81.099998 19.218185
      vertex 44.466667 81.099998 20.200001
    endloop
  endfacet
  facet normal 0.000000 0.000000 0.000000
    outer loop
      vertex 44.466667 81.099998 20.200001
      vertex 75.933334 81.099998 22.400000
      vertex 44.466667 81.099998 20.200001
    endloop
  endfacet
  facet normal 0.000000 -1.000000 0.000000
    outer loop
      vertex 44.466667 81.099998 20.200001
      vertex 75.933334 81.099998 22.400000
      vertex 44.466667 81.099998 22.400000
    endloop
  endfacet
  facet normal 0.000000 -1.000000 0.000000
    outer loop
      vertex 2.000000 81.099998 23.400000
      vertex 75.933334 81.099998 22.400000
      vertex 81.933334 81.099998 22.400000
    endloop
  endfacet
  facet normal 0.000000 1.000000 0.000000
    outer loop
      vertex 55.200001 2.000000 3.766216
      vertex 65.199997 2.000000 3.766216
      vertex 118.400002 2.000000 2.000000
    endloop
  endfacet
  facet normal 0.000000 1.000000 0.000000
    outer loop
      vertex 65.199997 2.000000 3.766216
      vertex 65.199997 2.000000 5.150000
      vertex 118.400002 2.000000 2.000000
    endloop
  endfacet
  facet normal 0.000000 0.000000 1.000000
    outer loop
      vertex 118.400002 2.000000 2.000000
      vertex 107.970001 16.309999 2.000000
      vertex 12.430000 16.309999 2.000000
    endloop
  endfacet
  facet normal 0.000000 1.000000 0.000000
    outer loop
      vertex 2.000000 2.000000 23.400000
      vertex 118.400002 2.000000 2.000000
      vertex 65.199997 2.000000 5.150000
    endloop
  endfacet
  facet normal -1.000000 0.000000 0.000000
    outer loop
      vertex 118.400002 2.000000 2.000000
      vertex 118.400002 21.250000 9.500000
      vertex 118.400002 36.549999 5.150000
    endloop
  endfacet
  facet normal -1.000000 0.000000 0.000000
    outer loop
      vertex 118.400002 2.000000 2.000000
      vertex 118.400002 9.650000 9.500000
      vertex 118.400002 15.450000 9.500000
    endloop
  endfacet
  facet normal -1.000000 0.000000 0.000000
    outer loop
      vertex 118.400002 2.000000 2.000000
      vertex 118.400002 7.744744 10.600000
      vertex 118.400002 9.650000 9.500000
    endloop
  endfacet
  facet normal -1.000000 0.000000 0.000000
    outer loop
      vertex 118.400002 2.000000 2.000000
      vertex 118.400002 7.744744 12.800000
      vertex 118.400002 7.744744 10.600000
    endloop
  endfacet
  facet normal -1.000000 0.000000 0.000000
    outer loop
      vertex 118.400002 2.000000 2.000000
      vertex 118.400002 15.450000 9.500000
      vertex 118.400002 19.344744 10.600000
    endloop
  endfacet
  facet normal -1.000000 0.000000 0.000000
    outer loop
      vertex 118.400002 2.000000 2.000000
      vertex 118.400002 19.344744 10.600000
      vertex 118.400002 21.250000 9.500000
    endloop
  endfacet
  facet normal -1.000000 0.000000 0.000000
    outer loop
      vertex 118.400002 9.650000 9.500000
      vertex 118.400002 11.555256 10.600000
      vertex 118.400002 15.450000 9.500000
    endloop
  endfacet
  facet normal -1.000000 0.000000 0.000000
    outer loop
      vertex 118.400002 11.555256 10.600000
      vertex 118.400002 13.544744 10.600000
      vertex 118.400002 15.450000 9.500000
    endloop
  endfacet
  facet normal -1.000000 0.000000 0.000000
    outer loop
      vertex 118.400002 11.555256 10.600000
      vertex 118.400002 11.555256 12.800000
      vertex 118.400002 13.544744 10.600000
    endloop
  endfacet
  facet normal -1.000000 0.000000 0.000000
    outer loop
      vertex 118.400002 15.450000 9.500000
      vertex 118.400002 17.355255 10.600000
      vertex 118.400002 19.344744 10.600000
    endloop
  endfacet
  facet normal -1.000000 0.000000 0.000000
    outer loop
      vertex 118.400002 17.355255 10.600000
      vertex 118.400002 17.355255 12.800000
      vertex 118.400002 19.344744 10.600000
    endloop
  endfacet
  facet normal -1.000000 0.000000 0.000000
    outer loop
      vertex 118.400002 2.000000 2.000000
      vertex 118.400002 36.549999 5.150000
      vertex 118.400002 36.549999 3.766217
    endloop
  endfacet
  facet normal 0.000000 0.000000 1.000000
    outer loop
      vertex 118.400002 2.000000 2.000000
      vertex 118.400002 81.099998 2.000000
      vertex 107.970001 16.309999 2.000000
    endloop
  endfacet
  facet normal -1.000000 0.000000 0.000000
    outer loop
      vertex 118.400002 2.000000 2.000000
      vertex 118.400002 36.549999 3.766217
      vertex 118.400002 81.099998 2.000000
    endloop
  endfacet
  facet normal -1.000000 0.000000 0.000000
    outer loop
      vertex 118.400002 36.549999 5.150000
      vertex 118.400002 21.250000 9.500000
      vertex 118.400002 27.049999 9.500000
    endloop
  endfacet
  facet normal -1.000000 0.000000 0.000000
    outer loop
      vertex 118.400002 36.549999 5.150000
      vertex 118.400002 27.049999 9.500000
      vertex 118.400002 28.955256 10.600000
    endloop
  endfacet
  facet normal -1.000000 0.000000 0.000000
    outer loop
      vertex 118.400002 21.250000 9.500000
      vertex 118.400002 23.155256 10.600000
      vertex 118.400002 27.049999 9.500000
    endloop
  endfacet
  facet normal -1.000000 0.000000 0.000000
    outer loop
      vertex 118.400002 23.155256 10.600000
      vertex 118.400002 25.144745 10.600000
      vertex 118.400002 27.049999 9.500000
    endloop
  endfacet
  facet normal -1.000000 0.000000 0.000000
    outer loop
      vertex 118.400002 25.144745 10.600000
      vertex 118.400002 23.155256 10.600000
      vertex 118.400002 23.155256 12.800000
    endloop
  endfacet
  facet normal -1.000000 0.000000 0.000000
    outer loop
      vertex 118.400002 28.955256 10.600000
      vertex 118.400002 30.944744 10.600000
      vertex 118.400002 32.849998 9.500000
    endloop
  endfacet
  facet normal -1.000000 0.000000 0.000000
    outer loop
      vertex 118.400002 30.944744 10.600000
      vertex 118.400002 28.955256 10.600000
      vertex 118.400002 28.955256 12.800000
    endloop
  endfacet
  facet normal -1.000000 0.000000 0.000000
    outer loop
      vertex 118.400002 36.549999 5.150000
      vertex 118.400002 28.955256 10.600000
      vertex 118.400002 32.849998 9.500000
    endloop
  endfacet
  facet normal -1.000000 0.000000 0.000000
    outer loop
      vertex 118.400002 36.549999 5.150000
      vertex 118.400002 32.849998 9.500000
      vertex 118.400002 34.755257 10.600000
    endloop
  endfacet
  facet normal -1.000000 0.000000 0.000000
    outer loop
      vertex 118.400002 36.549999 5.150000
      vertex 118.400002 34.755257 10.600000
      vertex 118.400002 46.549999 5.150000
    endloop
  endfacet
  facet normal -1.000000 0.000000 0.000000
    outer loop
      vertex 118.400002 46.549999 5.150000
      vertex 118.400002 34.755257 10.600000
      vertex 118.400002 38.650002 9.500000
    endloop
  endfacet
  facet normal -1.000000 0.000000 0.000000
    outer loop
      vertex 118.400002 34.755257 10.600000
      vertex 118.400002 34.755257 12.800000
      vertex 118.400002 36.744743 10.600000
    endloop
  endfacet
  facet normal -1.000000 0.000000 0.000000
    outer loop
      vertex 118.400002 34.755257 10.600000
      vertex 118.400002 36.744743 10.600000
      vertex 118.400002 38.650002 9.500000
    endloop
  endfacet
  facet normal -1.000000 0.000000 0.000000
    outer loop
      vertex 118.400002 40.555256 10.600000
      vertex 118.400002 40.555256 12.800000
      vertex 118.400002 42.544743 10.600000
    endloop
  endfacet
  facet normal 0.000000 1.000000 0.000000
    outer loop
      vertex 2.000000 2.000000 23.400000
      vertex 93.066673 2.000000 19.218182
      vertex 118.400002 2.000000 2.000000
    endloop
  endfacet
  facet normal 0.000000 1.000000 0.000000
    outer loop
      vertex 2.000000 2.000000 23.400000
      vertex 93.066673 2.000000 19.600000
      vertex 93.066673 2.000000 19.218182
    endloop
  endfacet
  facet normal 0.000000 1.000000 0.000000
    outer loop
      vertex 2.000000 2.000000 23.400000
      vertex 93.066666 2.000000 22.400000
      vertex 93.066673 2.000000 19.600000
    endloop
  endfacet
  facet normal 0.000000 1.000000 0.000000
    outer loop
      vertex 2.000000 2.000000 23.400000
      vertex 99.066666 2.000000 22.400000
      vertex 93.066666 2.000000 22.400000
    endloop
  endfacet
  facet normal 0.000000 1.000000 0.000000
    outer loop
      vertex 2.000000 2.000000 23.400000
      vertex 118.400002 2.000000 23.400000
      vertex 99.066666 2.000000 22.400000
    endloop
  endfacet
  facet normal 0.000000 1.000000 0.000000
    outer loop
      vertex 118.400002 2.000000 2.000000
      vertex 93.066673 2.000000 19.218182
      vertex 99.066666 2.000000 19.218182
    endloop
  endfacet
  facet normal 0.000000 1.000000 0.000000
    outer loop
      vertex 118.400002 2.000000 2.000000
      vertex 99.066666 2.000000 19.218182
      vertex 103.233330 2.000000 19.218182
    endloop
  endfacet
  facet normal 0.000000 1.000000 0.000000
    outer loop
      vertex 118.400002 2.000000 2.000000
      vertex 103.233330 2.000000 19.218182
      vertex 109.233330 2.000000 19.218182
    endloop
  endfacet
  facet normal 0.000000 1.000000 0.000000
    outer loop
      vertex 118.400002 2.000000 2.000000
      vertex 109.233330 2.000000 19.218182
      vertex 109.233330 2.000000 19.600000
    endloop
  endfacet
  facet normal -1.000000 0.000000 0.000000
    outer loop
      vertex 118.400002 2.000000 2.000000
      vertex 118.400002 3.313953 23.400000
      vertex 118.400002 7.744744 12.800000
    endloop
  endfacet
  facet normal 0.000000 1.000000 0.000000
    outer loop
      vertex 118.400002 2.000000 2.000000
      vertex 109.233330 2.000000 19.600000
      vertex 109.233330 2.000000 22.400000
    endloop
  endfacet
  facet normal 0.000000 1.000000 0.000000
    outer loop
      vertex 118.400002 2.000000 2.000000
      vertex 109.233330 2.000000 22.400000
      vertex 118.400002 2.000000 23.400000
    endloop
  endfacet
  facet normal -1.000000 0.000000 0.000000
    outer loop
      vertex 118.400002 2.000000 2.000000
      vertex 118.400002 2.000000 23.400000
      vertex 118.400002 3.313953 23.400000
    endloop
  endfacet
  facet normal -1.000000 0.000000 0.000000
    outer loop
      vertex 118.400002 3.313953 23.400000
      vertex 118.400002 9.650000 13.900000
      vertex 118.400002 7.744744 12.800000
    endloop
  endfacet
  facet normal -1.000000 0.000000 0.000000
    outer loop
      vertex 118.400002 3.313953 23.400000
      vertex 118.400002 15.450000 13.900000
      vertex 118.400002 9.650000 13.900000
    endloop
  endfacet
  facet normal -1.000000 0.000000 0.000000
    outer loop
      vertex 118.400002 13.544744 10.600000
      vertex 118.400002 11.555256 12.800000
      vertex 118.400002 13.544744 12.800000
    endloop
  endfacet
  facet normal -1.000000 0.000000 0.000000
    outer loop
      vertex 118.400002 9.650000 13.900000
      vertex 118.400002 13.544744 12.800000
      vertex 118.400002 11.555256 12.800000
    endloop
  endfacet
  facet normal -1.000000 0.000000 0.000000
    outer loop
      vertex 118.400002 9.650000 13.900000
      vertex 118.400002 15.450000 13.900000
      vertex 118.400002 13.544744 12.800000
    endloop
  endfacet
  facet normal -1.000000 0.000000 0.000000
    outer loop
      vertex 118.400002 17.355255 12.800000
      vertex 118.400002 19.344744 12.800000
      vertex 118.400002 19.344744 10.600000
    endloop
  endfacet
  facet normal -1.000000 0.000000 0.000000
    outer loop
      vertex 118.400002 17.355255 12.800000
      vertex 118.400002 15.450000 13.900000
      vertex 118.400002 19.344744 12.800000
    endloop
  endfacet
  facet normal -1.000000 0.000000 0.000000
    outer loop
      vertex 118.400002 3.313953 23.400000
      vertex 118.400002 19.344744 12.800000
      vertex 118.400002 15.450000 13.900000
    endloop
  endfacet
  facet normal -1.000000 0.000000 0.000000
    outer loop
      vertex 118.400002 3.313953 23.400000
      vertex 118.400002 21.250000 13.900000
      vertex 118.400002 19.344744 12.800000
    endloop
  endfacet
  facet normal -1.000000 0.000000 0.000000
    outer loop
      vertex 118.400002 3.313953 23.400000
      vertex 118.400002 25.144745 12.800000
      vertex 118.400002 21.250000 13.900000
    endloop
  endfacet
  facet normal -1.000000 0.000000 0.000000
    outer loop
      vertex 118.400002 3.313953 23.400000
      vertex 118.400002 27.049999 13.900000
      vertex 118.400002 25.144745 12.800000
    endloop
  endfacet
  facet normal 0.000000 0.000000 0.000000
    outer loop
      vertex 93.066673 2.000000 19.218182
      vertex 93.066673 2.000000 19.600000
      vertex 93.066673 2.000000 19.600000
    endloop
  endfacet
  facet normal 0.000000 1.000000 0.000000
    outer loop
      vertex 99.066666 2.000000 19.218182
      vertex 99.066673 2.000000 20.200001
      vertex 103.233330 2.000000 20.200001
    endloop
  endfacet
  facet normal 0.000000 1.000000 0.000000
    outer loop
      vertex 99.066666 2.000000 19.218182
      vertex 103.233330 2.000000 20.200001
      vertex 103.233330 2.000000 19.218182
    endloop
  endfacet
  facet normal 0.000000 1.000000 0.000000
    outer loop
      vertex 99.066673 2.000000 20.200001
      vertex 99.066666 2.000000 20.200001
      vertex 99.066666 2.000000 22.400000
    endloop
  endfacet
  facet normal 0.000000 1.000000 0.000000
    outer loop
      vertex 99.066673 2.000000 20.200001
      vertex 99.066666 2.000000 22.400000
      vertex 103.233330 2.000000 20.200001
    endloop
  endfacet
  facet normal 0.000000 0.000000 0.000000
    outer loop
      vertex 103.233330 2.000000 20.200001
      vertex 99.066666 2.000000 22.400000
      vertex 103.233330 2.000000 20.200001
    endloop
  endfacet
  facet normal 0.000000 1.000000 0.000000
    outer loop
      vertex 99.066666 2.000000 22.400000
      vertex 103.233330 2.000000 22.400000
      vertex 103.233330 2.000000 20.200001
    endloop
  endfacet
  facet normal 0.000000 0.000000 0.000000
    outer loop
      vertex 109.233330 2.000000 19.218182
      vertex 109.233330 2.000000 19.600000
      vertex 109.233330 2.000000 19.600000
    endloop
  endfacet
  facet normal 0.000000 1.000000 0.000000
    outer loop
      vertex 118.400002 2.000000 23.400000
      vertex 103.233330 2.000000 22.400000
      vertex 99.066666 2.000000 22.400000
    endloop
  endfacet
  facet normal 0.000000 1.000000 0.000000
    outer loop
      vertex 118.400002 2.000000 23.400000
      vertex 109.233330 2.000000 22.400000
      vertex 103.233330 2.000000 22.400000
    endloop
  endfacet
  facet normal -1.000000 0.000000 0.000000
    outer loop
      vertex 118.400002 3.313953 23.400000
      vertex 118.400002 26.033331 20.200001
      vertex 118.400002 26.033333 19.218180
    endloop
  endfacet
  facet normal -1.000000 0.000000 0.000000
    outer loop
      vertex 118.400002 3.313953 23.400000
      vertex 118.400002 26.033333 20.200001
      vertex 118.400002 26.033331 20.200001
    endloop
  endfacet
  facet normal -1.000000 0.000000 0.000000
    outer loop
      vertex 118.400002 3.313953 23.400000
      vertex 118.400002 26.033333 22.400000
      vertex 118.400002 26.033333 20.200001
    endloop
  endfacet
  facet normal -1.000000 0.000000 0.000000
    outer loop
      vertex 118.400002 23.155256 12.800000
      vertex 118.400002 25.144745 12.800000
      vertex 118.400002 25.144745 10.600000
    endloop
  endfacet
  facet normal -1.000000 0.000000 0.000000
    outer loop
      vertex 118.400002 23.155256 12.800000
      vertex 118.400002 21.250000 13.900000
      vertex 118.400002 25.144745 12.800000
    endloop
  endfacet
  facet normal -1.000000 0.000000 0.000000
    outer loop
      vertex 118.400002 28.955256 12.800000
      vertex 118.400002 30.944744 12.800000
      vertex 118.400002 30.944744 10.600000
    endloop
  endfacet
  facet normal -1.000000 0.000000 0.000000
    outer loop
      vertex 118.400002 28.955256 12.800000
      vertex 118.400002 27.049999 13.900000
      vertex 118.400002 30.944744 12.800000
    endloop
  endfacet
  facet normal -1.000000 0.000000 0.000000
    outer loop
      vertex 118.400002 27.049999 13.900000
      vertex 118.400002 32.849998 13.900000
      vertex 118.400002 30.944744 12.800000
    endloop
  endfacet
  facet normal -1.000000 0.000000 0.000000
    outer loop
      vertex 118.400002 3.313953 23.400000
      vertex 118.400002 32.849998 13.900000
      vertex 118.400002 27.049999 13.900000
    endloop
  endfacet
  facet normal -1.000000 0.000000 0.000000
    outer loop
      vertex 118.400002 3.313953 23.400000
      vertex 118.400002 36.744743 12.800000
      vertex 118.400002 32.849998 13.900000
    endloop
  endfacet
  facet normal -1.000000 0.000000 0.000000
    outer loop
      vertex 118.400002 34.755257 12.800000
      vertex 118.400002 36.744743 12.800000
      vertex 118.400002 36.744743 10.600000
    endloop
  endfacet
  facet normal -1.000000 0.000000 0.000000
    outer loop
      vertex 118.400002 34.755257 12.800000
      vertex 118.400002 32.849998 13.900000
      vertex 118.400002 36.744743 12.800000
    endloop
  endfacet
  facet normal -1.000000 0.000000 0.000000
    outer loop
      vertex 118.400002 38.650002 13.900000
      vertex 118.400002 42.544743 12.800000
      vertex 118.400002 40.555256 12.800000
    endloop
  endfacet
  facet normal -1.000000 0.000000 0.000000
    outer loop
      vertex 118.400002 36.744743 12.800000
      vertex 118.400002 32.033329 19.218180
      vertex 118.400002 38.650002 13.900000
    endloop
  endfacet
  facet normal -1.000000 0.000000 0.000000
    outer loop
      vertex 118.400002 36.744743 12.800000
      vertex 118.400002 26.033333 19.218180
      vertex 118.400002 32.033329 19.218180
    endloop
  endfacet
  facet normal -1.000000 0.000000 0.000000
    outer loop
      vertex 118.400002 38.650002 13.900000
      vertex 118.400002 32.033329 19.218180
      vertex 118.400002 44.450001 13.900000
    endloop
  endfacet
  facet normal -1.000000 0.000000 0.000000
    outer loop
      vertex 118.400002 3.313953 23.400000
      vertex 118.400002 26.033333 19.218180
      vertex 118.400002 36.744743 12.800000
    endloop
  endfacet
  facet normal -1.000000 0.000000 0.000000
    outer loop
      vertex 118.400002 32.033329 19.218180
      vertex 118.400002 32.033329 19.600000
      vertex 118.400002 32.033333 19.600000
    endloop
  endfacet
  facet normal -1.000000 0.000000 0.000000
    outer loop
      vertex 118.400002 32.033329 19.218180
      vertex 118.400002 32.033333 19.600000
      vertex 118.400002 51.066669 19.218180
    endloop
  endfacet
  facet normal -1.000000 0.000000 0.000000
    outer loop
      vertex 118.400002 32.033333 22.400000
      vertex 118.400002 51.066669 19.218180
      vertex 118.400002 32.033333 19.600000
    endloop
  endfacet
  facet normal -1.000000 0.000000 0.000000
    outer loop
      vertex 118.400002 3.313953 23.400000
      vertex 118.400002 81.099998 23.400000
      vertex 118.400002 26.033333 22.400000
    endloop
  endfacet
  facet normal 0.000000 0.000000 1.000000
    outer loop
      vertex 2.000000 81.099998 2.000000
      vertex 107.970001 70.669998 2.000000
      vertex 118.400002 81.099998 2.000000
    endloop
  endfacet
  facet normal 0.000000 -1.000000 0.000000
    outer loop
      vertex 55.200001 81.099998 3.766216
      vertex 118.400002 81.099998 2.000000
      vertex 65.199997 81.099998 3.766216
    endloop
  endfacet
  facet normal 0.000000 -1.000000 0.000000
    outer loop
      vertex 65.199997 81.099998 3.766216
      vertex 118.400002 81.099998 2.000000
      vertex 65.199997 81.099998 5.150000
    endloop
  endfacet
  facet normal 0.000000 -1.000000 0.000000
    outer loop
      vertex 55.200001 81.099998 5.150000
      vertex 65.199997 81.099998 5.150000
      vertex 118.400002 81.099998 23.400000
    endloop
  endfacet
  facet normal 0.000000 0.000000 1.000000
    outer loop
      vertex 118.400002 81.099998 2.000000
      vertex 107.970001 70.669998 2.000000
      vertex 107.970001 16.309999 2.000000
    endloop
  endfacet
  facet normal -1.000000 0.000000 0.000000
    outer loop
      vertex 118.400002 36.549999 3.766217
      vertex 118.400002 46.549999 3.766217
      vertex 118.400002 81.099998 2.000000
    endloop
  endfacet
  facet normal -1.000000 0.000000 0.000000
    outer loop
      vertex 118.400002 46.549999 3.766217
      vertex 118.400002 46.549999 5.150000
      vertex 118.400002 81.099998 2.000000
    endloop
  endfacet
  facet normal -1.000000 0.000000 0.000000
    outer loop
      vertex 118.400002 46.549999 5.150000
      vertex 118.400002 38.650002 9.500000
      vertex 118.400002 40.555256 10.600000
    endloop
  endfacet
  facet normal -1.000000 0.000000 0.000000
    outer loop
      vertex 118.400002 46.549999 5.150000
      vertex 118.400002 42.544743 10.600000
      vertex 118.400002 44.450001 9.500000
    endloop
  endfacet
  facet normal -1.000000 0.000000 0.000000
    outer loop
      vertex 118.400002 46.549999 5.150000
      vertex 118.400002 44.450001 9.500000
      vertex 118.400002 46.355255 10.600000
    endloop
  endfacet
  facet normal -1.000000 0.000000 0.000000
    outer loop
      vertex 118.400002 46.549999 5.150000
      vertex 118.400002 48.344746 10.600000
      vertex 118.400002 50.250000 9.500000
    endloop
  endfacet
  facet normal -1.000000 0.000000 0.000000
    outer loop
      vertex 118.400002 46.549999 5.150000
      vertex 118.400002 50.250000 9.500000
      vertex 118.400002 52.155254 10.600000
    endloop
  endfacet
  facet normal -1.000000 0.000000 0.000000
    outer loop
      vertex 118.400002 46.549999 5.150000
      vertex 118.400002 40.555256 10.600000
      vertex 118.400002 42.544743 10.600000
    endloop
  endfacet
  facet normal -1.000000 0.000000 0.000000
    outer loop
      vertex 118.400002 46.549999 5.150000
      vertex 118.400002 46.355255 10.600000
      vertex 118.400002 48.344746 10.600000
    endloop
  endfacet
  facet normal -1.000000 0.000000 0.000000
    outer loop
      vertex 118.400002 46.355255 12.800000
      vertex 118.400002 48.344746 10.600000
      vertex 118.400002 46.355255 10.600000
    endloop
  endfacet
  facet normal -1.000000 0.000000 0.000000
    outer loop
      vertex 118.400002 46.549999 5.150000
      vertex 118.400002 52.155254 10.600000
      vertex 118.400002 81.099998 2.000000
    endloop
  endfacet
  facet normal -1.000000 0.000000 0.000000
    outer loop
      vertex 118.400002 52.155254 10.600000
      vertex 118.400002 54.144745 10.600000
      vertex 118.400002 56.049999 9.500000
    endloop
  endfacet
  facet normal -1.000000 0.000000 0.000000
    outer loop
      vertex 118.400002 52.155254 10.600000
      vertex 118.400002 52.155254 12.800000
      vertex 118.400002 54.144745 10.600000
    endloop
  endfacet
  facet normal -1.000000 0.000000 0.000000
    outer loop
      vertex 118.400002 56.049999 9.500000
      vertex 118.400002 57.955257 10.600000
      vertex 118.400002 61.849998 9.500000
    endloop
  endfacet
  facet normal -1.000000 0.000000 0.000000
    outer loop
      vertex 118.400002 57.955257 10.600000
      vertex 118.400002 59.944744 10.600000
      vertex 118.400002 61.849998 9.500000
    endloop
  endfacet
  facet normal -1.000000 0.000000 0.000000
    outer loop
      vertex 118.400002 57.955257 10.600000
      vertex 118.400002 57.955257 12.800000
      vertex 118.400002 59.944744 10.600000
    endloop
  endfacet
  facet normal 0.000000 -1.000000 0.000000
    outer loop
      vertex 65.199997 81.099998 5.150000
      vertex 118.400002 81.099998 2.000000
      vertex 118.400002 81.099998 23.400000
    endloop
  endfacet
  facet normal -1.000000 0.000000 0.000000
    outer loop
      vertex 118.400002 81.099998 2.000000
      vertex 118.400002 56.049999 9.500000
      vertex 118.400002 61.849998 9.500000
    endloop
  endfacet
  facet normal -1.000000 0.000000 0.000000
    outer loop
      vertex 118.400002 81.099998 2.000000
      vertex 118.400002 52.155254 10.600000
      vertex 118.400002 56.049999 9.500000
    endloop
  endfacet
  facet normal -1.000000 0.000000 0.000000
    outer loop
      vertex 118.400002 81.099998 2.000000
      vertex 118.400002 61.849998 9.500000
      vertex 118.400002 67.650002 9.500000
    endloop
  endfacet
  facet normal -1.000000 0.000000 0.000000
    outer loop
      vertex 118.400002 61.849998 9.500000
      vertex 118.400002 63.755257 10.600000
      vertex 118.400002 67.650002 9.500000
    endloop
  endfacet
  facet normal -1.000000 0.000000 0.000000
    outer loop
      vertex 118.400002 63.755257 10.600000
      vertex 118.400002 65.744743 10.600000
      vertex 118.400002 67.650002 9.500000
    endloop
  endfacet
  facet normal -1.000000 0.000000 0.000000
    outer loop
      vertex 118.400002 63.755257 10.600000
      vertex 118.400002 63.755257 12.800000
      vertex 118.400002 65.744743 10.600000
    endloop
  endfacet
  facet normal -1.000000 0.000000 0.000000
    outer loop
      vertex 118.400002 67.650002 9.500000
      vertex 118.400002 69.555252 10.600000
      vertex 118.400002 73.449997 9.500000
    endloop
  endfacet
  facet normal -1.000000 0.000000 0.000000
    outer loop
      vertex 118.400002 69.555252 10.600000
      vertex 118.400002 71.544746 10.600000
      vertex 118.400002 73.449997 9.500000
    endloop
  endfacet
  facet normal -1.000000 0.000000 0.000000
    outer loop
      vertex 118.400002 69.555252 10.600000
      vertex 118.400002 69.555252 12.800000
      vertex 118.400002 71.544746 10.600000
    endloop
  endfacet
  facet normal -1.000000 0.000000 0.000000
    outer loop
      vertex 118.400002 81.099998 2.000000
      vertex 118.400002 67.650002 9.500000
      vertex 118.400002 73.449997 9.500000
    endloop
  endfacet
  facet normal -1.000000 0.000000 0.000000
    outer loop
      vertex 118.400002 81.099998 2.000000
      vertex 118.400002 73.449997 9.500000
      vertex 118.400002 75.355255 10.600000
    endloop
  endfacet
  facet normal 0.000000 -1.000000 0.000000
    outer loop
      vertex 2.000000 81.099998 2.000000
      vertex 118.400002 81.099998 23.400000
      vertex 81.933327 81.099998 19.218185
    endloop
  endfacet
  facet normal 0.000000 -1.000000 0.000000
    outer loop
      vertex 44.466667 81.099998 20.200001
      vertex 75.933334 81.099998 19.218185
      vertex 75.933327 81.099998 20.200001
    endloop
  endfacet
  facet normal 0.000000 -1.000000 0.000000
    outer loop
      vertex 44.466667 81.099998 20.200001
      vertex 75.933327 81.099998 20.200001
      vertex 75.933334 81.099998 22.400000
    endloop
  endfacet
  facet normal 0.000000 -1.000000 0.000000
    outer loop
      vertex 2.000000 81.099998 23.400000
      vertex 81.933334 81.099998 22.400000
      vertex 118.400002 81.099998 23.400000
    endloop
  endfacet
  facet normal 0.000000 0.000000 0.000000
    outer loop
      vertex 81.933327 81.099998 19.218185
      vertex 81.933327 81.099998 19.600000
      vertex 81.933327 81.099998 19.600000
    endloop
  endfacet
  facet normal 0.000000 -1.000000 0.000000
    outer loop
      vertex 75.933334 81.099998 20.200001
      vertex 75.933334 81.099998 22.400000
      vertex 75.933327 81.099998 20.200001
    endloop
  endfacet
  facet normal -1.000000 0.000000 0.000000
    outer loop
      vertex 118.400002 42.544743 12.800000
      vertex 118.400002 42.544743 10.600000
      vertex 118.400002 40.555256 12.800000
    endloop
  endfacet
  facet normal -1.000000 0.000000 0.000000
    outer loop
      vertex 118.400002 38.650002 13.900000
      vertex 118.400002 44.450001 13.900000
      vertex 118.400002 42.544743 12.800000
    endloop
  endfacet
  facet normal -1.000000 0.000000 0.000000
    outer loop
      vertex 118.400002 46.355255 12.800000
      vertex 118.400002 48.344746 12.800000
      vertex 118.400002 48.344746 10.600000
    endloop
  endfacet
  facet normal -1.000000 0.000000 0.000000
    outer loop
      vertex 118.400002 32.033329 19.218180
      vertex 118.400002 51.066669 19.218180
      vertex 118.400002 44.450001 13.900000
    endloop
  endfacet
  facet normal -1.000000 0.000000 0.000000
    outer loop
      vertex 118.400002 46.355255 12.800000
      vertex 118.400002 44.450001 13.900000
      vertex 118.400002 51.066669 19.218180
    endloop
  endfacet
  facet normal -1.000000 0.000000 0.000000
    outer loop
      vertex 118.400002 46.355255 12.800000
      vertex 118.400002 51.066669 19.218180
      vertex 118.400002 48.344746 12.800000
    endloop
  endfacet
  facet normal -1.000000 0.000000 0.000000
    outer loop
      vertex 118.400002 48.344746 12.800000
      vertex 118.400002 51.066669 19.218180
      vertex 118.400002 50.250000 13.900000
    endloop
  endfacet
  facet normal -1.000000 0.000000 0.000000
    outer loop
      vertex 118.400002 52.155254 12.800000
      vertex 118.400002 54.144745 12.800000
      vertex 118.400002 54.144745 10.600000
    endloop
  endfacet
  facet normal -1.000000 0.000000 0.000000
    outer loop
      vertex 118.400002 57.955257 12.800000
      vertex 118.400002 59.944744 12.800000
      vertex 118.400002 59.944744 10.600000
    endloop
  endfacet
  facet normal -1.000000 0.000000 0.000000
    outer loop
      vertex 118.400002 50.250000 13.900000
      vertex 118.400002 57.066666 19.218180
      vertex 118.400002 52.155254 12.800000
    endloop
  endfacet
  facet normal -1.000000 0.000000 0.000000
    outer loop
      vertex 118.400002 52.155254 12.800000
      vertex 118.400002 57.066666 19.218180
      vertex 118.400002 54.144745 12.800000
    endloop
  endfacet
  facet normal -1.000000 0.000000 0.000000
    outer loop
      vertex 118.400002 54.144745 12.800000
      vertex 118.400002 57.066666 19.218180
      vertex 118.400002 56.049999 13.900000
    endloop
  endfacet
  facet normal -1.000000 0.000000 0.000000
    outer loop
      vertex 118.400002 57.955257 12.800000
      vertex 118.400002 56.049999 13.900000
      vertex 118.400002 57.066666 19.218180
    endloop
  endfacet
  facet normal -1.000000 0.000000 0.000000
    outer loop
      vertex 118.400002 50.250000 13.900000
      vertex 118.400002 51.066669 19.218180
      vertex 118.400002 57.066666 19.218180
    endloop
  endfacet
  facet normal -1.000000 0.000000 0.000000
    outer loop
      vertex 118.400002 57.955257 12.800000
      vertex 118.400002 57.066666 19.218180
      vertex 118.400002 59.944744 12.800000
    endloop
  endfacet
  facet normal -1.000000 0.000000 0.000000
    outer loop
      vertex 118.400002 59.944744 12.800000
      vertex 118.400002 57.066666 19.218180
      vertex 118.400002 61.849998 13.900000
    endloop
  endfacet
  facet normal -1.000000 0.000000 0.000000
    outer loop
      vertex 118.400002 57.066666 22.400000
      vertex 118.400002 65.744743 12.800000
      vertex 118.400002 61.849998 13.900000
    endloop
  endfacet
  facet normal -1.000000 0.000000 0.000000
    outer loop
      vertex 118.400002 32.033333 22.400000
      vertex 118.400002 51.066669 19.600000
      vertex 118.400002 51.066669 19.218180
    endloop
  endfacet
  facet normal 0.000000 0.000000 0.000000
    outer loop
      vertex 118.400002 51.066669 19.218180
      vertex 118.400002 51.066669 19.600000
      vertex 118.400002 51.066669 19.600000
    endloop
  endfacet
  facet normal -1.000000 0.000000 0.000000
    outer loop
      vertex 118.400002 32.033333 22.400000
      vertex 118.400002 51.066666 22.400000
      vertex 118.400002 51.066669 19.600000
    endloop
  endfacet
  facet normal -1.000000 0.000000 0.000000
    outer loop
      vertex 118.400002 81.099998 23.400000
      vertex 118.400002 32.033333 22.400000
      vertex 118.400002 26.033333 22.400000
    endloop
  endfacet
  facet normal -1.000000 0.000000 0.000000
    outer loop
      vertex 118.400002 57.066666 19.218180
      vertex 118.400002 57.066669 20.200001
      vertex 118.400002 61.849998 13.900000
    endloop
  endfacet
  facet normal -1.000000 0.000000 0.000000
    outer loop
      vertex 118.400002 57.066669 20.200001
      vertex 118.400002 57.066666 22.400000
      vertex 118.400002 61.849998 13.900000
    endloop
  endfacet
  facet normal -1.000000 0.000000 0.000000
    outer loop
      vertex 118.400002 57.066669 20.200001
      vertex 118.400002 57.066666 20.200001
      vertex 118.400002 57.066666 22.400000
    endloop
  endfacet
  facet normal -1.000000 0.000000 0.000000
    outer loop
      vertex 118.400002 81.099998 23.400000
      vertex 118.400002 51.066666 22.400000
      vertex 118.400002 32.033333 22.400000
    endloop
  endfacet
  facet normal -1.000000 0.000000 0.000000
    outer loop
      vertex 118.400002 63.755257 12.800000
      vertex 118.400002 65.744743 12.800000
      vertex 118.400002 65.744743 10.600000
    endloop
  endfacet
  facet normal -1.000000 0.000000 0.000000
    outer loop
      vertex 118.400002 63.755257 12.800000
      vertex 118.400002 61.849998 13.900000
      vertex 118.400002 65.744743 12.800000
    endloop
  endfacet
  facet normal -1.000000 0.000000 0.000000
    outer loop
      vertex 118.400002 71.544746 10.600000
      vertex 118.400002 69.555252 12.800000
      vertex 118.400002 71.544746 12.800000
    endloop
  endfacet
  facet normal -1.000000 0.000000 0.000000
    outer loop
      vertex 118.400002 69.555252 12.800000
      vertex 118.400002 67.650002 13.900000
      vertex 118.400002 71.544746 12.800000
    endloop
  endfacet
  facet normal -1.000000 0.000000 0.000000
    outer loop
      vertex 118.400002 67.650002 13.900000
      vertex 118.400002 73.449997 13.900000
      vertex 118.400002 71.544746 12.800000
    endloop
  endfacet
  facet normal -1.000000 0.000000 0.000000
    outer loop
      vertex 118.400002 57.066666 22.400000
      vertex 118.400002 67.650002 13.900000
      vertex 118.400002 65.744743 12.800000
    endloop
  endfacet
  facet normal -1.000000 0.000000 0.000000
    outer loop
      vertex 118.400002 57.066666 22.400000
      vertex 118.400002 73.449997 13.900000
      vertex 118.400002 67.650002 13.900000
    endloop
  endfacet
  facet normal -1.000000 0.000000 0.000000
    outer loop
      vertex 118.400002 81.099998 2.000000
      vertex 118.400002 75.355255 10.600000
      vertex 118.400002 81.099998 23.400000
    endloop
  endfacet
  facet normal -1.000000 0.000000 0.000000
    outer loop
      vertex 118.400002 81.099998 23.400000
      vertex 118.400002 75.355255 10.600000
      vertex 118.400002 75.355255 12.800000
    endloop
  endfacet
  facet normal -1.000000 0.000000 0.000000
    outer loop
      vertex 118.400002 81.099998 23.400000
      vertex 118.400002 75.355255 12.800000
      vertex 118.400002 73.449997 13.900000
    endloop
  endfacet
  facet normal 0.000000 -1.000000 0.000000
    outer loop
      vertex 118.400002 81.099998 23.400000
      vertex 81.933327 81.099998 19.600000
      vertex 81.933327 81.099998 19.218185
    endloop
  endfacet
  facet normal 0.000000 -1.000000 0.000000
    outer loop
      vertex 118.400002 81.099998 23.400000
      vertex 81.933334 81.099998 22.400000
      vertex 81.933327 81.099998 19.600000
    endloop
  endfacet
  facet normal -1.000000 0.000000 0.000000
    outer loop
      vertex 118.400002 81.099998 23.400000
      vertex 118.400002 73.449997 13.900000
      vertex 118.400002 57.066666 22.400000
    endloop
  endfacet
  facet normal -1.000000 0.000000 0.000000
    outer loop
      vertex 118.400002 81.099998 23.400000
      vertex 118.400002 57.066666 22.400000
      vertex 118.400002 51.066666 22.400000
    endloop
  endfacet
  facet normal -1.000000 0.000000 0.000000
    outer loop
      vertex 55.200001 2.000000 3.766216
      vertex 55.200001 2.000000 5.150000
      vertex 55.200001 5.200000 5.150000
    endloop
  endfacet
  facet normal 0.000000 0.396911 -0.917857
    outer loop
      vertex 55.200001 2.000000 3.766216
      vertex 55.200001 5.200000 5.150000
      vertex 65.199997 5.200000 5.150000
    endloop
  endfacet
  facet normal 0.000000 0.000000 1.000000
    outer loop
      vertex 55.200001 2.000000 5.150000
      vertex 65.199997 2.000000 5.150000
      vertex 55.200001 5.200000 5.150000
    endloop
  endfacet
  facet normal 0.000000 0.396911 -0.917857
    outer loop
      vertex 55.200001 2.000000 3.766216
      vertex 65.199997 5.200000 5.150000
      vertex 65.199997 2.000000 3.766216
    endloop
  endfacet
  facet normal 0.000000 0.000000 1.000000
    outer loop
      vertex 55.200001 5.200000 5.150000
      vertex 65.199997 2.000000 5.150000
      vertex 65.199997 5.200000 5.150000
    endloop
  endfacet
  facet normal 1.000000 0.000000 0.000000
    outer loop
      vertex 65.199997 2.000000 3.766216
      vertex 65.199997 5.200000 5.150000
      vertex 65.199997 2.000000 5.150000
    endloop
  endfacet
  facet normal 0.000000 -0.396912 -0.917857
    outer loop
      vertex 55.200001 77.900002 5.150000
      vertex 55.200001 81.099998 3.766216
      vertex 65.199997 81.099998 3.766216
    endloop
  endfacet
  facet normal -1.000000 0.000000 0.000000
    outer loop
      vertex 55.200001 77.900002 5.150000
      vertex 55.200001 81.099998 5.150000
      vertex 55.200001 81.099998 3.766216
    endloop
  endfacet
  facet normal 0.000000 0.000000 1.000000
    outer loop
      vertex 55.200001 77.900002 5.150000
      vertex 65.199997 77.900002 5.150000
      vertex 55.200001 81.099998 5.150000
    endloop
  endfacet
  facet normal 0.000000 -0.396912 -0.917857
    outer loop
      vertex 55.200001 77.900002 5.150000
      vertex 65.199997 81.099998 3.766216
      vertex 65.199997 77.900002 5.150000
    endloop
  endfacet
  facet normal 0.000000 0.000000 1.000000
    outer loop
      vertex 55.200001 81.099998 5.150000
      vertex 65.199997 77.900002 5.150000
      vertex 65.199997 81.099998 5.150000
    endloop
  endfacet
  facet normal 1.000000 0.000000 0.000000
    outer loop
      vertex 65.199997 77.900002 5.150000
      vertex 65.199997 81.099998 3.766216
      vertex 65.199997 81.099998 5.150000
    endloop
  endfacet
  facet normal 0.396911 0.000000 -0.917857
    outer loop
      vertex 2.000000 36.549999 3.766216
      vertex 2.000000 46.549999 3.766216
      vertex 5.200000 36.549999 5.150000
    endloop
  endfacet
  facet normal 0.000000 -1.000000 0.000000
    outer loop
      vertex 2.000000 36.549999 3.766216
      vertex 5.200000 36.549999 5.150000
      vertex 2.000000 36.549999 5.150000
    endloop
  endfacet
  facet normal 0.000000 0.000000 1.000000
    outer loop
      vertex 2.000000 36.549999 5.150000
      vertex 5.200000 36.549999 5.150000
      vertex 5.200000 46.549999 5.150000
    endloop
  endfacet
  facet normal 0.000000 0.000000 1.000000
    outer loop
      vertex 2.000000 36.549999 5.150000
      vertex 5.200000 46.549999 5.150000
      vertex 2.000000 46.549999 5.150000
    endloop
  endfacet
  facet normal 0.000000 1.000000 0.000000
    outer loop
      vertex 2.000000 46.549999 3.766216
      vertex 2.000000 46.549999 5.150000
      vertex 5.200000 46.549999 5.150000
    endloop
  endfacet
  facet normal 0.396911 0.000000 -0.917857
    outer loop
      vertex 5.200000 36.549999 5.150000
      vertex 2.000000 46.549999 3.766216
      vertex 5.200000 46.549999 5.150000
    endloop
  endfacet
  facet normal -0.396911 0.000000 -0.917857
    outer loop
      vertex 118.400002 36.549999 3.766217
      vertex 115.199997 36.549999 5.150000
      vertex 115.199997 46.549999 5.150000
    endloop
  endfacet
  facet normal 0.000000 -1.000000 0.000000
    outer loop
      vertex 118.400002 36.549999 3.766217
      vertex 118.400002 36.549999 5.150000
      vertex 115.199997 36.549999 5.150000
    endloop
  endfacet
  facet normal 0.000000 0.000000 1.000000
    outer loop
      vertex 115.199997 36.549999 5.150000
      vertex 118.400002 36.549999 5.150000
      vertex 118.400002 46.549999 5.150000
    endloop
  endfacet
  facet normal -0.396911 0.000000 -0.917857
    outer loop
      vertex 118.400002 36.549999 3.766217
      vertex 115.199997 46.549999 5.150000
      vertex 118.400002 46.549999 3.766217
    endloop
  endfacet
  facet normal 0.000000 0.000000 1.000000
    outer loop
      vertex 115.199997 36.549999 5.150000
      vertex 118.400002 46.549999 5.150000
      vertex 115.199997 46.549999 5.150000
    endloop
  endfacet
  facet normal 0.000000 1.000000 0.000000
    outer loop
      vertex 118.400002 46.549999 3.766217
      vertex 115.199997 46.549999 5.150000
      vertex 118.400002 46.549999 5.150000
    endloop
  endfacet
  facet normal 1.000000 0.000000 0.000000
    outer loop
      vertex 12.430000 16.309999 2.000000
      vertex 12.430000 16.309999 0.000000
      vertex 12.430000 70.669998 2.000000
    endloop
  endfacet
  facet normal 0.000000 1.000000 0.000000
    outer loop
      vertex 12.430000 16.309999 0.000000
      vertex 12.430000 16.309999 2.000000
      vertex 107.970001 16.309999 0.000000
    endloop
  endfacet
  facet normal 1.000000 0.000000 0.000000
    outer loop
      vertex 12.430000 16.309999 0.000000
      vertex 12.430000 70.669998 0.000000
      vertex 12.430000 70.669998 2.000000
    endloop
  endfacet
  facet normal 0.000000 -1.000000 0.000000
    outer loop
      vertex 12.430000 70.669998 0.000000
      vertex 107.970001 70.669998 2.000000
      vertex 12.430000 70.669998 2.000000
    endloop
  endfacet
  facet normal 0.000000 1.000000 0.000000
    outer loop
      vertex 107.970001 16.309999 0.000000
      vertex 12.430000 16.309999 2.000000
      vertex 107.970001 16.309999 2.000000
    endloop
  endfacet
  facet normal -1.000000 0.000000 0.000000
    outer loop
      vertex 107.970001 16.309999 0.000000
      vertex 107.970001 16.309999 2.000000
      vertex 107.970001 70.669998 0.000000
    endloop
  endfacet
  facet normal 0.000000 -1.000000 0.000000
    outer loop
      vertex 12.430000 70.669998 0.000000
      vertex 107.970001 70.669998 0.000000
      vertex 107.970001 70.669998 2.000000
    endloop
  endfacet
  facet normal -1.000000 0.000000 0.000000
    outer loop
      vertex 107.970001 70.669998 0.000000
      vertex 107.970001 16.309999 2.000000
      vertex 107.970001 70.669998 2.000000
    endloop
  endfacet
  facet normal 0.000000 0.500000 0.866025
    outer loop
      vertex 118.400002 9.650000 9.500000
      vertex 120.400002 7.744744 10.600000
      vertex 120.400002 9.650000 9.500000
    endloop
  endfacet
  facet normal 0.000000 0.500000 0.866025
    outer loop
      vertex 118.400002 9.650000 9.500000
      vertex 118.400002 7.744744 10.600000
      vertex 120.400002 7.744744 10.600000
    endloop
  endfacet
  facet normal 0.000000 -0.500000 0.866025
    outer loop
      vertex 118.400002 9.650000 9.500000
      vertex 120.400002 9.650000 9.500000
      vertex 118.400002 11.555256 10.600000
    endloop
  endfacet
  facet normal 0.000000 1.000000 0.000000
    outer loop
      vertex 120.400002 7.744744 10.600000
      vertex 118.400002 7.744744 10.600000
      vertex 120.400002 7.744744 12.800000
    endloop
  endfacet
  facet normal 0.000000 -0.500000 0.866025
    outer loop
      vertex 118.400002 11.555256 10.600000
      vertex 120.400002 9.650000 9.500000
      vertex 120.400002 11.555256 10.600000
    endloop
  endfacet
  facet normal 0.000000 -1.000000 0.000000
    outer loop
      vertex 118.400002 11.555256 10.600000
      vertex 120.400002 11.555256 10.600000
      vertex 118.400002 11.555256 12.800000
    endloop
  endfacet
  facet normal 0.000000 1.000000 0.000000
    outer loop
      vertex 118.400002 7.744744 10.600000
      vertex 118.400002 7.744744 12.800000
      vertex 120.400002 7.744744 12.800000
    endloop
  endfacet
  facet normal 0.000000 0.500000 -0.866025
    outer loop
      vertex 120.400002 7.744744 12.800000
      vertex 118.400002 7.744744 12.800000
      vertex 120.400002 9.650000 13.900000
    endloop
  endfacet
  facet normal 0.000000 0.500000 -0.866025
    outer loop
      vertex 118.400002 7.744744 12.800000
      vertex 118.400002 9.650000 13.900000
      vertex 120.400002 9.650000 13.900000
    endloop
  endfacet
  facet normal 0.000000 -0.500000 -0.866026
    outer loop
      vertex 118.400002 9.650000 13.900000
      vertex 120.400002 11.555256 12.800000
      vertex 120.400002 9.650000 13.900000
    endloop
  endfacet
  facet normal 0.000000 -1.000000 0.000000
    outer loop
      vertex 118.400002 11.555256 12.800000
      vertex 120.400002 11.555256 10.600000
      vertex 120.400002 11.555256 12.800000
    endloop
  endfacet
  facet normal 0.000000 -0.500000 -0.866026
    outer loop
      vertex 118.400002 9.650000 13.900000
      vertex 118.400002 11.555256 12.800000
      vertex 120.400002 11.555256 12.800000
    endloop
  endfacet
  facet normal 0.000000 0.500000 0.866025
    outer loop
      vertex 118.400002 13.544744 10.600000
      vertex 120.400002 13.544744 10.600000
      vertex 118.400002 15.450000 9.500000
    endloop
  endfacet
  facet normal 0.000000 0.500000 0.866025
    outer loop
      vertex 118.400002 15.450000 9.500000
      vertex 120.400002 13.544744 10.600000
      vertex 120.400002 15.450000 9.500000
    endloop
  endfacet
  facet normal 0.000000 1.000000 0.000000
    outer loop
      vertex 120.400002 13.544744 10.600000
      vertex 118.400002 13.544744 10.600000
      vertex 120.400002 13.544744 12.800000
    endloop
  endfacet
  facet normal 0.000000 -0.500000 0.866025
    outer loop
      vertex 118.400002 15.450000 9.500000
      vertex 120.400002 15.450000 9.500000
      vertex 118.400002 17.355255 10.600000
    endloop
  endfacet
  facet normal 0.000000 -0.500000 0.866025
    outer loop
      vertex 118.400002 17.355255 10.600000
      vertex 120.400002 15.450000 9.500000
      vertex 120.400002 17.355255 10.600000
    endloop
  endfacet
  facet normal 0.000000 -1.000000 0.000000
    outer loop
      vertex 118.400002 17.355255 10.600000
      vertex 120.400002 17.355255 10.600000
      vertex 118.400002 17.355255 12.800000
    endloop
  endfacet
  facet normal 0.000000 1.000000 0.000000
    outer loop
      vertex 118.400002 13.544744 10.600000
      vertex 118.400002 13.544744 12.800000
      vertex 120.400002 13.544744 12.800000
    endloop
  endfacet
  facet normal 0.000000 0.500000 -0.866025
    outer loop
      vertex 118.400002 13.544744 12.800000
      vertex 120.400002 15.450000 13.900000
      vertex 120.400002 13.544744 12.800000
    endloop
  endfacet
  facet normal 0.000000 0.500000 -0.866025
    outer loop
      vertex 118.400002 13.544744 12.800000
      vertex 118.400002 15.450000 13.900000
      vertex 120.400002 15.450000 13.900000
    endloop
  endfacet
  facet normal 0.000000 -1.000000 0.000000
    outer loop
      vertex 118.400002 17.355255 12.800000
      vertex 120.400002 17.355255 10.600000
      vertex 120.400002 17.355255 12.800000
    endloop
  endfacet
  facet normal 0.000000 -0.500000 -0.866025
    outer loop
      vertex 118.400002 17.355255 12.800000
      vertex 120.400002 17.355255 12.800000
      vertex 118.400002 15.450000 13.900000
    endloop
  endfacet
  facet normal 0.000000 -0.500000 -0.866025
    outer loop
      vertex 120.400002 15.450000 13.900000
      vertex 118.400002 15.450000 13.900000
      vertex 120.400002 17.355255 12.800000
    endloop
  endfacet
  facet normal 0.000000 0.500000 0.866025
    outer loop
      vertex 118.400002 21.250000 9.500000
      vertex 120.400002 19.344744 10.600000
      vertex 120.400002 21.250000 9.500000
    endloop
  endfacet
  facet normal 0.000000 0.500000 0.866025
    outer loop
      vertex 118.400002 21.250000 9.500000
      vertex 118.400002 19.344744 10.600000
      vertex 120.400002 19.344744 10.600000
    endloop
  endfacet
  facet normal 0.000000 1.000000 0.000000
    outer loop
      vertex 120.400002 19.344744 10.600000
      vertex 118.400002 19.344744 10.600000
      vertex 120.400002 19.344744 12.800000
    endloop
  endfacet
  facet normal 0.000000 -0.500000 0.866025
    outer loop
      vertex 118.400002 21.250000 9.500000
      vertex 120.400002 21.250000 9.500000
      vertex 118.400002 23.155256 10.600000
    endloop
  endfacet
  facet normal 0.000000 -0.500000 0.866025
    outer loop
      vertex 118.400002 23.155256 10.600000
      vertex 120.400002 21.250000 9.500000
      vertex 120.400002 23.155256 10.600000
    endloop
  endfacet
  facet normal 0.000000 -1.000000 0.000000
    outer loop
      vertex 118.400002 23.155256 10.600000
      vertex 120.400002 23.155256 10.600000
      vertex 118.400002 23.155256 12.800000
    endloop
  endfacet
  facet normal 0.000000 1.000000 0.000000
    outer loop
      vertex 118.400002 19.344744 10.600000
      vertex 118.400002 19.344744 12.800000
      vertex 120.400002 19.344744 12.800000
    endloop
  endfacet
  facet normal 0.000000 0.500000 -0.866026
    outer loop
      vertex 118.400002 19.344744 12.800000
      vertex 120.400002 21.250000 13.900000
      vertex 120.400002 19.344744 12.800000
    endloop
  endfacet
  facet normal 0.000000 0.500000 -0.866026
    outer loop
      vertex 118.400002 19.344744 12.800000
      vertex 118.400002 21.250000 13.900000
      vertex 120.400002 21.250000 13.900000
    endloop
  endfacet
  facet normal 0.000000 -1.000000 0.000000
    outer loop
      vertex 118.400002 23.155256 12.800000
      vertex 120.400002 23.155256 10.600000
      vertex 120.400002 23.155256 12.800000
    endloop
  endfacet
  facet normal 0.000000 -0.500000 -0.866026
    outer loop
      vertex 120.400002 23.155256 12.800000
      vertex 120.400002 21.250000 13.900000
      vertex 118.400002 21.250000 13.900000
    endloop
  endfacet
  facet normal 0.000000 -0.500000 -0.866026
    outer loop
      vertex 118.400002 23.155256 12.800000
      vertex 120.400002 23.155256 12.800000
      vertex 118.400002 21.250000 13.900000
    endloop
  endfacet
  facet normal 0.000000 0.500000 0.866025
    outer loop
      vertex 118.400002 27.049999 9.500000
      vertex 118.400002 25.144745 10.600000
      vertex 120.400002 25.144745 10.600000
    endloop
  endfacet
  facet normal 0.000000 1.000000 0.000000
    outer loop
      vertex 120.400002 25.144745 10.600000
      vertex 118.400002 25.144745 10.600000
      vertex 120.400002 25.144745 12.800000
    endloop
  endfacet
  facet normal 0.000000 0.500000 0.866025
    outer loop
      vertex 118.400002 27.049999 9.500000
      vertex 120.400002 25.144745 10.600000
      vertex 120.400002 27.049999 9.500000
    endloop
  endfacet
  facet normal 0.000000 -0.500000 0.866025
    outer loop
      vertex 118.400002 28.955256 10.600000
      vertex 118.400002 27.049999 9.500000
      vertex 120.400002 27.049999 9.500000
    endloop
  endfacet
  facet normal 0.000000 -0.500000 0.866025
    outer loop
      vertex 120.400002 27.049999 9.500000
      vertex 120.400002 28.955256 10.600000
      vertex 118.400002 28.955256 10.600000
    endloop
  endfacet
  facet normal 0.000000 -1.000000 0.000000
    outer loop
      vertex 118.400002 28.955256 10.600000
      vertex 120.400002 28.955256 10.600000
      vertex 118.400002 28.955256 12.800000
    endloop
  endfacet
  facet normal 0.000000 1.000000 0.000000
    outer loop
      vertex 118.400002 25.144745 10.600000
      vertex 118.400002 25.144745 12.800000
      vertex 120.400002 25.144745 12.800000
    endloop
  endfacet
  facet normal 0.000000 0.500000 -0.866025
    outer loop
      vertex 120.400002 27.049999 13.900000
      vertex 120.400002 25.144745 12.800000
      vertex 118.400002 25.144745 12.800000
    endloop
  endfacet
  facet normal 0.000000 -1.000000 0.000000
    outer loop
      vertex 120.400002 28.955256 10.600000
      vertex 120.400002 28.955256 12.800000
      vertex 118.400002 28.955256 12.800000
    endloop
  endfacet
  facet normal 0.000000 0.500000 -0.866025
    outer loop
      vertex 118.400002 25.144745 12.800000
      vertex 118.400002 27.049999 13.900000
      vertex 120.400002 27.049999 13.900000
    endloop
  endfacet
  facet normal 0.000000 -0.500000 -0.866026
    outer loop
      vertex 118.400002 28.955256 12.800000
      vertex 120.400002 28.955256 12.800000
      vertex 118.400002 27.049999 13.900000
    endloop
  endfacet
  facet normal 0.000000 -0.500000 -0.866026
    outer loop
      vertex 120.400002 28.955256 12.800000
      vertex 120.400002 27.049999 13.900000
      vertex 118.400002 27.049999 13.900000
    endloop
  endfacet
  facet normal 0.000000 1.000000 0.000000
    outer loop
      vertex 120.400002 30.944744 10.600000
      vertex 118.400002 30.944744 10.600000
      vertex 120.400002 30.944744 12.800000
    endloop
  endfacet
  facet normal 0.000000 0.500000 0.866025
    outer loop
      vertex 120.400002 30.944744 10.600000
      vertex 120.400002 32.849998 9.500000
      vertex 118.400002 32.849998 9.500000
    endloop
  endfacet
  facet normal 0.000000 0.500000 0.866025
    outer loop
      vertex 118.400002 30.944744 10.600000
      vertex 120.400002 30.944744 10.600000
      vertex 118.400002 32.849998 9.500000
    endloop
  endfacet
  facet normal 0.000000 -0.500000 0.866026
    outer loop
      vertex 118.400002 32.849998 9.500000
      vertex 120.400002 32.849998 9.500000
      vertex 118.400002 34.755257 10.600000
    endloop
  endfacet
  facet normal 0.000000 -0.500000 0.866026
    outer loop
      vertex 120.400002 32.849998 9.500000
      vertex 120.400002 34.755257 10.600000
      vertex 118.400002 34.755257 10.600000
    endloop
  endfacet
  facet normal 0.000000 -1.000000 0.000000
    outer loop
      vertex 118.400002 34.755257 10.600000
      vertex 120.400002 34.755257 10.600000
      vertex 118.400002 34.755257 12.800000
    endloop
  endfacet
  facet normal 0.000000 1.000000 0.000000
    outer loop
      vertex 118.400002 30.944744 10.600000
      vertex 118.400002 30.944744 12.800000
      vertex 120.400002 30.944744 12.800000
    endloop
  endfacet
  facet normal 0.000000 -1.000000 0.000000
    outer loop
      vertex 120.400002 34.755257 10.600000
      vertex 120.400002 34.755257 12.800000
      vertex 118.400002 34.755257 12.800000
    endloop
  endfacet
  facet normal 0.000000 0.500000 -0.866025
    outer loop
      vertex 120.400002 32.849998 13.900000
      vertex 120.400002 30.944744 12.800000
      vertex 118.400002 30.944744 12.800000
    endloop
  endfacet
  facet normal 0.000000 0.500000 -0.866025
    outer loop
      vertex 120.400002 32.849998 13.900000
      vertex 118.400002 30.944744 12.800000
      vertex 118.400002 32.849998 13.900000
    endloop
  endfacet
  facet normal 0.000000 -0.499999 -0.866026
    outer loop
      vertex 120.400002 34.755257 12.800000
      vertex 120.400002 32.849998 13.900000
      vertex 118.400002 32.849998 13.900000
    endloop
  endfacet
  facet normal 0.000000 -0.499999 -0.866026
    outer loop
      vertex 118.400002 34.755257 12.800000
      vertex 120.400002 34.755257 12.800000
      vertex 118.400002 32.849998 13.900000
    endloop
  endfacet
  facet normal 0.000000 0.500000 0.866026
    outer loop
      vertex 120.400002 36.744743 10.600000
      vertex 118.400002 38.650002 9.500000
      vertex 118.400002 36.744743 10.600000
    endloop
  endfacet
  facet normal 0.000000 0.500000 0.866026
    outer loop
      vertex 120.400002 36.744743 10.600000
      vertex 120.400002 38.650002 9.500000
      vertex 118.400002 38.650002 9.500000
    endloop
  endfacet
  facet normal 0.000000 -0.500000 0.866025
    outer loop
      vertex 118.400002 38.650002 9.500000
      vertex 120.400002 38.650002 9.500000
      vertex 118.400002 40.555256 10.600000
    endloop
  endfacet
  facet normal 0.000000 -0.500000 0.866025
    outer loop
      vertex 120.400002 38.650002 9.500000
      vertex 120.400002 40.555256 10.600000
      vertex 118.400002 40.555256 10.600000
    endloop
  endfacet
  facet normal 0.000000 1.000000 0.000000
    outer loop
      vertex 120.400002 36.744743 10.600000
      vertex 118.400002 36.744743 10.600000
      vertex 120.400002 36.744743 12.800000
    endloop
  endfacet
  facet normal 0.000000 -1.000000 0.000000
    outer loop
      vertex 118.400002 40.555256 10.600000
      vertex 120.400002 40.555256 10.600000
      vertex 118.400002 40.555256 12.800000
    endloop
  endfacet
  facet normal 0.000000 1.000000 0.000000
    outer loop
      vertex 120.400002 36.744743 12.800000
      vertex 118.400002 36.744743 10.600000
      vertex 118.400002 36.744743 12.800000
    endloop
  endfacet
  facet normal 0.000000 -1.000000 0.000000
    outer loop
      vertex 120.400002 40.555256 10.600000
      vertex 120.400002 40.555256 12.800000
      vertex 118.400002 40.555256 12.800000
    endloop
  endfacet
  facet normal 0.000000 0.499999 -0.866026
    outer loop
      vertex 120.400002 38.650002 13.900000
      vertex 120.400002 36.744743 12.800000
      vertex 118.400002 36.744743 12.800000
    endloop
  endfacet
  facet normal 0.000000 0.499999 -0.866026
    outer loop
      vertex 118.400002 36.744743 12.800000
      vertex 118.400002 38.650002 13.900000
      vertex 120.400002 38.650002 13.900000
    endloop
  endfacet
  facet normal 0.000000 -0.500000 -0.866025
    outer loop
      vertex 118.400002 38.650002 13.900000
      vertex 118.400002 40.555256 12.800000
      vertex 120.400002 40.555256 12.800000
    endloop
  endfacet
  facet normal 0.000000 -0.500000 -0.866025
    outer loop
      vertex 120.400002 40.555256 12.800000
      vertex 120.400002 38.650002 13.900000
      vertex 118.400002 38.650002 13.900000
    endloop
  endfacet
  facet normal 0.000000 0.500000 0.866026
    outer loop
      vertex 120.400002 42.544743 10.600000
      vertex 120.400002 44.450001 9.500000
      vertex 118.400002 44.450001 9.500000
    endloop
  endfacet
  facet normal 0.000000 0.500000 0.866026
    outer loop
      vertex 120.400002 42.544743 10.600000
      vertex 118.400002 44.450001 9.500000
      vertex 118.400002 42.544743 10.600000
    endloop
  endfacet
  facet normal 0.000000 -0.500000 0.866025
    outer loop
      vertex 118.400002 44.450001 9.500000
      vertex 120.400002 44.450001 9.500000
      vertex 118.400002 46.355255 10.600000
    endloop
  endfacet
  facet normal 0.000000 -0.500000 0.866025
    outer loop
      vertex 120.400002 44.450001 9.500000
      vertex 120.400002 46.355255 10.600000
      vertex 118.400002 46.355255 10.600000
    endloop
  endfacet
  facet normal 0.000000 1.000000 0.000000
    outer loop
      vertex 120.400002 42.544743 12.800000
      vertex 120.400002 42.544743 10.600000
      vertex 118.400002 42.544743 10.600000
    endloop
  endfacet
  facet normal 0.000000 -1.000000 0.000000
    outer loop
      vertex 118.400002 46.355255 12.800000
      vertex 118.400002 46.355255 10.600000
      vertex 120.400002 46.355255 10.600000
    endloop
  endfacet
  facet normal 0.000000 1.000000 0.000000
    outer loop
      vertex 118.400002 42.544743 12.800000
      vertex 120.400002 42.544743 12.800000
      vertex 118.400002 42.544743 10.600000
    endloop
  endfacet
  facet normal 0.000000 -1.000000 0.000000
    outer loop
      vertex 120.400002 46.355255 10.600000
      vertex 120.400002 46.355255 12.800000
      vertex 118.400002 46.355255 12.800000
    endloop
  endfacet
  facet normal 0.000000 0.499999 -0.866026
    outer loop
      vertex 120.400002 44.450001 13.900000
      vertex 120.400002 42.544743 12.800000
      vertex 118.400002 42.544743 12.800000
    endloop
  endfacet
  facet normal 0.000000 0.499999 -0.866026
    outer loop
      vertex 120.400002 44.450001 13.900000
      vertex 118.400002 42.544743 12.800000
      vertex 118.400002 44.450001 13.900000
    endloop
  endfacet
  facet normal 0.000000 -0.500000 -0.866025
    outer loop
      vertex 120.400002 46.355255 12.800000
      vertex 120.400002 44.450001 13.900000
      vertex 118.400002 44.450001 13.900000
    endloop
  endfacet
  facet normal 0.000000 -0.500000 -0.866025
    outer loop
      vertex 118.400002 46.355255 12.800000
      vertex 120.400002 46.355255 12.800000
      vertex 118.400002 44.450001 13.900000
    endloop
  endfacet
  facet normal 0.000000 0.500000 0.866025
    outer loop
      vertex 118.400002 50.250000 9.500000
      vertex 118.400002 48.344746 10.600000
      vertex 120.400002 48.344746 10.600000
    endloop
  endfacet
  facet normal 0.000000 0.500000 0.866025
    outer loop
      vertex 118.400002 50.250000 9.500000
      vertex 120.400002 48.344746 10.600000
      vertex 120.400002 50.250000 9.500000
    endloop
  endfacet
  facet normal 0.000000 -0.500000 0.866025
    outer loop
      vertex 118.400002 52.155254 10.600000
      vertex 118.400002 50.250000 9.500000
      vertex 120.400002 50.250000 9.500000
    endloop
  endfacet
  facet normal 0.000000 -0.500000 0.866025
    outer loop
      vertex 120.400002 50.250000 9.500000
      vertex 120.400002 52.155254 10.600000
      vertex 118.400002 52.155254 10.600000
    endloop
  endfacet
  facet normal 0.000000 1.000000 0.000000
    outer loop
      vertex 120.400002 48.344746 10.600000
      vertex 118.400002 48.344746 10.600000
      vertex 120.400002 48.344746 12.800000
    endloop
  endfacet
  facet normal 0.000000 -1.000000 0.000000
    outer loop
      vertex 118.400002 52.155254 10.600000
      vertex 120.400002 52.155254 10.600000
      vertex 118.400002 52.155254 12.800000
    endloop
  endfacet
  facet normal 0.000000 1.000000 0.000000
    outer loop
      vertex 120.400002 48.344746 12.800000
      vertex 118.400002 48.344746 10.600000
      vertex 118.400002 48.344746 12.800000
    endloop
  endfacet
  facet normal 0.000000 0.500000 -0.866025
    outer loop
      vertex 120.400002 48.344746 12.800000
      vertex 118.400002 48.344746 12.800000
      vertex 120.400002 50.250000 13.900000
    endloop
  endfacet
  facet normal 0.000000 0.500000 -0.866025
    outer loop
      vertex 120.400002 50.250000 13.900000
      vertex 118.400002 48.344746 12.800000
      vertex 118.400002 50.250000 13.900000
    endloop
  endfacet
  facet normal 0.000000 -0.500000 -0.866025
    outer loop
      vertex 120.400002 52.155254 12.800000
      vertex 118.400002 50.250000 13.900000
      vertex 118.400002 52.155254 12.800000
    endloop
  endfacet
  facet normal 0.000000 -0.500000 -0.866025
    outer loop
      vertex 120.400002 52.155254 12.800000
      vertex 120.400002 50.250000 13.900000
      vertex 118.400002 50.250000 13.900000
    endloop
  endfacet
  facet normal 0.000000 -1.000000 0.000000
    outer loop
      vertex 120.400002 52.155254 10.600000
      vertex 120.400002 52.155254 12.800000
      vertex 118.400002 52.155254 12.800000
    endloop
  endfacet
  facet normal 0.000000 0.500000 0.866025
    outer loop
      vertex 120.400002 54.144745 10.600000
      vertex 120.400002 56.049999 9.500000
      vertex 118.400002 56.049999 9.500000
    endloop
  endfacet
  facet normal 0.000000 0.500000 0.866025
    outer loop
      vertex 120.400002 54.144745 10.600000
      vertex 118.400002 56.049999 9.500000
      vertex 118.400002 54.144745 10.600000
    endloop
  endfacet
  facet normal 0.000000 -0.500000 0.866026
    outer loop
      vertex 118.400002 56.049999 9.500000
      vertex 120.400002 56.049999 9.500000
      vertex 118.400002 57.955257 10.600000
    endloop
  endfacet
  facet normal 0.000000 1.000000 0.000000
    outer loop
      vertex 120.400002 54.144745 10.600000
      vertex 118.400002 54.144745 10.600000
      vertex 120.400002 54.144745 12.800000
    endloop
  endfacet
  facet normal 0.000000 -0.500000 0.866026
    outer loop
      vertex 120.400002 56.049999 9.500000
      vertex 120.400002 57.955257 10.600000
      vertex 118.400002 57.955257 10.600000
    endloop
  endfacet
  facet normal 0.000000 -1.000000 0.000000
    outer loop
      vertex 118.400002 57.955257 10.600000
      vertex 120.400002 57.955257 10.600000
      vertex 118.400002 57.955257 12.800000
    endloop
  endfacet
  facet normal 0.000000 1.000000 0.000000
    outer loop
      vertex 120.400002 54.144745 12.800000
      vertex 118.400002 54.144745 10.600000
      vertex 118.400002 54.144745 12.800000
    endloop
  endfacet
  facet normal 0.000000 0.500000 -0.866025
    outer loop
      vertex 120.400002 56.049999 13.900000
      vertex 120.400002 54.144745 12.800000
      vertex 118.400002 54.144745 12.800000
    endloop
  endfacet
  facet normal 0.000000 0.500000 -0.866025
    outer loop
      vertex 120.400002 56.049999 13.900000
      vertex 118.400002 54.144745 12.800000
      vertex 118.400002 56.049999 13.900000
    endloop
  endfacet
  facet normal 0.000000 -0.499999 -0.866026
    outer loop
      vertex 120.400002 57.955257 12.800000
      vertex 120.400002 56.049999 13.900000
      vertex 118.400002 56.049999 13.900000
    endloop
  endfacet
  facet normal 0.000000 -1.000000 0.000000
    outer loop
      vertex 120.400002 57.955257 10.600000
      vertex 120.400002 57.955257 12.800000
      vertex 118.400002 57.955257 12.800000
    endloop
  endfacet
  facet normal 0.000000 -0.499999 -0.866026
    outer loop
      vertex 118.400002 57.955257 12.800000
      vertex 120.400002 57.955257 12.800000
      vertex 118.400002 56.049999 13.900000
    endloop
  endfacet
  facet normal 0.000000 0.500000 0.866025
    outer loop
      vertex 120.400002 59.944744 10.600000
      vertex 118.400002 61.849998 9.500000
      vertex 118.400002 59.944744 10.600000
    endloop
  endfacet
  facet normal 0.000000 0.500000 0.866025
    outer loop
      vertex 120.400002 59.944744 10.600000
      vertex 120.400002 61.849998 9.500000
      vertex 118.400002 61.849998 9.500000
    endloop
  endfacet
  facet normal 0.000000 1.000000 0.000000
    outer loop
      vertex 120.400002 59.944744 10.600000
      vertex 118.400002 59.944744 10.600000
      vertex 120.400002 59.944744 12.800000
    endloop
  endfacet
  facet normal 0.000000 -0.500000 0.866026
    outer loop
      vertex 118.400002 61.849998 9.500000
      vertex 120.400002 61.849998 9.500000
      vertex 118.400002 63.755257 10.600000
    endloop
  endfacet
  facet normal 0.000000 -0.500000 0.866026
    outer loop
      vertex 120.400002 61.849998 9.500000
      vertex 120.400002 63.755257 10.600000
      vertex 118.400002 63.755257 10.600000
    endloop
  endfacet
  facet normal 0.000000 -1.000000 0.000000
    outer loop
      vertex 118.400002 63.755257 10.600000
      vertex 120.400002 63.755257 10.600000
      vertex 118.400002 63.755257 12.800000
    endloop
  endfacet
  facet normal 0.000000 1.000000 0.000000
    outer loop
      vertex 120.400002 59.944744 12.800000
      vertex 118.400002 59.944744 10.600000
      vertex 118.400002 59.944744 12.800000
    endloop
  endfacet
  facet normal 0.000000 0.500000 -0.866025
    outer loop
      vertex 120.400002 61.849998 13.900000
      vertex 120.400002 59.944744 12.800000
      vertex 118.400002 59.944744 12.800000
    endloop
  endfacet
  facet normal 0.000000 0.500000 -0.866025
    outer loop
      vertex 120.400002 61.849998 13.900000
      vertex 118.400002 59.944744 12.800000
      vertex 118.400002 61.849998 13.900000
    endloop
  endfacet
  facet normal 0.000000 -1.000000 0.000000
    outer loop
      vertex 120.400002 63.755257 10.600000
      vertex 120.400002 63.755257 12.800000
      vertex 118.400002 63.755257 12.800000
    endloop
  endfacet
  facet normal 0.000000 -0.499999 -0.866026
    outer loop
      vertex 118.400002 63.755257 12.800000
      vertex 120.400002 63.755257 12.800000
      vertex 118.400002 61.849998 13.900000
    endloop
  endfacet
  facet normal 0.000000 -0.499999 -0.866026
    outer loop
      vertex 120.400002 63.755257 12.800000
      vertex 120.400002 61.849998 13.900000
      vertex 118.400002 61.849998 13.900000
    endloop
  endfacet
  facet normal 0.000000 0.500000 0.866026
    outer loop
      vertex 120.400002 65.744743 10.600000
      vertex 120.400002 67.650002 9.500000
      vertex 118.400002 67.650002 9.500000
    endloop
  endfacet
  facet normal 0.000000 0.500000 0.866026
    outer loop
      vertex 118.400002 65.744743 10.600000
      vertex 120.400002 65.744743 10.600000
      vertex 118.400002 67.650002 9.500000
    endloop
  endfacet
  facet normal 0.000000 1.000000 0.000000
    outer loop
      vertex 120.400002 65.744743 10.600000
      vertex 118.400002 65.744743 10.600000
      vertex 120.400002 65.744743 12.800000
    endloop
  endfacet
  facet normal 0.000000 -0.500001 0.866025
    outer loop
      vertex 118.400002 67.650002 9.500000
      vertex 120.400002 67.650002 9.500000
      vertex 118.400002 69.555252 10.600000
    endloop
  endfacet
  facet normal 0.000000 -0.500001 0.866025
    outer loop
      vertex 120.400002 67.650002 9.500000
      vertex 120.400002 69.555252 10.600000
      vertex 118.400002 69.555252 10.600000
    endloop
  endfacet
  facet normal 0.000000 -1.000000 0.000000
    outer loop
      vertex 118.400002 69.555252 10.600000
      vertex 120.400002 69.555252 10.600000
      vertex 118.400002 69.555252 12.800000
    endloop
  endfacet
  facet normal 0.000000 1.000000 0.000000
    outer loop
      vertex 120.400002 65.744743 12.800000
      vertex 118.400002 65.744743 10.600000
      vertex 118.400002 65.744743 12.800000
    endloop
  endfacet
  facet normal 0.000000 0.499999 -0.866026
    outer loop
      vertex 120.400002 65.744743 12.800000
      vertex 118.400002 65.744743 12.800000
      vertex 120.400002 67.650002 13.900000
    endloop
  endfacet
  facet normal 0.000000 0.499999 -0.866026
    outer loop
      vertex 120.400002 67.650002 13.900000
      vertex 118.400002 65.744743 12.800000
      vertex 118.400002 67.650002 13.900000
    endloop
  endfacet
  facet normal 0.000000 -1.000000 0.000000
    outer loop
      vertex 120.400002 69.555252 10.600000
      vertex 120.400002 69.555252 12.800000
      vertex 118.400002 69.555252 12.800000
    endloop
  endfacet
  facet normal 0.000000 -0.500001 -0.866025
    outer loop
      vertex 120.400002 69.555252 12.800000
      vertex 120.400002 67.650002 13.900000
      vertex 118.400002 67.650002 13.900000
    endloop
  endfacet
  facet normal 0.000000 -0.500001 -0.866025
    outer loop
      vertex 118.400002 69.555252 12.800000
      vertex 120.400002 69.555252 12.800000
      vertex 118.400002 67.650002 13.900000
    endloop
  endfacet
  facet normal 0.000000 0.500001 0.866025
    outer loop
      vertex 118.400002 71.544746 10.600000
      vertex 120.400002 71.544746 10.600000
      vertex 118.400002 73.449997 9.500000
    endloop
  endfacet
  facet normal 0.000000 1.000000 0.000000
    outer loop
      vertex 120.400002 71.544746 10.600000
      vertex 118.400002 71.544746 10.600000
      vertex 120.400002 71.544746 12.800000
    endloop
  endfacet
  facet normal 0.000000 0.500001 0.866025
    outer loop
      vertex 120.400002 71.544746 10.600000
      vertex 120.400002 73.449997 9.500000
      vertex 118.400002 73.449997 9.500000
    endloop
  endfacet
  facet normal 0.000000 -0.500000 0.866026
    outer loop
      vertex 118.400002 73.449997 9.500000
      vertex 120.400002 73.449997 9.500000
      vertex 118.400002 75.355255 10.600000
    endloop
  endfacet
  facet normal 0.000000 -0.500000 0.866026
    outer loop
      vertex 120.400002 73.449997 9.500000
      vertex 120.400002 75.355255 10.600000
      vertex 118.400002 75.355255 10.600000
    endloop
  endfacet
  facet normal 0.000000 -1.000000 0.000000
    outer loop
      vertex 118.400002 75.355255 10.600000
      vertex 120.400002 75.355255 10.600000
      vertex 118.400002 75.355255 12.800000
    endloop
  endfacet
  facet normal 0.000000 1.000000 0.000000
    outer loop
      vertex 120.400002 71.544746 12.800000
      vertex 118.400002 71.544746 10.600000
      vertex 118.400002 71.544746 12.800000
    endloop
  endfacet
  facet normal 0.000000 0.500001 -0.866025
    outer loop
      vertex 120.400002 73.449997 13.900000
      vertex 120.400002 71.544746 12.800000
      vertex 118.400002 71.544746 12.800000
    endloop
  endfacet
  facet normal 0.000000 -1.000000 0.000000
    outer loop
      vertex 120.400002 75.355255 10.600000
      vertex 120.400002 75.355255 12.800000
      vertex 118.400002 75.355255 12.800000
    endloop
  endfacet
  facet normal 0.000000 0.500001 -0.866025
    outer loop
      vertex 120.400002 73.449997 13.900000
      vertex 118.400002 71.544746 12.800000
      vertex 118.400002 73.449997 13.900000
    endloop
  endfacet
  facet normal 0.000000 -0.499999 -0.866026
    outer loop
      vertex 118.400002 75.355255 12.800000
      vertex 120.400002 75.355255 12.800000
      vertex 118.400002 73.449997 13.900000
    endloop
  endfacet
  facet normal 0.000000 -0.499999 -0.866026
    outer loop
      vertex 120.400002 75.355255 12.800000
      vertex 120.400002 73.449997 13.900000
      vertex 118.400002 73.449997 13.900000
    endloop
  endfacet
  facet normal 0.000000 0.500000 0.866025
    outer loop
      vertex 0.000000 9.650000 9.500000
      vertex 2.000000 7.744744 10.600000
      vertex 2.000000 9.650000 9.500000
    endloop
  endfacet
  facet normal 0.000000 0.500000 0.866025
    outer loop
      vertex 0.000000 9.650000 9.500000
      vertex 0.000000 7.744744 10.600000
      vertex 2.000000 7.744744 10.600000
    endloop
  endfacet
  facet normal 0.000000 -0.500000 0.866025
    outer loop
      vertex 0.000000 9.650000 9.500000
      vertex 2.000000 9.650000 9.500000
      vertex 0.000000 11.555256 10.600000
    endloop
  endfacet
  facet normal 0.000000 1.000000 0.000000
    outer loop
      vertex 2.000000 7.744744 10.600000
      vertex 0.000000 7.744744 10.600000
      vertex 2.000000 7.744744 12.800000
    endloop
  endfacet
  facet normal 0.000000 -0.500000 0.866025
    outer loop
      vertex 0.000000 11.555256 10.600000
      vertex 2.000000 9.650000 9.500000
      vertex 2.000000 11.555256 10.600000
    endloop
  endfacet
  facet normal 0.000000 -1.000000 0.000000
    outer loop
      vertex 0.000000 11.555256 10.600000
      vertex 2.000000 11.555256 10.600000
      vertex 0.000000 11.555256 12.800000
    endloop
  endfacet
  facet normal 0.000000 1.000000 0.000000
    outer loop
      vertex 0.000000 7.744744 10.600000
      vertex 0.000000 7.744744 12.800000
      vertex 2.000000 7.744744 12.800000
    endloop
  endfacet
  facet normal 0.000000 0.500000 -0.866025
    outer loop
      vertex 2.000000 7.744744 12.800000
      vertex 0.000000 7.744744 12.800000
      vertex 2.000000 9.650000 13.900000
    endloop
  endfacet
  facet normal 0.000000 0.500000 -0.866025
    outer loop
      vertex 0.000000 7.744744 12.800000
      vertex 0.000000 9.650000 13.900000
      vertex 2.000000 9.650000 13.900000
    endloop
  endfacet
  facet normal 0.000000 -0.500000 -0.866026
    outer loop
      vertex 0.000000 9.650000 13.900000
      vertex 2.000000 11.555256 12.800000
      vertex 2.000000 9.650000 13.900000
    endloop
  endfacet
  facet normal 0.000000 -1.000000 0.000000
    outer loop
      vertex 0.000000 11.555256 12.800000
      vertex 2.000000 11.555256 10.600000
      vertex 2.000000 11.555256 12.800000
    endloop
  endfacet
  facet normal 0.000000 -0.500000 -0.866026
    outer loop
      vertex 0.000000 9.650000 13.900000
      vertex 0.000000 11.555256 12.800000
      vertex 2.000000 11.555256 12.800000
    endloop
  endfacet
  facet normal 0.000000 0.500000 0.866025
    outer loop
      vertex 0.000000 13.544744 10.600000
      vertex 2.000000 13.544744 10.600000
      vertex 0.000000 15.450000 9.500000
    endloop
  endfacet
  facet normal 0.000000 0.500000 0.866025
    outer loop
      vertex 0.000000 15.450000 9.500000
      vertex 2.000000 13.544744 10.600000
      vertex 2.000000 15.450000 9.500000
    endloop
  endfacet
  facet normal 0.000000 1.000000 0.000000
    outer loop
      vertex 2.000000 13.544744 10.600000
      vertex 0.000000 13.544744 10.600000
      vertex 2.000000 13.544744 12.800000
    endloop
  endfacet
  facet normal 0.000000 -0.500000 0.866025
    outer loop
      vertex 0.000000 15.450000 9.500000
      vertex 2.000000 15.450000 9.500000
      vertex 0.000000 17.355255 10.600000
    endloop
  endfacet
  facet normal 0.000000 -0.500000 0.866025
    outer loop
      vertex 0.000000 17.355255 10.600000
      vertex 2.000000 15.450000 9.500000
      vertex 2.000000 17.355255 10.600000
    endloop
  endfacet
  facet normal 0.000000 -1.000000 0.000000
    outer loop
      vertex 0.000000 17.355255 10.600000
      vertex 2.000000 17.355255 10.600000
      vertex 0.000000 17.355255 12.800000
    endloop
  endfacet
  facet normal 0.000000 1.000000 0.000000
    outer loop
      vertex 0.000000 13.544744 10.600000
      vertex 0.000000 13.544744 12.800000
      vertex 2.000000 13.544744 12.800000
    endloop
  endfacet
  facet normal 0.000000 0.500000 -0.866025
    outer loop
      vertex 0.000000 13.544744 12.800000
      vertex 2.000000 15.450000 13.900000
      vertex 2.000000 13.544744 12.800000
    endloop
  endfacet
  facet normal 0.000000 0.500000 -0.866025
    outer loop
      vertex 0.000000 13.544744 12.800000
      vertex 0.000000 15.450000 13.900000
      vertex 2.000000 15.450000 13.900000
    endloop
  endfacet
  facet normal 0.000000 -1.000000 0.000000
    outer loop
      vertex 0.000000 17.355255 12.800000
      vertex 2.000000 17.355255 10.600000
      vertex 2.000000 17.355255 12.800000
    endloop
  endfacet
  facet normal 0.000000 -0.500000 -0.866025
    outer loop
      vertex 0.000000 17.355255 12.800000
      vertex 2.000000 17.355255 12.800000
      vertex 0.000000 15.450000 13.900000
    endloop
  endfacet
  facet normal 0.000000 -0.500000 -0.866025
    outer loop
      vertex 2.000000 15.450000 13.900000
      vertex 0.000000 15.450000 13.900000
      vertex 2.000000 17.355255 12.800000
    endloop
  endfacet
  facet normal 0.000000 0.500000 0.866025
    outer loop
      vertex 0.000000 21.250000 9.500000
      vertex 2.000000 19.344744 10.600000
      vertex 2.000000 21.250000 9.500000
    endloop
  endfacet
  facet normal 0.000000 0.500000 0.866025
    outer loop
      vertex 0.000000 21.250000 9.500000
      vertex 0.000000 19.344744 10.600000
      vertex 2.000000 19.344744 10.600000
    endloop
  endfacet
  facet normal 0.000000 1.000000 0.000000
    outer loop
      vertex 2.000000 19.344744 10.600000
      vertex 0.000000 19.344744 10.600000
      vertex 2.000000 19.344744 12.800000
    endloop
  endfacet
  facet normal 0.000000 -0.500000 0.866025
    outer loop
      vertex 0.000000 21.250000 9.500000
      vertex 2.000000 21.250000 9.500000
      vertex 0.000000 23.155256 10.600000
    endloop
  endfacet
  facet normal 0.000000 -0.500000 0.866025
    outer loop
      vertex 0.000000 23.155256 10.600000
      vertex 2.000000 21.250000 9.500000
      vertex 2.000000 23.155256 10.600000
    endloop
  endfacet
  facet normal 0.000000 -1.000000 0.000000
    outer loop
      vertex 0.000000 23.155256 10.600000
      vertex 2.000000 23.155256 10.600000
      vertex 0.000000 23.155256 12.800000
    endloop
  endfacet
  facet normal 0.000000 1.000000 0.000000
    outer loop
      vertex 0.000000 19.344744 10.600000
      vertex 0.000000 19.344744 12.800000
      vertex 2.000000 19.344744 12.800000
    endloop
  endfacet
  facet normal 0.000000 0.500000 -0.866026
    outer loop
      vertex 0.000000 19.344744 12.800000
      vertex 2.000000 21.250000 13.900000
      vertex 2.000000 19.344744 12.800000
    endloop
  endfacet
  facet normal 0.000000 0.500000 -0.866026
    outer loop
      vertex 0.000000 19.344744 12.800000
      vertex 0.000000 21.250000 13.900000
      vertex 2.000000 21.250000 13.900000
    endloop
  endfacet
  facet normal 0.000000 -1.000000 0.000000
    outer loop
      vertex 0.000000 23.155256 12.800000
      vertex 2.000000 23.155256 10.600000
      vertex 2.000000 23.155256 12.800000
    endloop
  endfacet
  facet normal 0.000000 -0.500000 -0.866026
    outer loop
      vertex 0.000000 21.250000 13.900000
      vertex 2.000000 23.155256 12.800000
      vertex 2.000000 21.250000 13.900000
    endloop
  endfacet
  facet normal 0.000000 -0.500000 -0.866026
    outer loop
      vertex 0.000000 23.155256 12.800000
      vertex 2.000000 23.155256 12.800000
      vertex 0.000000 21.250000 13.900000
    endloop
  endfacet
  facet normal 0.000000 0.500000 0.866025
    outer loop
      vertex 0.000000 27.049999 9.500000
      vertex 0.000000 25.144745 10.600000
      vertex 2.000000 25.144745 10.600000
    endloop
  endfacet
  facet normal 0.000000 1.000000 0.000000
    outer loop
      vertex 2.000000 25.144745 10.600000
      vertex 0.000000 25.144745 10.600000
      vertex 2.000000 25.144745 12.800000
    endloop
  endfacet
  facet normal 0.000000 0.500000 0.866025
    outer loop
      vertex 0.000000 27.049999 9.500000
      vertex 2.000000 25.144745 10.600000
      vertex 2.000000 27.049999 9.500000
    endloop
  endfacet
  facet normal 0.000000 -0.500000 0.866025
    outer loop
      vertex 0.000000 27.049999 9.500000
      vertex 2.000000 27.049999 9.500000
      vertex 0.000000 28.955256 10.600000
    endloop
  endfacet
  facet normal 0.000000 -0.500000 0.866025
    outer loop
      vertex 0.000000 28.955256 10.600000
      vertex 2.000000 27.049999 9.500000
      vertex 2.000000 28.955256 10.600000
    endloop
  endfacet
  facet normal 0.000000 -1.000000 0.000000
    outer loop
      vertex 0.000000 28.955256 10.600000
      vertex 2.000000 28.955256 10.600000
      vertex 0.000000 28.955256 12.800000
    endloop
  endfacet
  facet normal 0.000000 1.000000 0.000000
    outer loop
      vertex 0.000000 25.144745 10.600000
      vertex 0.000000 25.144745 12.800000
      vertex 2.000000 25.144745 12.800000
    endloop
  endfacet
  facet normal 0.000000 0.500000 -0.866025
    outer loop
      vertex 0.000000 25.144745 12.800000
      vertex 2.000000 27.049999 13.900000
      vertex 2.000000 25.144745 12.800000
    endloop
  endfacet
  facet normal 0.000000 -1.000000 0.000000
    outer loop
      vertex 0.000000 28.955256 12.800000
      vertex 2.000000 28.955256 10.600000
      vertex 2.000000 28.955256 12.800000
    endloop
  endfacet
  facet normal 0.000000 0.500000 -0.866025
    outer loop
      vertex 0.000000 25.144745 12.800000
      vertex 0.000000 27.049999 13.900000
      vertex 2.000000 27.049999 13.900000
    endloop
  endfacet
  facet normal 0.000000 -0.500000 -0.866026
    outer loop
      vertex 0.000000 28.955256 12.800000
      vertex 2.000000 28.955256 12.800000
      vertex 0.000000 27.049999 13.900000
    endloop
  endfacet
  facet normal 0.000000 -0.500000 -0.866026
    outer loop
      vertex 0.000000 27.049999 13.900000
      vertex 2.000000 28.955256 12.800000
      vertex 2.000000 27.049999 13.900000
    endloop
  endfacet
  facet normal 0.000000 1.000000 0.000000
    outer loop
      vertex 2.000000 30.944744 10.600000
      vertex 0.000000 30.944744 10.600000
      vertex 2.000000 30.944744 12.800000
    endloop
  endfacet
  facet normal 0.000000 0.500000 0.866025
    outer loop
      vertex 2.000000 30.944744 10.600000
      vertex 2.000000 32.849998 9.500000
      vertex 0.000000 32.849998 9.500000
    endloop
  endfacet
  facet normal 0.000000 0.500000 0.866025
    outer loop
      vertex 0.000000 30.944744 10.600000
      vertex 2.000000 30.944744 10.600000
      vertex 0.000000 32.849998 9.500000
    endloop
  endfacet
  facet normal 0.000000 -0.500000 0.866026
    outer loop
      vertex 0.000000 32.849998 9.500000
      vertex 2.000000 32.849998 9.500000
      vertex 0.000000 34.755257 10.600000
    endloop
  endfacet
  facet normal 0.000000 -0.500000 0.866026
    outer loop
      vertex 2.000000 32.849998 9.500000
      vertex 2.000000 34.755257 10.600000
      vertex 0.000000 34.755257 10.600000
    endloop
  endfacet
  facet normal 0.000000 -1.000000 0.000000
    outer loop
      vertex 0.000000 34.755257 10.600000
      vertex 2.000000 34.755257 10.600000
      vertex 0.000000 34.755257 12.800000
    endloop
  endfacet
  facet normal 0.000000 1.000000 0.000000
    outer loop
      vertex 0.000000 30.944744 10.600000
      vertex 0.000000 30.944744 12.800000
      vertex 2.000000 30.944744 12.800000
    endloop
  endfacet
  facet normal 0.000000 -1.000000 0.000000
    outer loop
      vertex 0.000000 34.755257 12.800000
      vertex 2.000000 34.755257 10.600000
      vertex 2.000000 34.755257 12.800000
    endloop
  endfacet
  facet normal 0.000000 0.500000 -0.866025
    outer loop
      vertex 0.000000 30.944744 12.800000
      vertex 2.000000 32.849998 13.900000
      vertex 2.000000 30.944744 12.800000
    endloop
  endfacet
  facet normal 0.000000 0.500000 -0.866025
    outer loop
      vertex 0.000000 30.944744 12.800000
      vertex 0.000000 32.849998 13.900000
      vertex 2.000000 32.849998 13.900000
    endloop
  endfacet
  facet normal 0.000000 -0.499999 -0.866026
    outer loop
      vertex 0.000000 32.849998 13.900000
      vertex 2.000000 34.755257 12.800000
      vertex 2.000000 32.849998 13.900000
    endloop
  endfacet
  facet normal 0.000000 -0.499999 -0.866026
    outer loop
      vertex 0.000000 34.755257 12.800000
      vertex 2.000000 34.755257 12.800000
      vertex 0.000000 32.849998 13.900000
    endloop
  endfacet
  facet normal 0.000000 0.500000 0.866026
    outer loop
      vertex 0.000000 38.650002 9.500000
      vertex 0.000000 36.744743 10.600000
      vertex 2.000000 36.744743 10.600000
    endloop
  endfacet
  facet normal 0.000000 0.500000 0.866026
    outer loop
      vertex 2.000000 36.744743 10.600000
      vertex 2.000000 38.650002 9.500000
      vertex 0.000000 38.650002 9.500000
    endloop
  endfacet
  facet normal 0.000000 -0.500000 0.866025
    outer loop
      vertex 0.000000 38.650002 9.500000
      vertex 2.000000 38.650002 9.500000
      vertex 0.000000 40.555256 10.600000
    endloop
  endfacet
  facet normal 0.000000 -0.500000 0.866025
    outer loop
      vertex 2.000000 38.650002 9.500000
      vertex 2.000000 40.555256 10.600000
      vertex 0.000000 40.555256 10.600000
    endloop
  endfacet
  facet normal 0.000000 1.000000 0.000000
    outer loop
      vertex 2.000000 36.744743 12.800000
      vertex 2.000000 36.744743 10.600000
      vertex 0.000000 36.744743 10.600000
    endloop
  endfacet
  facet normal 0.000000 -1.000000 0.000000
    outer loop
      vertex 0.000000 40.555256 12.800000
      vertex 0.000000 40.555256 10.600000
      vertex 2.000000 40.555256 10.600000
    endloop
  endfacet
  facet normal 0.000000 1.000000 0.000000
    outer loop
      vertex 0.000000 36.744743 10.600000
      vertex 0.000000 36.744743 12.800000
      vertex 2.000000 36.744743 12.800000
    endloop
  endfacet
  facet normal 0.000000 -1.000000 0.000000
    outer loop
      vertex 2.000000 40.555256 12.800000
      vertex 0.000000 40.555256 12.800000
      vertex 2.000000 40.555256 10.600000
    endloop
  endfacet
  facet normal 0.000000 0.499999 -0.866026
    outer loop
      vertex 0.000000 36.744743 12.800000
      vertex 2.000000 38.650002 13.900000
      vertex 2.000000 36.744743 12.800000
    endloop
  endfacet
  facet normal 0.000000 0.499999 -0.866026
    outer loop
      vertex 0.000000 36.744743 12.800000
      vertex 0.000000 38.650002 13.900000
      vertex 2.000000 38.650002 13.900000
    endloop
  endfacet
  facet normal 0.000000 -0.500000 -0.866025
    outer loop
      vertex 0.000000 40.555256 12.800000
      vertex 2.000000 40.555256 12.800000
      vertex 0.000000 38.650002 13.900000
    endloop
  endfacet
  facet normal 0.000000 -0.500000 -0.866025
    outer loop
      vertex 0.000000 38.650002 13.900000
      vertex 2.000000 40.555256 12.800000
      vertex 2.000000 38.650002 13.900000
    endloop
  endfacet
  facet normal 0.000000 0.500000 0.866026
    outer loop
      vertex 2.000000 42.544743 10.600000
      vertex 2.000000 44.450001 9.500000
      vertex 0.000000 44.450001 9.500000
    endloop
  endfacet
  facet normal 0.000000 0.500000 0.866026
    outer loop
      vertex 2.000000 42.544743 10.600000
      vertex 0.000000 44.450001 9.500000
      vertex 0.000000 42.544743 10.600000
    endloop
  endfacet
  facet normal 0.000000 -0.500000 0.866025
    outer loop
      vertex 0.000000 44.450001 9.500000
      vertex 2.000000 44.450001 9.500000
      vertex 0.000000 46.355255 10.600000
    endloop
  endfacet
  facet normal 0.000000 -0.500000 0.866025
    outer loop
      vertex 2.000000 44.450001 9.500000
      vertex 2.000000 46.355255 10.600000
      vertex 0.000000 46.355255 10.600000
    endloop
  endfacet
  facet normal 0.000000 1.000000 0.000000
    outer loop
      vertex 2.000000 42.544743 10.600000
      vertex 0.000000 42.544743 10.600000
      vertex 2.000000 42.544743 12.800000
    endloop
  endfacet
  facet normal 0.000000 -1.000000 0.000000
    outer loop
      vertex 0.000000 46.355255 10.600000
      vertex 2.000000 46.355255 10.600000
      vertex 0.000000 46.355255 12.800000
    endloop
  endfacet
  facet normal 0.000000 1.000000 0.000000
    outer loop
      vertex 0.000000 42.544743 10.600000
      vertex 0.000000 42.544743 12.800000
      vertex 2.000000 42.544743 12.800000
    endloop
  endfacet
  facet normal 0.000000 -1.000000 0.000000
    outer loop
      vertex 2.000000 46.355255 10.600000
      vertex 2.000000 46.355255 12.800000
      vertex 0.000000 46.355255 12.800000
    endloop
  endfacet
  facet normal 0.000000 0.499999 -0.866026
    outer loop
      vertex 2.000000 44.450001 13.900000
      vertex 2.000000 42.544743 12.800000
      vertex 0.000000 42.544743 12.800000
    endloop
  endfacet
  facet normal 0.000000 0.499999 -0.866026
    outer loop
      vertex 0.000000 42.544743 12.800000
      vertex 0.000000 44.450001 13.900000
      vertex 2.000000 44.450001 13.900000
    endloop
  endfacet
  facet normal 0.000000 -0.500000 -0.866025
    outer loop
      vertex 2.000000 46.355255 12.800000
      vertex 2.000000 44.450001 13.900000
      vertex 0.000000 44.450001 13.900000
    endloop
  endfacet
  facet normal 0.000000 -0.500000 -0.866025
    outer loop
      vertex 0.000000 44.450001 13.900000
      vertex 0.000000 46.355255 12.800000
      vertex 2.000000 46.355255 12.800000
    endloop
  endfacet
  facet normal 0.000000 0.500000 0.866025
    outer loop
      vertex 0.000000 50.250000 9.500000
      vertex 0.000000 48.344746 10.600000
      vertex 2.000000 48.344746 10.600000
    endloop
  endfacet
  facet normal 0.000000 0.500000 0.866025
    outer loop
      vertex 0.000000 50.250000 9.500000
      vertex 2.000000 48.344746 10.600000
      vertex 2.000000 50.250000 9.500000
    endloop
  endfacet
  facet normal 0.000000 -0.500000 0.866025
    outer loop
      vertex 0.000000 50.250000 9.500000
      vertex 2.000000 50.250000 9.500000
      vertex 0.000000 52.155254 10.600000
    endloop
  endfacet
  facet normal 0.000000 -0.500000 0.866025
    outer loop
      vertex 0.000000 52.155254 10.600000
      vertex 2.000000 50.250000 9.500000
      vertex 2.000000 52.155254 10.600000
    endloop
  endfacet
  facet normal 0.000000 1.000000 0.000000
    outer loop
      vertex 2.000000 48.344746 10.600000
      vertex 0.000000 48.344746 10.600000
      vertex 2.000000 48.344746 12.800000
    endloop
  endfacet
  facet normal 0.000000 -1.000000 0.000000
    outer loop
      vertex 0.000000 52.155254 10.600000
      vertex 2.000000 52.155254 10.600000
      vertex 0.000000 52.155254 12.800000
    endloop
  endfacet
  facet normal 0.000000 1.000000 0.000000
    outer loop
      vertex 2.000000 48.344746 12.800000
      vertex 0.000000 48.344746 10.600000
      vertex 0.000000 48.344746 12.800000
    endloop
  endfacet
  facet normal 0.000000 0.500000 -0.866025
    outer loop
      vertex 2.000000 48.344746 12.800000
      vertex 0.000000 48.344746 12.800000
      vertex 2.000000 50.250000 13.900000
    endloop
  endfacet
  facet normal 0.000000 0.500000 -0.866025
    outer loop
      vertex 2.000000 50.250000 13.900000
      vertex 0.000000 48.344746 12.800000
      vertex 0.000000 50.250000 13.900000
    endloop
  endfacet
  facet normal 0.000000 -0.500000 -0.866025
    outer loop
      vertex 2.000000 52.155254 12.800000
      vertex 0.000000 50.250000 13.900000
      vertex 0.000000 52.155254 12.800000
    endloop
  endfacet
  facet normal 0.000000 -0.500000 -0.866025
    outer loop
      vertex 2.000000 52.155254 12.800000
      vertex 2.000000 50.250000 13.900000
      vertex 0.000000 50.250000 13.900000
    endloop
  endfacet
  facet normal 0.000000 -1.000000 0.000000
    outer loop
      vertex 2.000000 52.155254 10.600000
      vertex 2.000000 52.155254 12.800000
      vertex 0.000000 52.155254 12.800000
    endloop
  endfacet
  facet normal 0.000000 0.500000 0.866025
    outer loop
      vertex 2.000000 54.144745 10.600000
      vertex 2.000000 56.049999 9.500000
      vertex 0.000000 56.049999 9.500000
    endloop
  endfacet
  facet normal 0.000000 0.500000 0.866025
    outer loop
      vertex 0.000000 56.049999 9.500000
      vertex 0.000000 54.144745 10.600000
      vertex 2.000000 54.144745 10.600000
    endloop
  endfacet
  facet normal 0.000000 -0.500000 0.866026
    outer loop
      vertex 0.000000 56.049999 9.500000
      vertex 2.000000 56.049999 9.500000
      vertex 0.000000 57.955257 10.600000
    endloop
  endfacet
  facet normal 0.000000 1.000000 0.000000
    outer loop
      vertex 2.000000 54.144745 10.600000
      vertex 0.000000 54.144745 10.600000
      vertex 2.000000 54.144745 12.800000
    endloop
  endfacet
  facet normal 0.000000 -0.500000 0.866026
    outer loop
      vertex 0.000000 57.955257 10.600000
      vertex 2.000000 56.049999 9.500000
      vertex 2.000000 57.955257 10.600000
    endloop
  endfacet
  facet normal 0.000000 -1.000000 0.000000
    outer loop
      vertex 0.000000 57.955257 10.600000
      vertex 2.000000 57.955257 10.600000
      vertex 0.000000 57.955257 12.800000
    endloop
  endfacet
  facet normal 0.000000 1.000000 0.000000
    outer loop
      vertex 0.000000 54.144745 10.600000
      vertex 0.000000 54.144745 12.800000
      vertex 2.000000 54.144745 12.800000
    endloop
  endfacet
  facet normal 0.000000 0.500000 -0.866025
    outer loop
      vertex 2.000000 56.049999 13.900000
      vertex 2.000000 54.144745 12.800000
      vertex 0.000000 54.144745 12.800000
    endloop
  endfacet
  facet normal 0.000000 0.500000 -0.866025
    outer loop
      vertex 2.000000 56.049999 13.900000
      vertex 0.000000 54.144745 12.800000
      vertex 0.000000 56.049999 13.900000
    endloop
  endfacet
  facet normal 0.000000 -0.499999 -0.866026
    outer loop
      vertex 2.000000 57.955257 12.800000
      vertex 2.000000 56.049999 13.900000
      vertex 0.000000 56.049999 13.900000
    endloop
  endfacet
  facet normal 0.000000 -1.000000 0.000000
    outer loop
      vertex 2.000000 57.955257 10.600000
      vertex 2.000000 57.955257 12.800000
      vertex 0.000000 57.955257 12.800000
    endloop
  endfacet
  facet normal 0.000000 -0.499999 -0.866026
    outer loop
      vertex 0.000000 57.955257 12.800000
      vertex 2.000000 57.955257 12.800000
      vertex 0.000000 56.049999 13.900000
    endloop
  endfacet
  facet normal 0.000000 0.500000 0.866025
    outer loop
      vertex 0.000000 61.849998 9.500000
      vertex 0.000000 59.944744 10.600000
      vertex 2.000000 59.944744 10.600000
    endloop
  endfacet
  facet normal 0.000000 0.500000 0.866025
    outer loop
      vertex 0.000000 61.849998 9.500000
      vertex 2.000000 59.944744 10.600000
      vertex 2.000000 61.849998 9.500000
    endloop
  endfacet
  facet normal 0.000000 1.000000 0.000000
    outer loop
      vertex 2.000000 59.944744 10.600000
      vertex 0.000000 59.944744 10.600000
      vertex 2.000000 59.944744 12.800000
    endloop
  endfacet
  facet normal 0.000000 -0.500000 0.866026
    outer loop
      vertex 0.000000 61.849998 9.500000
      vertex 2.000000 61.849998 9.500000
      vertex 0.000000 63.755257 10.600000
    endloop
  endfacet
  facet normal 0.000000 -0.500000 0.866026
    outer loop
      vertex 0.000000 63.755257 10.600000
      vertex 2.000000 61.849998 9.500000
      vertex 2.000000 63.755257 10.600000
    endloop
  endfacet
  facet normal 0.000000 -1.000000 0.000000
    outer loop
      vertex 0.000000 63.755257 10.600000
      vertex 2.000000 63.755257 10.600000
      vertex 0.000000 63.755257 12.800000
    endloop
  endfacet
  facet normal 0.000000 1.000000 0.000000
    outer loop
      vertex 0.000000 59.944744 10.600000
      vertex 0.000000 59.944744 12.800000
      vertex 2.000000 59.944744 12.800000
    endloop
  endfacet
  facet normal 0.000000 0.500000 -0.866025
    outer loop
      vertex 0.000000 59.944744 12.800000
      vertex 2.000000 61.849998 13.900000
      vertex 2.000000 59.944744 12.800000
    endloop
  endfacet
  facet normal 0.000000 0.500000 -0.866025
    outer loop
      vertex 0.000000 59.944744 12.800000
      vertex 0.000000 61.849998 13.900000
      vertex 2.000000 61.849998 13.900000
    endloop
  endfacet
  facet normal 0.000000 -1.000000 0.000000
    outer loop
      vertex 0.000000 63.755257 12.800000
      vertex 2.000000 63.755257 10.600000
      vertex 2.000000 63.755257 12.800000
    endloop
  endfacet
  facet normal 0.000000 -0.499999 -0.866026
    outer loop
      vertex 0.000000 63.755257 12.800000
      vertex 2.000000 63.755257 12.800000
      vertex 0.000000 61.849998 13.900000
    endloop
  endfacet
  facet normal 0.000000 -0.499999 -0.866026
    outer loop
      vertex 2.000000 63.755257 12.800000
      vertex 2.000000 61.849998 13.900000
      vertex 0.000000 61.849998 13.900000
    endloop
  endfacet
  facet normal 0.000000 0.500000 0.866026
    outer loop
      vertex 0.000000 67.650002 9.500000
      vertex 2.000000 65.744743 10.600000
      vertex 2.000000 67.650002 9.500000
    endloop
  endfacet
  facet normal 0.000000 0.500000 0.866026
    outer loop
      vertex 0.000000 65.744743 10.600000
      vertex 2.000000 65.744743 10.600000
      vertex 0.000000 67.650002 9.500000
    endloop
  endfacet
  facet normal 0.000000 1.000000 0.000000
    outer loop
      vertex 2.000000 65.744743 10.600000
      vertex 0.000000 65.744743 10.600000
      vertex 2.000000 65.744743 12.800000
    endloop
  endfacet
  facet normal 0.000000 -0.500001 0.866025
    outer loop
      vertex 0.000000 67.650002 9.500000
      vertex 2.000000 67.650002 9.500000
      vertex 0.000000 69.555252 10.600000
    endloop
  endfacet
  facet normal 0.000000 -0.500001 0.866025
    outer loop
      vertex 0.000000 69.555252 10.600000
      vertex 2.000000 67.650002 9.500000
      vertex 2.000000 69.555252 10.600000
    endloop
  endfacet
  facet normal 0.000000 -1.000000 0.000000
    outer loop
      vertex 0.000000 69.555252 10.600000
      vertex 2.000000 69.555252 10.600000
      vertex 0.000000 69.555252 12.800000
    endloop
  endfacet
  facet normal 0.000000 1.000000 0.000000
    outer loop
      vertex 0.000000 65.744743 10.600000
      vertex 0.000000 65.744743 12.800000
      vertex 2.000000 65.744743 12.800000
    endloop
  endfacet
  facet normal 0.000000 0.499999 -0.866026
    outer loop
      vertex 2.000000 65.744743 12.800000
      vertex 0.000000 65.744743 12.800000
      vertex 2.000000 67.650002 13.900000
    endloop
  endfacet
  facet normal 0.000000 0.499999 -0.866026
    outer loop
      vertex 0.000000 65.744743 12.800000
      vertex 0.000000 67.650002 13.900000
      vertex 2.000000 67.650002 13.900000
    endloop
  endfacet
  facet normal 0.000000 -1.000000 0.000000
    outer loop
      vertex 0.000000 69.555252 12.800000
      vertex 2.000000 69.555252 10.600000
      vertex 2.000000 69.555252 12.800000
    endloop
  endfacet
  facet normal 0.000000 -0.500001 -0.866025
    outer loop
      vertex 0.000000 67.650002 13.900000
      vertex 2.000000 69.555252 12.800000
      vertex 2.000000 67.650002 13.900000
    endloop
  endfacet
  facet normal 0.000000 -0.500001 -0.866025
    outer loop
      vertex 0.000000 69.555252 12.800000
      vertex 2.000000 69.555252 12.800000
      vertex 0.000000 67.650002 13.900000
    endloop
  endfacet
  facet normal 0.000000 0.500001 0.866025
    outer loop
      vertex 0.000000 71.544746 10.600000
      vertex 2.000000 71.544746 10.600000
      vertex 0.000000 73.449997 9.500000
    endloop
  endfacet
  facet normal 0.000000 1.000000 0.000000
    outer loop
      vertex 2.000000 71.544746 10.600000
      vertex 0.000000 71.544746 10.600000
      vertex 2.000000 71.544746 12.800000
    endloop
  endfacet
  facet normal 0.000000 0.500001 0.866025
    outer loop
      vertex 0.000000 73.449997 9.500000
      vertex 2.000000 71.544746 10.600000
      vertex 2.000000 73.449997 9.500000
    endloop
  endfacet
  facet normal 0.000000 -0.500000 0.866026
    outer loop
      vertex 0.000000 73.449997 9.500000
      vertex 2.000000 73.449997 9.500000
      vertex 0.000000 75.355255 10.600000
    endloop
  endfacet
  facet normal 0.000000 -0.500000 0.866026
    outer loop
      vertex 0.000000 75.355255 10.600000
      vertex 2.000000 73.449997 9.500000
      vertex 2.000000 75.355255 10.600000
    endloop
  endfacet
  facet normal 0.000000 -1.000000 0.000000
    outer loop
      vertex 0.000000 75.355255 10.600000
      vertex 2.000000 75.355255 10.600000
      vertex 0.000000 75.355255 12.800000
    endloop
  endfacet
  facet normal 0.000000 1.000000 0.000000
    outer loop
      vertex 0.000000 71.544746 10.600000
      vertex 0.000000 71.544746 12.800000
      vertex 2.000000 71.544746 12.800000
    endloop
  endfacet
  facet normal 0.000000 0.500001 -0.866025
    outer loop
      vertex 0.000000 71.544746 12.800000
      vertex 2.000000 73.449997 13.900000
      vertex 2.000000 71.544746 12.800000
    endloop
  endfacet
  facet normal 0.000000 -1.000000 0.000000
    outer loop
      vertex 0.000000 75.355255 12.800000
      vertex 2.000000 75.355255 10.600000
      vertex 2.000000 75.355255 12.800000
    endloop
  endfacet
  facet normal 0.000000 0.500001 -0.866025
    outer loop
      vertex 0.000000 71.544746 12.800000
      vertex 0.000000 73.449997 13.900000
      vertex 2.000000 73.449997 13.900000
    endloop
  endfacet
  facet normal 0.000000 -0.499999 -0.866026
    outer loop
      vertex 0.000000 75.355255 12.800000
      vertex 2.000000 75.355255 12.800000
      vertex 0.000000 73.449997 13.900000
    endloop
  endfacet
  facet normal 0.000000 -0.499999 -0.866026
    outer loop
      vertex 0.000000 73.449997 13.900000
      vertex 2.000000 75.355255 12.800000
      vertex 2.000000 73.449997 13.900000
    endloop
  endfacet
  facet normal 0.000000 0.000000 1.000000
    outer loop
      vertex 1.766667 48.166672 19.600000
      vertex 2.000000 48.166668 19.600000
      vertex 2.000000 48.166672 19.600000
    endloop
  endfacet
  facet normal -0.000010 1.000000 -0.000006
    outer loop
      vertex 1.400000 48.166668 19.600000
      vertex 1.400000 48.166672 20.200001
      vertex 1.766667 48.166672 19.600000
    endloop
  endfacet
  facet normal 0.000000 0.000000 1.000000
    outer loop
      vertex 1.400000 48.166668 19.600000
      vertex 1.766667 48.166672 19.600000
      vertex 1.400000 54.166668 19.600000
    endloop
  endfacet
  facet normal 1.000000 0.000000 0.000000
    outer loop
      vertex 1.400000 48.166668 19.600000
      vertex 1.400000 54.166668 20.200001
      vertex 1.400000 48.166672 20.200001
    endloop
  endfacet
  facet normal 0.000016 1.000000 0.000004
    outer loop
      vertex 1.766667 48.166672 19.600000
      vertex 1.400000 48.166668 22.400000
      vertex 2.000000 48.166668 19.600000
    endloop
  endfacet
  facet normal 0.000003 1.000000 0.000002
    outer loop
      vertex 1.766667 48.166672 19.600000
      vertex 1.400000 48.166672 20.200001
      vertex 1.400000 48.166668 22.400000
    endloop
  endfacet
  facet normal 0.000000 0.000000 0.000000
    outer loop
      vertex 1.400000 48.166672 20.200001
      vertex 1.400000 48.166672 20.200001
      vertex 1.400000 48.166668 22.400000
    endloop
  endfacet
  facet normal 0.000000 1.000000 0.000000
    outer loop
      vertex 1.400000 48.166668 22.400000
      vertex 2.000000 48.166668 22.400000
      vertex 2.000000 48.166668 19.600000
    endloop
  endfacet
  facet normal 1.000000 0.000000 0.000000
    outer loop
      vertex 1.400000 48.166672 20.200001
      vertex 1.400000 54.166668 22.400000
      vertex 1.400000 48.166668 22.400000
    endloop
  endfacet
  facet normal 0.000000 0.000000 -1.000000
    outer loop
      vertex 1.400000 48.166668 22.400000
      vertex 2.000000 54.166668 22.400000
      vertex 2.000000 48.166668 22.400000
    endloop
  endfacet
  facet normal 0.000000 0.000000 1.000000
    outer loop
      vertex 1.766667 48.166672 19.600000
      vertex 1.766667 54.166668 19.600000
      vertex 1.400000 54.166668 19.600000
    endloop
  endfacet
  facet normal 1.000000 0.000000 0.000000
    outer loop
      vertex 1.400000 48.166668 19.600000
      vertex 1.400000 54.166668 19.600000
      vertex 1.400000 54.166668 20.200001
    endloop
  endfacet
  facet normal 0.000000 -1.000000 0.000000
    outer loop
      vertex 1.400000 54.166668 19.600000
      vertex 1.766667 54.166668 19.600000
      vertex 1.400000 54.166668 20.200001
    endloop
  endfacet
  facet normal 1.000000 0.000000 0.000000
    outer loop
      vertex 1.400000 48.166672 20.200001
      vertex 1.400000 54.166668 20.200001
      vertex 1.400000 54.166668 22.400000
    endloop
  endfacet
  facet normal 0.000000 -1.000000 0.000000
    outer loop
      vertex 1.400000 54.166668 20.200001
      vertex 2.000000 54.166668 20.200001
      vertex 1.400000 54.166668 22.400000
    endloop
  endfacet
  facet normal 0.000000 -1.000000 0.000000
    outer loop
      vertex 1.400000 54.166668 22.400000
      vertex 2.000000 54.166668 20.200001
      vertex 2.000000 54.166668 22.400000
    endloop
  endfacet
  facet normal 0.000000 0.000000 -1.000000
    outer loop
      vertex 1.400000 48.166668 22.400000
      vertex 1.400000 54.166668 22.400000
      vertex 2.000000 54.166668 22.400000
    endloop
  endfacet
  facet normal 0.000000 1.000000 0.000000
    outer loop
      vertex 1.766667 48.166672 19.600000
      vertex 2.000000 48.166672 19.600000
      vertex 2.000000 48.166672 19.218182
    endloop
  endfacet
  facet normal 0.000000 0.000000 0.000000
    outer loop
      vertex 1.400000 48.166672 20.200001
      vertex 1.400000 48.166672 20.200001
      vertex 1.400000 48.166672 20.200001
    endloop
  endfacet
  facet normal 0.853282 0.000000 0.521449
    outer loop
      vertex 1.766667 48.166672 19.600000
      vertex 2.000000 48.166672 19.218182
      vertex 1.766667 54.166668 19.600000
    endloop
  endfacet
  facet normal 0.000000 0.000000 0.000000
    outer loop
      vertex 1.400000 48.166672 20.200001
      vertex 1.400000 48.166672 20.200001
      vertex 1.400000 54.166668 20.200001
    endloop
  endfacet
  facet normal 0.000000 0.000000 0.000000
    outer loop
      vertex 1.400000 48.166672 20.200001
      vertex 1.400000 54.166672 20.200001
      vertex 1.400000 48.166672 20.200001
    endloop
  endfacet
  facet normal 0.853282 0.000000 0.521449
    outer loop
      vertex 1.766667 54.166668 19.600000
      vertex 2.000000 48.166672 19.218182
      vertex 2.000000 54.166668 19.218182
    endloop
  endfacet
  facet normal 0.000006 -1.000000 0.000004
    outer loop
      vertex 1.766667 54.166668 19.600000
      vertex 2.000000 54.166668 19.218182
      vertex 2.000000 54.166672 20.200001
    endloop
  endfacet
  facet normal 0.000000 0.000000 0.000000
    outer loop
      vertex 1.400000 48.166672 20.200001
      vertex 1.400000 54.166668 20.200001
      vertex 1.400000 54.166672 20.200001
    endloop
  endfacet
  facet normal 0.000000 0.000000 0.000000
    outer loop
      vertex 1.400000 48.166672 20.200001
      vertex 1.400000 54.166672 20.200001
      vertex 1.400000 54.166668 20.200001
    endloop
  endfacet
  facet normal 0.853282 0.000000 0.521450
    outer loop
      vertex 1.766667 54.166668 19.600000
      vertex 1.400000 54.166672 20.200001
      vertex 1.400000 54.166668 20.200001
    endloop
  endfacet
  facet normal 0.000000 -1.000000 0.000006
    outer loop
      vertex 1.766667 54.166668 19.600000
      vertex 2.000000 54.166672 20.200001
      vertex 1.400000 54.166672 20.200001
    endloop
  endfacet
  facet normal 0.000000 0.000000 -1.000000
    outer loop
      vertex 1.400000 54.166672 20.200001
      vertex 2.000000 54.166672 20.200001
      vertex 1.400000 54.166668 20.200001
    endloop
  endfacet
  facet normal 0.000000 0.000000 -1.000000
    outer loop
      vertex 1.400000 54.166668 20.200001
      vertex 2.000000 54.166672 20.200001
      vertex 2.000000 54.166668 20.200001
    endloop
  endfacet
  facet normal 0.000000 0.000000 1.000000
    outer loop
      vertex 1.766667 62.133339 19.600000
      vertex 2.000000 62.133335 19.600000
      vertex 2.000000 62.133339 19.600000
    endloop
  endfacet
  facet normal -0.000010 1.000000 -0.000006
    outer loop
      vertex 1.400000 62.133335 19.600000
      vertex 1.400000 62.133339 20.200001
      vertex 1.766667 62.133339 19.600000
    endloop
  endfacet
  facet normal 0.000016 1.000000 0.000004
    outer loop
      vertex 1.766667 62.133339 19.600000
      vertex 1.400000 62.133335 22.400000
      vertex 2.000000 62.133335 19.600000
    endloop
  endfacet
  facet normal 0.000003 1.000000 0.000002
    outer loop
      vertex 1.766667 62.133339 19.600000
      vertex 1.400000 62.133339 20.200001
      vertex 1.400000 62.133335 22.400000
    endloop
  endfacet
  facet normal 0.000000 0.000000 0.000000
    outer loop
      vertex 1.400000 62.133339 20.200001
      vertex 1.400000 62.133339 20.200001
      vertex 1.400000 62.133335 22.400000
    endloop
  endfacet
  facet normal 0.000000 1.000000 0.000000
    outer loop
      vertex 1.400000 62.133335 22.400000
      vertex 2.000000 62.133335 22.400000
      vertex 2.000000 62.133335 19.600000
    endloop
  endfacet
  facet normal 0.000000 0.000000 1.000000
    outer loop
      vertex 1.400000 62.133335 19.600000
      vertex 1.766667 62.133339 19.600000
      vertex 1.400000 68.133331 19.600000
    endloop
  endfacet
  facet normal 1.000000 0.000000 0.000000
    outer loop
      vertex 1.400000 62.133335 19.600000
      vertex 1.400000 68.133331 20.200001
      vertex 1.400000 62.133339 20.200001
    endloop
  endfacet
  facet normal 0.000000 0.000000 1.000000
    outer loop
      vertex 1.766667 62.133339 19.600000
      vertex 1.766667 68.133331 19.600000
      vertex 1.400000 68.133331 19.600000
    endloop
  endfacet
  facet normal 1.000000 0.000000 0.000000
    outer loop
      vertex 1.400000 62.133335 19.600000
      vertex 1.400000 68.133331 19.600000
      vertex 1.400000 68.133331 20.200001
    endloop
  endfacet
  facet normal 0.000000 0.000000 0.000000
    outer loop
      vertex 1.766667 68.133331 19.600000
      vertex 2.000000 68.133331 19.600000
      vertex 2.000000 68.133331 19.600000
    endloop
  endfacet
  facet normal 0.000000 0.000000 0.000000
    outer loop
      vertex 1.400000 68.133331 19.600000
      vertex 1.400000 68.133331 20.200001
      vertex 1.400000 68.133331 20.200001
    endloop
  endfacet
  facet normal 1.000000 0.000000 0.000000
    outer loop
      vertex 1.400000 62.133339 20.200001
      vertex 1.400000 68.133331 22.400000
      vertex 1.400000 62.133335 22.400000
    endloop
  endfacet
  facet normal 1.000000 0.000000 0.000000
    outer loop
      vertex 1.400000 62.133339 20.200001
      vertex 1.400000 68.133331 20.200001
      vertex 1.400000 68.133331 22.400000
    endloop
  endfacet
  facet normal 0.000000 0.000000 -1.000000
    outer loop
      vertex 1.400000 62.133335 22.400000
      vertex 2.000000 68.133331 22.400000
      vertex 2.000000 62.133335 22.400000
    endloop
  endfacet
  facet normal 0.000000 0.000000 -1.000000
    outer loop
      vertex 1.400000 62.133335 22.400000
      vertex 1.400000 68.133331 22.400000
      vertex 2.000000 68.133331 22.400000
    endloop
  endfacet
  facet normal 0.000000 -1.000000 0.000000
    outer loop
      vertex 1.400000 68.133331 19.600000
      vertex 1.766667 68.133331 19.600000
      vertex 2.000000 68.133331 22.400000
    endloop
  endfacet
  facet normal 0.000000 -1.000000 0.000000
    outer loop
      vertex 1.400000 68.133331 19.600000
      vertex 2.000000 68.133331 22.400000
      vertex 1.400000 68.133331 20.200001
    endloop
  endfacet
  facet normal 0.000000 -1.000000 0.000000
    outer loop
      vertex 1.766667 68.133331 19.600000
      vertex 2.000000 68.133331 19.600000
      vertex 2.000000 68.133331 22.400000
    endloop
  endfacet
  facet normal 0.000000 -1.000000 0.000000
    outer loop
      vertex 1.400000 68.133331 20.200001
      vertex 2.000000 68.133331 22.400000
      vertex 1.400000 68.133331 22.400000
    endloop
  endfacet
  facet normal 0.000000 1.000000 0.000000
    outer loop
      vertex 1.766667 62.133339 19.600000
      vertex 2.000000 62.133339 19.600000
      vertex 2.000000 62.133339 19.218182
    endloop
  endfacet
  facet normal 0.000000 0.000000 0.000000
    outer loop
      vertex 1.400000 62.133339 20.200001
      vertex 1.400000 62.133339 20.200001
      vertex 1.400000 62.133339 20.200001
    endloop
  endfacet
  facet normal 0.853282 0.000000 0.521449
    outer loop
      vertex 1.766667 62.133339 19.600000
      vertex 2.000000 62.133339 19.218182
      vertex 1.766667 68.133331 19.600000
    endloop
  endfacet
  facet normal 0.000000 0.000000 0.000000
    outer loop
      vertex 1.400000 62.133339 20.200001
      vertex 1.400000 62.133339 20.200001
      vertex 1.400000 68.133331 20.200001
    endloop
  endfacet
  facet normal 0.000000 0.000000 0.000000
    outer loop
      vertex 1.400000 62.133339 20.200001
      vertex 1.400000 68.133331 20.200001
      vertex 1.400000 62.133339 20.200001
    endloop
  endfacet
  facet normal 0.853282 0.000000 0.521449
    outer loop
      vertex 1.766667 68.133331 19.600000
      vertex 2.000000 62.133339 19.218182
      vertex 2.000000 68.133331 19.218182
    endloop
  endfacet
  facet normal 0.000000 0.000000 0.000000
    outer loop
      vertex 1.400000 62.133339 20.200001
      vertex 1.400000 68.133331 20.200001
      vertex 1.400000 68.133331 20.200001
    endloop
  endfacet
  facet normal 0.000000 0.000000 0.000000
    outer loop
      vertex 1.400000 62.133339 20.200001
      vertex 1.400000 68.133331 20.200001
      vertex 1.400000 68.133331 20.200001
    endloop
  endfacet
  facet normal 0.000000 -1.000000 0.000000
    outer loop
      vertex 1.766667 68.133331 19.600000
      vertex 2.000000 68.133331 19.218182
      vertex 2.000000 68.133331 19.600000
    endloop
  endfacet
  facet normal 0.000000 0.000000 0.000000
    outer loop
      vertex 1.400000 68.133331 20.200001
      vertex 1.400000 68.133331 20.200001
      vertex 1.400000 68.133331 20.200001
    endloop
  endfacet
  facet normal 0.000000 0.000000 1.000000
    outer loop
      vertex 118.633331 26.033333 19.600000
      vertex 119.000000 26.033333 19.600000
      vertex 118.633331 32.033329 19.600000
    endloop
  endfacet
  facet normal 0.000000 1.000000 0.000000
    outer loop
      vertex 118.633331 26.033333 19.600000
      vertex 119.000000 26.033333 20.200001
      vertex 119.000000 26.033333 19.600000
    endloop
  endfacet
  facet normal -1.000000 0.000000 0.000000
    outer loop
      vertex 119.000000 26.033333 19.600000
      vertex 119.000000 26.033333 20.200001
      vertex 119.000000 30.747620 20.200001
    endloop
  endfacet
  facet normal 0.000000 0.000000 1.000000
    outer loop
      vertex 119.000000 26.033333 19.600000
      vertex 119.000000 32.033333 19.600000
      vertex 118.633331 32.033329 19.600000
    endloop
  endfacet
  facet normal -1.000000 0.000000 0.000000
    outer loop
      vertex 119.000000 26.033333 19.600000
      vertex 119.000000 30.747620 20.200001
      vertex 119.000000 32.033333 19.600000
    endloop
  endfacet
  facet normal 0.000000 1.000000 0.000000
    outer loop
      vertex 119.000000 26.033333 20.200001
      vertex 118.400002 26.033333 20.200001
      vertex 119.000000 26.033333 22.400000
    endloop
  endfacet
  facet normal -1.000000 0.000000 0.000000
    outer loop
      vertex 119.000000 26.033333 20.200001
      vertex 119.000000 26.033333 22.400000
      vertex 119.000000 30.747620 20.200001
    endloop
  endfacet
  facet normal 0.000000 1.000000 0.000000
    outer loop
      vertex 119.000000 26.033333 22.400000
      vertex 118.400002 26.033333 20.200001
      vertex 118.400002 26.033333 22.400000
    endloop
  endfacet
  facet normal -1.000000 0.000000 0.000000
    outer loop
      vertex 119.000000 30.747620 20.200001
      vertex 119.000000 26.033333 22.400000
      vertex 119.000000 32.033333 22.400000
    endloop
  endfacet
  facet normal 0.000000 0.000000 -1.000000
    outer loop
      vertex 119.000000 26.033333 22.400000
      vertex 118.400002 26.033333 22.400000
      vertex 119.000000 32.033333 22.400000
    endloop
  endfacet
  facet normal 0.000000 0.000000 -1.000000
    outer loop
      vertex 119.000000 32.033333 22.400000
      vertex 118.400002 26.033333 22.400000
      vertex 118.400002 32.033333 22.400000
    endloop
  endfacet
  facet normal 0.000000 0.000000 1.000000
    outer loop
      vertex 118.633331 32.033329 19.600000
      vertex 118.400002 32.033333 19.600000
      vertex 118.400002 32.033329 19.600000
    endloop
  endfacet
  facet normal -1.000000 0.000000 0.000000
    outer loop
      vertex 119.000000 30.747620 20.200001
      vertex 119.000000 32.033333 22.400000
      vertex 119.000000 32.033333 19.600000
    endloop
  endfacet
  facet normal -0.000016 -1.000000 0.000004
    outer loop
      vertex 118.633331 32.033329 19.600000
      vertex 119.000000 32.033333 22.400000
      vertex 118.400002 32.033333 19.600000
    endloop
  endfacet
  facet normal 0.000010 -1.000000 0.000000
    outer loop
      vertex 118.633331 32.033329 19.600000
      vertex 119.000000 32.033333 19.600000
      vertex 119.000000 32.033333 22.400000
    endloop
  endfacet
  facet normal 0.000000 -1.000000 0.000000
    outer loop
      vertex 119.000000 32.033333 22.400000
      vertex 118.400002 32.033333 22.400000
      vertex 118.400002 32.033333 19.600000
    endloop
  endfacet
  facet normal -0.000003 1.000000 0.000002
    outer loop
      vertex 118.633331 26.033333 19.600000
      vertex 118.400002 26.033333 19.218180
      vertex 118.400002 26.033331 20.200001
    endloop
  endfacet
  facet normal -0.853287 0.000000 0.521442
    outer loop
      vertex 118.633331 26.033333 19.600000
      vertex 118.400002 32.033329 19.218180
      vertex 118.400002 26.033333 19.218180
    endloop
  endfacet
  facet normal 0.000000 1.000000 0.000003
    outer loop
      vertex 118.633331 26.033333 19.600000
      vertex 118.400002 26.033331 20.200001
      vertex 119.000000 26.033331 20.200001
    endloop
  endfacet
  facet normal -0.853281 0.000000 0.521452
    outer loop
      vertex 118.633331 26.033333 19.600000
      vertex 119.000000 26.033331 20.200001
      vertex 119.000000 26.033333 20.200001
    endloop
  endfacet
  facet normal 0.000000 0.000000 -1.000000
    outer loop
      vertex 119.000000 26.033331 20.200001
      vertex 118.400002 26.033331 20.200001
      vertex 118.400002 26.033333 20.200001
    endloop
  endfacet
  facet normal 0.000000 0.000000 -1.000000
    outer loop
      vertex 119.000000 26.033333 20.200001
      vertex 119.000000 26.033331 20.200001
      vertex 118.400002 26.033333 20.200001
    endloop
  endfacet
  facet normal -0.853287 0.000000 0.521442
    outer loop
      vertex 118.633331 26.033333 19.600000
      vertex 118.633331 32.033329 19.600000
      vertex 118.400002 32.033329 19.218180
    endloop
  endfacet
  facet normal 0.000000 -1.000000 0.000000
    outer loop
      vertex 118.633331 32.033329 19.600000
      vertex 118.400002 32.033329 19.600000
      vertex 118.400002 32.033329 19.218180
    endloop
  endfacet
  facet normal 0.000000 0.000000 0.000000
    outer loop
      vertex 118.633331 51.066669 19.600000
      vertex 118.400002 51.066669 19.600000
      vertex 118.400002 51.066669 19.600000
    endloop
  endfacet
  facet normal 0.000000 1.000000 0.000001
    outer loop
      vertex 118.633331 51.066669 19.600000
      vertex 118.400002 51.066669 19.600000
      vertex 118.400002 51.066666 22.400000
    endloop
  endfacet
  facet normal 0.000010 1.000000 0.000002
    outer loop
      vertex 118.633331 51.066669 19.600000
      vertex 118.400002 51.066666 22.400000
      vertex 119.000000 51.066666 19.600000
    endloop
  endfacet
  facet normal 0.000000 1.000000 0.000000
    outer loop
      vertex 119.000000 51.066666 19.600000
      vertex 118.400002 51.066666 22.400000
      vertex 119.000000 51.066666 22.400000
    endloop
  endfacet
  facet normal 0.000000 0.000000 1.000000
    outer loop
      vertex 118.633331 51.066669 19.600000
      vertex 119.000000 51.066666 19.600000
      vertex 118.633331 57.066666 19.600000
    endloop
  endfacet
  facet normal 0.000000 0.000000 1.000000
    outer loop
      vertex 119.000000 51.066666 19.600000
      vertex 119.000000 57.066666 19.600000
      vertex 118.633331 57.066666 19.600000
    endloop
  endfacet
  facet normal -1.000000 0.000000 0.000000
    outer loop
      vertex 119.000000 51.066666 19.600000
      vertex 119.000000 55.780952 20.200001
      vertex 119.000000 57.066666 19.600000
    endloop
  endfacet
  facet normal 0.000000 -1.000000 0.000000
    outer loop
      vertex 118.633331 57.066666 19.600000
      vertex 119.000000 57.066666 19.600000
      vertex 119.000000 57.066666 20.200001
    endloop
  endfacet
  facet normal -1.000000 0.000000 0.000000
    outer loop
      vertex 119.000000 55.780952 20.200001
      vertex 119.000000 57.066666 20.200001
      vertex 119.000000 57.066666 19.600000
    endloop
  endfacet
  facet normal -1.000000 0.000000 0.000000
    outer loop
      vertex 119.000000 51.066666 19.600000
      vertex 119.000000 51.066666 22.400000
      vertex 119.000000 55.780952 20.200001
    endloop
  endfacet
  facet normal 0.000000 -1.000000 0.000000
    outer loop
      vertex 119.000000 57.066666 20.200001
      vertex 118.400002 57.066666 22.400000
      vertex 118.400002 57.066666 20.200001
    endloop
  endfacet
  facet normal -1.000000 0.000000 0.000000
    outer loop
      vertex 119.000000 55.780952 20.200001
      vertex 119.000000 57.066666 22.400000
      vertex 119.000000 57.066666 20.200001
    endloop
  endfacet
  facet normal -1.000000 0.000000 0.000000
    outer loop
      vertex 119.000000 51.066666 22.400000
      vertex 119.000000 57.066666 22.400000
      vertex 119.000000 55.780952 20.200001
    endloop
  endfacet
  facet normal 0.000000 -1.000000 0.000000
    outer loop
      vertex 119.000000 57.066666 20.200001
      vertex 119.000000 57.066666 22.400000
      vertex 118.400002 57.066666 22.400000
    endloop
  endfacet
  facet normal 0.000000 0.000000 -1.000000
    outer loop
      vertex 119.000000 51.066666 22.400000
      vertex 118.400002 51.066666 22.400000
      vertex 119.000000 57.066666 22.400000
    endloop
  endfacet
  facet normal 0.000000 0.000000 -1.000000
    outer loop
      vertex 119.000000 57.066666 22.400000
      vertex 118.400002 51.066666 22.400000
      vertex 118.400002 57.066666 22.400000
    endloop
  endfacet
  facet normal 0.000000 1.000000 0.000000
    outer loop
      vertex 118.633331 51.066669 19.600000
      vertex 118.400002 51.066669 19.218180
      vertex 118.400002 51.066669 19.600000
    endloop
  endfacet
  facet normal -0.853287 0.000000 0.521442
    outer loop
      vertex 118.633331 51.066669 19.600000
      vertex 118.400002 57.066666 19.218180
      vertex 118.400002 51.066669 19.218180
    endloop
  endfacet
  facet normal -0.000006 -1.000000 0.000004
    outer loop
      vertex 118.633331 57.066666 19.600000
      vertex 118.400002 57.066669 20.200001
      vertex 118.400002 57.066666 19.218180
    endloop
  endfacet
  facet normal -0.853287 0.000000 0.521442
    outer loop
      vertex 118.633331 51.066669 19.600000
      vertex 118.633331 57.066666 19.600000
      vertex 118.400002 57.066666 19.218180
    endloop
  endfacet
  facet normal 0.000000 -1.000000 0.000006
    outer loop
      vertex 118.633331 57.066666 19.600000
      vertex 119.000000 57.066669 20.200001
      vertex 118.400002 57.066669 20.200001
    endloop
  endfacet
  facet normal -0.853281 0.000000 0.521452
    outer loop
      vertex 118.633331 57.066666 19.600000
      vertex 119.000000 57.066666 20.200001
      vertex 119.000000 57.066669 20.200001
    endloop
  endfacet
  facet normal 0.000000 0.000000 -1.000000
    outer loop
      vertex 119.000000 57.066666 20.200001
      vertex 118.400002 57.066666 20.200001
      vertex 118.400002 57.066669 20.200001
    endloop
  endfacet
  facet normal 0.000000 0.000000 -1.000000
    outer loop
      vertex 119.000000 57.066666 20.200001
      vertex 118.400002 57.066669 20.200001
      vertex 119.000000 57.066669 20.200001
    endloop
  endfacet
  facet normal 0.000000 0.000000 0.000000
    outer loop
      vertex 93.066673 1.766667 19.600000
      vertex 93.066673 2.000000 19.600000
      vertex 93.066673 2.000000 19.600000
    endloop
  endfacet
  facet normal 0.000000 0.000000 0.000000
    outer loop
      vertex 93.066666 1.400000 19.600000
      vertex 93.066673 1.400000 20.200001
      vertex 93.066673 1.400000 20.200001
    endloop
  endfacet
  facet normal 0.000000 0.000000 1.000000
    outer loop
      vertex 93.066666 1.400000 19.600000
      vertex 99.066666 1.766667 19.600000
      vertex 93.066673 1.766667 19.600000
    endloop
  endfacet
  facet normal 0.000000 0.000000 1.000000
    outer loop
      vertex 93.066666 1.400000 19.600000
      vertex 99.066666 1.400000 19.600000
      vertex 99.066666 1.766667 19.600000
    endloop
  endfacet
  facet normal 0.000000 1.000000 0.000000
    outer loop
      vertex 93.066666 1.400000 19.600000
      vertex 93.066673 1.400000 20.200001
      vertex 99.066666 1.400000 19.600000
    endloop
  endfacet
  facet normal 0.000000 1.000000 0.000000
    outer loop
      vertex 93.066673 1.400000 20.200001
      vertex 99.066666 1.400000 20.200001
      vertex 99.066666 1.400000 19.600000
    endloop
  endfacet
  facet normal -1.000000 0.000000 0.000000
    outer loop
      vertex 99.066666 1.400000 19.600000
      vertex 99.066666 1.400000 20.200001
      vertex 99.066666 1.766667 19.600000
    endloop
  endfacet
  facet normal 1.000000 -0.000021 0.000004
    outer loop
      vertex 93.066666 1.400000 19.600000
      vertex 93.066673 1.766667 19.600000
      vertex 93.066666 2.000000 22.400000
    endloop
  endfacet
  facet normal 1.000000 0.000000 0.000003
    outer loop
      vertex 93.066673 1.766667 19.600000
      vertex 93.066673 2.000000 19.600000
      vertex 93.066666 2.000000 22.400000
    endloop
  endfacet
  facet normal 1.000000 0.000059 -0.000013
    outer loop
      vertex 93.066666 1.400000 19.600000
      vertex 93.066666 2.000000 22.400000
      vertex 93.066673 1.400000 20.200001
    endloop
  endfacet
  facet normal 1.000000 0.000000 0.000003
    outer loop
      vertex 93.066673 1.400000 20.200001
      vertex 93.066666 2.000000 22.400000
      vertex 93.066666 1.400000 22.400000
    endloop
  endfacet
  facet normal 0.000000 1.000000 0.000000
    outer loop
      vertex 93.066673 1.400000 20.200001
      vertex 93.066666 1.400000 22.400000
      vertex 99.066666 1.400000 20.200001
    endloop
  endfacet
  facet normal 0.000000 1.000000 0.000000
    outer loop
      vertex 99.066666 1.400000 20.200001
      vertex 93.066666 1.400000 22.400000
      vertex 99.066666 1.400000 22.400000
    endloop
  endfacet
  facet normal 0.000000 0.000000 -1.000000
    outer loop
      vertex 93.066666 1.400000 22.400000
      vertex 93.066666 2.000000 22.400000
      vertex 99.066666 1.400000 22.400000
    endloop
  endfacet
  facet normal 0.000000 0.000000 -1.000000
    outer loop
      vertex 99.066666 1.400000 22.400000
      vertex 93.066666 2.000000 22.400000
      vertex 99.066666 2.000000 22.400000
    endloop
  endfacet
  facet normal -1.000000 0.000000 0.000000
    outer loop
      vertex 99.066666 1.400000 20.200001
      vertex 99.066666 2.000000 22.400000
      vertex 99.066666 2.000000 20.200001
    endloop
  endfacet
  facet normal -1.000000 0.000000 0.000000
    outer loop
      vertex 99.066666 1.400000 20.200001
      vertex 99.066666 1.400000 22.400000
      vertex 99.066666 2.000000 22.400000
    endloop
  endfacet
  facet normal 1.000000 0.000000 0.000000
    outer loop
      vertex 93.066673 1.766667 19.600000
      vertex 93.066673 2.000000 19.218182
      vertex 93.066673 2.000000 19.600000
    endloop
  endfacet
  facet normal 0.000000 0.000000 0.000000
    outer loop
      vertex 93.066673 1.400000 20.200001
      vertex 93.066673 1.400000 20.200001
      vertex 93.066673 1.400000 20.200001
    endloop
  endfacet
  facet normal 0.000000 0.853282 0.521449
    outer loop
      vertex 93.066673 1.766667 19.600000
      vertex 99.066666 2.000000 19.218182
      vertex 93.066673 2.000000 19.218182
    endloop
  endfacet
  facet normal 0.000000 0.853282 0.521449
    outer loop
      vertex 93.066673 1.766667 19.600000
      vertex 99.066666 1.766667 19.600000
      vertex 99.066666 2.000000 19.218182
    endloop
  endfacet
  facet normal 0.000000 0.000000 0.000000
    outer loop
      vertex 93.066673 1.400000 20.200001
      vertex 99.066673 1.400000 20.200001
      vertex 93.066673 1.400000 20.200001
    endloop
  endfacet
  facet normal 0.000000 0.000000 0.000000
    outer loop
      vertex 93.066673 1.400000 20.200001
      vertex 93.066673 1.400000 20.200001
      vertex 99.066666 1.400000 20.200001
    endloop
  endfacet
  facet normal 0.000000 0.000000 0.000000
    outer loop
      vertex 93.066673 1.400000 20.200001
      vertex 99.066673 1.400000 20.200001
      vertex 99.066666 1.400000 20.200001
    endloop
  endfacet
  facet normal 0.000000 0.000000 0.000000
    outer loop
      vertex 93.066673 1.400000 20.200001
      vertex 99.066666 1.400000 20.200001
      vertex 99.066673 1.400000 20.200001
    endloop
  endfacet
  facet normal -1.000000 0.000013 0.000008
    outer loop
      vertex 99.066666 1.766667 19.600000
      vertex 99.066673 2.000000 20.200001
      vertex 99.066666 2.000000 19.218182
    endloop
  endfacet
  facet normal 0.000000 0.853282 0.521450
    outer loop
      vertex 99.066666 1.766667 19.600000
      vertex 99.066666 1.400000 20.200001
      vertex 99.066673 1.400000 20.200001
    endloop
  endfacet
  facet normal -1.000000 0.000000 0.000013
    outer loop
      vertex 99.066666 1.766667 19.600000
      vertex 99.066673 1.400000 20.200001
      vertex 99.066673 2.000000 20.200001
    endloop
  endfacet
  facet normal 0.000000 0.000000 -1.000000
    outer loop
      vertex 99.066673 1.400000 20.200001
      vertex 99.066666 1.400000 20.200001
      vertex 99.066673 2.000000 20.200001
    endloop
  endfacet
  facet normal 0.000000 0.000000 -1.000000
    outer loop
      vertex 99.066666 1.400000 20.200001
      vertex 99.066666 2.000000 20.200001
      vertex 99.066673 2.000000 20.200001
    endloop
  endfacet
  facet normal 0.000000 0.000000 1.000000
    outer loop
      vertex 103.233330 1.400000 19.600000
      vertex 109.233330 1.766667 19.600000
      vertex 103.233330 1.766667 19.600000
    endloop
  endfacet
  facet normal 1.000000 0.000000 0.000000
    outer loop
      vertex 103.233330 1.400000 19.600000
      vertex 103.233330 1.766667 19.600000
      vertex 103.233330 1.400000 20.200001
    endloop
  endfacet
  facet normal 0.000000 1.000000 0.000000
    outer loop
      vertex 103.233330 1.400000 19.600000
      vertex 103.233330 1.400000 20.200001
      vertex 109.233330 1.400000 19.600000
    endloop
  endfacet
  facet normal 1.000000 0.000000 0.000000
    outer loop
      vertex 103.233330 1.400000 20.200001
      vertex 103.233330 2.000000 20.200001
      vertex 103.233330 1.400000 22.400000
    endloop
  endfacet
  facet normal 0.000000 1.000000 0.000000
    outer loop
      vertex 103.233330 1.400000 20.200001
      vertex 103.233330 1.400000 22.400000
      vertex 109.233330 1.400000 20.200001
    endloop
  endfacet
  facet normal 1.000000 0.000000 0.000000
    outer loop
      vertex 103.233330 1.400000 22.400000
      vertex 103.233330 2.000000 20.200001
      vertex 103.233330 2.000000 22.400000
    endloop
  endfacet
  facet normal 0.000000 0.000000 -1.000000
    outer loop
      vertex 103.233330 1.400000 22.400000
      vertex 103.233330 2.000000 22.400000
      vertex 109.233330 1.400000 22.400000
    endloop
  endfacet
  facet normal 0.000000 0.000000 1.000000
    outer loop
      vertex 103.233330 1.400000 19.600000
      vertex 109.233330 1.400000 19.600000
      vertex 109.233330 1.766667 19.600000
    endloop
  endfacet
  facet normal 0.000000 1.000000 0.000000
    outer loop
      vertex 103.233330 1.400000 20.200001
      vertex 109.233330 1.400000 20.200001
      vertex 109.233330 1.400000 19.600000
    endloop
  endfacet
  facet normal 0.000000 0.000000 0.000000
    outer loop
      vertex 109.233330 1.766667 19.600000
      vertex 109.233330 2.000000 19.600000
      vertex 109.233330 2.000000 19.600000
    endloop
  endfacet
  facet normal -1.000000 0.000000 0.000000
    outer loop
      vertex 109.233330 1.400000 19.600000
      vertex 109.233330 1.400000 20.200001
      vertex 109.233330 1.766667 19.600000
    endloop
  endfacet
  facet normal 0.000000 1.000000 0.000000
    outer loop
      vertex 103.233330 1.400000 22.400000
      vertex 109.233330 1.400000 22.400000
      vertex 109.233330 1.400000 20.200001
    endloop
  endfacet
  facet normal -1.000000 0.000000 0.000000
    outer loop
      vertex 109.233330 1.766667 19.600000
      vertex 109.233330 1.400000 22.400000
      vertex 109.233330 2.000000 19.600000
    endloop
  endfacet
  facet normal -1.000000 0.000000 0.000000
    outer loop
      vertex 109.233330 1.766667 19.600000
      vertex 109.233330 1.400000 20.200001
      vertex 109.233330 1.400000 22.400000
    endloop
  endfacet
  facet normal 0.000000 0.000000 0.000000
    outer loop
      vertex 109.233330 1.400000 20.200001
      vertex 109.233330 1.400000 20.200001
      vertex 109.233330 1.400000 22.400000
    endloop
  endfacet
  facet normal -1.000000 0.000000 0.000000
    outer loop
      vertex 109.233330 1.400000 22.400000
      vertex 109.233330 2.000000 22.400000
      vertex 109.233330 2.000000 19.600000
    endloop
  endfacet
  facet normal 0.000000 0.000000 -1.000000
    outer loop
      vertex 109.233330 1.400000 22.400000
      vertex 103.233330 2.000000 22.400000
      vertex 109.233330 2.000000 22.400000
    endloop
  endfacet
  facet normal 1.000000 0.000000 0.000000
    outer loop
      vertex 103.233330 1.766667 19.600000
      vertex 103.233330 2.000000 19.218182
      vertex 103.233330 2.000000 20.200001
    endloop
  endfacet
  facet normal 0.000000 0.853282 0.521449
    outer loop
      vertex 103.233330 1.766667 19.600000
      vertex 109.233330 2.000000 19.218182
      vertex 103.233330 2.000000 19.218182
    endloop
  endfacet
  facet normal 0.000000 0.000000 0.000000
    outer loop
      vertex 103.233330 1.766667 19.600000
      vertex 103.233330 1.400000 20.200001
      vertex 103.233330 1.400000 20.200001
    endloop
  endfacet
  facet normal 1.000000 0.000000 0.000000
    outer loop
      vertex 103.233330 1.766667 19.600000
      vertex 103.233330 2.000000 20.200001
      vertex 103.233330 1.400000 20.200001
    endloop
  endfacet
  facet normal 0.000000 0.000000 0.000000
    outer loop
      vertex 103.233330 1.400000 20.200001
      vertex 103.233330 2.000000 20.200001
      vertex 103.233330 1.400000 20.200001
    endloop
  endfacet
  facet normal 0.000000 0.000000 0.000000
    outer loop
      vertex 103.233330 1.400000 20.200001
      vertex 103.233330 2.000000 20.200001
      vertex 103.233330 2.000000 20.200001
    endloop
  endfacet
  facet normal 0.000000 0.000000 0.000000
    outer loop
      vertex 103.233330 1.400000 20.200001
      vertex 109.233330 1.400000 20.200001
      vertex 103.233330 1.400000 20.200001
    endloop
  endfacet
  facet normal 0.000000 0.000000 0.000000
    outer loop
      vertex 103.233330 1.400000 20.200001
      vertex 103.233330 1.400000 20.200001
      vertex 109.233330 1.400000 20.200001
    endloop
  endfacet
  facet normal 0.000000 0.853282 0.521449
    outer loop
      vertex 103.233330 1.766667 19.600000
      vertex 109.233330 1.766667 19.600000
      vertex 109.233330 2.000000 19.218182
    endloop
  endfacet
  facet normal 0.000000 0.000000 0.000000
    outer loop
      vertex 103.233330 1.400000 20.200001
      vertex 109.233330 1.400000 20.200001
      vertex 109.233330 1.400000 20.200001
    endloop
  endfacet
  facet normal 0.000000 0.000000 0.000000
    outer loop
      vertex 103.233330 1.400000 20.200001
      vertex 109.233330 1.400000 20.200001
      vertex 109.233330 1.400000 20.200001
    endloop
  endfacet
  facet normal -1.000000 0.000000 0.000000
    outer loop
      vertex 109.233330 1.766667 19.600000
      vertex 109.233330 2.000000 19.600000
      vertex 109.233330 2.000000 19.218182
    endloop
  endfacet
  facet normal 0.000000 0.000000 0.000000
    outer loop
      vertex 109.233330 1.400000 20.200001
      vertex 109.233330 1.400000 20.200001
      vertex 109.233330 1.400000 20.200001
    endloop
  endfacet
  facet normal 0.000000 0.000000 1.000000
    outer loop
      vertex 38.466671 81.333328 19.600000
      vertex 38.466667 81.099998 19.600000
      vertex 38.466671 81.099998 19.600000
    endloop
  endfacet
  facet normal 0.000000 0.000000 1.000000
    outer loop
      vertex 38.466671 81.333328 19.600000
      vertex 44.466667 81.699997 19.600000
      vertex 38.466667 81.699997 19.600000
    endloop
  endfacet
  facet normal 0.000000 0.000000 1.000000
    outer loop
      vertex 38.466671 81.333328 19.600000
      vertex 44.466667 81.333328 19.600000
      vertex 44.466667 81.699997 19.600000
    endloop
  endfacet
  facet normal 0.000000 -1.000000 0.000000
    outer loop
      vertex 38.466667 81.699997 19.600000
      vertex 44.466667 81.699997 19.600000
      vertex 44.466667 81.699997 20.200001
    endloop
  endfacet
  facet normal -1.000000 0.000000 0.000000
    outer loop
      vertex 44.466667 81.333328 19.600000
      vertex 44.466667 81.699997 20.200001
      vertex 44.466667 81.699997 19.600000
    endloop
  endfacet
  facet normal 1.000000 -0.000016 0.000004
    outer loop
      vertex 38.466671 81.333328 19.600000
      vertex 38.466667 81.699997 22.400000
      vertex 38.466667 81.099998 19.600000
    endloop
  endfacet
  facet normal 1.000000 0.000010 0.000000
    outer loop
      vertex 38.466671 81.333328 19.600000
      vertex 38.466667 81.699997 19.600000
      vertex 38.466667 81.699997 22.400000
    endloop
  endfacet
  facet normal 1.000000 0.000000 0.000000
    outer loop
      vertex 38.466667 81.699997 22.400000
      vertex 38.466667 81.099998 22.400000
      vertex 38.466667 81.099998 19.600000
    endloop
  endfacet
  facet normal 0.000000 -1.000000 0.000000
    outer loop
      vertex 38.466667 81.699997 19.600000
      vertex 44.466667 81.699997 22.400000
      vertex 38.466667 81.699997 22.400000
    endloop
  endfacet
  facet normal 0.000000 -1.000000 0.000000
    outer loop
      vertex 38.466667 81.699997 19.600000
      vertex 44.466667 81.699997 20.200001
      vertex 44.466667 81.699997 22.400000
    endloop
  endfacet
  facet normal -1.000000 0.000000 0.000000
    outer loop
      vertex 44.466667 81.699997 20.200001
      vertex 44.466667 81.099998 20.200001
      vertex 44.466667 81.699997 22.400000
    endloop
  endfacet
  facet normal -1.000000 0.000000 0.000000
    outer loop
      vertex 44.466667 81.699997 22.400000
      vertex 44.466667 81.099998 20.200001
      vertex 44.466667 81.099998 22.400000
    endloop
  endfacet
  facet normal 0.000000 0.000000 -1.000000
    outer loop
      vertex 38.466667 81.699997 22.400000
      vertex 44.466667 81.099998 22.400000
      vertex 38.466667 81.099998 22.400000
    endloop
  endfacet
  facet normal 0.000000 0.000000 -1.000000
    outer loop
      vertex 38.466667 81.699997 22.400000
      vertex 44.466667 81.699997 22.400000
      vertex 44.466667 81.099998 22.400000
    endloop
  endfacet
  facet normal 1.000000 0.000000 0.000000
    outer loop
      vertex 38.466671 81.333328 19.600000
      vertex 38.466671 81.099998 19.600000
      vertex 38.466671 81.099998 19.218185
    endloop
  endfacet
  facet normal 0.000000 -0.853283 0.521447
    outer loop
      vertex 38.466671 81.333328 19.600000
      vertex 38.466671 81.099998 19.218185
      vertex 44.466667 81.333328 19.600000
    endloop
  endfacet
  facet normal 0.000000 -0.853283 0.521447
    outer loop
      vertex 44.466667 81.333328 19.600000
      vertex 38.466671 81.099998 19.218185
      vertex 44.466667 81.099998 19.218185
    endloop
  endfacet
  facet normal -1.000000 0.000000 0.000000
    outer loop
      vertex 44.466667 81.333328 19.600000
      vertex 44.466667 81.099998 19.218185
      vertex 44.466667 81.099998 20.200001
    endloop
  endfacet
  facet normal -1.000000 0.000006 0.000002
    outer loop
      vertex 44.466667 81.333328 19.600000
      vertex 44.466667 81.099998 20.200001
      vertex 44.466671 81.699997 20.200001
    endloop
  endfacet
  facet normal 0.000000 -0.853281 0.521452
    outer loop
      vertex 44.466667 81.333328 19.600000
      vertex 44.466671 81.699997 20.200001
      vertex 44.466667 81.699997 20.200001
    endloop
  endfacet
  facet normal 0.000000 0.000000 0.000000
    outer loop
      vertex 44.466667 81.699997 20.200001
      vertex 44.466667 81.099998 20.200001
      vertex 44.466667 81.099998 20.200001
    endloop
  endfacet
  facet normal 0.000000 0.000000 -1.000000
    outer loop
      vertex 44.466671 81.699997 20.200001
      vertex 44.466667 81.099998 20.200001
      vertex 44.466667 81.699997 20.200001
    endloop
  endfacet
  facet normal 0.000000 0.000000 1.000000
    outer loop
      vertex 75.933334 81.333328 19.600000
      vertex 81.933334 81.699997 19.600000
      vertex 75.933334 81.699997 19.600000
    endloop
  endfacet
  facet normal 1.000000 0.000000 0.000000
    outer loop
      vertex 75.933334 81.333328 19.600000
      vertex 75.933334 81.699997 19.600000
      vertex 75.933334 81.699997 20.200001
    endloop
  endfacet
  facet normal 0.000000 0.000000 1.000000
    outer loop
      vertex 75.933334 81.333328 19.600000
      vertex 81.933327 81.333328 19.600000
      vertex 81.933334 81.699997 19.600000
    endloop
  endfacet
  facet normal 0.000000 0.000000 0.000000
    outer loop
      vertex 81.933327 81.333328 19.600000
      vertex 81.933327 81.099998 19.600000
      vertex 81.933327 81.099998 19.600000
    endloop
  endfacet
  facet normal 1.000000 0.000000 0.000000
    outer loop
      vertex 75.933334 81.699997 20.200001
      vertex 75.933334 81.099998 22.400000
      vertex 75.933334 81.099998 20.200001
    endloop
  endfacet
  facet normal 0.000000 -1.000000 0.000000
    outer loop
      vertex 75.933334 81.699997 19.600000
      vertex 81.933334 81.699997 22.400000
      vertex 75.933334 81.699997 20.200001
    endloop
  endfacet
  facet normal 1.000000 0.000000 0.000000
    outer loop
      vertex 75.933334 81.699997 20.200001
      vertex 75.933334 81.699997 22.400000
      vertex 75.933334 81.099998 22.400000
    endloop
  endfacet
  facet normal 0.000000 -1.000000 0.000000
    outer loop
      vertex 75.933334 81.699997 20.200001
      vertex 81.933334 81.699997 22.400000
      vertex 75.933334 81.699997 22.400000
    endloop
  endfacet
  facet normal 0.000000 -1.000000 0.000000
    outer loop
      vertex 75.933334 81.699997 19.600000
      vertex 81.933334 81.699997 19.600000
      vertex 81.933334 81.699997 22.400000
    endloop
  endfacet
  facet normal -1.000000 0.000000 0.000003
    outer loop
      vertex 81.933327 81.333328 19.600000
      vertex 81.933327 81.099998 19.600000
      vertex 81.933334 81.099998 22.400000
    endloop
  endfacet
  facet normal -1.000000 0.000021 0.000004
    outer loop
      vertex 81.933327 81.333328 19.600000
      vertex 81.933334 81.099998 22.400000
      vertex 81.933334 81.699997 19.600000
    endloop
  endfacet
  facet normal -1.000000 0.000000 0.000000
    outer loop
      vertex 81.933334 81.699997 19.600000
      vertex 81.933334 81.099998 22.400000
      vertex 81.933334 81.699997 22.400000
    endloop
  endfacet
  facet normal 0.000000 0.000000 -1.000000
    outer loop
      vertex 75.933334 81.699997 22.400000
      vertex 81.933334 81.099998 22.400000
      vertex 75.933334 81.099998 22.400000
    endloop
  endfacet
  facet normal 0.000000 0.000000 -1.000000
    outer loop
      vertex 75.933334 81.699997 22.400000
      vertex 81.933334 81.699997 22.400000
      vertex 81.933334 81.099998 22.400000
    endloop
  endfacet
  facet normal 1.000000 -0.000013 0.000008
    outer loop
      vertex 75.933334 81.333328 19.600000
      vertex 75.933327 81.099998 20.200001
      vertex 75.933334 81.099998 19.218185
    endloop
  endfacet
  facet normal 0.000000 -0.853283 0.521447
    outer loop
      vertex 75.933334 81.333328 19.600000
      vertex 75.933334 81.099998 19.218185
      vertex 81.933327 81.333328 19.600000
    endloop
  endfacet
  facet normal 1.000000 0.000000 0.000013
    outer loop
      vertex 75.933334 81.333328 19.600000
      vertex 75.933327 81.699997 20.200001
      vertex 75.933327 81.099998 20.200001
    endloop
  endfacet
  facet normal 0.000000 -0.853281 0.521452
    outer loop
      vertex 75.933334 81.333328 19.600000
      vertex 75.933334 81.699997 20.200001
      vertex 75.933327 81.699997 20.200001
    endloop
  endfacet
  facet normal 0.000000 0.000000 -1.000000
    outer loop
      vertex 75.933334 81.699997 20.200001
      vertex 75.933334 81.099998 20.200001
      vertex 75.933327 81.099998 20.200001
    endloop
  endfacet
  facet normal 0.000000 0.000000 -1.000000
    outer loop
      vertex 75.933327 81.699997 20.200001
      vertex 75.933334 81.699997 20.200001
      vertex 75.933327 81.099998 20.200001
    endloop
  endfacet
  facet normal 0.000000 -0.853283 0.521447
    outer loop
      vertex 81.933327 81.333328 19.600000
      vertex 75.933334 81.099998 19.218185
      vertex 81.933327 81.099998 19.218185
    endloop
  endfacet
  facet normal -1.000000 0.000000 0.000000
    outer loop
      vertex 81.933327 81.333328 19.600000
      vertex 81.933327 81.099998 19.218185
      vertex 81.933327 81.099998 19.600000
    endloop
  endfacet
endsolid casemaker
