# Exported from 3D Builder
mtllib ESP32-S3_4_3_touch_panel.ascii.mtl

o Object.1
v 91.152657 170.278259 0.000000 188 188 188
v 96.648224 174.010834 0.000000 188 188 188
v 91.112190 170.109711 2.000000 188 188 188
v 100.637039 170.919403 2.000000 188 188 188
v 96.885345 173.974045 2.000000 188 188 188
v 91.776756 171.730484 2.000000 188 188 188
v 100.889992 170.094406 2.000000 188 188 188
v 100.889992 170.094406 0.000000 188 188 188
v 95.476608 174.027451 0.000000 188 188 188
v 95.476608 174.027466 2.000000 188 188 188
v 91.431519 167.021164 2.000000 188 188 188
v 91.431519 167.021164 0.000000 188 188 188
v 97.544334 164.299591 2.000000 188 188 188
v 97.544334 164.299591 0.000000 188 188 188
v 91.954163 171.993790 0.000000 188 188 188
v 91.954163 171.993790 2.000000 188 188 188
v 98.499252 173.384979 2.000000 188 188 188
v 98.499252 173.384979 0.000000 188 188 188
v 100.566978 167.021164 2.000000 188 188 188
v 100.566978 167.021164 0.000000 188 188 188
v 94.454163 164.299591 2.000000 188 188 188
v 94.454163 164.299591 0.000000 188 188 188
v 91.669128 171.554855 0.000000 188 188 188
v 91.669128 171.554855 2.000000 188 188 188
v 98.938179 173.099945 2.000000 188 188 188
v 98.938179 173.099945 0.000000 188 188 188
v 99.714966 165.709244 2.000000 188 188 188
v 99.714966 165.709244 0.000000 188 188 188
v 92.283516 165.709244 2.000000 188 188 188
v 92.283516 165.709244 0.000000 188 188 188
v 100.971863 169.577484 2.000000 188 188 188
v 100.971863 169.577484 0.000000 188 188 188
v 94.959679 173.945587 0.000000 188 188 188
v 94.959679 173.945587 2.000000 188 188 188
v 95.999245 164.054840 2.000000 188 188 188
v 95.999245 164.054840 0.000000 188 188 188
v 91.108521 168.015305 2.000000 188 188 188
v 91.108521 168.015305 0.000000 188 188 188
v 100.566978 171.088531 2.000000 188 188 188
v 100.566978 171.088531 0.000000 188 188 188
v 94.454163 173.810120 0.000000 188 188 188
v 94.454163 173.810120 2.000000 188 188 188
v 96.521889 164.082199 2.000000 188 188 188
v 96.521889 164.082199 0.000000 188 188 188
v 93.499252 164.724747 2.000000 188 188 188
v 93.499252 164.724731 0.000000 188 188 188
v 91.431519 171.088531 0.000000 188 188 188
v 91.431519 171.088531 2.000000 188 188 188
v 100.044334 166.115967 2.000000 188 188 188
v 100.044334 166.115967 0.000000 188 188 188
v 97.544334 173.810120 2.000000 188 188 188
v 97.544334 173.810120 0.000000 188 188 188
v 100.971848 168.532211 2.000000 188 188 188
v 100.971848 168.532211 0.000000 188 188 188
v 91.026634 168.532211 2.000000 188 188 188
v 91.026634 168.532211 0.000000 188 188 188
v 95.999245 174.054855 0.000000 188 188 188
v 95.999245 174.054855 2.000000 188 188 188
v 97.038803 164.164124 2.000000 188 188 188
v 97.038803 164.164124 0.000000 188 188 188
v 93.060326 165.009796 2.000000 188 188 188
v 93.060326 165.009796 0.000000 188 188 188
v 92.283516 172.400513 0.000000 188 188 188
v 92.283516 172.400513 2.000000 188 188 188
v 100.329361 166.554855 2.000000 188 188 188
v 100.329361 166.554855 0.000000 188 188 188
v 99.714966 172.400513 2.000000 188 188 188
v 99.714966 172.400513 0.000000 188 188 188
v 100.889992 168.015289 2.000000 188 188 188
v 100.889992 168.015289 0.000000 188 188 188
v 90.999237 169.054855 2.000000 188 188 188
v 90.999237 169.054855 0.000000 188 188 188
v 100.999245 169.054855 2.000000 188 188 188
v 100.999245 169.054855 0.000000 188 188 188
v 91.954163 166.115967 2.000000 188 188 188
v 91.954163 166.115967 0.000000 188 188 188
v 99.344894 172.770584 2.000000 188 188 188
v 99.344894 172.770584 0.000000 188 188 188
v 98.499252 164.724747 2.000000 188 188 188
v 98.499252 164.724731 0.000000 188 188 188
v 92.653587 172.770584 0.000000 188 188 188
v 92.653587 172.770584 2.000000 188 188 188
v 98.139252 173.571869 2.000000 188 188 188
v 98.151070 173.566238 0.000000 188 188 188
v 100.715202 167.398712 2.000000 188 188 188
v 100.710838 167.386383 0.000000 188 188 188
v 100.267815 166.454407 2.000000 188 188 188
v 100.260986 166.443253 0.000000 188 188 188
v 97.153343 173.918106 2.000000 188 188 188
v 97.166077 173.915039 0.000000 188 188 188
v 93.859245 164.537781 2.000000 188 188 188
v 93.847435 164.543411 0.000000 188 188 188
v 93.614273 173.447433 0.000000 188 188 188
v 93.602760 173.441193 2.000000 188 188 188
v 91.002335 169.172623 2.000000 188 188 188
v 91.002678 169.185806 0.000000 188 188 188
v 96.638664 174.012100 2.000000 188 188 188
v 96.651642 174.010391 0.000000 188 188 188
v 100.862480 167.900742 2.000000 188 188 188
v 100.859428 167.888000 0.000000 188 188 188
v 94.343124 164.338913 2.000000 188 188 188
v 94.330788 164.343292 0.000000 188 188 188
v 96.922974 164.142654 2.000000 188 188 188
v 96.910110 164.140274 0.000000 188 188 188
v 100.516266 166.914841 2.000000 188 188 188
v 100.510628 166.903030 0.000000 188 188 188
v 93.168182 173.174072 0.000000 188 188 188
v 93.178978 173.181488 2.000000 188 188 188
v 91.386429 167.129990 2.000000 188 188 188
v 91.381432 167.142090 0.000000 188 188 188
v 97.406288 164.258728 2.000000 188 188 188
v 97.418831 164.262421 0.000000 188 188 188
v 91.287659 170.723328 0.000000 188 188 188
v 91.283287 170.710983 2.000000 188 188 188
v 100.125885 171.875122 2.000000 188 188 188
v 100.118469 171.885925 0.000000 188 188 188
v 100.795418 170.461899 2.000000 188 188 188
v 100.791702 170.474457 0.000000 188 188 188
v 91.017403 168.649643 2.000000 188 188 188
v 91.016380 168.662659 0.000000 188 188 188
v 94.086494 173.672668 0.000000 188 188 188
v 94.098579 173.677673 2.000000 188 188 188
v 100.398064 171.428329 2.000000 188 188 188
v 100.391823 171.439835 0.000000 188 188 188
v 93.398811 164.786346 2.000000 188 188 188
v 93.387650 164.793182 0.000000 188 188 188
v 100.937698 168.272690 2.000000 188 188 188
v 100.937698 168.272690 0.000000 188 188 188
v 98.722443 173.248199 2.000000 188 188 188
v 98.722443 173.248199 0.000000 188 188 188
v 91.006111 168.793152 2.000000 188 188 188
v 91.006111 168.793152 0.000000 188 188 188
v 96.260925 174.048004 0.000000 188 188 188
v 96.260925 174.048004 2.000000 188 188 188
v 100.828880 167.760742 2.000000 188 188 188
v 100.828880 167.760742 0.000000 188 188 188
v 94.207405 164.386963 2.000000 188 188 188
v 94.207405 164.386963 0.000000 188 188 188
v 96.781418 164.116440 2.000000 188 188 188
v 96.781418 164.116440 0.000000 188 188 188
v 91.544212 171.324814 0.000000 188 188 188
v 91.544212 171.324814 2.000000 188 188 188
v 99.884972 165.908310 2.000000 188 188 188
v 99.884972 165.908310 0.000000 188 188 188
v 94.705154 164.225250 2.000000 188 188 188
v 94.705154 164.225250 0.000000 188 188 188
v 92.463722 165.519333 2.000000 188 188 188
v 92.463722 165.519333 0.000000 188 188 188
v 94.207405 173.722733 0.000000 188 188 188
v 94.207405 173.722733 2.000000 188 188 188
v 100.828880 170.348953 2.000000 188 188 188
v 100.828880 170.348953 0.000000 188 188 188
v 91.006111 169.316528 2.000000 188 188 188
v 91.006111 169.316528 0.000000 188 188 188
v 96.781418 173.993301 2.000000 188 188 188
v 96.781418 173.993301 0.000000 188 188 188
v 95.737572 174.048004 0.000000 188 188 188
v 95.737572 174.048004 2.000000 188 188 188
v 93.729294 164.599777 2.000000 188 188 188
v 93.729294 164.599777 0.000000 188 188 188
v 100.937698 169.837021 2.000000 188 188 188
v 100.937698 169.837021 0.000000 188 188 188
v 92.463722 172.590378 0.000000 188 188 188
v 92.463722 172.590378 2.000000 188 188 188
v 100.192604 166.331650 2.000000 188 188 188
v 100.192604 166.331650 0.000000 188 188 188
v 91.331345 167.263000 2.000000 188 188 188
v 91.331345 167.263000 0.000000 188 188 188
v 99.145851 172.940598 2.000000 188 188 188
v 99.145851 172.940598 0.000000 188 188 188
v 97.293343 164.225250 2.000000 188 188 188
v 97.293343 164.225250 0.000000 188 188 188
v 91.331345 170.846695 0.000000 188 188 188
v 91.331345 170.846695 2.000000 188 188 188
v 97.293343 173.884491 2.000000 188 188 188
v 97.293343 173.884491 0.000000 188 188 188
v 100.192604 171.778046 2.000000 188 188 188
v 100.192604 171.778046 0.000000 188 188 188
v 93.729294 173.509888 0.000000 188 188 188
v 93.729294 173.509888 2.000000 188 188 188
v 92.113525 165.908310 2.000000 188 188 188
v 92.113525 165.908310 0.000000 188 188 188
v 98.722443 164.861572 2.000000 188 188 188
v 98.722443 164.861572 0.000000 188 188 188
v 95.217079 164.116440 2.000000 188 188 188
v 95.217079 164.116440 0.000000 188 188 188
v 93.276054 164.861572 2.000000 188 188 188
v 93.276054 164.861572 0.000000 188 188 188
v 91.169624 170.348953 0.000000 188 188 188
v 91.169624 170.348953 2.000000 188 188 188
v 100.454285 166.784912 2.000000 188 188 188
v 100.454285 166.784897 0.000000 188 188 188
v 95.217079 173.993301 0.000000 188 188 188
v 95.217079 173.993301 2.000000 188 188 188
v 97.791092 173.722733 2.000000 188 188 188
v 97.791092 173.722733 0.000000 188 188 188
v 95.737572 164.061707 2.000000 188 188 188
v 95.737572 164.061707 0.000000 188 188 188
v 100.992401 169.316528 2.000000 188 188 188
v 100.992401 169.316528 0.000000 188 188 188
v 93.847435 173.566238 0.000000 188 188 188
v 93.835617 173.560593 2.000000 188 188 188
v 100.398064 166.681381 2.000000 188 188 188
v 100.391823 166.669876 0.000000 188 188 188
v 100.706474 170.735657 2.000000 188 188 188
v 100.710838 170.723328 0.000000 188 188 188
v 91.042023 168.415451 2.000000 188 188 188
v 91.043724 168.402466 0.000000 188 188 188
v 97.178802 164.197754 2.000000 188 188 188
v 97.166077 164.194702 0.000000 188 188 188
v 93.157402 164.943085 2.000000 188 188 188
v 93.168182 164.935684 0.000000 188 188 188
v 91.206795 170.474457 0.000000 188 188 188
v 91.210518 170.487000 2.000000 188 188 188
v 97.899925 173.677673 2.000000 188 188 188
v 97.912010 173.672668 0.000000 188 188 188
v 98.599686 173.323410 2.000000 188 188 188
v 98.610847 173.316605 0.000000 188 188 188
v 99.972618 166.022522 2.000000 188 188 188
v 99.964661 166.012131 0.000000 188 188 188
v 100.916229 169.952850 2.000000 188 188 188
v 100.913834 169.965729 0.000000 188 188 188
v 94.579651 173.847305 0.000000 188 188 188
v 94.592209 173.851028 2.000000 188 188 188
v 92.763077 165.245682 2.000000 188 188 188
v 92.753120 165.254181 0.000000 188 188 188
v 91.381432 170.967621 0.000000 188 188 188
v 91.376419 170.955521 2.000000 188 188 188
v 98.395721 173.441193 2.000000 188 188 188
v 98.384232 173.447433 0.000000 188 188 188
v 100.111053 166.213028 2.000000 188 188 188
v 100.118469 166.223816 0.000000 188 188 188
v 97.406288 173.851028 2.000000 188 188 188
v 97.418831 173.847305 0.000000 188 188 188
v 97.680054 164.347626 2.000000 188 188 188
v 97.667717 164.343292 0.000000 188 188 188
v 100.622063 167.154175 2.000000 188 188 188
v 100.617065 167.142090 0.000000 188 188 188
v 91.082283 169.952850 2.000000 188 188 188
v 91.084663 169.965698 0.000000 188 188 188
v 92.568146 165.420258 2.000000 188 188 188
v 92.558655 165.429260 0.000000 188 188 188
v 91.487862 171.206665 0.000000 188 188 188
v 91.482231 171.194870 2.000000 188 188 188
v 96.404449 164.072983 2.000000 188 188 188
v 96.391403 164.071960 0.000000 188 188 188
v 98.841095 173.166672 2.000000 188 188 188
v 98.830307 173.174072 0.000000 188 188 188
v 99.052391 165.097458 2.000000 188 188 188
v 99.042015 165.089478 0.000000 188 188 188
v 92.364616 165.623779 2.000000 188 188 188
v 92.373627 165.614288 0.000000 188 188 188
v 99.791481 165.798798 2.000000 188 188 188
v 99.799973 165.808777 0.000000 188 188 188
v 99.633888 172.485962 2.000000 188 188 188
v 99.624878 172.495453 0.000000 188 188 188
v 92.198524 172.300980 0.000000 188 188 188
v 92.190025 172.291031 2.000000 188 188 188
v 92.852646 165.169174 2.000000 188 188 188
v 92.852646 165.169174 0.000000 188 188 188
v 91.805901 171.778046 0.000000 188 188 188
v 91.805901 171.778046 2.000000 188 188 188
v 98.269203 173.509888 2.000000 188 188 188
v 98.269203 173.509888 0.000000 188 188 188
v 99.534775 165.519333 2.000000 188 188 188
v 99.534775 165.519333 0.000000 188 188 188
v 91.060814 168.272690 2.000000 188 188 188
v 91.060814 168.272690 0.000000 188 188 188
v 94.705154 173.884491 0.000000 188 188 188
v 94.705154 173.884491 2.000000 188 188 188
v 100.667152 170.846695 2.000000 188 188 188
v 100.667152 170.846695 0.000000 188 188 188
v 96.260925 164.061707 2.000000 188 188 188
v 96.260925 164.061707 0.000000 188 188 188
v 99.633888 165.623779 2.000000 188 188 188
v 99.624878 165.614288 0.000000 188 188 188
v 99.791481 172.310928 2.000000 188 188 188
v 99.799973 172.300980 0.000000 188 188 188
v 92.041809 166.001755 2.000000 188 188 188
v 92.033844 166.012131 0.000000 188 188 188
v 99.449333 165.438263 2.000000 188 188 188
v 99.439850 165.429260 0.000000 188 188 188
v 100.956482 168.415421 2.000000 188 188 188
v 100.954773 168.402451 0.000000 188 188 188
v 95.881485 164.057953 2.000000 188 188 188
v 95.868408 164.058289 0.000000 188 188 188
v 100.795418 167.647812 2.000000 188 188 188
v 100.791702 167.635254 0.000000 188 188 188
v 94.098579 164.432007 2.000000 188 188 188
v 94.086494 164.437012 0.000000 188 188 188
v 91.292023 167.374054 2.000000 188 188 188
v 91.287659 167.386383 0.000000 188 188 188
v 98.162888 164.549057 2.000000 188 188 188
v 98.151070 164.543411 0.000000 188 188 188
v 91.243965 167.509766 2.000000 188 188 188
v 91.243965 167.509766 0.000000 188 188 188
v 100.329361 171.554855 2.000000 188 188 188
v 100.329361 171.554855 0.000000 188 188 188
v 93.060326 173.099945 0.000000 188 188 188
v 93.060326 173.099945 2.000000 188 188 188
v 98.032928 164.487061 2.000000 188 188 188
v 98.032928 164.487061 0.000000 188 188 188
v 91.026634 169.577484 2.000000 188 188 188
v 91.026634 169.577484 0.000000 188 188 188
v 100.754517 167.509766 2.000000 188 188 188
v 100.754517 167.509766 0.000000 188 188 188
v 97.038803 173.945587 2.000000 188 188 188
v 97.038803 173.945587 0.000000 188 188 188
v 93.965569 164.487061 2.000000 188 188 188
v 93.965569 164.487061 0.000000 188 188 188
v 91.136017 170.208969 2.000000 188 188 188
v 91.139076 170.221695 0.000000 188 188 188
v 91.210518 167.622681 2.000000 188 188 188
v 91.206795 167.635254 0.000000 188 188 188
v 97.924103 164.442017 2.000000 188 188 188
v 97.912010 164.437012 0.000000 188 188 188
v 97.680054 173.762070 2.000000 188 188 188
v 97.667717 173.766418 0.000000 188 188 188
v 93.276054 173.248199 0.000000 188 188 188
v 93.276054 173.248199 2.000000 188 188 188
v 91.169624 167.760742 2.000000 188 188 188
v 91.169624 167.760742 0.000000 188 188 188
v 100.454285 171.324814 2.000000 188 188 188
v 100.454285 171.324814 0.000000 188 188 188
v 97.791092 164.386963 2.000000 188 188 188
v 97.791092 164.386963 0.000000 188 188 188
v 91.805901 166.331650 2.000000 188 188 188
v 91.805901 166.331650 0.000000 188 188 188
v 92.113525 172.201447 0.000000 188 188 188
v 92.113525 172.201447 2.000000 188 188 188
v 99.534775 172.590378 2.000000 188 188 188
v 99.534775 172.590378 0.000000 188 188 188
v 99.145851 165.169174 2.000000 188 188 188
v 99.145851 165.169174 0.000000 188 188 188
v 93.602760 164.668549 2.000000 188 188 188
v 93.614273 164.662292 0.000000 188 188 188
v 91.136017 167.900757 2.000000 188 188 188
v 91.139069 167.888046 0.000000 188 188 188
v 91.042023 169.694260 2.000000 188 188 188
v 91.043724 169.707230 0.000000 188 188 188
v 92.753120 172.855576 0.000000 188 188 188
v 92.763077 172.864090 2.000000 188 188 188
v 92.966873 165.081512 2.000000 188 188 188
v 92.956482 165.089478 0.000000 188 188 188
v 91.087051 168.131134 2.000000 188 188 188
v 91.084663 168.144012 0.000000 188 188 188
v 91.003021 168.910950 2.000000 188 188 188
v 91.002678 168.923889 0.000000 188 188 188
v 92.956482 173.020279 0.000000 188 188 188
v 92.966873 173.028214 2.000000 188 188 188
v 96.897247 173.971832 2.000000 188 188 188
v 96.910110 173.969437 0.000000 188 188 188
v 100.254150 171.677597 2.000000 188 188 188
v 100.260986 171.666443 0.000000 188 188 188
v 91.017403 169.460052 2.000000 188 188 188
v 91.016380 169.447037 0.000000 188 188 188
v 98.395721 164.668549 2.000000 188 188 188
v 98.384232 164.662292 0.000000 188 188 188
v 100.622063 170.955521 2.000000 188 188 188
v 100.617065 170.967621 0.000000 188 188 188
v 100.667152 167.263000 2.000000 188 188 188
v 100.667152 167.263000 0.000000 188 188 188
v 98.269203 164.599777 2.000000 188 188 188
v 98.269203 164.599777 0.000000 188 188 188
v 91.060814 169.837021 2.000000 188 188 188
v 91.060814 169.837021 0.000000 188 188 188
v 92.852646 172.940598 0.000000 188 188 188
v 92.852646 172.940598 2.000000 188 188 188
v 100.992401 168.793152 2.000000 188 188 188
v 100.992401 168.793152 0.000000 188 188 188
v 99.884972 172.201447 2.000000 188 188 188
v 99.884972 172.201447 0.000000 188 188 188
v 91.544212 166.784912 2.000000 188 188 188
v 91.544212 166.784897 0.000000 188 188 188
v 93.387650 173.316589 0.000000 188 188 188
v 93.376495 173.309753 2.000000 188 188 188
v 99.956688 172.108002 2.000000 188 188 188
v 99.964661 172.097626 0.000000 188 188 188
v 91.482231 166.914841 2.000000 188 188 188
v 91.487862 166.903030 0.000000 188 188 188
v 92.033844 172.097626 0.000000 188 188 188
v 92.025871 172.087234 2.000000 188 188 188
v 99.430351 172.689499 2.000000 188 188 188
v 99.439850 172.680481 0.000000 188 188 188
v 91.880028 171.885925 0.000000 188 188 188
v 91.872620 171.875122 2.000000 188 188 188
v 99.235428 172.864090 2.000000 188 188 188
v 99.245377 172.855576 0.000000 188 188 188
v 100.981102 169.460052 2.000000 188 188 188
v 100.982124 169.446976 0.000000 188 188 188
v 92.373627 172.495453 0.000000 188 188 188
v 92.364616 172.485962 2.000000 188 188 188
v 98.841095 164.943085 2.000000 188 188 188
v 98.830307 164.935684 0.000000 188 188 188
v 100.953072 169.720215 2.000000 188 188 188
v 100.954781 169.707260 0.000000 188 188 188
v 94.832428 173.915054 0.000000 188 188 188
v 94.819695 173.911987 2.000000 188 188 188
v 91.737511 171.666443 0.000000 188 188 188
v 91.730667 171.655289 2.000000 188 188 188
v 95.088371 173.969437 0.000000 188 188 188
v 95.075508 173.967072 2.000000 188 188 188
v 91.612915 166.658371 2.000000 188 188 188
v 91.606667 166.669876 0.000000 188 188 188
v 95.346840 174.010361 0.000000 188 188 188
v 95.333862 174.008652 2.000000 188 188 188
v 95.620140 164.070923 2.000000 188 188 188
v 95.607086 164.071976 0.000000 188 188 188
v 100.995483 168.910950 2.000000 188 188 188
v 100.995811 168.923889 0.000000 188 188 188
v 95.607086 174.037720 0.000000 188 188 188
v 95.620140 174.038757 2.000000 188 188 188
v 100.983154 168.675705 2.000000 188 188 188
v 100.982124 168.662659 0.000000 188 188 188
v 95.868408 174.051437 0.000000 188 188 188
v 95.855324 174.051086 2.000000 188 188 188
v 96.130081 174.051437 0.000000 188 188 188
v 96.143158 174.051086 2.000000 188 188 188
v 94.819695 164.197754 2.000000 188 188 188
v 94.832428 164.194687 0.000000 188 188 188
v 99.031631 173.028214 2.000000 188 188 188
v 99.042015 173.020264 0.000000 188 188 188
v 92.207024 165.798798 2.000000 188 188 188
v 92.198524 165.808777 0.000000 188 188 188
v 100.754517 170.599945 2.000000 188 188 188
v 100.754517 170.599945 0.000000 188 188 188
v 91.669128 166.554855 2.000000 188 188 188
v 91.669128 166.554855 0.000000 188 188 188
v 98.938179 165.009796 2.000000 188 188 188
v 98.938179 165.009796 0.000000 188 188 188
v 93.965569 173.622574 0.000000 188 188 188
v 93.965569 173.622574 2.000000 188 188 188
v 91.243965 170.599945 0.000000 188 188 188
v 91.243965 170.599945 2.000000 188 188 188
v 98.032928 173.622574 2.000000 188 188 188
v 98.032928 173.622574 0.000000 188 188 188
v 94.959679 164.164124 2.000000 188 188 188
v 94.959679 164.164124 0.000000 188 188 188
v 95.359818 164.097610 2.000000 188 188 188
v 95.346840 164.099319 0.000000 188 188 188
v 100.504997 171.218491 2.000000 188 188 188
v 100.510628 171.206680 0.000000 188 188 188
v 99.344894 165.339172 2.000000 188 188 188
v 99.344894 165.339172 0.000000 188 188 188
v 92.653587 165.339172 2.000000 188 188 188
v 92.653587 165.339172 0.000000 188 188 188
v 100.044334 171.993790 2.000000 188 188 188
v 100.044334 171.993790 0.000000 188 188 188
v 93.499252 173.384979 0.000000 188 188 188
v 93.499252 173.384979 2.000000 188 188 188
v 91.108521 170.094406 2.000000 188 188 188
v 91.108521 170.094406 0.000000 188 188 188
v 96.521889 174.027451 0.000000 188 188 188
v 96.521889 174.027466 2.000000 188 188 188
v 95.476608 164.082199 2.000000 188 188 188
v 95.476608 164.082199 0.000000 188 188 188
v 98.599686 164.786346 2.000000 188 188 188
v 98.610847 164.793182 0.000000 188 188 188
v 94.330788 173.766418 0.000000 188 188 188
v 94.318451 173.762070 2.000000 188 188 188
v 91.606667 171.439804 0.000000 188 188 188
v 91.600418 171.428329 2.000000 188 188 188
v 96.664619 164.101028 2.000000 188 188 188
v 96.651642 164.099319 0.000000 188 188 188
v 92.558655 172.680481 0.000000 188 188 188
v 92.549164 172.671478 2.000000 188 188 188
v 95.101257 164.137894 2.000000 188 188 188
v 95.088371 164.140274 0.000000 188 188 188
v 96.391403 174.037720 0.000000 188 188 188
v 96.378357 174.038757 2.000000 188 188 188
v 94.592209 164.258728 2.000000 188 188 188
v 94.579651 164.262421 0.000000 188 188 188
v 100.916229 168.156860 2.000000 188 188 188
v 100.913834 168.143967 0.000000 188 188 188
v 96.143158 164.058624 2.000000 188 188 188
v 96.130081 164.058289 0.000000 188 188 188
v 100.995483 169.198761 2.000000 188 188 188
v 100.995811 169.185806 0.000000 188 188 188
v 99.235428 165.245682 2.000000 188 188 188
v 99.245377 165.254181 0.000000 188 188 188
v 91.872620 166.234589 2.000000 188 188 188
v 91.880028 166.223816 0.000000 188 188 188
v 91.744347 166.432098 2.000000 188 188 188
v 91.737511 166.443253 0.000000 188 188 188
v 100.856369 170.234406 2.000000 188 188 188
v 100.859428 170.221695 0.000000 188 188 188
v 0.000000 153.648010 1.000000 188 188 188
v 0.000000 153.648010 2.000000 188 188 188
v 0.000000 189.700012 2.000000 188 188 188
v 0.000000 117.600006 2.000000 188 188 188
v 0.000000 189.700012 0.000000 188 188 188
v 0.000000 153.648010 0.000000 188 188 188
v 0.000000 117.600006 0.000000 188 188 188
v 117.648003 152.002014 0.000000 188 188 188
v 114.898003 186.406006 0.000000 188 188 188
v 120.398003 153.648010 0.000000 188 188 188
v 5.500000 112.099998 0.000000 188 188 188
v 0.186000 116.175995 0.000000 188 188 188
v 5.500000 195.198013 0.000000 188 188 188
v 5.500000 189.700012 0.000000 188 188 188
v 114.898003 195.198013 0.000000 188 188 188
v 120.398003 189.700012 0.000000 188 188 188
v 120.398003 117.600006 0.000000 188 188 188
v 117.648003 112.834000 0.000000 188 188 188
v 116.322006 112.285995 0.000000 188 188 188
v 120.212006 191.122009 0.000000 188 188 188
v 32.850002 132.874008 0.000000 188 188 188
v 5.500000 120.891998 0.000000 188 188 188
v 2.750000 155.296005 0.000000 188 188 188
v 87.548004 174.424011 0.000000 188 188 188
v 60.198002 153.648010 0.000000 188 188 188
v 60.198002 158.046005 0.000000 188 188 188
v 60.198002 149.252014 0.000000 188 188 188
v 32.850002 173.872009 0.000000 188 188 188
v 5.500000 155.296005 0.000000 188 188 188
v 32.850002 139.468002 0.000000 188 188 188
v 32.850002 130.676010 0.000000 188 188 188
v 60.198002 114.849998 0.000000 188 188 188
v 87.548004 167.830002 0.000000 188 188 188
v 87.548004 133.426010 0.000000 188 188 188
v 114.898003 152.002014 0.000000 188 188 188
v 120.212006 116.175995 0.000000 188 188 188
v 119.664009 114.849998 0.000000 188 188 188
v 114.898003 117.600006 0.000000 188 188 188
v 114.898003 112.099998 0.000000 188 188 188
v 87.548004 176.622009 0.000000 188 188 188
v 60.198002 192.448013 0.000000 188 188 188
v 60.198002 112.099998 0.000000 188 188 188
v 60.198002 195.198013 0.000000 188 188 188
v 4.074000 112.285995 0.000000 188 188 188
v 2.750000 112.834000 0.000000 188 188 188
v 118.788002 113.709999 0.000000 188 188 188
v 1.610000 113.709999 0.000000 188 188 188
v 0.736000 114.849998 0.000000 188 188 188
v 119.664009 192.448013 0.000000 188 188 188
v 118.788002 193.590012 0.000000 188 188 188
v 117.648003 194.462006 0.000000 188 188 188
v 116.322006 195.012009 0.000000 188 188 188
v 0.736000 192.448013 0.000000 188 188 188
v 1.610000 193.590012 0.000000 188 188 188
v 0.186000 191.122009 0.000000 188 188 188
v 2.750000 194.462006 0.000000 188 188 188
v 4.074000 195.012009 0.000000 188 188 188
v 120.398003 153.648010 1.000000 188 188 188
v 120.398003 117.600006 2.000000 188 188 188
v 120.398003 153.648010 2.000000 188 188 188
v 120.398003 189.700012 2.000000 188 188 188
v 31.432001 136.050003 2.000000 188 188 188
v 57.365997 154.500000 2.000000 188 188 188
v 54.366001 154.500000 2.000000 188 188 188
v 4.648000 157.150009 2.000000 188 188 188
v 3.798000 124.598000 2.000000 188 188 188
v 5.500000 153.648010 2.000000 188 188 188
v 5.500000 112.099998 2.000000 188 188 188
v 43.716003 113.200005 2.000000 188 188 188
v 40.716003 113.200005 2.000000 188 188 188
v 49.282001 154.500000 2.000000 188 188 188
v 5.500000 189.700012 2.000000 188 188 188
v 120.212006 116.175995 2.000000 188 188 188
v 114.898003 117.600006 2.000000 188 188 188
v 119.664009 114.849998 2.000000 188 188 188
v 75.932007 114.297997 2.000000 188 188 188
v 44.464001 114.297997 2.000000 188 188 188
v 118.200005 144.132004 2.000000 188 188 188
v 5.500000 117.600006 2.000000 188 188 188
v 33.024002 133.661987 2.000000 188 188 188
v 60.550003 153.916000 2.000000 188 188 188
v 58.236004 152.814011 2.000000 188 188 188
v 32.850002 135.952011 2.000000 188 188 188
v 60.198002 154.304001 2.000000 188 188 188
v 32.850002 137.000000 2.000000 188 188 188
v 31.868000 133.111984 2.000000 188 188 188
v 32.850002 133.856003 2.000000 188 188 188
v 90.380005 171.752014 2.000000 188 188 188
v 66.776001 153.820007 2.000000 188 188 188
v 2.198000 136.098007 2.000000 188 188 188
v 4.074000 112.285995 2.000000 188 188 188
v 0.186000 117.600006 2.000000 188 188 188
v 2.750000 112.834000 2.000000 188 188 188
v 87.548004 175.798004 2.000000 188 188 188
v 114.898003 195.198013 2.000000 188 188 188
v 109.232002 191.400009 2.000000 188 188 188
v 57.365997 194.098007 2.000000 188 188 188
v 109.232002 192.998016 2.000000 188 188 188
v 60.198002 195.198013 2.000000 188 188 188
v 60.198002 156.400009 2.000000 188 188 188
v 87.548004 174.750015 2.000000 188 188 188
v 49.282001 193.298004 2.000000 188 188 188
v 93.066002 192.998016 2.000000 188 188 188
v 49.282001 194.098007 2.000000 188 188 188
v 85.588005 173.262009 2.000000 188 188 188
v 84.606003 172.518005 2.000000 188 188 188
v 5.500000 113.407997 2.000000 188 188 188
v 13.338000 118.054008 2.000000 188 188 188
v 83.298004 172.950012 2.000000 188 188 188
v 110.975998 192.220016 2.000000 188 188 188
v 40.056004 135.936005 2.000000 188 188 188
v 64.968002 143.608002 2.000000 188 188 188
v 116.600006 169.166016 2.000000 188 188 188
v 87.724007 171.807999 2.000000 188 188 188
v 114.898003 189.700012 2.000000 188 188 188
v 120.212006 189.700012 2.000000 188 188 188
v 114.898003 190.409988 2.000000 188 188 188
v 6.346000 112.742004 2.000000 188 188 188
v 93.066002 191.400009 2.000000 188 188 188
v 49.282001 190.547989 2.000000 188 188 188
v 103.231995 191.400009 2.000000 188 188 188
v 29.931999 136.050003 2.000000 188 188 188
v 52.282001 154.500000 2.000000 188 188 188
v 78.800003 172.950012 2.000000 188 188 188
v 99.064003 191.400009 2.000000 188 188 188
v 116.600006 163.166000 2.000000 188 188 188
v 64.968002 140.610001 2.000000 188 188 188
v 118.788002 113.709999 2.000000 188 188 188
v 5.500000 195.198013 2.000000 188 188 188
v 64.968002 131.094009 2.000000 188 188 188
v 116.600006 144.132004 2.000000 188 188 188
v 54.366001 194.098007 2.000000 188 188 188
v 2.750000 194.462006 2.000000 188 188 188
v 4.074000 195.012009 2.000000 188 188 188
v 60.198002 112.099998 2.000000 188 188 188
v 114.898003 112.099998 2.000000 188 188 188
v 81.932007 114.297997 2.000000 188 188 188
v 116.600006 138.132004 2.000000 188 188 188
v 64.118004 117.826004 2.000000 188 188 188
v 81.932007 115.898003 2.000000 188 188 188
v 47.634003 116.975998 2.000000 188 188 188
v 64.968002 128.094009 2.000000 188 188 188
v 44.464001 115.898003 2.000000 188 188 188
v 38.466003 115.898003 2.000000 188 188 188
v 64.118004 125.668007 2.000000 188 188 188
v 52.282001 194.098007 2.000000 188 188 188
v 117.648003 112.834000 2.000000 188 188 188
v 116.322006 112.285995 2.000000 188 188 188
v 118.200005 138.132004 2.000000 188 188 188
v 114.898003 133.284012 2.000000 188 188 188
v 38.466003 114.297997 2.000000 188 188 188
v 0.186000 116.175995 2.000000 188 188 188
v 0.736000 114.849998 2.000000 188 188 188
v 1.610000 113.709999 2.000000 188 188 188
v 0.186000 191.122009 2.000000 188 188 188
v 120.212006 191.122009 2.000000 188 188 188
v 119.664009 192.448013 2.000000 188 188 188
v 0.186000 117.709999 2.000000 188 188 188
v 120.212006 189.588013 2.000000 188 188 188
v 118.788002 193.590012 2.000000 188 188 188
v 117.648003 194.462006 2.000000 188 188 188
v 116.322006 195.012009 2.000000 188 188 188
v 103.231995 192.998016 2.000000 188 188 188
v 0.736000 192.448013 2.000000 188 188 188
v 2.198000 130.600006 2.000000 188 188 188
v 3.798000 130.600006 2.000000 188 188 188
v 1.610000 193.590012 2.000000 188 188 188
v 44.636002 116.975998 2.000000 188 188 188
v 75.932007 115.898003 2.000000 188 188 188
v 99.064003 192.998016 2.000000 188 188 188
v 118.200005 163.166000 2.000000 188 188 188
v 118.200005 169.166016 2.000000 188 188 188
v 90.380005 171.807999 2.000000 188 188 188
v 2.198000 124.598000 2.000000 188 188 188
v 3.798000 136.098007 2.000000 188 188 188
v 2.198000 142.098007 2.000000 188 188 188
v 3.798000 142.098007 2.000000 188 188 188
v 75.932007 113.498009 2.998000 188 188 188
v 75.932007 114.297997 2.998000 188 188 188
v 81.932007 113.498009 2.998000 188 188 188
v 81.932007 114.297997 2.998000 188 188 188
v 38.466003 113.498009 2.998000 188 188 188
v 38.466003 114.297997 2.998000 188 188 188
v 44.464001 113.498009 2.998000 188 188 188
v 44.464001 114.297997 2.998000 188 188 188
v 2.198000 130.600006 2.998000 188 188 188
v 2.198000 124.598000 2.998000 188 188 188
v 1.398000 124.598000 2.998000 188 188 188
v 103.231995 192.998016 2.998000 188 188 188
v 103.231995 193.798004 2.998000 188 188 188
v 109.232002 192.998016 2.998000 188 188 188
v 119.000000 144.132004 2.998000 188 188 188
v 119.000000 138.132004 2.998000 188 188 188
v 118.200005 138.132004 2.998000 188 188 188
v 109.232002 193.798004 2.998000 188 188 188
v 93.066002 192.998016 2.998000 188 188 188
v 93.066002 193.798004 2.998000 188 188 188
v 99.064003 192.998016 2.998000 188 188 188
v 99.064003 193.798004 2.998000 188 188 188
v 119.000000 169.166016 2.998000 188 188 188
v 119.000000 163.166000 2.998000 188 188 188
v 118.200005 163.166000 2.998000 188 188 188
v 118.200005 144.132004 2.998000 188 188 188
v 118.200005 169.166016 2.998000 188 188 188
v 2.198000 142.098007 2.998000 188 188 188
v 2.198000 136.098007 2.998000 188 188 188
v 1.398000 136.098007 2.998000 188 188 188
v 1.398000 130.600006 2.998000 188 188 188
v 1.398000 142.098007 2.998000 188 188 188
v 1.398000 130.600006 5.200000 188 188 188
v 1.398000 124.598000 5.200000 188 188 188
v 1.398000 124.598000 5.800000 188 188 188
v 1.398000 130.600006 5.800000 188 188 188
v 1.398000 142.098007 5.200000 188 188 188
v 1.398000 136.098007 5.200000 188 188 188
v 1.398000 142.098007 5.800000 188 188 188
v 1.398000 136.098007 5.800000 188 188 188
v 119.000000 139.417999 5.200000 188 188 188
v 119.000000 138.132004 5.200000 188 188 188
v 119.000000 144.132004 5.800000 188 188 188
v 119.000000 138.132004 5.800000 188 188 188
v 119.000000 164.452011 5.200000 188 188 188
v 119.000000 169.166016 5.800000 188 188 188
v 119.000000 163.166000 5.800000 188 188 188
v 119.000000 169.166016 5.200000 188 188 188
v 99.064003 192.700012 2.998000 188 188 188
v 99.064003 192.700012 5.200000 188 188 188
v 99.064003 193.798004 5.200000 188 188 188
v 99.064003 193.432007 5.800000 188 188 188
v 99.064003 192.998016 6.508000 188 188 188
v 99.064003 192.998016 7.998000 188 188 188
v 99.064003 191.400009 7.998000 188 188 188
v 99.064003 192.700012 6.998000 188 188 188
v 99.064003 193.798004 5.800000 188 188 188
v 93.066002 193.798004 5.200000 188 188 188
v 93.066002 192.998016 5.800000 188 188 188
v 93.066002 192.998016 6.508000 188 188 188
v 93.066002 193.432007 5.800000 188 188 188
v 93.066002 192.700012 2.998000 188 188 188
v 93.066002 193.798004 5.800000 188 188 188
v 93.066002 192.700012 5.800000 188 188 188
v 93.066002 192.998016 7.998000 188 188 188
v 93.066002 191.400009 7.998000 188 188 188
v 103.231995 192.700012 5.200000 188 188 188
v 103.231995 193.432007 5.800000 188 188 188
v 103.231995 193.798004 5.200000 188 188 188
v 103.231995 192.998016 6.508000 188 188 188
v 103.231995 192.700012 6.998000 188 188 188
v 103.231995 192.700012 2.998000 188 188 188
v 103.231995 193.798004 5.800000 188 188 188
v 103.231995 191.400009 7.998000 188 188 188
v 103.231995 192.998016 7.998000 188 188 188
v 109.232002 192.998016 7.998000 188 188 188
v 109.232002 191.400009 7.998000 188 188 188
v 109.232002 192.700012 5.800000 188 188 188
v 109.232002 192.998016 5.800000 188 188 188
v 109.232002 193.432007 5.800000 188 188 188
v 109.232002 192.998016 6.508000 188 188 188
v 109.232002 193.798004 5.200000 188 188 188
v 109.232002 192.700012 2.998000 188 188 188
v 109.232002 193.798004 5.800000 188 188 188
v 44.464001 113.498009 5.200000 188 188 188
v 44.464001 114.297997 5.200000 188 188 188
v 44.464001 113.865997 5.800000 188 188 188
v 44.464001 114.598007 5.200000 188 188 188
v 44.464001 114.297997 6.508000 188 188 188
v 44.464001 114.598007 6.998000 188 188 188
v 44.464001 113.498009 5.800000 188 188 188
v 44.464001 115.898003 7.998000 188 188 188
v 44.464001 114.297997 7.998000 188 188 188
v 38.466003 114.297997 6.508000 188 188 188
v 38.466003 114.297997 5.800000 188 188 188
v 38.466003 113.865997 5.800000 188 188 188
v 38.466003 114.598007 5.800000 188 188 188
v 38.466003 114.598007 2.998000 188 188 188
v 38.466003 115.898003 7.998000 188 188 188
v 38.466003 113.498009 5.800000 188 188 188
v 38.466003 114.297997 7.998000 188 188 188
v 75.932007 113.498009 5.200000 188 188 188
v 75.932007 113.865997 5.800000 188 188 188
v 75.932007 114.598007 5.200000 188 188 188
v 75.932007 114.297997 6.508000 188 188 188
v 75.932007 114.598007 6.998000 188 188 188
v 75.932007 114.598007 2.998000 188 188 188
v 75.932007 115.898003 7.998000 188 188 188
v 75.932007 113.498009 5.800000 188 188 188
v 75.932007 114.297997 7.998000 188 188 188
v 81.932007 114.297997 5.800000 188 188 188
v 81.932007 113.865997 5.800000 188 188 188
v 81.932007 114.297997 6.508000 188 188 188
v 81.932007 113.498009 5.800000 188 188 188
v 81.932007 114.297997 7.998000 188 188 188
v 81.932007 115.898003 7.998000 188 188 188
v 60.198002 195.198013 1.000000 188 188 188
v 60.198002 112.099998 1.000000 188 188 188
v 2.498000 142.098007 5.200000 188 188 188
v 2.498000 142.098007 2.998000 188 188 188
v 2.198000 142.098007 6.508000 188 188 188
v 1.764000 142.098007 5.800000 188 188 188
v 3.798000 142.098007 7.998000 188 188 188
v 2.498000 142.098007 6.998000 188 188 188
v 2.198000 142.098007 7.998000 188 188 188
v 118.200005 169.166016 7.998000 188 188 188
v 116.600006 163.166000 7.998000 188 188 188
v 118.200005 163.166000 7.998000 188 188 188
v 118.200005 144.132004 7.998000 188 188 188
v 116.600006 138.132004 7.998000 188 188 188
v 118.200005 138.132004 7.998000 188 188 188
v 116.600006 144.132004 7.998000 188 188 188
v 2.198000 136.098007 7.998000 188 188 188
v 3.798000 136.098007 7.998000 188 188 188
v 116.600006 169.166016 7.998000 188 188 188
v 3.798000 130.600006 7.998000 188 188 188
v 2.198000 124.598000 7.998000 188 188 188
v 3.798000 124.598000 7.998000 188 188 188
v 2.198000 130.600006 7.998000 188 188 188
v 2.198000 124.598000 6.508000 188 188 188
v 2.198000 130.600006 6.508000 188 188 188
v 2.198000 136.098007 6.508000 188 188 188
v 1.764000 136.098007 5.800000 188 188 188
v 2.198000 136.098007 5.800000 188 188 188
v 2.498000 136.098007 5.800000 188 188 188
v 2.498000 136.098007 2.998000 188 188 188
v 118.632004 138.132004 5.800000 188 188 188
v 118.632004 144.132004 5.800000 188 188 188
v 118.632004 163.166000 5.800000 188 188 188
v 118.632004 169.166016 5.800000 188 188 188
v 1.764000 130.600006 5.800000 188 188 188
v 1.764000 124.598000 5.800000 188 188 188
v 2.498000 130.600006 5.200000 188 188 188
v 2.498000 130.600006 2.998000 188 188 188
v 2.498000 130.600006 6.998000 188 188 188
v 2.198000 124.598000 5.800000 188 188 188
v 2.498000 124.598000 5.800000 188 188 188
v 2.498000 124.598000 2.998000 188 188 188
v 117.900009 169.166016 5.200000 188 188 188
v 117.900009 169.166016 5.800000 188 188 188
v 118.200005 169.166016 6.508000 188 188 188
v 117.900009 169.166016 6.998000 188 188 188
v 117.900009 169.166016 2.998000 188 188 188
v 118.200005 138.132004 6.508000 188 188 188
v 118.200005 144.132004 6.508000 188 188 188
v 118.200005 163.166000 6.508000 188 188 188
v 118.200005 163.166000 5.800000 188 188 188
v 117.900009 163.166000 2.998000 188 188 188
v 117.900009 163.166000 5.800000 188 188 188
v 118.200005 144.132004 5.800000 188 188 188
v 117.900009 144.132004 2.998000 188 188 188
v 117.900009 144.132004 5.800000 188 188 188
v 117.900009 138.132004 5.800000 188 188 188
v 117.900009 138.132004 5.200000 188 188 188
v 117.900009 138.132004 6.998000 188 188 188
v 117.900009 138.132004 2.998000 188 188 188
v 87.548004 170.028015 0.000000 188 188 188
v 32.850002 137.270004 0.000000 188 188 188
v 85.762001 173.068008 2.000000 188 188 188

v 0.000000 189.700012 2.000000 188 188 188
v 0.000000 153.648010 1.000000 188 188 188
v 0.000000 153.648010 1.000000 188 188 188
v 0.000000 189.700012 0.000000 188 188 188
v 0.000000 153.648010 0.000000 188 188 188
v 0.000000 189.700012 0.000000 188 188 188
v 2.750000 155.296005 0.000000 188 188 188
v 0.000000 189.700012 0.000000 188 188 188
v 2.750000 155.296005 0.000000 188 188 188
v 5.500000 189.700012 0.000000 188 188 188
v 5.500000 155.296005 0.000000 188 188 188
v 5.500000 189.700012 0.000000 188 188 188
v 32.850002 173.872009 0.000000 188 188 188
v 5.500000 189.700012 0.000000 188 188 188
v 32.850002 173.872009 0.000000 188 188 188
v 60.198002 192.448013 0.000000 188 188 188
v 60.198002 158.046005 0.000000 188 188 188
v 60.198002 192.448013 0.000000 188 188 188
v 87.548004 176.622009 0.000000 188 188 188
v 60.198002 192.448013 0.000000 188 188 188
v 87.548004 176.622009 0.000000 188 188 188
v 114.898003 195.198013 0.000000 188 188 188
v 87.548004 174.424011 0.000000 188 188 188
v 114.898003 195.198013 0.000000 188 188 188
v 87.548004 174.424011 0.000000 188 188 188
v 114.898003 186.406006 0.000000 188 188 188
v 87.548004 170.028015 0.000000 188 188 188
v 114.898003 186.406006 0.000000 188 188 188
v 87.548004 170.028015 0.000000 188 188 188
v 93.499252 173.384979 0.000000 188 188 188
v 120.212006 189.588013 2.000000 188 188 188
v 94.098579 173.677673 2.000000 188 188 188
v 120.212006 189.588013 2.000000 188 188 188
v 94.207405 173.722733 2.000000 188 188 188
v 120.212006 189.588013 2.000000 188 188 188
v 94.454163 173.810120 2.000000 188 188 188
v 120.212006 189.588013 2.000000 188 188 188
v 94.592209 173.851028 2.000000 188 188 188
v 120.212006 189.588013 2.000000 188 188 188
v 94.705154 173.884491 2.000000 188 188 188
v 120.212006 189.588013 2.000000 188 188 188
v 94.959679 173.945587 2.000000 188 188 188
v 120.212006 189.588013 2.000000 188 188 188
v 95.075508 173.967072 2.000000 188 188 188
v 120.212006 189.588013 2.000000 188 188 188
v 95.217079 173.993301 2.000000 188 188 188
v 120.212006 189.588013 2.000000 188 188 188
v 95.476608 174.027466 2.000000 188 188 188
v 120.212006 189.588013 2.000000 188 188 188
v 95.737572 174.048004 2.000000 188 188 188
v 120.212006 189.588013 2.000000 188 188 188
v 95.855324 174.051086 2.000000 188 188 188
v 120.212006 189.588013 2.000000 188 188 188
v 95.999245 174.054855 2.000000 188 188 188
v 120.212006 189.588013 2.000000 188 188 188
v 96.143158 174.051086 2.000000 188 188 188
v 120.212006 189.588013 2.000000 188 188 188
v 96.260925 174.048004 2.000000 188 188 188
v 120.212006 189.588013 2.000000 188 188 188
v 96.521889 174.027466 2.000000 188 188 188
v 120.212006 189.588013 2.000000 188 188 188
v 96.638664 174.012100 2.000000 188 188 188
v 120.212006 189.588013 2.000000 188 188 188
v 96.781418 173.993301 2.000000 188 188 188
v 120.212006 189.588013 2.000000 188 188 188
v 96.885345 173.974045 2.000000 188 188 188
v 120.212006 189.588013 2.000000 188 188 188
v 96.897247 173.971832 2.000000 188 188 188
v 120.212006 189.588013 2.000000 188 188 188
v 97.038803 173.945587 2.000000 188 188 188
v 120.212006 189.588013 2.000000 188 188 188
v 97.153343 173.918106 2.000000 188 188 188
v 120.212006 189.588013 2.000000 188 188 188
v 97.293343 173.884491 2.000000 188 188 188
v 120.212006 189.588013 2.000000 188 188 188
v 116.600006 169.166016 2.000000 188 188 188
v 118.200005 169.166016 2.000000 188 188 188
v 120.212006 189.588013 2.000000 188 188 188
v 120.212006 189.588013 2.000000 188 188 188
v 120.398003 189.700012 2.000000 188 188 188
v 120.212006 189.588013 2.000000 188 188 188
v 120.212006 189.700012 2.000000 188 188 188
v 90.380005 171.807999 2.000000 188 188 188
v 120.212006 189.700012 2.000000 188 188 188
v 90.380005 171.807999 2.000000 188 188 188
v 114.898003 189.700012 2.000000 188 188 188
v 87.724007 171.807999 2.000000 188 188 188
v 114.898003 189.700012 2.000000 188 188 188
v 87.724007 171.807999 2.000000 188 188 188
v 110.975998 192.220016 2.000000 188 188 188
v 85.762001 173.068008 2.000000 188 188 188
v 110.975998 192.220016 2.000000 188 188 188
v 85.762001 173.068008 2.000000 188 188 188
v 84.606003 172.518005 2.000000 188 188 188
v 84.606003 172.518005 2.000000 188 188 188
v 60.550003 153.916000 2.000000 188 188 188
v 60.550003 153.916000 2.000000 188 188 188
v 58.236004 152.814011 2.000000 188 188 188
v 33.024002 133.661987 2.000000 188 188 188
v 58.236004 152.814011 2.000000 188 188 188
v 31.868000 133.111984 2.000000 188 188 188
v 58.236004 152.814011 2.000000 188 188 188
v 31.868000 133.111984 2.000000 188 188 188
v 32.850002 133.856003 2.000000 188 188 188
v 32.850002 133.856003 2.000000 188 188 188
v 5.500000 113.407997 2.000000 188 188 188
v 5.500000 117.600006 2.000000 188 188 188
v 5.500000 113.407997 2.000000 188 188 188
v 5.500000 113.407997 2.000000 188 188 188
v 0.186000 117.600006 2.000000 188 188 188
v 5.500000 112.099998 2.000000 188 188 188
v 5.500000 113.407997 2.000000 188 188 188
v 5.500000 113.407997 2.000000 188 188 188
v 6.346000 112.742004 2.000000 188 188 188
v 6.346000 112.742004 2.000000 188 188 188
v 13.338000 118.054008 2.000000 188 188 188
v 13.338000 118.054008 2.000000 188 188 188
v 38.466003 114.297997 2.000000 188 188 188
v 38.466003 114.297997 2.000000 188 188 188
v 38.466003 115.898003 2.000000 188 188 188
v 38.466003 114.297997 2.998000 188 188 188
v 38.466003 115.898003 2.000000 188 188 188
v 38.466003 115.898003 2.000000 188 188 188
v 38.466003 114.598007 2.998000 188 188 188
v 38.466003 114.598007 2.998000 188 188 188
v 38.466003 115.898003 7.998000 188 188 188
v 38.466003 115.898003 7.998000 188 188 188
v 38.466003 114.598007 5.800000 188 188 188
v 38.466003 114.297997 7.998000 188 188 188
v 38.466003 115.898003 7.998000 188 188 188
v 44.464001 115.898003 7.998000 188 188 188
v 38.466003 114.297997 7.998000 188 188 188
v 44.464001 115.898003 7.998000 188 188 188
v 44.464001 114.297997 7.998000 188 188 188
v 44.464001 115.898003 7.998000 188 188 188
v 44.464001 114.598007 6.998000 188 188 188
v 38.466003 115.898003 2.000000 188 188 188
v 44.464001 115.898003 7.998000 188 188 188
v 44.464001 115.898003 2.000000 188 188 188
v 44.464001 115.898003 2.000000 188 188 188
v 44.464001 114.598007 6.998000 188 188 188
v 44.464001 114.598007 6.998000 188 188 188
v 44.464001 114.598007 5.200000 188 188 188
v 44.464001 114.598007 5.200000 188 188 188
v 44.464001 114.297997 6.508000 188 188 188
v 44.464001 113.865997 5.800000 188 188 188
v 44.464001 114.297997 6.508000 188 188 188
v 44.464001 114.297997 6.508000 188 188 188
v 38.466003 113.865997 5.800000 188 188 188
v 38.466003 114.297997 6.508000 188 188 188
v 38.466003 113.865997 5.800000 188 188 188
v 38.466003 113.865997 5.800000 188 188 188
v 38.466003 114.297997 5.800000 188 188 188
v 38.466003 113.498009 2.998000 188 188 188
v 38.466003 114.297997 5.800000 188 188 188
v 38.466003 114.598007 5.800000 188 188 188
v 38.466003 114.598007 5.800000 188 188 188
v 38.466003 114.297997 2.998000 188 188 188
v 38.466003 113.498009 2.998000 188 188 188
v 38.466003 113.498009 2.998000 188 188 188
v 38.466003 114.297997 2.998000 188 188 188
v 38.466003 113.498009 2.998000 188 188 188
v 44.464001 113.498009 2.998000 188 188 188
v 44.464001 113.498009 2.998000 188 188 188
v 38.466003 113.498009 5.800000 188 188 188
v 38.466003 113.498009 5.800000 188 188 188
v 44.464001 113.498009 5.200000 188 188 188
v 44.464001 113.498009 5.200000 188 188 188
v 44.464001 113.865997 5.800000 188 188 188
v 44.464001 113.498009 5.800000 188 188 188
v 44.464001 113.498009 5.200000 188 188 188
v 44.464001 113.865997 5.800000 188 188 188
v 44.464001 114.297997 5.200000 188 188 188
v 44.464001 113.498009 5.200000 188 188 188
v 44.464001 114.297997 2.998000 188 188 188
v 44.464001 115.898003 2.000000 188 188 188
v 44.464001 114.297997 5.200000 188 188 188
v 44.464001 115.898003 2.000000 188 188 188
v 44.464001 114.297997 2.998000 188 188 188
v 44.464001 114.297997 2.998000 188 188 188
v 38.466003 114.297997 2.998000 188 188 188
v 44.464001 114.297997 2.000000 188 188 188
v 44.464001 114.297997 2.000000 188 188 188
v 44.464001 115.898003 2.000000 188 188 188
v 44.464001 115.898003 2.000000 188 188 188
v 75.932007 115.898003 2.000000 188 188 188
v 44.636002 116.975998 2.000000 188 188 188
v 75.932007 115.898003 2.000000 188 188 188
v 44.636002 116.975998 2.000000 188 188 188
v 47.634003 116.975998 2.000000 188 188 188
v 13.338000 118.054008 2.000000 188 188 188
v 47.634003 116.975998 2.000000 188 188 188
v 13.338000 118.054008 2.000000 188 188 188
v 13.338000 118.054008 2.000000 188 188 188
v 64.118004 117.826004 2.000000 188 188 188
v 64.118004 117.826004 2.000000 188 188 188
v 64.118004 125.668007 2.000000 188 188 188
v 64.118004 125.668007 2.000000 188 188 188
v 114.898003 117.600006 2.000000 188 188 188
v 114.898003 117.600006 2.000000 188 188 188
v 114.898003 133.284012 2.000000 188 188 188
v 114.898003 133.284012 2.000000 188 188 188
v 118.200005 138.132004 2.000000 188 188 188
v 116.600006 138.132004 2.000000 188 188 188
v 114.898003 133.284012 2.000000 188 188 188
v 64.968002 128.094009 2.000000 188 188 188
v 116.600006 138.132004 2.000000 188 188 188
v 64.968002 131.094009 2.000000 188 188 188
v 13.338000 118.054008 2.000000 188 188 188
v 64.968002 128.094009 2.000000 188 188 188
v 13.338000 118.054008 2.000000 188 188 188
v 64.968002 131.094009 2.000000 188 188 188
v 64.968002 131.094009 2.000000 188 188 188
v 64.968002 140.610001 2.000000 188 188 188
v 64.968002 140.610001 2.000000 188 188 188
v 116.600006 144.132004 2.000000 188 188 188
v 116.600006 144.132004 2.000000 188 188 188
v 116.600006 163.166000 2.000000 188 188 188
v 116.600006 163.166000 2.000000 188 188 188
v 118.200005 144.132004 2.000000 188 188 188
v 118.200005 144.132004 2.000000 188 188 188
v 120.398003 189.700012 2.000000 188 188 188
v 118.200005 163.166000 2.000000 188 188 188
v 120.398003 189.700012 2.000000 188 188 188
v 118.200005 144.132004 2.000000 188 188 188
v 120.398003 189.700012 2.000000 188 188 188
v 120.398003 153.648010 2.000000 188 188 188
v 120.398003 153.648010 2.000000 188 188 188
v 120.398003 153.648010 1.000000 188 188 188
v 120.398003 153.648010 1.000000 188 188 188
v 120.398003 117.600006 2.000000 188 188 188
v 120.398003 117.600006 2.000000 188 188 188
v 120.398003 117.600006 0.000000 188 188 188
v 120.398003 117.600006 0.000000 188 188 188
v 120.212006 116.175995 2.000000 188 188 188
v 120.212006 116.175995 2.000000 188 188 188
v 120.212006 116.175995 0.000000 188 188 188
v 120.212006 116.175995 0.000000 188 188 188
v 119.664009 114.849998 2.000000 188 188 188
v 119.664009 114.849998 2.000000 188 188 188
v 119.664009 114.849998 0.000000 188 188 188
v 119.664009 114.849998 0.000000 188 188 188
v 118.788002 113.709999 2.000000 188 188 188
v 118.788002 113.709999 2.000000 188 188 188
v 118.788002 113.709999 0.000000 188 188 188
v 118.788002 113.709999 0.000000 188 188 188
v 117.648003 112.834000 2.000000 188 188 188
v 117.648003 112.834000 2.000000 188 188 188
v 117.648003 112.834000 0.000000 188 188 188
v 117.648003 112.834000 0.000000 188 188 188
v 116.322006 112.285995 2.000000 188 188 188
v 116.322006 112.285995 2.000000 188 188 188
v 116.322006 112.285995 0.000000 188 188 188
v 116.322006 112.285995 0.000000 188 188 188
v 114.898003 112.099998 2.000000 188 188 188
v 114.898003 112.099998 2.000000 188 188 188
v 114.898003 112.099998 0.000000 188 188 188
v 114.898003 112.099998 0.000000 188 188 188
v 60.198002 112.099998 1.000000 188 188 188
v 60.198002 112.099998 0.000000 188 188 188
v 60.198002 112.099998 1.000000 188 188 188
v 5.500000 112.099998 0.000000 188 188 188
v 60.198002 112.099998 1.000000 188 188 188
v 5.500000 112.099998 2.000000 188 188 188
v 5.500000 112.099998 2.000000 188 188 188
v 5.500000 112.099998 0.000000 188 188 188
v 5.500000 112.099998 0.000000 188 188 188
v 4.074000 112.285995 2.000000 188 188 188
v 4.074000 112.285995 2.000000 188 188 188
v 4.074000 112.285995 0.000000 188 188 188
v 4.074000 112.285995 0.000000 188 188 188
v 2.750000 112.834000 2.000000 188 188 188
v 2.750000 112.834000 2.000000 188 188 188
v 2.750000 112.834000 0.000000 188 188 188
v 2.750000 112.834000 0.000000 188 188 188
v 1.610000 113.709999 2.000000 188 188 188
v 1.610000 113.709999 0.000000 188 188 188
v 1.610000 113.709999 2.000000 188 188 188
v 0.736000 114.849998 2.000000 188 188 188
v 1.610000 113.709999 0.000000 188 188 188
v 5.500000 112.099998 0.000000 188 188 188
v 1.610000 113.709999 0.000000 188 188 188
v 0.736000 114.849998 0.000000 188 188 188
v 5.500000 112.099998 0.000000 188 188 188
v 0.736000 114.849998 0.000000 188 188 188
v 5.500000 112.099998 0.000000 188 188 188
v 0.186000 116.175995 0.000000 188 188 188
v 5.500000 112.099998 0.000000 188 188 188
v 0.000000 117.600006 0.000000 188 188 188
v 0.000000 117.600006 0.000000 188 188 188
v 0.000000 153.648010 0.000000 188 188 188
v 5.500000 120.891998 0.000000 188 188 188
v 5.500000 112.099998 0.000000 188 188 188
v 5.500000 120.891998 0.000000 188 188 188
v 32.850002 132.874008 0.000000 188 188 188
v 5.500000 120.891998 0.000000 188 188 188
v 32.850002 137.270004 0.000000 188 188 188
v 5.500000 120.891998 0.000000 188 188 188
v 32.850002 137.270004 0.000000 188 188 188
v 32.850002 139.468002 0.000000 188 188 188
v 32.850002 139.468002 0.000000 188 188 188
v 60.198002 158.046005 0.000000 188 188 188
v 60.198002 153.648010 0.000000 188 188 188
v 87.548004 174.424011 0.000000 188 188 188
v 60.198002 153.648010 0.000000 188 188 188
v 60.198002 158.046005 0.000000 188 188 188
v 32.850002 139.468002 0.000000 188 188 188
v 5.500000 155.296005 0.000000 188 188 188
v 60.198002 158.046005 0.000000 188 188 188
v 32.850002 139.468002 0.000000 188 188 188
v 5.500000 120.891998 0.000000 188 188 188
v 5.500000 155.296005 0.000000 188 188 188
v 32.850002 137.270004 0.000000 188 188 188
v 60.198002 153.648010 0.000000 188 188 188
v 32.850002 132.874008 0.000000 188 188 188
v 32.850002 132.874008 0.000000 188 188 188
v 60.198002 153.648010 0.000000 188 188 188
v 32.850002 132.874008 0.000000 188 188 188
v 60.198002 149.252014 0.000000 188 188 188
v 32.850002 130.676010 0.000000 188 188 188
v 60.198002 149.252014 0.000000 188 188 188
v 32.850002 130.676010 0.000000 188 188 188
v 60.198002 114.849998 0.000000 188 188 188
v 5.500000 112.099998 0.000000 188 188 188
v 60.198002 114.849998 0.000000 188 188 188
v 60.198002 149.252014 0.000000 188 188 188
v 87.548004 133.426010 0.000000 188 188 188
v 60.198002 149.252014 0.000000 188 188 188
v 87.548004 133.426010 0.000000 188 188 188
v 114.898003 152.002014 0.000000 188 188 188
v 114.898003 152.002014 0.000000 188 188 188
v 114.898003 117.600006 0.000000 188 188 188
v 117.648003 152.002014 0.000000 188 188 188
v 120.398003 117.600006 0.000000 188 188 188
v 114.898003 117.600006 0.000000 188 188 188
v 114.898003 112.099998 0.000000 188 188 188
v 114.898003 117.600006 0.000000 188 188 188
v 120.398003 117.600006 0.000000 188 188 188
v 114.898003 117.600006 0.000000 188 188 188
v 114.898003 112.099998 0.000000 188 188 188
v 60.198002 114.849998 0.000000 188 188 188
v 117.648003 152.002014 0.000000 188 188 188
v 120.398003 117.600006 0.000000 188 188 188
v 117.648003 152.002014 0.000000 188 188 188
v 114.898003 186.406006 0.000000 188 188 188
v 120.398003 153.648010 0.000000 188 188 188
v 120.398003 153.648010 0.000000 188 188 188
v 114.898003 186.406006 0.000000 188 188 188
v 120.398003 153.648010 0.000000 188 188 188
v 120.398003 189.700012 0.000000 188 188 188
v 120.398003 153.648010 1.000000 188 188 188
v 114.898003 152.002014 0.000000 188 188 188
v 114.898003 186.406006 0.000000 188 188 188
v 117.648003 152.002014 0.000000 188 188 188
v 114.898003 152.002014 0.000000 188 188 188
v 114.898003 186.406006 0.000000 188 188 188
v 100.044334 166.115967 0.000000 188 188 188
v 114.898003 186.406006 0.000000 188 188 188
v 100.192604 166.331650 0.000000 188 188 188
v 114.898003 186.406006 0.000000 188 188 188
v 100.260986 166.443253 0.000000 188 188 188
v 114.898003 186.406006 0.000000 188 188 188
v 100.329361 166.554855 0.000000 188 188 188
v 114.898003 186.406006 0.000000 188 188 188
v 100.454285 166.784897 0.000000 188 188 188
v 114.898003 186.406006 0.000000 188 188 188
v 100.566978 167.021164 0.000000 188 188 188
v 114.898003 186.406006 0.000000 188 188 188
v 100.617065 167.142090 0.000000 188 188 188
v 114.898003 186.406006 0.000000 188 188 188
v 100.667152 167.263000 0.000000 188 188 188
v 114.898003 186.406006 0.000000 188 188 188
v 100.754517 167.509766 0.000000 188 188 188
v 114.898003 186.406006 0.000000 188 188 188
v 100.828880 167.760742 0.000000 188 188 188
v 114.898003 186.406006 0.000000 188 188 188
v 100.859428 167.888000 0.000000 188 188 188
v 114.898003 186.406006 0.000000 188 188 188
v 100.889992 168.015289 0.000000 188 188 188
v 114.898003 186.406006 0.000000 188 188 188
v 100.937698 168.272690 0.000000 188 188 188
v 114.898003 186.406006 0.000000 188 188 188
v 100.954773 168.402451 0.000000 188 188 188
v 114.898003 186.406006 0.000000 188 188 188
v 100.971848 168.532211 0.000000 188 188 188
v 114.898003 186.406006 0.000000 188 188 188
v 100.992401 168.793152 0.000000 188 188 188
v 114.898003 186.406006 0.000000 188 188 188
v 100.995811 168.923889 0.000000 188 188 188
v 114.898003 186.406006 0.000000 188 188 188
v 114.898003 186.406006 0.000000 188 188 188
v 100.999245 169.054855 0.000000 188 188 188
v 100.992401 169.316528 0.000000 188 188 188
v 100.999245 169.054855 0.000000 188 188 188
v 116.600006 169.166016 2.000000 188 188 188
v 116.600006 169.166016 2.000000 188 188 188
v 100.999245 169.054855 2.000000 188 188 188
v 100.992401 168.793152 2.000000 188 188 188
v 100.999245 169.054855 2.000000 188 188 188
v 116.600006 169.166016 2.000000 188 188 188
v 116.600006 169.166016 2.000000 188 188 188
v 100.971848 168.532211 2.000000 188 188 188
v 116.600006 169.166016 2.000000 188 188 188
v 100.956482 168.415421 2.000000 188 188 188
v 116.600006 169.166016 2.000000 188 188 188
v 100.937698 168.272690 2.000000 188 188 188
v 100.889992 168.015289 2.000000 188 188 188
v 100.937698 168.272690 2.000000 188 188 188
v 116.600006 169.166016 2.000000 188 188 188
v 100.889992 168.015289 2.000000 188 188 188
v 116.600006 169.166016 2.000000 188 188 188
v 100.862480 167.900742 2.000000 188 188 188
v 116.600006 169.166016 2.000000 188 188 188
v 100.828880 167.760742 2.000000 188 188 188
v 100.667152 167.263000 2.000000 188 188 188
v 116.600006 169.166016 2.000000 188 188 188
v 100.754517 167.509766 2.000000 188 188 188
v 116.600006 169.166016 2.000000 188 188 188
v 100.667152 167.263000 2.000000 188 188 188
v 116.600006 169.166016 2.000000 188 188 188
v 100.622063 167.154175 2.000000 188 188 188
v 116.600006 169.166016 2.000000 188 188 188
v 100.566978 167.021164 2.000000 188 188 188
v 116.600006 169.166016 2.000000 188 188 188
v 116.600006 169.166016 2.000000 188 188 188
v 100.398064 166.681381 2.000000 188 188 188
v 116.600006 169.166016 2.000000 188 188 188
v 100.329361 166.554855 2.000000 188 188 188
v 116.600006 169.166016 2.000000 188 188 188
v 100.267815 166.454407 2.000000 188 188 188
v 116.600006 169.166016 2.000000 188 188 188
v 100.192604 166.331650 2.000000 188 188 188
v 116.600006 169.166016 2.000000 188 188 188
v 99.884972 165.908310 2.000000 188 188 188
v 116.600006 169.166016 2.000000 188 188 188
v 116.600006 169.166016 2.000000 188 188 188
v 99.791481 165.798798 2.000000 188 188 188
v 116.600006 169.166016 2.000000 188 188 188
v 116.600006 169.166016 2.000000 188 188 188
v 99.534775 165.519333 2.000000 188 188 188
v 116.600006 169.166016 2.000000 188 188 188
v 116.600006 169.166016 2.000000 188 188 188
v 99.235428 165.245682 2.000000 188 188 188
v 114.898003 152.002014 0.000000 188 188 188
v 114.898003 152.002014 0.000000 188 188 188
v 99.145851 165.169174 0.000000 188 188 188
v 114.898003 152.002014 0.000000 188 188 188
v 99.344894 165.339172 0.000000 188 188 188
v 114.898003 152.002014 0.000000 188 188 188
v 99.534775 165.519333 0.000000 188 188 188
v 114.898003 152.002014 0.000000 188 188 188
v 99.042015 165.089478 0.000000 188 188 188
v 98.499252 164.724747 2.000000 188 188 188
v 116.600006 169.166016 2.000000 188 188 188
v 98.722443 164.861572 2.000000 188 188 188
v 98.722443 164.861572 2.000000 188 188 188
v 116.600006 169.166016 2.000000 188 188 188
v 116.600006 169.166016 2.000000 188 188 188
v 98.499252 164.724747 2.000000 188 188 188
v 98.269203 164.599777 2.000000 188 188 188
v 98.499252 164.724747 2.000000 188 188 188
v 114.898003 152.002014 0.000000 188 188 188
v 98.269203 164.599777 0.000000 188 188 188
v 98.499252 164.724731 0.000000 188 188 188
v 114.898003 152.002014 0.000000 188 188 188
v 98.499252 164.724731 0.000000 188 188 188
v 114.898003 152.002014 0.000000 188 188 188
v 98.269203 164.599777 0.000000 188 188 188
v 98.032928 164.487061 0.000000 188 188 188
v 98.269203 164.599777 0.000000 188 188 188
v 116.600006 169.166016 2.000000 188 188 188
v 116.600006 169.166016 2.000000 188 188 188
v 98.032928 164.487061 2.000000 188 188 188
v 97.791092 164.386963 2.000000 188 188 188
v 98.032928 164.487061 2.000000 188 188 188
v 114.898003 152.002014 0.000000 188 188 188
v 97.544334 164.299591 0.000000 188 188 188
v 97.791092 164.386963 0.000000 188 188 188
v 114.898003 152.002014 0.000000 188 188 188
v 97.544334 164.299591 0.000000 188 188 188
v 66.776001 153.820007 2.000000 188 188 188
v 116.600006 169.166016 2.000000 188 188 188
v 97.544334 164.299591 2.000000 188 188 188
v 97.544334 164.299591 2.000000 188 188 188
v 116.600006 169.166016 2.000000 188 188 188
v 116.600006 169.166016 2.000000 188 188 188
v 66.776001 153.820007 2.000000 188 188 188
v 64.968002 143.608002 2.000000 188 188 188
v 66.776001 153.820007 2.000000 188 188 188
v 40.056004 135.936005 2.000000 188 188 188
v 66.776001 153.820007 2.000000 188 188 188
v 60.550003 153.916000 2.000000 188 188 188
v 40.056004 135.936005 2.000000 188 188 188
v 60.550003 153.916000 2.000000 188 188 188
v 13.338000 118.054008 2.000000 188 188 188
v 60.550003 153.916000 2.000000 188 188 188
v 66.776001 153.820007 2.000000 188 188 188
v 90.380005 171.752014 2.000000 188 188 188
v 66.776001 153.820007 2.000000 188 188 188
v 91.112190 170.109711 2.000000 188 188 188
v 66.776001 153.820007 2.000000 188 188 188
v 87.548004 167.830002 0.000000 188 188 188
v 91.139076 170.221695 0.000000 188 188 188
v 87.548004 167.830002 0.000000 188 188 188
v 87.548004 170.028015 0.000000 188 188 188
v 91.152657 170.278259 0.000000 188 188 188
v 91.152657 170.278259 0.000000 188 188 188
v 87.548004 170.028015 0.000000 188 188 188
v 90.380005 171.752014 2.000000 188 188 188
v 90.380005 171.752014 2.000000 188 188 188
v 91.210518 170.487000 2.000000 188 188 188
v 90.380005 171.752014 2.000000 188 188 188
v 91.243965 170.599945 2.000000 188 188 188
v 90.380005 171.752014 2.000000 188 188 188
v 91.283287 170.710983 2.000000 188 188 188
v 90.380005 171.752014 2.000000 188 188 188
v 91.331345 170.846695 2.000000 188 188 188
v 90.380005 171.752014 2.000000 188 188 188
v 91.376419 170.955521 2.000000 188 188 188
v 90.380005 171.752014 2.000000 188 188 188
v 91.431519 171.088531 2.000000 188 188 188
v 90.380005 171.752014 2.000000 188 188 188
v 91.482231 171.194870 2.000000 188 188 188
v 90.380005 171.752014 2.000000 188 188 188
v 91.544212 171.324814 2.000000 188 188 188
v 90.380005 171.752014 2.000000 188 188 188
v 91.600418 171.428329 2.000000 188 188 188
v 90.380005 171.752014 2.000000 188 188 188
v 91.669128 171.554855 2.000000 188 188 188
v 90.380005 171.752014 2.000000 188 188 188
v 91.730667 171.655289 2.000000 188 188 188
v 87.548004 170.028015 0.000000 188 188 188
v 91.805901 171.778046 0.000000 188 188 188
v 87.548004 170.028015 0.000000 188 188 188
v 90.380005 171.752014 2.000000 188 188 188
v 90.380005 171.752014 2.000000 188 188 188
v 92.763077 172.864090 2.000000 188 188 188
v 90.380005 171.752014 2.000000 188 188 188
v 92.852646 172.940598 2.000000 188 188 188
v 90.380005 171.752014 2.000000 188 188 188
v 92.966873 173.028214 2.000000 188 188 188
v 90.380005 171.752014 2.000000 188 188 188
v 93.060326 173.099945 2.000000 188 188 188
v 90.380005 171.752014 2.000000 188 188 188
v 93.178978 173.181488 2.000000 188 188 188
v 90.380005 171.752014 2.000000 188 188 188
v 93.276054 173.248199 2.000000 188 188 188
v 90.380005 171.752014 2.000000 188 188 188
v 93.376495 173.309753 2.000000 188 188 188
v 87.548004 170.028015 0.000000 188 188 188
v 87.548004 170.028015 0.000000 188 188 188
v 93.168182 173.174072 0.000000 188 188 188
v 87.548004 170.028015 0.000000 188 188 188
v 93.060326 173.099945 0.000000 188 188 188
v 87.548004 170.028015 0.000000 188 188 188
v 92.956482 173.020279 0.000000 188 188 188
v 87.548004 170.028015 0.000000 188 188 188
v 92.852646 172.940598 0.000000 188 188 188
v 87.548004 170.028015 0.000000 188 188 188
v 92.753120 172.855576 0.000000 188 188 188
v 87.548004 170.028015 0.000000 188 188 188
v 92.653587 172.770584 0.000000 188 188 188
v 90.380005 171.752014 2.000000 188 188 188
v 92.653587 172.770584 2.000000 188 188 188
v 87.548004 170.028015 0.000000 188 188 188
v 92.558655 172.680481 0.000000 188 188 188
v 90.380005 171.752014 2.000000 188 188 188
v 92.549164 172.671478 2.000000 188 188 188
v 87.548004 170.028015 0.000000 188 188 188
v 92.463722 172.590378 0.000000 188 188 188
v 90.380005 171.752014 2.000000 188 188 188
v 92.463722 172.590378 2.000000 188 188 188
v 87.548004 170.028015 0.000000 188 188 188
v 92.373627 172.495453 0.000000 188 188 188
v 90.380005 171.752014 2.000000 188 188 188
v 92.364616 172.485962 2.000000 188 188 188
v 87.548004 170.028015 0.000000 188 188 188
v 92.283516 172.400513 0.000000 188 188 188
v 90.380005 171.752014 2.000000 188 188 188
v 92.283516 172.400513 2.000000 188 188 188
v 87.548004 170.028015 0.000000 188 188 188
v 92.198524 172.300980 0.000000 188 188 188
v 90.380005 171.752014 2.000000 188 188 188
v 92.190025 172.291031 2.000000 188 188 188
v 87.548004 170.028015 0.000000 188 188 188
v 92.113525 172.201447 0.000000 188 188 188
v 90.380005 171.752014 2.000000 188 188 188
v 92.113525 172.201447 2.000000 188 188 188
v 87.548004 170.028015 0.000000 188 188 188
v 92.033844 172.097626 0.000000 188 188 188
v 90.380005 171.752014 2.000000 188 188 188
v 92.025871 172.087234 2.000000 188 188 188
v 90.380005 171.752014 2.000000 188 188 188
v 91.954163 171.993790 2.000000 188 188 188
v 90.380005 171.752014 2.000000 188 188 188
v 91.872620 171.875122 2.000000 188 188 188
v 91.880028 171.885925 0.000000 188 188 188
v 87.548004 170.028015 0.000000 188 188 188
v 91.954163 171.993790 0.000000 188 188 188
v 87.548004 170.028015 0.000000 188 188 188
v 91.737511 171.666443 0.000000 188 188 188
v 87.548004 170.028015 0.000000 188 188 188
v 91.669128 171.554855 0.000000 188 188 188
v 87.548004 170.028015 0.000000 188 188 188
v 91.606667 171.439804 0.000000 188 188 188
v 87.548004 170.028015 0.000000 188 188 188
v 91.544212 171.324814 0.000000 188 188 188
v 87.548004 170.028015 0.000000 188 188 188
v 91.487862 171.206665 0.000000 188 188 188
v 87.548004 170.028015 0.000000 188 188 188
v 91.431519 171.088531 0.000000 188 188 188
v 87.548004 170.028015 0.000000 188 188 188
v 91.381432 170.967621 0.000000 188 188 188
v 87.548004 170.028015 0.000000 188 188 188
v 91.331345 170.846695 0.000000 188 188 188
v 87.548004 170.028015 0.000000 188 188 188
v 91.287659 170.723328 0.000000 188 188 188
v 87.548004 170.028015 0.000000 188 188 188
v 91.243965 170.599945 0.000000 188 188 188
v 90.380005 171.752014 2.000000 188 188 188
v 91.776756 171.730484 2.000000 188 188 188
v 91.805901 171.778046 2.000000 188 188 188
v 90.380005 171.752014 2.000000 188 188 188
v 91.169624 170.348953 2.000000 188 188 188
v 91.169624 170.348953 0.000000 188 188 188
v 87.548004 170.028015 0.000000 188 188 188
v 91.206795 170.474457 0.000000 188 188 188
v 87.548004 170.028015 0.000000 188 188 188
v 87.548004 167.830002 0.000000 188 188 188
v 60.198002 153.648010 0.000000 188 188 188
v 87.548004 167.830002 0.000000 188 188 188
v 91.108521 170.094406 0.000000 188 188 188
v 87.548004 167.830002 0.000000 188 188 188
v 91.084663 169.965698 0.000000 188 188 188
v 87.548004 167.830002 0.000000 188 188 188
v 87.548004 167.830002 0.000000 188 188 188
v 91.026634 169.577484 0.000000 188 188 188
v 66.776001 153.820007 2.000000 188 188 188
v 66.776001 153.820007 2.000000 188 188 188
v 91.006111 169.316528 2.000000 188 188 188
v 87.548004 167.830002 0.000000 188 188 188
v 87.548004 167.830002 0.000000 188 188 188
v 91.002678 169.185806 0.000000 188 188 188
v 87.548004 167.830002 0.000000 188 188 188
v 90.999237 169.054855 0.000000 188 188 188
v 87.548004 167.830002 0.000000 188 188 188
v 91.002678 168.923889 0.000000 188 188 188
v 87.548004 167.830002 0.000000 188 188 188
v 91.006111 168.793152 0.000000 188 188 188
v 87.548004 167.830002 0.000000 188 188 188
v 91.016380 168.662659 0.000000 188 188 188
v 87.548004 167.830002 0.000000 188 188 188
v 91.026634 168.532211 0.000000 188 188 188
v 87.548004 167.830002 0.000000 188 188 188
v 91.043724 168.402466 0.000000 188 188 188
v 87.548004 167.830002 0.000000 188 188 188
v 91.060814 168.272690 0.000000 188 188 188
v 87.548004 167.830002 0.000000 188 188 188
v 91.084663 168.144012 0.000000 188 188 188
v 87.548004 167.830002 0.000000 188 188 188
v 91.108521 168.015305 0.000000 188 188 188
v 87.548004 167.830002 0.000000 188 188 188
v 91.139069 167.888046 0.000000 188 188 188
v 87.548004 167.830002 0.000000 188 188 188
v 91.169624 167.760742 0.000000 188 188 188
v 87.548004 167.830002 0.000000 188 188 188
v 91.206795 167.635254 0.000000 188 188 188
v 87.548004 167.830002 0.000000 188 188 188
v 91.243965 167.509766 0.000000 188 188 188
v 87.548004 167.830002 0.000000 188 188 188
v 91.287659 167.386383 0.000000 188 188 188
v 87.548004 167.830002 0.000000 188 188 188
v 91.331345 167.263000 0.000000 188 188 188
v 87.548004 167.830002 0.000000 188 188 188
v 91.381432 167.142090 0.000000 188 188 188
v 87.548004 167.830002 0.000000 188 188 188
v 91.431519 167.021164 0.000000 188 188 188
v 87.548004 167.830002 0.000000 188 188 188
v 91.487862 166.903030 0.000000 188 188 188
v 87.548004 167.830002 0.000000 188 188 188
v 91.544212 166.784897 0.000000 188 188 188
v 87.548004 167.830002 0.000000 188 188 188
v 91.606667 166.669876 0.000000 188 188 188
v 87.548004 167.830002 0.000000 188 188 188
v 91.669128 166.554855 0.000000 188 188 188
v 87.548004 167.830002 0.000000 188 188 188
v 91.737511 166.443253 0.000000 188 188 188
v 87.548004 167.830002 0.000000 188 188 188
v 91.805901 166.331650 0.000000 188 188 188
v 87.548004 167.830002 0.000000 188 188 188
v 91.880028 166.223816 0.000000 188 188 188
v 87.548004 167.830002 0.000000 188 188 188
v 91.954163 166.115967 0.000000 188 188 188
v 87.548004 167.830002 0.000000 188 188 188
v 92.033844 166.012131 0.000000 188 188 188
v 87.548004 167.830002 0.000000 188 188 188
v 92.113525 165.908310 0.000000 188 188 188
v 87.548004 167.830002 0.000000 188 188 188
v 92.198524 165.808777 0.000000 188 188 188
v 87.548004 167.830002 0.000000 188 188 188
v 92.283516 165.709244 0.000000 188 188 188
v 87.548004 167.830002 0.000000 188 188 188
v 92.373627 165.614288 0.000000 188 188 188
v 87.548004 167.830002 0.000000 188 188 188
v 92.463722 165.519333 0.000000 188 188 188
v 87.548004 167.830002 0.000000 188 188 188
v 92.558655 165.429260 0.000000 188 188 188
v 87.548004 167.830002 0.000000 188 188 188
v 92.653587 165.339172 0.000000 188 188 188
v 87.548004 167.830002 0.000000 188 188 188
v 92.753120 165.254181 0.000000 188 188 188
v 87.548004 167.830002 0.000000 188 188 188
v 92.852646 165.169174 0.000000 188 188 188
v 87.548004 167.830002 0.000000 188 188 188
v 92.956482 165.089478 0.000000 188 188 188
v 87.548004 167.830002 0.000000 188 188 188
v 93.060326 165.009796 0.000000 188 188 188
v 87.548004 167.830002 0.000000 188 188 188
v 93.168182 164.935684 0.000000 188 188 188
v 87.548004 167.830002 0.000000 188 188 188
v 93.276054 164.861572 0.000000 188 188 188
v 87.548004 167.830002 0.000000 188 188 188
v 93.387650 164.793182 0.000000 188 188 188
v 87.548004 167.830002 0.000000 188 188 188
v 93.499252 164.724731 0.000000 188 188 188
v 87.548004 167.830002 0.000000 188 188 188
v 93.614273 164.662292 0.000000 188 188 188
v 114.898003 152.002014 0.000000 188 188 188
v 87.548004 167.830002 0.000000 188 188 188
v 93.729294 164.599777 0.000000 188 188 188
v 114.898003 152.002014 0.000000 188 188 188
v 93.729294 164.599777 0.000000 188 188 188
v 114.898003 152.002014 0.000000 188 188 188
v 93.965569 164.487061 0.000000 188 188 188
v 114.898003 152.002014 0.000000 188 188 188
v 94.086494 164.437012 0.000000 188 188 188
v 114.898003 152.002014 0.000000 188 188 188
v 94.207405 164.386963 0.000000 188 188 188
v 114.898003 152.002014 0.000000 188 188 188
v 94.454163 164.299591 0.000000 188 188 188
v 114.898003 152.002014 0.000000 188 188 188
v 94.579651 164.262421 0.000000 188 188 188
v 114.898003 152.002014 0.000000 188 188 188
v 94.705154 164.225250 0.000000 188 188 188
v 114.898003 152.002014 0.000000 188 188 188
v 94.832428 164.194687 0.000000 188 188 188
v 114.898003 152.002014 0.000000 188 188 188
v 94.959679 164.164124 0.000000 188 188 188
v 114.898003 152.002014 0.000000 188 188 188
v 95.217079 164.116440 0.000000 188 188 188
v 114.898003 152.002014 0.000000 188 188 188
v 95.346840 164.099319 0.000000 188 188 188
v 114.898003 152.002014 0.000000 188 188 188
v 95.476608 164.082199 0.000000 188 188 188
v 114.898003 152.002014 0.000000 188 188 188
v 95.737572 164.061707 0.000000 188 188 188
v 114.898003 152.002014 0.000000 188 188 188
v 95.868408 164.058289 0.000000 188 188 188
v 114.898003 152.002014 0.000000 188 188 188
v 95.999245 164.054840 0.000000 188 188 188
v 114.898003 152.002014 0.000000 188 188 188
v 96.260925 164.061707 0.000000 188 188 188
v 114.898003 152.002014 0.000000 188 188 188
v 96.391403 164.071960 0.000000 188 188 188
v 114.898003 152.002014 0.000000 188 188 188
v 96.521889 164.082199 0.000000 188 188 188
v 114.898003 152.002014 0.000000 188 188 188
v 96.651642 164.099319 0.000000 188 188 188
v 114.898003 152.002014 0.000000 188 188 188
v 96.781418 164.116440 0.000000 188 188 188
v 114.898003 152.002014 0.000000 188 188 188
v 96.910110 164.140274 0.000000 188 188 188
v 114.898003 152.002014 0.000000 188 188 188
v 97.038803 164.164124 0.000000 188 188 188
v 97.038803 164.164124 0.000000 188 188 188
v 97.293343 164.225250 0.000000 188 188 188
v 66.776001 153.820007 2.000000 188 188 188
v 66.776001 153.820007 2.000000 188 188 188
v 97.038803 164.164124 2.000000 188 188 188
v 66.776001 153.820007 2.000000 188 188 188
v 96.922974 164.142654 2.000000 188 188 188
v 66.776001 153.820007 2.000000 188 188 188
v 96.781418 164.116440 2.000000 188 188 188
v 66.776001 153.820007 2.000000 188 188 188
v 96.664619 164.101028 2.000000 188 188 188
v 66.776001 153.820007 2.000000 188 188 188
v 96.521889 164.082199 2.000000 188 188 188
v 66.776001 153.820007 2.000000 188 188 188
v 96.404449 164.072983 2.000000 188 188 188
v 66.776001 153.820007 2.000000 188 188 188
v 96.260925 164.061707 2.000000 188 188 188
v 66.776001 153.820007 2.000000 188 188 188
v 96.143158 164.058624 2.000000 188 188 188
v 66.776001 153.820007 2.000000 188 188 188
v 95.999245 164.054840 2.000000 188 188 188
v 66.776001 153.820007 2.000000 188 188 188
v 95.881485 164.057953 2.000000 188 188 188
v 66.776001 153.820007 2.000000 188 188 188
v 95.737572 164.061707 2.000000 188 188 188
v 66.776001 153.820007 2.000000 188 188 188
v 95.620140 164.070923 2.000000 188 188 188
v 66.776001 153.820007 2.000000 188 188 188
v 95.476608 164.082199 2.000000 188 188 188
v 66.776001 153.820007 2.000000 188 188 188
v 95.359818 164.097610 2.000000 188 188 188
v 66.776001 153.820007 2.000000 188 188 188
v 95.217079 164.116440 2.000000 188 188 188
v 66.776001 153.820007 2.000000 188 188 188
v 95.101257 164.137894 2.000000 188 188 188
v 66.776001 153.820007 2.000000 188 188 188
v 94.959679 164.164124 2.000000 188 188 188
v 66.776001 153.820007 2.000000 188 188 188
v 94.819695 164.197754 2.000000 188 188 188
v 66.776001 153.820007 2.000000 188 188 188
v 94.705154 164.225250 2.000000 188 188 188
v 66.776001 153.820007 2.000000 188 188 188
v 94.592209 164.258728 2.000000 188 188 188
v 66.776001 153.820007 2.000000 188 188 188
v 94.454163 164.299591 2.000000 188 188 188
v 66.776001 153.820007 2.000000 188 188 188
v 94.343124 164.338913 2.000000 188 188 188
v 66.776001 153.820007 2.000000 188 188 188
v 94.207405 164.386963 2.000000 188 188 188
v 66.776001 153.820007 2.000000 188 188 188
v 94.098579 164.432007 2.000000 188 188 188
v 66.776001 153.820007 2.000000 188 188 188
v 93.965569 164.487061 2.000000 188 188 188
v 66.776001 153.820007 2.000000 188 188 188
v 93.859245 164.537781 2.000000 188 188 188
v 66.776001 153.820007 2.000000 188 188 188
v 93.729294 164.599777 2.000000 188 188 188
v 66.776001 153.820007 2.000000 188 188 188
v 93.602760 164.668549 2.000000 188 188 188
v 66.776001 153.820007 2.000000 188 188 188
v 93.499252 164.724747 2.000000 188 188 188
v 66.776001 153.820007 2.000000 188 188 188
v 93.398811 164.786346 2.000000 188 188 188
v 66.776001 153.820007 2.000000 188 188 188
v 93.276054 164.861572 2.000000 188 188 188
v 66.776001 153.820007 2.000000 188 188 188
v 93.157402 164.943085 2.000000 188 188 188
v 66.776001 153.820007 2.000000 188 188 188
v 93.060326 165.009796 2.000000 188 188 188
v 66.776001 153.820007 2.000000 188 188 188
v 92.966873 165.081512 2.000000 188 188 188
v 66.776001 153.820007 2.000000 188 188 188
v 92.852646 165.169174 2.000000 188 188 188
v 66.776001 153.820007 2.000000 188 188 188
v 92.763077 165.245682 2.000000 188 188 188
v 66.776001 153.820007 2.000000 188 188 188
v 92.653587 165.339172 2.000000 188 188 188
v 66.776001 153.820007 2.000000 188 188 188
v 92.568146 165.420258 2.000000 188 188 188
v 66.776001 153.820007 2.000000 188 188 188
v 92.463722 165.519333 2.000000 188 188 188
v 66.776001 153.820007 2.000000 188 188 188
v 92.364616 165.623779 2.000000 188 188 188
v 66.776001 153.820007 2.000000 188 188 188
v 92.283516 165.709244 2.000000 188 188 188
v 66.776001 153.820007 2.000000 188 188 188
v 92.207024 165.798798 2.000000 188 188 188
v 66.776001 153.820007 2.000000 188 188 188
v 92.113525 165.908310 2.000000 188 188 188
v 66.776001 153.820007 2.000000 188 188 188
v 92.041809 166.001755 2.000000 188 188 188
v 66.776001 153.820007 2.000000 188 188 188
v 91.954163 166.115967 2.000000 188 188 188
v 66.776001 153.820007 2.000000 188 188 188
v 91.872620 166.234589 2.000000 188 188 188
v 66.776001 153.820007 2.000000 188 188 188
v 91.805901 166.331650 2.000000 188 188 188
v 66.776001 153.820007 2.000000 188 188 188
v 91.744347 166.432098 2.000000 188 188 188
v 66.776001 153.820007 2.000000 188 188 188
v 91.669128 166.554855 2.000000 188 188 188
v 66.776001 153.820007 2.000000 188 188 188
v 91.612915 166.658371 2.000000 188 188 188
v 66.776001 153.820007 2.000000 188 188 188
v 91.544212 166.784912 2.000000 188 188 188
v 66.776001 153.820007 2.000000 188 188 188
v 91.482231 166.914841 2.000000 188 188 188
v 66.776001 153.820007 2.000000 188 188 188
v 91.431519 167.021164 2.000000 188 188 188
v 66.776001 153.820007 2.000000 188 188 188
v 91.386429 167.129990 2.000000 188 188 188
v 66.776001 153.820007 2.000000 188 188 188
v 91.331345 167.263000 2.000000 188 188 188
v 66.776001 153.820007 2.000000 188 188 188
v 91.292023 167.374054 2.000000 188 188 188
v 66.776001 153.820007 2.000000 188 188 188
v 91.243965 167.509766 2.000000 188 188 188
v 66.776001 153.820007 2.000000 188 188 188
v 91.210518 167.622681 2.000000 188 188 188
v 66.776001 153.820007 2.000000 188 188 188
v 91.169624 167.760742 2.000000 188 188 188
v 66.776001 153.820007 2.000000 188 188 188
v 91.136017 167.900757 2.000000 188 188 188
v 66.776001 153.820007 2.000000 188 188 188
v 91.108521 168.015305 2.000000 188 188 188
v 66.776001 153.820007 2.000000 188 188 188
v 91.087051 168.131134 2.000000 188 188 188
v 66.776001 153.820007 2.000000 188 188 188
v 91.060814 168.272690 2.000000 188 188 188
v 66.776001 153.820007 2.000000 188 188 188
v 91.042023 168.415451 2.000000 188 188 188
v 66.776001 153.820007 2.000000 188 188 188
v 91.026634 168.532211 2.000000 188 188 188
v 66.776001 153.820007 2.000000 188 188 188
v 91.017403 168.649643 2.000000 188 188 188
v 66.776001 153.820007 2.000000 188 188 188
v 91.006111 168.793152 2.000000 188 188 188
v 66.776001 153.820007 2.000000 188 188 188
v 91.003021 168.910950 2.000000 188 188 188
v 97.178802 164.197754 2.000000 188 188 188
v 66.776001 153.820007 2.000000 188 188 188
v 95.999245 164.054840 0.000000 188 188 188
v 96.260925 164.061707 0.000000 188 188 188
v 95.476608 164.082199 0.000000 188 188 188
v 95.737572 164.061707 0.000000 188 188 188
v 94.959679 164.164124 0.000000 188 188 188
v 95.217079 164.116440 0.000000 188 188 188
v 94.207405 164.386963 0.000000 188 188 188
v 94.454163 164.299591 0.000000 188 188 188
v 93.729294 164.599777 0.000000 188 188 188
v 93.965569 164.487061 0.000000 188 188 188
v 66.776001 153.820007 2.000000 188 188 188
v 90.999237 169.054855 2.000000 188 188 188
v 91.002335 169.172623 2.000000 188 188 188
v 66.776001 153.820007 2.000000 188 188 188
v 91.017403 169.460052 2.000000 188 188 188
v 66.776001 153.820007 2.000000 188 188 188
v 91.026634 169.577484 2.000000 188 188 188
v 91.006111 169.316528 0.000000 188 188 188
v 87.548004 167.830002 0.000000 188 188 188
v 91.016380 169.447037 0.000000 188 188 188
v 66.776001 153.820007 2.000000 188 188 188
v 91.042023 169.694260 2.000000 188 188 188
v 66.776001 153.820007 2.000000 188 188 188
v 91.060814 169.837021 2.000000 188 188 188
v 91.043724 169.707230 0.000000 188 188 188
v 87.548004 167.830002 0.000000 188 188 188
v 91.060814 169.837021 0.000000 188 188 188
v 66.776001 153.820007 2.000000 188 188 188
v 91.082283 169.952850 2.000000 188 188 188
v 91.108521 170.094406 2.000000 188 188 188
v 90.380005 171.752014 2.000000 188 188 188
v 91.112190 170.109711 2.000000 188 188 188
v 91.136017 170.208969 2.000000 188 188 188
v 90.380005 171.752014 2.000000 188 188 188
v 90.380005 171.807999 2.000000 188 188 188
v 60.550003 153.916000 2.000000 188 188 188
v 40.056004 135.936005 2.000000 188 188 188
v 13.338000 118.054008 2.000000 188 188 188
v 64.968002 143.608002 2.000000 188 188 188
v 116.600006 169.166016 2.000000 188 188 188
v 64.968002 143.608002 2.000000 188 188 188
v 116.600006 163.166000 2.000000 188 188 188
v 116.600006 169.166016 2.000000 188 188 188
v 116.600006 163.166000 2.000000 188 188 188
v 116.600006 163.166000 2.000000 188 188 188
v 116.600006 169.166016 7.998000 188 188 188
v 116.600006 163.166000 7.998000 188 188 188
v 116.600006 169.166016 7.998000 188 188 188
v 118.200005 169.166016 7.998000 188 188 188
v 116.600006 169.166016 7.998000 188 188 188
v 118.200005 169.166016 7.998000 188 188 188
v 117.900009 169.166016 6.998000 188 188 188
v 117.900009 169.166016 6.998000 188 188 188
v 118.200005 169.166016 6.508000 188 188 188
v 117.900009 169.166016 5.800000 188 188 188
v 118.200005 169.166016 6.508000 188 188 188
v 118.632004 169.166016 5.800000 188 188 188
v 117.900009 169.166016 5.800000 188 188 188
v 117.900009 169.166016 5.800000 188 188 188
v 119.000000 169.166016 5.200000 188 188 188
v 119.000000 169.166016 5.200000 188 188 188
v 117.900009 169.166016 5.200000 188 188 188
v 116.600006 169.166016 2.000000 188 188 188
v 117.900009 169.166016 5.200000 188 188 188
v 117.900009 169.166016 2.998000 188 188 188
v 117.900009 169.166016 2.998000 188 188 188
v 119.000000 169.166016 5.200000 188 188 188
v 118.200005 169.166016 2.998000 188 188 188
v 118.200005 169.166016 2.000000 188 188 188
v 117.900009 169.166016 2.998000 188 188 188
v 118.200005 169.166016 2.998000 188 188 188
v 118.200005 169.166016 2.000000 188 188 188
v 118.200005 163.166000 2.000000 188 188 188
v 118.200005 169.166016 2.000000 188 188 188
v 118.200005 163.166000 2.998000 188 188 188
v 118.200005 163.166000 2.998000 188 188 188
v 118.200005 169.166016 2.998000 188 188 188
v 119.000000 169.166016 2.998000 188 188 188
v 118.200005 163.166000 2.998000 188 188 188
v 118.200005 163.166000 2.998000 188 188 188
v 119.000000 163.166000 2.998000 188 188 188
v 118.200005 163.166000 2.998000 188 188 188
v 117.900009 163.166000 5.800000 188 188 188
v 117.900009 163.166000 2.998000 188 188 188
v 117.900009 163.166000 5.800000 188 188 188
v 116.600006 163.166000 7.998000 188 188 188
v 116.600006 163.166000 7.998000 188 188 188
v 117.900009 163.166000 5.800000 188 188 188
v 117.900009 163.166000 5.800000 188 188 188
v 118.200005 163.166000 7.998000 188 188 188
v 118.200005 163.166000 6.508000 188 188 188
v 118.200005 169.166016 6.508000 188 188 188
v 118.200005 163.166000 7.998000 188 188 188
v 118.200005 169.166016 6.508000 188 188 188
v 118.200005 163.166000 6.508000 188 188 188
v 118.632004 163.166000 5.800000 188 188 188
v 118.200005 163.166000 6.508000 188 188 188
v 118.632004 163.166000 5.800000 188 188 188
v 118.200005 163.166000 5.800000 188 188 188
v 119.000000 163.166000 2.998000 188 188 188
v 118.632004 163.166000 5.800000 188 188 188
v 119.000000 163.166000 2.998000 188 188 188
v 119.000000 163.166000 2.998000 188 188 188
v 119.000000 163.166000 5.800000 188 188 188
v 119.000000 163.166000 5.800000 188 188 188
v 119.000000 164.452011 5.200000 188 188 188
v 119.000000 169.166016 5.800000 188 188 188
v 119.000000 164.452011 5.200000 188 188 188
v 119.000000 169.166016 5.200000 188 188 188
v 119.000000 169.166016 5.200000 188 188 188
v 119.000000 164.452011 5.200000 188 188 188
v 119.000000 169.166016 2.998000 188 188 188
v 119.000000 169.166016 5.800000 188 188 188
v 118.632004 163.166000 5.800000 188 188 188
v 119.000000 163.166000 5.800000 188 188 188
v 118.632004 163.166000 5.800000 188 188 188
v 119.000000 169.166016 5.800000 188 188 188
v 118.632004 169.166016 5.800000 188 188 188
v 117.900009 163.166000 5.800000 188 188 188
v 118.200005 163.166000 5.800000 188 188 188
v 118.200005 163.166000 6.508000 188 188 188
v 118.200005 163.166000 2.998000 188 188 188
v 117.900009 163.166000 2.998000 188 188 188
v 116.600006 163.166000 2.000000 188 188 188
v 118.200005 163.166000 5.800000 188 188 188
v 117.900009 163.166000 5.800000 188 188 188
v 119.000000 163.166000 2.998000 188 188 188
v 119.000000 163.166000 2.998000 188 188 188
v 119.000000 169.166016 2.998000 188 188 188
v 119.000000 164.452011 5.200000 188 188 188
v 118.200005 169.166016 2.998000 188 188 188
v 119.000000 169.166016 5.200000 188 188 188
v 119.000000 169.166016 2.998000 188 188 188
v 116.600006 169.166016 2.000000 188 188 188
v 117.900009 169.166016 5.800000 188 188 188
v 117.900009 169.166016 5.200000 188 188 188
v 119.000000 169.166016 5.800000 188 188 188
v 119.000000 169.166016 5.200000 188 188 188
v 118.632004 169.166016 5.800000 188 188 188
v 118.200005 169.166016 6.508000 188 188 188
v 118.632004 163.166000 5.800000 188 188 188
v 118.632004 169.166016 5.800000 188 188 188
v 116.600006 169.166016 2.000000 188 188 188
v 117.900009 169.166016 6.998000 188 188 188
v 117.900009 169.166016 5.800000 188 188 188
v 118.200005 169.166016 7.998000 188 188 188
v 118.200005 163.166000 7.998000 188 188 188
v 118.200005 169.166016 6.508000 188 188 188
v 118.200005 169.166016 7.998000 188 188 188
v 116.600006 163.166000 7.998000 188 188 188
v 118.200005 163.166000 7.998000 188 188 188
v 116.600006 163.166000 2.000000 188 188 188
v 117.900009 163.166000 2.998000 188 188 188
v 116.600006 163.166000 7.998000 188 188 188
v 116.600006 169.166016 2.000000 188 188 188
v 116.600006 169.166016 7.998000 188 188 188
v 117.900009 169.166016 6.998000 188 188 188
v 97.293343 164.225250 2.000000 188 188 188
v 66.776001 153.820007 2.000000 188 188 188
v 97.406288 164.258728 2.000000 188 188 188
v 114.898003 152.002014 0.000000 188 188 188
v 97.293343 164.225250 0.000000 188 188 188
v 97.418831 164.262421 0.000000 188 188 188
v 114.898003 152.002014 0.000000 188 188 188
v 97.791092 164.386963 0.000000 188 188 188
v 97.680054 164.347626 2.000000 188 188 188
v 116.600006 169.166016 2.000000 188 188 188
v 97.791092 164.386963 2.000000 188 188 188
v 114.898003 152.002014 0.000000 188 188 188
v 97.912010 164.437012 0.000000 188 188 188
v 98.032928 164.487061 0.000000 188 188 188
v 98.162888 164.549057 2.000000 188 188 188
v 116.600006 169.166016 2.000000 188 188 188
v 98.269203 164.599777 2.000000 188 188 188
v 98.499252 164.724731 0.000000 188 188 188
v 98.722443 164.861572 0.000000 188 188 188
v 114.898003 152.002014 0.000000 188 188 188
v 98.722443 164.861572 0.000000 188 188 188
v 98.722443 164.861572 2.000000 188 188 188
v 98.938179 165.009796 2.000000 188 188 188
v 98.938179 165.009796 2.000000 188 188 188
v 99.145851 165.169174 2.000000 188 188 188
v 114.898003 152.002014 0.000000 188 188 188
v 98.830307 164.935684 0.000000 188 188 188
v 98.938179 165.009796 0.000000 188 188 188
v 98.938179 165.009796 2.000000 188 188 188
v 116.600006 169.166016 2.000000 188 188 188
v 99.145851 165.169174 2.000000 188 188 188
v 99.145851 165.169174 0.000000 188 188 188
v 99.344894 165.339172 0.000000 188 188 188
v 99.344894 165.339172 0.000000 188 188 188
v 99.534775 165.519333 0.000000 188 188 188
v 99.344894 165.339172 2.000000 188 188 188
v 116.600006 169.166016 2.000000 188 188 188
v 99.449333 165.438263 2.000000 188 188 188
v 114.898003 152.002014 0.000000 188 188 188
v 99.624878 165.614288 0.000000 188 188 188
v 114.898003 152.002014 0.000000 188 188 188
v 99.714966 165.709244 0.000000 188 188 188
v 99.633888 165.623779 2.000000 188 188 188
v 116.600006 169.166016 2.000000 188 188 188
v 99.714966 165.709244 2.000000 188 188 188
v 99.714966 165.709244 0.000000 188 188 188
v 99.884972 165.908310 0.000000 188 188 188
v 114.898003 152.002014 0.000000 188 188 188
v 99.884972 165.908310 0.000000 188 188 188
v 99.884972 165.908310 2.000000 188 188 188
v 100.044334 166.115967 2.000000 188 188 188
v 100.044334 166.115967 2.000000 188 188 188
v 116.600006 169.166016 2.000000 188 188 188
v 100.111053 166.213028 2.000000 188 188 188
v 100.454285 166.784912 2.000000 188 188 188
v 116.600006 169.166016 2.000000 188 188 188
v 100.516266 166.914841 2.000000 188 188 188
v 100.754517 167.509766 2.000000 188 188 188
v 116.600006 169.166016 2.000000 188 188 188
v 100.795418 167.647812 2.000000 188 188 188
v 100.983154 168.675705 2.000000 188 188 188
v 116.600006 169.166016 2.000000 188 188 188
v 100.992401 168.793152 2.000000 188 188 188
v 116.600006 169.166016 2.000000 188 188 188
v 100.995483 169.198761 2.000000 188 188 188
v 116.600006 169.166016 2.000000 188 188 188
v 100.992401 169.316528 2.000000 188 188 188
v 114.898003 186.406006 0.000000 188 188 188
v 114.898003 186.406006 0.000000 188 188 188
v 100.971863 169.577484 0.000000 188 188 188
v 114.898003 186.406006 0.000000 188 188 188
v 100.954781 169.707260 0.000000 188 188 188
v 116.600006 169.166016 2.000000 188 188 188
v 116.600006 169.166016 2.000000 188 188 188
v 100.953072 169.720215 2.000000 188 188 188
v 116.600006 169.166016 2.000000 188 188 188
v 100.937698 169.837021 2.000000 188 188 188
v 116.600006 169.166016 2.000000 188 188 188
v 100.916229 169.952850 2.000000 188 188 188
v 100.828880 170.348953 0.000000 188 188 188
v 114.898003 186.406006 0.000000 188 188 188
v 100.889992 170.094406 0.000000 188 188 188
v 114.898003 186.406006 0.000000 188 188 188
v 100.828880 170.348953 0.000000 188 188 188
v 116.600006 169.166016 2.000000 188 188 188
v 100.754517 170.599945 2.000000 188 188 188
v 100.828880 170.348953 2.000000 188 188 188
v 116.600006 169.166016 2.000000 188 188 188
v 100.828880 170.348953 2.000000 188 188 188
v 116.600006 169.166016 2.000000 188 188 188
v 100.754517 170.599945 2.000000 188 188 188
v 114.898003 186.406006 0.000000 188 188 188
v 114.898003 186.406006 0.000000 188 188 188
v 100.710838 170.723328 0.000000 188 188 188
v 116.600006 169.166016 2.000000 188 188 188
v 100.637039 170.919403 2.000000 188 188 188
v 116.600006 169.166016 2.000000 188 188 188
v 100.622063 170.955521 2.000000 188 188 188
v 116.600006 169.166016 2.000000 188 188 188
v 100.566978 171.088531 2.000000 188 188 188
v 116.600006 169.166016 2.000000 188 188 188
v 100.454285 171.324814 2.000000 188 188 188
v 116.600006 169.166016 2.000000 188 188 188
v 100.398064 171.428329 2.000000 188 188 188
v 116.600006 169.166016 2.000000 188 188 188
v 100.329361 171.554855 2.000000 188 188 188
v 116.600006 169.166016 2.000000 188 188 188
v 100.192604 171.778046 2.000000 188 188 188
v 116.600006 169.166016 2.000000 188 188 188
v 100.125885 171.875122 2.000000 188 188 188
v 116.600006 169.166016 2.000000 188 188 188
v 100.044334 171.993790 2.000000 188 188 188
v 116.600006 169.166016 2.000000 188 188 188
v 99.884972 172.201447 2.000000 188 188 188
v 116.600006 169.166016 2.000000 188 188 188
v 99.714966 172.400513 2.000000 188 188 188
v 116.600006 169.166016 2.000000 188 188 188
v 99.633888 172.485962 2.000000 188 188 188
v 116.600006 169.166016 2.000000 188 188 188
v 99.534775 172.590378 2.000000 188 188 188
v 116.600006 169.166016 2.000000 188 188 188
v 99.430351 172.689499 2.000000 188 188 188
v 116.600006 169.166016 2.000000 188 188 188
v 99.344894 172.770584 2.000000 188 188 188
v 116.600006 169.166016 2.000000 188 188 188
v 99.145851 172.940598 2.000000 188 188 188
v 116.600006 169.166016 2.000000 188 188 188
v 98.938179 173.099945 2.000000 188 188 188
v 116.600006 169.166016 2.000000 188 188 188
v 98.841095 173.166672 2.000000 188 188 188
v 116.600006 169.166016 2.000000 188 188 188
v 98.722443 173.248199 2.000000 188 188 188
v 116.600006 169.166016 2.000000 188 188 188
v 98.499252 173.384979 2.000000 188 188 188
v 116.600006 169.166016 2.000000 188 188 188
v 98.395721 173.441193 2.000000 188 188 188
v 116.600006 169.166016 2.000000 188 188 188
v 98.269203 173.509888 2.000000 188 188 188
v 116.600006 169.166016 2.000000 188 188 188
v 98.032928 173.622574 2.000000 188 188 188
v 116.600006 169.166016 2.000000 188 188 188
v 97.899925 173.677673 2.000000 188 188 188
v 116.600006 169.166016 2.000000 188 188 188
v 97.791092 173.722733 2.000000 188 188 188
v 116.600006 169.166016 2.000000 188 188 188
v 97.544334 173.810120 2.000000 188 188 188
v 97.791092 173.722733 2.000000 188 188 188
v 114.898003 186.406006 0.000000 188 188 188
v 97.791092 173.722733 0.000000 188 188 188
v 114.898003 186.406006 0.000000 188 188 188
v 97.912010 173.672668 0.000000 188 188 188
v 114.898003 186.406006 0.000000 188 188 188
v 99.145851 172.940598 0.000000 188 188 188
v 114.898003 186.406006 0.000000 188 188 188
v 99.344894 172.770584 0.000000 188 188 188
v 99.344894 172.770584 0.000000 188 188 188
v 114.898003 186.406006 0.000000 188 188 188
v 99.439850 172.680481 0.000000 188 188 188
v 114.898003 186.406006 0.000000 188 188 188
v 99.534775 172.590378 0.000000 188 188 188
v 114.898003 186.406006 0.000000 188 188 188
v 99.624878 172.495453 0.000000 188 188 188
v 114.898003 186.406006 0.000000 188 188 188
v 99.714966 172.400513 0.000000 188 188 188
v 114.898003 186.406006 0.000000 188 188 188
v 114.898003 186.406006 0.000000 188 188 188
v 100.118469 171.885925 0.000000 188 188 188
v 114.898003 186.406006 0.000000 188 188 188
v 100.192604 171.778046 0.000000 188 188 188
v 114.898003 186.406006 0.000000 188 188 188
v 114.898003 186.406006 0.000000 188 188 188
v 100.391823 171.439835 0.000000 188 188 188
v 114.898003 186.406006 0.000000 188 188 188
v 100.454285 171.324814 0.000000 188 188 188
v 114.898003 186.406006 0.000000 188 188 188
v 114.898003 186.406006 0.000000 188 188 188
v 100.510628 171.206680 0.000000 188 188 188
v 114.898003 186.406006 0.000000 188 188 188
v 100.566978 171.088531 0.000000 188 188 188
v 100.260986 171.666443 0.000000 188 188 188
v 114.898003 186.406006 0.000000 188 188 188
v 100.329361 171.554855 0.000000 188 188 188
v 114.898003 186.406006 0.000000 188 188 188
v 100.044334 171.993790 0.000000 188 188 188
v 114.898003 186.406006 0.000000 188 188 188
v 99.964661 172.097626 0.000000 188 188 188
v 99.799973 172.300980 0.000000 188 188 188
v 114.898003 186.406006 0.000000 188 188 188
v 99.884972 172.201447 0.000000 188 188 188
v 98.938179 173.099945 0.000000 188 188 188
v 114.898003 186.406006 0.000000 188 188 188
v 99.145851 172.940598 0.000000 188 188 188
v 98.938179 173.099945 0.000000 188 188 188
v 99.145851 172.940598 0.000000 188 188 188
v 98.722443 173.248199 0.000000 188 188 188
v 114.898003 186.406006 0.000000 188 188 188
v 98.938179 173.099945 0.000000 188 188 188
v 114.898003 186.406006 0.000000 188 188 188
v 98.722443 173.248199 0.000000 188 188 188
v 98.499252 173.384979 0.000000 188 188 188
v 114.898003 186.406006 0.000000 188 188 188
v 98.610847 173.316605 0.000000 188 188 188
v 98.269203 173.509888 0.000000 188 188 188
v 114.898003 186.406006 0.000000 188 188 188
v 98.499252 173.384979 0.000000 188 188 188
v 114.898003 186.406006 0.000000 188 188 188
v 98.269203 173.509888 0.000000 188 188 188
v 98.032928 173.622574 0.000000 188 188 188
v 114.898003 186.406006 0.000000 188 188 188
v 98.151070 173.566238 0.000000 188 188 188
v 114.898003 186.406006 0.000000 188 188 188
v 97.667717 173.766418 0.000000 188 188 188
v 97.544334 173.810120 0.000000 188 188 188
v 97.293343 173.884491 0.000000 188 188 188
v 97.038803 173.945587 0.000000 188 188 188
v 114.898003 186.406006 0.000000 188 188 188
v 97.293343 173.884491 0.000000 188 188 188
v 114.898003 186.406006 0.000000 188 188 188
v 97.038803 173.945587 0.000000 188 188 188
v 96.781418 173.993301 0.000000 188 188 188
v 97.038803 173.945587 0.000000 188 188 188
v 114.898003 186.406006 0.000000 188 188 188
v 96.781418 173.993301 0.000000 188 188 188
v 114.898003 186.406006 0.000000 188 188 188
v 96.651642 174.010391 0.000000 188 188 188
v 114.898003 186.406006 0.000000 188 188 188
v 96.648224 174.010834 0.000000 188 188 188
v 114.898003 186.406006 0.000000 188 188 188
v 96.521889 174.027451 0.000000 188 188 188
v 114.898003 186.406006 0.000000 188 188 188
v 114.898003 186.406006 0.000000 188 188 188
v 96.130081 174.051437 0.000000 188 188 188
v 114.898003 186.406006 0.000000 188 188 188
v 95.999245 174.054855 0.000000 188 188 188
v 114.898003 186.406006 0.000000 188 188 188
v 95.868408 174.051437 0.000000 188 188 188
v 114.898003 186.406006 0.000000 188 188 188
v 95.737572 174.048004 0.000000 188 188 188
v 114.898003 186.406006 0.000000 188 188 188
v 114.898003 186.406006 0.000000 188 188 188
v 95.346840 174.010361 0.000000 188 188 188
v 95.217079 173.993301 0.000000 188 188 188
v 94.959679 173.945587 0.000000 188 188 188
v 114.898003 186.406006 0.000000 188 188 188
v 95.217079 173.993301 0.000000 188 188 188
v 114.898003 186.406006 0.000000 188 188 188
v 94.959679 173.945587 0.000000 188 188 188
v 114.898003 186.406006 0.000000 188 188 188
v 114.898003 186.406006 0.000000 188 188 188
v 94.579651 173.847305 0.000000 188 188 188
v 114.898003 186.406006 0.000000 188 188 188
v 114.898003 186.406006 0.000000 188 188 188
v 94.207405 173.722733 0.000000 188 188 188
v 94.330788 173.766418 0.000000 188 188 188
v 114.898003 186.406006 0.000000 188 188 188
v 94.454163 173.810120 0.000000 188 188 188
v 94.705154 173.884491 0.000000 188 188 188
v 114.898003 186.406006 0.000000 188 188 188
v 94.832428 173.915054 0.000000 188 188 188
v 95.476608 174.027451 0.000000 188 188 188
v 114.898003 186.406006 0.000000 188 188 188
v 95.607086 174.037720 0.000000 188 188 188
v 96.260925 174.048004 0.000000 188 188 188
v 114.898003 186.406006 0.000000 188 188 188
v 96.391403 174.037720 0.000000 188 188 188
v 97.293343 173.884491 2.000000 188 188 188
v 97.544334 173.810120 2.000000 188 188 188
v 97.293343 173.884491 0.000000 188 188 188
v 114.898003 186.406006 0.000000 188 188 188
v 97.544334 173.810120 0.000000 188 188 188
v 98.032928 173.622574 2.000000 188 188 188
v 98.269203 173.509888 2.000000 188 188 188
v 98.499252 173.384979 2.000000 188 188 188
v 98.722443 173.248199 2.000000 188 188 188
v 98.938179 173.099945 2.000000 188 188 188
v 99.145851 172.940598 2.000000 188 188 188
v 99.145851 172.940598 2.000000 188 188 188
v 99.344894 172.770584 2.000000 188 188 188
v 99.714966 172.400513 2.000000 188 188 188
v 99.884972 172.201447 2.000000 188 188 188
v 99.884972 172.201447 2.000000 188 188 188
v 100.044334 171.993790 2.000000 188 188 188
v 100.192604 171.778046 2.000000 188 188 188
v 100.329361 171.554855 2.000000 188 188 188
v 100.454285 171.324814 2.000000 188 188 188
v 100.566978 171.088531 2.000000 188 188 188
v 100.617065 170.967621 0.000000 188 188 188
v 114.898003 186.406006 0.000000 188 188 188
v 100.667152 170.846695 0.000000 188 188 188
v 116.600006 169.166016 2.000000 188 188 188
v 100.667152 170.846695 2.000000 188 188 188
v 100.706474 170.735657 2.000000 188 188 188
v 100.754517 170.599945 0.000000 188 188 188
v 114.898003 186.406006 0.000000 188 188 188
v 100.791702 170.474457 0.000000 188 188 188
v 100.889992 170.094406 0.000000 188 188 188
v 114.898003 186.406006 0.000000 188 188 188
v 116.600006 169.166016 2.000000 188 188 188
v 100.856369 170.234406 2.000000 188 188 188
v 100.889992 170.094406 2.000000 188 188 188
v 100.913834 169.965729 0.000000 188 188 188
v 114.898003 186.406006 0.000000 188 188 188
v 100.937698 169.837021 0.000000 188 188 188
v 116.600006 169.166016 2.000000 188 188 188
v 100.971863 169.577484 2.000000 188 188 188
v 100.981102 169.460052 2.000000 188 188 188
v 100.982124 169.446976 0.000000 188 188 188
v 114.898003 186.406006 0.000000 188 188 188
v 100.992401 169.316528 0.000000 188 188 188
v 100.971848 168.532211 0.000000 188 188 188
v 100.992401 168.793152 0.000000 188 188 188
v 100.889992 168.015289 0.000000 188 188 188
v 100.937698 168.272690 0.000000 188 188 188
v 100.754517 167.509766 0.000000 188 188 188
v 100.828880 167.760742 0.000000 188 188 188
v 100.667152 167.263000 0.000000 188 188 188
v 100.754517 167.509766 0.000000 188 188 188
v 100.454285 166.784897 0.000000 188 188 188
v 100.566978 167.021164 0.000000 188 188 188
v 100.329361 166.554855 0.000000 188 188 188
v 100.454285 166.784897 0.000000 188 188 188
v 100.044334 166.115967 0.000000 188 188 188
v 100.192604 166.331650 0.000000 188 188 188
v 114.898003 152.002014 0.000000 188 188 188
v 99.964661 166.012131 0.000000 188 188 188
v 100.044334 166.115967 0.000000 188 188 188
v 87.548004 167.830002 0.000000 188 188 188
v 114.898003 152.002014 0.000000 188 188 188
v 60.198002 149.252014 0.000000 188 188 188
v 87.548004 133.426010 0.000000 188 188 188
v 114.898003 117.600006 0.000000 188 188 188
v 60.198002 114.849998 0.000000 188 188 188
v 87.548004 167.830002 0.000000 188 188 188
v 60.198002 149.252014 0.000000 188 188 188
v 60.198002 153.648010 0.000000 188 188 188
v 32.850002 130.676010 0.000000 188 188 188
v 5.500000 112.099998 0.000000 188 188 188
v 32.850002 132.874008 0.000000 188 188 188
v 0.000000 117.600006 0.000000 188 188 188
v 0.186000 116.175995 0.000000 188 188 188
v 0.186000 116.175995 0.000000 188 188 188
v 0.000000 117.600006 2.000000 188 188 188
v 0.186000 117.600006 2.000000 188 188 188
v 0.000000 117.600006 2.000000 188 188 188
v 0.186000 116.175995 2.000000 188 188 188
v 0.186000 116.175995 2.000000 188 188 188
v 0.736000 114.849998 2.000000 188 188 188
v 0.186000 117.600006 2.000000 188 188 188
v 0.000000 117.600006 2.000000 188 188 188
v 0.186000 117.600006 2.000000 188 188 188
v 0.000000 117.600006 2.000000 188 188 188
v 0.186000 117.709999 2.000000 188 188 188
v 0.186000 117.709999 2.000000 188 188 188
v 2.198000 124.598000 2.000000 188 188 188
v 2.198000 124.598000 2.000000 188 188 188
v 3.798000 124.598000 2.000000 188 188 188
v 2.498000 124.598000 2.998000 188 188 188
v 2.198000 124.598000 2.000000 188 188 188
v 2.198000 124.598000 2.000000 188 188 188
v 2.198000 124.598000 2.998000 188 188 188
v 2.198000 130.600006 2.998000 188 188 188
v 2.198000 124.598000 2.000000 188 188 188
v 2.198000 130.600006 2.000000 188 188 188
v 2.198000 130.600006 2.998000 188 188 188
v 2.198000 130.600006 2.000000 188 188 188
v 3.798000 130.600006 2.000000 188 188 188
v 2.198000 136.098007 2.000000 188 188 188
v 0.000000 117.600006 2.000000 188 188 188
v 2.198000 130.600006 2.000000 188 188 188
v 0.000000 117.600006 2.000000 188 188 188
v 2.198000 136.098007 2.000000 188 188 188
v 0.000000 153.648010 2.000000 188 188 188
v 2.198000 136.098007 2.000000 188 188 188
v 3.798000 130.600006 2.000000 188 188 188
v 3.798000 130.600006 2.000000 188 188 188
v 3.798000 136.098007 2.000000 188 188 188
v 3.798000 136.098007 2.000000 188 188 188
v 5.500000 189.700012 2.000000 188 188 188
v 3.798000 136.098007 2.000000 188 188 188
v 3.798000 142.098007 2.000000 188 188 188
v 3.798000 136.098007 7.998000 188 188 188
v 3.798000 136.098007 2.000000 188 188 188
v 2.198000 136.098007 7.998000 188 188 188
v 3.798000 136.098007 2.000000 188 188 188
v 2.498000 136.098007 5.800000 188 188 188
v 3.798000 136.098007 2.000000 188 188 188
v 2.498000 136.098007 5.800000 188 188 188
v 2.498000 136.098007 2.998000 188 188 188
v 2.198000 136.098007 5.800000 188 188 188
v 2.498000 136.098007 2.998000 188 188 188
v 1.764000 136.098007 5.800000 188 188 188
v 2.498000 136.098007 2.998000 188 188 188
v 2.498000 136.098007 2.998000 188 188 188
v 1.398000 136.098007 5.800000 188 188 188
v 1.398000 136.098007 5.800000 188 188 188
v 2.198000 136.098007 2.998000 188 188 188
v 2.198000 136.098007 2.998000 188 188 188
v 1.398000 136.098007 5.200000 188 188 188
v 1.398000 136.098007 2.998000 188 188 188
v 1.398000 136.098007 5.200000 188 188 188
v 1.398000 142.098007 5.200000 188 188 188
v 1.398000 136.098007 2.998000 188 188 188
v 1.398000 136.098007 2.998000 188 188 188
v 1.398000 142.098007 2.998000 188 188 188
v 1.398000 142.098007 2.998000 188 188 188
v 2.198000 142.098007 2.998000 188 188 188
v 2.198000 142.098007 2.998000 188 188 188
v 2.498000 142.098007 5.200000 188 188 188
v 2.498000 142.098007 2.998000 188 188 188
v 3.798000 142.098007 2.000000 188 188 188
v 2.198000 142.098007 2.998000 188 188 188
v 2.198000 142.098007 2.998000 188 188 188
v 3.798000 142.098007 2.000000 188 188 188
v 2.198000 142.098007 2.998000 188 188 188
v 2.198000 142.098007 2.000000 188 188 188
v 2.198000 136.098007 2.000000 188 188 188
v 2.198000 136.098007 2.000000 188 188 188
v 2.198000 136.098007 2.998000 188 188 188
v 2.198000 142.098007 2.998000 188 188 188
v 2.198000 142.098007 2.000000 188 188 188
v 0.000000 189.700012 2.000000 188 188 188
v 2.198000 136.098007 2.000000 188 188 188
v 5.500000 189.700012 2.000000 188 188 188
v 0.000000 189.700012 2.000000 188 188 188
v 2.198000 142.098007 2.000000 188 188 188
v 0.000000 189.700012 2.000000 188 188 188
v 5.500000 189.700012 2.000000 188 188 188
v 0.186000 191.122009 2.000000 188 188 188
v 5.500000 189.700012 2.000000 188 188 188
v 5.500000 189.700012 2.000000 188 188 188
v 5.500000 195.198013 2.000000 188 188 188
v 5.500000 195.198013 2.000000 188 188 188
v 49.282001 193.298004 2.000000 188 188 188
v 49.282001 193.298004 2.000000 188 188 188
v 49.282001 194.098007 2.000000 188 188 188
v 49.282001 194.098007 2.000000 188 188 188
v 93.066002 192.998016 2.000000 188 188 188
v 52.282001 194.098007 2.000000 188 188 188
v 93.066002 192.998016 2.000000 188 188 188
v 93.066002 192.998016 2.000000 188 188 188
v 99.064003 192.998016 2.000000 188 188 188
v 99.064003 192.998016 2.998000 188 188 188
v 99.064003 192.998016 2.000000 188 188 188
v 99.064003 191.400009 2.000000 188 188 188
v 99.064003 192.998016 2.000000 188 188 188
v 99.064003 192.998016 2.000000 188 188 188
v 103.231995 191.400009 2.000000 188 188 188
v 103.231995 192.998016 2.000000 188 188 188
v 103.231995 191.400009 2.000000 188 188 188
v 103.231995 191.400009 2.000000 188 188 188
v 103.231995 192.998016 2.998000 188 188 188
v 103.231995 192.998016 2.998000 188 188 188
v 103.231995 192.700012 2.998000 188 188 188
v 103.231995 192.700012 2.998000 188 188 188
v 103.231995 193.798004 5.200000 188 188 188
v 103.231995 192.700012 5.200000 188 188 188
v 103.231995 193.798004 5.200000 188 188 188
v 103.231995 193.798004 5.200000 188 188 188
v 103.231995 193.432007 5.800000 188 188 188
v 103.231995 193.432007 5.800000 188 188 188
v 103.231995 193.798004 5.800000 188 188 188
v 103.231995 193.798004 5.800000 188 188 188
v 109.232002 193.432007 5.800000 188 188 188
v 109.232002 193.798004 5.800000 188 188 188
v 109.232002 193.432007 5.800000 188 188 188
v 103.231995 193.798004 5.200000 188 188 188
v 109.232002 193.798004 5.800000 188 188 188
v 109.232002 193.798004 5.200000 188 188 188
v 109.232002 193.798004 5.200000 188 188 188
v 103.231995 193.798004 5.200000 188 188 188
v 103.231995 193.798004 2.998000 188 188 188
v 109.232002 193.798004 5.200000 188 188 188
v 109.232002 193.798004 2.998000 188 188 188
v 103.231995 193.798004 2.998000 188 188 188
v 103.231995 192.998016 2.998000 188 188 188
v 103.231995 193.798004 2.998000 188 188 188
v 109.232002 192.998016 2.998000 188 188 188
v 109.232002 193.798004 2.998000 188 188 188
v 109.232002 192.998016 2.998000 188 188 188
v 109.232002 192.998016 2.998000 188 188 188
v 109.232002 192.700012 5.800000 188 188 188
v 109.232002 192.700012 5.800000 188 188 188
v 109.232002 192.700012 2.998000 188 188 188
v 109.232002 192.700012 2.998000 188 188 188
v 109.232002 191.400009 7.998000 188 188 188
v 109.232002 191.400009 7.998000 188 188 188
v 109.232002 191.400009 2.000000 188 188 188
v 103.231995 191.400009 2.000000 188 188 188
v 109.232002 191.400009 2.000000 188 188 188
v 103.231995 191.400009 7.998000 188 188 188
v 103.231995 191.400009 2.000000 188 188 188
v 103.231995 191.400009 7.998000 188 188 188
v 103.231995 192.700012 6.998000 188 188 188
v 103.231995 192.700012 5.200000 188 188 188
v 103.231995 191.400009 2.000000 188 188 188
v 103.231995 192.700012 5.200000 188 188 188
v 103.231995 192.700012 6.998000 188 188 188
v 103.231995 192.998016 6.508000 188 188 188
v 103.231995 192.700012 6.998000 188 188 188
v 103.231995 192.998016 6.508000 188 188 188
v 103.231995 192.998016 7.998000 188 188 188
v 103.231995 191.400009 7.998000 188 188 188
v 109.232002 192.998016 7.998000 188 188 188
v 103.231995 192.998016 7.998000 188 188 188
v 103.231995 192.998016 6.508000 188 188 188
v 109.232002 192.998016 7.998000 188 188 188
v 109.232002 192.998016 6.508000 188 188 188
v 109.232002 193.432007 5.800000 188 188 188
v 103.231995 192.998016 6.508000 188 188 188
v 109.232002 193.432007 5.800000 188 188 188
v 109.232002 192.998016 6.508000 188 188 188
v 109.232002 192.998016 6.508000 188 188 188
v 109.232002 192.700012 5.800000 188 188 188
v 109.232002 192.998016 5.800000 188 188 188
v 109.232002 192.998016 5.800000 188 188 188
v 109.232002 193.798004 2.998000 188 188 188
v 109.232002 193.432007 5.800000 188 188 188
v 109.232002 192.998016 7.998000 188 188 188
v 109.232002 192.700012 5.800000 188 188 188
v 109.232002 192.998016 6.508000 188 188 188
v 103.231995 192.998016 7.998000 188 188 188
v 103.231995 192.700012 6.998000 188 188 188
v 103.231995 191.400009 7.998000 188 188 188
v 109.232002 191.400009 2.000000 188 188 188
v 103.231995 191.400009 2.000000 188 188 188
v 83.298004 172.950012 2.000000 188 188 188
v 103.231995 191.400009 2.000000 188 188 188
v 83.298004 172.950012 2.000000 188 188 188
v 57.365997 154.500000 2.000000 188 188 188
v 60.198002 156.400009 2.000000 188 188 188
v 57.365997 154.500000 2.000000 188 188 188
v 32.850002 137.000000 2.000000 188 188 188
v 57.365997 154.500000 2.000000 188 188 188
v 31.432001 136.050003 2.000000 188 188 188
v 57.365997 154.500000 2.000000 188 188 188
v 31.432001 136.050003 2.000000 188 188 188
v 54.366001 154.500000 2.000000 188 188 188
v 29.931999 136.050003 2.000000 188 188 188
v 54.366001 154.500000 2.000000 188 188 188
v 29.931999 136.050003 2.000000 188 188 188
v 52.282001 154.500000 2.000000 188 188 188
v 5.500000 117.600006 2.000000 188 188 188
v 5.500000 117.600006 2.000000 188 188 188
v 52.282001 154.500000 2.000000 188 188 188
v 5.500000 117.600006 2.000000 188 188 188
v 49.282001 154.500000 2.000000 188 188 188
v 5.500000 153.648010 2.000000 188 188 188
v 3.798000 124.598000 2.000000 188 188 188
v 5.500000 117.600006 2.000000 188 188 188
v 3.798000 124.598000 2.000000 188 188 188
v 5.500000 153.648010 2.000000 188 188 188
v 4.648000 157.150009 2.000000 188 188 188
v 5.500000 153.648010 2.000000 188 188 188
v 5.500000 189.700012 2.000000 188 188 188
v 4.648000 157.150009 2.000000 188 188 188
v 3.798000 130.600006 2.000000 188 188 188
v 3.798000 124.598000 2.000000 188 188 188
v 3.798000 124.598000 2.000000 188 188 188
v 3.798000 130.600006 2.000000 188 188 188
v 3.798000 124.598000 7.998000 188 188 188
v 3.798000 124.598000 2.000000 188 188 188
v 2.198000 124.598000 7.998000 188 188 188
v 3.798000 124.598000 2.000000 188 188 188
v 2.198000 124.598000 7.998000 188 188 188
v 2.498000 124.598000 5.800000 188 188 188
v 2.498000 124.598000 5.800000 188 188 188
v 2.198000 124.598000 6.508000 188 188 188
v 2.198000 124.598000 5.800000 188 188 188
v 2.198000 124.598000 6.508000 188 188 188
v 1.764000 124.598000 5.800000 188 188 188
v 2.198000 124.598000 6.508000 188 188 188
v 1.764000 130.600006 5.800000 188 188 188
v 1.764000 124.598000 5.800000 188 188 188
v 1.764000 124.598000 5.800000 188 188 188
v 1.398000 124.598000 5.800000 188 188 188
v 2.498000 124.598000 2.998000 188 188 188
v 1.398000 124.598000 5.800000 188 188 188
v 1.764000 130.600006 5.800000 188 188 188
v 1.398000 124.598000 5.800000 188 188 188
v 1.398000 130.600006 5.800000 188 188 188
v 1.398000 130.600006 5.800000 188 188 188
v 1.398000 124.598000 5.200000 188 188 188
v 1.398000 124.598000 5.200000 188 188 188
v 1.398000 130.600006 5.200000 188 188 188
v 1.398000 130.600006 5.200000 188 188 188
v 1.398000 124.598000 2.998000 188 188 188
v 1.398000 124.598000 2.998000 188 188 188
v 1.398000 130.600006 2.998000 188 188 188
v 2.198000 130.600006 2.998000 188 188 188
v 1.398000 130.600006 2.998000 188 188 188
v 2.198000 130.600006 2.998000 188 188 188
v 2.198000 130.600006 2.998000 188 188 188
v 2.498000 130.600006 5.200000 188 188 188
v 2.498000 130.600006 2.998000 188 188 188
v 2.498000 130.600006 5.200000 188 188 188
v 3.798000 130.600006 7.998000 188 188 188
v 2.498000 130.600006 5.200000 188 188 188
v 3.798000 130.600006 7.998000 188 188 188
v 2.498000 130.600006 6.998000 188 188 188
v 2.198000 124.598000 7.998000 188 188 188
v 3.798000 130.600006 7.998000 188 188 188
v 2.198000 130.600006 7.998000 188 188 188
v 2.198000 130.600006 7.998000 188 188 188
v 2.498000 130.600006 6.998000 188 188 188
v 2.198000 130.600006 7.998000 188 188 188
v 2.198000 130.600006 6.508000 188 188 188
v 2.198000 124.598000 6.508000 188 188 188
v 2.498000 130.600006 6.998000 188 188 188
v 2.498000 130.600006 5.200000 188 188 188
v 2.198000 130.600006 6.508000 188 188 188
v 2.198000 130.600006 6.508000 188 188 188
v 2.498000 130.600006 5.200000 188 188 188
v 1.764000 130.600006 5.800000 188 188 188
v 1.398000 130.600006 5.200000 188 188 188
v 1.764000 130.600006 5.800000 188 188 188
v 2.498000 130.600006 5.200000 188 188 188
v 3.798000 130.600006 7.998000 188 188 188
v 3.798000 130.600006 2.000000 188 188 188
v 2.498000 130.600006 2.998000 188 188 188
v 2.498000 130.600006 5.200000 188 188 188
v 1.398000 130.600006 2.998000 188 188 188
v 1.398000 130.600006 5.200000 188 188 188
v 1.398000 124.598000 2.998000 188 188 188
v 2.198000 124.598000 2.998000 188 188 188
v 1.398000 124.598000 5.200000 188 188 188
v 1.398000 124.598000 5.800000 188 188 188
v 1.398000 124.598000 5.200000 188 188 188
v 2.198000 124.598000 2.998000 188 188 188
v 1.764000 130.600006 5.800000 188 188 188
v 1.398000 130.600006 5.200000 188 188 188
v 1.398000 130.600006 5.800000 188 188 188
v 2.198000 130.600006 6.508000 188 188 188
v 1.764000 130.600006 5.800000 188 188 188
v 2.198000 124.598000 6.508000 188 188 188
v 2.198000 124.598000 5.800000 188 188 188
v 1.764000 124.598000 5.800000 188 188 188
v 2.498000 124.598000 2.998000 188 188 188
v 2.498000 124.598000 5.800000 188 188 188
v 2.198000 124.598000 5.800000 188 188 188
v 2.498000 124.598000 2.998000 188 188 188
v 2.198000 124.598000 6.508000 188 188 188
v 2.198000 124.598000 7.998000 188 188 188
v 2.198000 130.600006 7.998000 188 188 188
v 3.798000 130.600006 7.998000 188 188 188
v 2.198000 124.598000 7.998000 188 188 188
v 3.798000 124.598000 7.998000 188 188 188
v 3.798000 130.600006 7.998000 188 188 188
v 3.798000 124.598000 7.998000 188 188 188
v 3.798000 130.600006 2.000000 188 188 188
v 5.500000 153.648010 2.000000 188 188 188
v 49.282001 154.500000 2.000000 188 188 188
v 5.500000 189.700012 2.000000 188 188 188
v 5.500000 189.700012 2.000000 188 188 188
v 49.282001 154.500000 2.000000 188 188 188
v 49.282001 154.500000 2.000000 188 188 188
v 49.282001 190.547989 2.000000 188 188 188
v 49.282001 190.547989 2.000000 188 188 188
v 93.066002 191.400009 2.000000 188 188 188
v 49.282001 193.298004 2.000000 188 188 188
v 93.066002 191.400009 2.000000 188 188 188
v 49.282001 154.500000 2.000000 188 188 188
v 52.282001 154.500000 2.000000 188 188 188
v 52.282001 154.500000 2.000000 188 188 188
v 99.064003 191.400009 2.000000 188 188 188
v 93.066002 191.400009 2.000000 188 188 188
v 93.066002 191.400009 2.000000 188 188 188
v 99.064003 191.400009 2.000000 188 188 188
v 93.066002 191.400009 2.000000 188 188 188
v 93.066002 191.400009 7.998000 188 188 188
v 93.066002 192.998016 7.998000 188 188 188
v 93.066002 191.400009 2.000000 188 188 188
v 93.066002 192.700012 5.800000 188 188 188
v 93.066002 191.400009 2.000000 188 188 188
v 93.066002 191.400009 2.000000 188 188 188
v 93.066002 192.700012 2.998000 188 188 188
v 93.066002 192.998016 2.998000 188 188 188
v 93.066002 192.998016 2.000000 188 188 188
v 93.066002 191.400009 2.000000 188 188 188
v 93.066002 192.998016 2.998000 188 188 188
v 93.066002 192.700012 2.998000 188 188 188
v 93.066002 192.700012 2.998000 188 188 188
v 93.066002 193.798004 5.800000 188 188 188
v 93.066002 193.432007 5.800000 188 188 188
v 93.066002 193.798004 5.800000 188 188 188
v 93.066002 193.798004 5.800000 188 188 188
v 99.064003 193.432007 5.800000 188 188 188
v 99.064003 193.798004 5.800000 188 188 188
v 99.064003 193.432007 5.800000 188 188 188
v 99.064003 193.798004 5.800000 188 188 188
v 99.064003 193.798004 5.200000 188 188 188
v 99.064003 193.798004 5.200000 188 188 188
v 93.066002 193.798004 5.200000 188 188 188
v 93.066002 193.798004 5.200000 188 188 188
v 93.066002 193.798004 2.998000 188 188 188
v 93.066002 192.998016 2.998000 188 188 188
v 93.066002 192.998016 2.998000 188 188 188
v 93.066002 193.798004 2.998000 188 188 188
v 99.064003 192.998016 2.998000 188 188 188
v 99.064003 192.998016 2.998000 188 188 188
v 93.066002 193.798004 2.998000 188 188 188
v 99.064003 193.798004 2.998000 188 188 188
v 99.064003 192.998016 2.998000 188 188 188
v 99.064003 192.998016 2.998000 188 188 188
v 99.064003 192.700012 5.200000 188 188 188
v 99.064003 192.700012 5.200000 188 188 188
v 99.064003 192.700012 2.998000 188 188 188
v 99.064003 191.400009 2.000000 188 188 188
v 99.064003 192.700012 2.998000 188 188 188
v 99.064003 191.400009 7.998000 188 188 188
v 99.064003 191.400009 7.998000 188 188 188
v 99.064003 192.700012 5.200000 188 188 188
v 99.064003 192.700012 5.200000 188 188 188
v 99.064003 192.700012 6.998000 188 188 188
v 99.064003 192.700012 6.998000 188 188 188
v 99.064003 192.998016 6.508000 188 188 188
v 99.064003 192.998016 7.998000 188 188 188
v 99.064003 192.998016 6.508000 188 188 188
v 99.064003 192.998016 6.508000 188 188 188
v 99.064003 193.432007 5.800000 188 188 188
v 93.066002 192.998016 6.508000 188 188 188
v 99.064003 192.998016 7.998000 188 188 188
v 93.066002 192.998016 6.508000 188 188 188
v 93.066002 192.998016 7.998000 188 188 188
v 99.064003 192.700012 5.200000 188 188 188
v 99.064003 193.432007 5.800000 188 188 188
v 99.064003 192.998016 6.508000 188 188 188
v 99.064003 192.998016 7.998000 188 188 188
v 99.064003 191.400009 7.998000 188 188 188
v 99.064003 192.700012 6.998000 188 188 188
v 99.064003 192.998016 7.998000 188 188 188
v 93.066002 191.400009 7.998000 188 188 188
v 99.064003 191.400009 7.998000 188 188 188
v 99.064003 193.798004 5.200000 188 188 188
v 99.064003 192.700012 5.200000 188 188 188
v 99.064003 193.798004 2.998000 188 188 188
v 93.066002 193.798004 2.998000 188 188 188
v 99.064003 193.798004 5.200000 188 188 188
v 99.064003 193.798004 2.998000 188 188 188
v 99.064003 192.700012 5.200000 188 188 188
v 99.064003 193.798004 5.200000 188 188 188
v 99.064003 193.432007 5.800000 188 188 188
v 99.064003 193.798004 5.800000 188 188 188
v 93.066002 193.798004 5.200000 188 188 188
v 93.066002 193.798004 5.800000 188 188 188
v 93.066002 193.432007 5.800000 188 188 188
v 93.066002 192.998016 6.508000 188 188 188
v 99.064003 193.432007 5.800000 188 188 188
v 93.066002 192.998016 6.508000 188 188 188
v 93.066002 193.432007 5.800000 188 188 188
v 93.066002 192.998016 6.508000 188 188 188
v 93.066002 192.998016 5.800000 188 188 188
v 93.066002 192.700012 5.800000 188 188 188
v 93.066002 192.700012 2.998000 188 188 188
v 93.066002 192.998016 5.800000 188 188 188
v 93.066002 193.432007 5.800000 188 188 188
v 93.066002 193.798004 5.800000 188 188 188
v 93.066002 193.798004 5.200000 188 188 188
v 93.066002 192.998016 2.998000 188 188 188
v 93.066002 192.700012 2.998000 188 188 188
v 93.066002 192.700012 5.800000 188 188 188
v 93.066002 192.998016 5.800000 188 188 188
v 93.066002 192.998016 7.998000 188 188 188
v 93.066002 192.998016 6.508000 188 188 188
v 93.066002 192.700012 5.800000 188 188 188
v 93.066002 191.400009 7.998000 188 188 188
v 99.064003 192.998016 7.998000 188 188 188
v 93.066002 192.998016 7.998000 188 188 188
v 99.064003 191.400009 7.998000 188 188 188
v 93.066002 191.400009 7.998000 188 188 188
v 99.064003 191.400009 2.000000 188 188 188
v 99.064003 191.400009 2.000000 188 188 188
v 52.282001 154.500000 2.000000 188 188 188
v 54.366001 154.500000 2.000000 188 188 188
v 99.064003 191.400009 2.000000 188 188 188
v 54.366001 154.500000 2.000000 188 188 188
v 29.931999 136.050003 2.000000 188 188 188
v 5.500000 117.600006 2.000000 188 188 188
v 31.432001 136.050003 2.000000 188 188 188
v 78.800003 172.950012 2.000000 188 188 188
v 54.366001 154.500000 2.000000 188 188 188
v 57.365997 154.500000 2.000000 188 188 188
v 31.432001 136.050003 2.000000 188 188 188
v 5.500000 117.600006 2.000000 188 188 188
v 32.850002 137.000000 2.000000 188 188 188
v 32.850002 137.000000 2.000000 188 188 188
v 5.500000 117.600006 2.000000 188 188 188
v 32.850002 135.952011 2.000000 188 188 188
v 32.850002 137.000000 2.000000 188 188 188
v 32.850002 135.952011 2.000000 188 188 188
v 32.850002 133.856003 2.000000 188 188 188
v 60.198002 154.304001 2.000000 188 188 188
v 32.850002 137.000000 2.000000 188 188 188
v 60.198002 154.304001 2.000000 188 188 188
v 60.198002 156.400009 2.000000 188 188 188
v 60.198002 156.400009 2.000000 188 188 188
v 60.198002 154.304001 2.000000 188 188 188
v 87.548004 174.750015 2.000000 188 188 188
v 60.198002 154.304001 2.000000 188 188 188
v 85.588005 173.262009 2.000000 188 188 188
v 60.198002 154.304001 2.000000 188 188 188
v 84.606003 172.518005 2.000000 188 188 188
v 85.588005 173.262009 2.000000 188 188 188
v 110.975998 192.220016 2.000000 188 188 188
v 87.548004 174.750015 2.000000 188 188 188
v 87.548004 174.750015 2.000000 188 188 188
v 110.975998 192.220016 2.000000 188 188 188
v 87.548004 174.750015 2.000000 188 188 188
v 114.898003 195.198013 2.000000 188 188 188
v 87.548004 175.798004 2.000000 188 188 188
v 114.898003 195.198013 2.000000 188 188 188
v 109.232002 191.400009 2.000000 188 188 188
v 87.548004 175.798004 2.000000 188 188 188
v 109.232002 191.400009 2.000000 188 188 188
v 60.198002 156.400009 2.000000 188 188 188
v 109.232002 191.400009 2.000000 188 188 188
v 114.898003 195.198013 2.000000 188 188 188
v 109.232002 192.998016 2.998000 188 188 188
v 109.232002 191.400009 2.000000 188 188 188
v 109.232002 192.998016 2.000000 188 188 188
v 103.231995 192.998016 2.000000 188 188 188
v 109.232002 192.998016 2.998000 188 188 188
v 109.232002 192.998016 2.000000 188 188 188
v 109.232002 192.998016 2.000000 188 188 188
v 103.231995 192.998016 2.000000 188 188 188
v 103.231995 192.998016 2.000000 188 188 188
v 57.365997 194.098007 2.000000 188 188 188
v 57.365997 194.098007 2.000000 188 188 188
v 5.500000 195.198013 2.000000 188 188 188
v 54.366001 194.098007 2.000000 188 188 188
v 54.366001 194.098007 2.000000 188 188 188
v 5.500000 195.198013 2.000000 188 188 188
v 52.282001 194.098007 2.000000 188 188 188
v 5.500000 195.198013 2.000000 188 188 188
v 57.365997 194.098007 2.000000 188 188 188
v 60.198002 195.198013 2.000000 188 188 188
v 5.500000 195.198013 2.000000 188 188 188
v 5.500000 195.198013 2.000000 188 188 188
v 60.198002 195.198013 1.000000 188 188 188
v 5.500000 195.198013 0.000000 188 188 188
v 60.198002 195.198013 1.000000 188 188 188
v 60.198002 195.198013 0.000000 188 188 188
v 60.198002 192.448013 0.000000 188 188 188
v 5.500000 195.198013 0.000000 188 188 188
v 60.198002 195.198013 0.000000 188 188 188
v 60.198002 195.198013 1.000000 188 188 188
v 114.898003 195.198013 0.000000 188 188 188
v 114.898003 195.198013 2.000000 188 188 188
v 114.898003 195.198013 0.000000 188 188 188
v 60.198002 195.198013 1.000000 188 188 188
v 114.898003 195.198013 0.000000 188 188 188
v 114.898003 195.198013 2.000000 188 188 188
v 114.898003 195.198013 2.000000 188 188 188
v 120.212006 189.700012 2.000000 188 188 188
v 116.322006 195.012009 2.000000 188 188 188
v 116.322006 195.012009 2.000000 188 188 188
v 120.212006 189.700012 2.000000 188 188 188
v 117.648003 194.462006 2.000000 188 188 188
v 116.322006 195.012009 2.000000 188 188 188
v 116.322006 195.012009 0.000000 188 188 188
v 117.648003 194.462006 2.000000 188 188 188
v 114.898003 195.198013 0.000000 188 188 188
v 116.322006 195.012009 0.000000 188 188 188
v 117.648003 194.462006 0.000000 188 188 188
v 114.898003 195.198013 0.000000 188 188 188
v 117.648003 194.462006 0.000000 188 188 188
v 114.898003 195.198013 0.000000 188 188 188
v 118.788002 193.590012 0.000000 188 188 188
v 114.898003 195.198013 0.000000 188 188 188
v 119.664009 192.448013 0.000000 188 188 188
v 114.898003 195.198013 0.000000 188 188 188
v 120.212006 191.122009 0.000000 188 188 188
v 120.398003 189.700012 0.000000 188 188 188
v 120.398003 189.700012 0.000000 188 188 188
v 120.212006 191.122009 0.000000 188 188 188
v 120.398003 189.700012 2.000000 188 188 188
v 120.398003 189.700012 2.000000 188 188 188
v 120.212006 191.122009 0.000000 188 188 188
v 120.212006 191.122009 0.000000 188 188 188
v 119.664009 192.448013 0.000000 188 188 188
v 120.212006 191.122009 2.000000 188 188 188
v 120.212006 191.122009 2.000000 188 188 188
v 119.664009 192.448013 0.000000 188 188 188
v 120.212006 191.122009 2.000000 188 188 188
v 119.664009 192.448013 2.000000 188 188 188
v 120.212006 189.700012 2.000000 188 188 188
v 120.212006 189.700012 2.000000 188 188 188
v 119.664009 192.448013 2.000000 188 188 188
v 118.788002 193.590012 2.000000 188 188 188
v 119.664009 192.448013 2.000000 188 188 188
v 118.788002 193.590012 0.000000 188 188 188
v 119.664009 192.448013 0.000000 188 188 188
v 118.788002 193.590012 0.000000 188 188 188
v 119.664009 192.448013 2.000000 188 188 188
v 117.648003 194.462006 0.000000 188 188 188
v 118.788002 193.590012 2.000000 188 188 188
v 118.788002 193.590012 0.000000 188 188 188
v 118.788002 193.590012 2.000000 188 188 188
v 117.648003 194.462006 0.000000 188 188 188
v 117.648003 194.462006 2.000000 188 188 188
v 117.648003 194.462006 2.000000 188 188 188
v 120.212006 189.700012 2.000000 188 188 188
v 118.788002 193.590012 2.000000 188 188 188
v 114.898003 195.198013 0.000000 188 188 188
v 116.322006 195.012009 2.000000 188 188 188
v 116.322006 195.012009 0.000000 188 188 188
v 5.500000 195.198013 2.000000 188 188 188
v 5.500000 195.198013 0.000000 188 188 188
v 0.000000 189.700012 0.000000 188 188 188
v 4.074000 195.012009 0.000000 188 188 188
v 5.500000 195.198013 0.000000 188 188 188
v 0.000000 189.700012 0.000000 188 188 188
v 4.074000 195.012009 0.000000 188 188 188
v 2.750000 194.462006 0.000000 188 188 188
v 4.074000 195.012009 0.000000 188 188 188
v 4.074000 195.012009 2.000000 188 188 188
v 2.750000 194.462006 0.000000 188 188 188
v 2.750000 194.462006 2.000000 188 188 188
v 5.500000 195.198013 2.000000 188 188 188
v 4.074000 195.012009 2.000000 188 188 188
v 5.500000 195.198013 2.000000 188 188 188
v 2.750000 194.462006 2.000000 188 188 188
v 2.750000 194.462006 2.000000 188 188 188
v 1.610000 193.590012 2.000000 188 188 188
v 1.610000 193.590012 2.000000 188 188 188
v 1.610000 193.590012 0.000000 188 188 188
v 0.736000 192.448013 0.000000 188 188 188
v 1.610000 193.590012 2.000000 188 188 188
v 0.736000 192.448013 2.000000 188 188 188
v 0.736000 192.448013 0.000000 188 188 188
v 0.186000 191.122009 0.000000 188 188 188
v 0.186000 191.122009 2.000000 188 188 188
v 0.736000 192.448013 2.000000 188 188 188
v 0.186000 191.122009 2.000000 188 188 188
v 0.186000 191.122009 0.000000 188 188 188
v 0.000000 189.700012 0.000000 188 188 188
v 0.000000 189.700012 0.000000 188 188 188
v 0.186000 191.122009 0.000000 188 188 188
v 0.736000 192.448013 0.000000 188 188 188
v 0.000000 189.700012 0.000000 188 188 188
v 0.736000 192.448013 0.000000 188 188 188
v 1.610000 193.590012 0.000000 188 188 188
v 0.736000 192.448013 2.000000 188 188 188
v 5.500000 195.198013 2.000000 188 188 188
v 1.610000 193.590012 2.000000 188 188 188
v 1.610000 193.590012 0.000000 188 188 188
v 2.750000 194.462006 2.000000 188 188 188
v 2.750000 194.462006 0.000000 188 188 188
v 0.000000 189.700012 0.000000 188 188 188
v 1.610000 193.590012 0.000000 188 188 188
v 2.750000 194.462006 0.000000 188 188 188
v 5.500000 195.198013 2.000000 188 188 188
v 4.074000 195.012009 0.000000 188 188 188
v 4.074000 195.012009 2.000000 188 188 188
v 114.898003 195.198013 2.000000 188 188 188
v 60.198002 195.198013 1.000000 188 188 188
v 60.198002 195.198013 2.000000 188 188 188
v 57.365997 194.098007 2.000000 188 188 188
v 109.232002 192.998016 2.000000 188 188 188
v 60.198002 195.198013 2.000000 188 188 188
v 114.898003 195.198013 2.000000 188 188 188
v 60.198002 195.198013 2.000000 188 188 188
v 109.232002 192.998016 2.000000 188 188 188
v 110.975998 192.220016 2.000000 188 188 188
v 120.212006 189.700012 2.000000 188 188 188
v 114.898003 195.198013 2.000000 188 188 188
v 120.212006 189.700012 2.000000 188 188 188
v 110.975998 192.220016 2.000000 188 188 188
v 87.548004 175.798004 2.000000 188 188 188
v 60.198002 156.400009 2.000000 188 188 188
v 87.548004 174.750015 2.000000 188 188 188
v 78.800003 172.950012 2.000000 188 188 188
v 57.365997 154.500000 2.000000 188 188 188
v 103.231995 191.400009 2.000000 188 188 188
v 83.298004 172.950012 2.000000 188 188 188
v 60.198002 156.400009 2.000000 188 188 188
v 109.232002 191.400009 2.000000 188 188 188
v 109.232002 192.998016 7.998000 188 188 188
v 103.231995 191.400009 7.998000 188 188 188
v 109.232002 191.400009 7.998000 188 188 188
v 109.232002 192.998016 7.998000 188 188 188
v 109.232002 191.400009 7.998000 188 188 188
v 109.232002 192.700012 5.800000 188 188 188
v 109.232002 191.400009 2.000000 188 188 188
v 109.232002 192.998016 2.998000 188 188 188
v 109.232002 192.700012 2.998000 188 188 188
v 109.232002 192.700012 5.800000 188 188 188
v 109.232002 193.798004 2.998000 188 188 188
v 109.232002 192.998016 5.800000 188 188 188
v 109.232002 193.798004 5.200000 188 188 188
v 109.232002 193.432007 5.800000 188 188 188
v 109.232002 193.798004 2.998000 188 188 188
v 103.231995 193.432007 5.800000 188 188 188
v 103.231995 192.998016 6.508000 188 188 188
v 109.232002 193.432007 5.800000 188 188 188
v 109.232002 193.798004 5.800000 188 188 188
v 103.231995 193.798004 5.200000 188 188 188
v 103.231995 193.798004 5.800000 188 188 188
v 103.231995 192.700012 5.200000 188 188 188
v 103.231995 192.998016 6.508000 188 188 188
v 103.231995 193.432007 5.800000 188 188 188
v 103.231995 193.798004 5.200000 188 188 188
v 103.231995 193.798004 2.998000 188 188 188
v 103.231995 192.998016 2.998000 188 188 188
v 103.231995 192.700012 5.200000 188 188 188
v 103.231995 192.700012 2.998000 188 188 188
v 103.231995 191.400009 2.000000 188 188 188
v 109.232002 192.998016 2.998000 188 188 188
v 103.231995 192.998016 2.000000 188 188 188
v 103.231995 192.998016 2.998000 188 188 188
v 103.231995 192.998016 2.000000 188 188 188
v 54.366001 194.098007 2.000000 188 188 188
v 99.064003 192.998016 2.000000 188 188 188
v 78.800003 172.950012 2.000000 188 188 188
v 103.231995 191.400009 2.000000 188 188 188
v 99.064003 191.400009 2.000000 188 188 188
v 99.064003 191.400009 2.000000 188 188 188
v 99.064003 192.998016 2.998000 188 188 188
v 99.064003 192.700012 2.998000 188 188 188
v 99.064003 192.998016 2.998000 188 188 188
v 93.066002 192.998016 2.000000 188 188 188
v 93.066002 192.998016 2.998000 188 188 188
v 52.282001 194.098007 2.000000 188 188 188
v 99.064003 192.998016 2.000000 188 188 188
v 54.366001 194.098007 2.000000 188 188 188
v 93.066002 192.998016 2.000000 188 188 188
v 49.282001 193.298004 2.000000 188 188 188
v 93.066002 191.400009 2.000000 188 188 188
v 52.282001 194.098007 2.000000 188 188 188
v 5.500000 195.198013 2.000000 188 188 188
v 49.282001 194.098007 2.000000 188 188 188
v 49.282001 193.298004 2.000000 188 188 188
v 5.500000 189.700012 2.000000 188 188 188
v 49.282001 190.547989 2.000000 188 188 188
v 0.186000 191.122009 2.000000 188 188 188
v 5.500000 195.198013 2.000000 188 188 188
v 0.736000 192.448013 2.000000 188 188 188
v 3.798000 142.098007 2.000000 188 188 188
v 2.498000 142.098007 2.998000 188 188 188
v 3.798000 142.098007 7.998000 188 188 188
v 2.498000 142.098007 2.998000 188 188 188
v 2.498000 142.098007 5.200000 188 188 188
v 3.798000 142.098007 7.998000 188 188 188
v 2.498000 142.098007 5.200000 188 188 188
v 3.798000 142.098007 7.998000 188 188 188
v 2.498000 142.098007 6.998000 188 188 188
v 2.198000 136.098007 7.998000 188 188 188
v 3.798000 142.098007 7.998000 188 188 188
v 2.198000 142.098007 7.998000 188 188 188
v 2.198000 136.098007 7.998000 188 188 188
v 2.198000 142.098007 7.998000 188 188 188
v 2.198000 142.098007 7.998000 188 188 188
v 2.198000 136.098007 6.508000 188 188 188
v 2.198000 142.098007 6.508000 188 188 188
v 2.198000 136.098007 6.508000 188 188 188
v 1.764000 136.098007 5.800000 188 188 188
v 2.198000 136.098007 6.508000 188 188 188
v 1.764000 142.098007 5.800000 188 188 188
v 2.198000 142.098007 6.508000 188 188 188
v 2.498000 142.098007 5.200000 188 188 188
v 1.764000 142.098007 5.800000 188 188 188
v 1.398000 142.098007 5.200000 188 188 188
v 1.764000 142.098007 5.800000 188 188 188
v 2.498000 142.098007 5.200000 188 188 188
v 1.764000 142.098007 5.800000 188 188 188
v 1.398000 142.098007 5.200000 188 188 188
v 1.398000 136.098007 5.800000 188 188 188
v 1.764000 142.098007 5.800000 188 188 188
v 1.398000 142.098007 5.800000 188 188 188
v 2.198000 142.098007 6.508000 188 188 188
v 2.198000 142.098007 7.998000 188 188 188
v 2.498000 142.098007 6.998000 188 188 188
v 2.498000 142.098007 6.998000 188 188 188
v 2.498000 142.098007 5.200000 188 188 188
v 2.198000 142.098007 6.508000 188 188 188
v 2.498000 142.098007 5.200000 188 188 188
v 1.398000 142.098007 2.998000 188 188 188
v 1.398000 142.098007 5.200000 188 188 188
v 1.398000 142.098007 5.800000 188 188 188
v 1.398000 142.098007 5.200000 188 188 188
v 1.398000 136.098007 5.200000 188 188 188
v 2.198000 142.098007 2.998000 188 188 188
v 2.198000 136.098007 2.998000 188 188 188
v 1.398000 136.098007 2.998000 188 188 188
v 1.398000 136.098007 5.200000 188 188 188
v 1.398000 136.098007 5.800000 188 188 188
v 1.398000 142.098007 5.800000 188 188 188
v 2.498000 136.098007 2.998000 188 188 188
v 2.198000 136.098007 2.998000 188 188 188
v 2.198000 136.098007 2.000000 188 188 188
v 1.764000 142.098007 5.800000 188 188 188
v 1.398000 136.098007 5.800000 188 188 188
v 1.764000 136.098007 5.800000 188 188 188
v 1.764000 136.098007 5.800000 188 188 188
v 2.198000 136.098007 5.800000 188 188 188
v 2.198000 136.098007 6.508000 188 188 188
v 2.198000 136.098007 5.800000 188 188 188
v 2.498000 136.098007 5.800000 188 188 188
v 2.198000 136.098007 6.508000 188 188 188
v 2.198000 136.098007 7.998000 188 188 188
v 2.198000 136.098007 6.508000 188 188 188
v 2.498000 136.098007 5.800000 188 188 188
v 3.798000 142.098007 7.998000 188 188 188
v 2.198000 136.098007 7.998000 188 188 188
v 3.798000 136.098007 7.998000 188 188 188
v 3.798000 142.098007 7.998000 188 188 188
v 3.798000 136.098007 7.998000 188 188 188
v 3.798000 142.098007 2.000000 188 188 188
v 5.500000 189.700012 2.000000 188 188 188
v 2.198000 142.098007 2.000000 188 188 188
v 3.798000 142.098007 2.000000 188 188 188
v 4.648000 157.150009 2.000000 188 188 188
v 5.500000 189.700012 2.000000 188 188 188
v 3.798000 130.600006 2.000000 188 188 188
v 2.198000 136.098007 2.000000 188 188 188
v 3.798000 136.098007 2.000000 188 188 188
v 2.498000 136.098007 2.998000 188 188 188
v 2.498000 130.600006 2.998000 188 188 188
v 3.798000 130.600006 2.000000 188 188 188
v 2.198000 130.600006 2.998000 188 188 188
v 2.198000 130.600006 2.998000 188 188 188
v 2.198000 124.598000 2.998000 188 188 188
v 1.398000 124.598000 2.998000 188 188 188
v 2.198000 124.598000 2.998000 188 188 188
v 2.498000 124.598000 2.998000 188 188 188
v 1.398000 124.598000 5.800000 188 188 188
v 2.498000 124.598000 5.800000 188 188 188
v 2.498000 124.598000 2.998000 188 188 188
v 3.798000 124.598000 2.000000 188 188 188
v 0.186000 117.709999 2.000000 188 188 188
v 5.500000 117.600006 2.000000 188 188 188
v 3.798000 124.598000 2.000000 188 188 188
v 2.198000 130.600006 2.000000 188 188 188
v 0.000000 117.600006 2.000000 188 188 188
v 2.198000 124.598000 2.000000 188 188 188
v 0.000000 117.600006 0.000000 188 188 188
v 0.000000 117.600006 2.000000 188 188 188
v 0.000000 153.648010 1.000000 188 188 188
v 0.186000 116.175995 2.000000 188 188 188
v 0.186000 116.175995 0.000000 188 188 188
v 0.736000 114.849998 0.000000 188 188 188
v 0.736000 114.849998 0.000000 188 188 188
v 0.736000 114.849998 2.000000 188 188 188
v 0.186000 116.175995 2.000000 188 188 188
v 1.610000 113.709999 2.000000 188 188 188
v 0.186000 117.600006 2.000000 188 188 188
v 0.736000 114.849998 2.000000 188 188 188
v 5.500000 112.099998 0.000000 188 188 188
v 2.750000 112.834000 0.000000 188 188 188
v 1.610000 113.709999 0.000000 188 188 188
v 2.750000 112.834000 2.000000 188 188 188
v 0.186000 117.600006 2.000000 188 188 188
v 1.610000 113.709999 2.000000 188 188 188
v 4.074000 112.285995 2.000000 188 188 188
v 0.186000 117.600006 2.000000 188 188 188
v 2.750000 112.834000 2.000000 188 188 188
v 5.500000 112.099998 0.000000 188 188 188
v 4.074000 112.285995 0.000000 188 188 188
v 2.750000 112.834000 0.000000 188 188 188
v 5.500000 112.099998 2.000000 188 188 188
v 60.198002 112.099998 1.000000 188 188 188
v 5.500000 112.099998 2.000000 188 188 188
v 60.198002 112.099998 2.000000 188 188 188
v 5.500000 112.099998 2.000000 188 188 188
v 43.716003 113.200005 2.000000 188 188 188
v 44.464001 114.297997 2.000000 188 188 188
v 5.500000 112.099998 2.000000 188 188 188
v 40.716003 113.200005 2.000000 188 188 188
v 40.716003 113.200005 2.000000 188 188 188
v 44.464001 114.297997 2.000000 188 188 188
v 5.500000 112.099998 2.000000 188 188 188
v 44.464001 114.297997 2.000000 188 188 188
v 38.466003 114.297997 2.000000 188 188 188
v 75.932007 114.297997 2.000000 188 188 188
v 40.716003 113.200005 2.000000 188 188 188
v 43.716003 113.200005 2.000000 188 188 188
v 43.716003 113.200005 2.000000 188 188 188
v 75.932007 114.297997 2.000000 188 188 188
v 75.932007 114.297997 2.000000 188 188 188
v 81.932007 114.297997 2.000000 188 188 188
v 75.932007 114.297997 2.000000 188 188 188
v 75.932007 114.297997 2.998000 188 188 188
v 75.932007 115.898003 2.000000 188 188 188
v 75.932007 114.297997 2.998000 188 188 188
v 75.932007 115.898003 2.000000 188 188 188
v 75.932007 115.898003 2.000000 188 188 188
v 75.932007 114.598007 2.998000 188 188 188
v 75.932007 114.598007 2.998000 188 188 188
v 75.932007 115.898003 7.998000 188 188 188
v 75.932007 114.598007 5.200000 188 188 188
v 75.932007 115.898003 7.998000 188 188 188
v 75.932007 115.898003 7.998000 188 188 188
v 75.932007 114.598007 6.998000 188 188 188
v 75.932007 114.297997 7.998000 188 188 188
v 75.932007 115.898003 7.998000 188 188 188
v 81.932007 115.898003 7.998000 188 188 188
v 75.932007 114.297997 7.998000 188 188 188
v 81.932007 115.898003 7.998000 188 188 188
v 81.932007 114.297997 7.998000 188 188 188
v 75.932007 115.898003 2.000000 188 188 188
v 81.932007 115.898003 7.998000 188 188 188
v 81.932007 115.898003 2.000000 188 188 188
v 81.932007 115.898003 2.000000 188 188 188
v 81.932007 114.297997 7.998000 188 188 188
v 81.932007 115.898003 2.000000 188 188 188
v 81.932007 114.297997 6.508000 188 188 188
v 81.932007 114.297997 6.508000 188 188 188
v 81.932007 114.297997 5.800000 188 188 188
v 81.932007 114.297997 5.800000 188 188 188
v 81.932007 113.865997 5.800000 188 188 188
v 81.932007 114.297997 2.998000 188 188 188
v 81.932007 113.865997 5.800000 188 188 188
v 81.932007 113.865997 5.800000 188 188 188
v 81.932007 113.498009 5.800000 188 188 188
v 81.932007 113.498009 5.800000 188 188 188
v 75.932007 113.865997 5.800000 188 188 188
v 75.932007 113.498009 5.800000 188 188 188
v 75.932007 113.865997 5.800000 188 188 188
v 75.932007 113.498009 5.200000 188 188 188
v 75.932007 113.865997 5.800000 188 188 188
v 75.932007 114.598007 5.200000 188 188 188
v 75.932007 113.498009 5.200000 188 188 188
v 75.932007 114.598007 5.200000 188 188 188
v 75.932007 114.598007 5.200000 188 188 188
v 75.932007 114.297997 2.998000 188 188 188
v 75.932007 113.498009 2.998000 188 188 188
v 75.932007 113.498009 2.998000 188 188 188
v 75.932007 114.297997 2.998000 188 188 188
v 81.932007 114.297997 2.998000 188 188 188
v 81.932007 113.498009 2.998000 188 188 188
v 75.932007 114.297997 2.998000 188 188 188
v 75.932007 113.498009 2.998000 188 188 188
v 81.932007 113.498009 2.998000 188 188 188
v 75.932007 113.498009 5.200000 188 188 188
v 75.932007 113.865997 5.800000 188 188 188
v 75.932007 114.598007 5.200000 188 188 188
v 81.932007 114.297997 6.508000 188 188 188
v 75.932007 114.297997 6.508000 188 188 188
v 75.932007 113.865997 5.800000 188 188 188
v 75.932007 114.297997 6.508000 188 188 188
v 81.932007 114.297997 6.508000 188 188 188
v 75.932007 114.297997 7.998000 188 188 188
v 75.932007 113.498009 5.800000 188 188 188
v 75.932007 113.498009 5.200000 188 188 188
v 81.932007 113.498009 2.998000 188 188 188
v 81.932007 113.498009 5.800000 188 188 188
v 75.932007 113.498009 5.800000 188 188 188
v 81.932007 113.498009 2.998000 188 188 188
v 81.932007 113.498009 2.998000 188 188 188
v 81.932007 114.297997 2.998000 188 188 188
v 81.932007 113.498009 5.800000 188 188 188
v 75.932007 113.865997 5.800000 188 188 188
v 81.932007 113.865997 5.800000 188 188 188
v 81.932007 114.297997 6.508000 188 188 188
v 81.932007 114.297997 2.998000 188 188 188
v 81.932007 115.898003 2.000000 188 188 188
v 81.932007 114.297997 5.800000 188 188 188
v 81.932007 114.297997 2.000000 188 188 188
v 81.932007 115.898003 2.000000 188 188 188
v 81.932007 114.297997 2.998000 188 188 188
v 81.932007 114.297997 2.000000 188 188 188
v 114.898003 117.600006 2.000000 188 188 188
v 81.932007 115.898003 2.000000 188 188 188
v 114.898003 117.600006 2.000000 188 188 188
v 81.932007 114.297997 2.000000 188 188 188
v 114.898003 112.099998 2.000000 188 188 188
v 114.898003 112.099998 2.000000 188 188 188
v 117.648003 112.834000 2.000000 188 188 188
v 114.898003 117.600006 2.000000 188 188 188
v 60.198002 112.099998 2.000000 188 188 188
v 114.898003 112.099998 2.000000 188 188 188
v 81.932007 114.297997 2.000000 188 188 188
v 81.932007 114.297997 7.998000 188 188 188
v 75.932007 114.297997 7.998000 188 188 188
v 81.932007 114.297997 6.508000 188 188 188
v 75.932007 114.297997 6.508000 188 188 188
v 75.932007 114.297997 7.998000 188 188 188
v 75.932007 114.598007 6.998000 188 188 188
v 75.932007 114.598007 6.998000 188 188 188
v 75.932007 114.598007 5.200000 188 188 188
v 75.932007 114.297997 6.508000 188 188 188
v 81.932007 115.898003 7.998000 188 188 188
v 75.932007 115.898003 2.000000 188 188 188
v 75.932007 115.898003 7.998000 188 188 188
v 75.932007 114.598007 5.200000 188 188 188
v 75.932007 114.598007 2.998000 188 188 188
v 75.932007 114.297997 2.998000 188 188 188
v 81.932007 114.297997 2.998000 188 188 188
v 75.932007 114.297997 2.998000 188 188 188
v 81.932007 114.297997 2.000000 188 188 188
v 81.932007 114.297997 2.000000 188 188 188
v 43.716003 113.200005 2.000000 188 188 188
v 60.198002 112.099998 2.000000 188 188 188
v 60.198002 114.849998 0.000000 188 188 188
v 60.198002 112.099998 0.000000 188 188 188
v 5.500000 112.099998 0.000000 188 188 188
v 60.198002 112.099998 0.000000 188 188 188
v 60.198002 114.849998 0.000000 188 188 188
v 114.898003 112.099998 0.000000 188 188 188
v 114.898003 112.099998 2.000000 188 188 188
v 60.198002 112.099998 2.000000 188 188 188
v 60.198002 112.099998 1.000000 188 188 188
v 120.398003 117.600006 0.000000 188 188 188
v 116.322006 112.285995 0.000000 188 188 188
v 114.898003 112.099998 0.000000 188 188 188
v 120.398003 117.600006 0.000000 188 188 188
v 117.648003 112.834000 0.000000 188 188 188
v 116.322006 112.285995 0.000000 188 188 188
v 117.648003 112.834000 2.000000 188 188 188
v 114.898003 112.099998 2.000000 188 188 188
v 116.322006 112.285995 2.000000 188 188 188
v 120.398003 117.600006 0.000000 188 188 188
v 118.788002 113.709999 0.000000 188 188 188
v 117.648003 112.834000 0.000000 188 188 188
v 118.788002 113.709999 2.000000 188 188 188
v 114.898003 117.600006 2.000000 188 188 188
v 117.648003 112.834000 2.000000 188 188 188
v 120.398003 117.600006 0.000000 188 188 188
v 119.664009 114.849998 0.000000 188 188 188
v 118.788002 113.709999 0.000000 188 188 188
v 119.664009 114.849998 2.000000 188 188 188
v 114.898003 117.600006 2.000000 188 188 188
v 118.788002 113.709999 2.000000 188 188 188
v 120.212006 116.175995 2.000000 188 188 188
v 114.898003 117.600006 2.000000 188 188 188
v 119.664009 114.849998 2.000000 188 188 188
v 120.398003 117.600006 0.000000 188 188 188
v 120.212006 116.175995 0.000000 188 188 188
v 119.664009 114.849998 0.000000 188 188 188
v 120.398003 117.600006 2.000000 188 188 188
v 114.898003 117.600006 2.000000 188 188 188
v 120.212006 116.175995 2.000000 188 188 188
v 120.398003 153.648010 1.000000 188 188 188
v 120.398003 117.600006 0.000000 188 188 188
v 120.398003 153.648010 0.000000 188 188 188
v 120.398003 189.700012 2.000000 188 188 188
v 120.398003 153.648010 1.000000 188 188 188
v 120.398003 189.700012 0.000000 188 188 188
v 120.398003 153.648010 2.000000 188 188 188
v 118.200005 144.132004 2.000000 188 188 188
v 120.398003 117.600006 2.000000 188 188 188
v 118.200005 138.132004 2.000000 188 188 188
v 120.398003 117.600006 2.000000 188 188 188
v 118.200005 144.132004 2.000000 188 188 188
v 118.200005 138.132004 2.000000 188 188 188
v 118.200005 144.132004 2.000000 188 188 188
v 118.200005 138.132004 2.998000 188 188 188
v 118.200005 144.132004 2.000000 188 188 188
v 118.200005 144.132004 2.998000 188 188 188
v 118.200005 144.132004 2.000000 188 188 188
v 117.900009 144.132004 2.998000 188 188 188
v 118.200005 144.132004 2.998000 188 188 188
v 118.200005 144.132004 2.998000 188 188 188
v 119.000000 144.132004 5.800000 188 188 188
v 119.000000 144.132004 5.800000 188 188 188
v 119.000000 144.132004 2.998000 188 188 188
v 119.000000 144.132004 2.998000 188 188 188
v 119.000000 139.417999 5.200000 188 188 188
v 119.000000 138.132004 2.998000 188 188 188
v 119.000000 139.417999 5.200000 188 188 188
v 119.000000 138.132004 5.200000 188 188 188
v 119.000000 138.132004 2.998000 188 188 188
v 118.200005 138.132004 2.998000 188 188 188
v 119.000000 138.132004 2.998000 188 188 188
v 117.900009 138.132004 5.200000 188 188 188
v 118.200005 138.132004 2.998000 188 188 188
v 117.900009 138.132004 5.200000 188 188 188
v 117.900009 138.132004 2.998000 188 188 188
v 117.900009 138.132004 5.200000 188 188 188
v 116.600006 138.132004 2.000000 188 188 188
v 117.900009 138.132004 2.998000 188 188 188
v 116.600006 138.132004 7.998000 188 188 188
v 116.600006 138.132004 2.000000 188 188 188
v 116.600006 138.132004 7.998000 188 188 188
v 116.600006 144.132004 7.998000 188 188 188
v 116.600006 144.132004 2.000000 188 188 188
v 116.600006 138.132004 2.000000 188 188 188
v 116.600006 144.132004 2.000000 188 188 188
v 116.600006 144.132004 7.998000 188 188 188
v 116.600006 144.132004 2.000000 188 188 188
v 118.200005 144.132004 7.998000 188 188 188
v 116.600006 144.132004 2.000000 188 188 188
v 117.900009 144.132004 5.800000 188 188 188
v 117.900009 144.132004 2.998000 188 188 188
v 117.900009 144.132004 2.998000 188 188 188
v 117.900009 144.132004 5.800000 188 188 188
v 117.900009 144.132004 5.800000 188 188 188
v 118.200005 144.132004 5.800000 188 188 188
v 118.200005 144.132004 5.800000 188 188 188
v 118.200005 144.132004 6.508000 188 188 188
v 118.200005 144.132004 6.508000 188 188 188
v 118.632004 144.132004 5.800000 188 188 188
v 118.632004 138.132004 5.800000 188 188 188
v 119.000000 144.132004 5.800000 188 188 188
v 118.632004 144.132004 5.800000 188 188 188
v 119.000000 144.132004 5.800000 188 188 188
v 118.632004 138.132004 5.800000 188 188 188
v 119.000000 138.132004 5.800000 188 188 188
v 118.632004 138.132004 5.800000 188 188 188
v 119.000000 138.132004 5.200000 188 188 188
v 118.632004 138.132004 5.800000 188 188 188
v 119.000000 138.132004 5.200000 188 188 188
v 117.900009 138.132004 5.800000 188 188 188
v 118.632004 138.132004 5.800000 188 188 188
v 117.900009 138.132004 5.800000 188 188 188
v 118.200005 138.132004 6.508000 188 188 188
v 117.900009 138.132004 5.800000 188 188 188
v 117.900009 138.132004 6.998000 188 188 188
v 116.600006 138.132004 7.998000 188 188 188
v 116.600006 138.132004 7.998000 188 188 188
v 117.900009 138.132004 6.998000 188 188 188
v 118.200005 144.132004 7.998000 188 188 188
v 116.600006 138.132004 7.998000 188 188 188
v 118.200005 138.132004 7.998000 188 188 188
v 118.200005 144.132004 7.998000 188 188 188
v 118.200005 138.132004 7.998000 188 188 188
v 118.200005 144.132004 6.508000 188 188 188
v 118.200005 138.132004 6.508000 188 188 188
v 118.200005 144.132004 6.508000 188 188 188
v 118.200005 138.132004 7.998000 188 188 188
v 118.200005 138.132004 7.998000 188 188 188
v 117.900009 138.132004 6.998000 188 188 188
v 118.200005 138.132004 6.508000 188 188 188
v 118.632004 138.132004 5.800000 188 188 188
v 118.200005 144.132004 6.508000 188 188 188
v 118.200005 138.132004 6.508000 188 188 188
v 118.632004 144.132004 5.800000 188 188 188
v 117.900009 144.132004 2.998000 188 188 188
v 118.200005 144.132004 5.800000 188 188 188
v 117.900009 144.132004 5.800000 188 188 188
v 118.200005 144.132004 7.998000 188 188 188
v 118.200005 144.132004 6.508000 188 188 188
v 116.600006 138.132004 7.998000 188 188 188
v 118.200005 144.132004 7.998000 188 188 188
v 116.600006 144.132004 7.998000 188 188 188
v 117.900009 138.132004 5.200000 188 188 188
v 117.900009 138.132004 5.800000 188 188 188
v 116.600006 138.132004 7.998000 188 188 188
v 118.200005 138.132004 2.998000 188 188 188
v 117.900009 138.132004 2.998000 188 188 188
v 116.600006 138.132004 2.000000 188 188 188
v 117.900009 138.132004 5.200000 188 188 188
v 119.000000 138.132004 5.200000 188 188 188
v 117.900009 138.132004 5.800000 188 188 188
v 119.000000 138.132004 5.200000 188 188 188
v 119.000000 139.417999 5.200000 188 188 188
v 119.000000 138.132004 5.800000 188 188 188
v 119.000000 144.132004 2.998000 188 188 188
v 119.000000 138.132004 2.998000 188 188 188
v 118.200005 138.132004 2.998000 188 188 188
v 119.000000 144.132004 5.800000 188 188 188
v 119.000000 138.132004 5.800000 188 188 188
v 119.000000 139.417999 5.200000 188 188 188
v 119.000000 144.132004 5.800000 188 188 188
v 117.900009 144.132004 2.998000 188 188 188
v 118.632004 144.132004 5.800000 188 188 188
v 118.200005 138.132004 2.998000 188 188 188
v 118.200005 144.132004 2.998000 188 188 188
v 119.000000 144.132004 2.998000 188 188 188
v 116.600006 163.166000 2.000000 188 188 188
v 118.200005 163.166000 2.000000 188 188 188
v 118.200005 163.166000 2.998000 188 188 188
v 116.600006 144.132004 2.000000 188 188 188
v 117.900009 144.132004 2.998000 188 188 188
v 118.200005 144.132004 2.000000 188 188 188
v 64.968002 140.610001 2.000000 188 188 188
v 116.600006 163.166000 2.000000 188 188 188
v 64.968002 143.608002 2.000000 188 188 188
v 64.968002 143.608002 2.000000 188 188 188
v 13.338000 118.054008 2.000000 188 188 188
v 64.968002 140.610001 2.000000 188 188 188
v 116.600006 144.132004 2.000000 188 188 188
v 64.968002 131.094009 2.000000 188 188 188
v 116.600006 138.132004 2.000000 188 188 188
v 116.600006 138.132004 2.000000 188 188 188
v 118.200005 138.132004 2.000000 188 188 188
v 118.200005 138.132004 2.998000 188 188 188
v 114.898003 117.600006 2.000000 188 188 188
v 120.398003 117.600006 2.000000 188 188 188
v 118.200005 138.132004 2.000000 188 188 188
v 64.118004 125.668007 2.000000 188 188 188
v 114.898003 133.284012 2.000000 188 188 188
v 64.968002 128.094009 2.000000 188 188 188
v 114.898003 117.600006 2.000000 188 188 188
v 64.118004 117.826004 2.000000 188 188 188
v 81.932007 115.898003 2.000000 188 188 188
v 64.968002 128.094009 2.000000 188 188 188
v 13.338000 118.054008 2.000000 188 188 188
v 64.118004 125.668007 2.000000 188 188 188
v 47.634003 116.975998 2.000000 188 188 188
v 81.932007 115.898003 2.000000 188 188 188
v 64.118004 117.826004 2.000000 188 188 188
v 47.634003 116.975998 2.000000 188 188 188
v 75.932007 115.898003 2.000000 188 188 188
v 81.932007 115.898003 2.000000 188 188 188
v 44.636002 116.975998 2.000000 188 188 188
v 13.338000 118.054008 2.000000 188 188 188
v 44.464001 115.898003 2.000000 188 188 188
v 75.932007 115.898003 2.000000 188 188 188
v 44.464001 114.297997 2.000000 188 188 188
v 75.932007 114.297997 2.000000 188 188 188
v 38.466003 113.498009 5.800000 188 188 188
v 44.464001 113.498009 5.800000 188 188 188
v 38.466003 113.865997 5.800000 188 188 188
v 44.464001 113.498009 2.998000 188 188 188
v 44.464001 114.297997 2.998000 188 188 188
v 44.464001 113.498009 5.200000 188 188 188
v 44.464001 114.297997 2.998000 188 188 188
v 44.464001 113.498009 2.998000 188 188 188
v 38.466003 114.297997 2.998000 188 188 188
v 38.466003 113.498009 2.998000 188 188 188
v 38.466003 113.498009 5.800000 188 188 188
v 38.466003 113.865997 5.800000 188 188 188
v 38.466003 114.297997 5.800000 188 188 188
v 38.466003 114.297997 6.508000 188 188 188
v 38.466003 114.598007 5.800000 188 188 188
v 38.466003 114.297997 6.508000 188 188 188
v 44.464001 114.297997 6.508000 188 188 188
v 38.466003 114.297997 7.998000 188 188 188
v 44.464001 113.865997 5.800000 188 188 188
v 38.466003 113.865997 5.800000 188 188 188
v 44.464001 113.498009 5.800000 188 188 188
v 44.464001 114.598007 5.200000 188 188 188
v 44.464001 113.865997 5.800000 188 188 188
v 44.464001 114.297997 5.200000 188 188 188
v 44.464001 114.297997 5.200000 188 188 188
v 44.464001 115.898003 2.000000 188 188 188
v 44.464001 114.598007 5.200000 188 188 188
v 44.464001 114.297997 6.508000 188 188 188
v 44.464001 114.598007 6.998000 188 188 188
v 44.464001 114.297997 7.998000 188 188 188
v 44.464001 114.297997 7.998000 188 188 188
v 38.466003 114.297997 7.998000 188 188 188
v 44.464001 114.297997 6.508000 188 188 188
v 38.466003 114.297997 6.508000 188 188 188
v 38.466003 114.297997 7.998000 188 188 188
v 38.466003 114.598007 5.800000 188 188 188
v 44.464001 115.898003 7.998000 188 188 188
v 38.466003 115.898003 2.000000 188 188 188
v 38.466003 115.898003 7.998000 188 188 188
v 38.466003 114.598007 5.800000 188 188 188
v 38.466003 114.598007 2.998000 188 188 188
v 38.466003 114.297997 2.998000 188 188 188
v 38.466003 114.297997 2.000000 188 188 188
v 44.464001 114.297997 2.000000 188 188 188
v 38.466003 114.297997 2.998000 188 188 188
v 44.464001 115.898003 2.000000 188 188 188
v 13.338000 118.054008 2.000000 188 188 188
v 38.466003 115.898003 2.000000 188 188 188
v 33.024002 133.661987 2.000000 188 188 188
v 5.500000 113.407997 2.000000 188 188 188
v 13.338000 118.054008 2.000000 188 188 188
v 5.500000 112.099998 2.000000 188 188 188
v 38.466003 114.297997 2.000000 188 188 188
v 6.346000 112.742004 2.000000 188 188 188
v 5.500000 112.099998 2.000000 188 188 188
v 0.186000 117.600006 2.000000 188 188 188
v 4.074000 112.285995 2.000000 188 188 188
v 0.186000 117.600006 2.000000 188 188 188
v 5.500000 117.600006 2.000000 188 188 188
v 0.186000 117.709999 2.000000 188 188 188
v 32.850002 135.952011 2.000000 188 188 188
v 5.500000 117.600006 2.000000 188 188 188
v 32.850002 133.856003 2.000000 188 188 188
v 32.850002 133.856003 2.000000 188 188 188
v 58.236004 152.814011 2.000000 188 188 188
v 60.198002 154.304001 2.000000 188 188 188
v 31.868000 133.111984 2.000000 188 188 188
v 5.500000 113.407997 2.000000 188 188 188
v 33.024002 133.661987 2.000000 188 188 188
v 33.024002 133.661987 2.000000 188 188 188
v 13.338000 118.054008 2.000000 188 188 188
v 60.550003 153.916000 2.000000 188 188 188
v 84.606003 172.518005 2.000000 188 188 188
v 60.198002 154.304001 2.000000 188 188 188
v 58.236004 152.814011 2.000000 188 188 188
v 85.588005 173.262009 2.000000 188 188 188
v 84.606003 172.518005 2.000000 188 188 188
v 110.975998 192.220016 2.000000 188 188 188
v 85.762001 173.068008 2.000000 188 188 188
v 60.550003 153.916000 2.000000 188 188 188
v 87.724007 171.807999 2.000000 188 188 188
v 114.898003 190.409988 2.000000 188 188 188
v 110.975998 192.220016 2.000000 188 188 188
v 114.898003 189.700012 2.000000 188 188 188
v 87.724007 171.807999 2.000000 188 188 188
v 60.550003 153.916000 2.000000 188 188 188
v 90.380005 171.807999 2.000000 188 188 188
v 114.898003 189.700012 2.000000 188 188 188
v 120.212006 189.700012 2.000000 188 188 188
v 114.898003 190.409988 2.000000 188 188 188
v 90.380005 171.752014 2.000000 188 188 188
v 120.212006 189.588013 2.000000 188 188 188
v 90.380005 171.807999 2.000000 188 188 188
v 120.212006 189.588013 2.000000 188 188 188
v 90.380005 171.752014 2.000000 188 188 188
v 120.212006 189.700012 2.000000 188 188 188
v 120.398003 189.700012 2.000000 188 188 188
v 120.212006 191.122009 2.000000 188 188 188
v 118.200005 163.166000 2.000000 188 188 188
v 120.398003 189.700012 2.000000 188 188 188
v 118.200005 169.166016 2.000000 188 188 188
v 116.600006 169.166016 2.000000 188 188 188
v 117.900009 169.166016 2.998000 188 188 188
v 118.200005 169.166016 2.000000 188 188 188
v 97.293343 173.884491 2.000000 188 188 188
v 97.544334 173.810120 2.000000 188 188 188
v 116.600006 169.166016 2.000000 188 188 188
v 96.260925 174.048004 2.000000 188 188 188
v 96.521889 174.027466 2.000000 188 188 188
v 95.476608 174.027466 2.000000 188 188 188
v 95.737572 174.048004 2.000000 188 188 188
v 95.217079 173.993301 2.000000 188 188 188
v 95.476608 174.027466 2.000000 188 188 188
v 94.705154 173.884491 2.000000 188 188 188
v 94.959679 173.945587 2.000000 188 188 188
v 94.207405 173.722733 2.000000 188 188 188
v 94.454163 173.810120 2.000000 188 188 188
v 114.898003 186.406006 0.000000 188 188 188
v 94.086494 173.672668 0.000000 188 188 188
v 114.898003 186.406006 0.000000 188 188 188
v 93.965569 173.622574 0.000000 188 188 188
v 120.212006 189.588013 2.000000 188 188 188
v 93.965569 173.622574 2.000000 188 188 188
v 93.729294 173.509888 0.000000 188 188 188
v 93.965569 173.622574 0.000000 188 188 188
v 120.212006 189.588013 2.000000 188 188 188
v 93.729294 173.509888 2.000000 188 188 188
v 93.835617 173.560593 2.000000 188 188 188
v 90.380005 171.752014 2.000000 188 188 188
v 93.729294 173.509888 2.000000 188 188 188
v 93.499252 173.384979 0.000000 188 188 188
v 93.729294 173.509888 0.000000 188 188 188
v 90.380005 171.752014 2.000000 188 188 188
v 93.499252 173.384979 2.000000 188 188 188
v 93.602760 173.441193 2.000000 188 188 188
v 93.276054 173.248199 0.000000 188 188 188
v 87.548004 170.028015 0.000000 188 188 188
v 93.387650 173.316589 0.000000 188 188 188
v 93.499252 173.384979 0.000000 188 188 188
v 114.898003 186.406006 0.000000 188 188 188
v 93.729294 173.509888 0.000000 188 188 188
v 87.548004 170.028015 0.000000 188 188 188
v 60.198002 153.648010 0.000000 188 188 188
v 87.548004 174.424011 0.000000 188 188 188
v 114.898003 186.406006 0.000000 188 188 188
v 114.898003 195.198013 0.000000 188 188 188
v 120.398003 189.700012 0.000000 188 188 188
v 60.198002 192.448013 0.000000 188 188 188
v 60.198002 195.198013 0.000000 188 188 188
v 114.898003 195.198013 0.000000 188 188 188
v 87.548004 176.622009 0.000000 188 188 188
v 87.548004 174.424011 0.000000 188 188 188
v 60.198002 158.046005 0.000000 188 188 188
v 5.500000 189.700012 0.000000 188 188 188
v 5.500000 195.198013 0.000000 188 188 188
v 60.198002 192.448013 0.000000 188 188 188
v 32.850002 173.872009 0.000000 188 188 188
v 60.198002 158.046005 0.000000 188 188 188
v 5.500000 155.296005 0.000000 188 188 188
v 5.500000 155.296005 0.000000 188 188 188
v 5.500000 120.891998 0.000000 188 188 188
v 2.750000 155.296005 0.000000 188 188 188
v 5.500000 195.198013 0.000000 188 188 188
v 5.500000 189.700012 0.000000 188 188 188
v 0.000000 189.700012 0.000000 188 188 188
v 2.750000 155.296005 0.000000 188 188 188
v 5.500000 120.891998 0.000000 188 188 188
v 0.000000 153.648010 0.000000 188 188 188
v 0.000000 153.648010 1.000000 188 188 188
v 0.000000 153.648010 0.000000 188 188 188
v 0.000000 117.600006 0.000000 188 188 188
v 0.000000 189.700012 0.000000 188 188 188
v 0.000000 189.700012 2.000000 188 188 188
v 0.186000 191.122009 2.000000 188 188 188
v 0.000000 153.648010 2.000000 188 188 188
v 2.198000 136.098007 2.000000 188 188 188
v 0.000000 189.700012 2.000000 188 188 188
v 0.000000 153.648010 2.000000 188 188 188
v 0.000000 153.648010 1.000000 188 188 188
v 0.000000 117.600006 2.000000 188 188 188

f 487 488 489
f 843 491 844
f 492 845 846
f 509 847 848
f 849 850 500
f 515 851 852
f 514 853 854
f 855 856 527
f 857 858 512
f 526 859 860
f 861 862 501
f 863 864 510
f 865 866 495
f 840 867 868
f 869 870 449
f 375 871 872
f 645 432 122
f 873 874 150
f 875 876 42
f 877 878 224
f 879 880 270
f 881 882 34
f 883 884 402
f 885 886 194
f 887 888 10
f 889 890 158
f 891 892 416
f 893 894 58
f 895 896 418
f 897 898 134
f 899 900 454
f 901 902 97
f 903 904 155
f 905 906 5
f 907 908 351
f 909 910 307
f 911 912 89
f 913 914 175
f 915 916 599
f 917 918 658
f 919 547 920
f 921 922 602
f 659 923 924
f 925 926 601
f 600 927 928
f 929 930 596
f 842 931 932
f 933 934 592
f 935 936 567
f 937 568 938
f 566 939 940
f 572 941 942
f 943 944 573
f 945 946 593
f 947 565 948
f 949 578 950
f 951 952 554
f 953 604 954
f 594 955 956
f 957 637 958
f 630 959 960
f 961 669 962
f 963 761 964
f 762 965 966
f 967 760 968
f 969 970 764
f 971 755 972
f 973 974 756
f 975 976 753
f 977 978 629
f 979 980 981
f 751 982 983
f 984 752 985
f 750 986 987
f 759 988 989
f 990 757 991
f 992 758 993
f 668 994 995
f 996 997 998
f 999 1000 1001
f 1002 1003 670
f 1004 1005 763
f 1006 748 1007
f 754 1008 1009
f 1010 1011 1012
f 1013 749 1014
f 1015 1016 671
f 1017 1018 1019
f 563 1020 1021
f 1022 1023 1024
f 1025 655 1026
f 654 1027 1028
f 1029 1030 627
f 1031 1032 1033
f 1034 625 1035
f 631 1036 1037
f 1038 560 1039
f 636 1040 1041
f 1042 635 1043
f 1044 1045 624
f 1046 628 1047
f 1048 1049 616
f 1050 1051 1052
f 613 1053 1054
f 1055 617 1056
f 612 1057 1058
f 1059 564 1060
f 657 1061 1062
f 1063 1064 1065
f 1066 1067 546
f 544 1068 1069
f 1070 545 1071
f 503 1072 1073
f 1074 559 1075
f 522 1076 1077
f 1078 561 1079
f 523 1080 1081
f 1082 614 1083
f 532 1084 1085
f 1086 633 1087
f 504 1088 1089
f 1090 634 1091
f 505 1092 1093
f 1094 622 1095
f 525 1096 1097
f 1098 781 1099
f 528 1100 1101
f 497 1102 1103
f 1104 1105 1106
f 1107 577 1108
f 530 1109 1110
f 1111 579 1112
f 531 1113 1114
f 1115 640 1116
f 533 1117 1118
f 1119 1120 639
f 1121 534 1122
f 1123 1124 1125
f 1126 1127 498
f 1128 1129 493
f 508 1130 1131
f 1132 1133 1134
f 507 1135 1136
f 841 1137 1138
f 1139 1140 516
f 1141 1142 511
f 1143 1144 1145
f 1146 1147 1148
f 1149 1150 1151
f 1152 1153 1154
f 1155 1156 1157
f 1158 1159 513
f 517 1160 1161
f 1162 1163 518
f 1164 1165 1166
f 520 1167 1168
f 1169 1170 521
f 1171 1172 524
f 1173 494 1174
f 1175 1176 1177
f 1178 1179 1180
f 1181 1182 1183
f 1184 496 1185
f 1186 1187 1188
f 502 1189 1190
f 1191 1192 1193
f 1194 1195 1196
f 1197 50 1198
f 1199 166 1200
f 1201 88 1202
f 1203 66 1204
f 1205 192 1206
f 1207 20 1208
f 1209 238 1210
f 1211 362 1212
f 1213 306 1214
f 1215 136 1216
f 1217 100 1218
f 1219 70 1220
f 1221 128 1222
f 1223 284 1224
f 1225 54 1226
f 1227 370 1228
f 1229 410 1230
f 1231 74 1232
f 200 1233 1234
f 478 1235 1236
f 1237 477 73
f 369 1238 1239
f 409 1240 1241
f 53 1242 413
f 283 1243 1244
f 127 1245 1246
f 69 1247 1248
f 473 1249 1250
f 99 1251 1252
f 135 1253 1254
f 287 1255 1256
f 85 361 305
f 1257 1258 1259
f 237 1260 1261
f 19 1262 1263
f 105 1264 1265
f 203 1266 191
f 65 1267 1268
f 87 1269 1270
f 165 1271 1272
f 231 1273 1274
f 253 1275 143
f 1276 1277 49
f 27 1278 1279
f 265 1280 275
f 281 1281 1282
f 479 1283 443
f 333 1284 1285
f 1286 250 334
f 1287 1288 444
f 1289 1290 266
f 1291 1292 276
f 1293 430 1294
f 457 79 183
f 1295 1296 1297
f 1298 1299 429
f 363 1300 1301
f 357 1302 1303
f 364 358 80
f 1304 1305 1306
f 1307 1308 184
f 1309 302 1310
f 1311 294 1312
f 301 1313 293
f 325 1314 1315
f 315 1316 1317
f 14 236 326
f 1318 1319 1320
f 1321 112 1322
f 111 575 13
f 1323 1324 1325
f 1326 1327 235
f 598 1328 1329
f 597 1330 1331
f 1332 1333 1334
f 1335 1336 1337
f 574 1338 1339
f 3 1340 1341
f 1342 1343 451
f 452 519 312
f 1344 1 1345
f 1346 1347 1348
f 1349 1350 189
f 1351 190 214
f 1352 1353 434
f 1354 1355 114
f 1356 1357 174
f 1358 1359 228
f 1360 1361 48
f 1362 1363 244
f 1364 1365 142
f 1366 1367 462
f 1368 1369 24
f 1370 1371 400
f 6 1372 1373
f 399 1374 261
f 1375 1376 385
f 1377 82 342
f 1378 1379 368
f 1380 1381 350
f 1382 1383 300
f 1384 1385 108
f 1386 1387 320
f 1388 1389 376
f 1390 1391 450
f 107 1392 319
f 299 1393 1394
f 349 1395 1396
f 367 1397 1398
f 341 1399 1400
f 81 1401 1402
f 465 1403 1404
f 1405 466 1406
f 163 1407 1408
f 1409 164 1410
f 391 1411 1412
f 1413 392 1414
f 63 1415 1416
f 1417 64 1418
f 257 1419 1420
f 1421 258 1422
f 329 1423 1424
f 1425 330 1426
f 381 1427 1428
f 1429 382 1430
f 15 1431 1432
f 1433 16 1434
f 1435 386 1436
f 1437 262 1438
f 1439 1440 1441
f 23 1442 1443
f 461 1444 1445
f 141 1446 1447
f 243 1448 1449
f 47 1450 1451
f 227 1452 1453
f 173 1454 1455
f 113 1456 1457
f 433 1458 1459
f 213 1460 1461
f 1462 1463 1464
f 1465 311 1466
f 1467 1468 1469
f 1470 1471 1472
f 240 1473 1474
f 366 1475 1476
f 304 1477 340
f 356 1478 1479
f 1480 153 355
f 1481 95 1482
f 96 1483 154
f 72 1484 1485
f 1486 1487 348
f 1488 1489 132
f 1490 1491 120
f 1492 1493 56
f 1494 1495 208
f 1496 1497 268
f 1498 1499 346
f 1500 1501 38
f 1502 1503 338
f 1504 1505 322
f 1506 1507 314
f 1508 1509 296
f 1510 1511 292
f 1512 1513 168
f 1514 1515 110
f 1516 1517 12
f 1518 1519 380
f 1520 1521 374
f 1522 1523 404
f 1524 1525 428
f 1526 1527 484
f 1528 1529 328
f 1530 1531 482
f 1532 1533 76
f 1534 1535 280
f 1536 1537 182
f 1538 1539 424
f 1540 1541 30
f 1542 1543 252
f 1544 1545 148
f 1546 1547 242
f 1548 1549 446
f 1550 1551 226
f 1552 1553 260
f 1554 1555 344
f 1556 1557 62
f 1558 1559 212
f 1560 1561 188
f 1562 1563 126
f 1564 1565 46
f 1566 1567 336
f 1568 1569 160
f 1570 1571 1572
f 1573 1574 310
f 1575 1576 290
f 1577 1578 138
f 1579 1580 22
f 1581 1582 472
f 1583 1584 146
f 1585 1586 420
f 1587 1588 438
f 1589 1590 186
f 1591 1592 440
f 1593 1594 456
f 1595 1596 198
f 1597 1598 286
f 1599 1600 36
f 1601 1602 274
f 1603 1604 246
f 1605 1606 44
f 1607 1608 464
f 1609 1610 140
f 1611 1612 104
f 1613 1614 60
f 1615 1616 172
f 1617 210 1618
f 59 1619 209
f 103 1620 1621
f 139 1622 1623
f 463 1624 1625
f 43 1626 1627
f 245 1628 1629
f 273 1630 1631
f 475 1632 1633
f 35 1634 1635
f 285 1636 1637
f 197 1638 1639
f 407 1640 1641
f 455 1642 1643
f 439 1644 1645
f 185 1646 1647
f 467 1648 1649
f 437 1650 1651
f 419 1652 1653
f 145 1654 1655
f 471 1656 1657
f 21 1658 1659
f 101 1660 1661
f 137 1662 1663
f 289 1664 1665
f 309 1666 1667
f 91 1668 1669
f 159 1670 1671
f 335 1672 1673
f 45 1674 1675
f 125 1676 1677
f 187 1678 1679
f 211 1680 1681
f 61 1682 1683
f 343 1684 1685
f 259 1686 1687
f 225 1688 1689
f 445 1690 1691
f 241 1692 1693
f 147 1694 1695
f 251 1696 1697
f 29 1698 1699
f 423 1700 1701
f 181 1702 1703
f 279 1704 1705
f 75 1706 1707
f 481 1708 1709
f 327 1710 1711
f 483 1712 1713
f 427 1714 1715
f 403 1716 1717
f 373 1718 1719
f 379 1720 1721
f 11 1722 1723
f 109 1724 1725
f 167 1726 1727
f 291 1728 1729
f 295 1730 1731
f 313 1732 1733
f 321 1734 1735
f 337 1736 1737
f 37 1738 1739
f 345 1740 1741
f 267 1742 1743
f 207 1744 1745
f 55 1746 1747
f 119 1748 1749
f 131 1750 1751
f 347 1752 1753
f 71 1754 1755
f 1756 1757 171
f 1758 476 1759
f 1760 408 1761
f 1762 468 1763
f 1764 102 1765
f 1766 92 1767
f 1768 1769 1770
f 1771 1772 303
f 1773 1774 339
f 1775 1776 1777
f 1778 1779 365
f 1780 1781 239
f 1782 1783 1784
f 1785 1786 1787
f 1788 1789 1790
f 1791 1792 1793
f 1794 1795 1796
f 1797 1798 1799
f 798 1800 1801
f 1802 790 1803
f 1804 789 1805
f 1806 825 1807
f 1808 824 1809
f 823 1810 1811
f 1812 1813 813
f 1814 711 1815
f 822 1816 1817
f 1818 826 1819
f 1820 1821 1822
f 1823 1824 690
f 1825 1826 1827
f 1828 688 1829
f 1830 1831 1832
f 1833 1834 686
f 1835 687 1836
f 1837 1838 832
f 831 1839 1840
f 1841 1842 1843
f 791 1844 1845
f 1846 829 1847
f 1848 1849 1850
f 812 1851 1852
f 830 1853 1854
f 1855 1856 1857
f 710 1858 1859
f 1860 708 1861
f 709 1862 1863
f 1864 1865 1866
f 1867 1868 1869
f 1870 1871 1872
f 1873 1874 1875
f 1876 1877 1878
f 1879 1880 1881
f 1882 1883 1884
f 1885 1886 1887
f 1888 1889 1890
f 1891 1892 1893
f 1894 1895 1896
f 1897 1898 1899
f 1900 1901 1902
f 1903 1904 1905
f 1906 1907 1908
f 1909 1910 1911
f 1912 1913 1914
f 1915 1916 1917
f 1918 1919 1920
f 1921 1922 316
f 1923 1924 1925
f 1926 1927 1928
f 1929 1930 1931
f 1932 458 1933
f 1934 1935 394
f 393 1936 1937
f 249 1938 1939
f 1940 1941 1942
f 1943 1944 1945
f 1946 480 1947
f 1948 282 1949
f 1950 1951 1952
f 1953 1954 28
f 1955 1956 144
f 1957 1958 1959
f 1960 254 1961
f 1962 1963 220
f 219 1964 1965
f 1966 1967 1968
f 1969 1970 1971
f 1972 1973 1974
f 1975 1976 1977
f 1978 199 1979
f 1980 389 1981
f 32 1982 390
f 396 1983 1984
f 162 1985 1986
f 1987 395 31
f 1988 161 1989
f 1990 221 1991
f 1992 7 1993
f 486 152 8
f 1994 1995 1996
f 118 1997 1998
f 425 117 151
f 1999 2000 2001
f 2002 2003 485
f 2004 205 2005
f 206 2006 426
f 272 2007 2008
f 2009 4 271
f 359 2010 2011
f 39 2012 2013
f 323 2014 2015
f 123 2016 2017
f 297 2018 2019
f 177 2020 2021
f 115 2022 2023
f 447 2024 2025
f 371 2026 2027
f 67 2028 2029
f 255 2030 2031
f 331 2032 2033
f 383 2034 2035
f 77 2036 2037
f 169 2038 2039
f 25 2040 2041
f 247 2042 2043
f 129 2044 2045
f 17 2046 2047
f 229 2048 2049
f 263 2050 2051
f 435 2052 2053
f 215 2054 2055
f 195 2056 2057
f 51 2058 2059
f 2060 317 2061
f 318 2062 196
f 2063 2064 216
f 2065 2066 436
f 230 264 18
f 248 130 26
f 388 170 78
f 2067 2068 2069
f 2070 2071 384
f 2072 2073 332
f 2074 2075 256
f 2076 2077 68
f 2078 2079 278
f 448 2080 116
f 2081 2082 178
f 2083 2084 354
f 298 2085 124
f 2086 2087 324
f 2088 2089 442
f 40 2090 360
f 2091 2092 2093
f 2094 2095 2096
f 378 2097 2098
f 372 2099 2100
f 2101 2102 2103
f 2104 2105 2106
f 422 2107 2108
f 2109 2110 2111
f 218 2112 2113
f 2114 2115 2116
f 2117 2118 2119
f 84 2120 2121
f 2122 2123 2124
f 52 2125 2126
f 234 176 2127
f 90 308 2128
f 2129 2130 2131
f 156 2132 2133
f 352 2134 2135
f 98 2136 2137
f 2 2138 2139
f 453 2140 2141
f 469 2142 2143
f 417 2144 133
f 57 2145 2146
f 415 2147 2148
f 157 2149 2150
f 411 2151 2152
f 405 2153 9
f 193 2154 2155
f 401 33 2156
f 2157 2158 2159
f 397 2160 2161
f 223 2162 269
f 41 2163 2164
f 149 2165 459
f 121 2166 2167
f 2168 2169 2170
f 2171 2172 2173
f 2174 2175 2176
f 2177 2178 2179
f 2180 233 2181
f 2182 2183 2184
f 2185 83 2186
f 2187 217 2188
f 2189 421 2190
f 2191 387 2192
f 2193 277 2194
f 2195 377 2196
f 2197 353 2198
f 2199 441 2200
f 2201 2202 2203
f 2204 2205 2206
f 2207 2208 2209
f 2210 2211 222
f 2212 2213 2214
f 2215 2216 2217
f 2218 2219 2220
f 2221 2222 2223
f 2224 414 2225
f 2226 474 2227
f 2228 288 2229
f 2230 86 2231
f 2232 106 2233
f 2234 204 2235
f 2236 232 2237
f 2238 2239 2240
f 2241 2242 2243
f 2244 2245 2246
f 2247 2248 2249
f 2250 2251 2252
f 490 2253 2254
f 2255 638 2256
f 2257 2258 2259
f 2260 2261 2262
f 644 2263 2264
f 660 2265 2266
f 2267 552 2268
f 2269 2270 821
f 2271 673 2272
f 2273 2274 672
f 2275 651 2276
f 2277 2278 652
f 2279 2280 576
f 2281 2282 2283
f 2284 2285 2286
f 661 2287 2288
f 2289 558 2290
f 2291 2292 663
f 2293 2294 797
f 2295 796 2296
f 2297 808 2298
f 2299 809 2300
f 2301 807 2302
f 2303 806 2304
f 2305 703 2306
f 692 2307 2308
f 2309 701 2310
f 693 2311 2312
f 2313 2314 700
f 2315 695 2316
f 2317 2318 691
f 2319 782 2320
f 2321 2322 783
f 2323 2324 2325
f 662 2326 2327
f 2328 2329 2330
f 2331 2332 2333
f 2334 2335 2336
f 2337 2338 2339
f 2340 2341 641
f 615 2342 2343
f 2344 588 2345
f 590 2346 2347
f 2348 589 2349
f 2350 2351 632
f 656 2352 2353
f 2354 684 2355
f 2356 611 2357
f 2358 607 2359
f 649 2360 2361
f 675 2362 2363
f 2364 735 2365
f 732 2366 2367
f 2368 730 2369
f 2370 731 2371
f 736 2372 2373
f 2374 743 2375
f 747 2376 2377
f 2378 2379 745
f 2380 2381 2382
f 2383 676 2384
f 2385 2386 681
f 2387 677 2388
f 2389 2390 2391
f 2392 741 2393
f 746 2394 2395
f 2396 740 2397
f 582 2398 2399
f 2400 737 2401
f 2402 2403 2404
f 2405 2406 734
f 2407 2408 2409
f 2410 2411 733
f 738 2412 2413
f 739 2414 2415
f 2416 2417 2418
f 2419 2420 744
f 2421 2422 2423
f 742 2424 2425
f 2426 2427 2428
f 2429 2430 2431
f 2432 2433 2434
f 2435 2436 2437
f 595 2438 2439
f 2440 2441 549
f 2442 2443 586
f 571 2444 2445
f 548 2446 2447
f 2448 2449 550
f 608 2450 2451
f 2452 2453 609
f 2454 2455 2456
f 2457 2458 557
f 2459 2460 553
f 2461 2462 2463
f 551 2464 2465
f 2466 2467 2468
f 2469 2470 2471
f 2472 2473 801
f 2474 800 2475
f 2476 820 2477
f 2478 803 2479
f 819 2480 2481
f 815 2482 2483
f 2484 2485 814
f 2486 698 2487
f 2488 2489 2490
f 2491 2492 699
f 697 2493 2494
f 2495 696 2496
f 674 2497 2498
f 2499 694 2500
f 2501 2502 2503
f 2504 816 2505
f 2506 2507 817
f 799 2508 2509
f 2510 2511 818
f 2512 2513 802
f 2514 2515 2516
f 804 2517 2518
f 2519 2520 2521
f 2522 2523 2524
f 2525 2526 2527
f 2528 2529 2530
f 2531 2532 2533
f 2534 2535 2536
f 2537 2538 2539
f 2540 2541 2542
f 2543 2544 2545
f 2546 2547 2548
f 2549 2550 2551
f 2552 2553 2554
f 2555 2556 2557
f 2558 2559 2560
f 2561 2562 2563
f 2564 2565 2566
f 606 2567 2568
f 2569 605 2570
f 2571 2572 2573
f 2574 2575 2576
f 2577 2578 2579
f 2580 2581 729
f 2582 2583 728
f 2584 727 2585
f 2586 725 2587
f 2588 2589 682
f 2590 2591 2592
f 726 2593 2594
f 2595 724 2596
f 2597 715 2598
f 720 2599 2600
f 2601 2602 714
f 721 2603 2604
f 2605 683 2606
f 2607 2608 2609
f 2610 2611 2612
f 685 2613 2614
f 2615 713 2616
f 712 2617 2618
f 2619 718 2620
f 2621 2622 2623
f 719 2624 2625
f 2626 716 2627
f 717 2628 2629
f 723 2630 2631
f 2632 2633 2634
f 2635 2636 2637
f 2638 2639 2640
f 2641 2642 2643
f 2644 2645 2646
f 2647 2648 2649
f 2650 2651 2652
f 2653 2654 2655
f 2656 2657 2658
f 2659 2660 2661
f 722 2662 2663
f 2664 2665 2666
f 2667 2668 2669
f 2670 2671 2672
f 2673 2674 2675
f 2676 2677 2678
f 2679 2680 2681
f 2682 2683 2684
f 2685 2686 2687
f 610 2688 2689
f 2690 2691 2692
f 2693 2694 2695
f 2696 2697 2698
f 569 2699 2700
f 2701 570 2702
f 2703 2704 2705
f 2706 2707 2708
f 587 2709 2710
f 591 2711 2712
f 2713 2714 2715
f 2716 2717 2718
f 2719 2720 581
f 580 2721 2722
f 2723 2724 2725
f 2726 2727 2728
f 2729 2730 584
f 2731 2732 2733
f 2734 2735 2736
f 2737 583 2738
f 618 2739 2740
f 2741 2742 2743
f 2744 2745 2746
f 585 2747 2748
f 2749 780 2750
f 499 2751 2752
f 2753 2754 529
f 2755 2756 2757
f 2758 2759 2760
f 2761 2762 2763
f 648 2764 2765
f 2766 2767 2768
f 2769 2770 647
f 2771 538 2772
f 2773 2774 537
f 2775 2776 2777
f 2778 2779 536
f 2780 2781 535
f 2782 2783 506
f 2784 2785 2786
f 2787 2788 2789
f 642 2790 2791
f 2792 2793 2794
f 643 2795 2796
f 2797 2798 2799
f 646 2800 2801
f 2802 2803 2804
f 2805 2806 2807
f 2808 2809 2810
f 2811 2812 2813
f 2814 2815 2816
f 2817 2818 2819
f 543 2820 2821
f 2822 2823 2824
f 2825 542 2826
f 2827 620 2828
f 2829 2830 619
f 2831 2832 2833
f 653 2834 2835
f 2836 540 2837
f 2838 2839 539
f 2840 650 2841
f 2842 2843 541
f 2844 2845 2846
f 2847 2848 2849
f 2850 2851 2852
f 2853 2854 2855
f 2856 2857 2858
f 2859 2860 2861
f 2862 2863 2864
f 2865 2866 2867
f 2868 2869 2870
f 2871 2872 2873
f 2874 2875 2876
f 2877 2878 2879
f 2880 2881 603
f 2882 2883 2884
f 2885 2886 2887
f 2888 2889 2890
f 2891 2892 2893
f 2894 2895 2896
f 2897 2898 2899
f 2900 2901 2902
f 2903 2904 2905
f 2906 2907 2908
f 2909 2910 2911
f 2912 2913 2914
f 2915 2916 2917
f 2918 2919 2920
f 2921 2922 2923
f 2924 2925 2926
f 2927 2928 2929
f 2930 2931 2932
f 2933 2934 2935
f 2936 2937 2938
f 2939 2940 2941
f 2942 2943 2944
f 2945 2946 2947
f 2948 2949 2950
f 786 2951 2952
f 2953 2954 2955
f 2956 2957 787
f 2958 2959 788
f 2960 2961 2962
f 805 2963 2964
f 2965 784 2966
f 2967 785 2968
f 2969 2970 2971
f 2972 2973 2974
f 2975 2976 2977
f 2978 2979 702
f 2980 2981 2982
f 2983 2984 2985
f 2986 2987 2988
f 2989 2990 2991
f 2992 2993 2994
f 2995 2996 2997
f 2998 2999 3000
f 3001 3002 3003
f 3004 3005 3006
f 3007 3008 3009
f 3010 3011 3012
f 3013 3014 3015
f 3016 3017 3018
f 3019 3020 3021
f 3022 3023 3024
f 3025 3026 3027
f 3028 3029 3030
f 3031 3032 3033
f 3034 3035 3036
f 3037 3038 3039
f 3040 3041 3042
f 3043 3044 3045
f 3046 3047 3048
f 3049 3050 3051
f 3052 3053 3054
f 3055 3056 3057
f 3058 3059 3060
f 3061 3062 3063
f 3064 3065 3066
f 3067 3068 3069
f 3070 3071 3072
f 621 3073 3074
f 3075 3076 555
f 3077 3078 556
f 3079 3080 3081
f 3082 562 3083
f 3084 3085 3086
f 3087 3088 3089
f 3090 623 3091
f 3092 3093 665
f 3094 3095 3096
f 3097 770 3098
f 771 3099 3100
f 3101 767 3102
f 3103 769 3104
f 3105 3106 773
f 3107 779 3108
f 3109 3110 778
f 3111 3112 626
f 3113 3114 3115
f 776 3116 3117
f 774 3118 3119
f 3120 775 3121
f 3122 3123 667
f 777 3124 3125
f 3126 766 3127
f 772 3128 3129
f 765 3130 3131
f 3132 3133 3134
f 664 3135 3136
f 3137 3138 3139
f 3140 3141 666
f 3142 3143 3144
f 3145 3146 3147
f 3148 768 3149
f 3150 3151 3152
f 3153 3154 3155
f 3156 3157 3158
f 3159 3160 3161
f 3162 3163 3164
f 3165 3166 3167
f 3168 3169 3170
f 3171 3172 3173
f 3174 3175 3176
f 3177 3178 3179
f 3180 3181 3182
f 3183 3184 3185
f 3186 3187 3188
f 3189 3190 3191
f 3192 3193 3194
f 3195 3196 3197
f 3198 3199 3200
f 3201 3202 3203
f 3204 3205 3206
f 3207 3208 3209
f 3210 3211 3212
f 3213 3214 3215
f 3216 3217 3218
f 3219 3220 3221
f 3222 3223 3224
f 3225 3226 3227
f 3228 3229 3230
f 3231 3232 3233
f 3234 3235 3236
f 3237 3238 3239
f 3240 3241 3242
f 3243 3244 3245
f 3246 3247 3248
f 3249 3250 3251
f 3252 3253 3254
f 3255 3256 3257
f 3258 3259 680
f 689 3260 3261
f 3262 3263 834
f 3264 706 3265
f 3266 3267 678
f 3268 704 3269
f 679 3270 3271
f 3272 3273 705
f 3274 837 3275
f 3276 3277 3278
f 839 3279 3280
f 3281 3282 793
f 3283 3284 3285
f 3286 3287 795
f 3288 3289 3290
f 792 3291 3292
f 3293 3294 835
f 3295 3296 3297
f 833 3298 3299
f 3300 828 3301
f 3302 3303 811
f 3304 810 3305
f 3306 3307 3308
f 3309 3310 707
f 3311 3312 3313
f 3314 836 3315
f 3316 3317 827
f 3318 3319 838
f 3320 3321 3322
f 794 3323 3324
f 3325 3326 3327
f 3328 3329 3330
f 3331 3332 3333
f 3334 3335 3336
f 3337 3338 3339
f 3340 3341 3342
f 3343 3344 3345
f 3346 3347 3348
f 3349 3350 3351
f 3352 3353 3354
f 3355 3356 3357
f 3358 3359 3360
f 3361 3362 3363
f 3364 3365 3366
f 3367 3368 3369
f 3370 3371 3372
f 3373 3374 3375
f 3376 3377 3378
f 3379 3380 3381
f 3382 3383 3384
f 3385 3386 3387
f 3388 3389 3390
f 3391 3392 3393
f 3394 3395 3396
f 3397 3398 3399
f 3400 3401 3402
f 3403 3404 3405
f 3406 3407 3408
f 3409 3410 3411
f 3412 3413 3414
f 3415 3416 3417
f 3418 3419 3420
f 3421 3422 3423
f 3424 3425 3426
f 3427 3428 3429
f 3430 3431 3432
f 3433 3434 3435
f 3436 3437 3438
f 3439 3440 3441
f 3442 3443 3444
f 3445 3446 3447
f 3448 3449 3450
f 3451 3452 3453
f 3454 3455 3456
f 3457 3458 3459
f 3460 3461 3462
f 3463 3464 3465
f 3466 3467 3468
f 3469 3470 3471
f 3472 3473 3474
f 3475 3476 3477
f 3478 3479 3480
f 3481 3482 3483
f 3484 3485 3486
f 3487 3488 3489
f 3490 3491 3492
f 3493 3494 3495
f 3496 3497 3498
f 3499 3500 3501
f 3502 3503 3504
f 3505 3506 3507
f 3508 3509 180
f 3510 3511 3512
f 3513 3514 3515
f 3516 3517 3518
f 3519 3520 3521
f 3522 470 3523
f 3524 412 3525
f 3526 406 3527
f 3528 398 3529
f 3530 460 3531
f 431 3532 3533
f 179 3534 3535
f 3536 202 3537
f 201 3538 3539
f 3540 3541 3542
f 3543 94 3544
f 93 3545 3546
f 3547 3548 3549
f 3550 3551 3552
f 3553 3554 3555
f 3556 3557 3558
f 3559 3560 3561
f 3562 3563 3564
f 3565 3566 3567
f 3568 3569 3570
f 3571 3572 3573
f 3574 3575 3576
f 3577 3578 3579
f 3580 3581 3582
f 3583 3584 3585
f 3586 3587 3588
f 3589 3590 3591
f 3592 3593 3594

usemtl Turquoise_0
f 450 375 449
f 94 450 449
f 94 449 93
f 180 94 93
f 180 93 179
f 202 180 179
f 202 179 201
f 432 202 201
f 432 201 431
f 431 121 432
f 121 122 432
f 73 478 74
f 477 478 73
f 410 409 73
f 409 370 369
f 369 370 414
f 413 369 414
f 413 414 53
f 283 53 284
f 283 284 127
f 473 127 474
f 127 128 474
f 473 474 69
f 69 474 70
f 99 69 100
f 99 100 135
f 287 135 288
f 287 288 305
f 305 288 306
f 86 305 306
f 85 305 86
f 85 86 361
f 361 86 362
f 237 361 238
f 237 238 19
f 105 19 106
f 106 191 105
f 106 192 191
f 192 203 191
f 203 204 65
f 65 204 66
f 87 65 88
f 87 88 165
f 232 231 165
f 166 232 165
f 232 50 231
f 231 50 49
f 49 50 220
f 219 49 220
f 219 220 143
f 143 220 144
f 144 254 143
f 254 253 143
f 253 28 27
f 27 28 276
f 275 27 276
f 275 276 265
f 281 265 282
f 281 282 443
f 443 282 444
f 444 480 443
f 480 479 443
f 479 334 333
f 250 333 334
f 429 250 430
f 394 429 430
f 393 429 394
f 393 394 183
f 183 394 184
f 184 458 183
f 458 457 183
f 357 79 358
f 79 80 358
f 294 363 364
f 293 363 294
f 293 294 301
f 315 301 316
f 301 302 316
f 315 316 325
f 325 316 326
f 236 325 326
f 14 112 13
f 112 111 13
f 235 236 13
f 3 451 452
f 452 311 3
f 312 311 452
f 190 1 189
f 189 213 190
f 190 213 214
f 6 400 399
f 399 262 6
f 261 262 399
f 386 261 385
f 16 386 385
f 16 385 15
f 382 16 15
f 382 15 381
f 330 382 381
f 330 381 329
f 258 330 329
f 258 329 257
f 64 258 257
f 64 257 63
f 392 64 63
f 392 63 391
f 164 392 391
f 164 391 163
f 466 164 163
f 466 163 465
f 82 466 465
f 82 465 81
f 81 341 82
f 82 341 342
f 376 320 319
f 376 319 375
f 319 320 107
f 299 107 300
f 299 300 349
f 367 349 368
f 367 368 341
f 107 320 108
f 107 108 300
f 349 300 350
f 349 350 368
f 341 368 342
f 24 461 23
f 462 141 461
f 142 243 141
f 244 47 243
f 48 227 47
f 228 173 227
f 174 113 173
f 114 433 113
f 433 434 213
f 386 262 261
f 400 23 399
f 400 24 23
f 24 462 461
f 462 142 141
f 142 244 243
f 244 48 47
f 48 228 227
f 228 174 173
f 174 114 113
f 114 434 433
f 213 434 214
f 311 1 190
f 239 366 240
f 451 239 240
f 239 365 366
f 365 340 366
f 365 339 340
f 339 304 340
f 304 303 356
f 356 303 355
f 153 356 355
f 153 95 96
f 153 96 154
f 171 172 210
f 209 171 210
f 209 210 59
f 103 59 104
f 103 104 139
f 463 139 464
f 463 464 43
f 245 43 246
f 245 246 273
f 475 273 476
f 475 476 35
f 35 476 36
f 273 274 476
f 285 35 286
f 285 286 197
f 407 197 408
f 407 408 455
f 455 408 456
f 197 198 408
f 439 455 440
f 439 440 185
f 467 185 468
f 467 468 437
f 437 468 438
f 185 186 468
f 437 420 419
f 419 146 145
f 471 145 472
f 471 472 21
f 101 21 102
f 101 102 137
f 137 102 138
f 21 22 102
f 289 137 290
f 289 290 309
f 91 309 92
f 91 92 159
f 159 92 160
f 92 309 310
f 336 335 159
f 335 46 45
f 125 45 126
f 125 126 187
f 212 211 187
f 211 62 61
f 343 61 344
f 343 344 259
f 225 259 226
f 225 226 445
f 241 445 242
f 241 242 147
f 147 252 251
f 252 29 251
f 423 29 30
f 181 423 424
f 279 181 182
f 75 279 280
f 75 482 481
f 482 327 481
f 483 327 328
f 427 483 484
f 403 427 428
f 374 373 403
f 379 373 380
f 380 11 379
f 109 11 12
f 167 109 110
f 291 167 168
f 295 291 292
f 313 295 296
f 321 313 314
f 321 338 337
f 338 37 337
f 345 37 38
f 267 345 346
f 208 207 267
f 208 55 207
f 119 55 56
f 131 119 120
f 347 131 132
f 71 347 348
f 172 171 111
f 59 210 60
f 59 60 104
f 139 104 140
f 139 140 464
f 43 464 44
f 43 44 246
f 273 246 274
f 35 36 286
f 197 286 198
f 440 455 456
f 185 440 186
f 438 420 437
f 420 146 419
f 145 146 472
f 21 472 22
f 137 138 290
f 309 290 310
f 160 336 159
f 336 46 335
f 45 46 126
f 187 126 188
f 188 212 187
f 212 62 211
f 61 62 344
f 259 344 260
f 226 259 260
f 445 226 446
f 242 445 446
f 147 242 148
f 148 252 147
f 30 29 252
f 423 30 424
f 181 424 182
f 279 182 280
f 75 280 76
f 76 482 75
f 328 327 482
f 483 328 484
f 427 484 428
f 403 428 404
f 404 374 403
f 380 373 374
f 12 11 380
f 109 12 110
f 167 110 168
f 291 168 292
f 295 292 296
f 313 296 314
f 321 314 322
f 322 338 321
f 38 37 338
f 345 38 346
f 267 346 268
f 268 208 267
f 56 55 208
f 119 56 120
f 131 120 132
f 347 132 348
f 71 348 72
f 95 71 72
f 95 72 96
f 154 356 153
f 339 303 304
f 312 1 311
f 451 240 452
f 112 172 111
f 13 236 14
f 235 325 236
f 301 294 302
f 363 358 364
f 357 358 363
f 457 80 79
f 458 80 457
f 249 250 429
f 249 333 250
f 480 334 479
f 265 266 282
f 265 276 266
f 254 28 253
f 192 204 203
f 19 20 106
f 135 136 288
f 53 414 54
f 389 390 199
f 199 390 200
f 389 31 390
f 31 32 390
f 161 162 396
f 395 161 396
f 395 396 31
f 222 221 7
f 8 222 7
f 7 486 8
f 118 152 117
f 425 118 117
f 485 151 486
f 205 206 425
f 425 206 426
f 206 271 272
f 4 272 271
f 318 195 317
f 196 195 318
f 215 196 216
f 435 216 436
f 83 435 436
f 83 436 84
f 263 83 84
f 263 84 264
f 264 230 263
f 18 17 230
f 217 17 18
f 217 18 218
f 129 217 218
f 129 218 130
f 130 248 129
f 26 25 248
f 421 25 26
f 421 26 422
f 169 421 422
f 169 422 170
f 387 169 170
f 387 170 388
f 77 387 388
f 77 388 78
f 383 78 384
f 331 384 332
f 332 256 331
f 256 68 255
f 67 68 278
f 277 67 278
f 277 278 371
f 371 278 372
f 371 372 378
f 377 371 378
f 377 378 447
f 447 378 448
f 448 116 447
f 116 178 115
f 177 178 354
f 353 177 354
f 353 354 297
f 297 354 298
f 298 124 297
f 124 324 123
f 323 324 442
f 441 323 442
f 441 442 39
f 39 442 40
f 40 360 39
f 52 318 51
f 51 234 52
f 233 176 234
f 233 175 176
f 175 90 176
f 307 352 308
f 352 351 156
f 155 98 156
f 98 97 2
f 97 453 2
f 454 469 453
f 454 470 469
f 470 133 469
f 470 134 133
f 133 134 417
f 57 417 58
f 58 415 57
f 416 157 415
f 157 158 411
f 411 158 412
f 10 411 412
f 9 411 10
f 10 405 9
f 406 193 405
f 406 194 193
f 194 401 193
f 402 33 401
f 34 397 33
f 34 398 397
f 398 269 397
f 398 270 269
f 269 270 223
f 41 223 42
f 42 459 41
f 42 460 459
f 460 149 459
f 149 150 121
f 460 150 149
f 10 406 405
f 89 308 90
f 51 233 234
f 51 318 317
f 215 195 196
f 435 215 216
f 230 229 263
f 230 17 229
f 129 248 247
f 248 25 247
f 383 77 78
f 331 383 384
f 331 256 255
f 255 68 67
f 447 116 115
f 178 177 115
f 297 124 123
f 324 323 123
f 360 359 39
f 272 359 360
f 4 359 272
f 205 271 206
f 426 118 425
f 152 151 117
f 151 152 486
f 485 486 7
f 222 162 221
f 221 162 161
f 31 396 32
f 477 199 478
f 199 200 478
f 74 410 73
f 410 370 409
f 53 54 284
f 127 284 128
f 69 70 100
f 135 100 136
f 238 361 362
f 19 238 20
f 65 66 88
f 165 88 166
f 175 89 90
f 89 307 308
f 307 351 352
f 156 351 5
f 5 155 156
f 155 97 98
f 97 454 453
f 417 134 418
f 58 417 418
f 58 416 415
f 416 158 157
f 194 402 401
f 402 34 33
f 223 270 224
f 42 223 224
f 121 150 122
f 450 376 375


o Object.2
v 35.654804 11.913122 24.219635 188 188 188
v 35.325932 11.913122 24.219635 188 188 188
v 35.522079 11.913122 24.219635 188 188 188
v 33.198009 11.913120 15.498140 188 188 188
v 35.708496 11.913122 24.219635 188 188 188
v 25.080051 11.913120 15.498144 188 188 188
v 25.068172 11.913120 15.498144 188 188 188
v 24.998013 11.913121 19.518749 188 188 188
v 36.034939 11.913121 21.221636 188 188 188
v 33.198009 11.913120 15.498805 188 188 188
v 35.318394 11.913122 24.219635 188 188 188
v 24.998016 11.913122 20.628654 188 188 188
v 24.998016 11.913122 20.433298 188 188 188
v 35.792717 11.913122 24.219635 188 188 188
v 25.018337 11.913120 15.498144 188 188 188
v 24.107494 11.913123 24.219641 188 188 188
v 27.000011 11.913120 15.911611 188 188 188
v 33.198013 11.913121 18.454782 188 188 188
v 27.000011 11.913120 15.629249 188 188 188
v 35.200012 11.913119 15.836099 188 188 188
v 35.200012 11.913119 15.615517 188 188 188
v 33.241257 11.913120 15.498140 188 188 188
v 35.755550 11.913122 24.219635 188 188 188
v 33.221207 11.913120 15.498140 188 188 188
v 33.198009 11.913120 15.648472 188 188 188
v 35.600624 11.913122 24.219635 188 188 188
v 24.100014 11.913122 21.221642 188 188 188
v 24.881115 11.913122 21.221642 188 188 188
v 33.198009 11.913120 15.577044 188 188 188
v 33.198009 11.913120 15.591358 188 188 188
v 33.198009 11.913120 15.672029 188 188 188
v 33.290909 11.913120 15.498140 188 188 188
v 33.273087 11.913120 15.498140 188 188 188
v 35.200012 11.913119 15.558701 188 188 188
v 36.098011 11.913121 21.221636 188 188 188
v 31.337278 11.913122 21.221638 188 188 188
v 33.198009 11.913120 15.567372 188 188 188
v 33.198009 11.913120 15.733898 188 188 188
v 35.200012 11.913119 15.627672 188 188 188
v 35.554276 11.913122 24.219635 188 188 188
v 36.098015 11.913122 24.219635 188 188 188
v 33.286545 11.913120 15.498140 188 188 188
v 33.285614 11.913120 15.498140 188 188 188
v 35.200012 11.913119 15.641205 188 188 188
v 33.258240 11.913120 15.498140 188 188 188
v 33.198009 11.913120 15.514354 188 188 188
v 33.198009 11.913120 15.609577 188 188 188
v 33.198009 11.913120 15.629532 188 188 188
v 33.198009 11.913120 15.663276 188 188 188
v 33.198009 11.913120 15.674492 188 188 188
v 33.198009 11.913121 17.865400 188 188 188
v 35.200012 11.913119 15.574119 188 188 188
v 33.198013 11.913122 20.930960 188 188 188
v 26.845531 11.913120 15.498143 188 188 188
v 35.200012 11.913119 15.598829 188 188 188
v 27.000011 11.913121 20.048723 188 188 188
v 35.200012 11.913119 15.538110 188 188 188
v 35.138985 11.913119 15.498139 188 188 188
v 35.200012 11.913119 15.498139 188 188 188
v 35.200012 11.913119 15.505911 188 188 188
v 35.200012 11.913119 15.524177 188 188 188
v 35.200012 11.913119 15.549334 188 188 188
v 35.200012 11.913119 15.566854 188 188 188
v 35.200012 11.913119 15.595418 188 188 188
v 35.200012 11.913119 15.609576 188 188 188
v 35.200012 11.913119 15.603685 188 188 188
v 35.200012 11.913119 15.620814 188 188 188
v 35.200012 11.913119 15.626962 188 188 188
v 35.200012 11.913119 15.624704 188 188 188
v 36.005775 11.913121 21.221636 188 188 188
v 35.320385 11.913121 21.221636 188 188 188
v 35.200012 11.913121 20.417093 188 188 188
v 35.200012 11.913121 21.221636 188 188 188
v 33.198013 11.913122 21.221638 188 188 188
v 24.998013 11.913120 16.033442 188 188 188
v 24.998013 11.913120 15.523311 188 188 188
v 27.000011 11.913121 20.042934 188 188 188
v 24.100014 11.913123 24.024866 188 188 188
v 24.100014 11.913123 24.219641 188 188 188
v 25.046276 11.913120 15.498144 188 188 188
v 27.000011 11.913121 19.825567 188 188 188
v 27.000011 11.913121 19.261124 188 188 188
v 27.000011 11.913121 20.068306 188 188 188
v 27.000015 11.913121 20.117380 188 188 188
v 27.000015 11.913122 21.221640 188 188 188
v 27.000011 11.913120 15.498143 188 188 188
v 24.998013 11.913120 15.498144 188 188 188
v 24.998013 11.913120 15.567480 188 188 188
v 24.998013 11.913120 15.609581 188 188 188
v 24.998016 11.913122 21.157852 188 188 188
v 24.998016 11.913122 21.221642 188 188 188
v 24.998016 11.913122 20.808634 188 188 188
v 24.241116 11.913122 21.221642 188 188 188
v 24.998016 11.913122 20.798080 188 188 188
v 25.090908 11.913120 15.498144 188 188 188
v 27.000011 11.913121 18.618824 188 188 188
v 36.098011 11.913121 21.416410 188 188 188
v 35.200012 11.913119 15.854544 188 188 188
v 33.863426 11.913119 15.498139 188 188 188
v 31.800016 6.304802 24.219639 188 188 188
v 35.984013 5.132801 24.219637 188 188 188
v 36.098015 6.304802 24.219637 188 188 188
v 24.214016 5.132802 24.219643 188 188 188
v 24.214016 6.304802 24.219643 188 188 188
v 24.100014 6.304802 24.219643 188 188 188
v 25.110016 2.970802 24.219645 188 188 188
v 25.856014 2.060802 24.219645 188 188 188
v 24.214016 6.362802 24.219643 188 188 188
v 24.556015 4.008802 24.219645 188 188 188
v 26.766014 1.316802 24.219645 188 188 188
v 27.802017 0.760802 24.219643 188 188 188
v 28.456015 5.864802 24.219641 188 188 188
v 28.398016 6.304802 24.219641 188 188 188
v 28.628014 5.454802 24.219641 188 188 188
v 29.250013 4.830801 24.219641 188 188 188
v 28.896013 5.100802 24.219641 188 188 188
v 29.660015 4.660802 24.219641 188 188 188
v 28.456015 6.742802 24.219641 188 188 188
v 30.098015 0.304802 24.219643 188 188 188
v 31.270016 0.418802 24.219643 188 188 188
v 28.628014 7.152802 24.219641 188 188 188
v 35.086014 2.970802 24.219639 188 188 188
v 28.930014 0.418802 24.219643 188 188 188
v 32.394012 0.760802 24.219641 188 188 188
v 33.432014 1.316802 24.219641 188 188 188
v 34.342010 2.060802 24.219639 188 188 188
v 30.098015 4.602802 24.219641 188 188 188
v 30.538013 4.660802 24.219641 188 188 188
v 31.572014 5.454802 24.219639 188 188 188
v 35.642014 4.008801 24.219639 188 188 188
v 28.896013 7.504802 24.219641 188 188 188
v 29.250013 7.774802 24.219641 188 188 188
v 31.742016 6.742802 24.219639 188 188 188
v 31.742016 5.864802 24.219639 188 188 188
v 30.948015 4.830801 24.219641 188 188 188
v 31.302013 5.100801 24.219641 188 188 188
v 29.660015 7.946802 24.219641 188 188 188
v 30.098015 8.002802 24.219639 188 188 188
v 30.538013 7.946802 24.219639 188 188 188
v 30.948015 7.774802 24.219639 188 188 188
v 31.302013 7.504802 24.219639 188 188 188
v 31.572014 7.152802 24.219639 188 188 188
v 36.098011 6.304801 21.221638 188 188 188
v 27.000015 11.004802 21.221640 188 188 188
v 33.198013 11.888801 21.221638 188 188 188
v 27.000015 10.854801 21.221640 188 188 188
v 27.000015 10.762801 21.221640 188 188 188
v 30.098013 8.002801 21.221640 188 188 188
v 27.000015 8.922801 21.221642 188 188 188
v 28.896011 7.504801 21.221642 188 188 188
v 28.628012 7.152802 21.221642 188 188 188
v 29.660013 7.946801 21.221640 188 188 188
v 29.250011 7.774801 21.221640 188 188 188
v 28.456013 6.742801 21.221642 188 188 188
v 28.398014 6.304801 21.221642 188 188 188
v 28.456013 5.864801 21.221642 188 188 188
v 27.802017 0.760801 21.221643 188 188 188
v 24.100014 6.304801 21.221643 188 188 188
v 24.998016 6.304801 21.221643 188 188 188
v 24.214016 5.132801 21.221643 188 188 188
v 24.998016 9.822801 21.221642 188 188 188
v 24.998016 5.578801 21.221643 188 188 188
v 24.556015 4.008801 21.221643 188 188 188
v 26.510017 3.904801 21.221643 188 188 188
v 25.856014 2.060801 21.221643 188 188 188
v 26.038017 3.904801 21.221643 188 188 188
v 26.766014 1.316801 21.221643 188 188 188
v 26.766014 3.904801 21.221643 188 188 188
v 27.000015 3.904801 21.221643 188 188 188
v 28.628012 5.454801 21.221642 188 188 188
v 28.896011 5.100801 21.221642 188 188 188
v 29.250011 4.830801 21.221642 188 188 188
v 29.660013 4.660801 21.221642 188 188 188
v 30.098013 4.602801 21.221642 188 188 188
v 30.538012 4.660801 21.221642 188 188 188
v 30.948013 4.830801 21.221642 188 188 188
v 31.302011 5.100801 21.221640 188 188 188
v 27.000015 10.784801 21.221640 188 188 188
v 33.198013 7.754801 21.221638 188 188 188
v 30.538012 7.946801 21.221640 188 188 188
v 30.098013 0.304801 21.221643 188 188 188
v 33.698009 3.904800 21.221640 188 188 188
v 31.270014 0.418801 21.221642 188 188 188
v 33.198013 11.418801 21.221638 188 188 188
v 33.198013 7.160801 21.221638 188 188 188
v 30.948013 7.774801 21.221640 188 188 188
v 33.198013 7.132801 21.221638 188 188 188
v 31.302011 7.504801 21.221640 188 188 188
v 35.086010 3.904800 21.221640 188 188 188
v 34.342010 2.060801 21.221640 188 188 188
v 34.816010 3.904800 21.221640 188 188 188
v 35.106010 3.904800 21.221640 188 188 188
v 33.198013 7.030801 21.221638 188 188 188
v 31.572012 7.152801 21.221640 188 188 188
v 33.198013 6.848801 21.221638 188 188 188
v 31.742014 6.742801 21.221640 188 188 188
v 33.198013 6.596801 21.221640 188 188 188
v 31.800014 6.304801 21.221640 188 188 188
v 33.198013 4.366801 21.221640 188 188 188
v 28.930012 0.418801 21.221643 188 188 188
v 34.130013 3.904800 21.221640 188 188 188
v 33.198013 3.924800 21.221640 188 188 188
v 32.394012 0.760800 21.221642 188 188 188
v 35.086010 2.970800 21.221640 188 188 188
v 35.642010 4.008801 21.221638 188 188 188
v 35.200012 6.754800 21.221638 188 188 188
v 35.200012 6.570801 21.221638 188 188 188
v 35.984009 5.132800 21.221638 188 188 188
v 35.200012 5.208801 21.221638 188 188 188
v 35.200012 4.958801 21.221638 188 188 188
v 33.432014 1.316801 21.221642 188 188 188
v 24.998016 9.428802 21.221642 188 188 188
v 34.496010 3.904800 21.221640 188 188 188
v 24.998016 11.854800 21.221642 188 188 188
v 24.998016 4.600801 21.221643 188 188 188
v 24.998016 3.904801 21.221643 188 188 188
v 25.436016 3.904801 21.221643 188 188 188
v 25.110016 2.970801 21.221643 188 188 188
v 35.200012 8.508801 21.221638 188 188 188
v 35.200012 11.852800 21.221636 188 188 188
v 27.000015 6.592801 21.221642 188 188 188
v 33.198013 5.576801 21.221640 188 188 188
v 33.198013 6.304801 21.221640 188 188 188
v 33.198013 5.758801 21.221640 188 188 188
v 31.742014 5.864801 21.221640 188 188 188
v 33.198013 6.010800 21.221640 188 188 188
v 31.572012 5.454801 21.221640 188 188 188
v 33.198013 3.904800 21.221640 188 188 188
v 35.200012 4.132800 21.221638 188 188 188
v 35.200012 3.904800 21.221640 188 188 188
v 35.200012 4.622801 21.221638 188 188 188
v 35.200012 5.404800 21.221638 188 188 188
v 35.200012 5.566801 21.221638 188 188 188
v 35.200012 5.704801 21.221638 188 188 188
v 35.200012 6.560801 21.221638 188 188 188
v 35.200012 6.528801 21.221638 188 188 188
v 35.200012 6.078801 21.221638 188 188 188
v 35.200012 6.394801 21.221638 188 188 188
v 35.200012 6.304801 21.221638 188 188 188
v 35.200012 6.472801 21.221638 188 188 188
v 35.200012 6.134801 21.221638 188 188 188
v 35.200012 6.212801 21.221638 188 188 188

v 24.214016 6.362802 24.219643 188 188 188
v 24.107494 11.913123 24.219641 188 188 188
v 24.214016 6.362802 24.219643 188 188 188
v 24.100014 11.913123 24.219641 188 188 188
v 24.100014 11.913123 24.219641 188 188 188
v 24.100014 6.304802 24.219643 188 188 188
v 24.100014 11.913123 24.024866 188 188 188
v 24.100014 6.304802 24.219643 188 188 188
v 24.100014 6.304801 21.221643 188 188 188
v 24.100014 6.304802 24.219643 188 188 188
v 24.100014 6.304802 24.219643 188 188 188
v 24.214016 5.132801 21.221643 188 188 188
v 24.214016 5.132801 21.221643 188 188 188
v 24.214016 5.132802 24.219643 188 188 188
v 24.214016 5.132802 24.219643 188 188 188
v 24.556015 4.008801 21.221643 188 188 188
v 24.556015 4.008801 21.221643 188 188 188
v 24.556015 4.008802 24.219645 188 188 188
v 24.556015 4.008802 24.219645 188 188 188
v 25.110016 2.970801 21.221643 188 188 188
v 25.110016 2.970801 21.221643 188 188 188
v 25.110016 2.970802 24.219645 188 188 188
v 25.110016 2.970802 24.219645 188 188 188
v 25.856014 2.060801 21.221643 188 188 188
v 25.856014 2.060801 21.221643 188 188 188
v 25.856014 2.060802 24.219645 188 188 188
v 25.856014 2.060802 24.219645 188 188 188
v 26.766014 1.316801 21.221643 188 188 188
v 26.766014 1.316801 21.221643 188 188 188
v 26.766014 1.316802 24.219645 188 188 188
v 26.766014 1.316802 24.219645 188 188 188
v 27.802017 0.760801 21.221643 188 188 188
v 27.802017 0.760801 21.221643 188 188 188
v 27.802017 0.760802 24.219643 188 188 188
v 27.802017 0.760802 24.219643 188 188 188
v 28.930012 0.418801 21.221643 188 188 188
v 28.930012 0.418801 21.221643 188 188 188
v 28.930014 0.418802 24.219643 188 188 188
v 28.930014 0.418802 24.219643 188 188 188
v 30.098013 0.304801 21.221643 188 188 188
v 30.098013 0.304801 21.221643 188 188 188
v 30.098015 0.304802 24.219643 188 188 188
v 30.098015 0.304802 24.219643 188 188 188
v 31.270014 0.418801 21.221642 188 188 188
v 31.270014 0.418801 21.221642 188 188 188
v 31.270016 0.418802 24.219643 188 188 188
v 31.270016 0.418802 24.219643 188 188 188
v 32.394012 0.760800 21.221642 188 188 188
v 32.394012 0.760800 21.221642 188 188 188
v 32.394012 0.760802 24.219641 188 188 188
v 32.394012 0.760802 24.219641 188 188 188
v 33.432014 1.316801 21.221642 188 188 188
v 33.432014 1.316801 21.221642 188 188 188
v 33.432014 1.316802 24.219641 188 188 188
v 33.432014 1.316802 24.219641 188 188 188
v 34.342010 2.060801 21.221640 188 188 188
v 34.342010 2.060802 24.219639 188 188 188
v 34.342010 2.060801 21.221640 188 188 188
v 35.086010 2.970800 21.221640 188 188 188
v 34.342010 2.060802 24.219639 188 188 188
v 34.342010 2.060802 24.219639 188 188 188
v 35.086014 2.970802 24.219639 188 188 188
v 35.086014 2.970802 24.219639 188 188 188
v 24.214016 6.304802 24.219643 188 188 188
v 29.660015 4.660802 24.219641 188 188 188
v 24.214016 6.304802 24.219643 188 188 188
v 29.250013 4.830801 24.219641 188 188 188
v 24.214016 6.304802 24.219643 188 188 188
v 28.896013 5.100802 24.219641 188 188 188
v 24.214016 6.304802 24.219643 188 188 188
v 28.628014 5.454802 24.219641 188 188 188
v 24.214016 6.304802 24.219643 188 188 188
v 28.456015 5.864802 24.219641 188 188 188
v 24.214016 6.304802 24.219643 188 188 188
v 24.214016 6.304802 24.219643 188 188 188
v 28.398016 6.304802 24.219641 188 188 188
v 24.214016 6.304802 24.219643 188 188 188
v 28.456015 6.742802 24.219641 188 188 188
v 24.214016 6.304802 24.219643 188 188 188
v 28.628014 7.152802 24.219641 188 188 188
v 24.214016 6.304802 24.219643 188 188 188
v 28.896013 7.504802 24.219641 188 188 188
v 24.214016 6.304802 24.219643 188 188 188
v 29.250013 7.774802 24.219641 188 188 188
v 24.214016 6.304802 24.219643 188 188 188
v 29.660015 7.946802 24.219641 188 188 188
v 24.214016 6.304802 24.219643 188 188 188
v 35.325932 11.913122 24.219635 188 188 188
v 24.214016 6.362802 24.219643 188 188 188
v 35.325932 11.913122 24.219635 188 188 188
v 29.660015 7.946802 24.219641 188 188 188
v 29.660015 7.946802 24.219641 188 188 188
v 35.522079 11.913122 24.219635 188 188 188
v 35.522079 11.913122 24.219635 188 188 188
v 30.098015 8.002802 24.219639 188 188 188
v 36.098015 6.304802 24.219637 188 188 188
v 36.098015 11.913122 24.219635 188 188 188
v 36.098011 11.913121 21.221636 188 188 188
v 36.098015 6.304802 24.219637 188 188 188
v 36.098011 6.304801 21.221638 188 188 188
v 36.098011 6.304801 21.221638 188 188 188
v 36.098015 6.304802 24.219637 188 188 188
v 35.984013 5.132801 24.219637 188 188 188
v 36.098011 6.304801 21.221638 188 188 188
v 36.098011 6.304801 21.221638 188 188 188
v 35.984009 5.132800 21.221638 188 188 188
v 35.642010 4.008801 21.221638 188 188 188
v 35.984009 5.132800 21.221638 188 188 188
v 35.642010 4.008801 21.221638 188 188 188
v 35.642014 4.008801 24.219639 188 188 188
v 35.086014 2.970802 24.219639 188 188 188
v 35.086014 2.970802 24.219639 188 188 188
v 35.642014 4.008801 24.219639 188 188 188
v 35.642014 4.008801 24.219639 188 188 188
v 30.948015 4.830801 24.219641 188 188 188
v 31.302013 5.100801 24.219641 188 188 188
v 30.948015 4.830801 24.219641 188 188 188
v 30.948015 4.830801 24.219641 188 188 188
v 31.302011 5.100801 21.221640 188 188 188
v 31.302011 5.100801 21.221640 188 188 188
v 27.802017 0.760801 21.221643 188 188 188
v 30.948013 4.830801 21.221642 188 188 188
v 30.948013 4.830801 21.221642 188 188 188
v 27.802017 0.760801 21.221643 188 188 188
v 30.538012 4.660801 21.221642 188 188 188
v 30.948013 4.830801 21.221642 188 188 188
v 30.538013 4.660802 24.219641 188 188 188
v 30.538012 4.660801 21.221642 188 188 188
v 35.086014 2.970802 24.219639 188 188 188
v 30.538013 4.660802 24.219641 188 188 188
v 30.098015 4.602802 24.219641 188 188 188
v 30.098015 4.602802 24.219641 188 188 188
v 30.538012 4.660801 21.221642 188 188 188
v 30.098015 4.602802 24.219641 188 188 188
v 30.098013 4.602801 21.221642 188 188 188
v 29.660015 4.660802 24.219641 188 188 188
v 29.660015 4.660802 24.219641 188 188 188
v 30.098013 4.602801 21.221642 188 188 188
v 30.098013 4.602801 21.221642 188 188 188
v 27.802017 0.760801 21.221643 188 188 188
v 29.660013 4.660801 21.221642 188 188 188
v 29.660013 4.660801 21.221642 188 188 188
v 27.802017 0.760801 21.221643 188 188 188
v 29.250011 4.830801 21.221642 188 188 188
v 29.250013 4.830801 24.219641 188 188 188
v 29.660013 4.660801 21.221642 188 188 188
v 29.250011 4.830801 21.221642 188 188 188
v 27.802017 0.760801 21.221643 188 188 188
v 28.896011 5.100801 21.221642 188 188 188
v 28.896013 5.100802 24.219641 188 188 188
v 29.250011 4.830801 21.221642 188 188 188
v 28.896011 5.100801 21.221642 188 188 188
v 27.802017 0.760801 21.221643 188 188 188
v 28.628012 5.454801 21.221642 188 188 188
v 28.628014 5.454802 24.219641 188 188 188
v 28.896011 5.100801 21.221642 188 188 188
v 28.628012 5.454801 21.221642 188 188 188
v 27.802017 0.760801 21.221643 188 188 188
v 28.456013 5.864801 21.221642 188 188 188
v 28.456015 5.864802 24.219641 188 188 188
v 28.628012 5.454801 21.221642 188 188 188
v 28.456013 5.864801 21.221642 188 188 188
v 27.802017 0.760801 21.221643 188 188 188
v 28.398014 6.304801 21.221642 188 188 188
v 28.398016 6.304802 24.219641 188 188 188
v 28.456013 5.864801 21.221642 188 188 188
v 28.398014 6.304801 21.221642 188 188 188
v 27.802017 0.760801 21.221643 188 188 188
v 27.000015 8.922801 21.221642 188 188 188
v 27.802017 0.760801 21.221643 188 188 188
v 27.000015 8.922801 21.221642 188 188 188
v 27.000015 6.592801 21.221642 188 188 188
v 27.000015 8.922801 21.221642 188 188 188
v 27.000011 11.913120 15.911611 188 188 188
v 27.000015 8.922801 21.221642 188 188 188
v 27.000015 8.922801 21.221642 188 188 188
v 27.000011 11.913121 19.825567 188 188 188
v 27.000015 8.922801 21.221642 188 188 188
v 27.000011 11.913121 20.042934 188 188 188
v 27.000011 11.913121 20.042934 188 188 188
v 27.000015 10.762801 21.221640 188 188 188
v 27.000015 10.762801 21.221640 188 188 188
v 27.000011 11.913121 20.048723 188 188 188
v 27.000015 10.784801 21.221640 188 188 188
v 27.000011 11.913121 20.048723 188 188 188
v 27.000011 11.913121 20.068306 188 188 188
v 27.000015 10.854801 21.221640 188 188 188
v 27.000015 11.913121 20.117380 188 188 188
v 27.000015 11.004802 21.221640 188 188 188
v 27.000015 10.854801 21.221640 188 188 188
v 27.000015 10.854801 21.221640 188 188 188
v 33.198013 11.888801 21.221638 188 188 188
v 33.198013 11.888801 21.221638 188 188 188
v 33.198013 11.418801 21.221638 188 188 188
v 33.198013 11.418801 21.221638 188 188 188
v 33.198013 11.913121 18.454782 188 188 188
v 35.320385 11.913121 21.221636 188 188 188
v 35.200012 11.852800 21.221636 188 188 188
v 35.200012 11.852800 21.221636 188 188 188
v 36.005775 11.913121 21.221636 188 188 188
v 35.200012 11.852800 21.221636 188 188 188
v 35.200012 8.508801 21.221638 188 188 188
v 35.200012 8.508801 21.221638 188 188 188
v 35.200012 11.913119 15.836099 188 188 188
v 35.200012 11.913119 15.836099 188 188 188
v 35.200012 6.754800 21.221638 188 188 188
v 35.200012 6.754800 21.221638 188 188 188
v 35.200012 11.913119 15.641205 188 188 188
v 35.200012 11.913119 15.641205 188 188 188
v 35.200012 6.570801 21.221638 188 188 188
v 35.200012 6.570801 21.221638 188 188 188
v 35.200012 11.913119 15.627672 188 188 188
v 35.200012 11.913119 15.627672 188 188 188
v 35.200012 6.560801 21.221638 188 188 188
v 35.200012 6.472801 21.221638 188 188 188
v 35.200012 11.913119 15.620814 188 188 188
v 35.200012 11.913119 15.620814 188 188 188
v 35.200012 6.394801 21.221638 188 188 188
v 35.200012 11.913119 15.615517 188 188 188
v 35.200012 6.304801 21.221638 188 188 188
v 35.200012 11.913119 15.609576 188 188 188
v 35.200012 11.913119 15.609576 188 188 188
v 35.200012 6.212801 21.221638 188 188 188
v 35.200012 5.704801 21.221638 188 188 188
v 35.200012 11.913119 15.574119 188 188 188
v 35.200012 11.913119 15.574119 188 188 188
v 35.200012 5.566801 21.221638 188 188 188
v 35.200012 11.913119 15.498139 188 188 188
v 35.200012 3.904800 21.221640 188 188 188
v 35.138985 11.913119 15.498139 188 188 188
v 35.200012 3.904800 21.221640 188 188 188
v 35.200012 3.904800 21.221640 188 188 188
v 35.200012 11.913119 15.505911 188 188 188
v 35.200012 4.132800 21.221638 188 188 188
v 36.098011 6.304801 21.221638 188 188 188
v 35.200012 3.904800 21.221640 188 188 188
v 36.098011 6.304801 21.221638 188 188 188
v 35.086010 2.970800 21.221640 188 188 188
v 35.200012 3.904800 21.221640 188 188 188
v 35.200012 3.904800 21.221640 188 188 188
v 35.086010 2.970800 21.221640 188 188 188
v 35.200012 3.904800 21.221640 188 188 188
v 35.106010 3.904800 21.221640 188 188 188
v 36.098011 6.304801 21.221638 188 188 188
v 35.200012 4.132800 21.221638 188 188 188
v 35.200012 4.622801 21.221638 188 188 188
v 35.200012 4.132800 21.221638 188 188 188
v 36.098011 6.304801 21.221638 188 188 188
v 35.200012 4.622801 21.221638 188 188 188
v 35.200012 4.958801 21.221638 188 188 188
v 35.200012 4.622801 21.221638 188 188 188
v 35.200012 4.958801 21.221638 188 188 188
v 35.200012 11.913119 15.538110 188 188 188
v 35.200012 11.913119 15.549334 188 188 188
v 35.200012 5.208801 21.221638 188 188 188
v 35.200012 11.913119 15.558701 188 188 188
v 35.200012 11.913119 15.558701 188 188 188
v 35.200012 11.913119 15.566854 188 188 188
v 35.200012 5.404800 21.221638 188 188 188
v 35.200012 5.404800 21.221638 188 188 188
v 36.098011 6.304801 21.221638 188 188 188
v 35.200012 5.208801 21.221638 188 188 188
v 35.200012 5.566801 21.221638 188 188 188
v 36.098011 6.304801 21.221638 188 188 188
v 35.200012 5.404800 21.221638 188 188 188
v 35.200012 5.208801 21.221638 188 188 188
v 35.200012 4.958801 21.221638 188 188 188
v 35.200012 11.913119 15.549334 188 188 188
v 35.200012 5.208801 21.221638 188 188 188
v 36.098011 6.304801 21.221638 188 188 188
v 35.200012 4.958801 21.221638 188 188 188
v 35.200012 11.913119 15.505911 188 188 188
v 35.200012 11.913119 15.524177 188 188 188
v 35.200012 4.132800 21.221638 188 188 188
v 35.200012 11.913119 15.538110 188 188 188
v 35.200012 4.622801 21.221638 188 188 188
v 35.200012 11.913119 15.524177 188 188 188
v 35.200012 5.566801 21.221638 188 188 188
v 35.200012 5.404800 21.221638 188 188 188
v 35.200012 11.913119 15.566854 188 188 188
v 35.200012 5.704801 21.221638 188 188 188
v 36.098011 6.304801 21.221638 188 188 188
v 35.200012 5.566801 21.221638 188 188 188
v 36.098011 6.304801 21.221638 188 188 188
v 35.200012 5.704801 21.221638 188 188 188
v 36.098011 6.304801 21.221638 188 188 188
v 35.200012 6.078801 21.221638 188 188 188
v 35.200012 6.134801 21.221638 188 188 188
v 35.200012 6.078801 21.221638 188 188 188
v 35.200012 6.212801 21.221638 188 188 188
v 36.098011 6.304801 21.221638 188 188 188
v 35.200012 6.134801 21.221638 188 188 188
v 35.200012 6.078801 21.221638 188 188 188
v 35.200012 5.704801 21.221638 188 188 188
v 35.200012 11.913119 15.595418 188 188 188
v 35.200012 11.913119 15.595418 188 188 188
v 35.200012 11.913119 15.598829 188 188 188
v 35.200012 6.078801 21.221638 188 188 188
v 35.200012 11.913119 15.603685 188 188 188
v 35.200012 6.134801 21.221638 188 188 188
v 35.200012 11.913119 15.598829 188 188 188
v 35.200012 6.212801 21.221638 188 188 188
v 35.200012 6.134801 21.221638 188 188 188
v 35.200012 11.913119 15.603685 188 188 188
v 35.200012 6.304801 21.221638 188 188 188
v 36.098011 6.304801 21.221638 188 188 188
v 35.200012 6.212801 21.221638 188 188 188
v 35.200012 6.394801 21.221638 188 188 188
v 36.098011 6.304801 21.221638 188 188 188
v 35.200012 6.304801 21.221638 188 188 188
v 35.200012 6.394801 21.221638 188 188 188
v 35.200012 6.304801 21.221638 188 188 188
v 35.200012 11.913119 15.615517 188 188 188
v 35.200012 6.472801 21.221638 188 188 188
v 36.098011 6.304801 21.221638 188 188 188
v 35.200012 6.394801 21.221638 188 188 188
v 36.098011 6.304801 21.221638 188 188 188
v 35.200012 6.472801 21.221638 188 188 188
v 35.200012 6.560801 21.221638 188 188 188
v 36.098011 6.304801 21.221638 188 188 188
v 35.200012 6.528801 21.221638 188 188 188
v 35.200012 6.528801 21.221638 188 188 188
v 35.200012 6.472801 21.221638 188 188 188
v 35.200012 11.913119 15.624704 188 188 188
v 35.200012 11.913119 15.626962 188 188 188
v 35.200012 6.528801 21.221638 188 188 188
v 35.200012 11.913119 15.624704 188 188 188
v 35.200012 6.560801 21.221638 188 188 188
v 35.200012 6.528801 21.221638 188 188 188
v 35.200012 11.913119 15.626962 188 188 188
v 35.200012 6.570801 21.221638 188 188 188
v 36.098011 6.304801 21.221638 188 188 188
v 35.200012 6.560801 21.221638 188 188 188
v 35.200012 6.754800 21.221638 188 188 188
v 36.098011 6.304801 21.221638 188 188 188
v 35.200012 6.570801 21.221638 188 188 188
v 36.034939 11.913121 21.221636 188 188 188
v 35.200012 6.754800 21.221638 188 188 188
v 35.200012 8.508801 21.221638 188 188 188
v 35.200012 11.852800 21.221636 188 188 188
v 35.200012 11.913119 15.836099 188 188 188
v 35.200012 11.852800 21.221636 188 188 188
v 35.200012 11.913119 15.854544 188 188 188
v 36.005775 11.913121 21.221636 188 188 188
v 36.034939 11.913121 21.221636 188 188 188
v 35.200012 8.508801 21.221638 188 188 188
v 35.200012 11.852800 21.221636 188 188 188
v 35.200012 11.913121 20.417093 188 188 188
v 35.200012 11.913121 21.221636 188 188 188
v 33.863426 11.913119 15.498139 188 188 188
v 35.200012 3.904800 21.221640 188 188 188
v 33.290909 11.913120 15.498140 188 188 188
v 33.290909 11.913120 15.498140 188 188 188
v 35.106010 3.904800 21.221640 188 188 188
v 33.286545 11.913120 15.498140 188 188 188
v 35.106010 3.904800 21.221640 188 188 188
v 35.106010 3.904800 21.221640 188 188 188
v 34.342010 2.060801 21.221640 188 188 188
v 35.086010 3.904800 21.221640 188 188 188
v 35.086010 3.904800 21.221640 188 188 188
v 34.342010 2.060801 21.221640 188 188 188
v 35.086010 3.904800 21.221640 188 188 188
v 34.816010 3.904800 21.221640 188 188 188
v 33.285614 11.913120 15.498140 188 188 188
v 33.286545 11.913120 15.498140 188 188 188
v 35.086010 3.904800 21.221640 188 188 188
v 33.285614 11.913120 15.498140 188 188 188
v 34.816010 3.904800 21.221640 188 188 188
v 33.273087 11.913120 15.498140 188 188 188
v 34.816010 3.904800 21.221640 188 188 188
v 34.816010 3.904800 21.221640 188 188 188
v 33.432014 1.316801 21.221642 188 188 188
v 34.496010 3.904800 21.221640 188 188 188
v 33.273087 11.913120 15.498140 188 188 188
v 34.496010 3.904800 21.221640 188 188 188
v 33.258240 11.913120 15.498140 188 188 188
v 34.496010 3.904800 21.221640 188 188 188
v 34.496010 3.904800 21.221640 188 188 188
v 32.394012 0.760800 21.221642 188 188 188
v 34.130013 3.904800 21.221640 188 188 188
v 33.258240 11.913120 15.498140 188 188 188
v 34.130013 3.904800 21.221640 188 188 188
v 33.241257 11.913120 15.498140 188 188 188
v 34.130013 3.904800 21.221640 188 188 188
v 34.130013 3.904800 21.221640 188 188 188
v 31.270014 0.418801 21.221642 188 188 188
v 33.698009 3.904800 21.221640 188 188 188
v 33.241257 11.913120 15.498140 188 188 188
v 33.698009 3.904800 21.221640 188 188 188
v 33.221207 11.913120 15.498140 188 188 188
v 33.698009 3.904800 21.221640 188 188 188
v 33.698009 3.904800 21.221640 188 188 188
v 33.198009 11.913120 15.498140 188 188 188
v 33.698009 3.904800 21.221640 188 188 188
v 30.098013 0.304801 21.221643 188 188 188
v 33.198013 3.904800 21.221640 188 188 188
v 33.198013 3.904800 21.221640 188 188 188
v 30.098013 0.304801 21.221643 188 188 188
v 33.198013 3.904800 21.221640 188 188 188
v 33.198013 3.924800 21.221640 188 188 188
v 33.198013 3.904800 21.221640 188 188 188
v 33.198009 11.913120 15.498805 188 188 188
v 33.198009 11.913120 15.498140 188 188 188
v 33.198013 3.924800 21.221640 188 188 188
v 33.198009 11.913120 15.498805 188 188 188
v 33.198013 3.924800 21.221640 188 188 188
v 33.198009 11.913120 15.514354 188 188 188
v 33.198013 3.924800 21.221640 188 188 188
v 28.930012 0.418801 21.221643 188 188 188
v 33.198013 4.366801 21.221640 188 188 188
v 33.198013 4.366801 21.221640 188 188 188
v 33.198009 11.913120 15.514354 188 188 188
v 33.198009 11.913120 15.567372 188 188 188
v 33.198013 4.366801 21.221640 188 188 188
v 33.198013 4.366801 21.221640 188 188 188
v 31.302011 5.100801 21.221640 188 188 188
v 33.198013 5.576801 21.221640 188 188 188
v 33.198013 5.576801 21.221640 188 188 188
v 31.302011 5.100801 21.221640 188 188 188
v 33.198013 5.576801 21.221640 188 188 188
v 31.572012 5.454801 21.221640 188 188 188
v 33.198013 5.576801 21.221640 188 188 188
v 33.198013 5.758801 21.221640 188 188 188
v 33.198013 5.758801 21.221640 188 188 188
v 31.572012 5.454801 21.221640 188 188 188
v 33.198013 5.758801 21.221640 188 188 188
v 31.742014 5.864801 21.221640 188 188 188
v 33.198013 5.758801 21.221640 188 188 188
v 33.198013 6.010800 21.221640 188 188 188
v 33.198013 6.010800 21.221640 188 188 188
v 31.742014 5.864801 21.221640 188 188 188
v 33.198013 6.010800 21.221640 188 188 188
v 31.800014 6.304801 21.221640 188 188 188
v 33.198013 6.010800 21.221640 188 188 188
v 33.198013 6.304801 21.221640 188 188 188
v 33.198013 6.304801 21.221640 188 188 188
v 31.800014 6.304801 21.221640 188 188 188
v 33.198013 6.304801 21.221640 188 188 188
v 33.198013 6.596801 21.221640 188 188 188
v 33.198013 6.596801 21.221640 188 188 188
v 31.800014 6.304801 21.221640 188 188 188
v 31.742014 6.742801 21.221640 188 188 188
v 31.800014 6.304801 21.221640 188 188 188
v 31.800014 6.304801 21.221640 188 188 188
v 31.800016 6.304802 24.219639 188 188 188
v 35.984013 5.132801 24.219637 188 188 188
v 31.800016 6.304802 24.219639 188 188 188
v 31.742016 5.864802 24.219639 188 188 188
v 35.984013 5.132801 24.219637 188 188 188
v 31.742016 5.864802 24.219639 188 188 188
v 31.572014 5.454802 24.219639 188 188 188
v 35.642014 4.008801 24.219639 188 188 188
v 35.984013 5.132801 24.219637 188 188 188
v 31.742014 5.864801 21.221640 188 188 188
v 31.572014 5.454802 24.219639 188 188 188
v 31.742016 5.864802 24.219639 188 188 188
v 31.742014 6.742801 21.221640 188 188 188
v 31.800016 6.304802 24.219639 188 188 188
v 31.742016 6.742802 24.219639 188 188 188
v 31.742014 6.742801 21.221640 188 188 188
v 31.572012 7.152801 21.221640 188 188 188
v 31.742014 6.742801 21.221640 188 188 188
v 33.198013 6.848801 21.221638 188 188 188
v 31.572012 7.152801 21.221640 188 188 188
v 33.198013 6.848801 21.221638 188 188 188
v 33.198013 7.030801 21.221638 188 188 188
v 33.198013 7.030801 21.221638 188 188 188
v 31.572012 7.152801 21.221640 188 188 188
v 31.302011 7.504801 21.221640 188 188 188
v 31.572012 7.152801 21.221640 188 188 188
v 31.302011 7.504801 21.221640 188 188 188
v 31.572014 7.152802 24.219639 188 188 188
v 31.302011 7.504801 21.221640 188 188 188
v 31.302013 7.504802 24.219639 188 188 188
v 31.302013 7.504802 24.219639 188 188 188
v 30.948013 7.774801 21.221640 188 188 188
v 30.948013 7.774801 21.221640 188 188 188
v 30.948015 7.774802 24.219639 188 188 188
v 30.948015 7.774802 24.219639 188 188 188
v 30.538012 7.946801 21.221640 188 188 188
v 30.538012 7.946801 21.221640 188 188 188
v 30.538013 7.946802 24.219639 188 188 188
v 30.538013 7.946802 24.219639 188 188 188
v 30.098015 8.002802 24.219639 188 188 188
v 30.098013 8.002801 21.221640 188 188 188
v 30.098013 8.002801 21.221640 188 188 188
v 30.098015 8.002802 24.219639 188 188 188
v 27.000015 8.922801 21.221642 188 188 188
v 30.098013 8.002801 21.221640 188 188 188
v 29.660013 7.946801 21.221640 188 188 188
v 27.000015 8.922801 21.221642 188 188 188
v 29.660013 7.946801 21.221640 188 188 188
v 27.000015 8.922801 21.221642 188 188 188
v 29.250011 7.774801 21.221640 188 188 188
v 27.000015 8.922801 21.221642 188 188 188
v 28.896011 7.504801 21.221642 188 188 188
v 27.000015 8.922801 21.221642 188 188 188
v 28.628012 7.152802 21.221642 188 188 188
v 28.628012 7.152802 21.221642 188 188 188
v 28.628014 7.152802 24.219641 188 188 188
v 28.456013 6.742801 21.221642 188 188 188
v 28.896011 7.504801 21.221642 188 188 188
v 28.896013 7.504802 24.219641 188 188 188
v 28.628012 7.152802 21.221642 188 188 188
v 28.896011 7.504801 21.221642 188 188 188
v 29.250011 7.774801 21.221640 188 188 188
v 29.250013 7.774802 24.219641 188 188 188
v 29.250011 7.774801 21.221640 188 188 188
v 29.660013 7.946801 21.221640 188 188 188
v 29.660015 7.946802 24.219641 188 188 188
v 27.000015 10.762801 21.221640 188 188 188
v 30.538012 7.946801 21.221640 188 188 188
v 30.098013 8.002801 21.221640 188 188 188
v 30.538013 7.946802 24.219639 188 188 188
v 30.948015 7.774802 24.219639 188 188 188
v 30.538012 7.946801 21.221640 188 188 188
v 30.948013 7.774801 21.221640 188 188 188
v 30.948013 7.774801 21.221640 188 188 188
v 33.198013 7.160801 21.221638 188 188 188
v 33.198013 7.132801 21.221638 188 188 188
v 33.198013 7.160801 21.221638 188 188 188
v 33.198013 7.160801 21.221638 188 188 188
v 30.538012 7.946801 21.221640 188 188 188
v 33.198013 7.160801 21.221638 188 188 188
v 33.198013 7.754801 21.221638 188 188 188
v 33.198013 11.418801 21.221638 188 188 188
v 33.198009 11.913120 15.733898 188 188 188
v 33.198013 7.754801 21.221638 188 188 188
v 27.000015 10.784801 21.221640 188 188 188
v 33.198013 7.754801 21.221638 188 188 188
v 30.538012 7.946801 21.221640 188 188 188
v 27.000015 10.854801 21.221640 188 188 188
v 33.198013 7.754801 21.221638 188 188 188
v 27.000015 10.784801 21.221640 188 188 188
v 30.948015 7.774802 24.219639 188 188 188
v 31.302013 7.504802 24.219639 188 188 188
v 30.948013 7.774801 21.221640 188 188 188
v 33.198013 7.132801 21.221638 188 188 188
v 31.302011 7.504801 21.221640 188 188 188
v 31.302013 7.504802 24.219639 188 188 188
v 31.572014 7.152802 24.219639 188 188 188
v 33.198013 7.030801 21.221638 188 188 188
v 31.302011 7.504801 21.221640 188 188 188
v 33.198013 7.132801 21.221638 188 188 188
v 33.198013 7.030801 21.221638 188 188 188
v 33.198013 7.132801 21.221638 188 188 188
v 31.572012 7.152801 21.221640 188 188 188
v 31.742016 6.742802 24.219639 188 188 188
v 31.572014 7.152802 24.219639 188 188 188
v 31.572014 7.152802 24.219639 188 188 188
v 31.742016 6.742802 24.219639 188 188 188
v 31.742016 6.742802 24.219639 188 188 188
v 31.800016 6.304802 24.219639 188 188 188
v 36.098015 6.304802 24.219637 188 188 188
v 33.198013 6.596801 21.221640 188 188 188
v 31.742014 6.742801 21.221640 188 188 188
v 33.198013 6.848801 21.221638 188 188 188
v 33.198013 6.596801 21.221640 188 188 188
v 33.198013 6.848801 21.221638 188 188 188
v 31.742016 5.864802 24.219639 188 188 188
v 31.800014 6.304801 21.221640 188 188 188
v 31.742014 5.864801 21.221640 188 188 188
v 31.572014 5.454802 24.219639 188 188 188
v 31.742014 5.864801 21.221640 188 188 188
v 31.572012 5.454801 21.221640 188 188 188
v 31.572012 5.454801 21.221640 188 188 188
v 31.302013 5.100801 24.219641 188 188 188
v 31.572014 5.454802 24.219639 188 188 188
v 33.198013 5.576801 21.221640 188 188 188
v 33.198009 11.913120 15.577044 188 188 188
v 33.198009 11.913120 15.567372 188 188 188
v 33.198013 5.758801 21.221640 188 188 188
v 33.198009 11.913120 15.591358 188 188 188
v 33.198009 11.913120 15.577044 188 188 188
v 33.198013 6.010800 21.221640 188 188 188
v 33.198009 11.913120 15.609577 188 188 188
v 33.198009 11.913120 15.591358 188 188 188
v 33.198013 6.304801 21.221640 188 188 188
v 33.198009 11.913120 15.629532 188 188 188
v 33.198009 11.913120 15.609577 188 188 188
v 33.198013 6.596801 21.221640 188 188 188
v 33.198009 11.913120 15.648472 188 188 188
v 33.198009 11.913120 15.629532 188 188 188
v 33.198013 6.848801 21.221638 188 188 188
v 33.198009 11.913120 15.663276 188 188 188
v 33.198009 11.913120 15.648472 188 188 188
v 33.198013 7.030801 21.221638 188 188 188
v 33.198009 11.913120 15.672029 188 188 188
v 33.198009 11.913120 15.663276 188 188 188
v 33.198013 7.132801 21.221638 188 188 188
v 33.198009 11.913120 15.674492 188 188 188
v 33.198009 11.913120 15.672029 188 188 188
v 33.198013 7.160801 21.221638 188 188 188
v 33.198009 11.913120 15.733898 188 188 188
v 33.198009 11.913120 15.674492 188 188 188
v 24.241116 11.913122 21.221642 188 188 188
v 24.998016 9.822801 21.221642 188 188 188
v 24.998016 9.822801 21.221642 188 188 188
v 24.100014 6.304801 21.221643 188 188 188
v 24.100014 11.913122 21.221642 188 188 188
v 24.100014 6.304801 21.221643 188 188 188
v 24.998016 9.822801 21.221642 188 188 188
v 24.998016 9.428802 21.221642 188 188 188
v 24.998016 9.822801 21.221642 188 188 188
v 24.998016 11.913122 20.808634 188 188 188
v 24.998016 9.822801 21.221642 188 188 188
v 24.100014 6.304801 21.221643 188 188 188
v 24.998016 9.428802 21.221642 188 188 188
v 24.998016 6.304801 21.221643 188 188 188
v 24.998016 9.428802 21.221642 188 188 188
v 24.998016 6.304801 21.221643 188 188 188
v 24.998013 11.913120 16.033442 188 188 188
v 24.998016 6.304801 21.221643 188 188 188
v 24.998013 11.913120 15.609581 188 188 188
v 24.998016 5.578801 21.221643 188 188 188
v 24.998013 11.913120 15.609581 188 188 188
v 24.998016 5.578801 21.221643 188 188 188
v 24.998013 11.913120 15.567480 188 188 188
v 24.998016 4.600801 21.221643 188 188 188
v 24.998013 11.913120 15.567480 188 188 188
v 24.998016 4.600801 21.221643 188 188 188
v 24.998013 11.913120 15.523311 188 188 188
v 24.998016 3.904801 21.221643 188 188 188
v 24.998013 11.913120 15.523311 188 188 188
v 24.998016 3.904801 21.221643 188 188 188
v 24.998013 11.913120 15.498144 188 188 188
v 25.436016 3.904801 21.221643 188 188 188
v 24.998013 11.913120 15.498144 188 188 188
v 27.000015 3.904801 21.221643 188 188 188
v 26.845531 11.913120 15.498143 188 188 188
v 27.000015 3.904801 21.221643 188 188 188
v 27.000011 11.913120 15.498143 188 188 188
v 27.000015 6.592801 21.221642 188 188 188
v 27.000015 3.904801 21.221643 188 188 188
v 27.000011 11.913120 15.629249 188 188 188
v 25.090908 11.913120 15.498144 188 188 188
v 27.000015 3.904801 21.221643 188 188 188
v 26.766014 3.904801 21.221643 188 188 188
v 27.000015 3.904801 21.221643 188 188 188
v 26.766014 1.316801 21.221643 188 188 188
v 26.766014 1.316801 21.221643 188 188 188
v 26.766014 3.904801 21.221643 188 188 188
v 26.510017 3.904801 21.221643 188 188 188
v 26.766014 3.904801 21.221643 188 188 188
v 25.080051 11.913120 15.498144 188 188 188
v 25.090908 11.913120 15.498144 188 188 188
v 26.766014 3.904801 21.221643 188 188 188
v 25.080051 11.913120 15.498144 188 188 188
v 26.510017 3.904801 21.221643 188 188 188
v 25.068172 11.913120 15.498144 188 188 188
v 26.510017 3.904801 21.221643 188 188 188
v 26.510017 3.904801 21.221643 188 188 188
v 25.856014 2.060801 21.221643 188 188 188
v 26.038017 3.904801 21.221643 188 188 188
v 25.436016 3.904801 21.221643 188 188 188
v 26.038017 3.904801 21.221643 188 188 188
v 25.856014 2.060801 21.221643 188 188 188
v 26.038017 3.904801 21.221643 188 188 188
v 25.436016 3.904801 21.221643 188 188 188
v 25.046276 11.913120 15.498144 188 188 188
v 25.068172 11.913120 15.498144 188 188 188
v 26.038017 3.904801 21.221643 188 188 188
v 25.018337 11.913120 15.498144 188 188 188
v 25.046276 11.913120 15.498144 188 188 188
v 25.436016 3.904801 21.221643 188 188 188
v 24.998016 3.904801 21.221643 188 188 188
v 25.436016 3.904801 21.221643 188 188 188
v 25.110016 2.970801 21.221643 188 188 188
v 24.998016 3.904801 21.221643 188 188 188
v 24.556015 4.008801 21.221643 188 188 188
v 24.998016 4.600801 21.221643 188 188 188
v 24.998016 4.600801 21.221643 188 188 188
v 24.556015 4.008801 21.221643 188 188 188
v 24.998016 5.578801 21.221643 188 188 188
v 24.998016 5.578801 21.221643 188 188 188
v 24.214016 5.132801 21.221643 188 188 188
v 24.998016 6.304801 21.221643 188 188 188
v 24.998016 9.428802 21.221642 188 188 188
v 24.998016 9.428802 21.221642 188 188 188
v 24.998016 11.913122 20.433298 188 188 188
v 24.998013 11.913120 16.033442 188 188 188
v 24.998016 9.428802 21.221642 188 188 188
v 24.998013 11.913121 19.518749 188 188 188
v 24.881115 11.913122 21.221642 188 188 188
v 24.998016 11.854800 21.221642 188 188 188
v 24.998016 9.822801 21.221642 188 188 188
v 24.998016 11.854800 21.221642 188 188 188
v 24.881115 11.913122 21.221642 188 188 188
v 24.998016 11.854800 21.221642 188 188 188
v 24.998016 11.913122 21.221642 188 188 188
v 24.998016 11.913122 21.157852 188 188 188
v 24.998016 11.913122 20.808634 188 188 188
v 24.998016 11.854800 21.221642 188 188 188
v 24.998016 9.428802 21.221642 188 188 188
v 24.998016 11.913122 20.808634 188 188 188
v 24.998016 9.428802 21.221642 188 188 188
v 24.998016 11.913122 20.798080 188 188 188
v 24.998016 11.913122 20.628654 188 188 188
v 27.000015 11.004802 21.221640 188 188 188
v 31.337278 11.913122 21.221638 188 188 188
v 33.198013 11.888801 21.221638 188 188 188
v 33.198013 11.888801 21.221638 188 188 188
v 33.198013 11.913122 21.221638 188 188 188
v 33.198013 11.418801 21.221638 188 188 188
v 33.198009 11.913121 17.865400 188 188 188
v 33.198009 11.913120 15.733898 188 188 188
v 33.198013 11.913122 20.930960 188 188 188
v 33.198013 11.913121 18.454782 188 188 188
v 33.198013 11.888801 21.221638 188 188 188
v 33.198013 7.754801 21.221638 188 188 188
v 27.000015 10.854801 21.221640 188 188 188
v 33.198013 11.418801 21.221638 188 188 188
v 27.000015 11.004802 21.221640 188 188 188
v 31.337278 11.913122 21.221638 188 188 188
v 33.198013 11.888801 21.221638 188 188 188
v 27.000015 11.913122 21.221640 188 188 188
v 27.000015 11.004802 21.221640 188 188 188
v 27.000015 11.913121 20.117380 188 188 188
v 27.000015 10.854801 21.221640 188 188 188
v 27.000015 10.784801 21.221640 188 188 188
v 27.000011 11.913121 20.068306 188 188 188
v 27.000015 10.784801 21.221640 188 188 188
v 30.538012 7.946801 21.221640 188 188 188
v 27.000015 10.762801 21.221640 188 188 188
v 27.000015 10.762801 21.221640 188 188 188
v 30.098013 8.002801 21.221640 188 188 188
v 27.000015 8.922801 21.221642 188 188 188
v 27.000015 8.922801 21.221642 188 188 188
v 27.000011 11.913121 18.618824 188 188 188
v 27.000011 11.913121 19.261124 188 188 188
v 27.000011 11.913120 15.629249 188 188 188
v 27.000011 11.913120 15.911611 188 188 188
v 27.000015 6.592801 21.221642 188 188 188
v 27.000015 6.592801 21.221642 188 188 188
v 27.802017 0.760801 21.221643 188 188 188
v 27.000015 3.904801 21.221643 188 188 188
v 27.000015 8.922801 21.221642 188 188 188
v 28.456013 6.742801 21.221642 188 188 188
v 28.398014 6.304801 21.221642 188 188 188
v 28.456013 6.742801 21.221642 188 188 188
v 28.456015 6.742802 24.219641 188 188 188
v 28.398014 6.304801 21.221642 188 188 188
v 30.538012 4.660801 21.221642 188 188 188
v 27.802017 0.760801 21.221643 188 188 188
v 30.098013 4.602801 21.221642 188 188 188
v 33.198013 4.366801 21.221640 188 188 188
v 27.802017 0.760801 21.221643 188 188 188
v 31.302011 5.100801 21.221640 188 188 188
v 30.948015 4.830801 24.219641 188 188 188
v 30.948013 4.830801 21.221642 188 188 188
v 30.538013 4.660802 24.219641 188 188 188
v 31.302013 5.100801 24.219641 188 188 188
v 31.572012 5.454801 21.221640 188 188 188
v 31.302011 5.100801 21.221640 188 188 188
v 35.642014 4.008801 24.219639 188 188 188
v 31.572014 5.454802 24.219639 188 188 188
v 31.302013 5.100801 24.219641 188 188 188
v 35.086014 2.970802 24.219639 188 188 188
v 30.948015 4.830801 24.219641 188 188 188
v 30.538013 4.660802 24.219641 188 188 188
v 35.086010 2.970800 21.221640 188 188 188
v 36.098011 6.304801 21.221638 188 188 188
v 35.642010 4.008801 21.221638 188 188 188
v 35.984009 5.132800 21.221638 188 188 188
v 35.984013 5.132801 24.219637 188 188 188
v 35.642014 4.008801 24.219639 188 188 188
v 31.800016 6.304802 24.219639 188 188 188
v 35.984013 5.132801 24.219637 188 188 188
v 36.098015 6.304802 24.219637 188 188 188
v 35.200012 6.754800 21.221638 188 188 188
v 36.034939 11.913121 21.221636 188 188 188
v 36.098011 6.304801 21.221638 188 188 188
v 36.098011 11.913121 21.221636 188 188 188
v 36.098011 11.913121 21.416410 188 188 188
v 36.098015 6.304802 24.219637 188 188 188
v 35.792717 11.913122 24.219635 188 188 188
v 31.742016 6.742802 24.219639 188 188 188
v 36.098015 6.304802 24.219637 188 188 188
v 35.792717 11.913122 24.219635 188 188 188
v 35.755550 11.913122 24.219635 188 188 188
v 31.742016 6.742802 24.219639 188 188 188
v 35.755550 11.913122 24.219635 188 188 188
v 35.708496 11.913122 24.219635 188 188 188
v 31.572014 7.152802 24.219639 188 188 188
v 35.708496 11.913122 24.219635 188 188 188
v 35.654804 11.913122 24.219635 188 188 188
v 31.302013 7.504802 24.219639 188 188 188
v 35.600624 11.913122 24.219635 188 188 188
v 30.948015 7.774802 24.219639 188 188 188
v 35.654804 11.913122 24.219635 188 188 188
v 35.554276 11.913122 24.219635 188 188 188
v 30.538013 7.946802 24.219639 188 188 188
v 35.600624 11.913122 24.219635 188 188 188
v 30.098015 8.002802 24.219639 188 188 188
v 30.538013 7.946802 24.219639 188 188 188
v 35.554276 11.913122 24.219635 188 188 188
v 30.098015 8.002802 24.219639 188 188 188
v 29.660015 7.946802 24.219641 188 188 188
v 29.660013 7.946801 21.221640 188 188 188
v 29.660015 7.946802 24.219641 188 188 188
v 29.250013 7.774802 24.219641 188 188 188
v 29.250011 7.774801 21.221640 188 188 188
v 29.250013 7.774802 24.219641 188 188 188
v 28.896013 7.504802 24.219641 188 188 188
v 28.896011 7.504801 21.221642 188 188 188
v 28.628014 7.152802 24.219641 188 188 188
v 28.628012 7.152802 21.221642 188 188 188
v 28.896013 7.504802 24.219641 188 188 188
v 28.456015 6.742802 24.219641 188 188 188
v 28.456013 6.742801 21.221642 188 188 188
v 28.628014 7.152802 24.219641 188 188 188
v 28.398016 6.304802 24.219641 188 188 188
v 28.398014 6.304801 21.221642 188 188 188
v 28.456015 6.742802 24.219641 188 188 188
v 28.456015 5.864802 24.219641 188 188 188
v 28.456013 5.864801 21.221642 188 188 188
v 28.398016 6.304802 24.219641 188 188 188
v 28.628014 5.454802 24.219641 188 188 188
v 28.628012 5.454801 21.221642 188 188 188
v 28.456015 5.864802 24.219641 188 188 188
v 28.896013 5.100802 24.219641 188 188 188
v 28.896011 5.100801 21.221642 188 188 188
v 28.628014 5.454802 24.219641 188 188 188
v 29.250013 4.830801 24.219641 188 188 188
v 29.250011 4.830801 21.221642 188 188 188
v 28.896013 5.100802 24.219641 188 188 188
v 29.660015 4.660802 24.219641 188 188 188
v 29.660013 4.660801 21.221642 188 188 188
v 29.250013 4.830801 24.219641 188 188 188
v 35.086014 2.970802 24.219639 188 188 188
v 30.098015 4.602802 24.219641 188 188 188
v 29.660015 4.660802 24.219641 188 188 188
v 35.086014 2.970802 24.219639 188 188 188
v 35.086010 2.970800 21.221640 188 188 188
v 35.642010 4.008801 21.221638 188 188 188
v 34.342010 2.060801 21.221640 188 188 188
v 35.106010 3.904800 21.221640 188 188 188
v 35.086010 2.970800 21.221640 188 188 188
v 24.214016 6.304802 24.219643 188 188 188
v 33.432014 1.316802 24.219641 188 188 188
v 34.342010 2.060802 24.219639 188 188 188
v 33.432014 1.316801 21.221642 188 188 188
v 34.816010 3.904800 21.221640 188 188 188
v 34.342010 2.060801 21.221640 188 188 188
v 24.214016 6.304802 24.219643 188 188 188
v 32.394012 0.760802 24.219641 188 188 188
v 33.432014 1.316802 24.219641 188 188 188
v 32.394012 0.760800 21.221642 188 188 188
v 34.496010 3.904800 21.221640 188 188 188
v 33.432014 1.316801 21.221642 188 188 188
v 24.214016 6.304802 24.219643 188 188 188
v 31.270016 0.418802 24.219643 188 188 188
v 32.394012 0.760802 24.219641 188 188 188
v 31.270014 0.418801 21.221642 188 188 188
v 34.130013 3.904800 21.221640 188 188 188
v 32.394012 0.760800 21.221642 188 188 188
v 24.214016 6.304802 24.219643 188 188 188
v 30.098015 0.304802 24.219643 188 188 188
v 31.270016 0.418802 24.219643 188 188 188
v 30.098013 0.304801 21.221643 188 188 188
v 33.698009 3.904800 21.221640 188 188 188
v 31.270014 0.418801 21.221642 188 188 188
v 24.214016 6.304802 24.219643 188 188 188
v 28.930014 0.418802 24.219643 188 188 188
v 30.098015 0.304802 24.219643 188 188 188
v 28.930012 0.418801 21.221643 188 188 188
v 33.198013 3.924800 21.221640 188 188 188
v 30.098013 0.304801 21.221643 188 188 188
v 24.214016 6.304802 24.219643 188 188 188
v 27.802017 0.760802 24.219643 188 188 188
v 28.930014 0.418802 24.219643 188 188 188
v 27.802017 0.760801 21.221643 188 188 188
v 33.198013 4.366801 21.221640 188 188 188
v 28.930012 0.418801 21.221643 188 188 188
v 24.214016 6.304802 24.219643 188 188 188
v 26.766014 1.316802 24.219645 188 188 188
v 27.802017 0.760802 24.219643 188 188 188
v 27.802017 0.760801 21.221643 188 188 188
v 26.766014 1.316801 21.221643 188 188 188
v 27.000015 3.904801 21.221643 188 188 188
v 24.214016 6.304802 24.219643 188 188 188
v 25.856014 2.060802 24.219645 188 188 188
v 26.766014 1.316802 24.219645 188 188 188
v 26.766014 1.316801 21.221643 188 188 188
v 25.856014 2.060801 21.221643 188 188 188
v 26.510017 3.904801 21.221643 188 188 188
v 24.214016 6.304802 24.219643 188 188 188
v 25.110016 2.970802 24.219645 188 188 188
v 25.856014 2.060802 24.219645 188 188 188
v 25.856014 2.060801 21.221643 188 188 188
v 25.110016 2.970801 21.221643 188 188 188
v 25.436016 3.904801 21.221643 188 188 188
v 24.214016 6.304802 24.219643 188 188 188
v 24.556015 4.008802 24.219645 188 188 188
v 25.110016 2.970802 24.219645 188 188 188
v 25.110016 2.970801 21.221643 188 188 188
v 24.556015 4.008801 21.221643 188 188 188
v 24.998016 3.904801 21.221643 188 188 188
v 24.214016 6.304802 24.219643 188 188 188
v 24.214016 5.132802 24.219643 188 188 188
v 24.556015 4.008802 24.219645 188 188 188
v 24.214016 5.132801 21.221643 188 188 188
v 24.998016 5.578801 21.221643 188 188 188
v 24.556015 4.008801 21.221643 188 188 188
v 24.214016 5.132802 24.219643 188 188 188
v 24.214016 6.304802 24.219643 188 188 188
v 24.100014 6.304802 24.219643 188 188 188
v 24.100014 6.304801 21.221643 188 188 188
v 24.998016 6.304801 21.221643 188 188 188
v 24.214016 5.132801 21.221643 188 188 188
v 24.100014 6.304801 21.221643 188 188 188
v 24.100014 11.913123 24.024866 188 188 188
v 24.100014 11.913122 21.221642 188 188 188
v 24.214016 6.304802 24.219643 188 188 188
v 24.214016 6.362802 24.219643 188 188 188
v 24.100014 6.304802 24.219643 188 188 188
v 24.214016 6.362802 24.219643 188 188 188
v 35.325932 11.913122 24.219635 188 188 188
v 35.318394 11.913122 24.219635 188 188 188

f 3702 3605 3610
f 3837 3838 3673
f 3699 3839 3840
f 3841 3672 3842
f 3843 3752 3844
f 3845 3754 3846
f 3697 3847 3848
f 3849 3757 3850
f 3703 3851 3852
f 3853 3812 3854
f 3700 3855 3856
f 3857 3759 3858
f 3701 3859 3860
f 3861 3761 3862
f 3704 3863 3864
f 3865 3751 3866
f 3705 3867 3868
f 3869 3794 3870
f 3717 3871 3872
f 3873 3775 3874
f 3713 3875 3876
f 3877 3777 3878
f 3714 3879 3880
f 3881 3797 3882
f 3718 3883 3884
f 3885 3805 3886
f 3719 3887 3888
f 3889 3784 3890
f 3720 3891 3892
f 3893 3894 3798
f 3895 3716 3896
f 3698 3897 3898
f 3899 3711 3900
f 3901 3709 3902
f 3903 3710 3904
f 3905 3708 3906
f 3907 3706 3908
f 3909 3707 3910
f 3911 3912 3712
f 3913 3914 3715
f 3915 3916 3725
f 3917 3918 3726
f 3919 3920 3731
f 3921 3922 3596
f 3923 3924 3925
f 3597 3926 3927
f 3928 3732 3929
f 3930 3931 3634
f 3608 3696 3635
f 3932 3691 3933
f 3737 3603 3629
f 3934 3935 3936
f 3937 3938 3695
f 3939 3802 3940
f 3799 3941 3942
f 3724 3943 3944
f 3945 3946 3947
f 3729 3948 3949
f 3950 3730 3951
f 3952 3771 3953
f 3770 3954 3955
f 3956 3957 3958
f 3959 3960 3769
f 3961 3722 3962
f 3963 3964 3721
f 3965 3966 3967
f 3768 3968 3969
f 3970 3971 3972
f 3767 3973 3974
f 3975 3976 3977
f 3978 3979 3766
f 3980 3981 3982
f 3983 3984 3765
f 3985 3986 3987
f 3988 3989 3764
f 3990 3991 3992
f 3993 3994 3750
f 3995 3996 3997
f 3998 3999 3749
f 4000 4001 4002
f 3743 4003 4004
f 4005 4006 3815
f 4007 4008 3611
f 3690 4009 4010
f 4011 3676 3675
f 3671 4012 4013
f 3741 4014 4015
f 4016 3650 4017
f 3772 4018 4019
f 3677 4020 4021
f 3678 3740 4022
f 3738 4023 4024
f 4025 3739 4026
f 3778 4027 4028
f 4029 3612 4030
f 3645 4031 4032
f 3814 3667 3665
f 4033 3664 4034
f 4035 4036 3813
f 3614 4037 4038
f 4039 3800 4040
f 3638 4041 4042
f 4043 3801 4044
f 4045 4046 3633
f 4047 3829 4048
f 4049 4050 3662
f 3661 3663 3834
f 4051 3832 4052
f 4053 4054 3615
f 3659 4055 3833
f 4056 3836 4057
f 4058 4059 3660
f 3646 3658 3828
f 4060 3827 4061
f 4062 4063 3657
f 3654 3824 3653
f 4064 4065 3652
f 4066 4067 3693
f 3823 4068 4069
f 4070 4071 4072
f 4073 4074 4075
f 4076 4077 3786
f 3626 4078 4079
f 3825 4080 4081
f 4082 4083 3655
f 3804 4084 4085
f 4086 4087 3651
f 3656 4088 4089
f 3628 3803 4090
f 3826 4091 4092
f 4093 4094 4095
f 4096 4097 4098
f 4099 4100 4101
f 4102 4103 4104
f 4105 4106 4107
f 4108 4109 4110
f 4111 4112 4113
f 4114 4115 4116
f 4117 4118 4119
f 3831 4120 4121
f 3835 4122 4123
f 4124 4125 3649
f 4126 4127 4128
f 4129 4130 4131
f 4132 4133 4134
f 4135 4136 4137
f 4138 4139 4140
f 4141 4142 4143
f 4144 4145 4146
f 4147 4148 4149
f 4150 4151 4152
f 3830 4153 4154
f 4155 4156 4157
f 4158 4159 4160
f 4161 4162 4163
f 4164 4165 4166
f 4167 4168 4169
f 4170 4171 4172
f 4173 4174 4175
f 4176 4177 3692
f 3666 4178 4179
f 4180 4181 4182
f 4183 4184 4185
f 4186 4187 4188
f 3636 4189 4190
f 4191 4192 3783
f 4193 4194 4195
f 4196 4197 3785
f 4198 4199 3637
f 4200 4201 4202
f 3627 4203 4204
f 4205 4206 3807
f 4207 4208 4209
f 3639 4210 4211
f 3795 4212 4213
f 4214 4215 4216
f 3616 4217 4218
f 3776 4219 4220
f 4221 4222 4223
f 3618 4224 4225
f 4226 4227 3598
f 4228 3822 4229
f 4230 4231 4232
f 4233 4234 3796
f 3604 4235 4236
f 4237 4238 4239
f 4240 3640 4241
f 4242 3793 4243
f 4244 4245 4246
f 4247 3631 4248
f 4249 4250 3816
f 4251 4252 4253
f 4254 4255 3821
f 4256 4257 3818
f 4258 4259 3623
f 4260 4261 3819
f 4262 4263 3820
f 3624 4264 4265
f 4266 4267 3792
f 4268 4269 3817
f 4270 4271 3641
f 4272 4273 3791
f 4274 4275 3642
f 3790 4276 4277
f 3694 4278 4279
f 4280 3728 4281
f 4282 4283 4284
f 4285 4286 3723
f 4287 4288 4289
f 4290 4291 4292
f 4293 4294 3727
f 4295 3788 4296
f 4297 3789 4298
f 4299 4300 3787
f 4301 4302 3643
f 3782 4303 4304
f 3736 4305 4306
f 4307 4308 3735
f 3780 4309 4310
f 4311 3734 4312
f 3774 4313 4314
f 4315 3733 4316
f 3742 4317 4318
f 4319 4320 4321
f 3746 4322 4323
f 4324 4325 4326
f 4327 4328 3747
f 4329 4330 3744
f 4331 4332 3745
f 4333 4334 3748
f 4335 4336 4337
f 4338 4339 4340
f 4341 4342 4343
f 4344 4345 4346
f 4347 4348 4349
f 4350 4351 3620
f 4352 3779 4353
f 3781 4354 4355
f 4356 4357 3644
f 4358 4359 3773
f 4360 4361 3632
f 4362 4363 4364
f 4365 4366 4367
f 4368 4369 4370
f 4371 4372 3595
f 4373 4374 4375
f 4376 4377 3599
f 4378 4379 4380
f 4381 4382 3625
f 4383 4384 4385
f 4386 4387 3617
f 4388 4389 4390
f 4391 4392 4393
f 4394 4395 3619
f 4396 4397 4398
f 4399 4400 4401
f 4402 4403 4404
f 4405 4406 4407
f 4408 4409 4410
f 4411 4412 4413
f 4414 4415 4416
f 4417 4418 4419
f 4420 4421 4422
f 4423 4424 4425
f 4426 4427 4428
f 4429 4430 4431
f 3687 3622 3755
f 4432 4433 3621
f 4434 4435 4436
f 3806 4437 4438
f 4439 4440 3686
f 4441 4442 3808
f 3753 4443 4444
f 4445 4446 3669
f 4447 4448 3683
f 3756 4449 4450
f 4451 4452 3682
f 3809 4453 4454
f 4455 4456 3670
f 3810 4457 4458
f 4459 4460 3681
f 3811 4461 4462
f 3609 4463 4464
f 3763 3689 3648
f 3680 4465 4466
f 3613 4467 4468
f 4469 4470 4471
f 3762 4472 4473
f 4474 4475 4476
f 4477 3758 4478
f 4479 3600 4480
f 4481 4482 4483
f 3601 4484 4485
f 3760 4486 4487
f 4488 4489 4490
f 4491 4492 4493
f 4494 4495 3674
f 4496 4497 4498
f 4499 4500 4501
f 4502 4503 4504
f 4505 4506 4507
f 4508 4509 4510
f 4511 4512 4513
f 4514 3607 3602
f 4515 3606 4516
f 4517 4518 4519
f 4520 4521 4522
f 3685 4523 4524
f 4525 4526 3684
f 4527 4528 4529
f 4530 4531 3688
f 4532 4533 4534
f 4535 3679 3630
f 4536 3668 4537
f 4538 4539 3647
f 4540 4541 4542
f 4543 4544 4545
f 4546 4547 4548
f 4549 4550 4551
f 4552 4553 4554
f 4555 4556 4557
f 4558 4559 4560
f 4561 4562 4563
f 4564 4565 4566
f 4567 4568 4569
f 4570 4571 4572
f 4573 4574 4575
f 4576 4577 4578
f 4579 4580 4581
f 4582 4583 4584
f 4585 4586 4587
f 4588 4589 4590
f 4591 4592 4593
f 4594 4595 4596
f 4597 4598 4599
f 4600 4601 4602
f 4603 4604 4605
f 4606 4607 4608
f 4609 4610 4611
f 4612 4613 4614
f 4615 4616 4617
f 4618 4619 4620
f 4621 4622 4623
f 4624 4625 4626
f 4627 4628 4629
f 4630 4631 4632
f 4633 4634 4635
f 4636 4637 4638
f 4639 4640 4641
f 4642 4643 4644
f 4645 4646 4647
f 4648 4649 4650
f 4651 4652 4653
f 4654 4655 4656
f 4657 4658 4659
f 4660 4661 4662
f 4663 4664 4665
f 4666 4667 4668
f 4669 4670 4671
f 4672 4673 4674
f 4675 4676 4677
f 4678 4679 4680
f 4681 4682 4683
f 4684 4685 4686
f 4687 4688 4689
f 4690 4691 4692
f 4693 4694 4695
f 4696 4697 4698
f 4699 4700 4701
f 4702 4703 4704
f 4705 4706 4707
f 4708 4709 4710
f 4711 4712 4713
f 4714 4715 4716
f 4717 4718 4719
f 4720 4721 4722
f 4723 4724 4725
f 4726 4727 4728
f 4729 4730 4731
f 4732 4733 4734
f 4735 4736 4737
f 4738 4739 4740
f 4741 4742 4743
f 4744 4745 4746
f 4747 4748 4749
f 4750 4751 4752
f 4753 4754 4755

usemtl Green_0
f 3664 3597 3634
f 3664 3634 3620
f 3664 3620 3595
f 3664 3595 3599
f 3664 3599 3617
f 3664 3617 3608
f 3635 3664 3608
f 3603 3635 3691
f 3603 3691 3629
f 3613 3690 3611
f 3613 3671 3690
f 3690 3671 3675
f 3690 3675 3676
f 3650 3679 3677
f 3677 3679 3678
f 3645 3612 3605
f 3632 3645 3605
f 3644 3632 3605
f 3625 3644 3605
f 3643 3625 3605
f 3619 3643 3605
f 3642 3619 3605
f 3641 3642 3605
f 3624 3641 3605
f 3623 3624 3605
f 3631 3623 3605
f 3640 3631 3605
f 3604 3640 3605
f 3598 3604 3605
f 3618 3598 3605
f 3616 3618 3605
f 3639 3616 3605
f 3627 3639 3605
f 3637 3627 3605
f 3636 3637 3605
f 3626 3636 3605
f 3693 3626 3605
f 3667 3693 3605
f 3605 3665 3667
f 3661 3633 3662
f 3661 3662 3663
f 3659 3661 3615
f 3646 3659 3660
f 3646 3660 3649
f 3646 3649 3658
f 3653 3646 3657
f 3653 3657 3651
f 3653 3651 3655
f 3653 3655 3654
f 3652 3614 3653
f 3652 3692 3614
f 3693 3692 3652
f 3651 3628 3656
f 3651 3657 3628
f 3653 3614 3646
f 3646 3614 3633
f 3646 3661 3659
f 3646 3633 3661
f 3633 3614 3638
f 3692 3667 3666
f 3665 3596 3664
f 3605 3596 3665
f 3693 3667 3692
f 3612 3647 3605
f 3647 3668 3605
f 3668 3630 3605
f 3630 3679 3605
f 3679 3606 3605
f 3606 3688 3605
f 3688 3686 3605
f 3686 3684 3605
f 3684 3685 3605
f 3685 3622 3605
f 3622 3687 3605
f 3610 3687 3621
f 3621 3672 3610
f 3609 3681 3679
f 3674 3609 3679
f 3601 3674 3679
f 3600 3601 3679
f 3689 3600 3679
f 3648 3689 3679
f 3648 3613 3680
f 3648 3650 3613
f 3681 3670 3679
f 3670 3682 3679
f 3682 3683 3679
f 3683 3669 3679
f 3669 3602 3679
f 3602 3607 3679
f 3607 3606 3679
f 3648 3679 3650
f 3613 3650 3671
f 3603 3664 3635
f 3664 3596 3597
f 3610 3672 3673
f 3605 3687 3610


o Object.3
v 85.933807 11.913122 20.883846 188 188 188
v 92.707222 11.913119 15.609591 188 188 188
v 85.936623 11.913122 20.885500 188 188 188
v 94.835114 11.913122 24.219639 188 188 188
v 84.507233 11.913120 16.906481 188 188 188
v 84.507240 11.913120 15.498131 188 188 188
v 85.238792 11.913121 18.976229 188 188 188
v 94.709213 11.913119 15.558722 188 188 188
v 92.707214 11.913120 19.018450 188 188 188
v 83.616699 11.913123 24.219606 188 188 188
v 94.454254 11.913121 20.848728 188 188 188
v 94.709213 11.913119 15.626983 188 188 188
v 84.867203 11.913121 20.260824 188 188 188
v 84.507240 11.913120 15.609568 188 188 188
v 92.707214 11.913120 19.677170 188 188 188
v 95.301895 11.913122 24.219641 188 188 188
v 95.544128 11.913121 21.221647 188 188 188
v 92.707222 11.913119 15.498155 188 188 188
v 92.707222 11.913119 15.674506 188 188 188
v 94.452904 11.913121 20.810928 188 188 188
v 84.738037 11.913121 20.184740 188 188 188
v 85.392738 11.913121 18.608191 188 188 188
v 84.507240 11.913120 16.204578 188 188 188
v 85.970390 11.913122 20.905319 188 188 188
v 92.707222 11.913119 15.498819 188 188 188
v 94.709213 11.913119 15.595439 188 188 188
v 84.507233 11.913121 18.856590 188 188 188
v 84.507233 11.913121 19.591339 188 188 188
v 84.507225 11.913122 21.036633 188 188 188
v 85.932404 11.913120 17.304132 188 188 188
v 85.698837 11.913121 17.868576 188 188 188
v 92.800117 11.913119 15.498155 188 188 188
v 86.509247 11.913120 15.911603 188 188 188
v 94.440842 11.913121 20.829430 188 188 188
v 92.795753 11.913119 15.498155 188 188 188
v 94.709213 11.913119 15.524198 188 188 188
v 92.707207 11.913120 20.144650 188 188 188
v 83.750336 11.913122 21.221615 188 188 188
v 95.607201 11.913121 21.416422 188 188 188
v 92.707207 11.913121 21.108494 188 188 188
v 92.707222 11.913119 15.648486 188 188 188
v 95.607201 11.913121 21.221647 188 188 188
v 84.507233 11.913120 17.810654 188 188 188
v 84.527573 11.913120 15.498131 188 188 188
v 94.827576 11.913122 24.219639 188 188 188
v 92.707222 11.913119 15.663290 188 188 188
v 84.577400 11.913120 15.498131 188 188 188
v 94.709213 11.913119 15.603706 188 188 188
v 86.426079 11.913120 16.113316 188 188 188
v 94.546745 11.913121 20.666958 188 188 188
v 92.730515 11.913119 15.498155 188 188 188
v 92.707214 11.913120 19.225349 188 188 188
v 83.609222 11.913123 24.024834 188 188 188
v 84.386856 11.913122 21.221617 188 188 188
v 95.163986 11.913122 24.219641 188 188 188
v 85.766068 11.913122 20.786343 188 188 188
v 92.750465 11.913119 15.498155 188 188 188
v 83.609230 11.913122 21.221613 188 188 188
v 92.707222 11.913119 15.591372 188 188 188
v 84.507225 11.913122 21.061470 188 188 188
v 94.709213 11.913119 15.566875 188 188 188
v 92.707222 11.913119 15.567387 188 188 188
v 84.507225 11.913121 20.137646 188 188 188
v 92.707214 11.913120 19.519480 188 188 188
v 84.923828 11.913121 19.738846 188 188 188
v 95.514969 11.913121 21.221647 188 188 188
v 84.507240 11.913120 15.523297 188 188 188
v 94.709213 11.913119 15.641226 188 188 188
v 94.709213 11.913119 15.498160 188 188 188
v 94.829575 11.913121 21.221645 188 188 188
v 83.609222 11.913123 24.219606 188 188 188
v 95.031258 11.913122 24.219639 188 188 188
v 95.264732 11.913122 24.219641 188 188 188
v 94.623680 11.913121 20.548742 188 188 188
v 85.017815 11.913120 15.498133 188 188 188
v 84.507233 11.913121 18.254959 188 188 188
v 94.680779 11.913121 20.460802 188 188 188
v 92.707207 11.913121 21.221640 188 188 188
v 90.846474 11.913121 21.221634 188 188 188
v 95.063454 11.913122 24.219639 188 188 188
v 95.109802 11.913122 24.219641 188 188 188
v 92.707222 11.913119 15.514368 188 188 188
v 95.217674 11.913122 24.219641 188 188 188
v 95.607193 11.913122 24.219641 188 188 188
v 92.707214 11.913120 19.585464 188 188 188
v 86.509247 11.913120 15.628240 188 188 188
v 86.509247 11.913120 15.498137 188 188 188
v 85.827995 11.913122 20.821732 188 188 188
v 92.707222 11.913119 15.733912 188 188 188
v 92.707214 11.913120 17.865410 188 188 188
v 92.707214 11.913120 18.341835 188 188 188
v 92.707214 11.913120 18.624783 188 188 188
v 85.031769 11.913121 19.480513 188 188 188
v 84.771645 11.913121 20.103346 188 188 188
v 86.509232 11.913122 21.221622 188 188 188
v 85.946167 11.913122 20.891094 188 188 188
v 92.707207 11.913120 20.008209 188 188 188
v 92.707222 11.913119 15.672044 188 188 188
v 92.707222 11.913119 15.629546 188 188 188
v 92.707222 11.913119 15.577059 188 188 188
v 92.767456 11.913119 15.498155 188 188 188
v 92.782310 11.913119 15.498155 188 188 188
v 92.794823 11.913119 15.498155 188 188 188
v 84.507225 11.913122 21.057379 188 188 188
v 94.709213 11.913119 15.505932 188 188 188
v 94.709213 11.913119 15.538131 188 188 188
v 94.709213 11.913119 15.549355 188 188 188
v 94.709213 11.913119 15.574140 188 188 188
v 94.709213 11.913119 15.598850 188 188 188
v 94.709213 11.913119 15.609597 188 188 188
v 94.709213 11.913119 15.620835 188 188 188
v 94.709213 11.913119 15.615538 188 188 188
v 94.709213 11.913119 15.624725 188 188 188
v 84.507225 11.913121 20.208529 188 188 188
v 94.709213 11.913119 15.627693 188 188 188
v 94.709213 11.913119 15.836119 188 188 188
v 94.709198 11.913121 21.221645 188 188 188
v 94.520996 11.913121 20.946312 188 188 188
v 94.709198 11.913121 20.417105 188 188 188
v 84.589188 11.913120 15.498132 188 188 188
v 84.555496 11.913120 15.498131 188 188 188
v 84.507240 11.913120 15.567467 188 188 188
v 84.507240 11.913120 16.033428 188 188 188
v 84.507225 11.913122 21.196148 188 188 188
v 84.507225 11.913122 21.221617 188 188 188
v 84.600136 11.913120 15.498132 188 188 188
v 84.507225 11.913121 20.308800 188 188 188
v 84.507225 11.913121 19.816086 188 188 188
v 84.507233 11.913121 19.162592 188 188 188
v 94.507607 11.913121 20.727287 188 188 188
v 94.500626 11.913121 20.916559 188 188 188
v 83.723228 5.132801 24.219610 188 188 188
v 83.723228 6.304801 24.219610 188 188 188
v 83.609222 6.304801 24.219608 188 188 188
v 91.309196 6.304801 24.219631 188 188 188
v 95.493195 5.132801 24.219643 188 188 188
v 95.607193 6.304801 24.219643 188 188 188
v 84.619217 2.970802 24.219614 188 188 188
v 85.365211 2.060801 24.219616 188 188 188
v 83.723228 6.362801 24.219610 188 188 188
v 84.065224 4.008801 24.219612 188 188 188
v 86.273216 1.316801 24.219618 188 188 188
v 87.311211 0.760801 24.219622 188 188 188
v 87.965210 5.864801 24.219622 188 188 188
v 87.909210 6.304801 24.219622 188 188 188
v 88.137207 5.454801 24.219622 188 188 188
v 88.759209 4.830801 24.219624 188 188 188
v 88.407211 5.100801 24.219624 188 188 188
v 89.169205 4.660801 24.219625 188 188 188
v 89.607208 0.304801 24.219629 188 188 188
v 90.779198 0.418801 24.219631 188 188 188
v 94.595192 2.970801 24.219643 188 188 188
v 88.439217 0.418801 24.219625 188 188 188
v 91.903198 0.760801 24.219635 188 188 188
v 92.941200 1.316801 24.219637 188 188 188
v 93.851189 2.060801 24.219641 188 188 188
v 88.137207 7.152802 24.219622 188 188 188
v 88.407211 7.504801 24.219622 188 188 188
v 89.607208 4.602801 24.219627 188 188 188
v 90.047203 4.660801 24.219627 188 188 188
v 91.081200 5.454801 24.219631 188 188 188
v 95.151192 4.008801 24.219643 188 188 188
v 91.251198 6.742801 24.219631 188 188 188
v 89.169205 7.946801 24.219624 188 188 188
v 91.251198 5.864801 24.219631 188 188 188
v 90.457199 4.830801 24.219629 188 188 188
v 90.811203 5.100801 24.219629 188 188 188
v 88.759209 7.774801 24.219624 188 188 188
v 87.965210 6.742801 24.219622 188 188 188
v 89.607208 8.002801 24.219625 188 188 188
v 90.047203 7.946801 24.219627 188 188 188
v 90.457199 7.774801 24.219627 188 188 188
v 90.811203 7.504801 24.219629 188 188 188
v 91.081200 7.152802 24.219629 188 188 188
v 95.607201 6.304801 21.221649 188 188 188
v 94.709198 6.754800 21.221647 188 188 188
v 94.709198 6.570800 21.221647 188 188 188
v 86.509232 8.922801 21.221622 188 188 188
v 88.759216 7.774800 21.221630 188 188 188
v 88.407219 7.504800 21.221630 188 188 188
v 86.509232 11.004802 21.221622 188 188 188
v 92.707207 11.888800 21.221640 188 188 188
v 86.509232 10.852801 21.221622 188 188 188
v 86.509232 10.760801 21.221622 188 188 188
v 89.607216 8.002800 21.221632 188 188 188
v 88.137215 7.152801 21.221628 188 188 188
v 89.169212 7.946800 21.221630 188 188 188
v 87.965218 6.742800 21.221628 188 188 188
v 87.909218 6.304801 21.221628 188 188 188
v 87.965218 5.864800 21.221628 188 188 188
v 87.311218 0.760800 21.221628 188 188 188
v 83.609230 6.304801 21.221615 188 188 188
v 84.507225 6.304801 21.221619 188 188 188
v 83.723236 5.132800 21.221617 188 188 188
v 84.507225 9.822801 21.221617 188 188 188
v 84.507225 5.578800 21.221619 188 188 188
v 84.065231 4.008801 21.221619 188 188 188
v 86.019218 3.904800 21.221624 188 188 188
v 85.365219 2.060800 21.221622 188 188 188
v 85.547218 3.904800 21.221622 188 188 188
v 86.273224 1.316800 21.221626 188 188 188
v 86.273224 3.904800 21.221624 188 188 188
v 86.509232 3.904800 21.221624 188 188 188
v 88.137215 5.454800 21.221630 188 188 188
v 88.407219 5.100800 21.221630 188 188 188
v 88.759216 4.830800 21.221630 188 188 188
v 94.709198 8.508801 21.221647 188 188 188
v 94.709198 11.852800 21.221645 188 188 188
v 89.169212 4.660800 21.221632 188 188 188
v 89.607216 4.602800 21.221634 188 188 188
v 90.047211 4.660800 21.221634 188 188 188
v 90.457207 4.830800 21.221636 188 188 188
v 90.811211 5.100800 21.221638 188 188 188
v 86.509232 10.782802 21.221622 188 188 188
v 92.707207 7.754800 21.221642 188 188 188
v 90.047211 7.946800 21.221634 188 188 188
v 89.607216 0.304800 21.221636 188 188 188
v 93.209206 3.904800 21.221643 188 188 188
v 90.779205 0.418800 21.221638 188 188 188
v 92.707207 11.418800 21.221640 188 188 188
v 92.707207 7.160800 21.221642 188 188 188
v 90.457207 7.774800 21.221634 188 188 188
v 92.707207 7.132801 21.221642 188 188 188
v 90.811211 7.504800 21.221636 188 188 188
v 94.595200 3.904800 21.221649 188 188 188
v 93.851196 2.060800 21.221647 188 188 188
v 94.325211 3.904800 21.221647 188 188 188
v 94.615196 3.904800 21.221649 188 188 188
v 92.707207 7.030800 21.221642 188 188 188
v 91.081207 7.152801 21.221638 188 188 188
v 92.707207 6.848800 21.221642 188 188 188
v 91.251205 6.742800 21.221638 188 188 188
v 92.707207 6.596800 21.221642 188 188 188
v 91.309204 6.304801 21.221638 188 188 188
v 92.707207 4.366800 21.221642 188 188 188
v 88.439224 0.418800 21.221632 188 188 188
v 93.639206 3.904800 21.221645 188 188 188
v 92.707207 3.924800 21.221643 188 188 188
v 91.903206 0.760800 21.221642 188 188 188
v 94.595200 2.970800 21.221649 188 188 188
v 95.151199 4.008800 21.221649 188 188 188
v 95.493202 5.132800 21.221649 188 188 188
v 94.709198 5.208800 21.221647 188 188 188
v 94.709198 4.958800 21.221647 188 188 188
v 92.941208 1.316800 21.221645 188 188 188
v 84.507225 9.428802 21.221617 188 188 188
v 94.005203 3.904800 21.221647 188 188 188
v 94.709198 4.622800 21.221649 188 188 188
v 94.709198 4.132800 21.221649 188 188 188
v 94.709198 5.404800 21.221647 188 188 188
v 94.709198 5.566800 21.221647 188 188 188
v 94.709198 5.704800 21.221647 188 188 188
v 84.507225 11.852801 21.221617 188 188 188
v 84.507225 4.600800 21.221619 188 188 188
v 84.507225 3.904800 21.221619 188 188 188
v 84.945229 3.904800 21.221621 188 188 188
v 84.619225 2.970800 21.221621 188 188 188
v 86.509232 6.578800 21.221624 188 188 188
v 92.707207 5.576800 21.221642 188 188 188
v 92.707207 6.304801 21.221642 188 188 188
v 92.707207 5.758800 21.221642 188 188 188
v 91.251205 5.864800 21.221638 188 188 188
v 92.707207 6.010800 21.221642 188 188 188
v 91.081207 5.454800 21.221638 188 188 188
v 92.707207 3.904800 21.221643 188 188 188
v 94.709198 3.904800 21.221649 188 188 188
v 94.709198 6.560801 21.221647 188 188 188
v 94.709198 6.528800 21.221647 188 188 188
v 94.709198 6.078800 21.221647 188 188 188
v 94.709198 6.394800 21.221647 188 188 188
v 94.709198 6.304801 21.221647 188 188 188
v 94.709198 6.472800 21.221647 188 188 188
v 94.709198 6.134800 21.221647 188 188 188
v 94.709198 6.212801 21.221647 188 188 188

v 83.609230 11.913122 21.221613 188 188 188
v 83.609230 6.304801 21.221615 188 188 188
v 83.609230 6.304801 21.221615 188 188 188
v 84.507225 9.822801 21.221617 188 188 188
v 84.507225 9.428802 21.221617 188 188 188
v 84.507225 9.822801 21.221617 188 188 188
v 84.507225 9.428802 21.221617 188 188 188
v 84.507225 11.913122 21.061470 188 188 188
v 84.507225 9.428802 21.221617 188 188 188
v 84.507225 11.913122 21.057379 188 188 188
v 84.507225 9.428802 21.221617 188 188 188
v 84.507225 11.913122 21.036633 188 188 188
v 86.509232 11.004802 21.221622 188 188 188
v 86.509232 11.913122 21.221622 188 188 188
v 86.509232 11.004802 21.221622 188 188 188
v 90.846474 11.913121 21.221634 188 188 188
v 86.509232 11.004802 21.221622 188 188 188
v 92.707207 11.888800 21.221640 188 188 188
v 86.509232 10.852801 21.221622 188 188 188
v 92.707207 11.888800 21.221640 188 188 188
v 92.707207 11.888800 21.221640 188 188 188
v 92.707207 11.418800 21.221640 188 188 188
v 92.707207 11.418800 21.221640 188 188 188
v 92.707207 11.913120 20.144650 188 188 188
v 94.829575 11.913121 21.221645 188 188 188
v 94.709198 11.852800 21.221645 188 188 188
v 94.709198 11.852800 21.221645 188 188 188
v 95.514969 11.913121 21.221647 188 188 188
v 94.709198 11.852800 21.221645 188 188 188
v 94.709198 8.508801 21.221647 188 188 188
v 94.709198 8.508801 21.221647 188 188 188
v 94.709213 11.913119 15.836119 188 188 188
v 94.709213 11.913119 15.836119 188 188 188
v 94.709198 6.754800 21.221647 188 188 188
v 94.709198 6.472800 21.221647 188 188 188
v 94.709213 11.913119 15.620835 188 188 188
v 94.709213 11.913119 15.620835 188 188 188
v 94.709198 6.394800 21.221647 188 188 188
v 94.709198 6.078800 21.221647 188 188 188
v 94.709213 11.913119 15.595439 188 188 188
v 94.709213 11.913119 15.595439 188 188 188
v 94.709198 5.704800 21.221647 188 188 188
v 94.709198 5.208800 21.221647 188 188 188
v 94.709213 11.913119 15.549355 188 188 188
v 94.709213 11.913119 15.549355 188 188 188
v 94.709198 4.958800 21.221647 188 188 188
v 94.709198 4.132800 21.221649 188 188 188
v 94.709213 11.913119 15.505932 188 188 188
v 94.709213 11.913119 15.505932 188 188 188
v 94.709198 3.904800 21.221649 188 188 188
v 94.709198 11.852800 21.221645 188 188 188
v 94.709198 11.852800 21.221645 188 188 188
v 94.680779 11.913121 20.460802 188 188 188
v 94.709198 11.852800 21.221645 188 188 188
v 94.623680 11.913121 20.548742 188 188 188
v 94.709198 11.852800 21.221645 188 188 188
v 94.546745 11.913121 20.666958 188 188 188
v 94.709198 11.852800 21.221645 188 188 188
v 94.709198 11.852800 21.221645 188 188 188
v 94.507607 11.913121 20.727287 188 188 188
v 94.452904 11.913121 20.810928 188 188 188
v 94.709213 11.913119 15.498160 188 188 188
v 94.709198 3.904800 21.221649 188 188 188
v 92.800117 11.913119 15.498155 188 188 188
v 94.709198 3.904800 21.221649 188 188 188
v 94.709198 3.904800 21.221649 188 188 188
v 94.615196 3.904800 21.221649 188 188 188
v 94.615196 3.904800 21.221649 188 188 188
v 94.595200 2.970800 21.221649 188 188 188
v 93.851196 2.060800 21.221647 188 188 188
v 94.595200 2.970800 21.221649 188 188 188
v 94.595200 2.970800 21.221649 188 188 188
v 93.851189 2.060801 24.219641 188 188 188
v 93.851189 2.060801 24.219641 188 188 188
v 94.595192 2.970801 24.219643 188 188 188
v 94.595192 2.970801 24.219643 188 188 188
v 83.723228 6.304801 24.219610 188 188 188
v 89.169205 4.660801 24.219625 188 188 188
v 83.723228 6.304801 24.219610 188 188 188
v 88.759209 4.830801 24.219624 188 188 188
v 83.723228 6.304801 24.219610 188 188 188
v 88.407211 5.100801 24.219624 188 188 188
v 83.723228 6.304801 24.219610 188 188 188
v 88.137207 5.454801 24.219622 188 188 188
v 83.723228 6.304801 24.219610 188 188 188
v 87.965210 5.864801 24.219622 188 188 188
v 83.723228 6.304801 24.219610 188 188 188
v 83.723228 6.304801 24.219610 188 188 188
v 87.909210 6.304801 24.219622 188 188 188
v 83.723228 6.304801 24.219610 188 188 188
v 87.965210 6.742801 24.219622 188 188 188
v 83.723228 6.304801 24.219610 188 188 188
v 88.137207 7.152802 24.219622 188 188 188
v 83.723228 6.304801 24.219610 188 188 188
v 88.407211 7.504801 24.219622 188 188 188
v 83.723228 6.304801 24.219610 188 188 188
v 88.759209 7.774801 24.219624 188 188 188
v 83.723228 6.304801 24.219610 188 188 188
v 89.169205 7.946801 24.219624 188 188 188
v 83.723228 6.304801 24.219610 188 188 188
v 94.835114 11.913122 24.219639 188 188 188
v 83.723228 6.304801 24.219610 188 188 188
v 83.723228 6.362801 24.219610 188 188 188
v 83.723228 6.304801 24.219610 188 188 188
v 83.609222 6.304801 24.219608 188 188 188
v 83.723228 5.132801 24.219610 188 188 188
v 83.609222 6.304801 24.219608 188 188 188
v 83.723236 5.132800 21.221617 188 188 188
v 83.723228 5.132801 24.219610 188 188 188
v 83.723228 5.132801 24.219610 188 188 188
v 84.065231 4.008801 21.221619 188 188 188
v 84.065231 4.008801 21.221619 188 188 188
v 84.065224 4.008801 24.219612 188 188 188
v 84.065224 4.008801 24.219612 188 188 188
v 84.619225 2.970800 21.221621 188 188 188
v 84.619225 2.970800 21.221621 188 188 188
v 84.619217 2.970802 24.219614 188 188 188
v 84.619217 2.970802 24.219614 188 188 188
v 85.365219 2.060800 21.221622 188 188 188
v 85.365219 2.060800 21.221622 188 188 188
v 85.365211 2.060801 24.219616 188 188 188
v 85.365211 2.060801 24.219616 188 188 188
v 86.273224 1.316800 21.221626 188 188 188
v 86.273224 1.316800 21.221626 188 188 188
v 86.273216 1.316801 24.219618 188 188 188
v 86.273216 1.316801 24.219618 188 188 188
v 87.311218 0.760800 21.221628 188 188 188
v 87.311218 0.760800 21.221628 188 188 188
v 87.311211 0.760801 24.219622 188 188 188
v 87.311211 0.760801 24.219622 188 188 188
v 88.439224 0.418800 21.221632 188 188 188
v 88.439224 0.418800 21.221632 188 188 188
v 88.439217 0.418801 24.219625 188 188 188
v 88.439217 0.418801 24.219625 188 188 188
v 89.607216 0.304800 21.221636 188 188 188
v 89.607216 0.304800 21.221636 188 188 188
v 89.607208 0.304801 24.219629 188 188 188
v 89.607208 0.304801 24.219629 188 188 188
v 90.779205 0.418800 21.221638 188 188 188
v 90.779205 0.418800 21.221638 188 188 188
v 90.779198 0.418801 24.219631 188 188 188
v 90.779198 0.418801 24.219631 188 188 188
v 91.903206 0.760800 21.221642 188 188 188
v 91.903206 0.760800 21.221642 188 188 188
v 91.903198 0.760801 24.219635 188 188 188
v 91.903198 0.760801 24.219635 188 188 188
v 92.941208 1.316800 21.221645 188 188 188
v 92.941208 1.316800 21.221645 188 188 188
v 93.851196 2.060800 21.221647 188 188 188
v 92.941200 1.316801 24.219637 188 188 188
v 92.941208 1.316800 21.221645 188 188 188
v 93.851196 2.060800 21.221647 188 188 188
v 93.851196 2.060800 21.221647 188 188 188
v 94.325211 3.904800 21.221647 188 188 188
v 94.595200 3.904800 21.221649 188 188 188
v 94.325211 3.904800 21.221647 188 188 188
v 94.325211 3.904800 21.221647 188 188 188
v 92.941208 1.316800 21.221645 188 188 188
v 94.325211 3.904800 21.221647 188 188 188
v 94.005203 3.904800 21.221647 188 188 188
v 83.723228 6.304801 24.219610 188 188 188
v 91.903198 0.760801 24.219635 188 188 188
v 92.941200 1.316801 24.219637 188 188 188
v 91.903206 0.760800 21.221642 188 188 188
v 94.005203 3.904800 21.221647 188 188 188
v 92.941208 1.316800 21.221645 188 188 188
v 94.005203 3.904800 21.221647 188 188 188
v 91.903206 0.760800 21.221642 188 188 188
v 93.639206 3.904800 21.221645 188 188 188
v 94.005203 3.904800 21.221647 188 188 188
v 83.723228 6.304801 24.219610 188 188 188
v 90.779198 0.418801 24.219631 188 188 188
v 91.903198 0.760801 24.219635 188 188 188
v 90.779205 0.418800 21.221638 188 188 188
v 93.639206 3.904800 21.221645 188 188 188
v 91.903206 0.760800 21.221642 188 188 188
v 93.639206 3.904800 21.221645 188 188 188
v 90.779205 0.418800 21.221638 188 188 188
v 93.639206 3.904800 21.221645 188 188 188
v 93.209206 3.904800 21.221643 188 188 188
v 83.723228 6.304801 24.219610 188 188 188
v 89.607208 0.304801 24.219629 188 188 188
v 90.779198 0.418801 24.219631 188 188 188
v 89.607216 0.304800 21.221636 188 188 188
v 93.209206 3.904800 21.221643 188 188 188
v 90.779205 0.418800 21.221638 188 188 188
v 93.209206 3.904800 21.221643 188 188 188
v 89.607216 0.304800 21.221636 188 188 188
v 93.209206 3.904800 21.221643 188 188 188
v 92.707207 3.904800 21.221643 188 188 188
v 92.707207 3.904800 21.221643 188 188 188
v 89.607216 0.304800 21.221636 188 188 188
v 92.707207 3.904800 21.221643 188 188 188
v 92.707207 3.924800 21.221643 188 188 188
v 83.723228 6.304801 24.219610 188 188 188
v 88.439217 0.418801 24.219625 188 188 188
v 89.607208 0.304801 24.219629 188 188 188
v 88.439224 0.418800 21.221632 188 188 188
v 92.707207 3.924800 21.221643 188 188 188
v 89.607216 0.304800 21.221636 188 188 188
v 92.707207 3.924800 21.221643 188 188 188
v 88.439224 0.418800 21.221632 188 188 188
v 92.707207 3.924800 21.221643 188 188 188
v 92.707207 4.366800 21.221642 188 188 188
v 83.723228 6.304801 24.219610 188 188 188
v 87.311211 0.760801 24.219622 188 188 188
v 88.439217 0.418801 24.219625 188 188 188
v 87.311218 0.760800 21.221628 188 188 188
v 92.707207 4.366800 21.221642 188 188 188
v 88.439224 0.418800 21.221632 188 188 188
v 92.707207 4.366800 21.221642 188 188 188
v 87.311218 0.760800 21.221628 188 188 188
v 92.707207 4.366800 21.221642 188 188 188
v 90.811211 5.100800 21.221638 188 188 188
v 92.707207 4.366800 21.221642 188 188 188
v 92.707207 5.576800 21.221642 188 188 188
v 92.707207 5.576800 21.221642 188 188 188
v 90.811211 5.100800 21.221638 188 188 188
v 92.707207 5.576800 21.221642 188 188 188
v 91.081207 5.454800 21.221638 188 188 188
v 92.707207 5.576800 21.221642 188 188 188
v 92.707207 5.758800 21.221642 188 188 188
v 92.707207 5.758800 21.221642 188 188 188
v 91.081207 5.454800 21.221638 188 188 188
v 92.707207 5.758800 21.221642 188 188 188
v 91.251205 5.864800 21.221638 188 188 188
v 92.707207 5.758800 21.221642 188 188 188
v 92.707207 6.010800 21.221642 188 188 188
v 92.707207 6.010800 21.221642 188 188 188
v 91.251205 5.864800 21.221638 188 188 188
v 92.707207 6.010800 21.221642 188 188 188
v 91.309204 6.304801 21.221638 188 188 188
v 92.707207 6.010800 21.221642 188 188 188
v 92.707207 6.304801 21.221642 188 188 188
v 92.707207 6.304801 21.221642 188 188 188
v 91.309204 6.304801 21.221638 188 188 188
v 92.707207 6.304801 21.221642 188 188 188
v 92.707207 6.596800 21.221642 188 188 188
v 92.707207 6.596800 21.221642 188 188 188
v 91.309204 6.304801 21.221638 188 188 188
v 91.251205 6.742800 21.221638 188 188 188
v 91.309204 6.304801 21.221638 188 188 188
v 91.309204 6.304801 21.221638 188 188 188
v 91.309196 6.304801 24.219631 188 188 188
v 91.309196 6.304801 24.219631 188 188 188
v 91.251198 5.864801 24.219631 188 188 188
v 95.493195 5.132801 24.219643 188 188 188
v 91.251198 5.864801 24.219631 188 188 188
v 91.081200 5.454801 24.219631 188 188 188
v 95.493195 5.132801 24.219643 188 188 188
v 95.493195 5.132801 24.219643 188 188 188
v 95.151192 4.008801 24.219643 188 188 188
v 95.151192 4.008801 24.219643 188 188 188
v 95.493202 5.132800 21.221649 188 188 188
v 95.151199 4.008800 21.221649 188 188 188
v 95.493202 5.132800 21.221649 188 188 188
v 94.595200 2.970800 21.221649 188 188 188
v 95.607201 6.304801 21.221649 188 188 188
v 95.151199 4.008800 21.221649 188 188 188
v 95.151199 4.008800 21.221649 188 188 188
v 95.151192 4.008801 24.219643 188 188 188
v 94.595192 2.970801 24.219643 188 188 188
v 94.595192 2.970801 24.219643 188 188 188
v 95.151192 4.008801 24.219643 188 188 188
v 95.151192 4.008801 24.219643 188 188 188
v 90.457199 4.830801 24.219629 188 188 188
v 90.811203 5.100801 24.219629 188 188 188
v 90.811211 5.100800 21.221638 188 188 188
v 90.457199 4.830801 24.219629 188 188 188
v 90.457199 4.830801 24.219629 188 188 188
v 90.811211 5.100800 21.221638 188 188 188
v 90.457199 4.830801 24.219629 188 188 188
v 90.457207 4.830800 21.221636 188 188 188
v 90.047203 4.660801 24.219627 188 188 188
v 90.457207 4.830800 21.221636 188 188 188
v 90.457207 4.830800 21.221636 188 188 188
v 87.311218 0.760800 21.221628 188 188 188
v 90.047211 4.660800 21.221634 188 188 188
v 90.047211 4.660800 21.221634 188 188 188
v 87.311218 0.760800 21.221628 188 188 188
v 89.607216 4.602800 21.221634 188 188 188
v 90.047211 4.660800 21.221634 188 188 188
v 89.607208 4.602801 24.219627 188 188 188
v 89.607216 4.602800 21.221634 188 188 188
v 89.169205 4.660801 24.219625 188 188 188
v 89.169205 4.660801 24.219625 188 188 188
v 89.607216 4.602800 21.221634 188 188 188
v 89.607216 4.602800 21.221634 188 188 188
v 87.311218 0.760800 21.221628 188 188 188
v 89.169212 4.660800 21.221632 188 188 188
v 89.169212 4.660800 21.221632 188 188 188
v 87.311218 0.760800 21.221628 188 188 188
v 88.759216 4.830800 21.221630 188 188 188
v 88.759209 4.830801 24.219624 188 188 188
v 89.169212 4.660800 21.221632 188 188 188
v 88.759216 4.830800 21.221630 188 188 188
v 87.311218 0.760800 21.221628 188 188 188
v 88.407219 5.100800 21.221630 188 188 188
v 88.407211 5.100801 24.219624 188 188 188
v 88.759216 4.830800 21.221630 188 188 188
v 88.407219 5.100800 21.221630 188 188 188
v 87.311218 0.760800 21.221628 188 188 188
v 88.137215 5.454800 21.221630 188 188 188
v 88.137207 5.454801 24.219622 188 188 188
v 88.407219 5.100800 21.221630 188 188 188
v 88.137215 5.454800 21.221630 188 188 188
v 87.311218 0.760800 21.221628 188 188 188
v 87.965218 5.864800 21.221628 188 188 188
v 87.965210 5.864801 24.219622 188 188 188
v 88.137215 5.454800 21.221630 188 188 188
v 87.965218 5.864800 21.221628 188 188 188
v 87.311218 0.760800 21.221628 188 188 188
v 87.909218 6.304801 21.221628 188 188 188
v 87.909210 6.304801 24.219622 188 188 188
v 87.965218 5.864800 21.221628 188 188 188
v 87.909218 6.304801 21.221628 188 188 188
v 87.311218 0.760800 21.221628 188 188 188
v 86.509232 8.922801 21.221622 188 188 188
v 87.311218 0.760800 21.221628 188 188 188
v 86.509232 8.922801 21.221622 188 188 188
v 86.509232 6.578800 21.221624 188 188 188
v 86.509232 8.922801 21.221622 188 188 188
v 86.509247 11.913120 15.911603 188 188 188
v 86.509247 11.913120 15.498137 188 188 188
v 86.509232 3.904800 21.221624 188 188 188
v 86.509232 8.922801 21.221622 188 188 188
v 86.509232 8.922801 21.221622 188 188 188
v 85.698837 11.913121 17.868576 188 188 188
v 86.509232 8.922801 21.221622 188 188 188
v 85.392738 11.913121 18.608191 188 188 188
v 86.509232 8.922801 21.221622 188 188 188
v 85.238792 11.913121 18.976229 188 188 188
v 86.509232 8.922801 21.221622 188 188 188
v 85.031769 11.913121 19.480513 188 188 188
v 86.509232 8.922801 21.221622 188 188 188
v 84.923828 11.913121 19.738846 188 188 188
v 84.507225 9.428802 21.221617 188 188 188
v 84.507225 9.428802 21.221617 188 188 188
v 84.507225 11.913121 19.816086 188 188 188
v 84.507225 9.428802 21.221617 188 188 188
v 84.507233 11.913121 19.591339 188 188 188
v 84.507225 9.428802 21.221617 188 188 188
v 84.507233 11.913121 19.162592 188 188 188
v 84.507225 9.428802 21.221617 188 188 188
v 84.507233 11.913121 18.856590 188 188 188
v 84.507225 9.428802 21.221617 188 188 188
v 84.507233 11.913121 18.254959 188 188 188
v 84.507225 9.428802 21.221617 188 188 188
v 84.507233 11.913120 17.810654 188 188 188
v 84.507225 9.428802 21.221617 188 188 188
v 84.507233 11.913120 16.906481 188 188 188
v 84.507225 9.428802 21.221617 188 188 188
v 84.507240 11.913120 16.204578 188 188 188
v 84.507225 9.428802 21.221617 188 188 188
v 84.507240 11.913120 16.033428 188 188 188
v 84.507225 6.304801 21.221619 188 188 188
v 84.507240 11.913120 16.033428 188 188 188
v 84.507240 11.913120 15.609568 188 188 188
v 84.507225 6.304801 21.221619 188 188 188
v 84.507225 5.578800 21.221619 188 188 188
v 83.723236 5.132800 21.221617 188 188 188
v 84.507225 6.304801 21.221619 188 188 188
v 83.609230 6.304801 21.221615 188 188 188
v 84.507225 6.304801 21.221619 188 188 188
v 83.723236 5.132800 21.221617 188 188 188
v 84.507225 5.578800 21.221619 188 188 188
v 84.507240 11.913120 15.609568 188 188 188
v 84.507225 5.578800 21.221619 188 188 188
v 84.507240 11.913120 15.567467 188 188 188
v 84.507225 4.600800 21.221619 188 188 188
v 84.065231 4.008801 21.221619 188 188 188
v 84.507225 5.578800 21.221619 188 188 188
v 84.065231 4.008801 21.221619 188 188 188
v 84.507225 4.600800 21.221619 188 188 188
v 84.507225 3.904800 21.221619 188 188 188
v 84.507225 4.600800 21.221619 188 188 188
v 84.507225 4.600800 21.221619 188 188 188
v 84.507240 11.913120 15.567467 188 188 188
v 84.507240 11.913120 15.523297 188 188 188
v 84.507225 3.904800 21.221619 188 188 188
v 84.507240 11.913120 15.523297 188 188 188
v 84.507240 11.913120 15.498131 188 188 188
v 84.507225 3.904800 21.221619 188 188 188
v 84.507225 3.904800 21.221619 188 188 188
v 84.945229 3.904800 21.221621 188 188 188
v 84.619225 2.970800 21.221621 188 188 188
v 84.945229 3.904800 21.221621 188 188 188
v 84.507240 11.913120 15.498131 188 188 188
v 84.527573 11.913120 15.498131 188 188 188
v 84.945229 3.904800 21.221621 188 188 188
v 84.945229 3.904800 21.221621 188 188 188
v 84.555496 11.913120 15.498131 188 188 188
v 84.945229 3.904800 21.221621 188 188 188
v 85.547218 3.904800 21.221622 188 188 188
v 85.365219 2.060800 21.221622 188 188 188
v 85.365219 2.060800 21.221622 188 188 188
v 85.547218 3.904800 21.221622 188 188 188
v 86.019218 3.904800 21.221624 188 188 188
v 85.547218 3.904800 21.221622 188 188 188
v 84.555496 11.913120 15.498131 188 188 188
v 84.577400 11.913120 15.498131 188 188 188
v 85.547218 3.904800 21.221622 188 188 188
v 84.577400 11.913120 15.498131 188 188 188
v 86.019218 3.904800 21.221624 188 188 188
v 86.019218 3.904800 21.221624 188 188 188
v 84.589188 11.913120 15.498132 188 188 188
v 86.273224 1.316800 21.221626 188 188 188
v 86.019218 3.904800 21.221624 188 188 188
v 86.273224 3.904800 21.221624 188 188 188
v 86.273224 3.904800 21.221624 188 188 188
v 86.509232 3.904800 21.221624 188 188 188
v 86.273224 1.316800 21.221626 188 188 188
v 86.509232 3.904800 21.221624 188 188 188
v 86.273224 3.904800 21.221624 188 188 188
v 84.589188 11.913120 15.498132 188 188 188
v 84.600136 11.913120 15.498132 188 188 188
v 86.273224 3.904800 21.221624 188 188 188
v 86.509232 8.922801 21.221622 188 188 188
v 84.771645 11.913121 20.103346 188 188 188
v 86.509232 8.922801 21.221622 188 188 188
v 84.738037 11.913121 20.184740 188 188 188
v 86.509232 3.904800 21.221624 188 188 188
v 84.600136 11.913120 15.498132 188 188 188
v 85.017815 11.913120 15.498133 188 188 188
v 86.509232 6.578800 21.221624 188 188 188
v 86.509232 3.904800 21.221624 188 188 188
v 86.509247 11.913120 15.628240 188 188 188
v 86.509232 8.922801 21.221622 188 188 188
v 86.426079 11.913120 16.113316 188 188 188
v 85.932404 11.913120 17.304132 188 188 188
v 86.509247 11.913120 15.911603 188 188 188
v 86.509232 6.578800 21.221624 188 188 188
v 86.509247 11.913120 15.628240 188 188 188
v 86.509232 6.578800 21.221624 188 188 188
v 87.311218 0.760800 21.221628 188 188 188
v 86.509232 3.904800 21.221624 188 188 188
v 86.509232 8.922801 21.221622 188 188 188
v 87.909218 6.304801 21.221628 188 188 188
v 87.965218 6.742800 21.221628 188 188 188
v 87.965210 6.742801 24.219622 188 188 188
v 87.909218 6.304801 21.221628 188 188 188
v 86.509232 8.922801 21.221622 188 188 188
v 87.965218 6.742800 21.221628 188 188 188
v 88.137215 7.152801 21.221628 188 188 188
v 88.137207 7.152802 24.219622 188 188 188
v 87.965218 6.742800 21.221628 188 188 188
v 86.509232 8.922801 21.221622 188 188 188
v 88.137215 7.152801 21.221628 188 188 188
v 88.407219 7.504800 21.221630 188 188 188
v 88.407211 7.504801 24.219622 188 188 188
v 88.137215 7.152801 21.221628 188 188 188
v 86.509232 8.922801 21.221622 188 188 188
v 88.407219 7.504800 21.221630 188 188 188
v 88.407219 7.504800 21.221630 188 188 188
v 88.759216 7.774800 21.221630 188 188 188
v 88.759209 7.774801 24.219624 188 188 188
v 86.509232 8.922801 21.221622 188 188 188
v 88.759216 7.774800 21.221630 188 188 188
v 88.759216 7.774800 21.221630 188 188 188
v 89.169212 7.946800 21.221630 188 188 188
v 89.169205 7.946801 24.219624 188 188 188
v 89.169205 7.946801 24.219624 188 188 188
v 89.169212 7.946800 21.221630 188 188 188
v 89.169212 7.946800 21.221630 188 188 188
v 89.607208 8.002801 24.219625 188 188 188
v 89.607208 8.002801 24.219625 188 188 188
v 89.607216 8.002800 21.221632 188 188 188
v 89.607216 8.002800 21.221632 188 188 188
v 90.047203 7.946801 24.219627 188 188 188
v 90.047203 7.946801 24.219627 188 188 188
v 90.047211 7.946800 21.221634 188 188 188
v 90.047211 7.946800 21.221634 188 188 188
v 90.457199 7.774801 24.219627 188 188 188
v 90.457199 7.774801 24.219627 188 188 188
v 90.457207 7.774800 21.221634 188 188 188
v 90.457207 7.774800 21.221634 188 188 188
v 90.811203 7.504801 24.219629 188 188 188
v 90.811211 7.504800 21.221636 188 188 188
v 90.811203 7.504801 24.219629 188 188 188
v 90.811203 7.504801 24.219629 188 188 188
v 91.081200 7.152802 24.219629 188 188 188
v 90.811203 7.504801 24.219629 188 188 188
v 95.217674 11.913122 24.219641 188 188 188
v 95.607193 11.913122 24.219641 188 188 188
v 95.607193 6.304801 24.219643 188 188 188
v 95.607201 6.304801 21.221649 188 188 188
v 95.607201 11.913121 21.221647 188 188 188
v 95.607193 6.304801 24.219643 188 188 188
v 95.607201 6.304801 21.221649 188 188 188
v 95.607201 6.304801 21.221649 188 188 188
v 95.607193 6.304801 24.219643 188 188 188
v 95.493195 5.132801 24.219643 188 188 188
v 94.709198 6.754800 21.221647 188 188 188
v 95.544128 11.913121 21.221647 188 188 188
v 95.607201 6.304801 21.221649 188 188 188
v 94.709198 6.754800 21.221647 188 188 188
v 95.607201 6.304801 21.221649 188 188 188
v 94.709198 6.570800 21.221647 188 188 188
v 95.607201 6.304801 21.221649 188 188 188
v 94.709198 6.570800 21.221647 188 188 188
v 94.709198 6.560801 21.221647 188 188 188
v 94.709198 6.560801 21.221647 188 188 188
v 95.607201 6.304801 21.221649 188 188 188
v 94.709198 6.560801 21.221647 188 188 188
v 94.709198 6.528800 21.221647 188 188 188
v 94.709198 6.528800 21.221647 188 188 188
v 95.607201 6.304801 21.221649 188 188 188
v 94.709198 6.472800 21.221647 188 188 188
v 95.607201 11.913121 21.221647 188 188 188
v 95.607201 11.913121 21.416422 188 188 188
v 95.607193 6.304801 24.219643 188 188 188
v 95.607193 6.304801 24.219643 188 188 188
v 95.301895 11.913122 24.219641 188 188 188
v 91.251198 6.742801 24.219631 188 188 188
v 91.309196 6.304801 24.219631 188 188 188
v 95.607193 6.304801 24.219643 188 188 188
v 91.251198 6.742801 24.219631 188 188 188
v 95.301895 11.913122 24.219641 188 188 188
v 91.081200 7.152802 24.219629 188 188 188
v 91.251198 6.742801 24.219631 188 188 188
v 95.264732 11.913122 24.219641 188 188 188
v 91.251198 6.742801 24.219631 188 188 188
v 91.081200 7.152802 24.219629 188 188 188
v 91.251198 6.742801 24.219631 188 188 188
v 91.081207 7.152801 21.221638 188 188 188
v 91.251205 6.742800 21.221638 188 188 188
v 91.081207 7.152801 21.221638 188 188 188
v 91.251205 6.742800 21.221638 188 188 188
v 92.707207 6.848800 21.221642 188 188 188
v 91.081207 7.152801 21.221638 188 188 188
v 92.707207 6.848800 21.221642 188 188 188
v 92.707207 7.030800 21.221642 188 188 188
v 90.811211 7.504800 21.221636 188 188 188
v 92.707207 7.030800 21.221642 188 188 188
v 91.081207 7.152801 21.221638 188 188 188
v 92.707207 7.030800 21.221642 188 188 188
v 90.811211 7.504800 21.221636 188 188 188
v 92.707207 7.030800 21.221642 188 188 188
v 92.707207 7.132801 21.221642 188 188 188
v 90.457199 7.774801 24.219627 188 188 188
v 95.163986 11.913122 24.219641 188 188 188
v 90.047203 7.946801 24.219627 188 188 188
v 95.109802 11.913122 24.219641 188 188 188
v 89.607208 8.002801 24.219625 188 188 188
v 95.063454 11.913122 24.219639 188 188 188
v 95.217674 11.913122 24.219641 188 188 188
v 91.081200 7.152802 24.219629 188 188 188
v 95.264732 11.913122 24.219641 188 188 188
v 91.081200 7.152802 24.219629 188 188 188
v 90.811211 7.504800 21.221636 188 188 188
v 91.081207 7.152801 21.221638 188 188 188
v 90.457207 7.774800 21.221634 188 188 188
v 92.707207 7.132801 21.221642 188 188 188
v 90.811211 7.504800 21.221636 188 188 188
v 92.707207 7.132801 21.221642 188 188 188
v 90.457207 7.774800 21.221634 188 188 188
v 92.707207 7.132801 21.221642 188 188 188
v 92.707207 7.160800 21.221642 188 188 188
v 90.457199 7.774801 24.219627 188 188 188
v 90.811203 7.504801 24.219629 188 188 188
v 95.163986 11.913122 24.219641 188 188 188
v 90.047211 7.946800 21.221634 188 188 188
v 92.707207 7.160800 21.221642 188 188 188
v 90.457207 7.774800 21.221634 188 188 188
v 92.707207 7.160800 21.221642 188 188 188
v 90.047211 7.946800 21.221634 188 188 188
v 92.707207 7.160800 21.221642 188 188 188
v 92.707207 7.754800 21.221642 188 188 188
v 92.707207 11.418800 21.221640 188 188 188
v 92.707222 11.913119 15.733912 188 188 188
v 92.707207 7.754800 21.221642 188 188 188
v 92.707207 7.754800 21.221642 188 188 188
v 90.047211 7.946800 21.221634 188 188 188
v 86.509232 10.782802 21.221622 188 188 188
v 90.047211 7.946800 21.221634 188 188 188
v 86.509232 10.782802 21.221622 188 188 188
v 86.509232 10.760801 21.221622 188 188 188
v 85.936623 11.913122 20.885500 188 188 188
v 86.509232 10.760801 21.221622 188 188 188
v 85.933807 11.913122 20.883846 188 188 188
v 86.509232 10.760801 21.221622 188 188 188
v 86.509232 8.922801 21.221622 188 188 188
v 85.933807 11.913122 20.883846 188 188 188
v 86.509232 8.922801 21.221622 188 188 188
v 85.827995 11.913122 20.821732 188 188 188
v 86.509232 8.922801 21.221622 188 188 188
v 86.509232 10.760801 21.221622 188 188 188
v 89.607216 8.002800 21.221632 188 188 188
v 86.509232 8.922801 21.221622 188 188 188
v 86.509232 10.852801 21.221622 188 188 188
v 92.707207 7.754800 21.221642 188 188 188
v 86.509232 10.782802 21.221622 188 188 188
v 86.509232 10.782802 21.221622 188 188 188
v 86.509232 10.852801 21.221622 188 188 188
v 90.047203 7.946801 24.219627 188 188 188
v 90.457199 7.774801 24.219627 188 188 188
v 95.109802 11.913122 24.219641 188 188 188
v 86.509232 10.760801 21.221622 188 188 188
v 90.047211 7.946800 21.221634 188 188 188
v 89.607216 8.002800 21.221632 188 188 188
v 89.607208 8.002801 24.219625 188 188 188
v 90.047203 7.946801 24.219627 188 188 188
v 95.063454 11.913122 24.219639 188 188 188
v 89.169205 7.946801 24.219624 188 188 188
v 89.607208 8.002801 24.219625 188 188 188
v 95.031258 11.913122 24.219639 188 188 188
v 86.509232 8.922801 21.221622 188 188 188
v 89.607216 8.002800 21.221632 188 188 188
v 89.169212 7.946800 21.221630 188 188 188
v 90.047203 4.660801 24.219627 188 188 188
v 90.047211 4.660800 21.221634 188 188 188
v 89.607208 4.602801 24.219627 188 188 188
v 94.595192 2.970801 24.219643 188 188 188
v 90.047203 4.660801 24.219627 188 188 188
v 89.607208 4.602801 24.219627 188 188 188
v 94.595192 2.970801 24.219643 188 188 188
v 90.457199 4.830801 24.219629 188 188 188
v 90.047203 4.660801 24.219627 188 188 188
v 95.493195 5.132801 24.219643 188 188 188
v 95.493202 5.132800 21.221649 188 188 188
v 95.607201 6.304801 21.221649 188 188 188
v 95.151192 4.008801 24.219643 188 188 188
v 91.081200 5.454801 24.219631 188 188 188
v 90.811203 5.100801 24.219629 188 188 188
v 91.081207 5.454800 21.221638 188 188 188
v 90.811203 5.100801 24.219629 188 188 188
v 91.081200 5.454801 24.219631 188 188 188
v 91.251205 5.864800 21.221638 188 188 188
v 91.081200 5.454801 24.219631 188 188 188
v 91.251198 5.864801 24.219631 188 188 188
v 91.309196 6.304801 24.219631 188 188 188
v 95.493195 5.132801 24.219643 188 188 188
v 95.607193 6.304801 24.219643 188 188 188
v 91.251205 6.742800 21.221638 188 188 188
v 91.309196 6.304801 24.219631 188 188 188
v 91.251198 6.742801 24.219631 188 188 188
v 92.707207 6.596800 21.221642 188 188 188
v 91.251205 6.742800 21.221638 188 188 188
v 92.707207 6.848800 21.221642 188 188 188
v 92.707207 6.596800 21.221642 188 188 188
v 92.707207 6.848800 21.221642 188 188 188
v 91.251198 5.864801 24.219631 188 188 188
v 91.309204 6.304801 21.221638 188 188 188
v 91.251205 5.864800 21.221638 188 188 188
v 91.081200 5.454801 24.219631 188 188 188
v 91.251205 5.864800 21.221638 188 188 188
v 91.081207 5.454800 21.221638 188 188 188
v 90.811203 5.100801 24.219629 188 188 188
v 91.081207 5.454800 21.221638 188 188 188
v 90.811211 5.100800 21.221638 188 188 188
v 90.811211 5.100800 21.221638 188 188 188
v 87.311218 0.760800 21.221628 188 188 188
v 90.457207 4.830800 21.221636 188 188 188
v 83.723228 6.304801 24.219610 188 188 188
v 86.273216 1.316801 24.219618 188 188 188
v 87.311211 0.760801 24.219622 188 188 188
v 87.311218 0.760800 21.221628 188 188 188
v 86.273224 1.316800 21.221626 188 188 188
v 86.509232 3.904800 21.221624 188 188 188
v 83.723228 6.304801 24.219610 188 188 188
v 85.365211 2.060801 24.219616 188 188 188
v 86.273216 1.316801 24.219618 188 188 188
v 86.273224 1.316800 21.221626 188 188 188
v 85.365219 2.060800 21.221622 188 188 188
v 86.019218 3.904800 21.221624 188 188 188
v 83.723228 6.304801 24.219610 188 188 188
v 84.619217 2.970802 24.219614 188 188 188
v 85.365211 2.060801 24.219616 188 188 188
v 85.365219 2.060800 21.221622 188 188 188
v 84.619225 2.970800 21.221621 188 188 188
v 84.945229 3.904800 21.221621 188 188 188
v 83.723228 6.304801 24.219610 188 188 188
v 84.065224 4.008801 24.219612 188 188 188
v 84.619217 2.970802 24.219614 188 188 188
v 84.619225 2.970800 21.221621 188 188 188
v 84.065231 4.008801 21.221619 188 188 188
v 84.507225 3.904800 21.221619 188 188 188
v 83.723236 5.132800 21.221617 188 188 188
v 84.507225 5.578800 21.221619 188 188 188
v 84.065231 4.008801 21.221619 188 188 188
v 83.609230 6.304801 21.221615 188 188 188
v 83.723236 5.132800 21.221617 188 188 188
v 83.609222 6.304801 24.219608 188 188 188
v 83.723228 6.304801 24.219610 188 188 188
v 83.723228 5.132801 24.219610 188 188 188
v 84.065224 4.008801 24.219612 188 188 188
v 83.609222 6.304801 24.219608 188 188 188
v 83.723228 6.362801 24.219610 188 188 188
v 83.609222 11.913123 24.219606 188 188 188
v 83.609222 11.913123 24.024834 188 188 188
v 83.609222 6.304801 24.219608 188 188 188
v 83.723228 6.362801 24.219610 188 188 188
v 83.609222 11.913123 24.219606 188 188 188
v 83.616699 11.913123 24.219606 188 188 188
v 83.723228 6.362801 24.219610 188 188 188
v 84.507225 11.913122 21.061470 188 188 188
v 84.507225 11.852801 21.221617 188 188 188
v 84.507225 11.913122 21.196148 188 188 188
v 84.507225 11.913122 21.221617 188 188 188
v 84.507225 11.852801 21.221617 188 188 188
v 84.386856 11.913122 21.221617 188 188 188
v 84.507225 11.852801 21.221617 188 188 188
v 84.507225 9.822801 21.221617 188 188 188
v 84.386856 11.913122 21.221617 188 188 188
v 84.507225 9.822801 21.221617 188 188 188
v 94.835114 11.913122 24.219639 188 188 188
v 94.827576 11.913122 24.219639 188 188 188
v 83.723228 6.362801 24.219610 188 188 188
v 94.835114 11.913122 24.219639 188 188 188
v 89.169205 7.946801 24.219624 188 188 188
v 95.031258 11.913122 24.219639 188 188 188
v 89.169205 7.946801 24.219624 188 188 188
v 88.759209 7.774801 24.219624 188 188 188
v 88.759216 7.774800 21.221630 188 188 188
v 88.759209 7.774801 24.219624 188 188 188
v 88.407211 7.504801 24.219622 188 188 188
v 88.407219 7.504800 21.221630 188 188 188
v 88.137207 7.152802 24.219622 188 188 188
v 88.137215 7.152801 21.221628 188 188 188
v 88.407211 7.504801 24.219622 188 188 188
v 87.965210 6.742801 24.219622 188 188 188
v 87.965218 6.742800 21.221628 188 188 188
v 88.137207 7.152802 24.219622 188 188 188
v 87.909210 6.304801 24.219622 188 188 188
v 87.909218 6.304801 21.221628 188 188 188
v 87.965210 6.742801 24.219622 188 188 188
v 87.965210 5.864801 24.219622 188 188 188
v 87.965218 5.864800 21.221628 188 188 188
v 87.909210 6.304801 24.219622 188 188 188
v 88.137207 5.454801 24.219622 188 188 188
v 88.137215 5.454800 21.221630 188 188 188
v 87.965210 5.864801 24.219622 188 188 188
v 88.407211 5.100801 24.219624 188 188 188
v 88.407219 5.100800 21.221630 188 188 188
v 88.137207 5.454801 24.219622 188 188 188
v 88.759209 4.830801 24.219624 188 188 188
v 88.759216 4.830800 21.221630 188 188 188
v 88.407211 5.100801 24.219624 188 188 188
v 89.169205 4.660801 24.219625 188 188 188
v 89.169212 4.660800 21.221632 188 188 188
v 88.759209 4.830801 24.219624 188 188 188
v 94.595192 2.970801 24.219643 188 188 188
v 89.607208 4.602801 24.219627 188 188 188
v 89.169205 4.660801 24.219625 188 188 188
v 83.723228 6.304801 24.219610 188 188 188
v 92.941200 1.316801 24.219637 188 188 188
v 93.851189 2.060801 24.219641 188 188 188
v 94.595192 2.970801 24.219643 188 188 188
v 94.595200 2.970800 21.221649 188 188 188
v 95.151199 4.008800 21.221649 188 188 188
v 93.851189 2.060801 24.219641 188 188 188
v 92.941200 1.316801 24.219637 188 188 188
v 93.851196 2.060800 21.221647 188 188 188
v 94.615196 3.904800 21.221649 188 188 188
v 93.851196 2.060800 21.221647 188 188 188
v 94.595200 3.904800 21.221649 188 188 188
v 94.615196 3.904800 21.221649 188 188 188
v 94.595200 3.904800 21.221649 188 188 188
v 95.607201 6.304801 21.221649 188 188 188
v 94.595200 2.970800 21.221649 188 188 188
v 94.709198 3.904800 21.221649 188 188 188
v 94.709198 4.132800 21.221649 188 188 188
v 95.607201 6.304801 21.221649 188 188 188
v 94.709198 3.904800 21.221649 188 188 188
v 95.607201 6.304801 21.221649 188 188 188
v 94.709198 4.132800 21.221649 188 188 188
v 94.709198 4.958800 21.221647 188 188 188
v 95.607201 6.304801 21.221649 188 188 188
v 94.709198 4.622800 21.221649 188 188 188
v 94.709198 4.622800 21.221649 188 188 188
v 94.709198 4.132800 21.221649 188 188 188
v 94.709213 11.913119 15.524198 188 188 188
v 94.709213 11.913119 15.538131 188 188 188
v 94.709198 4.622800 21.221649 188 188 188
v 94.709213 11.913119 15.524198 188 188 188
v 94.709198 4.958800 21.221647 188 188 188
v 94.709198 4.622800 21.221649 188 188 188
v 94.709213 11.913119 15.538131 188 188 188
v 94.709198 5.208800 21.221647 188 188 188
v 95.607201 6.304801 21.221649 188 188 188
v 94.709198 4.958800 21.221647 188 188 188
v 95.607201 6.304801 21.221649 188 188 188
v 94.709198 5.208800 21.221647 188 188 188
v 95.607201 6.304801 21.221649 188 188 188
v 94.709198 5.404800 21.221647 188 188 188
v 94.709198 5.566800 21.221647 188 188 188
v 94.709198 5.404800 21.221647 188 188 188
v 94.709198 5.704800 21.221647 188 188 188
v 95.607201 6.304801 21.221649 188 188 188
v 94.709198 5.566800 21.221647 188 188 188
v 94.709198 5.404800 21.221647 188 188 188
v 94.709198 5.208800 21.221647 188 188 188
v 94.709213 11.913119 15.558722 188 188 188
v 94.709213 11.913119 15.558722 188 188 188
v 94.709213 11.913119 15.566875 188 188 188
v 94.709198 5.404800 21.221647 188 188 188
v 94.709213 11.913119 15.574140 188 188 188
v 94.709198 5.566800 21.221647 188 188 188
v 94.709213 11.913119 15.566875 188 188 188
v 94.709198 5.704800 21.221647 188 188 188
v 94.709198 5.566800 21.221647 188 188 188
v 94.709213 11.913119 15.574140 188 188 188
v 94.709198 6.078800 21.221647 188 188 188
v 95.607201 6.304801 21.221649 188 188 188
v 94.709198 5.704800 21.221647 188 188 188
v 95.607201 6.304801 21.221649 188 188 188
v 94.709198 6.078800 21.221647 188 188 188
v 95.607201 6.304801 21.221649 188 188 188
v 94.709198 6.134800 21.221647 188 188 188
v 94.709198 6.212801 21.221647 188 188 188
v 94.709198 6.134800 21.221647 188 188 188
v 95.607201 6.304801 21.221649 188 188 188
v 94.709198 6.212801 21.221647 188 188 188
v 94.709198 6.304801 21.221647 188 188 188
v 94.709198 6.212801 21.221647 188 188 188
v 94.709198 6.394800 21.221647 188 188 188
v 95.607201 6.304801 21.221649 188 188 188
v 94.709198 6.304801 21.221647 188 188 188
v 94.709198 6.134800 21.221647 188 188 188
v 94.709198 6.078800 21.221647 188 188 188
v 94.709213 11.913119 15.598850 188 188 188
v 94.709213 11.913119 15.603706 188 188 188
v 94.709198 6.134800 21.221647 188 188 188
v 94.709213 11.913119 15.598850 188 188 188
v 94.709213 11.913119 15.609597 188 188 188
v 94.709198 6.212801 21.221647 188 188 188
v 94.709213 11.913119 15.603706 188 188 188
v 94.709213 11.913119 15.615538 188 188 188
v 94.709198 6.304801 21.221647 188 188 188
v 94.709213 11.913119 15.609597 188 188 188
v 94.709198 6.394800 21.221647 188 188 188
v 94.709198 6.304801 21.221647 188 188 188
v 94.709213 11.913119 15.615538 188 188 188
v 94.709198 6.472800 21.221647 188 188 188
v 95.607201 6.304801 21.221649 188 188 188
v 94.709198 6.394800 21.221647 188 188 188
v 94.709198 6.528800 21.221647 188 188 188
v 94.709198 6.472800 21.221647 188 188 188
v 94.709213 11.913119 15.624725 188 188 188
v 94.709213 11.913119 15.624725 188 188 188
v 94.709213 11.913119 15.626983 188 188 188
v 94.709198 6.528800 21.221647 188 188 188
v 94.709213 11.913119 15.626983 188 188 188
v 94.709213 11.913119 15.627693 188 188 188
v 94.709198 6.560801 21.221647 188 188 188
v 94.709213 11.913119 15.641226 188 188 188
v 94.709198 6.570800 21.221647 188 188 188
v 94.709213 11.913119 15.627693 188 188 188
v 94.709198 6.754800 21.221647 188 188 188
v 94.709198 6.570800 21.221647 188 188 188
v 94.709213 11.913119 15.641226 188 188 188
v 94.709198 8.508801 21.221647 188 188 188
v 95.544128 11.913121 21.221647 188 188 188
v 94.709198 6.754800 21.221647 188 188 188
v 94.709213 11.913119 15.836119 188 188 188
v 94.709198 11.913121 20.417105 188 188 188
v 94.709198 11.852800 21.221645 188 188 188
v 95.514969 11.913121 21.221647 188 188 188
v 95.544128 11.913121 21.221647 188 188 188
v 94.709198 8.508801 21.221647 188 188 188
v 94.709198 11.852800 21.221645 188 188 188
v 94.709198 11.913121 21.221645 188 188 188
v 94.709198 11.852800 21.221645 188 188 188
v 94.520996 11.913121 20.946312 188 188 188
v 94.500626 11.913121 20.916559 188 188 188
v 94.709198 11.852800 21.221645 188 188 188
v 94.709198 11.852800 21.221645 188 188 188
v 94.440842 11.913121 20.829430 188 188 188
v 94.454254 11.913121 20.848728 188 188 188
v 92.795753 11.913119 15.498155 188 188 188
v 92.800117 11.913119 15.498155 188 188 188
v 94.615196 3.904800 21.221649 188 188 188
v 92.794823 11.913119 15.498155 188 188 188
v 92.795753 11.913119 15.498155 188 188 188
v 94.595200 3.904800 21.221649 188 188 188
v 92.782310 11.913119 15.498155 188 188 188
v 92.794823 11.913119 15.498155 188 188 188
v 94.325211 3.904800 21.221647 188 188 188
v 92.767456 11.913119 15.498155 188 188 188
v 92.782310 11.913119 15.498155 188 188 188
v 94.005203 3.904800 21.221647 188 188 188
v 92.750465 11.913119 15.498155 188 188 188
v 92.767456 11.913119 15.498155 188 188 188
v 93.639206 3.904800 21.221645 188 188 188
v 92.750465 11.913119 15.498155 188 188 188
v 93.209206 3.904800 21.221643 188 188 188
v 92.730515 11.913119 15.498155 188 188 188
v 93.209206 3.904800 21.221643 188 188 188
v 92.707222 11.913119 15.498155 188 188 188
v 92.707207 3.904800 21.221643 188 188 188
v 92.707222 11.913119 15.498819 188 188 188
v 92.707222 11.913119 15.498155 188 188 188
v 92.707207 3.924800 21.221643 188 188 188
v 92.707222 11.913119 15.514368 188 188 188
v 92.707222 11.913119 15.498819 188 188 188
v 92.707207 4.366800 21.221642 188 188 188
v 92.707222 11.913119 15.567387 188 188 188
v 92.707222 11.913119 15.514368 188 188 188
v 92.707207 5.576800 21.221642 188 188 188
v 92.707222 11.913119 15.577059 188 188 188
v 92.707222 11.913119 15.567387 188 188 188
v 92.707207 5.758800 21.221642 188 188 188
v 92.707222 11.913119 15.591372 188 188 188
v 92.707222 11.913119 15.577059 188 188 188
v 92.707207 6.010800 21.221642 188 188 188
v 92.707222 11.913119 15.609591 188 188 188
v 92.707222 11.913119 15.591372 188 188 188
v 92.707207 6.304801 21.221642 188 188 188
v 92.707222 11.913119 15.629546 188 188 188
v 92.707222 11.913119 15.609591 188 188 188
v 92.707207 6.596800 21.221642 188 188 188
v 92.707222 11.913119 15.648486 188 188 188
v 92.707222 11.913119 15.629546 188 188 188
v 92.707207 6.848800 21.221642 188 188 188
v 92.707222 11.913119 15.663290 188 188 188
v 92.707222 11.913119 15.648486 188 188 188
v 92.707207 7.030800 21.221642 188 188 188
v 92.707222 11.913119 15.672044 188 188 188
v 92.707222 11.913119 15.663290 188 188 188
v 92.707207 7.132801 21.221642 188 188 188
v 92.707222 11.913119 15.674506 188 188 188
v 92.707222 11.913119 15.672044 188 188 188
v 92.707207 7.160800 21.221642 188 188 188
v 92.707222 11.913119 15.733912 188 188 188
v 92.707222 11.913119 15.674506 188 188 188
v 92.707207 11.418800 21.221640 188 188 188
v 92.707222 11.913119 15.733912 188 188 188
v 92.707207 11.418800 21.221640 188 188 188
v 92.707214 11.913120 17.865410 188 188 188
v 92.707207 11.418800 21.221640 188 188 188
v 92.707214 11.913120 18.341835 188 188 188
v 92.707214 11.913120 18.624783 188 188 188
v 92.707207 11.418800 21.221640 188 188 188
v 92.707207 11.418800 21.221640 188 188 188
v 92.707214 11.913120 19.018450 188 188 188
v 92.707207 11.418800 21.221640 188 188 188
v 92.707214 11.913120 19.225349 188 188 188
v 92.707207 11.418800 21.221640 188 188 188
v 92.707214 11.913120 19.519480 188 188 188
v 92.707207 11.418800 21.221640 188 188 188
v 92.707214 11.913120 19.585464 188 188 188
v 92.707207 11.888800 21.221640 188 188 188
v 92.707207 11.418800 21.221640 188 188 188
v 92.707207 11.913120 20.008209 188 188 188
v 92.707214 11.913120 19.677170 188 188 188
v 92.707207 11.913121 21.108494 188 188 188
v 92.707207 11.913120 20.144650 188 188 188
v 92.707207 11.888800 21.221640 188 188 188
v 92.707207 7.754800 21.221642 188 188 188
v 86.509232 10.852801 21.221622 188 188 188
v 92.707207 11.418800 21.221640 188 188 188
v 92.707207 11.888800 21.221640 188 188 188
v 90.846474 11.913121 21.221634 188 188 188
v 92.707207 11.913121 21.221640 188 188 188
v 85.970390 11.913122 20.905319 188 188 188
v 86.509232 11.004802 21.221622 188 188 188
v 86.509232 10.852801 21.221622 188 188 188
v 85.946167 11.913122 20.891094 188 188 188
v 85.970390 11.913122 20.905319 188 188 188
v 86.509232 10.852801 21.221622 188 188 188
v 85.936623 11.913122 20.885500 188 188 188
v 85.946167 11.913122 20.891094 188 188 188
v 86.509232 10.782802 21.221622 188 188 188
v 85.766068 11.913122 20.786343 188 188 188
v 86.509232 8.922801 21.221622 188 188 188
v 84.867203 11.913121 20.260824 188 188 188
v 84.507225 9.428802 21.221617 188 188 188
v 84.507225 11.913121 20.137646 188 188 188
v 84.507225 9.428802 21.221617 188 188 188
v 84.507225 11.913121 20.308800 188 188 188
v 84.507225 11.913121 20.208529 188 188 188
v 84.507225 11.913122 21.061470 188 188 188
v 84.507225 9.822801 21.221617 188 188 188
v 84.507225 11.852801 21.221617 188 188 188
v 84.507225 6.304801 21.221619 188 188 188
v 83.609230 6.304801 21.221615 188 188 188
v 84.507225 9.428802 21.221617 188 188 188
v 83.750336 11.913122 21.221615 188 188 188
v 84.507225 9.822801 21.221617 188 188 188
v 83.609230 11.913122 21.221613 188 188 188
v 83.609222 6.304801 24.219608 188 188 188
v 83.609222 11.913123 24.024834 188 188 188
v 83.609230 6.304801 21.221615 188 188 188

f 4947 4808 4813
f 5030 4950 5031
f 5001 5032 5033
f 5034 5035 4815
f 5036 5037 4859
f 5038 5039 4784
f 4882 5040 5041
f 4936 4779 4850
f 5042 5043 4834
f 5044 5045 4937
f 5046 5047 4938
f 4975 5048 5049
f 5050 4792 5051
f 4852 5052 5053
f 4963 4872 4825
f 5054 4821 5055
f 5056 5057 4962
f 4871 5058 5059
f 5060 4931 5061
f 5062 5063 4823
f 4868 5027 4866
f 5064 5025 5065
f 5066 5067 4867
f 4781 4864 5024
f 5068 5007 5069
f 5070 5071 4863
f 4763 4998 4862
f 5072 4999 5073
f 5074 5075 4861
f 4791 5004 4860
f 5076 5021 5077
f 5078 5079 4824
f 5080 4874 4832
f 5081 5082 4829
f 5083 5084 4805
f 4885 5085 5086
f 5087 4775 4789
f 5088 5089 5090
f 5091 5092 4787
f 5093 5094 4983
f 5095 4995 5096
f 4981 5097 5098
f 4911 5099 5100
f 5101 4907 5102
f 4888 5103 5104
f 5105 4904 5106
f 5107 4902 5108
f 5109 4903 5110
f 5111 4901 5112
f 5113 4899 5114
f 5115 4900 5116
f 5117 5118 4924
f 5119 5120 4912
f 5121 5122 4913
f 5123 5124 4923
f 5125 5126 4919
f 5127 5128 4759
f 5129 5130 4895
f 5131 5132 4889
f 4887 5133 5134
f 5135 5136 4949
f 5137 4952 5138
f 4896 5139 5140
f 5141 5012 5142
f 4893 5143 5144
f 5145 4954 5146
f 4894 5147 5148
f 5149 4956 5150
f 4897 5151 5152
f 5153 4946 5154
f 4898 5155 5156
f 5157 4991 5158
f 4908 5159 5160
f 5161 4972 5162
f 4905 5163 5164
f 5165 4974 5166
f 4906 5167 5168
f 5169 4994 5170
f 4909 5171 5172
f 5173 5000 5174
f 4910 5175 5176
f 5177 5178 5179
f 5180 4982 5181
f 4980 5182 5183
f 4858 5184 5185
f 5186 5187 5002
f 4857 5188 5189
f 5190 5191 5192
f 5193 5194 5195
f 5196 5197 4992
f 5198 4856 5199
f 5200 5201 5202
f 5203 5204 5205
f 5206 5207 4973
f 5208 5209 4812
f 5210 5211 5212
f 5213 5214 5215
f 5216 5217 5020
f 5218 5219 4773
f 5220 5221 4993
f 4780 5222 5223
f 5224 5225 5226
f 5227 5228 5229
f 5230 5231 4990
f 4837 5232 5233
f 5234 5235 5236
f 5237 5238 5239
f 5240 5241 4968
f 5242 5243 5014
f 5244 5245 4817
f 5246 5247 5019
f 5248 5249 5016
f 5250 5251 4855
f 5252 5253 5017
f 5254 5255 5018
f 5256 5257 4814
f 5258 5259 4989
f 5260 5261 5015
f 4757 5262 5263
f 5264 5265 4988
f 5266 5267 4854
f 4987 5268 5269
f 4890 5270 5271
f 5272 4920 5273
f 4891 5274 5275
f 5276 5277 4916
f 5278 4917 5279
f 4997 5280 5281
f 5282 4996 5283
f 5284 4930 5285
f 5286 5287 5288
f 5289 5290 5291
f 4921 5292 5293
f 5294 4922 5295
f 5296 5297 5298
f 4967 5299 5300
f 5301 5302 4915
f 4966 5303 5304
f 5305 5306 5307
f 5308 5309 4965
f 5310 4914 5311
f 5312 5313 5314
f 4964 5315 5316
f 5317 5318 5319
f 5320 5321 4961
f 5322 5323 5324
f 5325 5326 4960
f 5327 5328 5329
f 5330 5331 4959
f 5332 5333 5334
f 5335 5336 4945
f 5337 5338 5339
f 5340 5341 4944
f 5342 5343 5344
f 4933 5345 5346
f 5347 5348 5013
f 5349 5350 4788
f 4804 5351 5352
f 4841 4958 4842
f 5353 5354 4830
f 4786 5355 4785
f 5356 5357 4777
f 5358 5359 4762
f 4848 5360 5361
f 5362 5363 4820
f 4849 5364 5365
f 4883 5366 4818
f 5367 5368 4783
f 4884 5369 5370
f 5371 5372 4782
f 4831 5373 5374
f 5375 5376 4798
f 5377 5378 4760
f 5379 5380 4778
f 4878 5381 5382
f 4948 5383 5384
f 5385 5386 4769
f 5387 4951 5388
f 5389 5390 5391
f 5392 5393 5394
f 5395 5396 4877
f 5009 5397 5398
f 5399 5400 5401
f 5010 5402 5403
f 5404 5405 4822
f 5406 5407 5408
f 5409 5410 4761
f 5411 5011 5412
f 5413 5414 5415
f 4799 5416 5417
f 5418 4876 5419
f 5420 5421 4955
f 5422 5423 5424
f 4953 5425 5426
f 4802 5427 5428
f 5429 5430 5431
f 5432 4875 5433
f 5434 5435 4957
f 5436 5437 5438
f 5439 5440 5441
f 4881 5442 5443
f 5444 5445 5446
f 5447 5448 4776
f 5449 5450 4768
f 5451 5452 5453
f 5454 5455 5456
f 5457 5458 5459
f 5460 5461 5462
f 5463 5464 5465
f 5466 4943 5467
f 5468 5469 5470
f 5471 4941 5472
f 5473 5474 5475
f 5476 4935 5477
f 5478 5479 5480
f 5481 4934 5482
f 5483 5484 5485
f 5486 4942 5487
f 5488 5489 5490
f 4925 5491 5492
f 5493 4940 5494
f 4926 5495 5496
f 5497 4971 5498
f 4927 5499 5500
f 5501 4977 5502
f 4928 5503 5504
f 5505 4979 5506
f 5507 4929 5508
f 5509 5510 4838
f 4810 5511 5512
f 4771 4892 4839
f 5513 5514 4794
f 5515 4772 4797
f 5516 5517 5518
f 5519 5520 5521
f 5522 5523 5524
f 5525 5526 4932
f 5527 5528 5022
f 5529 5530 4870
f 5531 5532 5023
f 5533 5534 4767
f 5535 5536 5537
f 5538 5539 5540
f 5541 5542 4918
f 5543 5544 5545
f 4828 5546 5547
f 5548 5549 5550
f 4985 5551 5552
f 5553 5554 5555
f 5556 4986 5557
f 5558 5559 4984
f 4801 5560 5561
f 5562 5563 5564
f 5565 5566 4978
f 5567 5568 4853
f 4836 5569 5570
f 4835 5571 5572
f 4827 5573 5574
f 5575 5576 5577
f 5578 5579 5580
f 5581 5582 5583
f 5584 5585 4976
f 5586 5587 4774
f 5588 5589 5590
f 5591 5592 5593
f 5594 5595 4970
f 5596 5597 4844
f 5598 5599 5600
f 4969 5601 5602
f 5603 5604 4939
f 5605 5606 4758
f 4756 5607 5608
f 5609 5610 5611
f 4843 5612 5613
f 5614 5615 4811
f 5616 5617 5618
f 5619 5620 5621
f 5622 4851 5623
f 5624 5625 5626
f 5627 5628 5629
f 5630 5631 5632
f 5633 5634 5635
f 5636 5637 5638
f 5639 5640 5641
f 5642 5643 5644
f 5645 5646 5647
f 5648 5649 5650
f 5651 5652 5653
f 5654 5655 5656
f 5657 5658 5659
f 5660 5661 5662
f 5663 5664 5665
f 5666 5667 5668
f 5669 5670 4796
f 5671 5672 5673
f 5674 5675 5676
f 5677 5678 5679
f 5680 5681 5682
f 5683 5684 5685
f 5686 5687 5688
f 5689 5690 5691
f 5692 5693 5694
f 5695 5696 5697
f 5698 5699 5700
f 5701 5702 5703
f 5704 5705 5706
f 5707 5708 5709
f 5710 5711 5712
f 5713 5714 5715
f 5716 5717 4826
f 5718 5719 5720
f 5721 4765 5722
f 5723 5724 4800
f 4879 5725 5008
f 5726 4880 5727
f 5728 5729 4809
f 5730 5731 5732
f 4793 5733 5734
f 5735 5736 5737
f 5738 5739 5740
f 5741 5742 5743
f 5744 5745 5746
f 5747 5748 5749
f 5750 5751 5752
f 5753 5754 5755
f 5756 5757 5758
f 5759 5760 5761
f 5762 5763 5764
f 5765 5766 5767
f 5768 5769 5770
f 5771 5772 5773
f 5774 5775 5776
f 5777 5778 5779
f 5780 5781 5782
f 5783 5784 5785
f 4790 5786 5787
f 5788 5789 5790
f 5791 5792 5793
f 5003 5794 5795
f 5796 5797 5798
f 5799 5800 5801
f 5802 5803 5804
f 5805 5806 5807
f 5808 5809 5810
f 5005 5811 5812
f 5006 5813 5814
f 5815 5816 4816
f 5817 5818 5819
f 5820 5821 5822
f 5823 5824 5825
f 5826 5827 5828
f 5829 5830 5831
f 5832 5833 5834
f 5028 5835 5836
f 5029 5837 5838
f 5839 5840 4803
f 5026 5841 5842
f 5843 5844 4865
f 5845 5846 5847
f 5848 5849 5850
f 5851 5852 5853
f 5854 5855 5856
f 5857 5858 5859
f 5860 5861 5862
f 5863 5864 5865
f 5866 5867 5868
f 5869 5870 5871
f 5872 5873 5874
f 5875 5876 5877
f 5878 5879 5880
f 5881 5882 5883
f 5884 5885 5886
f 5887 5888 5889
f 5890 4873 5891
f 5892 4886 5893
f 5894 5895 4766
f 5896 5897 5898
f 5899 5900 5901
f 5902 5903 5904
f 5905 5906 5907
f 5908 5909 5910
f 5911 5912 5913
f 4806 5914 5915
f 5916 5917 5918
f 5919 5920 5921
f 5922 5923 5924
f 5925 5926 5927
f 5928 5929 5930
f 5931 5932 5933
f 5934 5935 5936
f 5937 5938 5939
f 5940 5941 5942
f 5943 5944 5945
f 5946 5947 5948
f 5949 5950 5951
f 5952 5953 5954
f 5955 4845 5956
f 5957 4846 5958
f 5959 4847 5960
f 5961 5962 4764
f 5963 4807 5964
f 5965 4819 5966
f 5967 4840 5968
f 5969 4770 5970
f 5971 4833 4795
f 5972 5973 5974
f 5975 5976 5977
f 5978 5979 5980
f 5981 5982 5983
f 5984 5985 5986
f 5987 5988 5989
f 5990 5991 5992
f 5993 5994 5995
f 5996 4869 5997
f 5998 5999 6000
f 6001 6002 6003
f 6004 6005 6006
f 6007 6008 6009
f 6010 6011 6012

usemtl Green_0
f 4882 4784 4850
f 4869 4882 4850
f 4818 4869 4850
f 4768 4818 4850
f 4811 4768 4850
f 4758 4811 4850
f 4851 4758 4850
f 4779 4851 4850
f 4852 4792 4800
f 4770 4852 4800
f 4840 4770 4800
f 4819 4840 4800
f 4807 4819 4800
f 4764 4807 4800
f 4847 4764 4800
f 4846 4847 4800
f 4845 4846 4800
f 4844 4845 4800
f 4774 4844 4800
f 4853 4774 4800
f 4801 4853 4800
f 4796 4801 4800
f 4854 4796 4800
f 4757 4854 4800
f 4814 4757 4800
f 4855 4814 4800
f 4817 4855 4800
f 4837 4817 4800
f 4780 4837 4800
f 4773 4780 4800
f 4806 4773 4800
f 4812 4806 4800
f 4856 4812 4800
f 4857 4856 4800
f 4858 4857 4800
f 4790 4858 4800
f 4787 4790 4800
f 4789 4787 4800
f 4766 4789 4800
f 4886 4766 4800
f 4873 4886 4800
f 4872 4873 4800
f 4800 4825 4872
f 4866 4871 4823
f 4866 4823 4870
f 4866 4870 4767
f 4866 4767 4868
f 4781 4866 4867
f 4781 4867 4865
f 4781 4865 4803
f 4781 4803 4864
f 4862 4781 4863
f 4862 4863 4816
f 4862 4816 4763
f 4860 4862 4861
f 4860 4861 4791
f 4824 4832 4860
f 4860 4832 4874
f 4860 4874 4866
f 4824 4885 4805
f 4824 4775 4885
f 4824 4789 4775
f 4824 4805 4829
f 4824 4829 4832
f 4842 4804 4788
f 4842 4788 4841
f 4830 4848 4842
f 4842 4848 4762
f 4842 4762 4777
f 4842 4777 4786
f 4842 4786 4785
f 4830 4849 4820
f 4830 4776 4849
f 4881 4776 4830
f 4881 4875 4776
f 4875 4802 4776
f 4802 4876 4776
f 4876 4799 4776
f 4799 4761 4776
f 4761 4822 4776
f 4822 4877 4776
f 4877 4769 4776
f 4769 4878 4776
f 4878 4778 4776
f 4778 4760 4776
f 4760 4798 4776
f 4798 4831 4776
f 4831 4782 4776
f 4782 4884 4776
f 4884 4783 4776
f 4783 4883 4776
f 4883 4818 4776
f 4820 4848 4830
f 4842 4785 4804
f 4821 4810 4838
f 4821 4838 4828
f 4821 4828 4771
f 4839 4821 4771
f 4772 4839 4794
f 4772 4794 4797
f 4772 4821 4839
f 4821 4836 4810
f 4821 4835 4836
f 4821 4827 4835
f 4821 4759 4827
f 4756 4843 4758
f 4765 4808 4826
f 4800 4793 4765
f 4765 4793 4813
f 4809 4793 4800
f 4880 4809 4800
f 4879 4880 4800
f 4815 4879 4800
f 4860 4781 4862
f 4860 4866 4781
f 4866 4874 4871
f 4825 4759 4821
f 4800 4759 4825
f 4787 4789 4824
f 4792 4795 4800
f 4795 4833 4800
f 4833 4834 4800
f 4834 4850 4800
f 4843 4811 4758
f 4776 4818 4768
f 4850 4784 4800
f 4784 4859 4800
f 4859 4815 4800
f 4813 4808 4765


o Object.4
v 36.098003 95.250771 0.000000 188 188 188
v 24.997999 95.250771 8.892240 188 188 188
v 87.200005 95.250771 8.892240 188 188 188
v 96.298004 95.250771 2.998000 188 188 188
v 87.200005 95.250771 7.976278 188 188 188
v 24.100000 95.250771 2.998000 188 188 188
v 85.198006 95.250771 8.892240 188 188 188
v 95.996674 95.250771 0.000000 188 188 188
v 96.253853 95.250771 0.000000 188 188 188
v 84.300003 95.250771 0.075364 188 188 188
v 24.100000 95.250771 0.000000 188 188 188
v 85.233940 95.250771 8.892240 188 188 188
v 84.300003 95.250771 0.000000 188 188 188
v 36.075401 95.250771 2.998000 188 188 188
v 85.198006 95.250771 8.685119 188 188 188
v 85.198006 95.250771 2.998000 188 188 188
v 85.175423 95.250771 2.998000 188 188 188
v 84.307953 95.250771 2.998000 188 188 188
v 84.300003 95.250771 2.998000 188 188 188
v 85.371231 95.250771 0.000000 188 188 188
v 35.200001 95.250771 8.685119 188 188 188
v 25.171232 95.250771 0.000000 188 188 188
v 24.997999 95.250771 8.685119 188 188 188
v 25.033945 95.250771 8.892240 188 188 188
v 88.293343 95.250771 2.998000 188 188 188
v 93.397995 95.250771 7.976278 188 188 188
v 35.200001 95.250771 8.892240 188 188 188
v 35.200001 95.250771 2.998000 188 188 188
v 28.093336 95.250771 2.998000 188 188 188
v 33.198002 95.250771 8.892240 188 188 188
v 93.433937 95.250771 8.892240 188 188 188
v 35.796677 95.250771 0.000000 188 188 188
v 27.000002 95.250771 8.892240 188 188 188
v 36.050892 95.250771 2.998000 188 188 188
v 24.997999 95.250771 2.998000 188 188 188
v 36.053860 95.250771 0.000000 188 188 188
v 27.000002 95.250771 7.976278 188 188 188
v 33.198002 95.250771 2.998000 188 188 188
v 24.104103 95.250771 2.998000 188 188 188
v 93.241982 95.250771 2.998000 188 188 188
v 96.298004 95.250771 2.922636 188 188 188
v 36.098003 95.250771 2.922636 188 188 188
v 36.098003 95.250771 2.998000 188 188 188
v 33.233944 95.250771 8.892240 188 188 188
v 33.198002 95.250771 7.976278 188 188 188
v 33.041981 95.250771 2.998000 188 188 188
v 27.000002 95.250771 2.998000 188 188 188
v 24.975405 95.250771 2.998000 188 188 188
v 24.100000 95.250771 0.075364 188 188 188
v 96.250885 95.250771 2.998000 188 188 188
v 95.400002 95.250771 2.998000 188 188 188
v 96.275406 95.250771 2.998000 188 188 188
v 95.400002 95.250771 8.892240 188 188 188
v 95.400002 95.250771 8.685119 188 188 188
v 87.200005 95.250771 2.998000 188 188 188
v 96.298004 95.250771 0.000000 188 188 188
v 93.397995 95.250771 8.892240 188 188 188
v 93.397995 95.250771 2.998000 188 188 188
v 93.978409 11.618322 3.338706 188 188 188
v 87.200005 11.618322 8.620070 188 188 188
v 24.531832 11.618322 0.000000 188 188 188
v 24.852268 11.618322 0.000000 188 188 188
v 24.661148 11.618322 0.000000 188 188 188
v 93.975655 11.618322 3.337096 188 188 188
v 27.000002 11.618322 8.728646 188 188 188
v 85.052269 11.618322 0.000000 188 188 188
v 95.400002 11.618322 7.330518 188 188 188
v 95.400002 11.618322 8.728646 188 188 188
v 24.479517 11.618322 0.000000 188 188 188
v 35.120071 11.618322 8.728646 188 188 188
v 94.672699 11.618322 5.250904 188 188 188
v 35.131641 11.618322 8.728646 188 188 188
v 35.200001 11.618322 4.707748 188 188 188
v 24.161455 11.618322 2.998000 188 188 188
v 85.198006 11.618322 8.669640 188 188 188
v 87.200005 11.618322 5.245770 188 188 188
v 27.000002 11.618322 8.727999 188 188 188
v 24.859610 11.618322 0.000000 188 188 188
v 35.200001 11.618322 3.593374 188 188 188
v 35.200001 11.618322 3.789518 188 188 188
v 96.290718 11.618322 0.000000 188 188 188
v 85.495232 11.618322 3.432744 188 188 188
v 24.397459 11.618322 0.000000 188 188 188
v 35.180199 11.618322 8.728646 188 188 188
v 36.090714 11.618322 0.000000 188 188 188
v 85.198006 11.618322 8.603130 188 188 188
v 95.045517 11.618322 3.962009 188 188 188
v 95.400002 11.618322 8.620070 188 188 188
v 33.198002 11.618322 8.325790 188 188 188
v 87.200005 11.618322 4.573721 188 188 188
v 84.597466 11.618322 0.000000 188 188 188
v 27.000002 11.618322 5.820835 188 188 188
v 33.198002 11.618322 8.600906 188 188 188
v 84.361458 11.618322 2.998000 188 188 188
v 87.200005 11.618322 8.728646 188 188 188
v 87.200005 11.618322 8.556821 188 188 188
v 85.496788 11.618322 3.476813 188 188 188
v 24.997999 11.618322 8.399360 188 188 188
v 95.175110 11.618322 4.038349 188 188 188
v 94.518242 11.618322 5.620175 188 188 188
v 24.997999 11.618322 8.614282 188 188 188
v 95.400002 11.618322 8.035246 188 188 188
v 26.957865 11.618322 8.728646 188 188 188
v 24.433676 11.618322 0.000000 188 188 188
v 26.977396 11.618322 8.728646 188 188 188
v 27.000002 11.618322 8.582173 188 188 188
v 93.942772 11.618322 3.317786 188 188 188
v 24.584621 11.618322 0.000000 188 188 188
v 36.098003 11.618322 2.998000 188 188 188
v 87.200005 11.618322 8.727999 188 188 188
v 85.198006 11.618322 8.633864 188 188 188
v 35.336952 11.618322 2.998000 188 188 188
v 95.400002 11.618322 5.372553 188 188 188
v 27.000002 11.618322 8.651769 188 188 188
v 27.000002 11.618322 8.637822 188 188 188
v 27.000002 11.618322 8.559221 188 188 188
v 26.909491 11.618322 8.728646 188 188 188
v 95.400002 11.618322 4.634844 188 188 188
v 26.926851 11.618322 8.728646 188 188 188
v 24.997999 11.618322 8.669640 188 188 188
v 24.100000 11.618322 2.998000 188 188 188
v 95.400002 11.618322 3.183729 188 188 188
v 28.812979 11.618322 2.998000 188 188 188
v 27.000002 11.618322 8.661192 188 188 188
v 27.000002 11.618322 8.498940 188 188 188
v 24.997999 11.618322 8.602438 188 188 188
v 24.629782 11.618322 0.000000 188 188 188
v 24.100000 11.618322 0.000000 188 188 188
v 26.913740 11.618322 8.728646 188 188 188
v 93.976761 11.618322 6.928600 188 188 188
v 26.914644 11.618322 8.728646 188 188 188
v 24.997999 11.618322 8.589252 188 188 188
v 26.941319 11.618322 8.728646 188 188 188
v 27.000002 11.618322 8.712850 188 188 188
v 27.000002 11.618322 8.620070 188 188 188
v 27.000002 11.618322 8.600626 188 188 188
v 94.211105 11.618322 6.362267 188 188 188
v 27.000002 11.618322 8.567749 188 188 188
v 27.000002 11.618322 8.556821 188 188 188
v 27.000002 11.618322 6.422142 188 188 188
v 87.109497 11.618322 8.728646 188 188 188
v 93.397995 11.618322 8.325790 188 188 188
v 85.510849 11.618322 3.455251 188 188 188
v 87.113747 11.618322 8.728646 188 188 188
v 85.198006 11.618322 8.703278 188 188 188
v 87.200005 11.618322 4.096784 188 188 188
v 24.997999 11.618322 8.654618 188 188 188
v 96.160522 11.618322 2.998000 188 188 188
v 84.300003 11.618322 2.808224 188 188 188
v 87.200005 11.618322 3.157673 188 188 188
v 87.200005 11.618322 8.582173 188 188 188
v 84.300003 11.618322 2.998000 188 188 188
v 95.400002 11.618322 6.422702 188 188 188
v 95.380196 11.618322 8.728646 188 188 188
v 85.059616 11.618322 0.000000 188 188 188
v 87.200005 11.618322 8.567749 188 188 188
v 27.000002 11.618322 3.408208 188 188 188
v 95.331642 11.618322 8.728646 188 188 188
v 85.198006 11.618322 8.625809 188 188 188
v 93.481438 11.618322 8.123403 188 188 188
v 85.387405 11.618322 3.644654 188 188 188
v 87.177307 11.618322 8.728646 188 188 188
v 87.200005 11.618322 5.034685 188 188 188
v 33.352676 11.618322 8.728646 188 188 188
v 24.997999 11.618322 8.630541 188 188 188
v 96.298004 11.618322 0.189776 188 188 188
v 33.198002 11.618322 4.181315 188 188 188
v 95.540337 11.618322 2.998000 188 188 188
v 84.731827 11.618322 0.000000 188 188 188
v 24.997999 11.618322 8.689702 188 188 188
v 94.143646 11.618322 3.434733 188 188 188
v 25.059107 11.618322 8.728646 188 188 188
v 24.997999 11.618322 8.728646 188 188 188
v 24.997999 11.618322 8.721074 188 188 188
v 24.997999 11.618322 8.703278 188 188 188
v 24.997999 11.618322 8.678767 188 188 188
v 24.997999 11.618322 8.661695 188 188 188
v 24.997999 11.618322 8.633864 188 188 188
v 24.997999 11.618322 8.620070 188 188 188
v 24.997999 11.618322 8.625809 188 188 188
v 87.157860 11.618322 8.728646 188 188 188
v 24.997999 11.618322 8.609120 188 188 188
v 24.997999 11.618322 8.603130 188 188 188
v 24.997999 11.618322 8.605330 188 188 188
v 24.189865 11.618322 2.998000 188 188 188
v 96.298004 11.618322 2.998000 188 188 188
v 24.857668 11.618322 2.998000 188 188 188
v 24.997999 11.618322 3.935938 188 188 188
v 24.997999 11.618322 2.998000 188 188 188
v 27.000002 11.618322 2.998000 188 188 188
v 87.200005 11.618322 8.637822 188 188 188
v 95.400002 11.618322 3.158912 188 188 188
v 35.200001 11.618322 8.207088 188 188 188
v 35.200001 11.618322 8.704125 188 188 188
v 85.198006 11.618322 8.661695 188 188 188
v 87.200005 11.618322 8.661192 188 188 188
v 95.400002 11.618322 4.086337 188 188 188
v 87.200005 11.618322 4.734602 188 188 188
v 94.988708 11.618322 4.485734 188 188 188
v 84.389870 11.618322 2.998000 188 188 188
v 33.198002 11.618322 4.186953 188 188 188
v 95.400002 11.618322 8.704125 188 188 188
v 85.198006 11.618322 8.589252 188 188 188
v 85.198006 11.618322 8.728646 188 188 188
v 85.057671 11.618322 2.998000 188 188 188
v 96.298004 11.618322 0.000000 188 188 188
v 84.861153 11.618322 0.000000 188 188 188
v 36.098003 11.618322 0.189776 188 188 188
v 36.098003 11.618322 0.000000 188 188 188
v 35.152981 11.618322 8.728646 188 188 188
v 84.633675 11.618322 0.000000 188 188 188
v 85.297707 11.618322 3.782499 188 188 188
v 94.891296 11.618322 8.728646 188 188 188
v 33.198002 11.618322 4.398742 188 188 188
v 33.198002 11.618322 4.965075 188 188 188
v 95.400002 11.618322 5.976606 188 188 188
v 33.198002 11.618322 4.162234 188 188 188
v 85.231133 11.618322 3.884993 188 188 188
v 33.198002 11.618322 4.114419 188 188 188
v 33.198002 11.618322 2.998000 188 188 188
v 33.198002 11.618322 8.728646 188 188 188
v 87.200005 11.618322 2.998000 188 188 188
v 89.012985 11.618322 2.998000 188 188 188
v 35.200001 11.618322 8.728646 188 188 188
v 35.200001 11.618322 8.661091 188 188 188
v 35.200001 11.618322 8.620070 188 188 188
v 35.200001 11.618322 3.072728 188 188 188
v 35.200001 11.618322 2.998000 188 188 188
v 35.200001 11.618322 3.412983 188 188 188
v 35.960522 11.618322 2.998000 188 188 188
v 35.200001 11.618322 3.423267 188 188 188
v 35.109486 11.618322 8.728646 188 188 188
v 84.829781 11.618322 0.000000 188 188 188
v 84.784622 11.618322 0.000000 188 188 188
v 87.200005 11.618322 8.712850 188 188 188
v 84.679520 11.618322 0.000000 188 188 188
v 84.300003 11.618322 0.000000 188 188 188
v 87.200005 11.618322 4.667284 188 188 188
v 93.397995 11.618322 8.601882 188 188 188
v 93.397995 11.618322 8.728646 188 188 188
v 94.081505 11.618322 3.399226 188 188 188
v 87.200005 11.618322 8.498940 188 188 188
v 87.200005 11.618322 6.422142 188 188 188
v 87.200005 11.618322 5.936076 188 188 188
v 87.200005 11.618322 5.647402 188 188 188
v 94.880402 11.618322 4.744933 188 188 188
v 95.141388 11.618322 4.120014 188 188 188
v 93.397995 11.618322 2.998000 188 188 188
v 93.966377 11.618322 3.331645 188 188 188
v 87.200005 11.618322 4.235985 188 188 188
v 87.200005 11.618322 8.559221 188 188 188
v 87.200005 11.618322 8.600626 188 188 188
v 87.200005 11.618322 8.651769 188 188 188
v 87.141327 11.618322 8.728646 188 188 188
v 87.126854 11.618322 8.728646 188 188 188
v 87.114639 11.618322 8.728646 188 188 188
v 95.400002 11.618322 3.162900 188 188 188
v 85.198006 11.618322 8.721074 188 188 188
v 85.198006 11.618322 8.689702 188 188 188
v 85.198006 11.618322 8.678767 188 188 188
v 85.198006 11.618322 8.654618 188 188 188
v 85.198006 11.618322 8.630541 188 188 188
v 85.198006 11.618322 8.620070 188 188 188
v 85.198006 11.618322 8.609120 188 188 188
v 85.198006 11.618322 8.614282 188 188 188
v 85.198006 11.618322 8.605330 188 188 188
v 95.400002 11.618322 4.015170 188 188 188
v 85.198006 11.618322 8.602438 188 188 188
v 85.198006 11.618322 8.399360 188 188 188
v 85.198006 11.618322 2.998000 188 188 188
v 85.417404 11.618322 3.318978 188 188 188
v 85.198006 11.618322 3.935938 188 188 188
v 95.320152 11.618322 8.728646 188 188 188
v 95.352982 11.618322 8.728646 188 188 188
v 95.400002 11.618322 8.661091 188 188 188
v 95.400002 11.618322 8.207088 188 188 188
v 95.400002 11.618322 3.027691 188 188 188
v 95.400002 11.618322 2.998000 188 188 188
v 95.309494 11.618322 8.728646 188 188 188
v 95.400002 11.618322 3.914494 188 188 188
v 95.400002 11.618322 4.409193 188 188 188
v 95.400002 11.618322 5.065319 188 188 188
v 85.433037 11.618322 3.574330 188 188 188
v 85.441162 11.618322 3.353675 188 188 188
v 33.198002 11.618322 5.609523 188 188 188
v 24.100000 11.618322 2.808224 188 188 188
v 24.997999 11.618322 8.365094 188 188 188
v 26.361383 11.618322 8.728646 188 188 188
v 0.000000 89.600006 0.000000 188 188 188
v 0.000000 53.548004 0.000000 188 188 188
v 0.000000 44.598003 7.798000 188 188 188
v 0.000000 53.548004 23.398001 188 188 188
v 0.000000 44.598003 16.998001 188 188 188
v 0.000000 17.498001 23.398001 188 188 188
v 0.000000 89.600006 23.398001 188 188 188
v 0.000000 17.498001 0.000000 188 188 188
v 0.000000 59.600002 16.998001 188 188 188
v 0.000000 59.600002 7.798000 188 188 188
v 120.212006 17.612001 0.000000 188 188 188
v 120.306000 53.605999 0.000000 188 188 188
v 120.398003 53.548004 0.000000 188 188 188
v 120.398003 89.600006 0.000000 188 188 188
v 117.556000 53.605999 0.000000 188 188 188
v 120.212006 17.498001 0.000000 188 188 188
v 120.398003 17.498001 0.000000 188 188 188
v 0.094000 53.492004 0.000000 188 188 188
v 2.844000 53.492004 0.000000 188 188 188
v 0.186000 89.486000 0.000000 188 188 188
v 60.198002 17.498001 0.000000 188 188 188
v 107.967995 28.308001 0.000000 188 188 188
v 114.898003 17.498001 0.000000 188 188 188
v 60.198002 14.748000 0.000000 188 188 188
v 24.100000 11.998000 0.000000 188 188 188
v 5.500000 11.998000 0.000000 188 188 188
v 60.198002 92.350006 0.000000 188 188 188
v 60.198002 89.600006 0.000000 188 188 188
v 5.500000 89.600006 0.000000 188 188 188
v 96.298004 95.099998 0.000000 188 188 188
v 114.898003 95.099998 0.000000 188 188 188
v 0.186000 89.600006 0.000000 188 188 188
v 1.610000 93.488007 0.000000 188 188 188
v 2.750000 94.362007 0.000000 188 188 188
v 114.898003 89.600006 0.000000 188 188 188
v 118.788002 93.488007 0.000000 188 188 188
v 119.664009 92.350006 0.000000 188 188 188
v 56.734001 22.905998 0.000000 188 188 188
v 5.500000 17.498001 0.000000 188 188 188
v 12.429999 82.670006 0.000000 188 188 188
v 63.664001 86.134003 0.000000 188 188 188
v 60.198002 82.670006 0.000000 188 188 188
v 107.967995 82.670006 0.000000 188 188 188
v 50.899998 92.350006 0.000000 188 188 188
v 60.198002 28.308001 0.000000 188 188 188
v 12.429999 28.308001 0.000000 188 188 188
v 69.498001 14.748000 0.000000 188 188 188
v 117.648003 94.362007 0.000000 188 188 188
v 120.212006 91.021996 0.000000 188 188 188
v 36.098003 11.998000 0.000000 188 188 188
v 75.500000 14.748000 0.000000 188 188 188
v 84.300003 11.998000 0.000000 188 188 188
v 4.074000 94.910004 0.000000 188 188 188
v 5.500000 95.099998 0.000000 188 188 188
v 84.300003 95.099998 0.000000 188 188 188
v 44.897999 92.350006 0.000000 188 188 188
v 36.098003 95.099998 0.000000 188 188 188
v 96.298004 11.998000 0.000000 188 188 188
v 6.308000 58.898003 0.000000 188 188 188
v 6.308000 58.954002 0.000000 188 188 188
v 24.100000 95.099998 0.000000 188 188 188
v 116.322006 94.910004 0.000000 188 188 188
v 114.090004 50.140003 0.000000 188 188 188
v 0.186000 91.021996 0.000000 188 188 188
v 0.736000 92.350006 0.000000 188 188 188
v 118.788002 13.610001 0.000000 188 188 188
v 117.648003 12.736000 0.000000 188 188 188
v 120.212006 16.076000 0.000000 188 188 188
v 119.664009 14.748000 0.000000 188 188 188
v 114.898003 11.998000 0.000000 188 188 188
v 4.074000 12.188001 0.000000 188 188 188
v 2.750000 12.736000 0.000000 188 188 188
v 116.322006 12.188001 0.000000 188 188 188
v 0.186000 16.076000 0.000000 188 188 188
v 0.736000 14.748000 0.000000 188 188 188
v 1.610000 13.610001 0.000000 188 188 188
v 8.964001 58.954002 0.000000 188 188 188
v 117.374008 92.076004 23.398001 188 188 188
v 116.322006 94.910004 23.398001 188 188 188
v 116.650009 92.630005 23.398001 188 188 188
v 118.400002 18.698000 23.398001 188 188 188
v 120.398003 53.548004 23.398001 188 188 188
v 119.398003 54.148003 23.398001 188 188 188
v 2.000000 52.950001 23.398001 188 188 188
v 1.000000 52.950001 23.398001 188 188 188
v 2.000000 17.498001 23.398001 188 188 188
v 118.400002 54.148003 23.398001 188 188 188
v 118.400002 89.600006 23.398001 188 188 188
v 2.118000 16.592001 23.398001 188 188 188
v 120.398003 17.498001 23.398001 188 188 188
v 120.398003 89.600006 23.398001 188 188 188
v 60.198002 14.000001 23.398001 188 188 188
v 5.500000 14.000001 23.398001 188 188 188
v 60.198002 12.998000 23.398001 188 188 188
v 2.000000 88.400002 23.398001 188 188 188
v 5.500000 11.998000 23.398001 188 188 188
v 60.198002 11.998000 23.398001 188 188 188
v 60.198002 95.099998 23.398001 188 188 188
v 5.500000 95.099998 23.398001 188 188 188
v 60.198002 94.099998 23.398001 188 188 188
v 5.500000 93.098007 23.398001 188 188 188
v 60.198002 93.098007 23.398001 188 188 188
v 114.898003 11.998000 23.398001 188 188 188
v 114.898003 95.099998 23.398001 188 188 188
v 114.898003 93.098007 23.398001 188 188 188
v 114.898003 14.000001 23.398001 188 188 188
v 115.804001 92.978004 23.398001 188 188 188
v 116.322006 12.188001 23.398001 188 188 188
v 117.648003 94.362007 23.398001 188 188 188
v 118.788002 93.488007 23.398001 188 188 188
v 119.664009 92.350006 23.398001 188 188 188
v 117.930008 91.348007 23.398001 188 188 188
v 118.279999 90.506004 23.398001 188 188 188
v 120.212006 91.021996 23.398001 188 188 188
v 119.664009 14.748000 23.398001 188 188 188
v 117.374008 15.024001 23.398001 188 188 188
v 118.788002 13.610001 23.398001 188 188 188
v 4.074000 94.910004 23.398001 188 188 188
v 118.400002 17.498001 23.398001 188 188 188
v 3.750000 92.630005 23.398001 188 188 188
v 1.610000 93.488007 23.398001 188 188 188
v 3.024000 92.076004 23.398001 188 188 188
v 2.750000 94.362007 23.398001 188 188 188
v 4.594000 92.978004 23.398001 188 188 188
v 3.024000 15.024001 23.398001 188 188 188
v 4.074000 12.188001 23.398001 188 188 188
v 3.750000 14.467999 23.398001 188 188 188
v 0.736000 92.350006 23.398001 188 188 188
v 2.468000 91.348007 23.398001 188 188 188
v 0.186000 91.021996 23.398001 188 188 188
v 2.118000 90.506004 23.398001 188 188 188
v 2.000000 89.600006 23.398001 188 188 188
v 120.212006 16.076000 23.398001 188 188 188
v 118.279999 16.592001 23.398001 188 188 188
v 117.930008 15.750001 23.398001 188 188 188
v 115.804001 14.120000 23.398001 188 188 188
v 117.648003 12.736000 23.398001 188 188 188
v 116.650009 14.467999 23.398001 188 188 188
v 4.594000 14.120000 23.398001 188 188 188
v 2.468000 15.750001 23.398001 188 188 188
v 2.750000 12.736000 23.398001 188 188 188
v 0.736000 14.748000 23.398001 188 188 188
v 0.186000 16.076000 23.398001 188 188 188
v 1.610000 13.610001 23.398001 188 188 188
v 120.398003 68.048004 13.898001 188 188 188
v 120.398003 73.848007 13.898001 188 188 188
v 120.398003 83.542007 12.797999 188 188 188
v 120.398003 85.450005 13.898001 188 188 188
v 120.398003 56.448002 13.898001 188 188 188
v 120.398003 50.649998 13.898001 188 188 188
v 120.398003 52.553997 12.797999 188 188 188
v 120.398003 87.353996 12.797999 188 188 188
v 120.398003 39.050003 9.500000 188 188 188
v 120.398003 81.554001 10.600000 188 188 188
v 120.398003 83.542007 10.600000 188 188 188
v 120.398003 87.353996 10.600000 188 188 188
v 120.398003 81.554001 12.797999 188 188 188
v 120.398003 79.650002 13.898001 188 188 188
v 120.398003 75.756004 12.797999 188 188 188
v 120.398003 75.756004 10.600000 188 188 188
v 120.398003 77.744003 12.797999 188 188 188
v 120.398003 79.650002 9.500000 188 188 188
v 120.398003 19.744001 12.797999 188 188 188
v 120.398003 69.956001 12.797999 188 188 188
v 120.398003 71.944000 12.797999 188 188 188
v 120.398003 69.956001 10.600000 188 188 188
v 120.398003 68.048004 9.500000 188 188 188
v 120.398003 73.848007 9.500000 188 188 188
v 120.398003 71.944000 10.600000 188 188 188
v 120.398003 64.153999 10.600000 188 188 188
v 120.398003 66.144005 12.797999 188 188 188
v 120.398003 64.153999 12.797999 188 188 188
v 120.398003 62.247997 13.898001 188 188 188
v 120.398003 58.354000 10.600000 188 188 188
v 120.398003 60.344002 12.797999 188 188 188
v 120.398003 58.354000 12.797999 188 188 188
v 120.398003 54.543999 12.797999 188 188 188
v 120.398003 52.553997 10.600000 188 188 188
v 120.398003 54.543999 10.600000 188 188 188
v 120.398003 77.744003 10.600000 188 188 188
v 120.398003 85.450005 9.500000 188 188 188
v 120.398003 62.247997 9.500000 188 188 188
v 120.398003 66.144005 10.600000 188 188 188
v 120.398003 56.448002 9.500000 188 188 188
v 120.398003 60.344002 10.600000 188 188 188
v 120.398003 44.850002 9.500000 188 188 188
v 120.398003 44.850002 13.898001 188 188 188
v 120.398003 46.754002 12.797999 188 188 188
v 120.398003 48.744003 12.797999 188 188 188
v 120.398003 50.649998 9.500000 188 188 188
v 120.398003 39.050003 13.898001 188 188 188
v 120.398003 35.154003 10.600000 188 188 188
v 120.398003 37.141998 12.797999 188 188 188
v 120.398003 35.154003 12.797999 188 188 188
v 120.398003 46.754002 10.600000 188 188 188
v 120.398003 40.954002 12.797999 188 188 188
v 120.398003 48.744003 10.600000 188 188 188
v 120.398003 42.944000 10.600000 188 188 188
v 120.398003 40.954002 10.600000 188 188 188
v 120.398003 42.944000 12.797999 188 188 188
v 120.398003 33.250000 13.898001 188 188 188
v 120.398003 27.448000 13.898001 188 188 188
v 120.398003 33.250000 9.500000 188 188 188
v 120.398003 37.141998 10.600000 188 188 188
v 120.398003 29.354000 10.600000 188 188 188
v 120.398003 31.341999 12.797999 188 188 188
v 120.398003 29.354000 12.797999 188 188 188
v 120.398003 21.648001 13.898001 188 188 188
v 120.398003 31.341999 10.600000 188 188 188
v 120.398003 23.556002 12.797999 188 188 188
v 120.398003 23.556002 10.600000 188 188 188
v 120.398003 25.544001 12.797999 188 188 188
v 120.398003 27.448000 9.500000 188 188 188
v 120.398003 21.648001 9.500000 188 188 188
v 120.398003 25.544001 10.600000 188 188 188
v 120.398003 19.744001 10.600000 188 188 188
v 81.599998 11.998000 13.606001 188 188 188
v 43.550003 11.998000 18.502001 188 188 188
v 100.100006 11.998000 11.698000 188 188 188
v 101.500008 11.998000 11.698000 188 188 188
v 102.598000 11.998000 13.606001 188 188 188
v 40.650002 11.998000 18.502001 188 188 188
v 42.450001 11.998000 18.502001 188 188 188
v 111.697998 11.998000 11.698000 188 188 188
v 37.750000 11.998000 18.502001 188 188 188
v 69.998001 11.998000 13.606001 188 188 188
v 39.550003 11.998000 18.502001 188 188 188
v 78.298004 11.998000 11.698000 188 188 188
v 76.898003 11.998000 11.698000 188 188 188
v 75.799995 11.998000 9.794001 188 188 188
v 73.600006 11.998000 13.606001 188 188 188
v 75.799995 11.998000 13.606001 188 188 188
v 79.399994 11.998000 13.606001 188 188 188
v 98.998001 11.998000 13.606001 188 188 188
v 105.898003 11.998000 11.698000 188 188 188
v 107.300003 11.998000 11.698000 188 188 188
v 108.399994 11.998000 13.606001 188 188 188
v 110.598007 11.998000 13.606001 188 188 188
v 104.797997 11.998000 13.606001 188 188 188
v 89.898003 11.998000 11.698000 188 188 188
v 88.500008 11.998000 11.698000 188 188 188
v 87.400002 11.998000 9.794001 188 188 188
v 96.798004 11.998000 13.606001 188 188 188
v 69.998001 11.998000 9.794001 188 188 188
v 73.600006 11.998000 9.794001 188 188 188
v 72.498001 11.998000 11.698000 188 188 188
v 98.998001 11.998000 9.794001 188 188 188
v 93.200005 11.998000 13.606001 188 188 188
v 90.998001 11.998000 13.606001 188 188 188
v 87.400002 11.998000 13.606001 188 188 188
v 85.198006 11.998000 13.606001 188 188 188
v 94.300003 11.998000 11.698000 188 188 188
v 95.700005 11.998000 11.698000 188 188 188
v 36.300003 11.998000 11.698000 188 188 188
v 37.698002 11.998000 11.698000 188 188 188
v 38.798000 11.998000 13.606001 188 188 188
v 82.700005 11.998000 11.698000 188 188 188
v 84.098000 11.998000 11.698000 188 188 188
v 71.098000 11.998000 11.698000 188 188 188
v 67.800003 11.998000 13.606001 188 188 188
v 64.198006 11.998000 13.606001 188 188 188
v 65.298004 11.998000 11.698000 188 188 188
v 81.599998 11.998000 9.794001 188 188 188
v 66.700005 11.998000 11.698000 188 188 188
v 59.498001 11.998000 11.698000 188 188 188
v 60.900002 11.998000 11.698000 188 188 188
v 62.000000 11.998000 13.606001 188 188 188
v 46.800003 11.998000 13.606001 188 188 188
v 50.398003 11.998000 13.606001 188 188 188
v 93.200005 11.998000 9.794001 188 188 188
v 36.650002 11.998000 18.502001 188 188 188
v 104.797997 11.998000 9.794001 188 188 188
v 110.598007 11.998000 9.794001 188 188 188
v 58.398003 11.998000 13.606001 188 188 188
v 96.298004 11.998000 2.998000 188 188 188
v 108.399994 11.998000 9.794001 188 188 188
v 102.598000 11.998000 9.794001 188 188 188
v 90.998001 11.998000 9.794001 188 188 188
v 94.961998 11.998000 9.000000 188 188 188
v 96.798004 11.998000 9.794001 188 188 188
v 93.397995 11.998000 9.000000 188 188 188
v 93.492004 11.998000 8.772000 188 188 188
v 94.049995 11.998000 7.426000 188 188 188
v 95.400002 11.998000 7.990000 188 188 188
v 95.400002 11.998000 6.944000 188 188 188
v 94.314003 11.998000 6.788000 188 188 188
v 85.198006 11.998000 9.794001 188 188 188
v 86.702003 11.998000 6.686000 188 188 188
v 86.410004 11.998000 7.136000 188 188 188
v 79.399994 11.998000 9.794001 188 188 188
v 85.410004 11.998000 8.674001 188 188 188
v 94.660004 11.998000 5.952000 188 188 188
v 87.200005 11.998000 8.148001 188 188 188
v 85.835999 11.998000 8.018001 188 188 188
v 84.300003 11.998000 2.998000 188 188 188
v 36.098003 11.998000 2.998000 188 188 188
v 95.400002 11.998000 3.212000 188 188 188
v 95.400002 11.998000 4.054000 188 188 188
v 87.200005 11.998000 6.568000 188 188 188
v 87.200005 11.998000 6.042000 188 188 188
v 95.190002 11.998000 4.674000 188 188 188
v 56.200001 11.998000 9.794001 188 188 188
v 64.198006 11.998000 9.794001 188 188 188
v 67.800003 11.998000 9.794001 188 188 188
v 87.110001 11.998000 6.062000 188 188 188
v 86.602005 11.998000 5.052000 188 188 188
v 86.754005 11.998000 5.274000 188 188 188
v 87.100006 11.998000 5.780000 188 188 188
v 58.398003 11.998000 9.794001 188 188 188
v 62.000000 11.998000 9.794001 188 188 188
v 95.400002 11.998000 6.430000 188 188 188
v 85.198006 11.998000 2.998000 188 188 188
v 95.400002 11.998000 3.188000 188 188 188
v 56.200001 11.998000 13.606001 188 188 188
v 52.598000 11.998000 13.606001 188 188 188
v 53.699997 11.998000 11.698000 188 188 188
v 47.900002 11.998000 11.698000 188 188 188
v 49.300003 11.998000 11.698000 188 188 188
v 38.798000 11.998000 9.794001 188 188 188
v 35.200001 11.998000 9.794001 188 188 188
v 35.200001 11.998000 4.968000 188 188 188
v 35.200001 11.998000 3.910000 188 188 188
v 55.100002 11.998000 11.698000 188 188 188
v 44.598003 11.998000 13.606001 188 188 188
v 41.000004 11.998000 13.606001 188 188 188
v 42.100002 11.998000 11.698000 188 188 188
v 46.800003 11.998000 9.794001 188 188 188
v 50.398003 11.998000 9.794001 188 188 188
v 43.498001 11.998000 11.698000 188 188 188
v 24.698002 11.998000 11.698000 188 188 188
v 26.098001 11.998000 11.698000 188 188 188
v 27.200003 11.998000 13.606001 188 188 188
v 35.200001 11.998000 13.606001 188 188 188
v 32.998001 11.998000 13.606001 188 188 188
v 29.400002 11.998000 13.606001 188 188 188
v 30.498001 11.998000 11.698000 188 188 188
v 31.898001 11.998000 11.698000 188 188 188
v 23.598001 11.998000 13.606001 188 188 188
v 21.400002 11.998000 13.606001 188 188 188
v 17.798000 11.998000 13.606001 188 188 188
v 18.898001 11.998000 11.698000 188 188 188
v 52.598000 11.998000 9.794001 188 188 188
v 15.599998 11.998000 13.606001 188 188 188
v 11.998000 11.998000 13.606001 188 188 188
v 13.098000 11.998000 11.698000 188 188 188
v 20.300001 11.998000 11.698000 188 188 188
v 9.800000 11.998000 13.606001 188 188 188
v 8.700000 11.998000 11.698000 188 188 188
v 24.100000 11.998000 2.998000 188 188 188
v 14.500000 11.998000 11.698000 188 188 188
v 23.598001 11.998000 9.794001 188 188 188
v 11.998000 11.998000 9.794001 188 188 188
v 17.798000 11.998000 9.794001 188 188 188
v 29.400002 11.998000 9.794001 188 188 188
v 41.000004 11.998000 9.794001 188 188 188
v 32.998001 11.998000 9.794001 188 188 188
v 44.598003 11.998000 9.794001 188 188 188
v 33.360001 11.998000 9.000000 188 188 188
v 35.200001 11.998000 9.000000 188 188 188
v 27.200003 11.998000 9.794001 188 188 188
v 33.198002 11.998000 5.940000 188 188 188
v 27.000002 11.998000 9.000000 188 188 188
v 27.000002 11.998000 7.946001 188 188 188
v 33.198002 11.998000 5.214000 188 188 188
v 87.200005 11.998000 6.938000 188 188 188
v 95.067993 11.998000 4.966000 188 188 188
v 21.400002 11.998000 9.794001 188 188 188
v 9.800000 11.998000 9.794001 188 188 188
v 15.599998 11.998000 9.794001 188 188 188
v 24.997999 11.998000 2.998000 188 188 188
v 24.997999 11.998000 9.000000 188 188 188
v 25.062000 11.998000 9.000000 188 188 188
v 27.000002 11.998000 2.998000 188 188 188
v 33.198002 11.998000 2.998000 188 188 188
v 33.198002 11.998000 4.576000 188 188 188
v 95.400002 11.998000 9.000000 188 188 188
v 95.400002 11.998000 8.802000 188 188 188
v 95.400002 11.998000 4.170000 188 188 188
v 95.400002 11.998000 4.252000 188 188 188
v 87.200005 11.998000 5.760000 188 188 188
v 87.200005 11.998000 5.168000 188 188 188
v 95.253998 11.998000 4.084000 188 188 188
v 87.200005 11.998000 9.000000 188 188 188
v 95.400002 11.998000 5.734000 188 188 188
v 94.834007 11.998000 5.536000 188 188 188
v 95.400002 11.998000 5.380000 188 188 188
v 95.400002 11.998000 4.884000 188 188 188
v 95.400002 11.998000 4.624000 188 188 188
v 95.362007 11.998000 4.262000 188 188 188
v 95.400002 11.998000 2.998000 188 188 188
v 85.198006 11.998000 9.000000 188 188 188
v 87.200005 11.998000 2.998000 188 188 188
v 93.397995 11.998000 2.998000 188 188 188
v 94.168007 11.998000 3.450000 188 188 188
v 87.200005 11.998000 4.924000 188 188 188
v 87.200005 11.998000 7.642000 188 188 188
v 87.200005 11.998000 5.924000 188 188 188
v 94.237999 11.998000 3.490000 188 188 188
v 35.200001 11.998000 2.998000 188 188 188
v 35.200001 11.998000 3.488000 188 188 188
v 35.200001 11.998000 3.684000 188 188 188
v 33.198002 11.998000 9.000000 188 188 188
v 93.200005 95.099998 13.606001 188 188 188
v 96.798004 95.099998 13.606001 188 188 188
v 90.998001 95.099998 13.606001 188 188 188
v 44.598003 95.099998 13.606001 188 188 188
v 79.748001 95.099998 18.502001 188 188 188
v 46.800003 95.099998 13.606001 188 188 188
v 111.697998 95.099998 11.698000 188 188 188
v 73.948006 95.099998 18.502001 188 188 188
v 32.998001 95.099998 13.606001 188 188 188
v 72.150002 95.099998 18.502001 188 188 188
v 77.950005 95.099998 18.502001 188 188 188
v 29.400002 95.099998 13.606001 188 188 188
v 108.399994 95.099998 13.606001 188 188 188
v 107.300003 95.099998 11.698000 188 188 188
v 104.797997 95.099998 13.606001 188 188 188
v 102.598000 95.099998 13.606001 188 188 188
v 75.050003 95.099998 18.502001 188 188 188
v 76.848000 95.099998 18.502001 188 188 188
v 35.200001 95.099998 13.606001 188 188 188
v 38.798000 95.099998 13.606001 188 188 188
v 41.000004 95.099998 13.606001 188 188 188
v 98.998001 95.099998 13.606001 188 188 188
v 110.598007 95.099998 13.606001 188 188 188
v 85.198006 95.099998 13.606001 188 188 188
v 87.400002 95.099998 13.606001 188 188 188
v 105.898003 95.099998 11.698000 188 188 188
v 79.399994 95.099998 13.606001 188 188 188
v 81.599998 95.099998 13.606001 188 188 188
v 75.799995 95.099998 13.606001 188 188 188
v 94.300003 95.099998 11.698000 188 188 188
v 95.700005 95.099998 11.698000 188 188 188
v 101.500008 95.099998 11.698000 188 188 188
v 100.100006 95.099998 11.698000 188 188 188
v 67.800003 95.099998 13.606001 188 188 188
v 69.998001 95.099998 13.606001 188 188 188
v 82.648003 95.099998 18.502001 188 188 188
v 50.398003 95.099998 13.606001 188 188 188
v 80.850006 95.099998 18.502001 188 188 188
v 58.398003 95.099998 13.606001 188 188 188
v 62.000000 95.099998 13.606001 188 188 188
v 30.498001 95.099998 11.698000 188 188 188
v 31.898001 95.099998 11.698000 188 188 188
v 64.198006 95.099998 13.606001 188 188 188
v 83.748001 95.099998 18.502001 188 188 188
v 52.598000 95.099998 13.606001 188 188 188
v 73.600006 95.099998 13.606001 188 188 188
v 76.898003 95.099998 11.698000 188 188 188
v 78.298004 95.099998 11.698000 188 188 188
v 93.397995 95.099998 9.000000 188 188 188
v 96.798004 95.099998 9.794001 188 188 188
v 104.797997 95.099998 9.794001 188 188 188
v 108.399994 95.099998 9.794001 188 188 188
v 56.200001 95.099998 13.606001 188 188 188
v 89.898003 95.099998 11.698000 188 188 188
v 24.997999 95.099998 9.000000 188 188 188
v 32.998001 95.099998 9.794001 188 188 188
v 27.000002 95.099998 9.000000 188 188 188
v 93.397995 95.099998 2.998000 188 188 188
v 87.200005 95.099998 9.000000 188 188 188
v 88.500008 95.099998 11.698000 188 188 188
v 71.098000 95.099998 11.698000 188 188 188
v 72.498001 95.099998 11.698000 188 188 188
v 93.200005 95.099998 9.794001 188 188 188
v 90.998001 95.099998 9.794001 188 188 188
v 47.900002 95.099998 11.698000 188 188 188
v 49.300003 95.099998 11.698000 188 188 188
v 87.400002 95.099998 9.794001 188 188 188
v 26.098001 95.099998 11.698000 188 188 188
v 24.698002 95.099998 11.698000 188 188 188
v 35.200001 95.099998 9.794001 188 188 188
v 36.300003 95.099998 11.698000 188 188 188
v 38.798000 95.099998 9.794001 188 188 188
v 53.699997 95.099998 11.698000 188 188 188
v 55.100002 95.099998 11.698000 188 188 188
v 82.700005 95.099998 11.698000 188 188 188
v 84.098000 95.099998 11.698000 188 188 188
v 95.400002 95.099998 9.000000 188 188 188
v 102.598000 95.099998 9.794001 188 188 188
v 98.998001 95.099998 9.794001 188 188 188
v 42.100002 95.099998 11.698000 188 188 188
v 43.498001 95.099998 11.698000 188 188 188
v 65.298004 95.099998 11.698000 188 188 188
v 66.700005 95.099998 11.698000 188 188 188
v 33.198002 95.099998 9.000000 188 188 188
v 60.900002 95.099998 11.698000 188 188 188
v 110.598007 95.099998 9.794001 188 188 188
v 96.298004 95.099998 2.998000 188 188 188
v 95.400002 95.099998 2.998000 188 188 188
v 84.300003 95.099998 2.998000 188 188 188
v 36.098003 95.099998 2.998000 188 188 188
v 85.198006 95.099998 9.000000 188 188 188
v 85.198006 95.099998 9.794001 188 188 188
v 81.599998 95.099998 9.794001 188 188 188
v 73.600006 95.099998 9.794001 188 188 188
v 69.998001 95.099998 9.794001 188 188 188
v 87.200005 95.099998 2.998000 188 188 188
v 79.399994 95.099998 9.794001 188 188 188
v 75.799995 95.099998 9.794001 188 188 188
v 37.698002 95.099998 11.698000 188 188 188
v 62.000000 95.099998 9.794001 188 188 188
v 59.498001 95.099998 11.698000 188 188 188
v 67.800003 95.099998 9.794001 188 188 188
v 64.198006 95.099998 9.794001 188 188 188
v 58.398003 95.099998 9.794001 188 188 188
v 56.200001 95.099998 9.794001 188 188 188
v 52.598000 95.099998 9.794001 188 188 188
v 50.398003 95.099998 9.794001 188 188 188
v 46.800003 95.099998 9.794001 188 188 188
v 85.198006 95.099998 2.998000 188 188 188
v 41.000004 95.099998 9.794001 188 188 188
v 35.200001 95.099998 9.000000 188 188 188
v 21.400002 95.099998 9.794001 188 188 188
v 17.798000 95.099998 9.794001 188 188 188
v 20.300001 95.099998 11.698000 188 188 188
v 17.798000 95.099998 13.606001 188 188 188
v 27.200003 95.099998 13.606001 188 188 188
v 23.598001 95.099998 13.606001 188 188 188
v 21.400002 95.099998 13.606001 188 188 188
v 15.599998 95.099998 13.606001 188 188 188
v 44.598003 95.099998 9.794001 188 188 188
v 18.898001 95.099998 11.698000 188 188 188
v 14.500000 95.099998 11.698000 188 188 188
v 11.998000 95.099998 13.606001 188 188 188
v 13.098000 95.099998 11.698000 188 188 188
v 9.800000 95.099998 13.606001 188 188 188
v 8.700000 95.099998 11.698000 188 188 188
v 23.598001 95.099998 9.794001 188 188 188
v 29.400002 95.099998 9.794001 188 188 188
v 33.198002 95.099998 2.998000 188 188 188
v 27.200003 95.099998 9.794001 188 188 188
v 35.200001 95.099998 2.998000 188 188 188
v 11.998000 95.099998 9.794001 188 188 188
v 15.599998 95.099998 9.794001 188 188 188
v 27.000002 95.099998 2.998000 188 188 188
v 9.800000 95.099998 9.794001 188 188 188
v 24.100000 95.099998 2.998000 188 188 188
v 24.997999 95.099998 2.998000 188 188 188
v 1.754000 13.500001 2.000000 188 188 188
v 1.754000 13.500001 3.550000 188 188 188
v 1.610000 13.610001 2.000000 188 188 188
v 1.500000 13.756001 2.000000 188 188 188
v 1.610000 13.610001 3.550000 188 188 188
v 1.500000 13.756001 3.550000 188 188 188
v 118.788002 13.610001 2.000000 188 188 188
v 118.644005 13.500001 2.000000 188 188 188
v 118.900009 13.756001 2.000000 188 188 188
v 118.788002 13.610001 3.550000 188 188 188
v 118.900009 13.756001 3.550000 188 188 188
v 118.644005 13.500001 3.550000 188 188 188
v 1.500000 93.342003 2.000000 188 188 188
v 1.610000 93.488007 3.550000 188 188 188
v 1.500000 93.342003 3.550000 188 188 188
v 1.610000 93.488007 2.000000 188 188 188
v 1.754000 93.598007 2.000000 188 188 188
v 1.754000 93.598007 3.550000 188 188 188
v 1.754000 93.598007 2.002000 188 188 188
v 118.788002 93.488007 2.000000 188 188 188
v 118.644005 93.598007 2.000000 188 188 188
v 118.900009 93.342003 2.000000 188 188 188
v 118.644005 93.598007 3.550000 188 188 188
v 118.644005 93.598007 3.544000 188 188 188
v 118.900009 93.342003 3.550000 188 188 188
v 118.658005 93.588005 3.550000 188 188 188
v 118.788002 93.488007 3.550000 188 188 188
v 2.000000 82.599998 22.397999 188 188 188
v 2.000000 82.599998 19.600000 188 188 188
v 2.000000 50.050003 22.898001 188 188 188
v 2.000000 76.600006 22.397999 188 188 188
v 2.000000 82.599998 19.216002 188 188 188
v 2.000000 76.600006 19.216002 188 188 188
v 2.000000 89.600006 3.550000 188 188 188
v 2.000000 65.100006 22.397999 188 188 188
v 2.000000 44.598003 16.998001 188 188 188
v 2.000000 76.600006 20.198002 188 188 188
v 2.000000 59.600002 7.798000 188 188 188
v 2.000000 71.098000 19.600000 188 188 188
v 2.000000 71.098000 22.397999 188 188 188
v 2.000000 71.098000 19.216002 188 188 188
v 2.000000 58.548000 3.550000 188 188 188
v 2.000000 58.548000 4.954000 188 188 188
v 2.000000 65.100006 19.216002 188 188 188
v 2.000000 59.600002 16.998001 188 188 188
v 2.000000 44.598003 7.798000 188 188 188
v 2.000000 48.550003 4.954000 188 188 188
v 2.000000 17.498001 3.550000 188 188 188
v 2.000000 65.100006 20.198002 188 188 188
v 2.000000 48.550003 3.550000 188 188 188
v 116.548004 53.548004 2.000000 188 188 188
v 115.724007 53.548004 2.000000 188 188 188
v 116.548004 17.498001 2.000000 188 188 188
v 116.548004 91.250008 2.000000 188 188 188
v 114.898003 91.250008 2.000000 188 188 188
v 116.548004 89.600006 2.000000 188 188 188
v 60.198002 89.600006 2.000000 188 188 188
v 5.500000 89.600006 2.000000 188 188 188
v 56.734001 86.134003 2.000000 188 188 188
v 3.848000 53.548004 2.000000 188 188 188
v 4.674000 53.548004 2.000000 188 188 188
v 3.848000 89.600006 2.000000 188 188 188
v 60.198002 17.498001 2.000000 188 188 188
v 5.500000 17.498001 2.000000 188 188 188
v 60.198002 16.674002 2.000000 188 188 188
v 60.198002 15.848000 2.000000 188 188 188
v 114.898003 15.848000 2.000000 188 188 188
v 64.490005 22.905998 2.000000 188 188 188
v 114.898003 17.498001 2.000000 188 188 188
v 5.500000 15.848000 2.000000 188 188 188
v 60.198002 91.250008 2.000000 188 188 188
v 5.500000 91.250008 2.000000 188 188 188
v 60.198002 90.424004 2.000000 188 188 188
v 12.429999 28.308001 2.000000 188 188 188
v 114.898003 89.600006 2.000000 188 188 188
v 55.908001 86.134003 2.000000 188 188 188
v 107.967995 82.670006 2.000000 188 188 188
v 60.198002 28.308001 2.000000 188 188 188
v 116.548004 15.848000 2.000000 188 188 188
v 8.964001 50.084003 2.000000 188 188 188
v 63.664001 22.905998 2.000000 188 188 188
v 60.198002 82.670006 2.000000 188 188 188
v 107.967995 28.308001 2.000000 188 188 188
v 12.429999 82.670006 2.000000 188 188 188
v 118.900009 93.598007 2.000000 188 188 188
v 3.848000 17.498001 2.000000 188 188 188
v 3.848000 91.250008 2.000000 188 188 188
v 111.434006 58.954002 2.000000 188 188 188
v 118.900009 13.500001 2.000000 188 188 188
v 1.500000 93.598007 2.000000 188 188 188
v 1.500000 13.500001 2.000000 188 188 188
v 3.848000 15.848000 2.000000 188 188 188
v 118.400002 63.066002 22.397999 188 188 188
v 118.400002 44.032001 22.397999 188 188 188
v 118.400002 38.032001 22.397999 188 188 188
v 118.400002 38.032001 20.198002 188 188 188
v 118.400002 54.543999 12.797999 188 188 188
v 118.400002 89.600006 3.550000 188 188 188
v 118.400002 87.353996 10.600000 188 188 188
v 118.400002 87.353996 12.797999 188 188 188
v 118.400002 81.554001 12.797999 188 188 188
v 118.400002 79.650002 13.898001 188 188 188
v 118.400002 85.450005 13.898001 188 188 188
v 118.400002 85.450005 9.500000 188 188 188
v 118.400002 81.554001 10.600000 188 188 188
v 118.400002 83.542007 10.600000 188 188 188
v 118.400002 83.542007 12.797999 188 188 188
v 118.400002 77.744003 12.797999 188 188 188
v 118.400002 73.848007 13.898001 188 188 188
v 118.400002 69.066002 19.216002 188 188 188
v 118.400002 69.066002 20.198002 188 188 188
v 118.400002 68.048004 13.898001 188 188 188
v 118.400002 69.066002 22.397999 188 188 188
v 118.400002 62.247997 13.898001 188 188 188
v 118.400002 63.066002 19.216002 188 188 188
v 118.400002 63.066002 19.600000 188 188 188
v 118.400002 66.144005 12.797999 188 188 188
v 118.400002 58.354000 12.797999 188 188 188
v 118.400002 56.448002 13.898001 188 188 188
v 118.400002 60.344002 12.797999 188 188 188
v 118.400002 71.944000 12.797999 188 188 188
v 118.400002 75.756004 12.797999 188 188 188
v 118.400002 77.744003 10.600000 188 188 188
v 118.400002 79.650002 9.500000 188 188 188
v 118.400002 69.956001 10.600000 188 188 188
v 118.400002 71.944000 10.600000 188 188 188
v 118.400002 73.848007 9.500000 188 188 188
v 118.400002 69.956001 12.797999 188 188 188
v 118.400002 64.153999 10.600000 188 188 188
v 118.400002 66.144005 10.600000 188 188 188
v 118.400002 68.048004 9.500000 188 188 188
v 118.400002 64.153999 12.797999 188 188 188
v 118.400002 60.344002 10.600000 188 188 188
v 118.400002 44.032001 19.600000 188 188 188
v 118.400002 44.032001 19.216002 188 188 188
v 118.400002 58.548000 4.954000 188 188 188
v 118.400002 62.247997 9.500000 188 188 188
v 118.400002 38.032001 19.216002 188 188 188
v 118.400002 54.543999 10.600000 188 188 188
v 118.400002 52.553997 12.797999 188 188 188
v 118.400002 52.553997 10.600000 188 188 188
v 118.400002 75.756004 10.600000 188 188 188
v 118.400002 58.354000 10.600000 188 188 188
v 118.400002 56.448002 9.500000 188 188 188
v 118.400002 58.548000 3.550000 188 188 188
v 118.400002 50.649998 9.500000 188 188 188
v 118.400002 48.550003 4.954000 188 188 188
v 118.400002 46.754002 10.600000 188 188 188
v 118.400002 50.649998 13.898001 188 188 188
v 118.400002 17.498001 3.550000 188 188 188
v 118.400002 19.744001 12.797999 188 188 188
v 118.400002 48.744003 10.600000 188 188 188
v 118.400002 48.744003 12.797999 188 188 188
v 118.400002 44.850002 13.898001 188 188 188
v 118.400002 46.754002 12.797999 188 188 188
v 118.400002 39.050003 13.898001 188 188 188
v 118.400002 42.944000 12.797999 188 188 188
v 118.400002 37.141998 12.797999 188 188 188
v 118.400002 40.954002 10.600000 188 188 188
v 118.400002 42.944000 10.600000 188 188 188
v 118.400002 44.850002 9.500000 188 188 188
v 118.400002 40.954002 12.797999 188 188 188
v 118.400002 35.154003 12.797999 188 188 188
v 118.400002 33.250000 13.898001 188 188 188
v 118.400002 37.141998 10.600000 188 188 188
v 118.400002 35.154003 10.600000 188 188 188
v 118.400002 31.341999 12.797999 188 188 188
v 118.400002 27.448000 13.898001 188 188 188
v 118.400002 39.050003 9.500000 188 188 188
v 118.400002 29.354000 12.797999 188 188 188
v 118.400002 31.341999 10.600000 188 188 188
v 118.400002 29.354000 10.600000 188 188 188
v 118.400002 19.744001 10.600000 188 188 188
v 118.400002 25.544001 12.797999 188 188 188
v 118.400002 33.250000 9.500000 188 188 188
v 118.400002 23.556002 12.797999 188 188 188
v 118.400002 21.648001 13.898001 188 188 188
v 118.400002 25.544001 10.600000 188 188 188
v 118.400002 21.648001 9.500000 188 188 188
v 118.400002 23.556002 10.600000 188 188 188
v 118.400002 27.448000 9.500000 188 188 188
v 118.400002 48.550003 3.550000 188 188 188
v 110.598007 14.000001 13.606001 188 188 188
v 109.232002 14.000001 22.397999 188 188 188
v 42.450001 14.000001 18.502001 188 188 188
v 75.799995 14.000001 13.606001 188 188 188
v 40.650002 14.000001 18.502001 188 188 188
v 39.550003 14.000001 18.502001 188 188 188
v 99.064003 14.000001 22.397999 188 188 188
v 45.350002 14.000001 18.502001 188 188 188
v 49.282001 14.000001 22.898001 188 188 188
v 52.282001 14.000001 22.898001 188 188 188
v 93.066002 14.000001 22.397999 188 188 188
v 43.550003 14.000001 18.502001 188 188 188
v 85.198006 14.000001 13.606001 188 188 188
v 79.399994 14.000001 13.606001 188 188 188
v 81.599998 14.000001 13.606001 188 188 188
v 101.500008 14.000001 11.698000 188 188 188
v 103.231995 14.000001 22.397999 188 188 188
v 103.231995 14.000001 20.198002 188 188 188
v 99.064003 14.000001 20.198002 188 188 188
v 111.697998 14.000001 11.698000 188 188 188
v 95.700005 14.000001 11.698000 188 188 188
v 96.798004 14.000001 9.794001 188 188 188
v 94.300003 14.000001 11.698000 188 188 188
v 109.232002 14.000001 19.600000 188 188 188
v 103.231995 14.000001 19.216002 188 188 188
v 102.598000 14.000001 13.606001 188 188 188
v 114.898003 14.000001 3.550000 188 188 188
v 109.232002 14.000001 19.216002 188 188 188
v 90.998001 14.000001 13.606001 188 188 188
v 93.066002 14.000001 19.216002 188 188 188
v 93.200005 14.000001 13.606001 188 188 188
v 87.400002 14.000001 13.606001 188 188 188
v 93.066002 14.000001 19.600000 188 188 188
v 104.797997 14.000001 13.606001 188 188 188
v 108.399994 14.000001 13.606001 188 188 188
v 107.300003 14.000001 11.698000 188 188 188
v 110.598007 14.000001 9.794001 188 188 188
v 108.399994 14.000001 9.794001 188 188 188
v 99.064003 14.000001 19.216002 188 188 188
v 65.200005 14.000001 3.550000 188 188 188
v 65.200005 14.000001 4.954000 188 188 188
v 105.898003 14.000001 11.698000 188 188 188
v 67.800003 14.000001 13.606001 188 188 188
v 66.700005 14.000001 11.698000 188 188 188
v 64.198006 14.000001 13.606001 188 188 188
v 100.100006 14.000001 11.698000 188 188 188
v 98.998001 14.000001 13.606001 188 188 188
v 96.798004 14.000001 13.606001 188 188 188
v 56.200001 14.000001 9.794001 188 188 188
v 52.598000 14.000001 9.794001 188 188 188
v 82.700005 14.000001 11.698000 188 188 188
v 84.098000 14.000001 11.698000 188 188 188
v 73.600006 14.000001 13.606001 188 188 188
v 72.498001 14.000001 11.698000 188 188 188
v 69.998001 14.000001 13.606001 188 188 188
v 88.500008 14.000001 11.698000 188 188 188
v 89.898003 14.000001 11.698000 188 188 188
v 76.898003 14.000001 11.698000 188 188 188
v 78.298004 14.000001 11.698000 188 188 188
v 58.398003 14.000001 13.606001 188 188 188
v 62.000000 14.000001 13.606001 188 188 188
v 64.198006 14.000001 9.794001 188 188 188
v 62.000000 14.000001 9.794001 188 188 188
v 71.098000 14.000001 11.698000 188 188 188
v 53.699997 14.000001 11.698000 188 188 188
v 37.750000 14.000001 18.502001 188 188 188
v 75.799995 14.000001 9.794001 188 188 188
v 79.399994 14.000001 9.794001 188 188 188
v 65.298004 14.000001 11.698000 188 188 188
v 56.200001 14.000001 13.606001 188 188 188
v 55.100002 14.000001 11.698000 188 188 188
v 52.598000 14.000001 13.606001 188 188 188
v 60.900002 14.000001 11.698000 188 188 188
v 46.800003 14.000001 13.606001 188 188 188
v 50.398003 14.000001 13.606001 188 188 188
v 104.797997 14.000001 9.794001 188 188 188
v 93.200005 14.000001 9.794001 188 188 188
v 90.998001 14.000001 9.794001 188 188 188
v 98.998001 14.000001 9.794001 188 188 188
v 102.598000 14.000001 9.794001 188 188 188
v 87.400002 14.000001 9.794001 188 188 188
v 59.498001 14.000001 11.698000 188 188 188
v 85.198006 14.000001 9.794001 188 188 188
v 81.599998 14.000001 9.794001 188 188 188
v 67.800003 14.000001 9.794001 188 188 188
v 73.600006 14.000001 9.794001 188 188 188
v 69.998001 14.000001 9.794001 188 188 188
v 44.598003 14.000001 13.606001 188 188 188
v 43.498001 14.000001 11.698000 188 188 188
v 41.000004 14.000001 13.606001 188 188 188
v 58.398003 14.000001 9.794001 188 188 188
v 55.197998 14.000001 4.954000 188 188 188
v 46.800003 14.000001 9.794001 188 188 188
v 36.650002 14.000001 18.502001 188 188 188
v 49.300003 14.000001 11.698000 188 188 188
v 47.900002 14.000001 11.698000 188 188 188
v 38.798000 14.000001 13.606001 188 188 188
v 37.698002 14.000001 11.698000 188 188 188
v 35.200001 14.000001 13.606001 188 188 188
v 32.998001 14.000001 13.606001 188 188 188
v 31.898001 14.000001 11.698000 188 188 188
v 29.400002 14.000001 13.606001 188 188 188
v 44.598003 14.000001 9.794001 188 188 188
v 50.398003 14.000001 9.794001 188 188 188
v 27.200003 14.000001 13.606001 188 188 188
v 26.098001 14.000001 11.698000 188 188 188
v 23.598001 14.000001 13.606001 188 188 188
v 30.498001 14.000001 11.698000 188 188 188
v 38.798000 14.000001 9.794001 188 188 188
v 15.599998 14.000001 13.606001 188 188 188
v 17.798000 14.000001 13.606001 188 188 188
v 5.500000 14.000001 3.550000 188 188 188
v 55.197998 14.000001 3.550000 188 188 188
v 24.698002 14.000001 11.698000 188 188 188
v 21.400002 14.000001 13.606001 188 188 188
v 20.300001 14.000001 11.698000 188 188 188
v 18.898001 14.000001 11.698000 188 188 188
v 23.598001 14.000001 9.794001 188 188 188
v 27.200003 14.000001 9.794001 188 188 188
v 14.500000 14.000001 11.698000 188 188 188
v 11.998000 14.000001 13.606001 188 188 188
v 13.098000 14.000001 11.698000 188 188 188
v 9.800000 14.000001 13.606001 188 188 188
v 8.700000 14.000001 11.698000 188 188 188
v 41.000004 14.000001 9.794001 188 188 188
v 29.400002 14.000001 9.794001 188 188 188
v 36.300003 14.000001 11.698000 188 188 188
v 35.200001 14.000001 9.794001 188 188 188
v 42.100002 14.000001 11.698000 188 188 188
v 21.400002 14.000001 9.794001 188 188 188
v 17.798000 14.000001 9.794001 188 188 188
v 32.998001 14.000001 9.794001 188 188 188
v 15.599998 14.000001 9.794001 188 188 188
v 11.998000 14.000001 9.794001 188 188 188
v 9.800000 14.000001 9.794001 188 188 188
v 104.797997 93.098007 13.606001 188 188 188
v 108.399994 93.098007 13.606001 188 188 188
v 79.682007 93.098007 22.898001 188 188 188
v 76.682007 93.098007 22.898001 188 188 188
v 44.464001 93.098007 22.397999 188 188 188
v 75.932007 93.098007 22.397999 188 188 188
v 81.932007 93.098007 22.397999 188 188 188
v 81.932007 93.098007 19.600000 188 188 188
v 38.466003 93.098007 22.397999 188 188 188
v 110.598007 93.098007 13.606001 188 188 188
v 73.600006 93.098007 13.606001 188 188 188
v 75.799995 93.098007 13.606001 188 188 188
v 111.697998 93.098007 11.698000 188 188 188
v 114.898003 93.098007 3.550000 188 188 188
v 71.098000 93.098007 11.698000 188 188 188
v 72.498001 93.098007 11.698000 188 188 188
v 81.932007 93.098007 19.216002 188 188 188
v 96.798004 93.098007 13.606001 188 188 188
v 98.998001 93.098007 13.606001 188 188 188
v 102.598000 93.098007 13.606001 188 188 188
v 90.998001 93.098007 13.606001 188 188 188
v 93.200005 93.098007 13.606001 188 188 188
v 105.898003 93.098007 11.698000 188 188 188
v 107.300003 93.098007 11.698000 188 188 188
v 100.100006 93.098007 11.698000 188 188 188
v 101.500008 93.098007 11.698000 188 188 188
v 65.200005 93.098007 3.550000 188 188 188
v 65.200005 93.098007 4.954000 188 188 188
v 94.300003 93.098007 11.698000 188 188 188
v 95.700005 93.098007 11.698000 188 188 188
v 104.797997 93.098007 9.794001 188 188 188
v 110.598007 93.098007 9.794001 188 188 188
v 87.400002 93.098007 13.606001 188 188 188
v 85.198006 93.098007 13.606001 188 188 188
v 93.200005 93.098007 9.794001 188 188 188
v 81.599998 93.098007 13.606001 188 188 188
v 79.399994 93.098007 13.606001 188 188 188
v 58.398003 93.098007 13.606001 188 188 188
v 75.932007 93.098007 19.216002 188 188 188
v 75.932007 93.098007 20.198002 188 188 188
v 75.799995 93.098007 9.794001 188 188 188
v 78.298004 93.098007 11.698000 188 188 188
v 82.700005 93.098007 11.698000 188 188 188
v 81.599998 93.098007 9.794001 188 188 188
v 88.500008 93.098007 11.698000 188 188 188
v 89.898003 93.098007 11.698000 188 188 188
v 56.200001 93.098007 13.606001 188 188 188
v 69.998001 93.098007 13.606001 188 188 188
v 98.998001 93.098007 9.794001 188 188 188
v 67.800003 93.098007 13.606001 188 188 188
v 64.198006 93.098007 13.606001 188 188 188
v 62.000000 93.098007 13.606001 188 188 188
v 87.400002 93.098007 9.794001 188 188 188
v 65.298004 93.098007 11.698000 188 188 188
v 66.700005 93.098007 11.698000 188 188 188
v 84.098000 93.098007 11.698000 188 188 188
v 53.699997 93.098007 11.698000 188 188 188
v 55.100002 93.098007 11.698000 188 188 188
v 76.898003 93.098007 11.698000 188 188 188
v 79.399994 93.098007 9.794001 188 188 188
v 59.498001 93.098007 11.698000 188 188 188
v 60.900002 93.098007 11.698000 188 188 188
v 102.598000 93.098007 9.794001 188 188 188
v 96.798004 93.098007 9.794001 188 188 188
v 108.399994 93.098007 9.794001 188 188 188
v 90.998001 93.098007 9.794001 188 188 188
v 64.198006 93.098007 9.794001 188 188 188
v 85.198006 93.098007 9.794001 188 188 188
v 67.800003 93.098007 9.794001 188 188 188
v 69.998001 93.098007 9.794001 188 188 188
v 62.000000 93.098007 9.794001 188 188 188
v 55.197998 93.098007 4.954000 188 188 188
v 58.398003 93.098007 9.794001 188 188 188
v 73.600006 93.098007 9.794001 188 188 188
v 52.598000 93.098007 9.794001 188 188 188
v 50.398003 93.098007 9.794001 188 188 188
v 23.598001 93.098007 13.606001 188 188 188
v 27.200003 93.098007 13.606001 188 188 188
v 29.400002 93.098007 13.606001 188 188 188
v 38.466003 93.098007 19.600000 188 188 188
v 44.464001 93.098007 20.198002 188 188 188
v 52.598000 93.098007 13.606001 188 188 188
v 44.464001 93.098007 19.216002 188 188 188
v 50.398003 93.098007 13.606001 188 188 188
v 46.800003 93.098007 13.606001 188 188 188
v 41.000004 93.098007 13.606001 188 188 188
v 44.598003 93.098007 13.606001 188 188 188
v 38.466003 93.098007 19.216002 188 188 188
v 47.900002 93.098007 11.698000 188 188 188
v 42.100002 93.098007 11.698000 188 188 188
v 21.400002 93.098007 13.606001 188 188 188
v 49.300003 93.098007 11.698000 188 188 188
v 46.800003 93.098007 9.794001 188 188 188
v 37.698002 93.098007 11.698000 188 188 188
v 36.300003 93.098007 11.698000 188 188 188
v 35.200001 93.098007 9.794001 188 188 188
v 35.200001 93.098007 13.606001 188 188 188
v 38.798000 93.098007 13.606001 188 188 188
v 43.498001 93.098007 11.698000 188 188 188
v 26.098001 93.098007 11.698000 188 188 188
v 24.698002 93.098007 11.698000 188 188 188
v 23.598001 93.098007 9.794001 188 188 188
v 32.998001 93.098007 13.606001 188 188 188
v 18.898001 93.098007 11.698000 188 188 188
v 20.300001 93.098007 11.698000 188 188 188
v 15.599998 93.098007 9.794001 188 188 188
v 11.998000 93.098007 9.794001 188 188 188
v 5.500000 93.098007 3.550000 188 188 188
v 30.498001 93.098007 11.698000 188 188 188
v 31.898001 93.098007 11.698000 188 188 188
v 14.500000 93.098007 11.698000 188 188 188
v 13.098000 93.098007 11.698000 188 188 188
v 17.798000 93.098007 13.606001 188 188 188
v 17.798000 93.098007 9.794001 188 188 188
v 15.599998 93.098007 13.606001 188 188 188
v 11.998000 93.098007 13.606001 188 188 188
v 29.400002 93.098007 9.794001 188 188 188
v 9.800000 93.098007 13.606001 188 188 188
v 38.798000 93.098007 9.794001 188 188 188
v 8.700000 93.098007 11.698000 188 188 188
v 41.000004 93.098007 9.794001 188 188 188
v 44.598003 93.098007 9.794001 188 188 188
v 56.200001 93.098007 9.794001 188 188 188
v 55.197998 93.098007 3.550000 188 188 188
v 27.200003 93.098007 9.794001 188 188 188
v 32.998001 93.098007 9.794001 188 188 188
v 9.800000 93.098007 9.794001 188 188 188
v 21.400002 93.098007 9.794001 188 188 188
v 116.548004 15.848000 3.550000 188 188 188
v 116.548004 48.550003 3.550000 188 188 188
v 116.548004 53.548004 2.774000 188 188 188
v 116.548004 52.724003 2.774000 188 188 188
v 116.548004 58.548000 3.550000 188 188 188
v 116.548004 91.250008 3.550000 188 188 188
v 3.848000 54.374004 2.774000 188 188 188
v 3.848000 91.250008 3.550000 188 188 188
v 3.848000 53.548004 2.774000 188 188 188
v 3.848000 58.548000 3.550000 188 188 188
v 3.848000 48.550003 3.550000 188 188 188
v 3.848000 15.848000 3.550000 188 188 188
v 3.024000 15.024001 3.550000 188 188 188
v 3.750000 14.467999 3.550000 188 188 188
v 2.468000 15.750001 3.550000 188 188 188
v 2.426000 15.848000 3.550000 188 188 188
v 2.118000 16.592001 3.550000 188 188 188
v 4.594000 14.120000 3.550000 188 188 188
v 115.804001 14.120000 3.550000 188 188 188
v 116.650009 14.467999 3.550000 188 188 188
v 117.374008 15.024001 3.550000 188 188 188
v 117.930008 15.750001 3.550000 188 188 188
v 117.954002 15.806001 3.550000 188 188 188
v 118.279999 16.592001 3.550000 188 188 188
v 2.118000 90.506004 3.550000 188 188 188
v 2.442000 91.292007 3.550000 188 188 188
v 2.468000 91.348007 3.550000 188 188 188
v 3.024000 92.076004 3.550000 188 188 188
v 3.750000 92.630005 3.550000 188 188 188
v 4.594000 92.978004 3.550000 188 188 188
v 115.804001 92.978004 3.550000 188 188 188
v 116.650009 92.630005 3.550000 188 188 188
v 118.279999 90.506004 3.550000 188 188 188
v 117.972000 91.250008 3.550000 188 188 188
v 117.930008 91.348007 3.550000 188 188 188
v 117.374008 92.076004 3.550000 188 188 188
v 85.198006 11.870001 2.998000 188 188 188
v 24.997999 11.870001 2.998000 188 188 188
v 55.197998 91.250008 3.550000 188 188 188
v 55.197998 89.500008 3.550000 188 188 188
v 55.197998 15.848000 3.550000 188 188 188
v 55.197998 17.598000 3.550000 188 188 188
v 118.900009 93.598007 3.550000 188 188 188
v 65.200005 91.250008 3.550000 188 188 188
v 116.548004 15.746000 3.550000 188 188 188
v 65.200005 15.848000 3.550000 188 188 188
v 3.848000 91.352005 3.550000 188 188 188
v 1.500000 93.598007 3.550000 188 188 188
v 118.900009 13.500001 3.550000 188 188 188
v 65.200005 89.500008 3.550000 188 188 188
v 5.598000 58.548000 3.550000 188 188 188
v 1.500000 13.500001 3.550000 188 188 188
v 5.598000 48.550003 3.550000 188 188 188
v 114.798004 48.550003 3.550000 188 188 188
v 114.798004 58.548000 3.550000 188 188 188
v 65.200005 17.598000 3.550000 188 188 188
v 1.500000 13.730000 2.150000 188 188 188
v 61.023998 15.848000 2.774000 188 188 188
v 60.198002 15.848000 2.774000 188 188 188
v 34.524002 15.848000 2.774000 188 188 188
v 60.198002 91.250008 2.774000 188 188 188
v 85.873993 91.250008 2.774000 188 188 188
v 59.374004 91.250008 2.774000 188 188 188
v 60.198002 28.308001 1.000000 188 188 188
v 60.198002 82.670006 1.000000 188 188 188
v 1.398000 65.100006 19.600000 188 188 188
v 1.398000 65.100006 20.198002 188 188 188
v 1.764000 65.100006 19.600000 188 188 188
v 1.398000 65.100006 22.397999 188 188 188
v 81.932007 93.698006 19.600000 188 188 188
v 75.932007 93.332001 19.600000 188 188 188
v 81.932007 93.332001 19.600000 188 188 188
v 75.932007 93.698006 19.600000 188 188 188
v 44.464001 93.698006 19.600000 188 188 188
v 38.466003 93.332001 19.600000 188 188 188
v 44.464001 93.332001 19.600000 188 188 188
v 38.466003 93.698006 19.600000 188 188 188
v 109.232002 13.766001 19.600000 188 188 188
v 103.231995 13.400001 19.600000 188 188 188
v 109.232002 13.400001 19.600000 188 188 188
v 103.231995 13.766001 19.600000 188 188 188
v 99.064003 13.766001 19.600000 188 188 188
v 93.066002 13.400001 19.600000 188 188 188
v 99.064003 13.400001 19.600000 188 188 188
v 119.000000 69.066002 19.600000 188 188 188
v 118.632004 69.066002 19.600000 188 188 188
v 119.000000 63.066002 19.600000 188 188 188
v 93.066002 13.766001 19.600000 188 188 188
v 119.000000 44.032001 19.600000 188 188 188
v 118.632004 44.032001 19.600000 188 188 188
v 119.000000 38.032001 19.600000 188 188 188
v 118.632004 63.066002 19.600000 188 188 188
v 1.764000 82.599998 19.600000 188 188 188
v 1.398000 82.599998 19.600000 188 188 188
v 1.764000 76.600006 19.600000 188 188 188
v 118.632004 38.032001 19.600000 188 188 188
v 1.764000 71.098000 19.600000 188 188 188
v 1.398000 71.098000 19.600000 188 188 188
v 1.398000 76.600006 19.600000 188 188 188
v 1.398000 82.599998 22.397999 188 188 188
v 1.398000 76.600006 20.198002 188 188 188
v 1.398000 82.599998 20.198002 188 188 188
v 1.398000 76.600006 22.397999 188 188 188
v 1.398000 71.098000 22.397999 188 188 188
v 1.398000 71.098000 20.198002 188 188 188
v 81.932007 93.698006 22.397999 188 188 188
v 75.932007 93.698006 22.397999 188 188 188
v 44.464001 93.698006 22.397999 188 188 188
v 38.466003 93.698006 22.397999 188 188 188
v 103.231995 13.400001 22.397999 188 188 188
v 109.232002 13.400001 22.397999 188 188 188
v 93.066002 13.400001 22.397999 188 188 188
v 99.064003 13.400001 22.397999 188 188 188
v 119.000000 44.032001 22.397999 188 188 188
v 119.000000 69.066002 22.397999 188 188 188
v 119.000000 63.066002 22.397999 188 188 188
v 119.000000 38.032001 22.397999 188 188 188
v 119.000000 38.032001 20.198002 188 188 188
v 119.000000 69.066002 20.198002 188 188 188
v 119.000000 67.778000 20.198002 188 188 188
v 119.000000 42.748001 20.198002 188 188 188
v 109.232002 13.400001 20.198002 188 188 188
v 103.231995 13.400001 20.198002 188 188 188
v 99.064003 13.400001 20.198002 188 188 188
v 93.066002 13.400001 20.198002 188 188 188
v 75.932007 93.698006 20.198002 188 188 188
v 44.464001 93.698006 20.198002 188 188 188

v 0.000000 44.598003 7.798000 188 188 188
v 0.000000 89.600006 0.000000 188 188 188
v 0.000000 59.600002 7.798000 188 188 188
v 0.000000 89.600006 0.000000 188 188 188
v 0.000000 89.600006 0.000000 188 188 188
v 0.000000 59.600002 16.998001 188 188 188
v 0.000000 89.600006 23.398001 188 188 188
v 0.000000 59.600002 16.998001 188 188 188
v 0.000000 44.598003 16.998001 188 188 188
v 0.000000 89.600006 23.398001 188 188 188
v 0.000000 53.548004 23.398001 188 188 188
v 0.000000 89.600006 23.398001 188 188 188
v 0.000000 89.600006 23.398001 188 188 188
v 2.000000 88.400002 23.398001 188 188 188
v 2.000000 89.600006 23.398001 188 188 188
v 2.000000 88.400002 23.398001 188 188 188
v 2.000000 88.400002 23.398001 188 188 188
v 2.000000 82.599998 22.397999 188 188 188
v 2.000000 82.599998 22.397999 188 188 188
v 2.000000 52.950001 23.398001 188 188 188
v 2.000000 50.050003 22.898001 188 188 188
v 2.000000 52.950001 23.398001 188 188 188
v 2.000000 50.050003 22.898001 188 188 188
v 2.000000 17.498001 23.398001 188 188 188
v 2.000000 76.600006 22.397999 188 188 188
v 2.000000 17.498001 23.398001 188 188 188
v 2.000000 76.600006 22.397999 188 188 188
v 2.000000 71.098000 22.397999 188 188 188
v 2.000000 76.600006 22.397999 188 188 188
v 2.000000 76.600006 20.198002 188 188 188
v 2.000000 76.600006 20.198002 188 188 188
v 1.398000 76.600006 20.198002 188 188 188
v 1.398000 76.600006 20.198002 188 188 188
v 1.764000 76.600006 19.600000 188 188 188
v 1.398000 76.600006 19.600000 188 188 188
v 1.764000 76.600006 19.600000 188 188 188
v 1.398000 76.600006 19.600000 188 188 188
v 1.398000 82.599998 19.600000 188 188 188
v 2.000000 82.599998 22.397999 188 188 188
v 1.398000 82.599998 20.198002 188 188 188
v 1.398000 82.599998 19.600000 188 188 188
v 1.398000 82.599998 19.600000 188 188 188
v 2.000000 82.599998 22.397999 188 188 188
v 1.764000 82.599998 19.600000 188 188 188
v 2.000000 82.599998 22.397999 188 188 188
v 2.000000 82.599998 19.600000 188 188 188
v 1.764000 82.599998 19.600000 188 188 188
v 2.000000 82.599998 19.216002 188 188 188
v 2.000000 89.600006 23.398001 188 188 188
v 2.000000 82.599998 19.600000 188 188 188
v 2.000000 89.600006 23.398001 188 188 188
v 2.000000 82.599998 19.216002 188 188 188
v 2.000000 89.600006 3.550000 188 188 188
v 2.000000 89.600006 23.398001 188 188 188
v 2.118000 90.506004 23.398001 188 188 188
v 2.000000 89.600006 23.398001 188 188 188
v 0.186000 91.021996 23.398001 188 188 188
v 2.118000 90.506004 23.398001 188 188 188
v 2.468000 91.348007 23.398001 188 188 188
v 2.118000 90.506004 23.398001 188 188 188
v 2.118000 90.506004 3.550000 188 188 188
v 2.468000 91.348007 23.398001 188 188 188
v 2.442000 91.292007 3.550000 188 188 188
v 2.468000 91.348007 23.398001 188 188 188
v 2.468000 91.348007 3.550000 188 188 188
v 2.468000 91.348007 23.398001 188 188 188
v 3.024000 92.076004 23.398001 188 188 188
v 2.468000 91.348007 23.398001 188 188 188
v 0.736000 92.350006 23.398001 188 188 188
v 3.024000 92.076004 23.398001 188 188 188
v 0.736000 92.350006 23.398001 188 188 188
v 1.610000 93.488007 23.398001 188 188 188
v 0.736000 92.350006 0.000000 188 188 188
v 1.610000 93.488007 23.398001 188 188 188
v 0.736000 92.350006 0.000000 188 188 188
v 1.500000 93.342003 3.550000 188 188 188
v 0.736000 92.350006 0.000000 188 188 188
v 1.500000 93.342003 2.000000 188 188 188
v 0.736000 92.350006 0.000000 188 188 188
v 1.610000 93.488007 0.000000 188 188 188
v 0.186000 89.600006 0.000000 188 188 188
v 1.610000 93.488007 0.000000 188 188 188
v 0.186000 89.600006 0.000000 188 188 188
v 2.750000 94.362007 0.000000 188 188 188
v 0.186000 89.600006 0.000000 188 188 188
v 4.074000 94.910004 0.000000 188 188 188
v 5.500000 95.099998 0.000000 188 188 188
v 0.186000 89.600006 0.000000 188 188 188
v 0.186000 89.600006 0.000000 188 188 188
v 5.500000 89.600006 0.000000 188 188 188
v 6.308000 58.954002 0.000000 188 188 188
v 5.500000 89.600006 0.000000 188 188 188
v 8.964001 58.954002 0.000000 188 188 188
v 5.500000 89.600006 0.000000 188 188 188
v 8.964001 58.954002 0.000000 188 188 188
v 12.429999 82.670006 0.000000 188 188 188
v 12.429999 28.308001 0.000000 188 188 188
v 12.429999 82.670006 0.000000 188 188 188
v 12.429999 82.670006 0.000000 188 188 188
v 12.429999 82.670006 2.000000 188 188 188
v 12.429999 82.670006 2.000000 188 188 188
v 60.198002 82.670006 1.000000 188 188 188
v 60.198002 82.670006 2.000000 188 188 188
v 60.198002 82.670006 1.000000 188 188 188
v 107.967995 82.670006 2.000000 188 188 188
v 60.198002 82.670006 1.000000 188 188 188
v 107.967995 82.670006 2.000000 188 188 188
v 107.967995 82.670006 0.000000 188 188 188
v 107.967995 82.670006 2.000000 188 188 188
v 107.967995 28.308001 2.000000 188 188 188
v 111.434006 58.954002 2.000000 188 188 188
v 107.967995 28.308001 2.000000 188 188 188
v 111.434006 58.954002 2.000000 188 188 188
v 115.724007 53.548004 2.000000 188 188 188
v 114.898003 89.600006 2.000000 188 188 188
v 115.724007 53.548004 2.000000 188 188 188
v 116.548004 89.600006 2.000000 188 188 188
v 115.724007 53.548004 2.000000 188 188 188
v 116.548004 89.600006 2.000000 188 188 188
v 116.548004 53.548004 2.000000 188 188 188
v 116.548004 52.724003 2.774000 188 188 188
v 116.548004 89.600006 2.000000 188 188 188
v 116.548004 89.600006 2.000000 188 188 188
v 116.548004 53.548004 2.774000 188 188 188
v 116.548004 91.250008 2.000000 188 188 188
v 116.548004 53.548004 2.774000 188 188 188
v 116.548004 48.550003 3.550000 188 188 188
v 116.548004 91.250008 2.000000 188 188 188
v 116.548004 91.250008 2.000000 188 188 188
v 116.548004 58.548000 3.550000 188 188 188
v 116.548004 58.548000 3.550000 188 188 188
v 116.548004 91.250008 3.550000 188 188 188
v 116.548004 91.250008 3.550000 188 188 188
v 118.400002 89.600006 3.550000 188 188 188
v 116.548004 91.250008 3.550000 188 188 188
v 118.279999 90.506004 3.550000 188 188 188
v 116.548004 91.250008 3.550000 188 188 188
v 117.972000 91.250008 3.550000 188 188 188
v 116.548004 91.250008 3.550000 188 188 188
v 117.930008 91.348007 3.550000 188 188 188
v 116.548004 91.250008 3.550000 188 188 188
v 117.374008 92.076004 3.550000 188 188 188
v 116.650009 92.630005 3.550000 188 188 188
v 116.548004 91.250008 3.550000 188 188 188
v 65.200005 91.250008 3.550000 188 188 188
v 116.650009 92.630005 3.550000 188 188 188
v 65.200005 91.250008 3.550000 188 188 188
v 114.898003 93.098007 3.550000 188 188 188
v 65.200005 91.250008 3.550000 188 188 188
v 65.200005 93.098007 3.550000 188 188 188
v 65.200005 93.098007 4.954000 188 188 188
v 65.200005 91.250008 3.550000 188 188 188
v 65.200005 91.250008 3.550000 188 188 188
v 65.200005 89.500008 3.550000 188 188 188
v 65.200005 91.250008 3.550000 188 188 188
v 55.197998 91.250008 3.550000 188 188 188
v 85.873993 91.250008 2.774000 188 188 188
v 55.197998 91.250008 3.550000 188 188 188
v 85.873993 91.250008 2.774000 188 188 188
v 60.198002 91.250008 2.774000 188 188 188
v 116.548004 91.250008 2.000000 188 188 188
v 116.548004 91.250008 2.000000 188 188 188
v 60.198002 91.250008 2.774000 188 188 188
v 60.198002 91.250008 2.774000 188 188 188
v 114.898003 91.250008 2.000000 188 188 188
v 114.898003 91.250008 2.000000 188 188 188
v 59.374004 91.250008 2.774000 188 188 188
v 60.198002 91.250008 2.000000 188 188 188
v 59.374004 91.250008 2.774000 188 188 188
v 5.500000 91.250008 2.000000 188 188 188
v 59.374004 91.250008 2.774000 188 188 188
v 5.500000 91.250008 2.000000 188 188 188
v 3.848000 91.250008 3.550000 188 188 188
v 3.848000 91.250008 3.550000 188 188 188
v 3.848000 91.250008 2.000000 188 188 188
v 3.848000 89.600006 2.000000 188 188 188
v 3.848000 91.250008 2.000000 188 188 188
v 3.848000 89.600006 2.000000 188 188 188
v 5.500000 89.600006 2.000000 188 188 188
v 5.500000 89.600006 2.000000 188 188 188
v 55.908001 86.134003 2.000000 188 188 188
v 55.908001 86.134003 2.000000 188 188 188
v 107.967995 82.670006 2.000000 188 188 188
v 56.734001 86.134003 2.000000 188 188 188
v 56.734001 86.134003 2.000000 188 188 188
v 107.967995 82.670006 2.000000 188 188 188
v 114.898003 89.600006 2.000000 188 188 188
v 60.198002 89.600006 2.000000 188 188 188
v 107.967995 82.670006 2.000000 188 188 188
v 60.198002 89.600006 2.000000 188 188 188
v 114.898003 89.600006 2.000000 188 188 188
v 60.198002 90.424004 2.000000 188 188 188
v 5.500000 89.600006 2.000000 188 188 188
v 60.198002 89.600006 2.000000 188 188 188
v 5.500000 89.600006 2.000000 188 188 188
v 60.198002 90.424004 2.000000 188 188 188
v 5.500000 91.250008 2.000000 188 188 188
v 114.898003 91.250008 2.000000 188 188 188
v 60.198002 90.424004 2.000000 188 188 188
v 114.898003 89.600006 2.000000 188 188 188
v 60.198002 89.600006 2.000000 188 188 188
v 5.500000 89.600006 2.000000 188 188 188
v 56.734001 86.134003 2.000000 188 188 188
v 55.908001 86.134003 2.000000 188 188 188
v 3.848000 89.600006 2.000000 188 188 188
v 12.429999 82.670006 2.000000 188 188 188
v 12.429999 82.670006 2.000000 188 188 188
v 3.848000 89.600006 2.000000 188 188 188
v 12.429999 82.670006 2.000000 188 188 188
v 4.674000 53.548004 2.000000 188 188 188
v 8.964001 50.084003 2.000000 188 188 188
v 4.674000 53.548004 2.000000 188 188 188
v 8.964001 50.084003 2.000000 188 188 188
v 5.500000 17.498001 2.000000 188 188 188
v 5.500000 17.498001 2.000000 188 188 188
v 12.429999 28.308001 2.000000 188 188 188
v 12.429999 28.308001 2.000000 188 188 188
v 60.198002 17.498001 2.000000 188 188 188
v 60.198002 17.498001 2.000000 188 188 188
v 63.664001 22.905998 2.000000 188 188 188
v 63.664001 22.905998 2.000000 188 188 188
v 114.898003 17.498001 2.000000 188 188 188
v 64.490005 22.905998 2.000000 188 188 188
v 114.898003 17.498001 2.000000 188 188 188
v 116.548004 17.498001 2.000000 188 188 188
v 114.898003 17.498001 2.000000 188 188 188
v 116.548004 15.848000 2.000000 188 188 188
v 116.548004 17.498001 2.000000 188 188 188
v 116.548004 52.724003 2.774000 188 188 188
v 116.548004 17.498001 2.000000 188 188 188
v 116.548004 15.848000 3.550000 188 188 188
v 116.548004 15.848000 3.550000 188 188 188
v 116.548004 15.848000 2.000000 188 188 188
v 116.548004 15.848000 3.550000 188 188 188
v 114.898003 15.848000 2.000000 188 188 188
v 116.548004 15.848000 3.550000 188 188 188
v 61.023998 15.848000 2.774000 188 188 188
v 61.023998 15.848000 2.774000 188 188 188
v 60.198002 15.848000 2.774000 188 188 188
v 60.198002 15.848000 2.774000 188 188 188
v 5.500000 15.848000 2.000000 188 188 188
v 3.848000 15.848000 2.000000 188 188 188
v 5.500000 15.848000 2.000000 188 188 188
v 3.848000 15.848000 2.000000 188 188 188
v 3.848000 17.498001 2.000000 188 188 188
v 3.848000 17.498001 2.000000 188 188 188
v 3.848000 53.548004 2.774000 188 188 188
v 3.848000 91.250008 3.550000 188 188 188
v 3.848000 53.548004 2.774000 188 188 188
v 3.848000 54.374004 2.774000 188 188 188
v 3.848000 53.548004 2.774000 188 188 188
v 3.848000 91.250008 3.550000 188 188 188
v 3.848000 91.250008 3.550000 188 188 188
v 2.442000 91.292007 3.550000 188 188 188
v 3.848000 58.548000 3.550000 188 188 188
v 2.442000 91.292007 3.550000 188 188 188
v 3.848000 91.250008 3.550000 188 188 188
v 3.848000 91.250008 3.550000 188 188 188
v 3.848000 91.352005 3.550000 188 188 188
v 3.848000 91.250008 3.550000 188 188 188
v 55.197998 91.250008 3.550000 188 188 188
v 5.500000 93.098007 3.550000 188 188 188
v 5.500000 93.098007 3.550000 188 188 188
v 55.197998 91.250008 3.550000 188 188 188
v 55.197998 93.098007 3.550000 188 188 188
v 55.197998 91.250008 3.550000 188 188 188
v 55.197998 93.098007 4.954000 188 188 188
v 55.197998 91.250008 3.550000 188 188 188
v 55.197998 89.500008 3.550000 188 188 188
v 65.200005 93.098007 4.954000 188 188 188
v 55.197998 93.098007 4.954000 188 188 188
v 55.197998 93.098007 4.954000 188 188 188
v 65.200005 93.098007 4.954000 188 188 188
v 73.600006 93.098007 9.794001 188 188 188
v 55.197998 93.098007 4.954000 188 188 188
v 69.998001 93.098007 9.794001 188 188 188
v 55.197998 93.098007 4.954000 188 188 188
v 67.800003 93.098007 9.794001 188 188 188
v 55.197998 93.098007 4.954000 188 188 188
v 64.198006 93.098007 9.794001 188 188 188
v 55.197998 93.098007 4.954000 188 188 188
v 55.197998 93.098007 4.954000 188 188 188
v 62.000000 93.098007 9.794001 188 188 188
v 60.900002 93.098007 11.698000 188 188 188
v 55.197998 93.098007 4.954000 188 188 188
v 58.398003 93.098007 9.794001 188 188 188
v 55.197998 93.098007 4.954000 188 188 188
v 56.200001 93.098007 9.794001 188 188 188
v 55.197998 93.098007 4.954000 188 188 188
v 52.598000 93.098007 9.794001 188 188 188
v 55.197998 93.098007 4.954000 188 188 188
v 50.398003 93.098007 9.794001 188 188 188
v 55.197998 93.098007 4.954000 188 188 188
v 46.800003 93.098007 9.794001 188 188 188
v 55.197998 93.098007 4.954000 188 188 188
v 44.598003 93.098007 9.794001 188 188 188
v 55.197998 93.098007 4.954000 188 188 188
v 41.000004 93.098007 9.794001 188 188 188
v 55.197998 93.098007 4.954000 188 188 188
v 5.500000 93.098007 3.550000 188 188 188
v 55.197998 93.098007 4.954000 188 188 188
v 38.798000 93.098007 9.794001 188 188 188
v 38.798000 93.098007 9.794001 188 188 188
v 5.500000 93.098007 3.550000 188 188 188
v 35.200001 93.098007 9.794001 188 188 188
v 5.500000 93.098007 3.550000 188 188 188
v 32.998001 93.098007 9.794001 188 188 188
v 5.500000 93.098007 3.550000 188 188 188
v 29.400002 93.098007 9.794001 188 188 188
v 5.500000 93.098007 3.550000 188 188 188
v 27.200003 93.098007 9.794001 188 188 188
v 5.500000 93.098007 3.550000 188 188 188
v 23.598001 93.098007 9.794001 188 188 188
v 5.500000 93.098007 3.550000 188 188 188
v 21.400002 93.098007 9.794001 188 188 188
v 5.500000 93.098007 3.550000 188 188 188
v 17.798000 93.098007 9.794001 188 188 188
v 5.500000 93.098007 3.550000 188 188 188
v 15.599998 93.098007 9.794001 188 188 188
v 5.500000 93.098007 3.550000 188 188 188
v 11.998000 93.098007 9.794001 188 188 188
v 5.500000 93.098007 3.550000 188 188 188
v 5.500000 93.098007 3.550000 188 188 188
v 9.800000 93.098007 9.794001 188 188 188
v 5.500000 93.098007 3.550000 188 188 188
v 8.700000 93.098007 11.698000 188 188 188
v 5.500000 93.098007 23.398001 188 188 188
v 5.500000 93.098007 3.550000 188 188 188
v 5.500000 93.098007 3.550000 188 188 188
v 4.594000 92.978004 23.398001 188 188 188
v 4.594000 92.978004 3.550000 188 188 188
v 4.594000 92.978004 23.398001 188 188 188
v 4.594000 92.978004 23.398001 188 188 188
v 3.750000 92.630005 3.550000 188 188 188
v 3.750000 92.630005 3.550000 188 188 188
v 3.750000 92.630005 23.398001 188 188 188
v 3.750000 92.630005 23.398001 188 188 188
v 3.024000 92.076004 23.398001 188 188 188
v 3.024000 92.076004 3.550000 188 188 188
v 2.442000 91.292007 3.550000 188 188 188
v 3.750000 92.630005 3.550000 188 188 188
v 3.024000 92.076004 3.550000 188 188 188
v 4.594000 92.978004 23.398001 188 188 188
v 3.750000 92.630005 23.398001 188 188 188
v 1.610000 93.488007 23.398001 188 188 188
v 3.750000 92.630005 23.398001 188 188 188
v 2.750000 94.362007 23.398001 188 188 188
v 1.610000 93.488007 23.398001 188 188 188
v 2.750000 94.362007 23.398001 188 188 188
v 2.750000 94.362007 23.398001 188 188 188
v 1.754000 93.598007 3.550000 188 188 188
v 1.754000 93.598007 3.550000 188 188 188
v 1.754000 93.598007 2.002000 188 188 188
v 1.500000 93.598007 2.000000 188 188 188
v 1.754000 93.598007 2.002000 188 188 188
v 1.754000 93.598007 2.000000 188 188 188
v 1.500000 93.598007 2.000000 188 188 188
v 1.500000 93.342003 2.000000 188 188 188
v 1.500000 93.598007 2.000000 188 188 188
v 1.610000 93.488007 2.000000 188 188 188
v 1.610000 93.488007 2.000000 188 188 188
v 1.754000 93.598007 2.000000 188 188 188
v 2.750000 94.362007 0.000000 188 188 188
v 2.750000 94.362007 23.398001 188 188 188
v 2.750000 94.362007 0.000000 188 188 188
v 1.754000 93.598007 2.000000 188 188 188
v 2.750000 94.362007 0.000000 188 188 188
v 2.750000 94.362007 23.398001 188 188 188
v 1.754000 93.598007 3.550000 188 188 188
v 1.500000 93.598007 2.000000 188 188 188
v 1.754000 93.598007 3.550000 188 188 188
v 1.500000 93.598007 3.550000 188 188 188
v 1.500000 93.342003 3.550000 188 188 188
v 1.610000 93.488007 3.550000 188 188 188
v 1.500000 93.598007 3.550000 188 188 188
v 1.500000 93.598007 3.550000 188 188 188
v 1.500000 93.598007 2.000000 188 188 188
v 1.500000 93.342003 3.550000 188 188 188
v 2.750000 94.362007 23.398001 0 0 0
v 1.754000 93.598007 2.000000 0 0 0
v 1.754000 93.598007 2.002000 0 0 0
v 1.610000 93.488007 3.550000 188 188 188
v 1.610000 93.488007 23.398001 188 188 188
v 1.754000 93.598007 3.550000 188 188 188
v 2.750000 94.362007 23.398001 188 188 188
v 4.594000 92.978004 23.398001 188 188 188
v 4.074000 94.910004 23.398001 188 188 188
v 2.442000 91.292007 3.550000 188 188 188
v 4.594000 92.978004 3.550000 188 188 188
v 3.750000 92.630005 3.550000 188 188 188
v 2.442000 91.292007 3.550000 188 188 188
v 5.500000 93.098007 3.550000 188 188 188
v 4.594000 92.978004 3.550000 188 188 188
v 5.500000 93.098007 23.398001 188 188 188
v 4.074000 94.910004 23.398001 188 188 188
v 4.594000 92.978004 23.398001 188 188 188
v 4.074000 94.910004 23.398001 188 188 188
v 5.500000 93.098007 23.398001 188 188 188
v 5.500000 93.098007 23.398001 188 188 188
v 5.500000 95.099998 23.398001 188 188 188
v 5.500000 95.099998 23.398001 188 188 188
v 60.198002 94.099998 23.398001 188 188 188
v 60.198002 94.099998 23.398001 188 188 188
v 60.198002 95.099998 23.398001 188 188 188
v 114.898003 95.099998 23.398001 188 188 188
v 60.198002 95.099998 23.398001 188 188 188
v 60.198002 95.099998 23.398001 188 188 188
v 72.150002 95.099998 18.502001 188 188 188
v 29.400002 95.099998 13.606001 188 188 188
v 72.150002 95.099998 18.502001 188 188 188
v 32.998001 95.099998 13.606001 188 188 188
v 29.400002 95.099998 13.606001 188 188 188
v 29.400002 95.099998 13.606001 188 188 188
v 31.898001 95.099998 11.698000 188 188 188
v 31.898001 95.099998 11.698000 188 188 188
v 30.498001 95.099998 11.698000 188 188 188
v 30.498001 95.099998 11.698000 188 188 188
v 32.998001 95.099998 9.794001 188 188 188
v 32.998001 95.099998 9.794001 188 188 188
v 29.400002 95.099998 9.794001 188 188 188
v 29.400002 95.099998 9.794001 188 188 188
v 24.997999 95.099998 9.000000 188 188 188
v 27.200003 93.098007 9.794001 188 188 188
v 29.400002 95.099998 9.794001 188 188 188
v 27.200003 95.099998 9.794001 188 188 188
v 27.200003 93.098007 9.794001 188 188 188
v 27.200003 95.099998 9.794001 188 188 188
v 26.098001 93.098007 11.698000 188 188 188
v 27.200003 95.099998 9.794001 188 188 188
v 26.098001 93.098007 11.698000 188 188 188
v 26.098001 95.099998 11.698000 188 188 188
v 27.200003 95.099998 13.606001 188 188 188
v 26.098001 95.099998 11.698000 188 188 188
v 26.098001 95.099998 11.698000 188 188 188
v 24.997999 95.099998 9.000000 188 188 188
v 24.698002 95.099998 11.698000 188 188 188
v 24.698002 95.099998 11.698000 188 188 188
v 24.997999 95.099998 9.000000 188 188 188
v 24.698002 95.099998 11.698000 188 188 188
v 23.598001 95.099998 9.794001 188 188 188
v 23.598001 93.098007 9.794001 188 188 188
v 23.598001 93.098007 9.794001 188 188 188
v 24.698002 95.099998 11.698000 188 188 188
v 24.698002 95.099998 11.698000 188 188 188
v 24.698002 93.098007 11.698000 188 188 188
v 24.698002 93.098007 11.698000 188 188 188
v 23.598001 95.099998 13.606001 188 188 188
v 23.598001 95.099998 13.606001 188 188 188
v 23.598001 93.098007 13.606001 188 188 188
v 21.400002 95.099998 13.606001 188 188 188
v 5.500000 95.099998 23.398001 188 188 188
v 23.598001 95.099998 13.606001 188 188 188
v 23.598001 95.099998 13.606001 188 188 188
v 5.500000 95.099998 23.398001 188 188 188
v 27.200003 95.099998 13.606001 188 188 188
v 27.200003 95.099998 13.606001 188 188 188
v 5.500000 95.099998 23.398001 188 188 188
v 29.400002 95.099998 13.606001 188 188 188
v 29.400002 95.099998 13.606001 188 188 188
v 27.200003 95.099998 13.606001 188 188 188
v 27.200003 95.099998 13.606001 188 188 188
v 29.400002 93.098007 13.606001 188 188 188
v 27.200003 93.098007 13.606001 188 188 188
v 29.400002 93.098007 13.606001 188 188 188
v 23.598001 93.098007 13.606001 188 188 188
v 27.200003 93.098007 13.606001 188 188 188
v 38.466003 93.098007 22.397999 188 188 188
v 23.598001 93.098007 13.606001 188 188 188
v 38.466003 93.098007 22.397999 188 188 188
v 21.400002 93.098007 13.606001 188 188 188
v 38.466003 93.098007 22.397999 188 188 188
v 5.500000 93.098007 23.398001 188 188 188
v 21.400002 93.098007 13.606001 188 188 188
v 5.500000 93.098007 23.398001 188 188 188
v 17.798000 93.098007 13.606001 188 188 188
v 5.500000 93.098007 23.398001 188 188 188
v 15.599998 93.098007 13.606001 188 188 188
v 5.500000 93.098007 23.398001 188 188 188
v 11.998000 93.098007 13.606001 188 188 188
v 5.500000 93.098007 23.398001 188 188 188
v 9.800000 93.098007 13.606001 188 188 188
v 11.998000 93.098007 13.606001 188 188 188
v 11.998000 93.098007 13.606001 188 188 188
v 9.800000 95.099998 13.606001 188 188 188
v 9.800000 95.099998 13.606001 188 188 188
v 5.500000 95.099998 23.398001 188 188 188
v 11.998000 95.099998 13.606001 188 188 188
v 11.998000 95.099998 13.606001 188 188 188
v 5.500000 95.099998 23.398001 188 188 188
v 15.599998 95.099998 13.606001 188 188 188
v 11.998000 95.099998 13.606001 188 188 188
v 11.998000 95.099998 13.606001 188 188 188
v 14.500000 95.099998 11.698000 188 188 188
v 14.500000 95.099998 11.698000 188 188 188
v 13.098000 95.099998 11.698000 188 188 188
v 13.098000 95.099998 11.698000 188 188 188
v 15.599998 95.099998 9.794001 188 188 188
v 15.599998 95.099998 9.794001 188 188 188
v 5.500000 95.099998 0.000000 188 188 188
v 11.998000 95.099998 9.794001 188 188 188
v 11.998000 95.099998 9.794001 188 188 188
v 5.500000 95.099998 0.000000 188 188 188
v 9.800000 93.098007 9.794001 188 188 188
v 11.998000 95.099998 9.794001 188 188 188
v 9.800000 95.099998 9.794001 188 188 188
v 5.500000 95.099998 0.000000 188 188 188
v 9.800000 95.099998 9.794001 188 188 188
v 8.700000 95.099998 11.698000 188 188 188
v 8.700000 93.098007 11.698000 188 188 188
v 9.800000 95.099998 9.794001 188 188 188
v 8.700000 93.098007 11.698000 188 188 188
v 8.700000 95.099998 11.698000 188 188 188
v 9.800000 93.098007 13.606001 188 188 188
v 5.500000 95.099998 0.000000 188 188 188
v 5.500000 95.099998 23.398001 188 188 188
v 8.700000 95.099998 11.698000 188 188 188
v 5.500000 95.099998 0.000000 188 188 188
v 15.599998 95.099998 9.794001 188 188 188
v 15.599998 93.098007 9.794001 188 188 188
v 17.798000 95.099998 9.794001 188 188 188
v 15.599998 95.099998 9.794001 188 188 188
v 15.599998 93.098007 9.794001 188 188 188
v 15.599998 95.099998 9.794001 188 188 188
v 5.500000 95.099998 0.000000 188 188 188
v 17.798000 95.099998 9.794001 188 188 188
v 17.798000 95.099998 9.794001 188 188 188
v 21.400002 95.099998 9.794001 188 188 188
v 21.400002 95.099998 9.794001 188 188 188
v 18.898001 95.099998 11.698000 188 188 188
v 18.898001 95.099998 11.698000 188 188 188
v 20.300001 95.099998 11.698000 188 188 188
v 5.500000 95.099998 23.398001 188 188 188
v 20.300001 95.099998 11.698000 188 188 188
v 17.798000 95.099998 13.606001 188 188 188
v 17.798000 95.099998 13.606001 188 188 188
v 18.898001 95.099998 11.698000 188 188 188
v 18.898001 93.098007 11.698000 188 188 188
v 17.798000 93.098007 13.606001 188 188 188
v 17.798000 95.099998 13.606001 188 188 188
v 17.798000 95.099998 13.606001 188 188 188
v 17.798000 93.098007 13.606001 188 188 188
v 15.599998 95.099998 13.606001 188 188 188
v 17.798000 93.098007 9.794001 188 188 188
v 18.898001 93.098007 11.698000 188 188 188
v 18.898001 95.099998 11.698000 188 188 188
v 18.898001 93.098007 11.698000 188 188 188
v 17.798000 93.098007 9.794001 188 188 188
v 18.898001 93.098007 11.698000 188 188 188
v 20.300001 93.098007 11.698000 188 188 188
v 21.400002 93.098007 13.606001 188 188 188
v 20.300001 93.098007 11.698000 188 188 188
v 20.300001 95.099998 11.698000 188 188 188
v 21.400002 93.098007 13.606001 188 188 188
v 21.400002 95.099998 13.606001 188 188 188
v 21.400002 93.098007 13.606001 188 188 188
v 20.300001 95.099998 11.698000 188 188 188
v 20.300001 95.099998 11.698000 188 188 188
v 20.300001 93.098007 11.698000 188 188 188
v 21.400002 95.099998 9.794001 188 188 188
v 21.400002 93.098007 9.794001 188 188 188
v 21.400002 95.099998 9.794001 188 188 188
v 20.300001 93.098007 11.698000 188 188 188
v 21.400002 93.098007 9.794001 188 188 188
v 23.598001 95.099998 9.794001 188 188 188
v 21.400002 95.099998 9.794001 188 188 188
v 18.898001 95.099998 11.698000 188 188 188
v 17.798000 95.099998 9.794001 188 188 188
v 17.798000 93.098007 9.794001 188 188 188
v 23.598001 95.099998 9.794001 188 188 188
v 5.500000 95.099998 0.000000 188 188 188
v 21.400002 95.099998 9.794001 188 188 188
v 13.098000 95.099998 11.698000 188 188 188
v 11.998000 95.099998 9.794001 188 188 188
v 11.998000 93.098007 9.794001 188 188 188
v 11.998000 93.098007 9.794001 188 188 188
v 13.098000 95.099998 11.698000 188 188 188
v 14.500000 93.098007 11.698000 188 188 188
v 13.098000 93.098007 11.698000 188 188 188
v 11.998000 93.098007 9.794001 188 188 188
v 13.098000 93.098007 11.698000 188 188 188
v 14.500000 93.098007 11.698000 188 188 188
v 15.599998 93.098007 13.606001 188 188 188
v 14.500000 93.098007 11.698000 188 188 188
v 14.500000 95.099998 11.698000 188 188 188
v 15.599998 93.098007 13.606001 188 188 188
v 14.500000 95.099998 11.698000 188 188 188
v 14.500000 93.098007 11.698000 188 188 188
v 15.599998 95.099998 9.794001 188 188 188
v 11.998000 95.099998 13.606001 188 188 188
v 13.098000 95.099998 11.698000 188 188 188
v 13.098000 93.098007 11.698000 188 188 188
v 15.599998 95.099998 13.606001 188 188 188
v 15.599998 93.098007 13.606001 188 188 188
v 14.500000 95.099998 11.698000 188 188 188
v 15.599998 95.099998 13.606001 188 188 188
v 5.500000 95.099998 23.398001 188 188 188
v 17.798000 95.099998 13.606001 188 188 188
v 8.700000 95.099998 11.698000 188 188 188
v 5.500000 95.099998 23.398001 188 188 188
v 9.800000 95.099998 13.606001 188 188 188
v 13.098000 93.098007 11.698000 188 188 188
v 11.998000 93.098007 13.606001 188 188 188
v 11.998000 95.099998 13.606001 188 188 188
v 9.800000 95.099998 13.606001 188 188 188
v 9.800000 93.098007 13.606001 188 188 188
v 8.700000 95.099998 11.698000 188 188 188
v 15.599998 93.098007 13.606001 188 188 188
v 11.998000 93.098007 13.606001 188 188 188
v 13.098000 93.098007 11.698000 188 188 188
v 15.599998 93.098007 13.606001 188 188 188
v 15.599998 95.099998 13.606001 188 188 188
v 17.798000 93.098007 13.606001 188 188 188
v 21.400002 93.098007 13.606001 188 188 188
v 17.798000 93.098007 13.606001 188 188 188
v 18.898001 93.098007 11.698000 188 188 188
v 5.500000 93.098007 23.398001 188 188 188
v 38.466003 93.098007 22.397999 188 188 188
v 38.466003 93.098007 22.397999 188 188 188
v 60.198002 93.098007 23.398001 188 188 188
v 60.198002 93.098007 23.398001 188 188 188
v 76.682007 93.098007 22.898001 188 188 188
v 76.682007 93.098007 22.898001 188 188 188
v 114.898003 93.098007 23.398001 188 188 188
v 114.898003 93.098007 23.398001 188 188 188
v 79.682007 93.098007 22.898001 188 188 188
v 75.932007 93.098007 22.397999 188 188 188
v 114.898003 93.098007 23.398001 188 188 188
v 114.898003 93.098007 23.398001 188 188 188
v 81.932007 93.098007 22.397999 188 188 188
v 114.898003 93.098007 23.398001 188 188 188
v 81.932007 93.098007 19.600000 188 188 188
v 114.898003 93.098007 23.398001 188 188 188
v 81.932007 93.098007 19.216002 188 188 188
v 58.398003 93.098007 13.606001 188 188 188
v 114.898003 93.098007 23.398001 188 188 188
v 62.000000 93.098007 13.606001 188 188 188
v 114.898003 93.098007 23.398001 188 188 188
v 64.198006 93.098007 13.606001 188 188 188
v 114.898003 93.098007 23.398001 188 188 188
v 67.800003 93.098007 13.606001 188 188 188
v 114.898003 93.098007 23.398001 188 188 188
v 69.998001 93.098007 13.606001 188 188 188
v 114.898003 93.098007 23.398001 188 188 188
v 73.600006 93.098007 13.606001 188 188 188
v 114.898003 93.098007 23.398001 188 188 188
v 75.799995 93.098007 13.606001 188 188 188
v 114.898003 93.098007 23.398001 188 188 188
v 79.399994 93.098007 13.606001 188 188 188
v 114.898003 93.098007 23.398001 188 188 188
v 81.599998 93.098007 13.606001 188 188 188
v 114.898003 93.098007 23.398001 188 188 188
v 85.198006 93.098007 13.606001 188 188 188
v 114.898003 93.098007 23.398001 188 188 188
v 87.400002 93.098007 13.606001 188 188 188
v 114.898003 93.098007 23.398001 188 188 188
v 90.998001 93.098007 13.606001 188 188 188
v 114.898003 93.098007 23.398001 188 188 188
v 93.200005 93.098007 13.606001 188 188 188
v 114.898003 93.098007 23.398001 188 188 188
v 96.798004 93.098007 13.606001 188 188 188
v 114.898003 93.098007 23.398001 188 188 188
v 98.998001 93.098007 13.606001 188 188 188
v 114.898003 93.098007 23.398001 188 188 188
v 102.598000 93.098007 13.606001 188 188 188
v 114.898003 93.098007 23.398001 188 188 188
v 104.797997 93.098007 13.606001 188 188 188
v 114.898003 93.098007 23.398001 188 188 188
v 108.399994 93.098007 13.606001 188 188 188
v 114.898003 93.098007 23.398001 188 188 188
v 114.898003 93.098007 23.398001 188 188 188
v 110.598007 93.098007 13.606001 188 188 188
v 114.898003 93.098007 23.398001 188 188 188
v 111.697998 93.098007 11.698000 188 188 188
v 114.898003 93.098007 3.550000 188 188 188
v 114.898003 93.098007 3.550000 188 188 188
v 114.898003 93.098007 23.398001 188 188 188
v 114.898003 93.098007 23.398001 188 188 188
v 115.804001 92.978004 3.550000 188 188 188
v 115.804001 92.978004 3.550000 188 188 188
v 116.650009 92.630005 3.550000 188 188 188
v 115.804001 92.978004 23.398001 188 188 188
v 115.804001 92.978004 23.398001 188 188 188
v 116.650009 92.630005 3.550000 188 188 188
v 116.650009 92.630005 23.398001 188 188 188
v 116.650009 92.630005 3.550000 188 188 188
v 117.374008 92.076004 23.398001 188 188 188
v 116.650009 92.630005 23.398001 188 188 188
v 116.322006 94.910004 23.398001 188 188 188
v 117.374008 92.076004 23.398001 188 188 188
v 117.374008 92.076004 23.398001 188 188 188
v 117.374008 92.076004 3.550000 188 188 188
v 117.930008 91.348007 23.398001 188 188 188
v 116.322006 94.910004 23.398001 188 188 188
v 117.930008 91.348007 23.398001 188 188 188
v 120.398003 89.600006 23.398001 188 188 188
v 117.930008 91.348007 23.398001 188 188 188
v 120.398003 89.600006 23.398001 188 188 188
v 118.279999 90.506004 23.398001 188 188 188
v 120.398003 89.600006 23.398001 188 188 188
v 118.400002 89.600006 23.398001 188 188 188
v 120.398003 89.600006 23.398001 188 188 188
v 119.398003 54.148003 23.398001 188 188 188
v 120.398003 89.600006 23.398001 188 188 188
v 120.398003 53.548004 23.398001 188 188 188
v 120.398003 89.600006 23.398001 188 188 188
v 120.398003 68.048004 13.898001 188 188 188
v 120.398003 89.600006 23.398001 188 188 188
v 120.398003 73.848007 13.898001 188 188 188
v 120.398003 89.600006 23.398001 188 188 188
v 120.398003 79.650002 13.898001 188 188 188
v 120.398003 89.600006 23.398001 188 188 188
v 120.398003 81.554001 12.797999 188 188 188
v 120.398003 89.600006 23.398001 188 188 188
v 120.398003 83.542007 12.797999 188 188 188
v 120.398003 89.600006 23.398001 188 188 188
v 120.398003 85.450005 13.898001 188 188 188
v 120.398003 89.600006 23.398001 188 188 188
v 120.398003 87.353996 12.797999 188 188 188
v 120.398003 89.600006 0.000000 188 188 188
v 120.398003 89.600006 23.398001 188 188 188
v 120.398003 89.600006 23.398001 188 188 188
v 120.212006 91.021996 0.000000 188 188 188
v 120.212006 91.021996 0.000000 188 188 188
v 120.212006 91.021996 23.398001 188 188 188
v 120.212006 91.021996 23.398001 188 188 188
v 119.664009 92.350006 0.000000 188 188 188
v 119.664009 92.350006 0.000000 188 188 188
v 119.664009 92.350006 23.398001 188 188 188
v 119.664009 92.350006 23.398001 188 188 188
v 118.900009 93.342003 2.000000 188 188 188
v 118.900009 93.342003 2.000000 188 188 188
v 118.900009 93.342003 3.550000 188 188 188
v 118.900009 93.342003 3.550000 188 188 188
v 118.900009 93.598007 2.000000 188 188 188
v 118.900009 93.598007 3.550000 188 188 188
v 118.900009 93.598007 2.000000 188 188 188
v 118.900009 93.598007 3.550000 188 188 188
v 118.644005 93.598007 3.544000 188 188 188
v 118.900009 93.598007 3.550000 188 188 188
v 118.644005 93.598007 3.550000 188 188 188
v 118.900009 93.598007 3.550000 188 188 188
v 118.658005 93.588005 3.550000 188 188 188
v 118.658005 93.588005 3.550000 188 188 188
v 118.788002 93.488007 3.550000 188 188 188
v 118.788002 93.488007 3.550000 188 188 188
v 118.788002 93.488007 23.398001 188 188 188
v 118.900009 93.342003 3.550000 188 188 188
v 118.644005 93.598007 3.550000 188 188 188
v 118.788002 93.488007 23.398001 188 188 188
v 118.658005 93.588005 3.550000 188 188 188
v 118.644005 93.598007 3.550000 188 188 188
v 118.788002 93.488007 23.398001 188 188 188
v 117.648003 94.362007 0.000000 188 188 188
v 118.788002 93.488007 23.398001 188 188 188
v 117.648003 94.362007 23.398001 188 188 188
v 120.398003 89.600006 23.398001 188 188 188
v 118.788002 93.488007 23.398001 188 188 188
v 118.788002 93.488007 23.398001 188 188 188
v 120.398003 89.600006 23.398001 188 188 188
v 119.664009 92.350006 23.398001 188 188 188
v 117.648003 94.362007 23.398001 188 188 188
v 117.648003 94.362007 0.000000 188 188 188
v 116.322006 94.910004 0.000000 188 188 188
v 117.648003 94.362007 0.000000 188 188 188
v 114.898003 89.600006 0.000000 188 188 188
v 117.648003 94.362007 0.000000 188 188 188
v 114.898003 89.600006 0.000000 188 188 188
v 118.788002 93.488007 0.000000 188 188 188
v 119.664009 92.350006 0.000000 188 188 188
v 118.788002 93.488007 0.000000 188 188 188
v 119.664009 92.350006 0.000000 188 188 188
v 118.788002 93.488007 0.000000 188 188 188
v 118.788002 93.488007 2.000000 188 188 188
v 118.900009 93.598007 2.000000 188 188 188
v 118.788002 93.488007 2.000000 188 188 188
v 118.644005 93.598007 2.000000 188 188 188
v 118.788002 93.488007 0.000000 188 188 188
v 117.648003 94.362007 0.000000 188 188 188
v 118.644005 93.598007 2.000000 188 188 188
v 117.648003 94.362007 0.000000 188 188 188
v 118.644005 93.598007 3.544000 188 188 188
v 118.644005 93.598007 2.000000 188 188 188
v 114.898003 89.600006 0.000000 188 188 188
v 116.322006 94.910004 0.000000 188 188 188
v 114.898003 95.099998 0.000000 188 188 188
v 116.322006 94.910004 23.398001 188 188 188
v 116.322006 94.910004 0.000000 188 188 188
v 116.322006 94.910004 23.398001 188 188 188
v 114.898003 95.099998 0.000000 188 188 188
v 114.898003 95.099998 23.398001 188 188 188
v 116.322006 94.910004 23.398001 188 188 188
v 114.898003 95.099998 23.398001 188 188 188
v 115.804001 92.978004 23.398001 188 188 188
v 114.898003 95.099998 23.398001 188 188 188
v 114.898003 95.099998 0.000000 188 188 188
v 114.898003 95.099998 23.398001 188 188 188
v 111.697998 95.099998 11.698000 188 188 188
v 114.898003 95.099998 23.398001 188 188 188
v 110.598007 95.099998 13.606001 188 188 188
v 110.598007 95.099998 13.606001 188 188 188
v 110.598007 93.098007 13.606001 188 188 188
v 108.399994 95.099998 13.606001 188 188 188
v 114.898003 95.099998 23.398001 188 188 188
v 108.399994 95.099998 13.606001 188 188 188
v 108.399994 95.099998 13.606001 188 188 188
v 104.797997 95.099998 13.606001 188 188 188
v 104.797997 95.099998 13.606001 188 188 188
v 107.300003 95.099998 11.698000 188 188 188
v 107.300003 95.099998 11.698000 188 188 188
v 105.898003 95.099998 11.698000 188 188 188
v 105.898003 95.099998 11.698000 188 188 188
v 108.399994 95.099998 9.794001 188 188 188
v 108.399994 95.099998 9.794001 188 188 188
v 114.898003 95.099998 0.000000 188 188 188
v 104.797997 95.099998 9.794001 188 188 188
v 104.797997 95.099998 9.794001 188 188 188
v 114.898003 95.099998 0.000000 188 188 188
v 104.797997 95.099998 9.794001 188 188 188
v 102.598000 95.099998 9.794001 188 188 188
v 102.598000 93.098007 9.794001 188 188 188
v 102.598000 95.099998 9.794001 188 188 188
v 102.598000 93.098007 9.794001 188 188 188
v 101.500008 93.098007 11.698000 188 188 188
v 101.500008 93.098007 11.698000 188 188 188
v 98.998001 93.098007 9.794001 188 188 188
v 98.998001 93.098007 9.794001 188 188 188
v 100.100006 93.098007 11.698000 188 188 188
v 100.100006 95.099998 11.698000 188 188 188
v 98.998001 93.098007 9.794001 188 188 188
v 98.998001 95.099998 9.794001 188 188 188
v 98.998001 93.098007 9.794001 188 188 188
v 98.998001 93.098007 9.794001 188 188 188
v 96.798004 93.098007 9.794001 188 188 188
v 114.898003 93.098007 3.550000 188 188 188
v 96.798004 93.098007 9.794001 188 188 188
v 114.898003 93.098007 3.550000 188 188 188
v 93.200005 93.098007 9.794001 188 188 188
v 114.898003 93.098007 3.550000 188 188 188
v 90.998001 93.098007 9.794001 188 188 188
v 114.898003 93.098007 3.550000 188 188 188
v 87.400002 93.098007 9.794001 188 188 188
v 114.898003 93.098007 3.550000 188 188 188
v 85.198006 93.098007 9.794001 188 188 188
v 114.898003 93.098007 3.550000 188 188 188
v 81.599998 93.098007 9.794001 188 188 188
v 114.898003 93.098007 3.550000 188 188 188
v 79.399994 93.098007 9.794001 188 188 188
v 65.200005 93.098007 4.954000 188 188 188
v 114.898003 93.098007 3.550000 188 188 188
v 79.399994 93.098007 9.794001 188 188 188
v 65.200005 93.098007 4.954000 188 188 188
v 75.799995 93.098007 9.794001 188 188 188
v 79.399994 93.098007 9.794001 188 188 188
v 75.799995 93.098007 9.794001 188 188 188
v 78.298004 93.098007 11.698000 188 188 188
v 79.399994 93.098007 13.606001 188 188 188
v 79.399994 93.098007 13.606001 188 188 188
v 75.799995 93.098007 9.794001 188 188 188
v 75.799995 93.098007 9.794001 188 188 188
v 76.898003 93.098007 11.698000 188 188 188
v 76.898003 95.099998 11.698000 188 188 188
v 75.799995 93.098007 9.794001 188 188 188
v 75.799995 95.099998 9.794001 188 188 188
v 73.600006 93.098007 9.794001 188 188 188
v 75.799995 93.098007 9.794001 188 188 188
v 73.600006 93.098007 9.794001 188 188 188
v 75.799995 95.099998 9.794001 188 188 188
v 73.600006 93.098007 9.794001 188 188 188
v 73.600006 95.099998 9.794001 188 188 188
v 72.498001 93.098007 11.698000 188 188 188
v 73.600006 95.099998 9.794001 188 188 188
v 72.498001 95.099998 11.698000 188 188 188
v 73.600006 95.099998 9.794001 188 188 188
v 71.098000 95.099998 11.698000 188 188 188
v 72.498001 95.099998 11.698000 188 188 188
v 72.498001 95.099998 11.698000 188 188 188
v 69.998001 95.099998 13.606001 188 188 188
v 69.998001 95.099998 13.606001 188 188 188
v 114.898003 95.099998 23.398001 188 188 188
v 73.600006 95.099998 13.606001 188 188 188
v 73.600006 95.099998 13.606001 188 188 188
v 114.898003 95.099998 23.398001 188 188 188
v 75.799995 95.099998 13.606001 188 188 188
v 75.799995 93.098007 13.606001 188 188 188
v 73.600006 95.099998 13.606001 188 188 188
v 76.898003 93.098007 11.698000 188 188 188
v 75.799995 93.098007 13.606001 188 188 188
v 75.799995 95.099998 13.606001 188 188 188
v 75.799995 95.099998 13.606001 188 188 188
v 114.898003 95.099998 23.398001 188 188 188
v 79.399994 95.099998 13.606001 188 188 188
v 75.799995 95.099998 13.606001 188 188 188
v 76.898003 95.099998 11.698000 188 188 188
v 75.799995 95.099998 13.606001 188 188 188
v 78.298004 95.099998 11.698000 188 188 188
v 78.298004 95.099998 11.698000 188 188 188
v 76.898003 95.099998 11.698000 188 188 188
v 78.298004 95.099998 11.698000 188 188 188
v 78.298004 93.098007 11.698000 188 188 188
v 79.399994 95.099998 9.794001 188 188 188
v 79.399994 95.099998 13.606001 188 188 188
v 79.399994 93.098007 13.606001 188 188 188
v 78.298004 95.099998 11.698000 188 188 188
v 79.399994 95.099998 13.606001 188 188 188
v 114.898003 95.099998 23.398001 188 188 188
v 81.599998 95.099998 13.606001 188 188 188
v 81.599998 93.098007 13.606001 188 188 188
v 79.399994 95.099998 13.606001 188 188 188
v 81.599998 93.098007 13.606001 188 188 188
v 81.599998 95.099998 13.606001 188 188 188
v 81.599998 95.099998 13.606001 188 188 188
v 82.700005 93.098007 11.698000 188 188 188
v 81.599998 93.098007 9.794001 188 188 188
v 82.700005 93.098007 11.698000 188 188 188
v 82.700005 95.099998 11.698000 188 188 188
v 82.700005 95.099998 11.698000 188 188 188
v 81.599998 93.098007 9.794001 188 188 188
v 81.599998 95.099998 9.794001 188 188 188
v 82.700005 95.099998 11.698000 188 188 188
v 85.198006 95.099998 9.794001 188 188 188
v 81.599998 95.099998 9.794001 188 188 188
v 81.599998 95.099998 9.794001 188 188 188
v 85.198006 95.099998 9.000000 188 188 188
v 79.399994 95.099998 9.794001 188 188 188
v 79.399994 93.098007 9.794001 188 188 188
v 81.599998 95.099998 9.794001 188 188 188
v 79.399994 95.099998 9.794001 188 188 188
v 79.399994 95.099998 9.794001 188 188 188
v 85.198006 95.099998 9.000000 188 188 188
v 75.799995 95.099998 9.794001 188 188 188
v 85.198006 95.099998 9.000000 188 188 188
v 85.198006 95.099998 9.794001 188 188 188
v 85.198006 93.098007 9.794001 188 188 188
v 87.400002 95.099998 9.794001 188 188 188
v 85.198006 95.099998 9.794001 188 188 188
v 85.198006 93.098007 9.794001 188 188 188
v 85.198006 95.099998 9.794001 188 188 188
v 84.098000 93.098007 11.698000 188 188 188
v 85.198006 95.099998 9.794001 188 188 188
v 84.098000 93.098007 11.698000 188 188 188
v 84.098000 95.099998 11.698000 188 188 188
v 85.198006 93.098007 13.606001 188 188 188
v 81.599998 93.098007 9.794001 188 188 188
v 84.098000 93.098007 11.698000 188 188 188
v 85.198006 93.098007 13.606001 188 188 188
v 85.198006 93.098007 13.606001 188 188 188
v 84.098000 95.099998 11.698000 188 188 188
v 85.198006 95.099998 13.606001 188 188 188
v 84.098000 95.099998 11.698000 188 188 188
v 81.599998 95.099998 13.606001 188 188 188
v 85.198006 95.099998 9.000000 188 188 188
v 87.400002 95.099998 9.794001 188 188 188
v 85.198006 95.099998 9.000000 188 188 188
v 87.200005 95.099998 9.000000 188 188 188
v 87.200005 95.250771 8.892240 188 188 188
v 87.200005 95.099998 9.000000 188 188 188
v 84.300003 95.099998 0.000000 188 188 188
v 85.371231 95.250771 0.000000 188 188 188
v 84.300003 95.099998 0.000000 188 188 188
v 95.996674 95.250771 0.000000 188 188 188
v 96.298004 95.099998 0.000000 188 188 188
v 95.996674 95.250771 0.000000 188 188 188
v 96.298004 95.099998 0.000000 188 188 188
v 96.253853 95.250771 0.000000 188 188 188
v 96.298004 95.250771 0.000000 188 188 188
v 96.298004 95.099998 0.000000 188 188 188
v 96.298004 95.099998 0.000000 188 188 188
v 96.298004 95.250771 2.922636 188 188 188
v 96.298004 95.099998 0.000000 188 188 188
v 96.298004 95.099998 2.998000 188 188 188
v 114.898003 95.099998 0.000000 188 188 188
v 96.298004 95.099998 0.000000 188 188 188
v 114.898003 95.099998 0.000000 188 188 188
v 96.298004 95.099998 0.000000 188 188 188
v 60.198002 92.350006 0.000000 188 188 188
v 5.500000 89.600006 0.000000 188 188 188
v 50.899998 92.350006 0.000000 188 188 188
v 60.198002 92.350006 0.000000 188 188 188
v 60.198002 92.350006 0.000000 188 188 188
v 5.500000 89.600006 0.000000 188 188 188
v 60.198002 89.600006 0.000000 188 188 188
v 60.198002 92.350006 0.000000 188 188 188
v 114.898003 89.600006 0.000000 188 188 188
v 114.898003 89.600006 0.000000 188 188 188
v 60.198002 89.600006 0.000000 188 188 188
v 12.429999 82.670006 0.000000 188 188 188
v 60.198002 89.600006 0.000000 188 188 188
v 63.664001 86.134003 0.000000 188 188 188
v 63.664001 86.134003 0.000000 188 188 188
v 12.429999 82.670006 0.000000 188 188 188
v 60.198002 82.670006 0.000000 188 188 188
v 63.664001 86.134003 0.000000 188 188 188
v 107.967995 82.670006 0.000000 188 188 188
v 114.898003 89.600006 0.000000 188 188 188
v 107.967995 82.670006 0.000000 188 188 188
v 63.664001 86.134003 0.000000 188 188 188
v 107.967995 82.670006 0.000000 188 188 188
v 114.898003 89.600006 0.000000 188 188 188
v 107.967995 82.670006 0.000000 188 188 188
v 117.556000 53.605999 0.000000 188 188 188
v 114.090004 50.140003 0.000000 188 188 188
v 117.556000 53.605999 0.000000 188 188 188
v 114.090004 50.140003 0.000000 188 188 188
v 120.212006 17.612001 0.000000 188 188 188
v 120.212006 17.612001 0.000000 188 188 188
v 107.967995 28.308001 0.000000 188 188 188
v 120.212006 17.498001 0.000000 188 188 188
v 107.967995 28.308001 0.000000 188 188 188
v 107.967995 28.308001 0.000000 188 188 188
v 114.898003 17.498001 0.000000 188 188 188
v 60.198002 17.498001 0.000000 188 188 188
v 114.898003 17.498001 0.000000 188 188 188
v 114.898003 17.498001 0.000000 188 188 188
v 60.198002 14.748000 0.000000 188 188 188
v 60.198002 14.748000 0.000000 188 188 188
v 69.498001 14.748000 0.000000 188 188 188
v 69.498001 14.748000 0.000000 188 188 188
v 24.100000 11.998000 0.000000 188 188 188
v 24.100000 11.998000 0.000000 188 188 188
v 36.098003 11.998000 0.000000 188 188 188
v 24.100000 11.998000 0.000000 188 188 188
v 36.090714 11.618322 0.000000 188 188 188
v 24.100000 11.998000 2.998000 188 188 188
v 24.857668 11.618322 2.998000 188 188 188
v 24.100000 11.998000 2.998000 188 188 188
v 24.997999 11.870001 2.998000 188 188 188
v 24.997999 11.998000 2.998000 188 188 188
v 24.997999 11.870001 2.998000 188 188 188
v 24.997999 11.870001 2.998000 188 188 188
v 24.997999 11.998000 9.000000 188 188 188
v 24.997999 11.618322 2.998000 188 188 188
v 24.997999 11.998000 9.000000 188 188 188
v 24.997999 11.998000 9.000000 188 188 188
v 24.997999 11.618322 3.935938 188 188 188
v 24.997999 11.998000 9.000000 188 188 188
v 24.997999 11.618322 8.365094 188 188 188
v 24.997999 11.998000 9.000000 188 188 188
v 24.997999 11.618322 8.721074 188 188 188
v 24.997999 11.998000 9.000000 188 188 188
v 24.997999 11.998000 9.000000 188 188 188
v 24.997999 11.618322 8.703278 188 188 188
v 24.997999 11.998000 9.000000 188 188 188
v 24.997999 11.618322 8.689702 188 188 188
v 24.997999 11.998000 9.000000 188 188 188
v 24.997999 11.618322 8.678767 188 188 188
v 24.997999 11.998000 9.000000 188 188 188
v 24.997999 11.618322 8.728646 188 188 188
v 24.997999 11.998000 9.000000 188 188 188
v 25.059107 11.618322 8.728646 188 188 188
v 25.062000 11.998000 9.000000 188 188 188
v 25.059107 11.618322 8.728646 188 188 188
v 24.997999 11.998000 9.000000 188 188 188
v 25.062000 11.998000 9.000000 188 188 188
v 24.100000 11.998000 2.998000 188 188 188
v 24.997999 11.998000 9.000000 188 188 188
v 23.598001 11.998000 9.794001 188 188 188
v 23.598001 11.998000 9.794001 188 188 188
v 24.100000 11.998000 2.998000 188 188 188
v 21.400002 11.998000 9.794001 188 188 188
v 24.100000 11.998000 2.998000 188 188 188
v 24.100000 11.998000 2.998000 188 188 188
v 17.798000 11.998000 9.794001 188 188 188
v 17.798000 11.998000 9.794001 188 188 188
v 5.500000 11.998000 0.000000 188 188 188
v 15.599998 11.998000 9.794001 188 188 188
v 5.500000 11.998000 0.000000 188 188 188
v 11.998000 11.998000 9.794001 188 188 188
v 5.500000 11.998000 0.000000 188 188 188
v 5.500000 11.998000 0.000000 188 188 188
v 9.800000 11.998000 9.794001 188 188 188
v 5.500000 11.998000 0.000000 188 188 188
v 8.700000 11.998000 11.698000 188 188 188
v 5.500000 11.998000 23.398001 188 188 188
v 5.500000 11.998000 0.000000 188 188 188
v 5.500000 11.998000 0.000000 188 188 188
v 4.074000 12.188001 23.398001 188 188 188
v 4.074000 12.188001 23.398001 188 188 188
v 4.074000 12.188001 0.000000 188 188 188
v 4.074000 12.188001 0.000000 188 188 188
v 2.750000 12.736000 23.398001 188 188 188
v 2.750000 12.736000 0.000000 188 188 188
v 2.750000 12.736000 23.398001 188 188 188
v 2.750000 12.736000 0.000000 188 188 188
v 1.610000 13.610001 23.398001 188 188 188
v 2.750000 12.736000 0.000000 188 188 188
v 1.754000 13.500001 3.550000 188 188 188
v 2.750000 12.736000 0.000000 188 188 188
v 1.754000 13.500001 2.000000 188 188 188
v 2.750000 12.736000 0.000000 188 188 188
v 1.610000 13.610001 0.000000 188 188 188
v 5.500000 17.498001 0.000000 188 188 188
v 1.610000 13.610001 0.000000 188 188 188
v 5.500000 17.498001 0.000000 188 188 188
v 0.736000 14.748000 0.000000 188 188 188
v 5.500000 17.498001 0.000000 188 188 188
v 0.186000 16.076000 0.000000 188 188 188
v 0.000000 17.498001 0.000000 188 188 188
v 5.500000 17.498001 0.000000 188 188 188
v 12.429999 28.308001 0.000000 188 188 188
v 5.500000 17.498001 0.000000 188 188 188
v 2.844000 53.492004 0.000000 188 188 188
v 12.429999 28.308001 0.000000 188 188 188
v 2.844000 53.492004 0.000000 188 188 188
v 6.308000 58.898003 0.000000 188 188 188
v 2.844000 53.492004 0.000000 188 188 188
v 6.308000 58.898003 0.000000 188 188 188
v 0.186000 89.486000 0.000000 188 188 188
v 6.308000 58.954002 0.000000 188 188 188
v 0.186000 89.486000 0.000000 188 188 188
v 2.844000 53.492004 0.000000 188 188 188
v 0.186000 89.486000 0.000000 188 188 188
v 0.094000 53.492004 0.000000 188 188 188
v 0.000000 53.548004 0.000000 188 188 188
v 0.000000 17.498001 0.000000 188 188 188
v 0.000000 53.548004 0.000000 188 188 188
v 0.094000 53.492004 0.000000 188 188 188
v 6.308000 58.898003 0.000000 188 188 188
v 6.308000 58.954002 0.000000 188 188 188
v 12.429999 28.308001 0.000000 188 188 188
v 5.500000 17.498001 0.000000 188 188 188
v 12.429999 28.308001 0.000000 188 188 188
v 5.500000 17.498001 0.000000 188 188 188
v 56.734001 22.905998 0.000000 188 188 188
v 60.198002 17.498001 0.000000 188 188 188
v 56.734001 22.905998 0.000000 188 188 188
v 12.429999 28.308001 0.000000 188 188 188
v 12.429999 28.308001 0.000000 188 188 188
v 60.198002 28.308001 0.000000 188 188 188
v 60.198002 28.308001 0.000000 188 188 188
v 60.198002 28.308001 1.000000 188 188 188
v 107.967995 28.308001 0.000000 188 188 188
v 107.967995 28.308001 2.000000 188 188 188
v 107.967995 28.308001 0.000000 188 188 188
v 60.198002 28.308001 1.000000 188 188 188
v 107.967995 28.308001 2.000000 188 188 188
v 60.198002 28.308001 1.000000 188 188 188
v 107.967995 28.308001 2.000000 188 188 188
v 60.198002 28.308001 2.000000 188 188 188
v 64.490005 22.905998 2.000000 188 188 188
v 12.429999 28.308001 2.000000 188 188 188
v 64.490005 22.905998 2.000000 188 188 188
v 60.198002 28.308001 2.000000 188 188 188
v 60.198002 28.308001 2.000000 188 188 188
v 60.198002 28.308001 1.000000 188 188 188
v 12.429999 28.308001 2.000000 188 188 188
v 12.429999 28.308001 0.000000 188 188 188
v 12.429999 28.308001 2.000000 188 188 188
v 60.198002 28.308001 1.000000 188 188 188
v 56.734001 22.905998 0.000000 188 188 188
v 60.198002 28.308001 0.000000 188 188 188
v 107.967995 28.308001 0.000000 188 188 188
v 0.000000 17.498001 0.000000 188 188 188
v 0.094000 53.492004 0.000000 188 188 188
v 2.844000 53.492004 0.000000 188 188 188
v 0.000000 17.498001 0.000000 188 188 188
v 0.186000 16.076000 0.000000 188 188 188
v 0.186000 16.076000 0.000000 188 188 188
v 0.000000 17.498001 23.398001 188 188 188
v 0.000000 17.498001 23.398001 188 188 188
v 0.186000 16.076000 23.398001 188 188 188
v 0.736000 14.748000 0.000000 188 188 188
v 0.736000 14.748000 23.398001 188 188 188
v 0.186000 16.076000 23.398001 188 188 188
v 0.736000 14.748000 23.398001 188 188 188
v 0.736000 14.748000 0.000000 188 188 188
v 1.500000 13.756001 2.000000 188 188 188
v 0.736000 14.748000 23.398001 188 188 188
v 1.500000 13.756001 3.550000 188 188 188
v 1.610000 13.610001 23.398001 188 188 188
v 0.736000 14.748000 23.398001 188 188 188
v 1.500000 13.756001 3.550000 188 188 188
v 1.610000 13.610001 23.398001 188 188 188
v 1.610000 13.610001 3.550000 188 188 188
v 1.500000 13.756001 3.550000 188 188 188
v 1.500000 13.756001 3.550000 188 188 188
v 1.500000 13.500001 3.550000 188 188 188
v 1.500000 13.500001 3.550000 188 188 188
v 1.500000 13.730000 2.150000 188 188 188
v 1.500000 13.500001 2.000000 188 188 188
v 1.500000 13.730000 2.150000 188 188 188
v 1.500000 13.756001 2.000000 188 188 188
v 1.500000 13.500001 2.000000 188 188 188
v 1.500000 13.756001 2.000000 188 188 188
v 1.500000 13.500001 2.000000 188 188 188
v 1.610000 13.610001 2.000000 188 188 188
v 1.754000 13.500001 2.000000 188 188 188
v 1.500000 13.500001 2.000000 188 188 188
v 1.754000 13.500001 2.000000 188 188 188
v 1.500000 13.500001 3.550000 188 188 188
v 1.500000 13.500001 3.550000 188 188 188
v 1.754000 13.500001 3.550000 188 188 188
v 1.610000 13.610001 3.550000 188 188 188
v 1.500000 13.756001 3.550000 188 188 188
v 1.500000 13.756001 2.000000 188 188 188
v 1.500000 13.730000 2.150000 188 188 188
v 0.736000 14.748000 0.000000 188 188 188
v 1.610000 13.610001 2.000000 188 188 188
v 1.500000 13.756001 2.000000 188 188 188
v 1.610000 13.610001 23.398001 188 188 188
v 0.000000 17.498001 23.398001 188 188 188
v 0.736000 14.748000 23.398001 188 188 188
v 0.000000 17.498001 0.000000 188 188 188
v 0.000000 17.498001 23.398001 188 188 188
v 0.000000 44.598003 7.798000 188 188 188
v 0.000000 44.598003 16.998001 188 188 188
v 0.000000 44.598003 7.798000 188 188 188
v 0.000000 17.498001 23.398001 188 188 188
v 0.000000 44.598003 7.798000 188 188 188
v 0.000000 44.598003 16.998001 188 188 188
v 2.000000 44.598003 16.998001 188 188 188
v 0.000000 44.598003 16.998001 188 188 188
v 2.000000 44.598003 16.998001 188 188 188
v 2.000000 59.600002 16.998001 188 188 188
v 2.000000 65.100006 22.397999 188 188 188
v 2.000000 59.600002 16.998001 188 188 188
v 2.000000 65.100006 22.397999 188 188 188
v 2.000000 65.100006 20.198002 188 188 188
v 2.000000 65.100006 20.198002 188 188 188
v 1.398000 65.100006 20.198002 188 188 188
v 1.398000 65.100006 20.198002 188 188 188
v 1.764000 65.100006 19.600000 188 188 188
v 1.398000 65.100006 19.600000 188 188 188
v 1.764000 65.100006 19.600000 188 188 188
v 1.398000 65.100006 19.600000 188 188 188
v 1.398000 71.098000 19.600000 188 188 188
v 2.000000 71.098000 22.397999 188 188 188
v 1.398000 71.098000 20.198002 188 188 188
v 1.398000 71.098000 19.600000 188 188 188
v 1.398000 71.098000 19.600000 188 188 188
v 2.000000 71.098000 22.397999 188 188 188
v 1.764000 71.098000 19.600000 188 188 188
v 2.000000 71.098000 22.397999 188 188 188
v 2.000000 71.098000 19.600000 188 188 188
v 1.764000 71.098000 19.600000 188 188 188
v 2.000000 71.098000 19.216002 188 188 188
v 2.000000 76.600006 20.198002 188 188 188
v 2.000000 71.098000 19.600000 188 188 188
v 2.000000 76.600006 20.198002 188 188 188
v 2.000000 71.098000 19.216002 188 188 188
v 2.000000 59.600002 7.798000 188 188 188
v 2.000000 71.098000 19.216002 188 188 188
v 2.000000 59.600002 7.798000 188 188 188
v 2.000000 65.100006 19.216002 188 188 188
v 2.000000 59.600002 16.998001 188 188 188
v 2.000000 59.600002 16.998001 188 188 188
v 0.000000 59.600002 16.998001 188 188 188
v 2.000000 59.600002 7.798000 188 188 188
v 2.000000 76.600006 20.198002 188 188 188
v 2.000000 59.600002 7.798000 188 188 188
v 2.000000 76.600006 19.216002 188 188 188
v 2.000000 59.600002 7.798000 188 188 188
v 2.000000 59.600002 7.798000 188 188 188
v 2.000000 58.548000 4.954000 188 188 188
v 2.000000 58.548000 4.954000 188 188 188
v 2.000000 44.598003 7.798000 188 188 188
v 2.000000 48.550003 4.954000 188 188 188
v 2.000000 58.548000 4.954000 188 188 188
v 2.000000 58.548000 4.954000 188 188 188
v 5.598000 48.550003 3.550000 188 188 188
v 5.598000 58.548000 3.550000 188 188 188
v 5.598000 48.550003 3.550000 188 188 188
v 3.848000 48.550003 3.550000 188 188 188
v 3.848000 58.548000 3.550000 188 188 188
v 5.598000 58.548000 3.550000 188 188 188
v 3.848000 15.848000 2.000000 188 188 188
v 3.848000 58.548000 3.550000 188 188 188
v 3.848000 48.550003 3.550000 188 188 188
v 3.848000 15.848000 2.000000 188 188 188
v 3.848000 48.550003 3.550000 188 188 188
v 3.848000 15.848000 2.000000 188 188 188
v 3.848000 15.848000 3.550000 188 188 188
v 55.197998 15.848000 3.550000 188 188 188
v 3.848000 15.848000 3.550000 188 188 188
v 3.848000 15.848000 3.550000 188 188 188
v 3.750000 14.467999 3.550000 188 188 188
v 3.024000 15.024001 3.550000 188 188 188
v 3.750000 14.467999 3.550000 188 188 188
v 3.750000 14.467999 3.550000 188 188 188
v 3.024000 15.024001 23.398001 188 188 188
v 3.024000 15.024001 23.398001 188 188 188
v 4.074000 12.188001 23.398001 188 188 188
v 3.750000 14.467999 23.398001 188 188 188
v 3.750000 14.467999 23.398001 188 188 188
v 4.074000 12.188001 23.398001 188 188 188
v 4.074000 12.188001 23.398001 188 188 188
v 3.024000 15.024001 23.398001 188 188 188
v 0.000000 17.498001 23.398001 188 188 188
v 4.074000 12.188001 23.398001 188 188 188
v 2.468000 15.750001 23.398001 188 188 188
v 0.000000 17.498001 23.398001 188 188 188
v 2.468000 15.750001 23.398001 188 188 188
v 0.000000 17.498001 23.398001 188 188 188
v 2.118000 16.592001 23.398001 188 188 188
v 2.000000 17.498001 23.398001 188 188 188
v 0.000000 17.498001 23.398001 188 188 188
v 2.000000 17.498001 23.398001 188 188 188
v 0.000000 17.498001 23.398001 188 188 188
v 1.000000 52.950001 23.398001 188 188 188
v 0.000000 53.548004 23.398001 188 188 188
v 2.000000 17.498001 23.398001 188 188 188
v 2.118000 16.592001 23.398001 188 188 188
v 2.118000 16.592001 3.550000 188 188 188
v 2.118000 16.592001 23.398001 188 188 188
v 2.426000 15.848000 3.550000 188 188 188
v 2.118000 16.592001 23.398001 188 188 188
v 3.848000 15.848000 3.550000 188 188 188
v 2.426000 15.848000 3.550000 188 188 188
v 2.468000 15.750001 3.550000 188 188 188
v 3.848000 15.848000 3.550000 188 188 188
v 2.118000 16.592001 3.550000 188 188 188
v 2.426000 15.848000 3.550000 188 188 188
v 3.848000 15.848000 3.550000 188 188 188
v 2.118000 16.592001 3.550000 188 188 188
v 2.000000 17.498001 23.398001 188 188 188
v 2.118000 16.592001 3.550000 188 188 188
v 2.000000 17.498001 3.550000 188 188 188
v 2.000000 17.498001 3.550000 188 188 188
v 2.000000 44.598003 16.998001 188 188 188
v 2.000000 17.498001 23.398001 188 188 188
v 2.000000 44.598003 16.998001 188 188 188
v 2.000000 17.498001 3.550000 188 188 188
v 2.000000 44.598003 7.798000 188 188 188
v 2.468000 15.750001 3.550000 188 188 188
v 2.118000 16.592001 23.398001 188 188 188
v 2.468000 15.750001 23.398001 188 188 188
v 2.468000 15.750001 23.398001 188 188 188
v 3.024000 15.024001 3.550000 188 188 188
v 2.468000 15.750001 3.550000 188 188 188
v 4.594000 14.120000 23.398001 188 188 188
v 3.750000 14.467999 3.550000 188 188 188
v 3.750000 14.467999 23.398001 188 188 188
v 3.750000 14.467999 3.550000 188 188 188
v 4.594000 14.120000 23.398001 188 188 188
v 3.750000 14.467999 3.550000 188 188 188
v 4.594000 14.120000 3.550000 188 188 188
v 4.594000 14.120000 3.550000 188 188 188
v 5.500000 14.000001 3.550000 188 188 188
v 5.500000 14.000001 3.550000 188 188 188
v 5.500000 14.000001 23.398001 188 188 188
v 5.500000 14.000001 3.550000 188 188 188
v 8.700000 14.000001 11.698000 188 188 188
v 5.500000 14.000001 3.550000 188 188 188
v 9.800000 14.000001 9.794001 188 188 188
v 9.800000 11.998000 9.794001 188 188 188
v 11.998000 14.000001 9.794001 188 188 188
v 9.800000 14.000001 9.794001 188 188 188
v 5.500000 14.000001 3.550000 188 188 188
v 11.998000 14.000001 9.794001 188 188 188
v 11.998000 14.000001 9.794001 188 188 188
v 15.599998 14.000001 9.794001 188 188 188
v 15.599998 14.000001 9.794001 188 188 188
v 13.098000 14.000001 11.698000 188 188 188
v 13.098000 14.000001 11.698000 188 188 188
v 14.500000 14.000001 11.698000 188 188 188
v 14.500000 14.000001 11.698000 188 188 188
v 11.998000 14.000001 13.606001 188 188 188
v 11.998000 14.000001 13.606001 188 188 188
v 5.500000 14.000001 23.398001 188 188 188
v 15.599998 14.000001 13.606001 188 188 188
v 15.599998 14.000001 13.606001 188 188 188
v 5.500000 14.000001 23.398001 188 188 188
v 17.798000 14.000001 13.606001 188 188 188
v 15.599998 14.000001 13.606001 188 188 188
v 15.599998 14.000001 13.606001 188 188 188
v 17.798000 11.998000 13.606001 188 188 188
v 15.599998 11.998000 13.606001 188 188 188
v 17.798000 11.998000 13.606001 188 188 188
v 5.500000 11.998000 23.398001 188 188 188
v 15.599998 11.998000 13.606001 188 188 188
v 5.500000 11.998000 23.398001 188 188 188
v 11.998000 11.998000 13.606001 188 188 188
v 5.500000 11.998000 23.398001 188 188 188
v 9.800000 11.998000 13.606001 188 188 188
v 11.998000 11.998000 13.606001 188 188 188
v 11.998000 14.000001 13.606001 188 188 188
v 11.998000 11.998000 13.606001 188 188 188
v 9.800000 14.000001 13.606001 188 188 188
v 11.998000 11.998000 13.606001 188 188 188
v 11.998000 14.000001 13.606001 188 188 188
v 9.800000 14.000001 13.606001 188 188 188
v 9.800000 11.998000 13.606001 188 188 188
v 8.700000 14.000001 11.698000 188 188 188
v 8.700000 11.998000 11.698000 188 188 188
v 8.700000 14.000001 11.698000 188 188 188
v 9.800000 11.998000 13.606001 188 188 188
v 15.599998 11.998000 13.606001 188 188 188
v 11.998000 11.998000 13.606001 188 188 188
v 13.098000 11.998000 11.698000 188 188 188
v 13.098000 11.998000 11.698000 188 188 188
v 15.599998 11.998000 13.606001 188 188 188
v 14.500000 11.998000 11.698000 188 188 188
v 14.500000 14.000001 11.698000 188 188 188
v 15.599998 11.998000 13.606001 188 188 188
v 14.500000 11.998000 11.698000 188 188 188
v 13.098000 11.998000 11.698000 188 188 188
v 11.998000 11.998000 9.794001 188 188 188
v 11.998000 11.998000 9.794001 188 188 188
v 13.098000 11.998000 11.698000 188 188 188
v 13.098000 14.000001 11.698000 188 188 188
v 17.798000 11.998000 13.606001 188 188 188
v 5.500000 11.998000 23.398001 188 188 188
v 21.400002 11.998000 13.606001 188 188 188
v 5.500000 11.998000 23.398001 188 188 188
v 23.598001 11.998000 13.606001 188 188 188
v 5.500000 11.998000 23.398001 188 188 188
v 27.200003 11.998000 13.606001 188 188 188
v 5.500000 11.998000 23.398001 188 188 188
v 29.400002 11.998000 13.606001 188 188 188
v 5.500000 11.998000 23.398001 188 188 188
v 32.998001 11.998000 13.606001 188 188 188
v 5.500000 11.998000 23.398001 188 188 188
v 35.200001 11.998000 13.606001 188 188 188
v 5.500000 11.998000 23.398001 188 188 188
v 38.798000 11.998000 13.606001 188 188 188
v 5.500000 11.998000 23.398001 188 188 188
v 41.000004 11.998000 13.606001 188 188 188
v 5.500000 11.998000 23.398001 188 188 188
v 44.598003 11.998000 13.606001 188 188 188
v 5.500000 11.998000 23.398001 188 188 188
v 46.800003 11.998000 13.606001 188 188 188
v 5.500000 11.998000 23.398001 188 188 188
v 50.398003 11.998000 13.606001 188 188 188
v 5.500000 11.998000 23.398001 188 188 188
v 52.598000 11.998000 13.606001 188 188 188
v 5.500000 11.998000 23.398001 188 188 188
v 56.200001 11.998000 13.606001 188 188 188
v 5.500000 11.998000 23.398001 188 188 188
v 58.398003 11.998000 13.606001 188 188 188
v 5.500000 11.998000 23.398001 188 188 188
v 62.000000 11.998000 13.606001 188 188 188
v 5.500000 11.998000 23.398001 188 188 188
v 5.500000 11.998000 23.398001 188 188 188
v 64.198006 11.998000 13.606001 188 188 188
v 36.650002 11.998000 18.502001 188 188 188
v 64.198006 11.998000 13.606001 188 188 188
v 36.650002 11.998000 18.502001 188 188 188
v 67.800003 11.998000 13.606001 188 188 188
v 37.750000 11.998000 18.502001 188 188 188
v 67.800003 11.998000 13.606001 188 188 188
v 37.750000 11.998000 18.502001 188 188 188
v 69.998001 11.998000 13.606001 188 188 188
v 37.750000 11.998000 18.502001 188 188 188
v 39.550003 11.998000 18.502001 188 188 188
v 5.500000 11.998000 23.398001 188 188 188
v 39.550003 11.998000 18.502001 188 188 188
v 5.500000 11.998000 23.398001 188 188 188
v 40.650002 11.998000 18.502001 188 188 188
v 5.500000 11.998000 23.398001 188 188 188
v 42.450001 11.998000 18.502001 188 188 188
v 5.500000 11.998000 23.398001 188 188 188
v 5.500000 11.998000 23.398001 188 188 188
v 43.550003 11.998000 18.502001 188 188 188
v 60.198002 11.998000 23.398001 188 188 188
v 43.550003 11.998000 18.502001 188 188 188
v 60.198002 11.998000 23.398001 188 188 188
v 81.599998 11.998000 13.606001 188 188 188
v 81.599998 11.998000 13.606001 188 188 188
v 114.898003 11.998000 23.398001 188 188 188
v 85.198006 11.998000 13.606001 188 188 188
v 114.898003 11.998000 23.398001 188 188 188
v 87.400002 11.998000 13.606001 188 188 188
v 114.898003 11.998000 23.398001 188 188 188
v 90.998001 11.998000 13.606001 188 188 188
v 114.898003 11.998000 23.398001 188 188 188
v 93.200005 11.998000 13.606001 188 188 188
v 114.898003 11.998000 23.398001 188 188 188
v 96.798004 11.998000 13.606001 188 188 188
v 114.898003 11.998000 23.398001 188 188 188
v 98.998001 11.998000 13.606001 188 188 188
v 114.898003 11.998000 23.398001 188 188 188
v 102.598000 11.998000 13.606001 188 188 188
v 114.898003 11.998000 23.398001 188 188 188
v 104.797997 11.998000 13.606001 188 188 188
v 114.898003 11.998000 23.398001 188 188 188
v 108.399994 11.998000 13.606001 188 188 188
v 114.898003 11.998000 23.398001 188 188 188
v 114.898003 11.998000 23.398001 188 188 188
v 110.598007 11.998000 13.606001 188 188 188
v 114.898003 11.998000 23.398001 188 188 188
v 111.697998 11.998000 11.698000 188 188 188
v 114.898003 11.998000 0.000000 188 188 188
v 114.898003 11.998000 23.398001 188 188 188
v 114.898003 11.998000 23.398001 188 188 188
v 116.322006 12.188001 0.000000 188 188 188
v 116.322006 12.188001 0.000000 188 188 188
v 116.322006 12.188001 23.398001 188 188 188
v 116.322006 12.188001 23.398001 188 188 188
v 117.648003 12.736000 0.000000 188 188 188
v 117.648003 12.736000 0.000000 188 188 188
v 117.648003 12.736000 23.398001 188 188 188
v 118.644005 13.500001 2.000000 188 188 188
v 117.648003 12.736000 23.398001 188 188 188
v 118.644005 13.500001 3.550000 188 188 188
v 117.648003 12.736000 23.398001 188 188 188
v 118.788002 13.610001 23.398001 188 188 188
v 117.648003 12.736000 23.398001 188 188 188
v 117.648003 12.736000 23.398001 188 188 188
v 116.650009 14.467999 23.398001 188 188 188
v 116.650009 14.467999 23.398001 188 188 188
v 115.804001 14.120000 23.398001 188 188 188
v 115.804001 14.120000 23.398001 188 188 188
v 116.650009 14.467999 3.550000 188 188 188
v 115.804001 14.120000 3.550000 188 188 188
v 116.650009 14.467999 3.550000 188 188 188
v 116.548004 15.746000 3.550000 188 188 188
v 115.804001 14.120000 3.550000 188 188 188
v 116.548004 15.848000 3.550000 188 188 188
v 114.898003 14.000001 3.550000 188 188 188
v 116.548004 15.746000 3.550000 188 188 188
v 116.548004 15.746000 3.550000 188 188 188
v 116.548004 15.848000 3.550000 188 188 188
v 116.548004 15.848000 3.550000 188 188 188
v 117.954002 15.806001 3.550000 188 188 188
v 116.548004 48.550003 3.550000 188 188 188
v 116.548004 48.550003 3.550000 188 188 188
v 117.954002 15.806001 3.550000 188 188 188
v 117.954002 15.806001 3.550000 188 188 188
v 118.279999 16.592001 3.550000 188 188 188
v 118.279999 16.592001 3.550000 188 188 188
v 117.930008 15.750001 23.398001 188 188 188
v 118.279999 16.592001 3.550000 188 188 188
v 118.279999 16.592001 23.398001 188 188 188
v 118.400002 17.498001 3.550000 188 188 188
v 118.279999 16.592001 23.398001 188 188 188
v 118.279999 16.592001 23.398001 188 188 188
v 118.400002 17.498001 23.398001 188 188 188
v 118.400002 17.498001 23.398001 188 188 188
v 120.212006 16.076000 23.398001 188 188 188
v 120.398003 17.498001 23.398001 188 188 188
v 120.212006 16.076000 23.398001 188 188 188
v 120.398003 17.498001 0.000000 188 188 188
v 120.398003 17.498001 23.398001 188 188 188
v 120.398003 17.498001 23.398001 188 188 188
v 120.398003 19.744001 12.797999 188 188 188
v 120.398003 21.648001 13.898001 188 188 188
v 120.398003 19.744001 12.797999 188 188 188
v 118.400002 19.744001 12.797999 188 188 188
v 120.398003 21.648001 13.898001 188 188 188
v 120.398003 21.648001 13.898001 188 188 188
v 118.400002 21.648001 13.898001 188 188 188
v 118.400002 21.648001 13.898001 188 188 188
v 120.398003 23.556002 12.797999 188 188 188
v 120.398003 23.556002 12.797999 188 188 188
v 118.400002 23.556002 12.797999 188 188 188
v 120.398003 23.556002 10.600000 188 188 188
v 120.398003 23.556002 12.797999 188 188 188
v 120.398003 23.556002 12.797999 188 188 188
v 120.398003 25.544001 12.797999 188 188 188
v 120.398003 27.448000 13.898001 188 188 188
v 120.398003 25.544001 12.797999 188 188 188
v 118.400002 25.544001 12.797999 188 188 188
v 120.398003 27.448000 13.898001 188 188 188
v 120.398003 27.448000 13.898001 188 188 188
v 118.400002 27.448000 13.898001 188 188 188
v 118.400002 27.448000 13.898001 188 188 188
v 120.398003 29.354000 12.797999 188 188 188
v 120.398003 29.354000 12.797999 188 188 188
v 118.400002 29.354000 12.797999 188 188 188
v 120.398003 29.354000 10.600000 188 188 188
v 120.398003 29.354000 12.797999 188 188 188
v 120.398003 29.354000 12.797999 188 188 188
v 120.398003 31.341999 12.797999 188 188 188
v 120.398003 33.250000 13.898001 188 188 188
v 120.398003 31.341999 12.797999 188 188 188
v 118.400002 31.341999 12.797999 188 188 188
v 120.398003 33.250000 13.898001 188 188 188
v 120.398003 33.250000 13.898001 188 188 188
v 118.400002 33.250000 13.898001 188 188 188
v 118.400002 33.250000 13.898001 188 188 188
v 120.398003 35.154003 12.797999 188 188 188
v 120.398003 35.154003 12.797999 188 188 188
v 118.400002 35.154003 12.797999 188 188 188
v 120.398003 35.154003 10.600000 188 188 188
v 120.398003 35.154003 12.797999 188 188 188
v 120.398003 35.154003 12.797999 188 188 188
v 120.398003 37.141998 12.797999 188 188 188
v 120.398003 39.050003 13.898001 188 188 188
v 120.398003 37.141998 12.797999 188 188 188
v 118.400002 37.141998 12.797999 188 188 188
v 120.398003 39.050003 13.898001 188 188 188
v 120.398003 39.050003 13.898001 188 188 188
v 118.400002 39.050003 13.898001 188 188 188
v 118.400002 39.050003 13.898001 188 188 188
v 120.398003 40.954002 12.797999 188 188 188
v 120.398003 40.954002 12.797999 188 188 188
v 118.400002 40.954002 12.797999 188 188 188
v 120.398003 40.954002 10.600000 188 188 188
v 120.398003 40.954002 12.797999 188 188 188
v 120.398003 40.954002 12.797999 188 188 188
v 120.398003 42.944000 12.797999 188 188 188
v 120.398003 44.850002 13.898001 188 188 188
v 120.398003 42.944000 12.797999 188 188 188
v 118.400002 42.944000 12.797999 188 188 188
v 120.398003 44.850002 13.898001 188 188 188
v 120.398003 44.850002 13.898001 188 188 188
v 118.400002 44.850002 13.898001 188 188 188
v 118.400002 44.850002 13.898001 188 188 188
v 120.398003 46.754002 12.797999 188 188 188
v 120.398003 46.754002 12.797999 188 188 188
v 118.400002 46.754002 12.797999 188 188 188
v 120.398003 46.754002 10.600000 188 188 188
v 120.398003 46.754002 12.797999 188 188 188
v 120.398003 46.754002 12.797999 188 188 188
v 120.398003 48.744003 12.797999 188 188 188
v 120.398003 50.649998 13.898001 188 188 188
v 120.398003 48.744003 12.797999 188 188 188
v 118.400002 48.744003 12.797999 188 188 188
v 120.398003 50.649998 13.898001 188 188 188
v 120.398003 50.649998 13.898001 188 188 188
v 118.400002 50.649998 13.898001 188 188 188
v 118.400002 50.649998 13.898001 188 188 188
v 120.398003 52.553997 12.797999 188 188 188
v 120.398003 52.553997 12.797999 188 188 188
v 118.400002 52.553997 12.797999 188 188 188
v 120.398003 52.553997 10.600000 188 188 188
v 120.398003 52.553997 12.797999 188 188 188
v 120.398003 52.553997 12.797999 188 188 188
v 120.398003 54.543999 12.797999 188 188 188
v 120.398003 56.448002 13.898001 188 188 188
v 120.398003 54.543999 12.797999 188 188 188
v 118.400002 54.543999 12.797999 188 188 188
v 120.398003 56.448002 13.898001 188 188 188
v 120.398003 56.448002 13.898001 188 188 188
v 118.400002 56.448002 13.898001 188 188 188
v 118.400002 56.448002 13.898001 188 188 188
v 120.398003 58.354000 12.797999 188 188 188
v 120.398003 58.354000 12.797999 188 188 188
v 118.400002 58.354000 12.797999 188 188 188
v 120.398003 58.354000 10.600000 188 188 188
v 120.398003 58.354000 12.797999 188 188 188
v 120.398003 58.354000 12.797999 188 188 188
v 120.398003 60.344002 12.797999 188 188 188
v 120.398003 62.247997 13.898001 188 188 188
v 120.398003 60.344002 12.797999 188 188 188
v 118.400002 60.344002 12.797999 188 188 188
v 120.398003 62.247997 13.898001 188 188 188
v 120.398003 62.247997 13.898001 188 188 188
v 118.400002 62.247997 13.898001 188 188 188
v 118.400002 62.247997 13.898001 188 188 188
v 120.398003 64.153999 12.797999 188 188 188
v 120.398003 64.153999 12.797999 188 188 188
v 118.400002 64.153999 12.797999 188 188 188
v 120.398003 64.153999 10.600000 188 188 188
v 120.398003 64.153999 12.797999 188 188 188
v 120.398003 68.048004 13.898001 188 188 188
v 120.398003 64.153999 12.797999 188 188 188
v 120.398003 66.144005 12.797999 188 188 188
v 120.398003 68.048004 13.898001 188 188 188
v 120.398003 66.144005 12.797999 188 188 188
v 118.400002 66.144005 12.797999 188 188 188
v 120.398003 68.048004 13.898001 188 188 188
v 120.398003 68.048004 13.898001 188 188 188
v 118.400002 68.048004 13.898001 188 188 188
v 118.400002 68.048004 13.898001 188 188 188
v 120.398003 69.956001 12.797999 188 188 188
v 120.398003 69.956001 12.797999 188 188 188
v 118.400002 69.956001 12.797999 188 188 188
v 120.398003 69.956001 10.600000 188 188 188
v 120.398003 69.956001 12.797999 188 188 188
v 120.398003 73.848007 13.898001 188 188 188
v 120.398003 69.956001 12.797999 188 188 188
v 120.398003 71.944000 12.797999 188 188 188
v 120.398003 73.848007 13.898001 188 188 188
v 120.398003 71.944000 12.797999 188 188 188
v 118.400002 71.944000 12.797999 188 188 188
v 120.398003 73.848007 13.898001 188 188 188
v 120.398003 73.848007 13.898001 188 188 188
v 118.400002 73.848007 13.898001 188 188 188
v 118.400002 73.848007 13.898001 188 188 188
v 120.398003 75.756004 12.797999 188 188 188
v 120.398003 75.756004 12.797999 188 188 188
v 118.400002 75.756004 12.797999 188 188 188
v 120.398003 75.756004 10.600000 188 188 188
v 120.398003 75.756004 12.797999 188 188 188
v 120.398003 79.650002 13.898001 188 188 188
v 120.398003 75.756004 12.797999 188 188 188
v 120.398003 77.744003 12.797999 188 188 188
v 120.398003 79.650002 13.898001 188 188 188
v 120.398003 77.744003 12.797999 188 188 188
v 118.400002 77.744003 12.797999 188 188 188
v 120.398003 79.650002 13.898001 188 188 188
v 118.400002 79.650002 13.898001 188 188 188
v 118.400002 77.744003 12.797999 188 188 188
v 118.400002 73.848007 13.898001 188 188 188
v 118.400002 89.600006 23.398001 188 188 188
v 118.400002 79.650002 13.898001 188 188 188
v 118.400002 73.848007 13.898001 188 188 188
v 118.400002 89.600006 23.398001 188 188 188
v 118.400002 73.848007 13.898001 188 188 188
v 118.400002 68.048004 13.898001 188 188 188
v 118.400002 68.048004 13.898001 188 188 188
v 118.400002 89.600006 23.398001 188 188 188
v 118.400002 69.066002 19.216002 188 188 188
v 118.400002 89.600006 23.398001 188 188 188
v 118.400002 69.066002 20.198002 188 188 188
v 118.400002 89.600006 23.398001 188 188 188
v 118.400002 89.600006 23.398001 188 188 188
v 118.400002 69.066002 22.397999 188 188 188
v 118.400002 89.600006 23.398001 188 188 188
v 118.400002 63.066002 22.397999 188 188 188
v 118.400002 89.600006 23.398001 188 188 188
v 118.400002 44.032001 22.397999 188 188 188
v 118.400002 38.032001 22.397999 188 188 188
v 118.400002 89.600006 23.398001 188 188 188
v 118.400002 54.148003 23.398001 188 188 188
v 118.400002 38.032001 22.397999 188 188 188
v 118.400002 18.698000 23.398001 188 188 188
v 119.398003 54.148003 23.398001 188 188 188
v 118.400002 54.148003 23.398001 188 188 188
v 118.400002 38.032001 22.397999 188 188 188
v 118.400002 18.698000 23.398001 188 188 188
v 118.400002 38.032001 20.198002 188 188 188
v 118.400002 18.698000 23.398001 188 188 188
v 118.400002 18.698000 23.398001 188 188 188
v 118.400002 38.032001 19.216002 188 188 188
v 118.400002 54.543999 12.797999 188 188 188
v 118.400002 17.498001 23.398001 188 188 188
v 118.400002 18.698000 23.398001 188 188 188
v 118.400002 54.543999 12.797999 188 188 188
v 118.400002 54.543999 12.797999 188 188 188
v 118.400002 50.649998 13.898001 188 188 188
v 118.400002 17.498001 23.398001 188 188 188
v 118.400002 50.649998 13.898001 188 188 188
v 118.400002 44.850002 13.898001 188 188 188
v 118.400002 17.498001 23.398001 188 188 188
v 118.400002 44.850002 13.898001 188 188 188
v 118.400002 39.050003 13.898001 188 188 188
v 118.400002 17.498001 23.398001 188 188 188
v 118.400002 38.032001 19.216002 188 188 188
v 118.400002 54.543999 12.797999 188 188 188
v 118.400002 38.032001 19.216002 188 188 188
v 118.400002 44.032001 19.216002 188 188 188
v 118.400002 44.032001 19.216002 188 188 188
v 118.632004 38.032001 19.600000 188 188 188
v 118.632004 38.032001 19.600000 188 188 188
v 118.632004 44.032001 19.600000 188 188 188
v 118.632004 44.032001 19.600000 188 188 188
v 119.000000 38.032001 19.600000 188 188 188
v 119.000000 38.032001 19.600000 188 188 188
v 119.000000 44.032001 19.600000 188 188 188
v 119.000000 44.032001 19.600000 188 188 188
v 119.000000 42.748001 20.198002 188 188 188
v 119.000000 44.032001 22.397999 188 188 188
v 119.000000 42.748001 20.198002 188 188 188
v 119.000000 44.032001 22.397999 188 188 188
v 119.000000 38.032001 22.397999 188 188 188
v 118.400002 38.032001 22.397999 188 188 188
v 119.000000 38.032001 22.397999 188 188 188
v 119.000000 42.748001 20.198002 188 188 188
v 118.400002 38.032001 20.198002 188 188 188
v 119.000000 38.032001 22.397999 188 188 188
v 119.000000 38.032001 20.198002 188 188 188
v 119.000000 38.032001 20.198002 188 188 188
v 118.632004 38.032001 19.600000 188 188 188
v 118.400002 38.032001 20.198002 188 188 188
v 119.000000 38.032001 19.600000 188 188 188
v 119.000000 38.032001 20.198002 188 188 188
v 119.000000 42.748001 20.198002 188 188 188
v 118.632004 44.032001 19.600000 188 188 188
v 119.000000 44.032001 19.600000 188 188 188
v 119.000000 44.032001 22.397999 188 188 188
v 118.632004 44.032001 19.600000 188 188 188
v 119.000000 44.032001 22.397999 188 188 188
v 119.000000 44.032001 22.397999 188 188 188
v 118.400002 44.032001 22.397999 188 188 188
v 118.400002 44.032001 19.600000 188 188 188
v 118.400002 44.032001 19.600000 188 188 188
v 118.400002 44.032001 22.397999 188 188 188
v 118.400002 44.032001 19.216002 188 188 188
v 118.400002 44.032001 19.600000 188 188 188
v 118.400002 63.066002 19.216002 188 188 188
v 118.400002 63.066002 19.216002 188 188 188
v 118.400002 56.448002 13.898001 188 188 188
v 118.400002 44.032001 19.216002 188 188 188
v 118.400002 63.066002 19.216002 188 188 188
v 118.400002 44.032001 22.397999 188 188 188
v 118.400002 63.066002 19.216002 188 188 188
v 118.400002 63.066002 19.600000 188 188 188
v 118.400002 63.066002 19.600000 188 188 188
v 118.400002 63.066002 22.397999 188 188 188
v 118.632004 63.066002 19.600000 188 188 188
v 118.632004 63.066002 19.600000 188 188 188
v 118.400002 63.066002 22.397999 188 188 188
v 118.632004 63.066002 19.600000 188 188 188
v 119.000000 63.066002 19.600000 188 188 188
v 118.632004 69.066002 19.600000 188 188 188
v 118.400002 69.066002 19.216002 188 188 188
v 118.632004 63.066002 19.600000 188 188 188
v 118.632004 69.066002 19.600000 188 188 188
v 119.000000 63.066002 19.600000 188 188 188
v 119.000000 63.066002 19.600000 188 188 188
v 119.000000 69.066002 19.600000 188 188 188
v 119.000000 69.066002 19.600000 188 188 188
v 119.000000 67.778000 20.198002 188 188 188
v 119.000000 69.066002 20.198002 188 188 188
v 119.000000 67.778000 20.198002 188 188 188
v 119.000000 69.066002 22.397999 188 188 188
v 119.000000 67.778000 20.198002 188 188 188
v 119.000000 69.066002 22.397999 188 188 188
v 119.000000 63.066002 22.397999 188 188 188
v 118.400002 63.066002 22.397999 188 188 188
v 119.000000 69.066002 22.397999 188 188 188
v 118.400002 69.066002 22.397999 188 188 188
v 119.000000 69.066002 20.198002 188 188 188
v 119.000000 63.066002 19.600000 188 188 188
v 119.000000 63.066002 22.397999 188 188 188
v 119.000000 67.778000 20.198002 188 188 188
v 118.632004 69.066002 19.600000 188 188 188
v 119.000000 69.066002 19.600000 188 188 188
v 119.000000 69.066002 20.198002 188 188 188
v 119.000000 69.066002 20.198002 188 188 188
v 118.400002 69.066002 20.198002 188 188 188
v 118.632004 69.066002 19.600000 188 188 188
v 119.000000 63.066002 22.397999 188 188 188
v 119.000000 63.066002 19.600000 188 188 188
v 118.400002 63.066002 22.397999 188 188 188
v 118.400002 63.066002 19.216002 188 188 188
v 118.632004 63.066002 19.600000 188 188 188
v 118.400002 69.066002 19.216002 188 188 188
v 118.400002 62.247997 13.898001 188 188 188
v 118.400002 63.066002 19.216002 188 188 188
v 118.400002 69.066002 19.216002 188 188 188
v 118.632004 38.032001 19.600000 188 188 188
v 119.000000 38.032001 20.198002 188 188 188
v 119.000000 38.032001 19.600000 188 188 188
v 118.632004 44.032001 19.600000 188 188 188
v 118.400002 44.032001 19.600000 188 188 188
v 118.400002 44.032001 19.216002 188 188 188
v 118.400002 38.032001 19.216002 188 188 188
v 118.400002 38.032001 20.198002 188 188 188
v 118.632004 38.032001 19.600000 188 188 188
v 119.000000 38.032001 22.397999 188 188 188
v 118.400002 38.032001 20.198002 188 188 188
v 118.400002 38.032001 22.397999 188 188 188
v 118.400002 38.032001 22.397999 188 188 188
v 118.400002 44.032001 22.397999 188 188 188
v 119.000000 44.032001 22.397999 188 188 188
v 118.400002 63.066002 22.397999 188 188 188
v 118.400002 63.066002 19.600000 188 188 188
v 118.400002 44.032001 22.397999 188 188 188
v 118.400002 63.066002 22.397999 188 188 188
v 118.400002 69.066002 22.397999 188 188 188
v 119.000000 69.066002 22.397999 188 188 188
v 118.400002 69.066002 20.198002 188 188 188
v 119.000000 69.066002 20.198002 188 188 188
v 118.400002 69.066002 22.397999 188 188 188
v 118.400002 69.066002 19.216002 188 188 188
v 118.632004 69.066002 19.600000 188 188 188
v 118.400002 69.066002 20.198002 188 188 188
v 118.400002 89.600006 23.398001 188 188 188
v 118.400002 79.650002 13.898001 188 188 188
v 118.400002 79.650002 13.898001 188 188 188
v 118.400002 81.554001 12.797999 188 188 188
v 120.398003 81.554001 12.797999 188 188 188
v 120.398003 81.554001 12.797999 188 188 188
v 118.400002 81.554001 12.797999 188 188 188
v 120.398003 81.554001 10.600000 188 188 188
v 118.400002 81.554001 12.797999 188 188 188
v 118.400002 81.554001 10.600000 188 188 188
v 118.400002 81.554001 12.797999 188 188 188
v 118.400002 81.554001 10.600000 188 188 188
v 118.400002 83.542007 10.600000 188 188 188
v 118.400002 89.600006 3.550000 188 188 188
v 118.400002 81.554001 10.600000 188 188 188
v 118.400002 89.600006 3.550000 188 188 188
v 118.400002 79.650002 9.500000 188 188 188
v 118.400002 89.600006 3.550000 188 188 188
v 118.400002 77.744003 10.600000 188 188 188
v 118.400002 89.600006 3.550000 188 188 188
v 118.400002 75.756004 10.600000 188 188 188
v 118.400002 89.600006 3.550000 188 188 188
v 118.400002 73.848007 9.500000 188 188 188
v 118.400002 89.600006 3.550000 188 188 188
v 118.400002 69.956001 10.600000 188 188 188
v 118.400002 89.600006 3.550000 188 188 188
v 118.400002 68.048004 9.500000 188 188 188
v 118.400002 89.600006 3.550000 188 188 188
v 118.400002 62.247997 9.500000 188 188 188
v 118.400002 89.600006 3.550000 188 188 188
v 118.400002 58.548000 4.954000 188 188 188
v 118.400002 89.600006 3.550000 188 188 188
v 116.548004 58.548000 3.550000 188 188 188
v 118.400002 58.548000 4.954000 188 188 188
v 118.400002 58.548000 3.550000 188 188 188
v 118.400002 58.548000 4.954000 188 188 188
v 116.548004 58.548000 3.550000 188 188 188
v 114.798004 58.548000 3.550000 188 188 188
v 116.548004 58.548000 3.550000 188 188 188
v 114.798004 48.550003 3.550000 188 188 188
v 114.798004 58.548000 3.550000 188 188 188
v 114.798004 48.550003 3.550000 188 188 188
v 116.548004 48.550003 3.550000 188 188 188
v 118.400002 48.550003 4.954000 188 188 188
v 116.548004 48.550003 3.550000 188 188 188
v 118.400002 48.550003 4.954000 188 188 188
v 118.400002 48.550003 4.954000 188 188 188
v 118.400002 48.550003 3.550000 188 188 188
v 118.400002 17.498001 3.550000 188 188 188
v 118.400002 17.498001 3.550000 188 188 188
v 118.400002 48.550003 4.954000 188 188 188
v 118.400002 33.250000 9.500000 188 188 188
v 118.400002 48.550003 4.954000 188 188 188
v 118.400002 39.050003 9.500000 188 188 188
v 118.400002 48.550003 4.954000 188 188 188
v 118.400002 40.954002 10.600000 188 188 188
v 118.400002 48.550003 4.954000 188 188 188
v 118.400002 44.850002 9.500000 188 188 188
v 118.400002 48.550003 4.954000 188 188 188
v 118.400002 58.548000 4.954000 188 188 188
v 118.400002 48.550003 4.954000 188 188 188
v 118.400002 46.754002 10.600000 188 188 188
v 118.400002 46.754002 10.600000 188 188 188
v 118.400002 58.548000 4.954000 188 188 188
v 118.400002 50.649998 9.500000 188 188 188
v 118.400002 58.548000 4.954000 188 188 188
v 118.400002 52.553997 10.600000 188 188 188
v 118.400002 58.548000 4.954000 188 188 188
v 118.400002 54.543999 10.600000 188 188 188
v 118.400002 58.548000 4.954000 188 188 188
v 118.400002 56.448002 9.500000 188 188 188
v 118.400002 58.548000 4.954000 188 188 188
v 118.400002 58.548000 4.954000 188 188 188
v 118.400002 58.354000 10.600000 188 188 188
v 118.400002 58.354000 10.600000 188 188 188
v 118.400002 58.354000 12.797999 188 188 188
v 118.400002 60.344002 10.600000 188 188 188
v 118.400002 60.344002 12.797999 188 188 188
v 118.400002 60.344002 10.600000 188 188 188
v 118.400002 58.354000 12.797999 188 188 188
v 118.400002 63.066002 19.216002 188 188 188
v 118.400002 60.344002 12.797999 188 188 188
v 118.400002 58.354000 12.797999 188 188 188
v 118.400002 56.448002 9.500000 188 188 188
v 118.400002 58.354000 10.600000 188 188 188
v 120.398003 58.354000 10.600000 188 188 188
v 118.400002 58.354000 10.600000 188 188 188
v 120.398003 56.448002 9.500000 188 188 188
v 120.398003 56.448002 9.500000 188 188 188
v 120.398003 58.354000 10.600000 188 188 188
v 120.398003 56.448002 9.500000 188 188 188
v 120.398003 60.344002 10.600000 188 188 188
v 120.398003 62.247997 9.500000 188 188 188
v 118.400002 62.247997 9.500000 188 188 188
v 120.398003 60.344002 10.600000 188 188 188
v 118.400002 60.344002 10.600000 188 188 188
v 120.398003 60.344002 10.600000 188 188 188
v 118.400002 62.247997 9.500000 188 188 188
v 118.400002 60.344002 10.600000 188 188 188
v 120.398003 60.344002 12.797999 188 188 188
v 120.398003 60.344002 10.600000 188 188 188
v 120.398003 64.153999 10.600000 188 188 188
v 118.400002 62.247997 9.500000 188 188 188
v 120.398003 62.247997 9.500000 188 188 188
v 120.398003 62.247997 9.500000 188 188 188
v 120.398003 64.153999 10.600000 188 188 188
v 120.398003 62.247997 9.500000 188 188 188
v 120.398003 66.144005 10.600000 188 188 188
v 120.398003 68.048004 9.500000 188 188 188
v 118.400002 68.048004 9.500000 188 188 188
v 120.398003 66.144005 10.600000 188 188 188
v 120.398003 66.144005 10.600000 188 188 188
v 118.400002 68.048004 9.500000 188 188 188
v 118.400002 66.144005 10.600000 188 188 188
v 118.400002 68.048004 9.500000 188 188 188
v 118.400002 66.144005 12.797999 188 188 188
v 118.400002 66.144005 10.600000 188 188 188
v 118.400002 64.153999 10.600000 188 188 188
v 118.400002 69.066002 19.216002 188 188 188
v 118.400002 66.144005 12.797999 188 188 188
v 118.400002 64.153999 10.600000 188 188 188
v 118.400002 64.153999 10.600000 188 188 188
v 118.400002 64.153999 12.797999 188 188 188
v 118.400002 69.066002 19.216002 188 188 188
v 118.400002 66.144005 10.600000 188 188 188
v 120.398003 66.144005 12.797999 188 188 188
v 120.398003 66.144005 10.600000 188 188 188
v 120.398003 62.247997 9.500000 188 188 188
v 120.398003 89.600006 0.000000 188 188 188
v 120.398003 68.048004 9.500000 188 188 188
v 120.398003 68.048004 9.500000 188 188 188
v 120.398003 89.600006 0.000000 188 188 188
v 120.398003 68.048004 9.500000 188 188 188
v 120.398003 73.848007 9.500000 188 188 188
v 120.398003 68.048004 9.500000 188 188 188
v 120.398003 71.944000 10.600000 188 188 188
v 120.398003 69.956001 10.600000 188 188 188
v 120.398003 69.956001 10.600000 188 188 188
v 118.400002 69.956001 10.600000 188 188 188
v 120.398003 68.048004 9.500000 188 188 188
v 120.398003 73.848007 9.500000 188 188 188
v 118.400002 73.848007 9.500000 188 188 188
v 120.398003 71.944000 10.600000 188 188 188
v 120.398003 71.944000 10.600000 188 188 188
v 118.400002 73.848007 9.500000 188 188 188
v 118.400002 71.944000 10.600000 188 188 188
v 120.398003 71.944000 12.797999 188 188 188
v 120.398003 71.944000 10.600000 188 188 188
v 120.398003 73.848007 9.500000 188 188 188
v 120.398003 89.600006 0.000000 188 188 188
v 120.398003 73.848007 9.500000 188 188 188
v 120.398003 79.650002 9.500000 188 188 188
v 120.398003 73.848007 9.500000 188 188 188
v 120.398003 77.744003 10.600000 188 188 188
v 120.398003 75.756004 10.600000 188 188 188
v 120.398003 75.756004 10.600000 188 188 188
v 118.400002 75.756004 10.600000 188 188 188
v 120.398003 73.848007 9.500000 188 188 188
v 120.398003 79.650002 9.500000 188 188 188
v 118.400002 79.650002 9.500000 188 188 188
v 120.398003 77.744003 10.600000 188 188 188
v 120.398003 79.650002 9.500000 188 188 188
v 120.398003 89.600006 0.000000 188 188 188
v 120.398003 81.554001 10.600000 188 188 188
v 120.398003 81.554001 10.600000 188 188 188
v 120.398003 89.600006 0.000000 188 188 188
v 120.398003 83.542007 12.797999 188 188 188
v 120.398003 81.554001 10.600000 188 188 188
v 120.398003 83.542007 10.600000 188 188 188
v 118.400002 83.542007 10.600000 188 188 188
v 120.398003 83.542007 12.797999 188 188 188
v 120.398003 83.542007 10.600000 188 188 188
v 118.400002 83.542007 10.600000 188 188 188
v 120.398003 83.542007 10.600000 188 188 188
v 118.400002 85.450005 9.500000 188 188 188
v 120.398003 83.542007 10.600000 188 188 188
v 118.400002 85.450005 9.500000 188 188 188
v 120.398003 85.450005 9.500000 188 188 188
v 118.400002 85.450005 9.500000 188 188 188
v 118.400002 87.353996 10.600000 188 188 188
v 118.400002 89.600006 3.550000 188 188 188
v 118.400002 89.600006 23.398001 188 188 188
v 118.400002 89.600006 3.550000 188 188 188
v 118.400002 87.353996 10.600000 188 188 188
v 118.400002 87.353996 10.600000 188 188 188
v 118.400002 89.600006 23.398001 188 188 188
v 118.400002 89.600006 23.398001 188 188 188
v 118.400002 87.353996 12.797999 188 188 188
v 118.400002 89.600006 23.398001 188 188 188
v 118.400002 85.450005 13.898001 188 188 188
v 118.400002 83.542007 12.797999 188 188 188
v 118.400002 85.450005 13.898001 188 188 188
v 120.398003 85.450005 13.898001 188 188 188
v 118.400002 85.450005 13.898001 188 188 188
v 118.400002 87.353996 12.797999 188 188 188
v 120.398003 87.353996 12.797999 188 188 188
v 120.398003 87.353996 12.797999 188 188 188
v 118.400002 87.353996 12.797999 188 188 188
v 118.400002 87.353996 10.600000 188 188 188
v 120.398003 87.353996 10.600000 188 188 188
v 118.400002 87.353996 12.797999 188 188 188
v 120.398003 87.353996 10.600000 188 188 188
v 118.400002 87.353996 10.600000 188 188 188
v 120.398003 85.450005 9.500000 188 188 188
v 120.398003 85.450005 9.500000 188 188 188
v 120.398003 89.600006 0.000000 188 188 188
v 120.398003 87.353996 10.600000 188 188 188
v 120.398003 83.542007 12.797999 188 188 188
v 118.400002 83.542007 10.600000 188 188 188
v 118.400002 83.542007 12.797999 188 188 188
v 120.398003 83.542007 10.600000 188 188 188
v 120.398003 89.600006 0.000000 188 188 188
v 120.398003 85.450005 9.500000 188 188 188
v 118.400002 62.247997 9.500000 188 188 188
v 120.398003 64.153999 10.600000 188 188 188
v 118.400002 64.153999 10.600000 188 188 188
v 120.398003 56.448002 9.500000 188 188 188
v 120.398003 89.600006 0.000000 188 188 188
v 120.398003 62.247997 9.500000 188 188 188
v 120.398003 89.600006 0.000000 188 188 188
v 120.398003 56.448002 9.500000 188 188 188
v 120.398003 50.649998 9.500000 188 188 188
v 120.398003 56.448002 9.500000 188 188 188
v 120.398003 50.649998 9.500000 188 188 188
v 120.398003 54.543999 10.600000 188 188 188
v 120.398003 52.553997 10.600000 188 188 188
v 120.398003 52.553997 10.600000 188 188 188
v 118.400002 52.553997 10.600000 188 188 188
v 120.398003 50.649998 9.500000 188 188 188
v 120.398003 89.600006 0.000000 188 188 188
v 120.398003 50.649998 9.500000 188 188 188
v 120.398003 44.850002 9.500000 188 188 188
v 120.398003 50.649998 9.500000 188 188 188
v 120.398003 44.850002 9.500000 188 188 188
v 120.398003 48.744003 10.600000 188 188 188
v 120.398003 46.754002 10.600000 188 188 188
v 120.398003 46.754002 10.600000 188 188 188
v 118.400002 46.754002 10.600000 188 188 188
v 120.398003 44.850002 9.500000 188 188 188
v 120.398003 50.649998 9.500000 188 188 188
v 118.400002 50.649998 9.500000 188 188 188
v 120.398003 48.744003 10.600000 188 188 188
v 120.398003 48.744003 10.600000 188 188 188
v 118.400002 50.649998 9.500000 188 188 188
v 118.400002 48.744003 10.600000 188 188 188
v 120.398003 48.744003 12.797999 188 188 188
v 120.398003 48.744003 10.600000 188 188 188
v 120.398003 89.600006 0.000000 188 188 188
v 120.398003 44.850002 9.500000 188 188 188
v 120.398003 39.050003 9.500000 188 188 188
v 120.398003 44.850002 9.500000 188 188 188
v 120.398003 39.050003 9.500000 188 188 188
v 120.398003 42.944000 10.600000 188 188 188
v 120.398003 40.954002 10.600000 188 188 188
v 120.398003 40.954002 10.600000 188 188 188
v 118.400002 40.954002 10.600000 188 188 188
v 120.398003 39.050003 9.500000 188 188 188
v 120.398003 44.850002 9.500000 188 188 188
v 118.400002 44.850002 9.500000 188 188 188
v 120.398003 42.944000 10.600000 188 188 188
v 120.398003 42.944000 10.600000 188 188 188
v 118.400002 44.850002 9.500000 188 188 188
v 118.400002 42.944000 10.600000 188 188 188
v 120.398003 42.944000 12.797999 188 188 188
v 120.398003 42.944000 10.600000 188 188 188
v 120.398003 89.600006 0.000000 188 188 188
v 120.398003 39.050003 9.500000 188 188 188
v 120.398003 89.600006 0.000000 188 188 188
v 120.398003 53.548004 0.000000 188 188 188
v 120.398003 89.600006 0.000000 188 188 188
v 120.306000 53.605999 0.000000 188 188 188
v 117.556000 53.605999 0.000000 188 188 188
v 120.212006 17.612001 0.000000 188 188 188
v 120.306000 53.605999 0.000000 188 188 188
v 120.398003 53.548004 0.000000 188 188 188
v 120.398003 53.548004 0.000000 188 188 188
v 120.398003 17.498001 0.000000 188 188 188
v 120.212006 17.612001 0.000000 188 188 188
v 120.398003 17.498001 0.000000 188 188 188
v 120.398003 53.548004 0.000000 188 188 188
v 120.398003 39.050003 9.500000 188 188 188
v 120.398003 17.498001 0.000000 188 188 188
v 120.398003 39.050003 9.500000 188 188 188
v 120.398003 17.498001 0.000000 188 188 188
v 120.398003 33.250000 9.500000 188 188 188
v 120.398003 17.498001 0.000000 188 188 188
v 120.398003 27.448000 9.500000 188 188 188
v 120.398003 17.498001 0.000000 188 188 188
v 120.398003 21.648001 9.500000 188 188 188
v 120.398003 21.648001 9.500000 188 188 188
v 120.398003 19.744001 10.600000 188 188 188
v 120.398003 19.744001 10.600000 188 188 188
v 118.400002 21.648001 9.500000 188 188 188
v 118.400002 17.498001 3.550000 188 188 188
v 118.400002 19.744001 10.600000 188 188 188
v 118.400002 21.648001 9.500000 188 188 188
v 118.400002 17.498001 3.550000 188 188 188
v 118.400002 21.648001 9.500000 188 188 188
v 118.400002 21.648001 9.500000 188 188 188
v 118.400002 27.448000 9.500000 188 188 188
v 118.400002 23.556002 10.600000 188 188 188
v 118.400002 27.448000 9.500000 188 188 188
v 118.400002 25.544001 10.600000 188 188 188
v 118.400002 27.448000 9.500000 188 188 188
v 120.398003 27.448000 9.500000 188 188 188
v 118.400002 27.448000 9.500000 188 188 188
v 120.398003 25.544001 10.600000 188 188 188
v 118.400002 27.448000 9.500000 188 188 188
v 120.398003 27.448000 9.500000 188 188 188
v 118.400002 27.448000 9.500000 188 188 188
v 118.400002 29.354000 10.600000 188 188 188
v 118.400002 33.250000 9.500000 188 188 188
v 118.400002 29.354000 10.600000 188 188 188
v 118.400002 33.250000 9.500000 188 188 188
v 118.400002 31.341999 10.600000 188 188 188
v 118.400002 33.250000 9.500000 188 188 188
v 120.398003 33.250000 9.500000 188 188 188
v 118.400002 33.250000 9.500000 188 188 188
v 120.398003 31.341999 10.600000 188 188 188
v 118.400002 33.250000 9.500000 188 188 188
v 120.398003 33.250000 9.500000 188 188 188
v 120.398003 35.154003 10.600000 188 188 188
v 118.400002 35.154003 10.600000 188 188 188
v 120.398003 33.250000 9.500000 188 188 188
v 120.398003 33.250000 9.500000 188 188 188
v 120.398003 35.154003 10.600000 188 188 188
v 118.400002 31.341999 10.600000 188 188 188
v 120.398003 31.341999 12.797999 188 188 188
v 120.398003 31.341999 10.600000 188 188 188
v 118.400002 29.354000 10.600000 188 188 188
v 118.400002 29.354000 12.797999 188 188 188
v 118.400002 31.341999 10.600000 188 188 188
v 118.400002 31.341999 12.797999 188 188 188
v 118.400002 31.341999 10.600000 188 188 188
v 118.400002 29.354000 12.797999 188 188 188
v 120.398003 29.354000 10.600000 188 188 188
v 118.400002 29.354000 10.600000 188 188 188
v 120.398003 27.448000 9.500000 188 188 188
v 120.398003 27.448000 9.500000 188 188 188
v 120.398003 31.341999 10.600000 188 188 188
v 120.398003 29.354000 10.600000 188 188 188
v 118.400002 25.544001 10.600000 188 188 188
v 120.398003 25.544001 12.797999 188 188 188
v 120.398003 25.544001 10.600000 188 188 188
v 118.400002 23.556002 10.600000 188 188 188
v 118.400002 23.556002 12.797999 188 188 188
v 118.400002 25.544001 10.600000 188 188 188
v 118.400002 25.544001 12.797999 188 188 188
v 118.400002 25.544001 10.600000 188 188 188
v 118.400002 23.556002 12.797999 188 188 188
v 118.400002 25.544001 12.797999 188 188 188
v 118.400002 23.556002 12.797999 188 188 188
v 118.400002 17.498001 23.398001 188 188 188
v 118.400002 19.744001 12.797999 188 188 188
v 118.400002 19.744001 10.600000 188 188 188
v 118.400002 17.498001 3.550000 188 188 188
v 118.400002 19.744001 10.600000 188 188 188
v 120.398003 19.744001 12.797999 188 188 188
v 120.398003 19.744001 10.600000 188 188 188
v 118.400002 21.648001 9.500000 188 188 188
v 120.398003 21.648001 9.500000 188 188 188
v 118.400002 23.556002 10.600000 188 188 188
v 120.398003 23.556002 10.600000 188 188 188
v 118.400002 23.556002 10.600000 188 188 188
v 120.398003 21.648001 9.500000 188 188 188
v 120.398003 21.648001 9.500000 188 188 188
v 120.398003 25.544001 10.600000 188 188 188
v 120.398003 23.556002 10.600000 188 188 188
v 120.398003 21.648001 9.500000 188 188 188
v 120.398003 27.448000 9.500000 188 188 188
v 120.398003 25.544001 10.600000 188 188 188
v 120.398003 27.448000 9.500000 188 188 188
v 120.398003 33.250000 9.500000 188 188 188
v 120.398003 31.341999 10.600000 188 188 188
v 120.398003 33.250000 9.500000 188 188 188
v 120.398003 39.050003 9.500000 188 188 188
v 120.398003 37.141998 10.600000 188 188 188
v 120.398003 39.050003 9.500000 188 188 188
v 118.400002 39.050003 9.500000 188 188 188
v 120.398003 37.141998 10.600000 188 188 188
v 120.398003 37.141998 10.600000 188 188 188
v 118.400002 39.050003 9.500000 188 188 188
v 118.400002 35.154003 10.600000 188 188 188
v 118.400002 37.141998 10.600000 188 188 188
v 118.400002 39.050003 9.500000 188 188 188
v 118.400002 35.154003 10.600000 188 188 188
v 118.400002 35.154003 12.797999 188 188 188
v 118.400002 37.141998 10.600000 188 188 188
v 118.400002 37.141998 12.797999 188 188 188
v 118.400002 37.141998 10.600000 188 188 188
v 118.400002 35.154003 12.797999 188 188 188
v 118.400002 37.141998 12.797999 188 188 188
v 118.400002 35.154003 12.797999 188 188 188
v 118.400002 17.498001 23.398001 188 188 188
v 118.400002 37.141998 10.600000 188 188 188
v 120.398003 37.141998 12.797999 188 188 188
v 120.398003 37.141998 10.600000 188 188 188
v 120.398003 56.448002 9.500000 188 188 188
v 118.400002 56.448002 9.500000 188 188 188
v 120.398003 54.543999 10.600000 188 188 188
v 118.400002 54.543999 10.600000 188 188 188
v 120.398003 54.543999 10.600000 188 188 188
v 118.400002 56.448002 9.500000 188 188 188
v 118.400002 54.543999 10.600000 188 188 188
v 120.398003 54.543999 12.797999 188 188 188
v 120.398003 54.543999 10.600000 188 188 188
v 118.400002 52.553997 10.600000 188 188 188
v 118.400002 52.553997 12.797999 188 188 188
v 118.400002 54.543999 10.600000 188 188 188
v 118.400002 54.543999 12.797999 188 188 188
v 118.400002 54.543999 10.600000 188 188 188
v 118.400002 52.553997 12.797999 188 188 188
v 118.400002 50.649998 9.500000 188 188 188
v 120.398003 50.649998 9.500000 188 188 188
v 118.400002 52.553997 10.600000 188 188 188
v 118.400002 46.754002 10.600000 188 188 188
v 118.400002 48.744003 10.600000 188 188 188
v 118.400002 50.649998 9.500000 188 188 188
v 118.400002 46.754002 10.600000 188 188 188
v 118.400002 46.754002 12.797999 188 188 188
v 118.400002 48.744003 10.600000 188 188 188
v 118.400002 48.744003 12.797999 188 188 188
v 118.400002 48.744003 10.600000 188 188 188
v 118.400002 46.754002 12.797999 188 188 188
v 118.400002 44.850002 9.500000 188 188 188
v 120.398003 44.850002 9.500000 188 188 188
v 118.400002 46.754002 10.600000 188 188 188
v 118.400002 40.954002 10.600000 188 188 188
v 118.400002 42.944000 10.600000 188 188 188
v 118.400002 44.850002 9.500000 188 188 188
v 118.400002 40.954002 10.600000 188 188 188
v 118.400002 40.954002 12.797999 188 188 188
v 118.400002 42.944000 10.600000 188 188 188
v 118.400002 42.944000 12.797999 188 188 188
v 118.400002 42.944000 10.600000 188 188 188
v 118.400002 40.954002 12.797999 188 188 188
v 118.400002 39.050003 9.500000 188 188 188
v 120.398003 39.050003 9.500000 188 188 188
v 118.400002 40.954002 10.600000 188 188 188
v 118.400002 33.250000 9.500000 188 188 188
v 118.400002 35.154003 10.600000 188 188 188
v 118.400002 39.050003 9.500000 188 188 188
v 118.400002 17.498001 3.550000 188 188 188
v 118.400002 27.448000 9.500000 188 188 188
v 118.400002 33.250000 9.500000 188 188 188
v 118.400002 48.550003 3.550000 188 188 188
v 116.548004 48.550003 3.550000 188 188 188
v 118.400002 17.498001 3.550000 188 188 188
v 118.400002 58.548000 4.954000 188 188 188
v 114.798004 58.548000 3.550000 188 188 188
v 118.400002 48.550003 4.954000 188 188 188
v 118.400002 58.548000 4.954000 188 188 188
v 118.400002 60.344002 10.600000 188 188 188
v 118.400002 62.247997 9.500000 188 188 188
v 118.400002 62.247997 9.500000 188 188 188
v 118.400002 64.153999 10.600000 188 188 188
v 118.400002 68.048004 9.500000 188 188 188
v 118.400002 68.048004 9.500000 188 188 188
v 120.398003 68.048004 9.500000 188 188 188
v 118.400002 69.956001 10.600000 188 188 188
v 118.400002 69.956001 10.600000 188 188 188
v 118.400002 71.944000 10.600000 188 188 188
v 118.400002 73.848007 9.500000 188 188 188
v 118.400002 69.956001 10.600000 188 188 188
v 118.400002 69.956001 12.797999 188 188 188
v 118.400002 71.944000 10.600000 188 188 188
v 118.400002 71.944000 12.797999 188 188 188
v 118.400002 71.944000 10.600000 188 188 188
v 118.400002 69.956001 12.797999 188 188 188
v 118.400002 73.848007 9.500000 188 188 188
v 120.398003 73.848007 9.500000 188 188 188
v 118.400002 75.756004 10.600000 188 188 188
v 118.400002 75.756004 10.600000 188 188 188
v 118.400002 75.756004 12.797999 188 188 188
v 118.400002 77.744003 10.600000 188 188 188
v 118.400002 77.744003 12.797999 188 188 188
v 118.400002 77.744003 10.600000 188 188 188
v 118.400002 75.756004 12.797999 188 188 188
v 118.400002 77.744003 10.600000 188 188 188
v 120.398003 77.744003 10.600000 188 188 188
v 118.400002 79.650002 9.500000 188 188 188
v 118.400002 77.744003 10.600000 188 188 188
v 120.398003 77.744003 12.797999 188 188 188
v 120.398003 77.744003 10.600000 188 188 188
v 118.400002 79.650002 9.500000 188 188 188
v 120.398003 79.650002 9.500000 188 188 188
v 118.400002 81.554001 10.600000 188 188 188
v 118.400002 83.542007 10.600000 188 188 188
v 118.400002 85.450005 9.500000 188 188 188
v 118.400002 89.600006 3.550000 188 188 188
v 118.400002 83.542007 12.797999 188 188 188
v 118.400002 83.542007 10.600000 188 188 188
v 118.400002 81.554001 12.797999 188 188 188
v 120.398003 81.554001 10.600000 188 188 188
v 118.400002 81.554001 10.600000 188 188 188
v 120.398003 79.650002 9.500000 188 188 188
v 118.400002 89.600006 23.398001 188 188 188
v 118.400002 83.542007 12.797999 188 188 188
v 118.400002 81.554001 12.797999 188 188 188
v 120.398003 77.744003 12.797999 188 188 188
v 118.400002 77.744003 10.600000 188 188 188
v 118.400002 77.744003 12.797999 188 188 188
v 120.398003 77.744003 12.797999 188 188 188
v 120.398003 75.756004 10.600000 188 188 188
v 120.398003 77.744003 10.600000 188 188 188
v 118.400002 75.756004 10.600000 188 188 188
v 120.398003 75.756004 10.600000 188 188 188
v 118.400002 75.756004 12.797999 188 188 188
v 118.400002 77.744003 12.797999 188 188 188
v 118.400002 75.756004 12.797999 188 188 188
v 118.400002 73.848007 13.898001 188 188 188
v 118.400002 73.848007 13.898001 188 188 188
v 118.400002 71.944000 12.797999 188 188 188
v 118.400002 68.048004 13.898001 188 188 188
v 120.398003 71.944000 12.797999 188 188 188
v 118.400002 71.944000 10.600000 188 188 188
v 118.400002 71.944000 12.797999 188 188 188
v 120.398003 71.944000 12.797999 188 188 188
v 120.398003 69.956001 10.600000 188 188 188
v 120.398003 71.944000 10.600000 188 188 188
v 118.400002 69.956001 10.600000 188 188 188
v 120.398003 69.956001 10.600000 188 188 188
v 118.400002 69.956001 12.797999 188 188 188
v 118.400002 71.944000 12.797999 188 188 188
v 118.400002 69.956001 12.797999 188 188 188
v 118.400002 68.048004 13.898001 188 188 188
v 118.400002 69.066002 19.216002 188 188 188
v 118.400002 68.048004 13.898001 188 188 188
v 118.400002 66.144005 12.797999 188 188 188
v 120.398003 66.144005 12.797999 188 188 188
v 118.400002 66.144005 10.600000 188 188 188
v 118.400002 66.144005 12.797999 188 188 188
v 120.398003 66.144005 12.797999 188 188 188
v 120.398003 64.153999 10.600000 188 188 188
v 120.398003 66.144005 10.600000 188 188 188
v 118.400002 64.153999 10.600000 188 188 188
v 120.398003 64.153999 10.600000 188 188 188
v 118.400002 64.153999 12.797999 188 188 188
v 118.400002 69.066002 19.216002 188 188 188
v 118.400002 64.153999 12.797999 188 188 188
v 118.400002 62.247997 13.898001 188 188 188
v 120.398003 68.048004 13.898001 188 188 188
v 120.398003 62.247997 13.898001 188 188 188
v 120.398003 64.153999 12.797999 188 188 188
v 120.398003 68.048004 13.898001 188 188 188
v 120.398003 17.498001 23.398001 188 188 188
v 120.398003 62.247997 13.898001 188 188 188
v 120.398003 62.247997 13.898001 188 188 188
v 120.398003 17.498001 23.398001 188 188 188
v 120.398003 56.448002 13.898001 188 188 188
v 120.398003 56.448002 13.898001 188 188 188
v 120.398003 17.498001 23.398001 188 188 188
v 120.398003 50.649998 13.898001 188 188 188
v 120.398003 50.649998 13.898001 188 188 188
v 120.398003 17.498001 23.398001 188 188 188
v 120.398003 44.850002 13.898001 188 188 188
v 120.398003 44.850002 13.898001 188 188 188
v 120.398003 17.498001 23.398001 188 188 188
v 120.398003 39.050003 13.898001 188 188 188
v 120.398003 39.050003 13.898001 188 188 188
v 120.398003 17.498001 23.398001 188 188 188
v 120.398003 33.250000 13.898001 188 188 188
v 120.398003 33.250000 13.898001 188 188 188
v 120.398003 17.498001 23.398001 188 188 188
v 120.398003 27.448000 13.898001 188 188 188
v 118.400002 63.066002 19.216002 188 188 188
v 118.400002 62.247997 13.898001 188 188 188
v 118.400002 60.344002 12.797999 188 188 188
v 120.398003 60.344002 12.797999 188 188 188
v 118.400002 60.344002 10.600000 188 188 188
v 118.400002 60.344002 12.797999 188 188 188
v 120.398003 60.344002 12.797999 188 188 188
v 120.398003 58.354000 10.600000 188 188 188
v 120.398003 60.344002 10.600000 188 188 188
v 118.400002 58.354000 10.600000 188 188 188
v 120.398003 58.354000 10.600000 188 188 188
v 118.400002 58.354000 12.797999 188 188 188
v 118.400002 63.066002 19.216002 188 188 188
v 118.400002 58.354000 12.797999 188 188 188
v 118.400002 56.448002 13.898001 188 188 188
v 120.398003 62.247997 13.898001 188 188 188
v 120.398003 56.448002 13.898001 188 188 188
v 120.398003 58.354000 12.797999 188 188 188
v 118.400002 56.448002 13.898001 188 188 188
v 118.400002 54.543999 12.797999 188 188 188
v 118.400002 44.032001 19.216002 188 188 188
v 120.398003 54.543999 12.797999 188 188 188
v 118.400002 54.543999 10.600000 188 188 188
v 118.400002 54.543999 12.797999 188 188 188
v 120.398003 54.543999 12.797999 188 188 188
v 120.398003 52.553997 10.600000 188 188 188
v 120.398003 54.543999 10.600000 188 188 188
v 118.400002 52.553997 10.600000 188 188 188
v 120.398003 52.553997 10.600000 188 188 188
v 118.400002 52.553997 12.797999 188 188 188
v 118.400002 54.543999 12.797999 188 188 188
v 118.400002 52.553997 12.797999 188 188 188
v 118.400002 50.649998 13.898001 188 188 188
v 120.398003 56.448002 13.898001 188 188 188
v 120.398003 50.649998 13.898001 188 188 188
v 120.398003 52.553997 12.797999 188 188 188
v 118.400002 50.649998 13.898001 188 188 188
v 118.400002 48.744003 12.797999 188 188 188
v 118.400002 44.850002 13.898001 188 188 188
v 120.398003 48.744003 12.797999 188 188 188
v 118.400002 48.744003 10.600000 188 188 188
v 118.400002 48.744003 12.797999 188 188 188
v 120.398003 48.744003 12.797999 188 188 188
v 120.398003 46.754002 10.600000 188 188 188
v 120.398003 48.744003 10.600000 188 188 188
v 118.400002 46.754002 10.600000 188 188 188
v 120.398003 46.754002 10.600000 188 188 188
v 118.400002 46.754002 12.797999 188 188 188
v 118.400002 48.744003 12.797999 188 188 188
v 118.400002 46.754002 12.797999 188 188 188
v 118.400002 44.850002 13.898001 188 188 188
v 120.398003 50.649998 13.898001 188 188 188
v 120.398003 44.850002 13.898001 188 188 188
v 120.398003 46.754002 12.797999 188 188 188
v 118.400002 44.850002 13.898001 188 188 188
v 118.400002 42.944000 12.797999 188 188 188
v 118.400002 39.050003 13.898001 188 188 188
v 120.398003 42.944000 12.797999 188 188 188
v 118.400002 42.944000 10.600000 188 188 188
v 118.400002 42.944000 12.797999 188 188 188
v 120.398003 42.944000 12.797999 188 188 188
v 120.398003 40.954002 10.600000 188 188 188
v 120.398003 42.944000 10.600000 188 188 188
v 118.400002 40.954002 10.600000 188 188 188
v 120.398003 40.954002 10.600000 188 188 188
v 118.400002 40.954002 12.797999 188 188 188
v 118.400002 42.944000 12.797999 188 188 188
v 118.400002 40.954002 12.797999 188 188 188
v 118.400002 39.050003 13.898001 188 188 188
v 120.398003 44.850002 13.898001 188 188 188
v 120.398003 39.050003 13.898001 188 188 188
v 120.398003 40.954002 12.797999 188 188 188
v 118.400002 39.050003 13.898001 188 188 188
v 118.400002 37.141998 12.797999 188 188 188
v 118.400002 17.498001 23.398001 188 188 188
v 120.398003 37.141998 12.797999 188 188 188
v 118.400002 37.141998 10.600000 188 188 188
v 118.400002 37.141998 12.797999 188 188 188
v 120.398003 37.141998 12.797999 188 188 188
v 120.398003 35.154003 10.600000 188 188 188
v 120.398003 37.141998 10.600000 188 188 188
v 118.400002 35.154003 10.600000 188 188 188
v 120.398003 35.154003 10.600000 188 188 188
v 118.400002 35.154003 12.797999 188 188 188
v 118.400002 35.154003 12.797999 188 188 188
v 118.400002 33.250000 13.898001 188 188 188
v 118.400002 17.498001 23.398001 188 188 188
v 118.400002 33.250000 13.898001 188 188 188
v 118.400002 27.448000 13.898001 188 188 188
v 118.400002 17.498001 23.398001 188 188 188
v 120.398003 39.050003 13.898001 188 188 188
v 120.398003 33.250000 13.898001 188 188 188
v 120.398003 35.154003 12.797999 188 188 188
v 118.400002 33.250000 13.898001 188 188 188
v 118.400002 31.341999 12.797999 188 188 188
v 118.400002 27.448000 13.898001 188 188 188
v 120.398003 31.341999 12.797999 188 188 188
v 118.400002 31.341999 10.600000 188 188 188
v 118.400002 31.341999 12.797999 188 188 188
v 120.398003 31.341999 12.797999 188 188 188
v 120.398003 29.354000 10.600000 188 188 188
v 120.398003 31.341999 10.600000 188 188 188
v 118.400002 29.354000 10.600000 188 188 188
v 120.398003 29.354000 10.600000 188 188 188
v 118.400002 29.354000 12.797999 188 188 188
v 118.400002 31.341999 12.797999 188 188 188
v 118.400002 29.354000 12.797999 188 188 188
v 118.400002 27.448000 13.898001 188 188 188
v 120.398003 33.250000 13.898001 188 188 188
v 120.398003 27.448000 13.898001 188 188 188
v 120.398003 29.354000 12.797999 188 188 188
v 118.400002 27.448000 13.898001 188 188 188
v 118.400002 25.544001 12.797999 188 188 188
v 118.400002 17.498001 23.398001 188 188 188
v 120.398003 25.544001 12.797999 188 188 188
v 118.400002 25.544001 10.600000 188 188 188
v 118.400002 25.544001 12.797999 188 188 188
v 120.398003 25.544001 12.797999 188 188 188
v 120.398003 23.556002 10.600000 188 188 188
v 120.398003 25.544001 10.600000 188 188 188
v 118.400002 23.556002 10.600000 188 188 188
v 120.398003 23.556002 10.600000 188 188 188
v 118.400002 23.556002 12.797999 188 188 188
v 118.400002 23.556002 12.797999 188 188 188
v 118.400002 21.648001 13.898001 188 188 188
v 118.400002 17.498001 23.398001 188 188 188
v 120.398003 27.448000 13.898001 188 188 188
v 120.398003 21.648001 13.898001 188 188 188
v 120.398003 23.556002 12.797999 188 188 188
v 118.400002 21.648001 13.898001 188 188 188
v 118.400002 19.744001 12.797999 188 188 188
v 118.400002 17.498001 23.398001 188 188 188
v 120.398003 19.744001 12.797999 188 188 188
v 118.400002 19.744001 10.600000 188 188 188
v 118.400002 19.744001 12.797999 188 188 188
v 120.398003 27.448000 13.898001 188 188 188
v 120.398003 17.498001 23.398001 188 188 188
v 120.398003 21.648001 13.898001 188 188 188
v 120.398003 19.744001 12.797999 188 188 188
v 120.398003 17.498001 0.000000 188 188 188
v 120.398003 19.744001 10.600000 188 188 188
v 120.398003 17.498001 0.000000 188 188 188
v 120.212006 16.076000 23.398001 188 188 188
v 120.212006 16.076000 23.398001 188 188 188
v 120.212006 16.076000 0.000000 188 188 188
v 120.212006 16.076000 0.000000 188 188 188
v 119.664009 14.748000 23.398001 188 188 188
v 119.664009 14.748000 0.000000 188 188 188
v 119.664009 14.748000 23.398001 188 188 188
v 118.788002 13.610001 23.398001 188 188 188
v 119.664009 14.748000 0.000000 188 188 188
v 118.788002 13.610001 23.398001 188 188 188
v 119.664009 14.748000 0.000000 188 188 188
v 118.900009 13.756001 3.550000 188 188 188
v 119.664009 14.748000 0.000000 188 188 188
v 118.900009 13.756001 2.000000 188 188 188
v 118.788002 13.610001 0.000000 188 188 188
v 118.900009 13.756001 2.000000 188 188 188
v 117.648003 12.736000 0.000000 188 188 188
v 118.788002 13.610001 0.000000 188 188 188
v 118.788002 13.610001 2.000000 188 188 188
v 120.212006 17.498001 0.000000 188 188 188
v 118.788002 13.610001 0.000000 188 188 188
v 117.648003 12.736000 0.000000 188 188 188
v 118.900009 13.756001 2.000000 188 188 188
v 118.788002 13.610001 2.000000 188 188 188
v 118.644005 13.500001 2.000000 188 188 188
v 118.788002 13.610001 2.000000 188 188 188
v 118.900009 13.500001 2.000000 188 188 188
v 120.212006 17.498001 0.000000 188 188 188
v 119.664009 14.748000 0.000000 188 188 188
v 118.788002 13.610001 0.000000 188 188 188
v 118.900009 13.756001 3.550000 188 188 188
v 118.900009 13.500001 2.000000 188 188 188
v 118.900009 13.756001 2.000000 188 188 188
v 118.900009 13.500001 2.000000 188 188 188
v 118.900009 13.756001 3.550000 188 188 188
v 118.900009 13.500001 3.550000 188 188 188
v 118.644005 13.500001 3.550000 188 188 188
v 118.900009 13.500001 2.000000 188 188 188
v 118.644005 13.500001 3.550000 188 188 188
v 118.900009 13.500001 3.550000 188 188 188
v 118.900009 13.756001 3.550000 188 188 188
v 118.788002 13.610001 3.550000 188 188 188
v 118.900009 13.500001 3.550000 188 188 188
v 118.788002 13.610001 3.550000 188 188 188
v 118.900009 13.756001 3.550000 188 188 188
v 118.788002 13.610001 23.398001 188 188 188
v 119.664009 14.748000 23.398001 188 188 188
v 118.788002 13.610001 23.398001 188 188 188
v 117.374008 15.024001 23.398001 188 188 188
v 119.664009 14.748000 23.398001 188 188 188
v 117.930008 15.750001 23.398001 188 188 188
v 117.930008 15.750001 23.398001 188 188 188
v 117.374008 15.024001 23.398001 188 188 188
v 117.374008 15.024001 23.398001 188 188 188
v 117.930008 15.750001 3.550000 188 188 188
v 117.954002 15.806001 3.550000 188 188 188
v 117.374008 15.024001 3.550000 188 188 188
v 117.930008 15.750001 3.550000 188 188 188
v 117.954002 15.806001 3.550000 188 188 188
v 116.650009 14.467999 3.550000 188 188 188
v 117.374008 15.024001 3.550000 188 188 188
v 117.374008 15.024001 23.398001 188 188 188
v 117.374008 15.024001 3.550000 188 188 188
v 116.650009 14.467999 23.398001 188 188 188
v 120.212006 17.498001 0.000000 188 188 188
v 120.212006 16.076000 0.000000 188 188 188
v 119.664009 14.748000 0.000000 188 188 188
v 120.212006 16.076000 23.398001 188 188 188
v 117.930008 15.750001 23.398001 188 188 188
v 119.664009 14.748000 23.398001 188 188 188
v 120.212006 16.076000 0.000000 188 188 188
v 120.212006 17.498001 0.000000 188 188 188
v 120.398003 17.498001 0.000000 188 188 188
v 118.400002 17.498001 23.398001 188 188 188
v 120.398003 17.498001 23.398001 188 188 188
v 118.400002 18.698000 23.398001 188 188 188
v 120.398003 53.548004 23.398001 188 188 188
v 118.400002 18.698000 23.398001 188 188 188
v 120.398003 17.498001 23.398001 188 188 188
v 118.400002 17.498001 3.550000 188 188 188
v 118.400002 17.498001 23.398001 188 188 188
v 118.400002 19.744001 12.797999 188 188 188
v 117.930008 15.750001 23.398001 188 188 188
v 120.212006 16.076000 23.398001 188 188 188
v 118.279999 16.592001 23.398001 188 188 188
v 117.930008 15.750001 3.550000 188 188 188
v 117.930008 15.750001 23.398001 188 188 188
v 117.954002 15.806001 3.550000 188 188 188
v 118.400002 17.498001 3.550000 188 188 188
v 116.548004 48.550003 3.550000 188 188 188
v 118.279999 16.592001 3.550000 188 188 188
v 116.548004 15.848000 3.550000 188 188 188
v 114.898003 14.000001 3.550000 188 188 188
v 114.898003 14.000001 3.550000 188 188 188
v 65.200005 15.848000 3.550000 188 188 188
v 65.200005 14.000001 3.550000 188 188 188
v 65.200005 15.848000 3.550000 188 188 188
v 65.200005 14.000001 4.954000 188 188 188
v 65.200005 15.848000 3.550000 188 188 188
v 65.200005 17.598000 3.550000 188 188 188
v 65.200005 15.848000 3.550000 188 188 188
v 65.200005 17.598000 3.550000 188 188 188
v 55.197998 17.598000 3.550000 188 188 188
v 55.197998 17.598000 3.550000 188 188 188
v 55.197998 15.848000 3.550000 188 188 188
v 55.197998 14.000001 4.954000 188 188 188
v 55.197998 14.000001 4.954000 188 188 188
v 55.197998 15.848000 3.550000 188 188 188
v 55.197998 15.848000 3.550000 188 188 188
v 5.500000 14.000001 3.550000 188 188 188
v 55.197998 14.000001 3.550000 188 188 188
v 5.500000 14.000001 3.550000 188 188 188
v 55.197998 14.000001 4.954000 188 188 188
v 55.197998 14.000001 3.550000 188 188 188
v 5.500000 14.000001 3.550000 188 188 188
v 55.197998 14.000001 4.954000 188 188 188
v 55.197998 14.000001 4.954000 188 188 188
v 41.000004 14.000001 9.794001 188 188 188
v 41.000004 14.000001 9.794001 188 188 188
v 44.598003 14.000001 9.794001 188 188 188
v 44.598003 14.000001 9.794001 188 188 188
v 42.100002 14.000001 11.698000 188 188 188
v 41.000004 14.000001 13.606001 188 188 188
v 42.100002 14.000001 11.698000 188 188 188
v 42.100002 11.998000 11.698000 188 188 188
v 41.000004 11.998000 13.606001 188 188 188
v 41.000004 14.000001 13.606001 188 188 188
v 41.000004 14.000001 13.606001 188 188 188
v 41.000004 11.998000 13.606001 188 188 188
v 38.798000 14.000001 13.606001 188 188 188
v 5.500000 14.000001 23.398001 188 188 188
v 41.000004 14.000001 13.606001 188 188 188
v 41.000004 14.000001 13.606001 188 188 188
v 5.500000 14.000001 23.398001 188 188 188
v 44.598003 14.000001 13.606001 188 188 188
v 41.000004 14.000001 13.606001 188 188 188
v 44.598003 14.000001 13.606001 188 188 188
v 44.598003 11.998000 13.606001 188 188 188
v 43.498001 14.000001 11.698000 188 188 188
v 43.498001 14.000001 11.698000 188 188 188
v 44.598003 11.998000 13.606001 188 188 188
v 42.100002 11.998000 11.698000 188 188 188
v 43.498001 11.998000 11.698000 188 188 188
v 44.598003 11.998000 13.606001 188 188 188
v 43.498001 11.998000 11.698000 188 188 188
v 42.100002 11.998000 11.698000 188 188 188
v 41.000004 11.998000 9.794001 188 188 188
v 43.498001 11.998000 11.698000 188 188 188
v 44.598003 11.998000 9.794001 188 188 188
v 44.598003 14.000001 9.794001 188 188 188
v 43.498001 11.998000 11.698000 188 188 188
v 44.598003 11.998000 9.794001 188 188 188
v 44.598003 14.000001 9.794001 188 188 188
v 46.800003 14.000001 9.794001 188 188 188
v 44.598003 11.998000 9.794001 188 188 188
v 46.800003 14.000001 9.794001 188 188 188
v 46.800003 11.998000 9.794001 188 188 188
v 46.800003 11.998000 9.794001 188 188 188
v 47.900002 14.000001 11.698000 188 188 188
v 47.900002 14.000001 11.698000 188 188 188
v 47.900002 11.998000 11.698000 188 188 188
v 47.900002 11.998000 11.698000 188 188 188
v 46.800003 11.998000 13.606001 188 188 188
v 46.800003 14.000001 13.606001 188 188 188
v 46.800003 14.000001 13.606001 188 188 188
v 46.800003 11.998000 13.606001 188 188 188
v 44.598003 14.000001 13.606001 188 188 188
v 47.900002 14.000001 11.698000 188 188 188
v 46.800003 14.000001 13.606001 188 188 188
v 49.300003 14.000001 11.698000 188 188 188
v 47.900002 14.000001 11.698000 188 188 188
v 49.300003 14.000001 11.698000 188 188 188
v 50.398003 14.000001 9.794001 188 188 188
v 50.398003 14.000001 9.794001 188 188 188
v 49.300003 11.998000 11.698000 188 188 188
v 46.800003 11.998000 9.794001 188 188 188
v 50.398003 11.998000 9.794001 188 188 188
v 49.300003 11.998000 11.698000 188 188 188
v 50.398003 11.998000 9.794001 188 188 188
v 46.800003 11.998000 9.794001 188 188 188
v 50.398003 11.998000 9.794001 188 188 188
v 36.098003 11.998000 2.998000 188 188 188
v 52.598000 11.998000 9.794001 188 188 188
v 36.098003 11.998000 2.998000 188 188 188
v 36.098003 11.998000 2.998000 188 188 188
v 56.200001 11.998000 9.794001 188 188 188
v 56.200001 11.998000 9.794001 188 188 188
v 84.300003 11.998000 2.998000 188 188 188
v 58.398003 11.998000 9.794001 188 188 188
v 84.300003 11.998000 2.998000 188 188 188
v 62.000000 11.998000 9.794001 188 188 188
v 84.300003 11.998000 2.998000 188 188 188
v 84.300003 11.998000 2.998000 188 188 188
v 64.198006 11.998000 9.794001 188 188 188
v 86.602005 11.998000 5.052000 188 188 188
v 64.198006 11.998000 9.794001 188 188 188
v 64.198006 11.998000 9.794001 188 188 188
v 86.754005 11.998000 5.274000 188 188 188
v 86.754005 11.998000 5.274000 188 188 188
v 67.800003 11.998000 9.794001 188 188 188
v 87.100006 11.998000 5.780000 188 188 188
v 67.800003 11.998000 9.794001 188 188 188
v 67.800003 11.998000 9.794001 188 188 188
v 87.110001 11.998000 6.062000 188 188 188
v 87.110001 11.998000 6.062000 188 188 188
v 69.998001 11.998000 9.794001 188 188 188
v 69.998001 11.998000 9.794001 188 188 188
v 86.702003 11.998000 6.686000 188 188 188
v 86.702003 11.998000 6.686000 188 188 188
v 73.600006 11.998000 9.794001 188 188 188
v 73.600006 11.998000 9.794001 188 188 188
v 86.410004 11.998000 7.136000 188 188 188
v 86.410004 11.998000 7.136000 188 188 188
v 75.799995 11.998000 9.794001 188 188 188
v 75.799995 11.998000 9.794001 188 188 188
v 85.835999 11.998000 8.018001 188 188 188
v 85.835999 11.998000 8.018001 188 188 188
v 79.399994 11.998000 9.794001 188 188 188
v 79.399994 11.998000 9.794001 188 188 188
v 85.410004 11.998000 8.674001 188 188 188
v 85.410004 11.998000 8.674001 188 188 188
v 81.599998 11.998000 9.794001 188 188 188
v 85.198006 11.998000 9.000000 188 188 188
v 81.599998 11.998000 9.794001 188 188 188
v 81.599998 11.998000 9.794001 188 188 188
v 87.200005 11.998000 9.000000 188 188 188
v 85.198006 11.998000 9.794001 188 188 188
v 87.200005 11.998000 9.000000 188 188 188
v 94.314003 11.998000 6.788000 188 188 188
v 85.198006 11.998000 9.794001 188 188 188
v 85.198006 11.998000 9.794001 188 188 188
v 94.049995 11.998000 7.426000 188 188 188
v 94.049995 11.998000 7.426000 188 188 188
v 87.400002 11.998000 9.794001 188 188 188
v 87.400002 11.998000 9.794001 188 188 188
v 93.492004 11.998000 8.772000 188 188 188
v 93.492004 11.998000 8.772000 188 188 188
v 90.998001 11.998000 9.794001 188 188 188
v 93.397995 11.998000 9.000000 188 188 188
v 90.998001 11.998000 9.794001 188 188 188
v 90.998001 11.998000 9.794001 188 188 188
v 94.961998 11.998000 9.000000 188 188 188
v 94.961998 11.998000 9.000000 188 188 188
v 93.200005 11.998000 9.794001 188 188 188
v 93.200005 11.998000 9.794001 188 188 188
v 95.400002 11.998000 9.000000 188 188 188
v 96.798004 11.998000 9.794001 188 188 188
v 95.400002 11.998000 9.000000 188 188 188
v 114.898003 11.998000 0.000000 188 188 188
v 96.798004 11.998000 9.794001 188 188 188
v 114.898003 11.998000 0.000000 188 188 188
v 98.998001 11.998000 9.794001 188 188 188
v 114.898003 11.998000 0.000000 188 188 188
v 102.598000 11.998000 9.794001 188 188 188
v 114.898003 11.998000 0.000000 188 188 188
v 104.797997 11.998000 9.794001 188 188 188
v 114.898003 11.998000 0.000000 188 188 188
v 108.399994 11.998000 9.794001 188 188 188
v 114.898003 11.998000 0.000000 188 188 188
v 108.399994 11.998000 9.794001 188 188 188
v 110.598007 11.998000 9.794001 188 188 188
v 110.598007 14.000001 9.794001 188 188 188
v 110.598007 11.998000 9.794001 188 188 188
v 110.598007 11.998000 9.794001 188 188 188
v 111.697998 11.998000 11.698000 188 188 188
v 111.697998 14.000001 11.698000 188 188 188
v 111.697998 14.000001 11.698000 188 188 188
v 111.697998 11.998000 11.698000 188 188 188
v 111.697998 14.000001 11.698000 188 188 188
v 110.598007 14.000001 13.606001 188 188 188
v 114.898003 14.000001 23.398001 188 188 188
v 110.598007 14.000001 13.606001 188 188 188
v 114.898003 14.000001 23.398001 188 188 188
v 109.232002 14.000001 22.397999 188 188 188
v 109.232002 14.000001 22.397999 188 188 188
v 103.231995 14.000001 22.397999 188 188 188
v 103.231995 14.000001 22.397999 188 188 188
v 109.232002 13.400001 22.397999 188 188 188
v 109.232002 13.400001 22.397999 188 188 188
v 103.231995 13.400001 22.397999 188 188 188
v 103.231995 13.400001 22.397999 188 188 188
v 109.232002 13.400001 20.198002 188 188 188
v 109.232002 13.400001 20.198002 188 188 188
v 103.231995 13.400001 20.198002 188 188 188
v 103.231995 13.400001 20.198002 188 188 188
v 109.232002 13.400001 19.600000 188 188 188
v 103.231995 13.400001 19.600000 188 188 188
v 109.232002 13.400001 19.600000 188 188 188
v 103.231995 13.400001 19.600000 188 188 188
v 109.232002 13.766001 19.600000 188 188 188
v 109.232002 13.766001 19.600000 188 188 188
v 103.231995 13.766001 19.600000 188 188 188
v 103.231995 13.766001 19.600000 188 188 188
v 109.232002 14.000001 19.216002 188 188 188
v 109.232002 14.000001 19.216002 188 188 188
v 103.231995 14.000001 19.216002 188 188 188
v 103.231995 14.000001 19.216002 188 188 188
v 104.797997 14.000001 13.606001 188 188 188
v 104.797997 14.000001 13.606001 188 188 188
v 104.797997 11.998000 13.606001 188 188 188
v 102.598000 14.000001 13.606001 188 188 188
v 104.797997 11.998000 13.606001 188 188 188
v 104.797997 14.000001 13.606001 188 188 188
v 104.797997 14.000001 13.606001 188 188 188
v 105.898003 11.998000 11.698000 188 188 188
v 104.797997 11.998000 9.794001 188 188 188
v 105.898003 11.998000 11.698000 188 188 188
v 105.898003 14.000001 11.698000 188 188 188
v 105.898003 14.000001 11.698000 188 188 188
v 104.797997 11.998000 9.794001 188 188 188
v 104.797997 14.000001 9.794001 188 188 188
v 105.898003 14.000001 11.698000 188 188 188
v 108.399994 14.000001 9.794001 188 188 188
v 114.898003 14.000001 3.550000 188 188 188
v 104.797997 14.000001 9.794001 188 188 188
v 104.797997 14.000001 9.794001 188 188 188
v 114.898003 14.000001 3.550000 188 188 188
v 102.598000 11.998000 9.794001 188 188 188
v 104.797997 14.000001 9.794001 188 188 188
v 102.598000 14.000001 9.794001 188 188 188
v 102.598000 11.998000 9.794001 188 188 188
v 102.598000 14.000001 9.794001 188 188 188
v 101.500008 11.998000 11.698000 188 188 188
v 102.598000 14.000001 9.794001 188 188 188
v 101.500008 14.000001 11.698000 188 188 188
v 102.598000 14.000001 9.794001 188 188 188
v 100.100006 14.000001 11.698000 188 188 188
v 101.500008 14.000001 11.698000 188 188 188
v 101.500008 14.000001 11.698000 188 188 188
v 99.064003 14.000001 19.216002 188 188 188
v 99.064003 14.000001 20.198002 188 188 188
v 99.064003 14.000001 19.216002 188 188 188
v 99.064003 14.000001 20.198002 188 188 188
v 99.064003 13.766001 19.600000 188 188 188
v 99.064003 14.000001 20.198002 188 188 188
v 99.064003 13.400001 20.198002 188 188 188
v 99.064003 13.400001 20.198002 188 188 188
v 99.064003 14.000001 22.397999 188 188 188
v 99.064003 14.000001 22.397999 188 188 188
v 99.064003 13.400001 22.397999 188 188 188
v 93.066002 14.000001 22.397999 188 188 188
v 99.064003 14.000001 22.397999 188 188 188
v 99.064003 14.000001 22.397999 188 188 188
v 52.282001 14.000001 22.898001 188 188 188
v 60.198002 14.000001 23.398001 188 188 188
v 52.282001 14.000001 22.898001 188 188 188
v 5.500000 14.000001 23.398001 188 188 188
v 60.198002 14.000001 23.398001 188 188 188
v 5.500000 14.000001 23.398001 188 188 188
v 60.198002 12.998000 23.398001 188 188 188
v 114.898003 14.000001 23.398001 188 188 188
v 60.198002 14.000001 23.398001 188 188 188
v 114.898003 14.000001 23.398001 188 188 188
v 60.198002 12.998000 23.398001 188 188 188
v 114.898003 11.998000 23.398001 188 188 188
v 5.500000 11.998000 23.398001 188 188 188
v 60.198002 12.998000 23.398001 188 188 188
v 5.500000 14.000001 23.398001 188 188 188
v 5.500000 14.000001 23.398001 188 188 188
v 4.594000 14.120000 23.398001 188 188 188
v 5.500000 11.998000 23.398001 188 188 188
v 5.500000 14.000001 23.398001 188 188 188
v 52.282001 14.000001 22.898001 188 188 188
v 5.500000 14.000001 23.398001 188 188 188
v 49.282001 14.000001 22.898001 188 188 188
v 49.282001 14.000001 22.898001 188 188 188
v 45.350002 14.000001 18.502001 188 188 188
v 45.350002 14.000001 18.502001 188 188 188
v 85.198006 14.000001 13.606001 188 188 188
v 85.198006 14.000001 13.606001 188 188 188
v 81.599998 14.000001 13.606001 188 188 188
v 81.599998 14.000001 13.606001 188 188 188
v 84.098000 14.000001 11.698000 188 188 188
v 84.098000 14.000001 11.698000 188 188 188
v 82.700005 14.000001 11.698000 188 188 188
v 82.700005 14.000001 11.698000 188 188 188
v 85.198006 14.000001 9.794001 188 188 188
v 85.198006 14.000001 9.794001 188 188 188
v 114.898003 14.000001 3.550000 188 188 188
v 81.599998 14.000001 9.794001 188 188 188
v 81.599998 14.000001 9.794001 188 188 188
v 114.898003 14.000001 3.550000 188 188 188
v 65.200005 14.000001 4.954000 188 188 188
v 81.599998 14.000001 9.794001 188 188 188
v 65.200005 14.000001 4.954000 188 188 188
v 79.399994 11.998000 9.794001 188 188 188
v 81.599998 14.000001 9.794001 188 188 188
v 79.399994 14.000001 9.794001 188 188 188
v 79.399994 11.998000 9.794001 188 188 188
v 79.399994 14.000001 9.794001 188 188 188
v 78.298004 11.998000 11.698000 188 188 188
v 79.399994 14.000001 9.794001 188 188 188
v 78.298004 14.000001 11.698000 188 188 188
v 79.399994 14.000001 9.794001 188 188 188
v 76.898003 14.000001 11.698000 188 188 188
v 78.298004 14.000001 11.698000 188 188 188
v 78.298004 14.000001 11.698000 188 188 188
v 75.799995 14.000001 13.606001 188 188 188
v 75.799995 14.000001 13.606001 188 188 188
v 79.399994 14.000001 13.606001 188 188 188
v 79.399994 14.000001 13.606001 188 188 188
v 42.450001 14.000001 18.502001 188 188 188
v 42.450001 14.000001 18.502001 188 188 188
v 5.500000 14.000001 23.398001 188 188 188
v 43.550003 14.000001 18.502001 188 188 188
v 5.500000 14.000001 23.398001 188 188 188
v 42.450001 14.000001 18.502001 188 188 188
v 5.500000 14.000001 23.398001 188 188 188
v 40.650002 14.000001 18.502001 188 188 188
v 39.550003 14.000001 18.502001 188 188 188
v 40.650002 14.000001 18.502001 188 188 188
v 39.550003 14.000001 18.502001 188 188 188
v 73.600006 14.000001 13.606001 188 188 188
v 39.550003 14.000001 18.502001 188 188 188
v 69.998001 14.000001 13.606001 188 188 188
v 37.750000 14.000001 18.502001 188 188 188
v 69.998001 14.000001 13.606001 188 188 188
v 37.750000 14.000001 18.502001 188 188 188
v 67.800003 14.000001 13.606001 188 188 188
v 36.650002 14.000001 18.502001 188 188 188
v 67.800003 14.000001 13.606001 188 188 188
v 36.650002 14.000001 18.502001 188 188 188
v 64.198006 14.000001 13.606001 188 188 188
v 5.500000 14.000001 23.398001 188 188 188
v 5.500000 14.000001 23.398001 188 188 188
v 64.198006 14.000001 13.606001 188 188 188
v 64.198006 14.000001 13.606001 188 188 188
v 64.198006 11.998000 13.606001 188 188 188
v 62.000000 14.000001 13.606001 188 188 188
v 64.198006 11.998000 13.606001 188 188 188
v 64.198006 14.000001 13.606001 188 188 188
v 64.198006 14.000001 13.606001 188 188 188
v 65.298004 11.998000 11.698000 188 188 188
v 64.198006 11.998000 9.794001 188 188 188
v 65.298004 11.998000 11.698000 188 188 188
v 65.298004 14.000001 11.698000 188 188 188
v 65.298004 14.000001 11.698000 188 188 188
v 64.198006 11.998000 9.794001 188 188 188
v 64.198006 14.000001 9.794001 188 188 188
v 65.298004 14.000001 11.698000 188 188 188
v 67.800003 14.000001 9.794001 188 188 188
v 65.200005 14.000001 4.954000 188 188 188
v 64.198006 14.000001 9.794001 188 188 188
v 64.198006 14.000001 9.794001 188 188 188
v 65.200005 14.000001 4.954000 188 188 188
v 62.000000 11.998000 9.794001 188 188 188
v 64.198006 14.000001 9.794001 188 188 188
v 62.000000 14.000001 9.794001 188 188 188
v 62.000000 11.998000 9.794001 188 188 188
v 62.000000 14.000001 9.794001 188 188 188
v 60.900002 11.998000 11.698000 188 188 188
v 62.000000 14.000001 9.794001 188 188 188
v 60.900002 14.000001 11.698000 188 188 188
v 62.000000 14.000001 9.794001 188 188 188
v 59.498001 14.000001 11.698000 188 188 188
v 60.900002 14.000001 11.698000 188 188 188
v 62.000000 14.000001 13.606001 188 188 188
v 60.900002 14.000001 11.698000 188 188 188
v 58.398003 14.000001 13.606001 188 188 188
v 62.000000 14.000001 13.606001 188 188 188
v 62.000000 11.998000 13.606001 188 188 188
v 60.900002 14.000001 11.698000 188 188 188
v 58.398003 14.000001 13.606001 188 188 188
v 59.498001 14.000001 11.698000 188 188 188
v 59.498001 11.998000 11.698000 188 188 188
v 58.398003 11.998000 13.606001 188 188 188
v 58.398003 14.000001 13.606001 188 188 188
v 58.398003 14.000001 13.606001 188 188 188
v 58.398003 11.998000 13.606001 188 188 188
v 56.200001 14.000001 13.606001 188 188 188
v 5.500000 14.000001 23.398001 188 188 188
v 58.398003 14.000001 13.606001 188 188 188
v 5.500000 14.000001 23.398001 188 188 188
v 56.200001 14.000001 13.606001 188 188 188
v 56.200001 14.000001 13.606001 188 188 188
v 52.598000 14.000001 13.606001 188 188 188
v 52.598000 14.000001 13.606001 188 188 188
v 55.100002 14.000001 11.698000 188 188 188
v 55.100002 14.000001 11.698000 188 188 188
v 53.699997 14.000001 11.698000 188 188 188
v 53.699997 14.000001 11.698000 188 188 188
v 56.200001 14.000001 9.794001 188 188 188
v 56.200001 14.000001 9.794001 188 188 188
v 65.200005 14.000001 4.954000 188 188 188
v 52.598000 14.000001 9.794001 188 188 188
v 52.598000 14.000001 9.794001 188 188 188
v 65.200005 14.000001 4.954000 188 188 188
v 50.398003 14.000001 9.794001 188 188 188
v 50.398003 14.000001 9.794001 188 188 188
v 65.200005 14.000001 4.954000 188 188 188
v 46.800003 14.000001 9.794001 188 188 188
v 55.197998 14.000001 4.954000 188 188 188
v 46.800003 14.000001 9.794001 188 188 188
v 65.200005 14.000001 4.954000 188 188 188
v 65.200005 14.000001 4.954000 188 188 188
v 56.200001 14.000001 9.794001 188 188 188
v 56.200001 11.998000 9.794001 188 188 188
v 58.398003 14.000001 9.794001 188 188 188
v 56.200001 14.000001 9.794001 188 188 188
v 56.200001 11.998000 9.794001 188 188 188
v 56.200001 14.000001 9.794001 188 188 188
v 53.699997 14.000001 11.698000 188 188 188
v 52.598000 14.000001 9.794001 188 188 188
v 52.598000 11.998000 9.794001 188 188 188
v 52.598000 11.998000 9.794001 188 188 188
v 53.699997 14.000001 11.698000 188 188 188
v 55.100002 11.998000 11.698000 188 188 188
v 53.699997 11.998000 11.698000 188 188 188
v 52.598000 11.998000 9.794001 188 188 188
v 53.699997 11.998000 11.698000 188 188 188
v 55.100002 11.998000 11.698000 188 188 188
v 56.200001 11.998000 13.606001 188 188 188
v 55.100002 11.998000 11.698000 188 188 188
v 55.100002 14.000001 11.698000 188 188 188
v 56.200001 11.998000 13.606001 188 188 188
v 55.100002 14.000001 11.698000 188 188 188
v 55.100002 11.998000 11.698000 188 188 188
v 56.200001 14.000001 9.794001 188 188 188
v 52.598000 14.000001 13.606001 188 188 188
v 53.699997 14.000001 11.698000 188 188 188
v 53.699997 11.998000 11.698000 188 188 188
v 53.699997 11.998000 11.698000 188 188 188
v 52.598000 11.998000 13.606001 188 188 188
v 52.598000 14.000001 13.606001 188 188 188
v 52.598000 14.000001 13.606001 188 188 188
v 52.598000 11.998000 13.606001 188 188 188
v 56.200001 14.000001 13.606001 188 188 188
v 56.200001 11.998000 13.606001 188 188 188
v 55.100002 14.000001 11.698000 188 188 188
v 50.398003 14.000001 13.606001 188 188 188
v 5.500000 14.000001 23.398001 188 188 188
v 52.598000 14.000001 13.606001 188 188 188
v 46.800003 14.000001 13.606001 188 188 188
v 5.500000 14.000001 23.398001 188 188 188
v 50.398003 14.000001 13.606001 188 188 188
v 58.398003 11.998000 9.794001 188 188 188
v 59.498001 11.998000 11.698000 188 188 188
v 59.498001 14.000001 11.698000 188 188 188
v 59.498001 14.000001 11.698000 188 188 188
v 58.398003 14.000001 9.794001 188 188 188
v 58.398003 11.998000 9.794001 188 188 188
v 60.900002 11.998000 11.698000 188 188 188
v 59.498001 11.998000 11.698000 188 188 188
v 58.398003 11.998000 9.794001 188 188 188
v 59.498001 11.998000 11.698000 188 188 188
v 60.900002 11.998000 11.698000 188 188 188
v 62.000000 11.998000 13.606001 188 188 188
v 58.398003 14.000001 9.794001 188 188 188
v 59.498001 14.000001 11.698000 188 188 188
v 62.000000 14.000001 9.794001 188 188 188
v 60.900002 11.998000 11.698000 188 188 188
v 60.900002 14.000001 11.698000 188 188 188
v 62.000000 11.998000 13.606001 188 188 188
v 62.000000 14.000001 9.794001 188 188 188
v 65.200005 14.000001 4.954000 188 188 188
v 58.398003 14.000001 9.794001 188 188 188
v 65.200005 14.000001 4.954000 188 188 188
v 67.800003 14.000001 9.794001 188 188 188
v 67.800003 11.998000 9.794001 188 188 188
v 69.998001 14.000001 9.794001 188 188 188
v 67.800003 14.000001 9.794001 188 188 188
v 67.800003 11.998000 9.794001 188 188 188
v 67.800003 14.000001 9.794001 188 188 188
v 66.700005 11.998000 11.698000 188 188 188
v 67.800003 14.000001 9.794001 188 188 188
v 66.700005 11.998000 11.698000 188 188 188
v 66.700005 14.000001 11.698000 188 188 188
v 67.800003 11.998000 13.606001 188 188 188
v 65.298004 11.998000 11.698000 188 188 188
v 66.700005 11.998000 11.698000 188 188 188
v 67.800003 11.998000 13.606001 188 188 188
v 67.800003 14.000001 13.606001 188 188 188
v 67.800003 11.998000 13.606001 188 188 188
v 66.700005 14.000001 11.698000 188 188 188
v 65.200005 14.000001 4.954000 188 188 188
v 69.998001 14.000001 9.794001 188 188 188
v 69.998001 14.000001 9.794001 188 188 188
v 73.600006 14.000001 9.794001 188 188 188
v 73.600006 14.000001 9.794001 188 188 188
v 71.098000 14.000001 11.698000 188 188 188
v 71.098000 14.000001 11.698000 188 188 188
v 69.998001 14.000001 13.606001 188 188 188
v 72.498001 14.000001 11.698000 188 188 188
v 69.998001 14.000001 13.606001 188 188 188
v 71.098000 14.000001 11.698000 188 188 188
v 71.098000 11.998000 11.698000 188 188 188
v 69.998001 11.998000 13.606001 188 188 188
v 69.998001 14.000001 13.606001 188 188 188
v 69.998001 11.998000 13.606001 188 188 188
v 71.098000 11.998000 11.698000 188 188 188
v 71.098000 11.998000 11.698000 188 188 188
v 73.600006 11.998000 13.606001 188 188 188
v 72.498001 11.998000 11.698000 188 188 188
v 72.498001 14.000001 11.698000 188 188 188
v 73.600006 11.998000 13.606001 188 188 188
v 73.600006 14.000001 13.606001 188 188 188
v 73.600006 11.998000 13.606001 188 188 188
v 72.498001 14.000001 11.698000 188 188 188
v 73.600006 11.998000 13.606001 188 188 188
v 73.600006 14.000001 13.606001 188 188 188
v 73.600006 11.998000 13.606001 188 188 188
v 75.799995 11.998000 13.606001 188 188 188
v 40.650002 11.998000 18.502001 188 188 188
v 75.799995 14.000001 13.606001 188 188 188
v 75.799995 11.998000 13.606001 188 188 188
v 73.600006 14.000001 13.606001 188 188 188
v 75.799995 11.998000 13.606001 188 188 188
v 75.799995 14.000001 13.606001 188 188 188
v 75.799995 11.998000 13.606001 188 188 188
v 76.898003 11.998000 11.698000 188 188 188
v 76.898003 11.998000 11.698000 188 188 188
v 78.298004 11.998000 11.698000 188 188 188
v 79.399994 11.998000 13.606001 188 188 188
v 78.298004 11.998000 11.698000 188 188 188
v 76.898003 11.998000 11.698000 188 188 188
v 75.799995 11.998000 9.794001 188 188 188
v 75.799995 11.998000 9.794001 188 188 188
v 76.898003 11.998000 11.698000 188 188 188
v 76.898003 14.000001 11.698000 188 188 188
v 76.898003 14.000001 11.698000 188 188 188
v 75.799995 11.998000 9.794001 188 188 188
v 75.799995 11.998000 13.606001 188 188 188
v 79.399994 11.998000 13.606001 188 188 188
v 42.450001 11.998000 18.502001 188 188 188
v 72.498001 11.998000 11.698000 188 188 188
v 71.098000 11.998000 11.698000 188 188 188
v 69.998001 11.998000 9.794001 188 188 188
v 69.998001 11.998000 9.794001 188 188 188
v 71.098000 11.998000 11.698000 188 188 188
v 71.098000 14.000001 11.698000 188 188 188
v 72.498001 14.000001 11.698000 188 188 188
v 72.498001 11.998000 11.698000 188 188 188
v 73.600006 14.000001 9.794001 188 188 188
v 73.600006 11.998000 9.794001 188 188 188
v 73.600006 14.000001 9.794001 188 188 188
v 72.498001 11.998000 11.698000 188 188 188
v 73.600006 11.998000 9.794001 188 188 188
v 75.799995 14.000001 9.794001 188 188 188
v 73.600006 14.000001 9.794001 188 188 188
v 71.098000 14.000001 11.698000 188 188 188
v 69.998001 14.000001 9.794001 188 188 188
v 69.998001 11.998000 9.794001 188 188 188
v 75.799995 14.000001 9.794001 188 188 188
v 65.200005 14.000001 4.954000 188 188 188
v 73.600006 14.000001 9.794001 188 188 188
v 66.700005 14.000001 11.698000 188 188 188
v 67.800003 14.000001 9.794001 188 188 188
v 65.298004 14.000001 11.698000 188 188 188
v 66.700005 11.998000 11.698000 188 188 188
v 65.298004 11.998000 11.698000 188 188 188
v 64.198006 11.998000 9.794001 188 188 188
v 65.298004 14.000001 11.698000 188 188 188
v 64.198006 14.000001 13.606001 188 188 188
v 66.700005 14.000001 11.698000 188 188 188
v 58.398003 14.000001 13.606001 188 188 188
v 5.500000 14.000001 23.398001 188 188 188
v 62.000000 14.000001 13.606001 188 188 188
v 67.800003 14.000001 13.606001 188 188 188
v 66.700005 14.000001 11.698000 188 188 188
v 64.198006 14.000001 13.606001 188 188 188
v 36.650002 14.000001 18.502001 188 188 188
v 5.500000 14.000001 23.398001 188 188 188
v 37.750000 14.000001 18.502001 188 188 188
v 69.998001 14.000001 13.606001 188 188 188
v 69.998001 11.998000 13.606001 188 188 188
v 67.800003 14.000001 13.606001 188 188 188
v 73.600006 14.000001 13.606001 188 188 188
v 72.498001 14.000001 11.698000 188 188 188
v 69.998001 14.000001 13.606001 188 188 188
v 73.600006 14.000001 13.606001 188 188 188
v 40.650002 14.000001 18.502001 188 188 188
v 75.799995 14.000001 13.606001 188 188 188
v 37.750000 14.000001 18.502001 188 188 188
v 5.500000 14.000001 23.398001 188 188 188
v 39.550003 14.000001 18.502001 188 188 188
v 79.399994 14.000001 13.606001 188 188 188
v 43.550003 14.000001 18.502001 188 188 188
v 81.599998 14.000001 13.606001 188 188 188
v 81.599998 14.000001 13.606001 188 188 188
v 81.599998 11.998000 13.606001 188 188 188
v 79.399994 14.000001 13.606001 188 188 188
v 79.399994 11.998000 13.606001 188 188 188
v 79.399994 14.000001 13.606001 188 188 188
v 81.599998 11.998000 13.606001 188 188 188
v 81.599998 11.998000 13.606001 188 188 188
v 81.599998 14.000001 13.606001 188 188 188
v 42.450001 14.000001 18.502001 188 188 188
v 75.799995 14.000001 13.606001 188 188 188
v 40.650002 14.000001 18.502001 188 188 188
v 79.399994 14.000001 13.606001 188 188 188
v 79.399994 11.998000 13.606001 188 188 188
v 78.298004 14.000001 11.698000 188 188 188
v 75.799995 14.000001 13.606001 188 188 188
v 76.898003 14.000001 11.698000 188 188 188
v 76.898003 11.998000 11.698000 188 188 188
v 75.799995 14.000001 9.794001 188 188 188
v 76.898003 14.000001 11.698000 188 188 188
v 79.399994 14.000001 9.794001 188 188 188
v 78.298004 11.998000 11.698000 188 188 188
v 78.298004 14.000001 11.698000 188 188 188
v 79.399994 11.998000 13.606001 188 188 188
v 79.399994 14.000001 9.794001 188 188 188
v 65.200005 14.000001 4.954000 188 188 188
v 75.799995 14.000001 9.794001 188 188 188
v 114.898003 14.000001 3.550000 188 188 188
v 85.198006 14.000001 9.794001 188 188 188
v 85.198006 11.998000 9.794001 188 188 188
v 87.400002 14.000001 9.794001 188 188 188
v 85.198006 14.000001 9.794001 188 188 188
v 85.198006 11.998000 9.794001 188 188 188
v 85.198006 14.000001 9.794001 188 188 188
v 114.898003 14.000001 3.550000 188 188 188
v 87.400002 14.000001 9.794001 188 188 188
v 87.400002 14.000001 9.794001 188 188 188
v 90.998001 14.000001 9.794001 188 188 188
v 90.998001 14.000001 9.794001 188 188 188
v 88.500008 14.000001 11.698000 188 188 188
v 88.500008 14.000001 11.698000 188 188 188
v 89.898003 14.000001 11.698000 188 188 188
v 89.898003 14.000001 11.698000 188 188 188
v 87.400002 14.000001 13.606001 188 188 188
v 87.400002 14.000001 13.606001 188 188 188
v 90.998001 14.000001 13.606001 188 188 188
v 90.998001 14.000001 13.606001 188 188 188
v 93.066002 14.000001 19.216002 188 188 188
v 93.200005 14.000001 13.606001 188 188 188
v 93.200005 11.998000 13.606001 188 188 188
v 90.998001 14.000001 13.606001 188 188 188
v 93.200005 11.998000 13.606001 188 188 188
v 93.200005 14.000001 13.606001 188 188 188
v 93.200005 14.000001 13.606001 188 188 188
v 94.300003 11.998000 11.698000 188 188 188
v 93.200005 11.998000 9.794001 188 188 188
v 94.300003 11.998000 11.698000 188 188 188
v 94.300003 14.000001 11.698000 188 188 188
v 94.300003 14.000001 11.698000 188 188 188
v 93.200005 11.998000 9.794001 188 188 188
v 93.200005 14.000001 9.794001 188 188 188
v 94.300003 14.000001 11.698000 188 188 188
v 96.798004 14.000001 9.794001 188 188 188
v 114.898003 14.000001 3.550000 188 188 188
v 93.200005 14.000001 9.794001 188 188 188
v 114.898003 14.000001 3.550000 188 188 188
v 96.798004 14.000001 9.794001 188 188 188
v 96.798004 11.998000 9.794001 188 188 188
v 98.998001 14.000001 9.794001 188 188 188
v 96.798004 14.000001 9.794001 188 188 188
v 96.798004 11.998000 9.794001 188 188 188
v 96.798004 14.000001 9.794001 188 188 188
v 95.700005 11.998000 11.698000 188 188 188
v 96.798004 14.000001 9.794001 188 188 188
v 95.700005 11.998000 11.698000 188 188 188
v 95.700005 14.000001 11.698000 188 188 188
v 96.798004 11.998000 13.606001 188 188 188
v 94.300003 11.998000 11.698000 188 188 188
v 95.700005 11.998000 11.698000 188 188 188
v 96.798004 11.998000 13.606001 188 188 188
v 96.798004 11.998000 13.606001 188 188 188
v 95.700005 14.000001 11.698000 188 188 188
v 96.798004 14.000001 13.606001 188 188 188
v 95.700005 14.000001 11.698000 188 188 188
v 93.200005 14.000001 13.606001 188 188 188
v 93.200005 14.000001 13.606001 188 188 188
v 99.064003 14.000001 19.216002 188 188 188
v 96.798004 14.000001 13.606001 188 188 188
v 96.798004 14.000001 13.606001 188 188 188
v 99.064003 14.000001 19.216002 188 188 188
v 98.998001 14.000001 13.606001 188 188 188
v 98.998001 11.998000 13.606001 188 188 188
v 96.798004 14.000001 13.606001 188 188 188
v 98.998001 11.998000 13.606001 188 188 188
v 98.998001 14.000001 13.606001 188 188 188
v 98.998001 14.000001 13.606001 188 188 188
v 100.100006 14.000001 11.698000 188 188 188
v 100.100006 11.998000 11.698000 188 188 188
v 98.998001 11.998000 9.794001 188 188 188
v 100.100006 11.998000 11.698000 188 188 188
v 100.100006 14.000001 11.698000 188 188 188
v 100.100006 14.000001 11.698000 188 188 188
v 98.998001 14.000001 9.794001 188 188 188
v 98.998001 11.998000 9.794001 188 188 188
v 101.500008 11.998000 11.698000 188 188 188
v 100.100006 11.998000 11.698000 188 188 188
v 98.998001 11.998000 9.794001 188 188 188
v 100.100006 11.998000 11.698000 188 188 188
v 101.500008 11.998000 11.698000 188 188 188
v 102.598000 11.998000 13.606001 188 188 188
v 95.700005 14.000001 11.698000 188 188 188
v 96.798004 14.000001 9.794001 188 188 188
v 94.300003 14.000001 11.698000 188 188 188
v 95.700005 11.998000 11.698000 188 188 188
v 94.300003 11.998000 11.698000 188 188 188
v 93.200005 11.998000 9.794001 188 188 188
v 94.300003 14.000001 11.698000 188 188 188
v 93.200005 14.000001 13.606001 188 188 188
v 95.700005 14.000001 11.698000 188 188 188
v 99.064003 14.000001 19.216002 188 188 188
v 93.200005 14.000001 13.606001 188 188 188
v 93.066002 14.000001 19.216002 188 188 188
v 93.066002 14.000001 19.216002 188 188 188
v 99.064003 14.000001 19.216002 188 188 188
v 93.066002 13.766001 19.600000 188 188 188
v 93.066002 14.000001 19.216002 188 188 188
v 93.066002 14.000001 22.397999 188 188 188
v 93.066002 13.766001 19.600000 188 188 188
v 93.066002 14.000001 19.600000 188 188 188
v 87.400002 14.000001 13.606001 188 188 188
v 93.066002 14.000001 22.397999 188 188 188
v 93.066002 14.000001 19.600000 188 188 188
v 85.198006 14.000001 13.606001 188 188 188
v 93.066002 14.000001 22.397999 188 188 188
v 87.400002 14.000001 13.606001 188 188 188
v 87.400002 14.000001 13.606001 188 188 188
v 87.400002 11.998000 13.606001 188 188 188
v 85.198006 14.000001 13.606001 188 188 188
v 87.400002 11.998000 13.606001 188 188 188
v 87.400002 14.000001 13.606001 188 188 188
v 93.066002 14.000001 22.397999 188 188 188
v 93.066002 13.766001 19.600000 188 188 188
v 93.066002 13.400001 19.600000 188 188 188
v 99.064003 13.766001 19.600000 188 188 188
v 93.066002 13.766001 19.600000 188 188 188
v 99.064003 13.766001 19.600000 188 188 188
v 93.066002 13.400001 19.600000 188 188 188
v 93.066002 13.400001 19.600000 188 188 188
v 99.064003 13.400001 19.600000 188 188 188
v 99.064003 13.400001 20.198002 188 188 188
v 99.064003 13.400001 19.600000 188 188 188
v 93.066002 13.400001 20.198002 188 188 188
v 93.066002 13.400001 20.198002 188 188 188
v 99.064003 13.400001 20.198002 188 188 188
v 93.066002 13.400001 20.198002 188 188 188
v 93.066002 14.000001 22.397999 188 188 188
v 93.066002 13.400001 22.397999 188 188 188
v 93.066002 13.400001 19.600000 188 188 188
v 93.066002 14.000001 22.397999 188 188 188
v 93.066002 13.400001 20.198002 188 188 188
v 87.400002 14.000001 13.606001 188 188 188
v 93.066002 14.000001 19.600000 188 188 188
v 93.066002 14.000001 19.216002 188 188 188
v 90.998001 14.000001 13.606001 188 188 188
v 90.998001 11.998000 13.606001 188 188 188
v 89.898003 14.000001 11.698000 188 188 188
v 89.898003 14.000001 11.698000 188 188 188
v 90.998001 11.998000 13.606001 188 188 188
v 88.500008 11.998000 11.698000 188 188 188
v 89.898003 11.998000 11.698000 188 188 188
v 90.998001 11.998000 13.606001 188 188 188
v 89.898003 11.998000 11.698000 188 188 188
v 88.500008 11.998000 11.698000 188 188 188
v 87.400002 11.998000 9.794001 188 188 188
v 87.400002 11.998000 9.794001 188 188 188
v 88.500008 11.998000 11.698000 188 188 188
v 88.500008 14.000001 11.698000 188 188 188
v 87.400002 14.000001 13.606001 188 188 188
v 88.500008 14.000001 11.698000 188 188 188
v 88.500008 11.998000 11.698000 188 188 188
v 89.898003 14.000001 11.698000 188 188 188
v 89.898003 11.998000 11.698000 188 188 188
v 90.998001 14.000001 9.794001 188 188 188
v 90.998001 11.998000 9.794001 188 188 188
v 90.998001 14.000001 9.794001 188 188 188
v 89.898003 11.998000 11.698000 188 188 188
v 90.998001 11.998000 9.794001 188 188 188
v 93.200005 14.000001 9.794001 188 188 188
v 90.998001 14.000001 9.794001 188 188 188
v 88.500008 14.000001 11.698000 188 188 188
v 87.400002 14.000001 9.794001 188 188 188
v 87.400002 11.998000 9.794001 188 188 188
v 93.200005 14.000001 9.794001 188 188 188
v 114.898003 14.000001 3.550000 188 188 188
v 90.998001 14.000001 9.794001 188 188 188
v 82.700005 14.000001 11.698000 188 188 188
v 81.599998 14.000001 9.794001 188 188 188
v 81.599998 11.998000 9.794001 188 188 188
v 81.599998 11.998000 9.794001 188 188 188
v 82.700005 11.998000 11.698000 188 188 188
v 82.700005 14.000001 11.698000 188 188 188
v 84.098000 11.998000 11.698000 188 188 188
v 82.700005 11.998000 11.698000 188 188 188
v 81.599998 11.998000 9.794001 188 188 188
v 82.700005 11.998000 11.698000 188 188 188
v 84.098000 11.998000 11.698000 188 188 188
v 85.198006 11.998000 13.606001 188 188 188
v 84.098000 11.998000 11.698000 188 188 188
v 84.098000 14.000001 11.698000 188 188 188
v 85.198006 11.998000 13.606001 188 188 188
v 84.098000 14.000001 11.698000 188 188 188
v 84.098000 11.998000 11.698000 188 188 188
v 85.198006 14.000001 9.794001 188 188 188
v 81.599998 14.000001 13.606001 188 188 188
v 82.700005 14.000001 11.698000 188 188 188
v 82.700005 11.998000 11.698000 188 188 188
v 85.198006 14.000001 13.606001 188 188 188
v 85.198006 11.998000 13.606001 188 188 188
v 84.098000 14.000001 11.698000 188 188 188
v 45.350002 14.000001 18.502001 188 188 188
v 81.599998 14.000001 13.606001 188 188 188
v 43.550003 14.000001 18.502001 188 188 188
v 85.198006 14.000001 13.606001 188 188 188
v 49.282001 14.000001 22.898001 188 188 188
v 93.066002 14.000001 22.397999 188 188 188
v 43.550003 14.000001 18.502001 188 188 188
v 5.500000 14.000001 23.398001 188 188 188
v 45.350002 14.000001 18.502001 188 188 188
v 114.898003 14.000001 23.398001 188 188 188
v 99.064003 14.000001 22.397999 188 188 188
v 60.198002 14.000001 23.398001 188 188 188
v 52.282001 14.000001 22.898001 188 188 188
v 93.066002 14.000001 22.397999 188 188 188
v 49.282001 14.000001 22.898001 188 188 188
v 93.066002 13.400001 22.397999 188 188 188
v 93.066002 14.000001 22.397999 188 188 188
v 99.064003 13.400001 22.397999 188 188 188
v 99.064003 13.400001 22.397999 188 188 188
v 99.064003 13.400001 20.198002 188 188 188
v 93.066002 13.400001 22.397999 188 188 188
v 103.231995 14.000001 22.397999 188 188 188
v 99.064003 14.000001 20.198002 188 188 188
v 99.064003 14.000001 22.397999 188 188 188
v 99.064003 13.400001 19.600000 188 188 188
v 99.064003 13.400001 20.198002 188 188 188
v 99.064003 13.766001 19.600000 188 188 188
v 99.064003 13.766001 19.600000 188 188 188
v 99.064003 14.000001 19.216002 188 188 188
v 93.066002 13.766001 19.600000 188 188 188
v 103.231995 14.000001 22.397999 188 188 188
v 101.500008 14.000001 11.698000 188 188 188
v 99.064003 14.000001 20.198002 188 188 188
v 101.500008 14.000001 11.698000 188 188 188
v 103.231995 14.000001 22.397999 188 188 188
v 101.500008 14.000001 11.698000 188 188 188
v 103.231995 14.000001 20.198002 188 188 188
v 103.231995 14.000001 19.216002 188 188 188
v 103.231995 14.000001 22.397999 188 188 188
v 103.231995 13.400001 20.198002 188 188 188
v 103.231995 14.000001 20.198002 188 188 188
v 103.231995 14.000001 20.198002 188 188 188
v 103.231995 13.400001 20.198002 188 188 188
v 103.231995 13.766001 19.600000 188 188 188
v 99.064003 14.000001 19.216002 188 188 188
v 100.100006 14.000001 11.698000 188 188 188
v 98.998001 14.000001 13.606001 188 188 188
v 98.998001 14.000001 9.794001 188 188 188
v 100.100006 14.000001 11.698000 188 188 188
v 102.598000 14.000001 9.794001 188 188 188
v 101.500008 11.998000 11.698000 188 188 188
v 101.500008 14.000001 11.698000 188 188 188
v 102.598000 11.998000 13.606001 188 188 188
v 102.598000 14.000001 13.606001 188 188 188
v 102.598000 11.998000 13.606001 188 188 188
v 101.500008 14.000001 11.698000 188 188 188
v 102.598000 14.000001 9.794001 188 188 188
v 114.898003 14.000001 3.550000 188 188 188
v 98.998001 14.000001 9.794001 188 188 188
v 110.598007 14.000001 9.794001 188 188 188
v 114.898003 14.000001 3.550000 188 188 188
v 108.399994 14.000001 9.794001 188 188 188
v 108.399994 14.000001 9.794001 188 188 188
v 105.898003 14.000001 11.698000 188 188 188
v 107.300003 14.000001 11.698000 188 188 188
v 108.399994 14.000001 9.794001 188 188 188
v 108.399994 11.998000 9.794001 188 188 188
v 108.399994 14.000001 9.794001 188 188 188
v 107.300003 11.998000 11.698000 188 188 188
v 107.300003 11.998000 11.698000 188 188 188
v 107.300003 14.000001 11.698000 188 188 188
v 108.399994 11.998000 13.606001 188 188 188
v 105.898003 11.998000 11.698000 188 188 188
v 107.300003 11.998000 11.698000 188 188 188
v 108.399994 11.998000 13.606001 188 188 188
v 108.399994 11.998000 13.606001 188 188 188
v 107.300003 14.000001 11.698000 188 188 188
v 108.399994 14.000001 13.606001 188 188 188
v 107.300003 14.000001 11.698000 188 188 188
v 104.797997 14.000001 13.606001 188 188 188
v 107.300003 11.998000 11.698000 188 188 188
v 105.898003 11.998000 11.698000 188 188 188
v 104.797997 11.998000 9.794001 188 188 188
v 105.898003 14.000001 11.698000 188 188 188
v 104.797997 14.000001 13.606001 188 188 188
v 107.300003 14.000001 11.698000 188 188 188
v 101.500008 14.000001 11.698000 188 188 188
v 103.231995 14.000001 19.216002 188 188 188
v 102.598000 14.000001 13.606001 188 188 188
v 104.797997 14.000001 13.606001 188 188 188
v 109.232002 14.000001 19.216002 188 188 188
v 108.399994 14.000001 13.606001 188 188 188
v 108.399994 14.000001 13.606001 188 188 188
v 109.232002 14.000001 19.216002 188 188 188
v 110.598007 14.000001 13.606001 188 188 188
v 110.598007 14.000001 13.606001 188 188 188
v 110.598007 11.998000 13.606001 188 188 188
v 108.399994 14.000001 13.606001 188 188 188
v 110.598007 14.000001 13.606001 188 188 188
v 109.232002 14.000001 19.216002 188 188 188
v 103.231995 14.000001 20.198002 188 188 188
v 103.231995 13.766001 19.600000 188 188 188
v 103.231995 14.000001 19.216002 188 188 188
v 109.232002 14.000001 19.600000 188 188 188
v 109.232002 14.000001 19.216002 188 188 188
v 109.232002 13.766001 19.600000 188 188 188
v 109.232002 14.000001 19.600000 188 188 188
v 109.232002 13.766001 19.600000 188 188 188
v 109.232002 13.400001 22.397999 188 188 188
v 103.231995 13.400001 19.600000 188 188 188
v 103.231995 13.766001 19.600000 188 188 188
v 103.231995 13.400001 20.198002 188 188 188
v 109.232002 13.400001 19.600000 188 188 188
v 109.232002 13.400001 20.198002 188 188 188
v 109.232002 13.766001 19.600000 188 188 188
v 109.232002 13.400001 20.198002 188 188 188
v 109.232002 13.400001 22.397999 188 188 188
v 109.232002 13.766001 19.600000 188 188 188
v 103.231995 13.400001 20.198002 188 188 188
v 103.231995 14.000001 22.397999 188 188 188
v 103.231995 13.400001 22.397999 188 188 188
v 109.232002 14.000001 22.397999 188 188 188
v 109.232002 14.000001 19.600000 188 188 188
v 109.232002 13.400001 22.397999 188 188 188
v 99.064003 14.000001 22.397999 188 188 188
v 114.898003 14.000001 23.398001 188 188 188
v 103.231995 14.000001 22.397999 188 188 188
v 109.232002 14.000001 22.397999 188 188 188
v 110.598007 14.000001 13.606001 188 188 188
v 109.232002 14.000001 19.600000 188 188 188
v 114.898003 14.000001 23.398001 188 188 188
v 114.898003 14.000001 3.550000 188 188 188
v 111.697998 14.000001 11.698000 188 188 188
v 115.804001 14.120000 23.398001 188 188 188
v 114.898003 14.000001 3.550000 188 188 188
v 114.898003 14.000001 23.398001 188 188 188
v 114.898003 14.000001 23.398001 188 188 188
v 116.322006 12.188001 23.398001 188 188 188
v 115.804001 14.120000 23.398001 188 188 188
v 111.697998 14.000001 11.698000 188 188 188
v 114.898003 14.000001 3.550000 188 188 188
v 110.598007 14.000001 9.794001 188 188 188
v 108.399994 11.998000 9.794001 188 188 188
v 110.598007 14.000001 9.794001 188 188 188
v 108.399994 14.000001 9.794001 188 188 188
v 104.797997 11.998000 9.794001 188 188 188
v 108.399994 11.998000 9.794001 188 188 188
v 107.300003 11.998000 11.698000 188 188 188
v 104.797997 14.000001 9.794001 188 188 188
v 102.598000 11.998000 9.794001 188 188 188
v 104.797997 11.998000 9.794001 188 188 188
v 98.998001 11.998000 9.794001 188 188 188
v 102.598000 11.998000 9.794001 188 188 188
v 101.500008 11.998000 11.698000 188 188 188
v 98.998001 14.000001 9.794001 188 188 188
v 96.798004 11.998000 9.794001 188 188 188
v 98.998001 11.998000 9.794001 188 188 188
v 95.400002 11.998000 9.000000 188 188 188
v 114.898003 11.998000 0.000000 188 188 188
v 95.400002 11.998000 8.802000 188 188 188
v 114.898003 11.998000 0.000000 188 188 188
v 95.400002 11.998000 7.990000 188 188 188
v 114.898003 11.998000 0.000000 188 188 188
v 95.400002 11.998000 6.944000 188 188 188
v 114.898003 11.998000 0.000000 188 188 188
v 95.400002 11.998000 6.430000 188 188 188
v 114.898003 11.998000 0.000000 188 188 188
v 95.400002 11.998000 5.734000 188 188 188
v 114.898003 11.998000 0.000000 188 188 188
v 95.400002 11.998000 5.380000 188 188 188
v 114.898003 11.998000 0.000000 188 188 188
v 95.400002 11.998000 4.884000 188 188 188
v 114.898003 11.998000 0.000000 188 188 188
v 95.400002 11.998000 4.624000 188 188 188
v 114.898003 11.998000 0.000000 188 188 188
v 95.400002 11.998000 4.252000 188 188 188
v 114.898003 11.998000 0.000000 188 188 188
v 95.400002 11.998000 4.170000 188 188 188
v 114.898003 11.998000 0.000000 188 188 188
v 95.400002 11.998000 4.054000 188 188 188
v 114.898003 11.998000 0.000000 188 188 188
v 95.400002 11.998000 3.212000 188 188 188
v 114.898003 11.998000 0.000000 188 188 188
v 114.898003 11.998000 0.000000 188 188 188
v 96.298004 11.998000 2.998000 188 188 188
v 96.298004 11.998000 0.000000 188 188 188
v 96.298004 11.998000 2.998000 188 188 188
v 96.298004 11.998000 0.000000 188 188 188
v 96.298004 11.618322 0.189776 188 188 188
v 96.298004 11.998000 0.000000 188 188 188
v 96.298004 11.618322 0.000000 188 188 188
v 96.290718 11.618322 0.000000 188 188 188
v 96.298004 11.998000 0.000000 188 188 188
v 114.898003 17.498001 0.000000 188 188 188
v 96.298004 11.998000 0.000000 188 188 188
v 84.300003 11.998000 0.000000 188 188 188
v 114.898003 17.498001 0.000000 188 188 188
v 84.300003 11.998000 0.000000 188 188 188
v 36.098003 11.998000 0.000000 188 188 188
v 75.500000 14.748000 0.000000 188 188 188
v 84.300003 11.998000 0.000000 188 188 188
v 36.098003 11.998000 0.000000 188 188 188
v 84.300003 11.998000 0.000000 188 188 188
v 36.098003 11.998000 2.998000 188 188 188
v 36.098003 11.998000 0.000000 188 188 188
v 36.098003 11.998000 2.998000 188 188 188
v 36.098003 11.998000 0.000000 188 188 188
v 36.098003 11.618322 0.189776 188 188 188
v 36.098003 11.618322 0.189776 188 188 188
v 36.098003 11.998000 2.998000 188 188 188
v 36.098003 11.618322 2.998000 188 188 188
v 36.098003 11.998000 2.998000 188 188 188
v 84.300003 11.998000 0.000000 188 188 188
v 96.290718 11.618322 0.000000 188 188 188
v 84.300003 11.998000 2.998000 188 188 188
v 84.300003 11.998000 2.998000 188 188 188
v 85.057671 11.618322 2.998000 188 188 188
v 84.300003 11.998000 2.998000 188 188 188
v 85.198006 11.870001 2.998000 188 188 188
v 86.602005 11.998000 5.052000 188 188 188
v 85.198006 11.998000 2.998000 188 188 188
v 85.198006 11.870001 2.998000 188 188 188
v 85.198006 11.870001 2.998000 188 188 188
v 86.602005 11.998000 5.052000 188 188 188
v 84.300003 11.998000 2.998000 188 188 188
v 84.389870 11.618322 2.998000 188 188 188
v 84.300003 11.998000 2.998000 188 188 188
v 84.300003 11.998000 2.998000 188 188 188
v 84.300003 11.618322 2.808224 188 188 188
v 84.300003 11.998000 2.998000 188 188 188
v 84.300003 11.998000 0.000000 188 188 188
v 84.300003 11.618322 0.000000 188 188 188
v 84.300003 11.998000 0.000000 188 188 188
v 84.300003 11.618322 0.000000 188 188 188
v 84.597466 11.618322 0.000000 188 188 188
v 84.300003 11.998000 0.000000 188 188 188
v 84.300003 11.998000 0.000000 188 188 188
v 84.300003 11.998000 0.000000 188 188 188
v 84.861153 11.618322 0.000000 188 188 188
v 84.300003 11.998000 0.000000 188 188 188
v 84.829781 11.618322 0.000000 188 188 188
v 84.300003 11.998000 0.000000 188 188 188
v 84.784622 11.618322 0.000000 188 188 188
v 84.300003 11.998000 0.000000 188 188 188
v 84.731827 11.618322 0.000000 188 188 188
v 84.633675 11.618322 0.000000 188 188 188
v 84.300003 11.998000 0.000000 188 188 188
v 84.679520 11.618322 0.000000 188 188 188
v 84.361458 11.618322 2.998000 188 188 188
v 84.300003 11.998000 2.998000 188 188 188
v 84.300003 11.618322 2.998000 188 188 188
v 85.198006 11.618322 2.998000 188 188 188
v 85.198006 11.870001 2.998000 188 188 188
v 85.057671 11.618322 2.998000 188 188 188
v 86.602005 11.998000 5.052000 188 188 188
v 85.198006 11.618322 2.998000 188 188 188
v 85.417404 11.618322 3.318978 188 188 188
v 86.602005 11.998000 5.052000 188 188 188
v 85.441162 11.618322 3.353675 188 188 188
v 86.754005 11.998000 5.274000 188 188 188
v 85.495232 11.618322 3.432744 188 188 188
v 87.100006 11.998000 5.780000 188 188 188
v 87.100006 11.998000 5.780000 188 188 188
v 85.510849 11.618322 3.455251 188 188 188
v 87.110001 11.998000 6.062000 188 188 188
v 87.200005 11.998000 5.924000 188 188 188
v 85.510849 11.618322 3.455251 188 188 188
v 87.110001 11.998000 6.062000 188 188 188
v 85.510849 11.618322 3.455251 188 188 188
v 85.198006 11.998000 9.000000 188 188 188
v 85.198006 11.998000 9.000000 188 188 188
v 85.198006 11.618322 8.728646 188 188 188
v 85.198006 11.998000 9.000000 188 188 188
v 85.198006 11.618322 8.721074 188 188 188
v 85.198006 11.998000 9.000000 188 188 188
v 85.198006 11.998000 9.000000 188 188 188
v 85.198006 11.618322 8.678767 188 188 188
v 85.198006 11.618322 8.669640 188 188 188
v 85.198006 11.998000 9.000000 188 188 188
v 85.198006 11.998000 9.000000 188 188 188
v 85.198006 11.998000 9.000000 188 188 188
v 85.198006 11.618322 3.935938 188 188 188
v 85.198006 11.998000 9.000000 188 188 188
v 85.198006 11.618322 8.399360 188 188 188
v 85.198006 11.998000 9.000000 188 188 188
v 85.198006 11.618322 8.589252 188 188 188
v 85.198006 11.998000 9.000000 188 188 188
v 85.198006 11.618322 8.602438 188 188 188
v 85.198006 11.998000 9.000000 188 188 188
v 85.198006 11.618322 8.603130 188 188 188
v 85.198006 11.998000 9.000000 188 188 188
v 85.198006 11.618322 8.605330 188 188 188
v 85.198006 11.998000 9.000000 188 188 188
v 85.198006 11.998000 9.000000 188 188 188
v 85.198006 11.618322 8.630541 188 188 188
v 85.198006 11.998000 9.000000 188 188 188
v 85.198006 11.618322 8.625809 188 188 188
v 85.198006 11.998000 9.000000 188 188 188
v 85.198006 11.618322 8.620070 188 188 188
v 85.198006 11.998000 9.000000 188 188 188
v 85.198006 11.618322 8.609120 188 188 188
v 85.198006 11.618322 8.614282 188 188 188
v 85.198006 11.998000 9.000000 188 188 188
v 85.198006 11.618322 8.633864 188 188 188
v 85.198006 11.998000 9.000000 188 188 188
v 85.198006 11.618322 8.654618 188 188 188
v 85.198006 11.618322 8.661695 188 188 188
v 85.198006 11.998000 9.000000 188 188 188
v 85.198006 11.618322 8.689702 188 188 188
v 85.198006 11.618322 8.703278 188 188 188
v 85.410004 11.998000 8.674001 188 188 188
v 85.231133 11.618322 3.884993 188 188 188
v 85.835999 11.998000 8.018001 188 188 188
v 85.297707 11.618322 3.782499 188 188 188
v 86.410004 11.998000 7.136000 188 188 188
v 85.387405 11.618322 3.644654 188 188 188
v 86.702003 11.998000 6.686000 188 188 188
v 85.496788 11.618322 3.476813 188 188 188
v 85.433037 11.618322 3.574330 188 188 188
v 87.200005 11.998000 9.000000 188 188 188
v 87.109497 11.618322 8.728646 188 188 188
v 87.200005 11.998000 9.000000 188 188 188
v 87.113747 11.618322 8.728646 188 188 188
v 87.200005 11.998000 9.000000 188 188 188
v 87.114639 11.618322 8.728646 188 188 188
v 87.200005 11.998000 9.000000 188 188 188
v 87.126854 11.618322 8.728646 188 188 188
v 87.200005 11.998000 9.000000 188 188 188
v 87.141327 11.618322 8.728646 188 188 188
v 87.200005 11.998000 9.000000 188 188 188
v 87.157860 11.618322 8.728646 188 188 188
v 87.200005 11.998000 9.000000 188 188 188
v 87.177307 11.618322 8.728646 188 188 188
v 87.200005 11.998000 9.000000 188 188 188
v 87.200005 11.618322 8.728646 188 188 188
v 87.200005 11.998000 9.000000 188 188 188
v 87.200005 11.618322 8.727999 188 188 188
v 87.200005 11.998000 9.000000 188 188 188
v 87.200005 11.618322 8.712850 188 188 188
v 87.200005 11.998000 9.000000 188 188 188
v 87.200005 11.618322 8.661192 188 188 188
v 87.200005 11.998000 9.000000 188 188 188
v 87.200005 11.618322 8.651769 188 188 188
v 87.200005 11.998000 9.000000 188 188 188
v 87.200005 11.618322 8.637822 188 188 188
v 87.200005 11.998000 9.000000 188 188 188
v 87.200005 11.618322 8.620070 188 188 188
v 87.200005 11.998000 9.000000 188 188 188
v 87.200005 11.618322 8.600626 188 188 188
v 87.200005 11.998000 9.000000 188 188 188
v 87.200005 11.618322 8.582173 188 188 188
v 87.200005 11.998000 9.000000 188 188 188
v 87.200005 11.618322 8.567749 188 188 188
v 87.200005 11.998000 9.000000 188 188 188
v 87.200005 11.618322 8.559221 188 188 188
v 87.200005 11.998000 9.000000 188 188 188
v 87.200005 11.618322 8.556821 188 188 188
v 87.200005 11.998000 9.000000 188 188 188
v 87.200005 11.618322 8.498940 188 188 188
v 87.200005 11.618322 6.422142 188 188 188
v 87.200005 11.998000 9.000000 188 188 188
v 87.200005 11.618322 6.422142 188 188 188
v 87.200005 11.998000 8.148001 188 188 188
v 87.200005 11.618322 5.936076 188 188 188
v 87.200005 11.998000 8.148001 188 188 188
v 87.200005 11.998000 8.148001 188 188 188
v 87.200005 11.998000 7.642000 188 188 188
v 94.660004 11.998000 5.952000 188 188 188
v 94.314003 11.998000 6.788000 188 188 188
v 87.200005 11.998000 8.148001 188 188 188
v 94.314003 11.998000 6.788000 188 188 188
v 94.660004 11.998000 5.952000 188 188 188
v 94.660004 11.998000 5.952000 188 188 188
v 94.518242 11.618322 5.620175 188 188 188
v 93.397995 11.998000 9.000000 188 188 188
v 93.397995 11.998000 9.000000 188 188 188
v 93.397995 11.618322 8.728646 188 188 188
v 94.961998 11.998000 9.000000 188 188 188
v 94.891296 11.618322 8.728646 188 188 188
v 95.400002 11.998000 9.000000 188 188 188
v 95.309494 11.618322 8.728646 188 188 188
v 95.400002 11.998000 9.000000 188 188 188
v 95.320152 11.618322 8.728646 188 188 188
v 95.400002 11.998000 9.000000 188 188 188
v 95.331642 11.618322 8.728646 188 188 188
v 95.400002 11.998000 9.000000 188 188 188
v 95.352982 11.618322 8.728646 188 188 188
v 95.400002 11.998000 9.000000 188 188 188
v 95.400002 11.998000 9.000000 188 188 188
v 95.400002 11.618322 8.704125 188 188 188
v 95.400002 11.998000 9.000000 188 188 188
v 95.400002 11.618322 8.661091 188 188 188
v 95.400002 11.998000 8.802000 188 188 188
v 95.400002 11.998000 8.802000 188 188 188
v 95.400002 11.618322 8.035246 188 188 188
v 95.400002 11.618322 7.330518 188 188 188
v 95.400002 11.998000 7.990000 188 188 188
v 95.400002 11.998000 6.944000 188 188 188
v 95.400002 11.618322 6.422702 188 188 188
v 95.400002 11.998000 6.430000 188 188 188
v 95.400002 11.618322 5.976606 188 188 188
v 95.400002 11.618322 5.372553 188 188 188
v 95.400002 11.998000 5.734000 188 188 188
v 95.400002 11.998000 5.380000 188 188 188
v 95.400002 11.618322 5.065319 188 188 188
v 95.400002 11.998000 4.884000 188 188 188
v 95.400002 11.618322 4.634844 188 188 188
v 95.400002 11.998000 4.624000 188 188 188
v 95.400002 11.618322 4.409193 188 188 188
v 95.045517 11.618322 3.962009 188 188 188
v 95.253998 11.998000 4.084000 188 188 188
v 95.045517 11.618322 3.962009 188 188 188
v 94.237999 11.998000 3.490000 188 188 188
v 93.397995 11.998000 2.998000 188 188 188
v 93.942772 11.618322 3.317786 188 188 188
v 93.397995 11.998000 2.998000 188 188 188
v 94.168007 11.998000 3.450000 188 188 188
v 87.200005 11.998000 2.998000 188 188 188
v 94.168007 11.998000 3.450000 188 188 188
v 87.200005 11.998000 2.998000 188 188 188
v 87.200005 11.998000 4.924000 188 188 188
v 94.168007 11.998000 3.450000 188 188 188
v 94.237999 11.998000 3.490000 188 188 188
v 87.200005 11.998000 4.924000 188 188 188
v 87.200005 11.998000 4.924000 188 188 188
v 94.237999 11.998000 3.490000 188 188 188
v 87.200005 11.998000 4.924000 188 188 188
v 87.200005 11.998000 5.168000 188 188 188
v 87.200005 11.998000 5.168000 188 188 188
v 87.200005 11.618322 4.235985 188 188 188
v 87.200005 11.998000 5.760000 188 188 188
v 87.200005 11.998000 5.168000 188 188 188
v 95.253998 11.998000 4.084000 188 188 188
v 95.253998 11.998000 4.084000 188 188 188
v 87.200005 11.998000 5.760000 188 188 188
v 87.200005 11.998000 5.924000 188 188 188
v 87.200005 11.998000 5.760000 188 188 188
v 95.362007 11.998000 4.262000 188 188 188
v 87.200005 11.998000 5.924000 188 188 188
v 95.362007 11.998000 4.262000 188 188 188
v 95.362007 11.998000 4.262000 188 188 188
v 87.200005 11.998000 6.042000 188 188 188
v 87.200005 11.998000 6.042000 188 188 188
v 95.190002 11.998000 4.674000 188 188 188
v 95.190002 11.998000 4.674000 188 188 188
v 87.200005 11.998000 6.568000 188 188 188
v 87.200005 11.998000 6.568000 188 188 188
v 95.067993 11.998000 4.966000 188 188 188
v 95.067993 11.998000 4.966000 188 188 188
v 87.200005 11.998000 6.938000 188 188 188
v 87.200005 11.998000 7.642000 188 188 188
v 87.200005 11.998000 6.938000 188 188 188
v 94.834007 11.998000 5.536000 188 188 188
v 87.200005 11.998000 6.938000 188 188 188
v 87.200005 11.998000 7.642000 188 188 188
v 94.834007 11.998000 5.536000 188 188 188
v 95.067993 11.998000 4.966000 188 188 188
v 94.834007 11.998000 5.536000 188 188 188
v 94.880402 11.618322 4.744933 188 188 188
v 94.672699 11.618322 5.250904 188 188 188
v 87.200005 11.998000 6.568000 188 188 188
v 87.200005 11.998000 6.938000 188 188 188
v 95.067993 11.998000 4.966000 188 188 188
v 95.190002 11.998000 4.674000 188 188 188
v 87.200005 11.998000 6.042000 188 188 188
v 87.200005 11.998000 6.568000 188 188 188
v 95.190002 11.998000 4.674000 188 188 188
v 95.362007 11.998000 4.262000 188 188 188
v 87.200005 11.998000 5.924000 188 188 188
v 87.200005 11.998000 6.042000 188 188 188
v 87.200005 11.998000 5.760000 188 188 188
v 87.200005 11.998000 5.924000 188 188 188
v 95.253998 11.998000 4.084000 188 188 188
v 95.400002 11.998000 4.170000 188 188 188
v 95.362007 11.998000 4.262000 188 188 188
v 95.400002 11.998000 4.170000 188 188 188
v 95.175110 11.618322 4.038349 188 188 188
v 95.362007 11.998000 4.262000 188 188 188
v 87.200005 11.998000 2.998000 188 188 188
v 93.397995 11.998000 2.998000 188 188 188
v 94.168007 11.998000 3.450000 188 188 188
v 93.942772 11.618322 3.317786 188 188 188
v 94.168007 11.998000 3.450000 188 188 188
v 93.966377 11.618322 3.331645 188 188 188
v 94.168007 11.998000 3.450000 188 188 188
v 94.143646 11.618322 3.434733 188 188 188
v 94.168007 11.998000 3.450000 188 188 188
v 94.081505 11.618322 3.399226 188 188 188
v 93.978409 11.618322 3.338706 188 188 188
v 94.168007 11.998000 3.450000 188 188 188
v 93.975655 11.618322 3.337096 188 188 188
v 94.237999 11.998000 3.490000 188 188 188
v 94.168007 11.998000 3.450000 188 188 188
v 94.143646 11.618322 3.434733 188 188 188
v 94.237999 11.998000 3.490000 188 188 188
v 95.253998 11.998000 4.084000 188 188 188
v 87.200005 11.998000 5.168000 188 188 188
v 95.400002 11.998000 4.170000 188 188 188
v 95.253998 11.998000 4.084000 188 188 188
v 95.175110 11.618322 4.038349 188 188 188
v 95.400002 11.998000 4.252000 188 188 188
v 95.400002 11.618322 4.086337 188 188 188
v 95.400002 11.998000 4.170000 188 188 188
v 95.400002 11.618322 4.015170 188 188 188
v 95.400002 11.998000 9.000000 188 188 188
v 95.400002 11.618322 8.620070 188 188 188
v 95.400002 11.618322 8.207088 188 188 188
v 95.400002 11.618322 8.728646 188 188 188
v 95.400002 11.998000 9.000000 188 188 188
v 95.380196 11.618322 8.728646 188 188 188
v 95.362007 11.998000 4.262000 188 188 188
v 95.175110 11.618322 4.038349 188 188 188
v 95.141388 11.618322 4.120014 188 188 188
v 95.190002 11.998000 4.674000 188 188 188
v 95.141388 11.618322 4.120014 188 188 188
v 94.988708 11.618322 4.485734 188 188 188
v 95.067993 11.998000 4.966000 188 188 188
v 94.988708 11.618322 4.485734 188 188 188
v 94.880402 11.618322 4.744933 188 188 188
v 93.397995 11.998000 9.000000 188 188 188
v 93.397995 11.618322 8.601882 188 188 188
v 93.492004 11.998000 8.772000 188 188 188
v 93.397995 11.618322 8.325790 188 188 188
v 93.492004 11.998000 8.772000 188 188 188
v 93.481438 11.618322 8.123403 188 188 188
v 94.049995 11.998000 7.426000 188 188 188
v 93.976761 11.618322 6.928600 188 188 188
v 94.672699 11.618322 5.250904 188 188 188
v 94.660004 11.998000 5.952000 188 188 188
v 94.834007 11.998000 5.536000 188 188 188
v 94.314003 11.998000 6.788000 188 188 188
v 94.518242 11.618322 5.620175 188 188 188
v 94.211105 11.618322 6.362267 188 188 188
v 94.834007 11.998000 5.536000 188 188 188
v 94.660004 11.998000 5.952000 188 188 188
v 87.200005 11.998000 7.642000 188 188 188
v 87.200005 11.618322 5.936076 188 188 188
v 87.200005 11.618322 5.647402 188 188 188
v 87.200005 11.998000 7.642000 188 188 188
v 87.200005 11.618322 5.245770 188 188 188
v 87.200005 11.998000 6.938000 188 188 188
v 87.200005 11.618322 5.647402 188 188 188
v 87.200005 11.618322 5.245770 188 188 188
v 87.200005 11.618322 5.034685 188 188 188
v 87.200005 11.998000 6.568000 188 188 188
v 87.200005 11.618322 4.734602 188 188 188
v 87.200005 11.998000 6.042000 188 188 188
v 87.200005 11.618322 5.034685 188 188 188
v 87.200005 11.618322 4.734602 188 188 188
v 87.200005 11.618322 4.667284 188 188 188
v 87.200005 11.998000 5.924000 188 188 188
v 87.200005 11.998000 5.760000 188 188 188
v 87.200005 11.618322 4.667284 188 188 188
v 87.200005 11.998000 5.760000 188 188 188
v 87.200005 11.618322 4.573721 188 188 188
v 87.200005 11.618322 4.235985 188 188 188
v 87.200005 11.998000 4.924000 188 188 188
v 87.200005 11.618322 4.235985 188 188 188
v 87.200005 11.998000 4.924000 188 188 188
v 87.200005 11.618322 4.096784 188 188 188
v 87.200005 11.618322 3.157673 188 188 188
v 87.200005 11.618322 2.998000 188 188 188
v 87.200005 11.998000 4.924000 188 188 188
v 87.200005 11.998000 2.998000 188 188 188
v 87.200005 11.618322 2.998000 188 188 188
v 89.012985 11.618322 2.998000 188 188 188
v 93.397995 11.618322 2.998000 188 188 188
v 93.397995 11.998000 2.998000 188 188 188
v 89.012985 11.618322 2.998000 188 188 188
v 95.400002 11.998000 4.054000 188 188 188
v 95.400002 11.618322 3.914494 188 188 188
v 95.400002 11.998000 3.212000 188 188 188
v 95.400002 11.618322 3.183729 188 188 188
v 95.400002 11.618322 3.162900 188 188 188
v 95.400002 11.998000 3.212000 188 188 188
v 95.400002 11.998000 3.188000 188 188 188
v 95.400002 11.618322 3.162900 188 188 188
v 95.400002 11.998000 3.188000 188 188 188
v 95.400002 11.618322 3.158912 188 188 188
v 95.400002 11.998000 3.188000 188 188 188
v 95.400002 11.618322 3.027691 188 188 188
v 95.400002 11.998000 3.188000 188 188 188
v 95.400002 11.618322 2.998000 188 188 188
v 95.400002 11.998000 2.998000 188 188 188
v 96.298004 11.998000 2.998000 188 188 188
v 95.400002 11.998000 3.188000 188 188 188
v 96.298004 11.998000 2.998000 188 188 188
v 95.400002 11.998000 2.998000 188 188 188
v 95.400002 11.998000 2.998000 188 188 188
v 95.400002 11.618322 2.998000 188 188 188
v 95.540337 11.618322 2.998000 188 188 188
v 96.298004 11.998000 2.998000 188 188 188
v 95.540337 11.618322 2.998000 188 188 188
v 96.298004 11.998000 2.998000 188 188 188
v 96.160522 11.618322 2.998000 188 188 188
v 84.300003 11.998000 0.000000 188 188 188
v 85.059616 11.618322 0.000000 188 188 188
v 85.052269 11.618322 0.000000 188 188 188
v 96.298004 11.618322 0.189776 188 188 188
v 96.298004 11.998000 2.998000 188 188 188
v 96.298004 11.618322 2.998000 188 188 188
v 114.898003 17.498001 0.000000 188 188 188
v 114.898003 11.998000 0.000000 188 188 188
v 96.298004 11.998000 0.000000 188 188 188
v 95.400002 11.998000 3.212000 188 188 188
v 95.400002 11.998000 3.188000 188 188 188
v 96.298004 11.998000 2.998000 188 188 188
v 95.400002 11.998000 3.212000 188 188 188
v 95.400002 11.998000 4.054000 188 188 188
v 95.400002 11.618322 3.183729 188 188 188
v 95.400002 11.998000 4.170000 188 188 188
v 95.400002 11.618322 3.914494 188 188 188
v 95.400002 11.998000 4.054000 188 188 188
v 95.400002 11.998000 4.170000 188 188 188
v 95.400002 11.998000 4.252000 188 188 188
v 95.400002 11.618322 4.015170 188 188 188
v 95.400002 11.998000 4.252000 188 188 188
v 95.400002 11.998000 4.624000 188 188 188
v 95.400002 11.618322 4.086337 188 188 188
v 95.400002 11.998000 4.624000 188 188 188
v 95.400002 11.998000 4.884000 188 188 188
v 95.400002 11.618322 4.409193 188 188 188
v 95.400002 11.998000 4.884000 188 188 188
v 95.400002 11.998000 5.380000 188 188 188
v 95.400002 11.618322 4.634844 188 188 188
v 95.400002 11.998000 5.380000 188 188 188
v 95.400002 11.998000 5.734000 188 188 188
v 95.400002 11.618322 5.065319 188 188 188
v 95.400002 11.998000 5.734000 188 188 188
v 95.400002 11.998000 6.430000 188 188 188
v 95.400002 11.618322 5.372553 188 188 188
v 95.400002 11.998000 6.430000 188 188 188
v 95.400002 11.998000 6.944000 188 188 188
v 95.400002 11.618322 5.976606 188 188 188
v 95.400002 11.998000 6.944000 188 188 188
v 95.400002 11.998000 7.990000 188 188 188
v 95.400002 11.618322 6.422702 188 188 188
v 95.400002 11.998000 7.990000 188 188 188
v 95.400002 11.998000 8.802000 188 188 188
v 95.400002 11.618322 7.330518 188 188 188
v 95.400002 11.618322 8.207088 188 188 188
v 95.400002 11.998000 8.802000 188 188 188
v 95.400002 11.998000 9.000000 188 188 188
v 93.200005 11.998000 9.794001 188 188 188
v 96.798004 11.998000 9.794001 188 188 188
v 95.700005 11.998000 11.698000 188 188 188
v 94.961998 11.998000 9.000000 188 188 188
v 95.309494 11.618322 8.728646 188 188 188
v 95.400002 11.998000 9.000000 188 188 188
v 93.200005 14.000001 9.794001 188 188 188
v 90.998001 11.998000 9.794001 188 188 188
v 93.200005 11.998000 9.794001 188 188 188
v 94.961998 11.998000 9.000000 188 188 188
v 93.397995 11.998000 9.000000 188 188 188
v 94.891296 11.618322 8.728646 188 188 188
v 93.492004 11.998000 8.772000 188 188 188
v 93.397995 11.618322 8.325790 188 188 188
v 93.397995 11.998000 9.000000 188 188 188
v 87.400002 11.998000 9.794001 188 188 188
v 90.998001 11.998000 9.794001 188 188 188
v 89.898003 11.998000 11.698000 188 188 188
v 93.976761 11.618322 6.928600 188 188 188
v 93.492004 11.998000 8.772000 188 188 188
v 94.049995 11.998000 7.426000 188 188 188
v 87.400002 14.000001 9.794001 188 188 188
v 85.198006 11.998000 9.794001 188 188 188
v 87.400002 11.998000 9.794001 188 188 188
v 94.049995 11.998000 7.426000 188 188 188
v 94.314003 11.998000 6.788000 188 188 188
v 94.211105 11.618322 6.362267 188 188 188
v 87.200005 11.998000 9.000000 188 188 188
v 87.200005 11.998000 8.148001 188 188 188
v 94.314003 11.998000 6.788000 188 188 188
v 81.599998 11.998000 9.794001 188 188 188
v 85.198006 11.998000 9.794001 188 188 188
v 84.098000 11.998000 11.698000 188 188 188
v 87.200005 11.998000 9.000000 188 188 188
v 85.198006 11.998000 9.000000 188 188 188
v 87.109497 11.618322 8.728646 188 188 188
v 85.198006 11.998000 9.000000 188 188 188
v 85.410004 11.998000 8.674001 188 188 188
v 85.231133 11.618322 3.884993 188 188 188
v 81.599998 14.000001 9.794001 188 188 188
v 79.399994 11.998000 9.794001 188 188 188
v 81.599998 11.998000 9.794001 188 188 188
v 85.410004 11.998000 8.674001 188 188 188
v 85.835999 11.998000 8.018001 188 188 188
v 85.297707 11.618322 3.782499 188 188 188
v 75.799995 11.998000 9.794001 188 188 188
v 79.399994 11.998000 9.794001 188 188 188
v 78.298004 11.998000 11.698000 188 188 188
v 85.835999 11.998000 8.018001 188 188 188
v 86.410004 11.998000 7.136000 188 188 188
v 85.387405 11.618322 3.644654 188 188 188
v 75.799995 14.000001 9.794001 188 188 188
v 73.600006 11.998000 9.794001 188 188 188
v 75.799995 11.998000 9.794001 188 188 188
v 86.410004 11.998000 7.136000 188 188 188
v 86.702003 11.998000 6.686000 188 188 188
v 85.433037 11.618322 3.574330 188 188 188
v 69.998001 11.998000 9.794001 188 188 188
v 73.600006 11.998000 9.794001 188 188 188
v 72.498001 11.998000 11.698000 188 188 188
v 85.496788 11.618322 3.476813 188 188 188
v 86.702003 11.998000 6.686000 188 188 188
v 87.110001 11.998000 6.062000 188 188 188
v 69.998001 14.000001 9.794001 188 188 188
v 67.800003 11.998000 9.794001 188 188 188
v 69.998001 11.998000 9.794001 188 188 188
v 87.100006 11.998000 5.780000 188 188 188
v 87.200005 11.998000 5.924000 188 188 188
v 87.110001 11.998000 6.062000 188 188 188
v 87.100006 11.998000 5.780000 188 188 188
v 86.754005 11.998000 5.274000 188 188 188
v 85.495232 11.618322 3.432744 188 188 188
v 64.198006 11.998000 9.794001 188 188 188
v 67.800003 11.998000 9.794001 188 188 188
v 66.700005 11.998000 11.698000 188 188 188
v 85.441162 11.618322 3.353675 188 188 188
v 86.754005 11.998000 5.274000 188 188 188
v 86.602005 11.998000 5.052000 188 188 188
v 84.300003 11.998000 2.998000 188 188 188
v 85.198006 11.998000 2.998000 188 188 188
v 86.602005 11.998000 5.052000 188 188 188
v 64.198006 14.000001 9.794001 188 188 188
v 62.000000 11.998000 9.794001 188 188 188
v 64.198006 11.998000 9.794001 188 188 188
v 58.398003 11.998000 9.794001 188 188 188
v 62.000000 11.998000 9.794001 188 188 188
v 60.900002 11.998000 11.698000 188 188 188
v 58.398003 14.000001 9.794001 188 188 188
v 56.200001 11.998000 9.794001 188 188 188
v 58.398003 11.998000 9.794001 188 188 188
v 84.300003 11.998000 2.998000 188 188 188
v 36.098003 11.998000 2.998000 188 188 188
v 84.300003 11.998000 0.000000 188 188 188
v 52.598000 11.998000 9.794001 188 188 188
v 56.200001 11.998000 9.794001 188 188 188
v 55.100002 11.998000 11.698000 188 188 188
v 52.598000 14.000001 9.794001 188 188 188
v 50.398003 11.998000 9.794001 188 188 188
v 52.598000 11.998000 9.794001 188 188 188
v 50.398003 11.998000 9.794001 188 188 188
v 52.598000 14.000001 9.794001 188 188 188
v 50.398003 14.000001 9.794001 188 188 188
v 49.300003 11.998000 11.698000 188 188 188
v 49.300003 14.000001 11.698000 188 188 188
v 50.398003 11.998000 13.606001 188 188 188
v 47.900002 11.998000 11.698000 188 188 188
v 49.300003 11.998000 11.698000 188 188 188
v 50.398003 11.998000 13.606001 188 188 188
v 50.398003 14.000001 13.606001 188 188 188
v 50.398003 11.998000 13.606001 188 188 188
v 49.300003 14.000001 11.698000 188 188 188
v 50.398003 14.000001 13.606001 188 188 188
v 49.300003 14.000001 11.698000 188 188 188
v 46.800003 14.000001 13.606001 188 188 188
v 49.300003 11.998000 11.698000 188 188 188
v 47.900002 11.998000 11.698000 188 188 188
v 46.800003 11.998000 9.794001 188 188 188
v 46.800003 14.000001 9.794001 188 188 188
v 47.900002 14.000001 11.698000 188 188 188
v 50.398003 14.000001 9.794001 188 188 188
v 46.800003 11.998000 9.794001 188 188 188
v 44.598003 11.998000 9.794001 188 188 188
v 36.098003 11.998000 2.998000 188 188 188
v 44.598003 11.998000 9.794001 188 188 188
v 41.000004 11.998000 9.794001 188 188 188
v 36.098003 11.998000 2.998000 188 188 188
v 41.000004 11.998000 9.794001 188 188 188
v 36.098003 11.998000 2.998000 188 188 188
v 38.798000 11.998000 9.794001 188 188 188
v 36.098003 11.998000 2.998000 188 188 188
v 35.200001 11.998000 9.794001 188 188 188
v 36.098003 11.998000 2.998000 188 188 188
v 35.200001 11.998000 9.000000 188 188 188
v 36.098003 11.998000 2.998000 188 188 188
v 35.200001 11.998000 4.968000 188 188 188
v 36.098003 11.998000 2.998000 188 188 188
v 35.200001 11.998000 3.910000 188 188 188
v 36.098003 11.998000 2.998000 188 188 188
v 35.200001 11.998000 3.684000 188 188 188
v 36.098003 11.998000 2.998000 188 188 188
v 36.098003 11.998000 2.998000 188 188 188
v 35.200001 11.998000 3.488000 188 188 188
v 35.200001 11.998000 2.998000 188 188 188
v 35.200001 11.998000 3.488000 188 188 188
v 36.098003 11.998000 2.998000 188 188 188
v 35.200001 11.998000 2.998000 188 188 188
v 35.200001 11.998000 3.488000 188 188 188
v 35.200001 11.998000 3.684000 188 188 188
v 35.200001 11.998000 3.684000 188 188 188
v 35.200001 11.998000 3.910000 188 188 188
v 35.200001 11.618322 3.593374 188 188 188
v 35.200001 11.998000 3.910000 188 188 188
v 35.200001 11.998000 3.910000 188 188 188
v 35.200001 11.998000 4.968000 188 188 188
v 35.200001 11.618322 3.789518 188 188 188
v 35.200001 11.618322 3.789518 188 188 188
v 35.200001 11.998000 4.968000 188 188 188
v 33.198002 11.998000 9.000000 188 188 188
v 33.352676 11.618322 8.728646 188 188 188
v 33.198002 11.998000 9.000000 188 188 188
v 33.360001 11.998000 9.000000 188 188 188
v 33.198002 11.998000 9.000000 188 188 188
v 29.400002 11.998000 9.794001 188 188 188
v 29.400002 11.998000 9.794001 188 188 188
v 33.198002 11.998000 5.940000 188 188 188
v 33.198002 11.998000 5.940000 188 188 188
v 27.200003 11.998000 9.794001 188 188 188
v 27.200003 11.998000 9.794001 188 188 188
v 33.198002 11.998000 5.214000 188 188 188
v 27.000002 11.998000 9.000000 188 188 188
v 33.198002 11.998000 5.214000 188 188 188
v 33.198002 11.998000 5.214000 188 188 188
v 27.000002 11.998000 7.946001 188 188 188
v 33.198002 11.998000 4.576000 188 188 188
v 27.000002 11.998000 7.946001 188 188 188
v 27.000002 11.998000 2.998000 188 188 188
v 27.000002 11.998000 7.946001 188 188 188
v 27.000002 11.998000 2.998000 188 188 188
v 33.198002 11.998000 4.576000 188 188 188
v 33.198002 11.998000 4.576000 188 188 188
v 33.198002 11.998000 2.998000 188 188 188
v 33.198002 11.998000 4.576000 188 188 188
v 33.198002 11.618322 2.998000 188 188 188
v 33.198002 11.998000 4.576000 188 188 188
v 33.198002 11.618322 4.114419 188 188 188
v 33.198002 11.998000 4.576000 188 188 188
v 33.198002 11.998000 4.576000 188 188 188
v 33.198002 11.618322 4.186953 188 188 188
v 33.198002 11.998000 4.576000 188 188 188
v 33.198002 11.618322 4.162234 188 188 188
v 33.198002 11.618322 4.181315 188 188 188
v 27.000002 11.998000 2.998000 188 188 188
v 33.198002 11.998000 2.998000 188 188 188
v 33.198002 11.998000 5.214000 188 188 188
v 33.198002 11.998000 4.576000 188 188 188
v 33.198002 11.618322 4.398742 188 188 188
v 27.000002 11.998000 9.000000 188 188 188
v 27.000002 11.998000 7.946001 188 188 188
v 27.200003 11.998000 9.794001 188 188 188
v 23.598001 11.998000 9.794001 188 188 188
v 27.000002 11.998000 9.000000 188 188 188
v 23.598001 11.998000 9.794001 188 188 188
v 27.200003 11.998000 9.794001 188 188 188
v 26.098001 11.998000 11.698000 188 188 188
v 23.598001 11.998000 9.794001 188 188 188
v 23.598001 11.998000 9.794001 188 188 188
v 24.698002 11.998000 11.698000 188 188 188
v 24.698002 14.000001 11.698000 188 188 188
v 23.598001 11.998000 9.794001 188 188 188
v 23.598001 14.000001 9.794001 188 188 188
v 24.698002 14.000001 11.698000 188 188 188
v 27.200003 14.000001 9.794001 188 188 188
v 5.500000 14.000001 3.550000 188 188 188
v 23.598001 14.000001 9.794001 188 188 188
v 23.598001 14.000001 9.794001 188 188 188
v 5.500000 14.000001 3.550000 188 188 188
v 21.400002 11.998000 9.794001 188 188 188
v 23.598001 14.000001 9.794001 188 188 188
v 21.400002 14.000001 9.794001 188 188 188
v 21.400002 11.998000 9.794001 188 188 188
v 21.400002 14.000001 9.794001 188 188 188
v 20.300001 11.998000 11.698000 188 188 188
v 21.400002 14.000001 9.794001 188 188 188
v 20.300001 14.000001 11.698000 188 188 188
v 21.400002 14.000001 9.794001 188 188 188
v 18.898001 14.000001 11.698000 188 188 188
v 17.798000 14.000001 13.606001 188 188 188
v 20.300001 14.000001 11.698000 188 188 188
v 20.300001 14.000001 11.698000 188 188 188
v 17.798000 14.000001 13.606001 188 188 188
v 21.400002 14.000001 13.606001 188 188 188
v 21.400002 11.998000 13.606001 188 188 188
v 20.300001 14.000001 11.698000 188 188 188
v 17.798000 14.000001 13.606001 188 188 188
v 18.898001 14.000001 11.698000 188 188 188
v 17.798000 11.998000 9.794001 188 188 188
v 18.898001 11.998000 11.698000 188 188 188
v 18.898001 14.000001 11.698000 188 188 188
v 18.898001 14.000001 11.698000 188 188 188
v 17.798000 11.998000 9.794001 188 188 188
v 20.300001 11.998000 11.698000 188 188 188
v 18.898001 11.998000 11.698000 188 188 188
v 17.798000 11.998000 9.794001 188 188 188
v 18.898001 11.998000 11.698000 188 188 188
v 20.300001 11.998000 11.698000 188 188 188
v 21.400002 11.998000 13.606001 188 188 188
v 17.798000 14.000001 9.794001 188 188 188
v 18.898001 14.000001 11.698000 188 188 188
v 21.400002 14.000001 9.794001 188 188 188
v 20.300001 11.998000 11.698000 188 188 188
v 20.300001 14.000001 11.698000 188 188 188
v 21.400002 11.998000 13.606001 188 188 188
v 21.400002 14.000001 9.794001 188 188 188
v 5.500000 14.000001 3.550000 188 188 188
v 17.798000 14.000001 9.794001 188 188 188
v 5.500000 14.000001 3.550000 188 188 188
v 27.200003 14.000001 9.794001 188 188 188
v 27.200003 11.998000 9.794001 188 188 188
v 29.400002 14.000001 9.794001 188 188 188
v 27.200003 14.000001 9.794001 188 188 188
v 5.500000 14.000001 3.550000 188 188 188
v 29.400002 14.000001 9.794001 188 188 188
v 29.400002 14.000001 9.794001 188 188 188
v 32.998001 14.000001 9.794001 188 188 188
v 32.998001 14.000001 9.794001 188 188 188
v 30.498001 14.000001 11.698000 188 188 188
v 30.498001 14.000001 11.698000 188 188 188
v 31.898001 14.000001 11.698000 188 188 188
v 31.898001 14.000001 11.698000 188 188 188
v 29.400002 14.000001 13.606001 188 188 188
v 29.400002 14.000001 13.606001 188 188 188
v 5.500000 14.000001 23.398001 188 188 188
v 32.998001 14.000001 13.606001 188 188 188
v 32.998001 14.000001 13.606001 188 188 188
v 5.500000 14.000001 23.398001 188 188 188
v 35.200001 14.000001 13.606001 188 188 188
v 35.200001 11.998000 13.606001 188 188 188
v 32.998001 14.000001 13.606001 188 188 188
v 35.200001 11.998000 13.606001 188 188 188
v 35.200001 14.000001 13.606001 188 188 188
v 35.200001 14.000001 13.606001 188 188 188
v 36.300003 11.998000 11.698000 188 188 188
v 35.200001 11.998000 9.794001 188 188 188
v 36.300003 11.998000 11.698000 188 188 188
v 36.300003 14.000001 11.698000 188 188 188
v 36.300003 14.000001 11.698000 188 188 188
v 35.200001 11.998000 9.794001 188 188 188
v 35.200001 14.000001 9.794001 188 188 188
v 35.200001 11.998000 9.794001 188 188 188
v 32.998001 11.998000 9.794001 188 188 188
v 35.200001 14.000001 9.794001 188 188 188
v 32.998001 14.000001 9.794001 188 188 188
v 32.998001 11.998000 9.794001 188 188 188
v 32.998001 14.000001 9.794001 188 188 188
v 29.400002 11.998000 9.794001 188 188 188
v 32.998001 11.998000 9.794001 188 188 188
v 31.898001 11.998000 11.698000 188 188 188
v 31.898001 11.998000 11.698000 188 188 188
v 29.400002 11.998000 9.794001 188 188 188
v 29.400002 11.998000 9.794001 188 188 188
v 30.498001 11.998000 11.698000 188 188 188
v 30.498001 14.000001 11.698000 188 188 188
v 30.498001 11.998000 11.698000 188 188 188
v 31.898001 11.998000 11.698000 188 188 188
v 32.998001 11.998000 13.606001 188 188 188
v 31.898001 11.998000 11.698000 188 188 188
v 31.898001 14.000001 11.698000 188 188 188
v 32.998001 11.998000 13.606001 188 188 188
v 35.200001 14.000001 9.794001 188 188 188
v 36.300003 14.000001 11.698000 188 188 188
v 38.798000 14.000001 9.794001 188 188 188
v 5.500000 14.000001 3.550000 188 188 188
v 35.200001 14.000001 9.794001 188 188 188
v 36.300003 11.998000 11.698000 188 188 188
v 35.200001 11.998000 9.794001 188 188 188
v 36.300003 11.998000 11.698000 188 188 188
v 37.698002 11.998000 11.698000 188 188 188
v 38.798000 11.998000 13.606001 188 188 188
v 37.698002 11.998000 11.698000 188 188 188
v 38.798000 11.998000 13.606001 188 188 188
v 38.798000 14.000001 13.606001 188 188 188
v 38.798000 11.998000 13.606001 188 188 188
v 37.698002 14.000001 11.698000 188 188 188
v 38.798000 14.000001 13.606001 188 188 188
v 37.698002 14.000001 11.698000 188 188 188
v 35.200001 14.000001 13.606001 188 188 188
v 38.798000 14.000001 9.794001 188 188 188
v 35.200001 14.000001 13.606001 188 188 188
v 37.698002 14.000001 11.698000 188 188 188
v 37.698002 14.000001 11.698000 188 188 188
v 37.698002 11.998000 11.698000 188 188 188
v 38.798000 14.000001 9.794001 188 188 188
v 38.798000 11.998000 9.794001 188 188 188
v 38.798000 14.000001 9.794001 188 188 188
v 37.698002 11.998000 11.698000 188 188 188
v 38.798000 11.998000 9.794001 188 188 188
v 41.000004 14.000001 9.794001 188 188 188
v 38.798000 14.000001 9.794001 188 188 188
v 35.200001 14.000001 13.606001 188 188 188
v 38.798000 14.000001 9.794001 188 188 188
v 36.300003 14.000001 11.698000 188 188 188
v 5.500000 14.000001 23.398001 188 188 188
v 29.400002 14.000001 13.606001 188 188 188
v 29.400002 14.000001 13.606001 188 188 188
v 29.400002 11.998000 13.606001 188 188 188
v 27.200003 14.000001 13.606001 188 188 188
v 30.498001 11.998000 11.698000 188 188 188
v 29.400002 11.998000 13.606001 188 188 188
v 29.400002 14.000001 13.606001 188 188 188
v 5.500000 14.000001 23.398001 188 188 188
v 27.200003 14.000001 13.606001 188 188 188
v 27.200003 14.000001 13.606001 188 188 188
v 23.598001 14.000001 13.606001 188 188 188
v 24.698002 14.000001 11.698000 188 188 188
v 23.598001 14.000001 13.606001 188 188 188
v 26.098001 14.000001 11.698000 188 188 188
v 27.200003 14.000001 13.606001 188 188 188
v 27.200003 11.998000 13.606001 188 188 188
v 26.098001 14.000001 11.698000 188 188 188
v 26.098001 11.998000 11.698000 188 188 188
v 26.098001 14.000001 11.698000 188 188 188
v 27.200003 11.998000 13.606001 188 188 188
v 26.098001 14.000001 11.698000 188 188 188
v 26.098001 11.998000 11.698000 188 188 188
v 27.200003 14.000001 9.794001 188 188 188
v 21.400002 14.000001 13.606001 188 188 188
v 5.500000 14.000001 23.398001 188 188 188
v 23.598001 14.000001 13.606001 188 188 188
v 23.598001 14.000001 13.606001 188 188 188
v 23.598001 11.998000 13.606001 188 188 188
v 21.400002 14.000001 13.606001 188 188 188
v 24.698002 11.998000 11.698000 188 188 188
v 23.598001 11.998000 13.606001 188 188 188
v 23.598001 14.000001 13.606001 188 188 188
v 32.998001 14.000001 13.606001 188 188 188
v 32.998001 11.998000 13.606001 188 188 188
v 31.898001 14.000001 11.698000 188 188 188
v 29.400002 14.000001 13.606001 188 188 188
v 30.498001 14.000001 11.698000 188 188 188
v 30.498001 11.998000 11.698000 188 188 188
v 31.898001 14.000001 11.698000 188 188 188
v 31.898001 11.998000 11.698000 188 188 188
v 32.998001 14.000001 9.794001 188 188 188
v 30.498001 14.000001 11.698000 188 188 188
v 29.400002 14.000001 9.794001 188 188 188
v 29.400002 11.998000 9.794001 188 188 188
v 35.200001 14.000001 9.794001 188 188 188
v 5.500000 14.000001 3.550000 188 188 188
v 32.998001 14.000001 9.794001 188 188 188
v 26.098001 14.000001 11.698000 188 188 188
v 27.200003 14.000001 9.794001 188 188 188
v 24.698002 14.000001 11.698000 188 188 188
v 23.598001 14.000001 13.606001 188 188 188
v 24.698002 14.000001 11.698000 188 188 188
v 24.698002 11.998000 11.698000 188 188 188
v 24.698002 11.998000 11.698000 188 188 188
v 26.098001 11.998000 11.698000 188 188 188
v 27.200003 11.998000 13.606001 188 188 188
v 27.200003 11.998000 9.794001 188 188 188
v 27.200003 14.000001 9.794001 188 188 188
v 26.098001 11.998000 11.698000 188 188 188
v 33.198002 11.998000 5.940000 188 188 188
v 33.198002 11.998000 5.214000 188 188 188
v 33.198002 11.998000 5.940000 188 188 188
v 33.198002 11.618322 4.965075 188 188 188
v 29.400002 14.000001 9.794001 188 188 188
v 27.200003 11.998000 9.794001 188 188 188
v 29.400002 11.998000 9.794001 188 188 188
v 33.198002 11.998000 9.000000 188 188 188
v 33.198002 11.998000 5.940000 188 188 188
v 33.198002 11.618322 5.609523 188 188 188
v 33.198002 11.998000 9.000000 188 188 188
v 33.198002 11.618322 5.609523 188 188 188
v 33.198002 11.998000 9.000000 188 188 188
v 33.198002 11.618322 8.325790 188 188 188
v 32.998001 11.998000 9.794001 188 188 188
v 29.400002 11.998000 9.794001 188 188 188
v 33.360001 11.998000 9.000000 188 188 188
v 33.360001 11.998000 9.000000 188 188 188
v 35.200001 11.998000 9.000000 188 188 188
v 32.998001 11.998000 9.794001 188 188 188
v 33.360001 11.998000 9.000000 188 188 188
v 35.200001 11.998000 9.000000 188 188 188
v 33.198002 11.998000 9.000000 188 188 188
v 33.198002 11.618322 8.600906 188 188 188
v 33.198002 11.618322 8.728646 188 188 188
v 33.198002 11.998000 5.214000 188 188 188
v 33.198002 11.618322 4.398742 188 188 188
v 33.198002 11.618322 4.965075 188 188 188
v 35.109486 11.618322 8.728646 188 188 188
v 33.360001 11.998000 9.000000 188 188 188
v 33.352676 11.618322 8.728646 188 188 188
v 35.200001 11.998000 9.000000 188 188 188
v 35.109486 11.618322 8.728646 188 188 188
v 35.200001 11.998000 9.000000 188 188 188
v 35.120071 11.618322 8.728646 188 188 188
v 35.200001 11.998000 9.000000 188 188 188
v 35.131641 11.618322 8.728646 188 188 188
v 35.200001 11.998000 9.000000 188 188 188
v 35.152981 11.618322 8.728646 188 188 188
v 35.200001 11.998000 9.000000 188 188 188
v 35.180199 11.618322 8.728646 188 188 188
v 35.200001 11.998000 9.000000 188 188 188
v 35.200001 11.618322 8.728646 188 188 188
v 35.200001 11.998000 9.000000 188 188 188
v 35.200001 11.618322 8.704125 188 188 188
v 35.200001 11.998000 9.000000 188 188 188
v 35.200001 11.618322 8.661091 188 188 188
v 35.200001 11.998000 9.000000 188 188 188
v 35.200001 11.618322 8.620070 188 188 188
v 35.200001 11.618322 4.707748 188 188 188
v 35.200001 11.998000 9.000000 188 188 188
v 35.200001 11.618322 8.207088 188 188 188
v 35.200001 11.998000 4.968000 188 188 188
v 35.200001 11.998000 9.000000 188 188 188
v 35.200001 11.618322 4.707748 188 188 188
v 35.200001 11.998000 9.794001 188 188 188
v 32.998001 11.998000 9.794001 188 188 188
v 35.200001 11.998000 9.000000 188 188 188
v 35.200001 11.998000 9.794001 188 188 188
v 38.798000 11.998000 9.794001 188 188 188
v 37.698002 11.998000 11.698000 188 188 188
v 41.000004 14.000001 9.794001 188 188 188
v 38.798000 11.998000 9.794001 188 188 188
v 41.000004 11.998000 9.794001 188 188 188
v 43.498001 14.000001 11.698000 188 188 188
v 43.498001 11.998000 11.698000 188 188 188
v 44.598003 14.000001 9.794001 188 188 188
v 44.598003 14.000001 13.606001 188 188 188
v 5.500000 14.000001 23.398001 188 188 188
v 46.800003 14.000001 13.606001 188 188 188
v 35.200001 14.000001 13.606001 188 188 188
v 5.500000 14.000001 23.398001 188 188 188
v 38.798000 14.000001 13.606001 188 188 188
v 41.000004 11.998000 9.794001 188 188 188
v 42.100002 11.998000 11.698000 188 188 188
v 42.100002 14.000001 11.698000 188 188 188
v 44.598003 14.000001 9.794001 188 188 188
v 41.000004 14.000001 13.606001 188 188 188
v 43.498001 14.000001 11.698000 188 188 188
v 42.100002 14.000001 11.698000 188 188 188
v 41.000004 14.000001 9.794001 188 188 188
v 41.000004 11.998000 9.794001 188 188 188
v 46.800003 14.000001 9.794001 188 188 188
v 55.197998 14.000001 4.954000 188 188 188
v 44.598003 14.000001 9.794001 188 188 188
v 41.000004 14.000001 9.794001 188 188 188
v 5.500000 14.000001 3.550000 188 188 188
v 38.798000 14.000001 9.794001 188 188 188
v 55.197998 15.848000 3.550000 188 188 188
v 55.197998 17.598000 3.550000 188 188 188
v 65.200005 15.848000 3.550000 188 188 188
v 55.197998 15.848000 3.550000 188 188 188
v 65.200005 15.848000 3.550000 188 188 188
v 34.524002 15.848000 2.774000 188 188 188
v 65.200005 15.848000 3.550000 188 188 188
v 60.198002 15.848000 2.774000 188 188 188
v 65.200005 17.598000 3.550000 188 188 188
v 55.197998 14.000001 4.954000 188 188 188
v 65.200005 14.000001 4.954000 188 188 188
v 65.200005 14.000001 3.550000 188 188 188
v 65.200005 14.000001 4.954000 188 188 188
v 114.898003 14.000001 3.550000 188 188 188
v 117.954002 15.806001 3.550000 188 188 188
v 116.548004 15.746000 3.550000 188 188 188
v 116.650009 14.467999 3.550000 188 188 188
v 114.898003 14.000001 3.550000 188 188 188
v 115.804001 14.120000 23.398001 188 188 188
v 115.804001 14.120000 3.550000 188 188 188
v 116.650009 14.467999 3.550000 188 188 188
v 116.650009 14.467999 23.398001 188 188 188
v 117.374008 15.024001 3.550000 188 188 188
v 116.650009 14.467999 23.398001 188 188 188
v 118.788002 13.610001 23.398001 188 188 188
v 117.374008 15.024001 23.398001 188 188 188
v 118.644005 13.500001 3.550000 188 188 188
v 118.788002 13.610001 3.550000 188 188 188
v 118.788002 13.610001 23.398001 188 188 188
v 118.644005 13.500001 2.000000 188 188 188
v 118.900009 13.500001 2.000000 188 188 188
v 118.644005 13.500001 3.550000 188 188 188
v 117.648003 12.736000 0.000000 188 188 188
v 118.788002 13.610001 2.000000 188 188 188
v 118.644005 13.500001 2.000000 188 188 188
v 117.648003 12.736000 23.398001 188 188 188
v 115.804001 14.120000 23.398001 188 188 188
v 116.322006 12.188001 23.398001 188 188 188
v 120.212006 17.498001 0.000000 188 188 188
v 117.648003 12.736000 0.000000 188 188 188
v 116.322006 12.188001 0.000000 188 188 188
v 114.898003 11.998000 23.398001 188 188 188
v 116.322006 12.188001 23.398001 188 188 188
v 114.898003 14.000001 23.398001 188 188 188
v 120.212006 17.498001 0.000000 188 188 188
v 116.322006 12.188001 0.000000 188 188 188
v 114.898003 11.998000 0.000000 188 188 188
v 111.697998 11.998000 11.698000 188 188 188
v 110.598007 11.998000 9.794001 188 188 188
v 114.898003 11.998000 0.000000 188 188 188
v 111.697998 11.998000 11.698000 188 188 188
v 110.598007 11.998000 13.606001 188 188 188
v 110.598007 14.000001 13.606001 188 188 188
v 108.399994 11.998000 13.606001 188 188 188
v 108.399994 14.000001 13.606001 188 188 188
v 110.598007 11.998000 13.606001 188 188 188
v 108.399994 11.998000 13.606001 188 188 188
v 104.797997 11.998000 13.606001 188 188 188
v 105.898003 11.998000 11.698000 188 188 188
v 102.598000 11.998000 13.606001 188 188 188
v 102.598000 14.000001 13.606001 188 188 188
v 104.797997 11.998000 13.606001 188 188 188
v 102.598000 11.998000 13.606001 188 188 188
v 98.998001 11.998000 13.606001 188 188 188
v 100.100006 11.998000 11.698000 188 188 188
v 96.798004 11.998000 13.606001 188 188 188
v 96.798004 14.000001 13.606001 188 188 188
v 98.998001 11.998000 13.606001 188 188 188
v 96.798004 11.998000 13.606001 188 188 188
v 93.200005 11.998000 13.606001 188 188 188
v 94.300003 11.998000 11.698000 188 188 188
v 90.998001 11.998000 13.606001 188 188 188
v 90.998001 14.000001 13.606001 188 188 188
v 93.200005 11.998000 13.606001 188 188 188
v 90.998001 11.998000 13.606001 188 188 188
v 87.400002 11.998000 13.606001 188 188 188
v 88.500008 11.998000 11.698000 188 188 188
v 85.198006 11.998000 13.606001 188 188 188
v 85.198006 14.000001 13.606001 188 188 188
v 87.400002 11.998000 13.606001 188 188 188
v 85.198006 11.998000 13.606001 188 188 188
v 81.599998 11.998000 13.606001 188 188 188
v 82.700005 11.998000 11.698000 188 188 188
v 60.198002 11.998000 23.398001 188 188 188
v 114.898003 11.998000 23.398001 188 188 188
v 60.198002 12.998000 23.398001 188 188 188
v 79.399994 11.998000 13.606001 188 188 188
v 81.599998 11.998000 13.606001 188 188 188
v 43.550003 11.998000 18.502001 188 188 188
v 60.198002 12.998000 23.398001 188 188 188
v 5.500000 11.998000 23.398001 188 188 188
v 60.198002 11.998000 23.398001 188 188 188
v 43.550003 11.998000 18.502001 188 188 188
v 42.450001 11.998000 18.502001 188 188 188
v 79.399994 11.998000 13.606001 188 188 188
v 42.450001 11.998000 18.502001 188 188 188
v 40.650002 11.998000 18.502001 188 188 188
v 75.799995 11.998000 13.606001 188 188 188
v 39.550003 11.998000 18.502001 188 188 188
v 73.600006 11.998000 13.606001 188 188 188
v 40.650002 11.998000 18.502001 188 188 188
v 39.550003 11.998000 18.502001 188 188 188
v 69.998001 11.998000 13.606001 188 188 188
v 73.600006 11.998000 13.606001 188 188 188
v 67.800003 11.998000 13.606001 188 188 188
v 67.800003 14.000001 13.606001 188 188 188
v 69.998001 11.998000 13.606001 188 188 188
v 67.800003 11.998000 13.606001 188 188 188
v 64.198006 11.998000 13.606001 188 188 188
v 65.298004 11.998000 11.698000 188 188 188
v 36.650002 11.998000 18.502001 188 188 188
v 37.750000 11.998000 18.502001 188 188 188
v 5.500000 11.998000 23.398001 188 188 188
v 62.000000 11.998000 13.606001 188 188 188
v 62.000000 14.000001 13.606001 188 188 188
v 64.198006 11.998000 13.606001 188 188 188
v 62.000000 11.998000 13.606001 188 188 188
v 58.398003 11.998000 13.606001 188 188 188
v 59.498001 11.998000 11.698000 188 188 188
v 56.200001 11.998000 13.606001 188 188 188
v 56.200001 14.000001 13.606001 188 188 188
v 58.398003 11.998000 13.606001 188 188 188
v 56.200001 11.998000 13.606001 188 188 188
v 52.598000 11.998000 13.606001 188 188 188
v 53.699997 11.998000 11.698000 188 188 188
v 50.398003 11.998000 13.606001 188 188 188
v 50.398003 14.000001 13.606001 188 188 188
v 52.598000 11.998000 13.606001 188 188 188
v 50.398003 11.998000 13.606001 188 188 188
v 46.800003 11.998000 13.606001 188 188 188
v 47.900002 11.998000 11.698000 188 188 188
v 44.598003 11.998000 13.606001 188 188 188
v 44.598003 14.000001 13.606001 188 188 188
v 46.800003 11.998000 13.606001 188 188 188
v 44.598003 11.998000 13.606001 188 188 188
v 41.000004 11.998000 13.606001 188 188 188
v 42.100002 11.998000 11.698000 188 188 188
v 38.798000 11.998000 13.606001 188 188 188
v 38.798000 14.000001 13.606001 188 188 188
v 41.000004 11.998000 13.606001 188 188 188
v 38.798000 11.998000 13.606001 188 188 188
v 35.200001 11.998000 13.606001 188 188 188
v 36.300003 11.998000 11.698000 188 188 188
v 32.998001 11.998000 13.606001 188 188 188
v 32.998001 14.000001 13.606001 188 188 188
v 35.200001 11.998000 13.606001 188 188 188
v 32.998001 11.998000 13.606001 188 188 188
v 29.400002 11.998000 13.606001 188 188 188
v 30.498001 11.998000 11.698000 188 188 188
v 27.200003 11.998000 13.606001 188 188 188
v 27.200003 14.000001 13.606001 188 188 188
v 29.400002 11.998000 13.606001 188 188 188
v 27.200003 11.998000 13.606001 188 188 188
v 23.598001 11.998000 13.606001 188 188 188
v 24.698002 11.998000 11.698000 188 188 188
v 21.400002 11.998000 13.606001 188 188 188
v 21.400002 14.000001 13.606001 188 188 188
v 23.598001 11.998000 13.606001 188 188 188
v 21.400002 11.998000 13.606001 188 188 188
v 17.798000 11.998000 13.606001 188 188 188
v 18.898001 11.998000 11.698000 188 188 188
v 18.898001 11.998000 11.698000 188 188 188
v 17.798000 11.998000 13.606001 188 188 188
v 17.798000 14.000001 13.606001 188 188 188
v 17.798000 14.000001 13.606001 188 188 188
v 5.500000 14.000001 23.398001 188 188 188
v 21.400002 14.000001 13.606001 188 188 188
v 9.800000 14.000001 13.606001 188 188 188
v 5.500000 14.000001 23.398001 188 188 188
v 11.998000 14.000001 13.606001 188 188 188
v 15.599998 14.000001 13.606001 188 188 188
v 15.599998 11.998000 13.606001 188 188 188
v 14.500000 14.000001 11.698000 188 188 188
v 11.998000 14.000001 13.606001 188 188 188
v 13.098000 14.000001 11.698000 188 188 188
v 13.098000 11.998000 11.698000 188 188 188
v 14.500000 14.000001 11.698000 188 188 188
v 14.500000 11.998000 11.698000 188 188 188
v 15.599998 14.000001 9.794001 188 188 188
v 15.599998 11.998000 9.794001 188 188 188
v 15.599998 14.000001 9.794001 188 188 188
v 14.500000 11.998000 11.698000 188 188 188
v 15.599998 11.998000 9.794001 188 188 188
v 17.798000 14.000001 9.794001 188 188 188
v 15.599998 14.000001 9.794001 188 188 188
v 13.098000 14.000001 11.698000 188 188 188
v 11.998000 14.000001 9.794001 188 188 188
v 11.998000 11.998000 9.794001 188 188 188
v 17.798000 14.000001 9.794001 188 188 188
v 5.500000 14.000001 3.550000 188 188 188
v 15.599998 14.000001 9.794001 188 188 188
v 8.700000 14.000001 11.698000 188 188 188
v 8.700000 11.998000 11.698000 188 188 188
v 9.800000 14.000001 9.794001 188 188 188
v 8.700000 14.000001 11.698000 188 188 188
v 5.500000 14.000001 23.398001 188 188 188
v 9.800000 14.000001 13.606001 188 188 188
v 5.500000 14.000001 23.398001 188 188 188
v 4.594000 14.120000 3.550000 188 188 188
v 4.594000 14.120000 23.398001 188 188 188
v 3.024000 15.024001 3.550000 188 188 188
v 2.468000 15.750001 23.398001 188 188 188
v 3.024000 15.024001 23.398001 188 188 188
v 3.848000 15.848000 3.550000 188 188 188
v 2.468000 15.750001 3.550000 188 188 188
v 3.024000 15.024001 3.550000 188 188 188
v 55.197998 15.848000 3.550000 188 188 188
v 3.750000 14.467999 3.550000 188 188 188
v 5.500000 14.000001 3.550000 188 188 188
v 34.524002 15.848000 2.774000 188 188 188
v 3.848000 15.848000 2.000000 188 188 188
v 55.197998 15.848000 3.550000 188 188 188
v 3.848000 48.550003 3.550000 188 188 188
v 2.000000 17.498001 3.550000 188 188 188
v 3.848000 15.848000 3.550000 188 188 188
v 2.000000 17.498001 3.550000 188 188 188
v 3.848000 48.550003 3.550000 188 188 188
v 2.000000 48.550003 4.954000 188 188 188
v 2.000000 17.498001 3.550000 188 188 188
v 2.000000 48.550003 3.550000 188 188 188
v 2.000000 48.550003 3.550000 188 188 188
v 3.848000 48.550003 3.550000 188 188 188
v 2.000000 48.550003 4.954000 188 188 188
v 3.848000 58.548000 3.550000 188 188 188
v 2.000000 58.548000 4.954000 188 188 188
v 5.598000 58.548000 3.550000 188 188 188
v 2.000000 58.548000 4.954000 188 188 188
v 3.848000 58.548000 3.550000 188 188 188
v 2.000000 58.548000 3.550000 188 188 188
v 3.848000 58.548000 3.550000 188 188 188
v 2.000000 89.600006 3.550000 188 188 188
v 2.000000 89.600006 3.550000 188 188 188
v 3.848000 58.548000 3.550000 188 188 188
v 2.118000 90.506004 3.550000 188 188 188
v 2.000000 58.548000 3.550000 188 188 188
v 2.000000 89.600006 3.550000 188 188 188
v 2.000000 58.548000 4.954000 188 188 188
v 3.848000 48.550003 3.550000 188 188 188
v 5.598000 48.550003 3.550000 188 188 188
v 2.000000 48.550003 4.954000 188 188 188
v 2.000000 17.498001 3.550000 188 188 188
v 2.000000 48.550003 4.954000 188 188 188
v 2.000000 44.598003 7.798000 188 188 188
v 2.000000 59.600002 7.798000 188 188 188
v 0.000000 59.600002 7.798000 188 188 188
v 2.000000 44.598003 7.798000 188 188 188
v 2.000000 58.548000 4.954000 188 188 188
v 2.000000 89.600006 3.550000 188 188 188
v 2.000000 76.600006 19.216002 188 188 188
v 1.764000 71.098000 19.600000 188 188 188
v 2.000000 65.100006 19.216002 188 188 188
v 2.000000 71.098000 19.216002 188 188 188
v 2.000000 65.100006 19.216002 188 188 188
v 1.764000 71.098000 19.600000 188 188 188
v 1.764000 65.100006 19.600000 188 188 188
v 2.000000 71.098000 22.397999 188 188 188
v 1.398000 71.098000 20.198002 188 188 188
v 1.398000 71.098000 22.397999 188 188 188
v 1.398000 65.100006 20.198002 188 188 188
v 1.398000 71.098000 20.198002 188 188 188
v 1.398000 65.100006 20.198002 188 188 188
v 1.398000 71.098000 22.397999 188 188 188
v 1.398000 65.100006 22.397999 188 188 188
v 1.398000 71.098000 22.397999 188 188 188
v 2.000000 71.098000 22.397999 188 188 188
v 2.000000 71.098000 22.397999 188 188 188
v 2.000000 65.100006 22.397999 188 188 188
v 1.398000 65.100006 22.397999 188 188 188
v 1.764000 71.098000 19.600000 188 188 188
v 1.398000 71.098000 19.600000 188 188 188
v 1.764000 65.100006 19.600000 188 188 188
v 1.398000 65.100006 19.600000 188 188 188
v 1.398000 71.098000 20.198002 188 188 188
v 1.398000 65.100006 20.198002 188 188 188
v 2.000000 65.100006 20.198002 188 188 188
v 2.000000 65.100006 19.216002 188 188 188
v 1.764000 65.100006 19.600000 188 188 188
v 2.000000 65.100006 22.397999 188 188 188
v 1.398000 65.100006 20.198002 188 188 188
v 1.398000 65.100006 22.397999 188 188 188
v 2.000000 65.100006 20.198002 188 188 188
v 2.000000 59.600002 16.998001 188 188 188
v 2.000000 65.100006 19.216002 188 188 188
v 2.000000 65.100006 22.397999 188 188 188
v 2.000000 17.498001 23.398001 188 188 188
v 2.000000 44.598003 16.998001 188 188 188
v 0.000000 44.598003 7.798000 188 188 188
v 2.000000 44.598003 16.998001 188 188 188
v 2.000000 44.598003 7.798000 188 188 188
v 0.186000 16.076000 23.398001 188 188 188
v 0.186000 16.076000 0.000000 188 188 188
v 0.736000 14.748000 0.000000 188 188 188
v 0.736000 14.748000 0.000000 188 188 188
v 1.610000 13.610001 0.000000 188 188 188
v 1.610000 13.610001 2.000000 188 188 188
v 1.754000 13.500001 2.000000 188 188 188
v 1.610000 13.610001 2.000000 188 188 188
v 1.610000 13.610001 0.000000 188 188 188
v 1.754000 13.500001 3.550000 188 188 188
v 1.500000 13.500001 3.550000 188 188 188
v 1.754000 13.500001 2.000000 188 188 188
v 1.610000 13.610001 3.550000 188 188 188
v 1.754000 13.500001 3.550000 188 188 188
v 1.610000 13.610001 23.398001 188 188 188
v 2.750000 12.736000 23.398001 188 188 188
v 0.000000 17.498001 23.398001 188 188 188
v 1.610000 13.610001 23.398001 188 188 188
v 5.500000 17.498001 0.000000 188 188 188
v 4.074000 12.188001 0.000000 188 188 188
v 2.750000 12.736000 0.000000 188 188 188
v 4.074000 12.188001 23.398001 188 188 188
v 0.000000 17.498001 23.398001 188 188 188
v 2.750000 12.736000 23.398001 188 188 188
v 5.500000 17.498001 0.000000 188 188 188
v 5.500000 11.998000 0.000000 188 188 188
v 4.074000 12.188001 0.000000 188 188 188
v 5.500000 11.998000 0.000000 188 188 188
v 5.500000 17.498001 0.000000 188 188 188
v 60.198002 14.748000 0.000000 188 188 188
v 4.074000 12.188001 23.398001 188 188 188
v 5.500000 11.998000 23.398001 188 188 188
v 4.594000 14.120000 23.398001 188 188 188
v 8.700000 11.998000 11.698000 188 188 188
v 9.800000 11.998000 13.606001 188 188 188
v 5.500000 11.998000 23.398001 188 188 188
v 9.800000 11.998000 9.794001 188 188 188
v 9.800000 14.000001 9.794001 188 188 188
v 8.700000 11.998000 11.698000 188 188 188
v 11.998000 14.000001 9.794001 188 188 188
v 9.800000 11.998000 9.794001 188 188 188
v 11.998000 11.998000 9.794001 188 188 188
v 11.998000 11.998000 9.794001 188 188 188
v 15.599998 11.998000 9.794001 188 188 188
v 14.500000 11.998000 11.698000 188 188 188
v 17.798000 14.000001 9.794001 188 188 188
v 15.599998 11.998000 9.794001 188 188 188
v 17.798000 11.998000 9.794001 188 188 188
v 5.500000 11.998000 0.000000 188 188 188
v 24.100000 11.998000 0.000000 188 188 188
v 24.100000 11.998000 2.998000 188 188 188
v 24.100000 11.998000 2.998000 188 188 188
v 24.100000 11.998000 0.000000 188 188 188
v 24.100000 11.998000 0.000000 188 188 188
v 24.100000 11.618322 0.000000 188 188 188
v 24.100000 11.998000 2.998000 188 188 188
v 24.100000 11.998000 2.998000 188 188 188
v 24.100000 11.618322 2.998000 188 188 188
v 24.100000 11.998000 0.000000 188 188 188
v 24.100000 11.998000 0.000000 188 188 188
v 24.661148 11.618322 0.000000 188 188 188
v 24.100000 11.998000 0.000000 188 188 188
v 24.629782 11.618322 0.000000 188 188 188
v 24.100000 11.998000 0.000000 188 188 188
v 24.584621 11.618322 0.000000 188 188 188
v 24.100000 11.998000 0.000000 188 188 188
v 24.531832 11.618322 0.000000 188 188 188
v 24.100000 11.998000 0.000000 188 188 188
v 24.479517 11.618322 0.000000 188 188 188
v 24.397459 11.618322 0.000000 188 188 188
v 24.100000 11.998000 0.000000 188 188 188
v 24.433676 11.618322 0.000000 188 188 188
v 24.100000 11.998000 2.998000 188 188 188
v 24.100000 11.618322 0.000000 188 188 188
v 24.100000 11.618322 2.808224 188 188 188
v 17.798000 11.998000 9.794001 188 188 188
v 21.400002 11.998000 9.794001 188 188 188
v 20.300001 11.998000 11.698000 188 188 188
v 23.598001 14.000001 9.794001 188 188 188
v 21.400002 11.998000 9.794001 188 188 188
v 23.598001 11.998000 9.794001 188 188 188
v 25.062000 11.998000 9.000000 188 188 188
v 27.000002 11.998000 9.000000 188 188 188
v 23.598001 11.998000 9.794001 188 188 188
v 27.000002 11.998000 9.000000 188 188 188
v 25.062000 11.998000 9.000000 188 188 188
v 24.997999 11.618322 8.669640 188 188 188
v 24.997999 11.998000 9.000000 188 188 188
v 24.997999 11.998000 9.000000 188 188 188
v 24.997999 11.618322 8.661695 188 188 188
v 24.997999 11.618322 8.654618 188 188 188
v 24.997999 11.998000 9.000000 188 188 188
v 24.997999 11.998000 9.000000 188 188 188
v 24.997999 11.618322 8.633864 188 188 188
v 24.997999 11.998000 9.000000 188 188 188
v 24.997999 11.618322 8.614282 188 188 188
v 24.997999 11.998000 9.000000 188 188 188
v 24.997999 11.618322 8.609120 188 188 188
v 24.997999 11.998000 9.000000 188 188 188
v 24.997999 11.998000 9.000000 188 188 188
v 24.997999 11.618322 8.605330 188 188 188
v 24.997999 11.998000 9.000000 188 188 188
v 24.997999 11.998000 9.000000 188 188 188
v 24.997999 11.618322 8.602438 188 188 188
v 24.997999 11.618322 8.603130 188 188 188
v 24.997999 11.998000 9.000000 188 188 188
v 24.997999 11.618322 8.620070 188 188 188
v 24.997999 11.998000 9.000000 188 188 188
v 24.997999 11.618322 8.625809 188 188 188
v 24.997999 11.618322 8.630541 188 188 188
v 24.997999 11.998000 9.000000 188 188 188
v 24.997999 11.618322 8.399360 188 188 188
v 24.997999 11.618322 8.589252 188 188 188
v 24.100000 11.998000 2.998000 188 188 188
v 24.997999 11.998000 2.998000 188 188 188
v 24.997999 11.998000 9.000000 188 188 188
v 24.100000 11.998000 2.998000 188 188 188
v 24.161455 11.618322 2.998000 188 188 188
v 24.189865 11.618322 2.998000 188 188 188
v 24.997999 11.618322 2.998000 188 188 188
v 24.997999 11.870001 2.998000 188 188 188
v 24.857668 11.618322 2.998000 188 188 188
v 25.062000 11.998000 9.000000 188 188 188
v 26.361383 11.618322 8.728646 188 188 188
v 26.909491 11.618322 8.728646 188 188 188
v 27.000002 11.998000 9.000000 188 188 188
v 26.909491 11.618322 8.728646 188 188 188
v 27.000002 11.998000 9.000000 188 188 188
v 26.913740 11.618322 8.728646 188 188 188
v 27.000002 11.998000 9.000000 188 188 188
v 26.914644 11.618322 8.728646 188 188 188
v 27.000002 11.998000 9.000000 188 188 188
v 26.926851 11.618322 8.728646 188 188 188
v 27.000002 11.998000 9.000000 188 188 188
v 26.941319 11.618322 8.728646 188 188 188
v 27.000002 11.998000 9.000000 188 188 188
v 26.957865 11.618322 8.728646 188 188 188
v 27.000002 11.998000 9.000000 188 188 188
v 26.977396 11.618322 8.728646 188 188 188
v 27.000002 11.998000 9.000000 188 188 188
v 27.000002 11.618322 8.728646 188 188 188
v 27.000002 11.998000 9.000000 188 188 188
v 27.000002 11.618322 8.727999 188 188 188
v 27.000002 11.998000 9.000000 188 188 188
v 27.000002 11.618322 8.712850 188 188 188
v 27.000002 11.998000 9.000000 188 188 188
v 27.000002 11.618322 8.661192 188 188 188
v 27.000002 11.998000 9.000000 188 188 188
v 27.000002 11.618322 8.651769 188 188 188
v 27.000002 11.998000 9.000000 188 188 188
v 27.000002 11.618322 8.637822 188 188 188
v 27.000002 11.998000 9.000000 188 188 188
v 27.000002 11.618322 8.620070 188 188 188
v 27.000002 11.998000 9.000000 188 188 188
v 27.000002 11.618322 8.600626 188 188 188
v 27.000002 11.998000 9.000000 188 188 188
v 27.000002 11.618322 8.582173 188 188 188
v 27.000002 11.998000 9.000000 188 188 188
v 27.000002 11.618322 8.567749 188 188 188
v 27.000002 11.998000 9.000000 188 188 188
v 27.000002 11.618322 8.559221 188 188 188
v 27.000002 11.998000 9.000000 188 188 188
v 27.000002 11.618322 8.556821 188 188 188
v 27.000002 11.998000 9.000000 188 188 188
v 27.000002 11.618322 8.498940 188 188 188
v 27.000002 11.618322 6.422142 188 188 188
v 27.000002 11.998000 7.946001 188 188 188
v 27.000002 11.618322 6.422142 188 188 188
v 27.000002 11.998000 7.946001 188 188 188
v 27.000002 11.618322 5.820835 188 188 188
v 27.000002 11.618322 2.998000 188 188 188
v 27.000002 11.998000 7.946001 188 188 188
v 27.000002 11.618322 3.408208 188 188 188
v 28.812979 11.618322 2.998000 188 188 188
v 27.000002 11.998000 2.998000 188 188 188
v 27.000002 11.618322 2.998000 188 188 188
v 33.198002 11.618322 2.998000 188 188 188
v 33.198002 11.998000 2.998000 188 188 188
v 28.812979 11.618322 2.998000 188 188 188
v 35.200001 11.618322 3.593374 188 188 188
v 35.200001 11.618322 3.423267 188 188 188
v 35.200001 11.998000 3.684000 188 188 188
v 35.200001 11.998000 3.488000 188 188 188
v 35.200001 11.618322 3.423267 188 188 188
v 35.200001 11.998000 3.488000 188 188 188
v 35.200001 11.618322 3.412983 188 188 188
v 35.200001 11.618322 2.998000 188 188 188
v 35.200001 11.998000 3.488000 188 188 188
v 35.200001 11.618322 3.072728 188 188 188
v 35.200001 11.998000 2.998000 188 188 188
v 35.200001 11.618322 2.998000 188 188 188
v 35.336952 11.618322 2.998000 188 188 188
v 36.098003 11.998000 2.998000 188 188 188
v 35.336952 11.618322 2.998000 188 188 188
v 35.960522 11.618322 2.998000 188 188 188
v 24.852268 11.618322 0.000000 188 188 188
v 24.100000 11.998000 0.000000 188 188 188
v 24.859610 11.618322 0.000000 188 188 188
v 36.090714 11.618322 0.000000 188 188 188
v 36.098003 11.998000 0.000000 188 188 188
v 36.098003 11.618322 0.000000 188 188 188
v 36.098003 11.998000 0.000000 188 188 188
v 69.498001 14.748000 0.000000 188 188 188
v 75.500000 14.748000 0.000000 188 188 188
v 60.198002 14.748000 0.000000 188 188 188
v 24.100000 11.998000 0.000000 188 188 188
v 5.500000 11.998000 0.000000 188 188 188
v 114.898003 17.498001 0.000000 188 188 188
v 75.500000 14.748000 0.000000 188 188 188
v 69.498001 14.748000 0.000000 188 188 188
v 60.198002 17.498001 0.000000 188 188 188
v 60.198002 14.748000 0.000000 188 188 188
v 5.500000 17.498001 0.000000 188 188 188
v 107.967995 28.308001 0.000000 188 188 188
v 60.198002 17.498001 0.000000 188 188 188
v 56.734001 22.905998 0.000000 188 188 188
v 114.898003 11.998000 0.000000 188 188 188
v 114.898003 17.498001 0.000000 188 188 188
v 120.212006 17.498001 0.000000 188 188 188
v 120.212006 17.498001 0.000000 188 188 188
v 120.212006 17.612001 0.000000 188 188 188
v 120.398003 17.498001 0.000000 188 188 188
v 120.306000 53.605999 0.000000 188 188 188
v 120.212006 17.612001 0.000000 188 188 188
v 117.556000 53.605999 0.000000 188 188 188
v 114.090004 50.140003 0.000000 188 188 188
v 107.967995 28.308001 0.000000 188 188 188
v 107.967995 82.670006 0.000000 188 188 188
v 120.398003 89.600006 0.000000 188 188 188
v 117.556000 53.605999 0.000000 188 188 188
v 114.898003 89.600006 0.000000 188 188 188
v 5.500000 89.600006 0.000000 188 188 188
v 50.899998 92.350006 0.000000 188 188 188
v 84.300003 95.099998 0.000000 188 188 188
v 50.899998 92.350006 0.000000 188 188 188
v 44.897999 92.350006 0.000000 188 188 188
v 84.300003 95.099998 0.000000 188 188 188
v 44.897999 92.350006 0.000000 188 188 188
v 36.098003 95.099998 0.000000 188 188 188
v 84.300003 95.099998 0.000000 188 188 188
v 84.300003 95.099998 0.000000 188 188 188
v 36.098003 95.099998 2.998000 188 188 188
v 36.098003 95.099998 2.998000 188 188 188
v 85.198006 95.099998 9.000000 188 188 188
v 84.300003 95.099998 2.998000 188 188 188
v 84.300003 95.099998 2.998000 188 188 188
v 85.198006 95.099998 9.000000 188 188 188
v 84.300003 95.099998 2.998000 188 188 188
v 85.198006 95.099998 2.998000 188 188 188
v 85.198006 95.099998 2.998000 188 188 188
v 85.175423 95.250771 2.998000 188 188 188
v 85.198006 95.250771 2.998000 188 188 188
v 85.198006 95.099998 2.998000 188 188 188
v 84.300003 95.099998 2.998000 188 188 188
v 85.175423 95.250771 2.998000 188 188 188
v 84.300003 95.099998 0.000000 188 188 188
v 84.300003 95.099998 2.998000 188 188 188
v 84.307953 95.250771 2.998000 188 188 188
v 84.300003 95.250771 2.998000 188 188 188
v 85.198006 95.250771 8.685119 188 188 188
v 85.198006 95.099998 2.998000 188 188 188
v 85.198006 95.099998 9.000000 188 188 188
v 85.198006 95.099998 9.000000 188 188 188
v 85.198006 95.250771 8.685119 188 188 188
v 85.198006 95.250771 8.892240 188 188 188
v 85.198006 95.099998 9.000000 188 188 188
v 85.198006 95.099998 9.000000 188 188 188
v 36.098003 95.099998 2.998000 188 188 188
v 35.200001 95.099998 9.000000 188 188 188
v 85.198006 95.099998 9.000000 188 188 188
v 85.198006 95.099998 9.000000 188 188 188
v 46.800003 95.099998 9.794001 188 188 188
v 46.800003 95.099998 9.794001 188 188 188
v 50.398003 95.099998 9.794001 188 188 188
v 50.398003 95.099998 9.794001 188 188 188
v 47.900002 95.099998 11.698000 188 188 188
v 47.900002 95.099998 11.698000 188 188 188
v 49.300003 95.099998 11.698000 188 188 188
v 49.300003 95.099998 11.698000 188 188 188
v 46.800003 95.099998 13.606001 188 188 188
v 50.398003 95.099998 13.606001 188 188 188
v 46.800003 95.099998 13.606001 188 188 188
v 80.850006 95.099998 18.502001 188 188 188
v 46.800003 95.099998 13.606001 188 188 188
v 80.850006 95.099998 18.502001 188 188 188
v 79.748001 95.099998 18.502001 188 188 188
v 114.898003 95.099998 23.398001 188 188 188
v 80.850006 95.099998 18.502001 188 188 188
v 114.898003 95.099998 23.398001 188 188 188
v 82.648003 95.099998 18.502001 188 188 188
v 114.898003 95.099998 23.398001 188 188 188
v 83.748001 95.099998 18.502001 188 188 188
v 114.898003 95.099998 23.398001 188 188 188
v 83.748001 95.099998 18.502001 188 188 188
v 56.200001 95.099998 13.606001 188 188 188
v 56.200001 95.099998 13.606001 188 188 188
v 52.598000 95.099998 13.606001 188 188 188
v 52.598000 95.099998 13.606001 188 188 188
v 55.100002 95.099998 11.698000 188 188 188
v 55.100002 95.099998 11.698000 188 188 188
v 53.699997 95.099998 11.698000 188 188 188
v 53.699997 95.099998 11.698000 188 188 188
v 56.200001 95.099998 9.794001 188 188 188
v 56.200001 95.099998 9.794001 188 188 188
v 85.198006 95.099998 9.000000 188 188 188
v 52.598000 95.099998 9.794001 188 188 188
v 85.198006 95.099998 9.000000 188 188 188
v 56.200001 95.099998 9.794001 188 188 188
v 56.200001 93.098007 9.794001 188 188 188
v 58.398003 95.099998 9.794001 188 188 188
v 56.200001 95.099998 9.794001 188 188 188
v 56.200001 93.098007 9.794001 188 188 188
v 56.200001 95.099998 9.794001 188 188 188
v 85.198006 95.099998 9.000000 188 188 188
v 58.398003 95.099998 9.794001 188 188 188
v 58.398003 95.099998 9.794001 188 188 188
v 62.000000 95.099998 9.794001 188 188 188
v 62.000000 95.099998 9.794001 188 188 188
v 59.498001 95.099998 11.698000 188 188 188
v 59.498001 95.099998 11.698000 188 188 188
v 60.900002 95.099998 11.698000 188 188 188
v 60.900002 95.099998 11.698000 188 188 188
v 58.398003 95.099998 13.606001 188 188 188
v 58.398003 95.099998 13.606001 188 188 188
v 114.898003 95.099998 23.398001 188 188 188
v 62.000000 95.099998 13.606001 188 188 188
v 62.000000 95.099998 13.606001 188 188 188
v 114.898003 95.099998 23.398001 188 188 188
v 64.198006 95.099998 13.606001 188 188 188
v 64.198006 93.098007 13.606001 188 188 188
v 62.000000 95.099998 13.606001 188 188 188
v 64.198006 93.098007 13.606001 188 188 188
v 64.198006 95.099998 13.606001 188 188 188
v 64.198006 95.099998 13.606001 188 188 188
v 65.298004 93.098007 11.698000 188 188 188
v 64.198006 93.098007 9.794001 188 188 188
v 65.298004 93.098007 11.698000 188 188 188
v 65.298004 95.099998 11.698000 188 188 188
v 65.298004 95.099998 11.698000 188 188 188
v 64.198006 93.098007 9.794001 188 188 188
v 64.198006 95.099998 9.794001 188 188 188
v 65.298004 95.099998 11.698000 188 188 188
v 67.800003 95.099998 9.794001 188 188 188
v 85.198006 95.099998 9.000000 188 188 188
v 64.198006 95.099998 9.794001 188 188 188
v 85.198006 95.099998 9.000000 188 188 188
v 67.800003 95.099998 9.794001 188 188 188
v 67.800003 93.098007 9.794001 188 188 188
v 69.998001 95.099998 9.794001 188 188 188
v 67.800003 95.099998 9.794001 188 188 188
v 67.800003 93.098007 9.794001 188 188 188
v 67.800003 95.099998 9.794001 188 188 188
v 66.700005 93.098007 11.698000 188 188 188
v 67.800003 95.099998 9.794001 188 188 188
v 66.700005 93.098007 11.698000 188 188 188
v 66.700005 95.099998 11.698000 188 188 188
v 67.800003 93.098007 13.606001 188 188 188
v 65.298004 93.098007 11.698000 188 188 188
v 66.700005 93.098007 11.698000 188 188 188
v 67.800003 93.098007 13.606001 188 188 188
v 67.800003 93.098007 13.606001 188 188 188
v 66.700005 95.099998 11.698000 188 188 188
v 67.800003 95.099998 13.606001 188 188 188
v 66.700005 95.099998 11.698000 188 188 188
v 64.198006 95.099998 13.606001 188 188 188
v 73.600006 95.099998 9.794001 188 188 188
v 85.198006 95.099998 9.000000 188 188 188
v 69.998001 95.099998 9.794001 188 188 188
v 66.700005 95.099998 11.698000 188 188 188
v 67.800003 95.099998 9.794001 188 188 188
v 65.298004 95.099998 11.698000 188 188 188
v 66.700005 93.098007 11.698000 188 188 188
v 65.298004 93.098007 11.698000 188 188 188
v 64.198006 93.098007 9.794001 188 188 188
v 65.298004 95.099998 11.698000 188 188 188
v 64.198006 95.099998 13.606001 188 188 188
v 66.700005 95.099998 11.698000 188 188 188
v 64.198006 95.099998 13.606001 188 188 188
v 114.898003 95.099998 23.398001 188 188 188
v 67.800003 95.099998 13.606001 188 188 188
v 62.000000 95.099998 13.606001 188 188 188
v 62.000000 93.098007 13.606001 188 188 188
v 60.900002 95.099998 11.698000 188 188 188
v 60.900002 93.098007 11.698000 188 188 188
v 60.900002 95.099998 11.698000 188 188 188
v 62.000000 93.098007 13.606001 188 188 188
v 60.900002 93.098007 11.698000 188 188 188
v 62.000000 93.098007 13.606001 188 188 188
v 58.398003 95.099998 13.606001 188 188 188
v 59.498001 95.099998 11.698000 188 188 188
v 59.498001 93.098007 11.698000 188 188 188
v 59.498001 93.098007 11.698000 188 188 188
v 58.398003 93.098007 13.606001 188 188 188
v 58.398003 95.099998 13.606001 188 188 188
v 58.398003 95.099998 13.606001 188 188 188
v 58.398003 93.098007 13.606001 188 188 188
v 56.200001 95.099998 13.606001 188 188 188
v 56.200001 95.099998 13.606001 188 188 188
v 58.398003 93.098007 13.606001 188 188 188
v 56.200001 93.098007 13.606001 188 188 188
v 58.398003 93.098007 13.606001 188 188 188
v 56.200001 93.098007 13.606001 188 188 188
v 44.464001 93.098007 22.397999 188 188 188
v 44.464001 93.098007 22.397999 188 188 188
v 52.598000 93.098007 13.606001 188 188 188
v 52.598000 93.098007 13.606001 188 188 188
v 44.464001 93.098007 20.198002 188 188 188
v 44.464001 93.098007 20.198002 188 188 188
v 50.398003 93.098007 13.606001 188 188 188
v 50.398003 93.098007 13.606001 188 188 188
v 44.464001 93.098007 19.216002 188 188 188
v 46.800003 93.098007 13.606001 188 188 188
v 44.464001 93.098007 19.216002 188 188 188
v 44.464001 93.098007 19.216002 188 188 188
v 44.598003 93.098007 13.606001 188 188 188
v 44.598003 93.098007 13.606001 188 188 188
v 38.466003 93.098007 19.216002 188 188 188
v 41.000004 93.098007 13.606001 188 188 188
v 38.466003 93.098007 19.216002 188 188 188
v 38.798000 93.098007 13.606001 188 188 188
v 38.466003 93.098007 19.216002 188 188 188
v 35.200001 93.098007 13.606001 188 188 188
v 38.466003 93.098007 19.216002 188 188 188
v 29.400002 93.098007 13.606001 188 188 188
v 32.998001 93.098007 13.606001 188 188 188
v 38.466003 93.098007 19.216002 188 188 188
v 29.400002 93.098007 13.606001 188 188 188
v 38.466003 93.098007 19.216002 188 188 188
v 38.466003 93.098007 19.216002 188 188 188
v 38.466003 93.098007 19.600000 188 188 188
v 38.466003 93.098007 19.600000 188 188 188
v 38.466003 93.332001 19.600000 188 188 188
v 38.466003 93.698006 22.397999 188 188 188
v 38.466003 93.332001 19.600000 188 188 188
v 38.466003 93.698006 22.397999 188 188 188
v 38.466003 93.698006 19.600000 188 188 188
v 38.466003 93.698006 19.600000 188 188 188
v 44.464001 93.698006 22.397999 188 188 188
v 44.464001 93.698006 22.397999 188 188 188
v 44.464001 93.698006 20.198002 188 188 188
v 44.464001 93.098007 22.397999 188 188 188
v 38.466003 93.698006 19.600000 188 188 188
v 44.464001 93.698006 20.198002 188 188 188
v 44.464001 93.698006 20.198002 188 188 188
v 44.464001 93.698006 19.600000 188 188 188
v 44.464001 93.698006 20.198002 188 188 188
v 44.464001 93.332001 19.600000 188 188 188
v 44.464001 93.098007 20.198002 188 188 188
v 44.464001 93.698006 19.600000 188 188 188
v 38.466003 93.332001 19.600000 188 188 188
v 44.464001 93.332001 19.600000 188 188 188
v 44.464001 93.698006 22.397999 188 188 188
v 44.464001 93.098007 22.397999 188 188 188
v 38.466003 93.698006 22.397999 188 188 188
v 38.466003 93.098007 22.397999 188 188 188
v 38.466003 93.698006 22.397999 188 188 188
v 44.464001 93.098007 22.397999 188 188 188
v 38.466003 93.332001 19.600000 188 188 188
v 44.464001 93.698006 19.600000 188 188 188
v 38.466003 93.698006 19.600000 188 188 188
v 38.466003 93.098007 19.600000 188 188 188
v 38.466003 93.698006 22.397999 188 188 188
v 38.466003 93.098007 22.397999 188 188 188
v 44.464001 93.332001 19.600000 188 188 188
v 38.466003 93.332001 19.600000 188 188 188
v 38.466003 93.098007 19.216002 188 188 188
v 32.998001 93.098007 13.606001 188 188 188
v 29.400002 93.098007 13.606001 188 188 188
v 30.498001 93.098007 11.698000 188 188 188
v 32.998001 93.098007 13.606001 188 188 188
v 31.898001 93.098007 11.698000 188 188 188
v 31.898001 95.099998 11.698000 188 188 188
v 32.998001 93.098007 13.606001 188 188 188
v 31.898001 93.098007 11.698000 188 188 188
v 30.498001 93.098007 11.698000 188 188 188
v 29.400002 93.098007 9.794001 188 188 188
v 29.400002 93.098007 9.794001 188 188 188
v 30.498001 93.098007 11.698000 188 188 188
v 30.498001 95.099998 11.698000 188 188 188
v 32.998001 93.098007 13.606001 188 188 188
v 32.998001 95.099998 13.606001 188 188 188
v 35.200001 93.098007 13.606001 188 188 188
v 35.200001 93.098007 13.606001 188 188 188
v 32.998001 95.099998 13.606001 188 188 188
v 32.998001 95.099998 13.606001 188 188 188
v 35.200001 95.099998 13.606001 188 188 188
v 35.200001 95.099998 13.606001 188 188 188
v 73.948006 95.099998 18.502001 188 188 188
v 73.948006 95.099998 18.502001 188 188 188
v 114.898003 95.099998 23.398001 188 188 188
v 75.050003 95.099998 18.502001 188 188 188
v 75.050003 95.099998 18.502001 188 188 188
v 114.898003 95.099998 23.398001 188 188 188
v 76.848000 95.099998 18.502001 188 188 188
v 75.050003 95.099998 18.502001 188 188 188
v 38.798000 95.099998 13.606001 188 188 188
v 76.848000 95.099998 18.502001 188 188 188
v 41.000004 95.099998 13.606001 188 188 188
v 41.000004 93.098007 13.606001 188 188 188
v 38.798000 95.099998 13.606001 188 188 188
v 41.000004 93.098007 13.606001 188 188 188
v 41.000004 95.099998 13.606001 188 188 188
v 41.000004 95.099998 13.606001 188 188 188
v 42.100002 93.098007 11.698000 188 188 188
v 41.000004 93.098007 9.794001 188 188 188
v 42.100002 93.098007 11.698000 188 188 188
v 42.100002 95.099998 11.698000 188 188 188
v 42.100002 95.099998 11.698000 188 188 188
v 41.000004 93.098007 9.794001 188 188 188
v 41.000004 95.099998 9.794001 188 188 188
v 42.100002 95.099998 11.698000 188 188 188
v 44.598003 95.099998 9.794001 188 188 188
v 35.200001 95.099998 9.000000 188 188 188
v 41.000004 95.099998 9.794001 188 188 188
v 41.000004 95.099998 9.794001 188 188 188
v 35.200001 95.099998 9.000000 188 188 188
v 38.798000 93.098007 9.794001 188 188 188
v 41.000004 95.099998 9.794001 188 188 188
v 38.798000 95.099998 9.794001 188 188 188
v 38.798000 93.098007 9.794001 188 188 188
v 38.798000 95.099998 9.794001 188 188 188
v 37.698002 93.098007 11.698000 188 188 188
v 38.798000 95.099998 9.794001 188 188 188
v 37.698002 95.099998 11.698000 188 188 188
v 38.798000 95.099998 9.794001 188 188 188
v 36.300003 95.099998 11.698000 188 188 188
v 35.200001 95.099998 13.606001 188 188 188
v 37.698002 95.099998 11.698000 188 188 188
v 38.798000 95.099998 13.606001 188 188 188
v 37.698002 95.099998 11.698000 188 188 188
v 35.200001 95.099998 13.606001 188 188 188
v 38.798000 95.099998 13.606001 188 188 188
v 38.798000 93.098007 13.606001 188 188 188
v 37.698002 95.099998 11.698000 188 188 188
v 35.200001 95.099998 13.606001 188 188 188
v 36.300003 95.099998 11.698000 188 188 188
v 35.200001 93.098007 9.794001 188 188 188
v 36.300003 93.098007 11.698000 188 188 188
v 36.300003 95.099998 11.698000 188 188 188
v 36.300003 95.099998 11.698000 188 188 188
v 35.200001 93.098007 9.794001 188 188 188
v 37.698002 93.098007 11.698000 188 188 188
v 36.300003 93.098007 11.698000 188 188 188
v 35.200001 93.098007 9.794001 188 188 188
v 36.300003 93.098007 11.698000 188 188 188
v 37.698002 93.098007 11.698000 188 188 188
v 38.798000 93.098007 13.606001 188 188 188
v 35.200001 95.099998 9.794001 188 188 188
v 36.300003 95.099998 11.698000 188 188 188
v 38.798000 95.099998 9.794001 188 188 188
v 38.798000 95.099998 9.794001 188 188 188
v 35.200001 95.099998 9.794001 188 188 188
v 35.200001 95.099998 9.794001 188 188 188
v 33.198002 95.099998 9.000000 188 188 188
v 32.998001 95.099998 9.794001 188 188 188
v 32.998001 93.098007 9.794001 188 188 188
v 35.200001 95.099998 9.794001 188 188 188
v 32.998001 95.099998 9.794001 188 188 188
v 32.998001 93.098007 9.794001 188 188 188
v 32.998001 95.099998 9.794001 188 188 188
v 31.898001 93.098007 11.698000 188 188 188
v 32.998001 95.099998 9.794001 188 188 188
v 33.198002 95.099998 9.000000 188 188 188
v 33.198002 95.099998 9.000000 188 188 188
v 27.000002 95.099998 9.000000 188 188 188
v 27.000002 95.099998 9.000000 188 188 188
v 33.198002 95.099998 2.998000 188 188 188
v 27.000002 95.099998 2.998000 188 188 188
v 33.198002 95.099998 2.998000 188 188 188
v 27.000002 95.099998 2.998000 188 188 188
v 33.041981 95.250771 2.998000 188 188 188
v 24.997999 95.099998 9.000000 188 188 188
v 24.997999 95.099998 9.000000 188 188 188
v 27.000002 95.099998 9.000000 188 188 188
v 27.000002 95.250771 8.892240 188 188 188
v 24.997999 95.099998 9.000000 188 188 188
v 25.033945 95.250771 8.892240 188 188 188
v 24.997999 95.250771 8.685119 188 188 188
v 24.997999 95.099998 2.998000 188 188 188
v 24.997999 95.099998 9.000000 188 188 188
v 24.997999 95.099998 9.000000 188 188 188
v 24.997999 95.099998 2.998000 188 188 188
v 24.100000 95.099998 2.998000 188 188 188
v 24.997999 95.099998 2.998000 188 188 188
v 24.100000 95.099998 2.998000 188 188 188
v 24.975405 95.250771 2.998000 188 188 188
v 24.100000 95.250771 2.998000 188 188 188
v 24.100000 95.099998 0.000000 188 188 188
v 24.100000 95.099998 2.998000 188 188 188
v 5.500000 95.099998 0.000000 188 188 188
v 24.100000 95.099998 2.998000 188 188 188
v 24.100000 95.099998 0.000000 188 188 188
v 24.100000 95.099998 0.000000 188 188 188
v 24.100000 95.250771 0.075364 188 188 188
v 24.100000 95.099998 0.000000 188 188 188
v 24.100000 95.250771 0.000000 188 188 188
v 24.100000 95.099998 0.000000 188 188 188
v 25.171232 95.250771 0.000000 188 188 188
v 36.098003 95.099998 0.000000 188 188 188
v 24.100000 95.099998 0.000000 188 188 188
v 35.796677 95.250771 0.000000 188 188 188
v 36.098003 95.099998 0.000000 188 188 188
v 35.796677 95.250771 0.000000 188 188 188
v 36.098003 95.099998 0.000000 188 188 188
v 36.053860 95.250771 0.000000 188 188 188
v 36.098003 95.250771 0.000000 188 188 188
v 36.098003 95.099998 0.000000 188 188 188
v 36.098003 95.099998 2.998000 188 188 188
v 36.098003 95.099998 2.998000 188 188 188
v 36.050892 95.250771 2.998000 188 188 188
v 36.050892 95.250771 2.998000 188 188 188
v 35.200001 95.099998 2.998000 188 188 188
v 35.200001 95.250771 2.998000 188 188 188
v 35.200001 95.099998 2.998000 188 188 188
v 35.200001 95.099998 9.000000 188 188 188
v 35.200001 95.099998 2.998000 188 188 188
v 35.200001 95.250771 8.685119 188 188 188
v 35.200001 95.099998 9.000000 188 188 188
v 35.200001 95.250771 8.685119 188 188 188
v 33.198002 95.099998 9.000000 188 188 188
v 35.200001 95.099998 9.000000 188 188 188
v 35.200001 95.250771 8.892240 188 188 188
v 33.198002 95.099998 9.000000 188 188 188
v 35.200001 95.250771 8.892240 188 188 188
v 33.198002 95.099998 9.000000 188 188 188
v 33.198002 95.250771 7.976278 188 188 188
v 33.198002 95.099998 2.998000 188 188 188
v 33.198002 95.099998 9.000000 188 188 188
v 33.233944 95.250771 8.892240 188 188 188
v 33.198002 95.250771 8.892240 188 188 188
v 36.075401 95.250771 2.998000 188 188 188
v 36.098003 95.099998 2.998000 188 188 188
v 36.098003 95.099998 2.998000 188 188 188
v 36.098003 95.250771 2.922636 188 188 188
v 36.098003 95.250771 2.998000 188 188 188
v 5.500000 89.600006 0.000000 188 188 188
v 24.100000 95.099998 0.000000 188 188 188
v 36.098003 95.099998 0.000000 188 188 188
v 24.100000 95.250771 2.998000 188 188 188
v 24.100000 95.099998 2.998000 188 188 188
v 24.104103 95.250771 2.998000 188 188 188
v 5.500000 95.099998 0.000000 188 188 188
v 24.997999 95.099998 9.000000 188 188 188
v 24.100000 95.099998 2.998000 188 188 188
v 24.997999 95.099998 2.998000 188 188 188
v 24.997999 95.250771 2.998000 188 188 188
v 24.975405 95.250771 2.998000 188 188 188
v 24.997999 95.099998 9.000000 188 188 188
v 24.997999 95.250771 8.892240 188 188 188
v 24.997999 95.250771 8.685119 188 188 188
v 27.000002 95.099998 9.000000 188 188 188
v 27.000002 95.250771 8.892240 188 188 188
v 27.000002 95.250771 7.976278 188 188 188
v 27.000002 95.099998 2.998000 188 188 188
v 27.000002 95.099998 2.998000 188 188 188
v 28.093336 95.250771 2.998000 188 188 188
v 27.000002 95.250771 2.998000 188 188 188
v 33.198002 95.099998 2.998000 188 188 188
v 33.198002 95.250771 2.998000 188 188 188
v 33.041981 95.250771 2.998000 188 188 188
v 27.000002 95.250771 7.976278 188 188 188
v 27.000002 95.099998 9.000000 188 188 188
v 27.000002 95.099998 2.998000 188 188 188
v 33.198002 95.250771 7.976278 188 188 188
v 33.198002 95.099998 2.998000 188 188 188
v 33.198002 95.099998 9.000000 188 188 188
v 37.698002 93.098007 11.698000 188 188 188
v 37.698002 95.099998 11.698000 188 188 188
v 38.798000 93.098007 13.606001 188 188 188
v 33.198002 95.099998 9.000000 188 188 188
v 38.798000 95.099998 9.794001 188 188 188
v 35.200001 95.099998 9.000000 188 188 188
v 44.598003 95.099998 9.794001 188 188 188
v 42.100002 95.099998 11.698000 188 188 188
v 43.498001 95.099998 11.698000 188 188 188
v 44.598003 95.099998 9.794001 188 188 188
v 44.598003 93.098007 9.794001 188 188 188
v 44.598003 95.099998 9.794001 188 188 188
v 43.498001 93.098007 11.698000 188 188 188
v 44.598003 93.098007 9.794001 188 188 188
v 46.800003 95.099998 9.794001 188 188 188
v 44.598003 95.099998 9.794001 188 188 188
v 43.498001 93.098007 11.698000 188 188 188
v 43.498001 95.099998 11.698000 188 188 188
v 44.598003 93.098007 13.606001 188 188 188
v 42.100002 93.098007 11.698000 188 188 188
v 43.498001 93.098007 11.698000 188 188 188
v 44.598003 93.098007 13.606001 188 188 188
v 44.598003 93.098007 13.606001 188 188 188
v 43.498001 95.099998 11.698000 188 188 188
v 44.598003 95.099998 13.606001 188 188 188
v 43.498001 95.099998 11.698000 188 188 188
v 41.000004 95.099998 13.606001 188 188 188
v 41.000004 95.099998 13.606001 188 188 188
v 44.598003 95.099998 13.606001 188 188 188
v 79.748001 95.099998 18.502001 188 188 188
v 44.598003 95.099998 13.606001 188 188 188
v 77.950005 95.099998 18.502001 188 188 188
v 43.498001 93.098007 11.698000 188 188 188
v 42.100002 93.098007 11.698000 188 188 188
v 41.000004 93.098007 9.794001 188 188 188
v 42.100002 95.099998 11.698000 188 188 188
v 41.000004 95.099998 13.606001 188 188 188
v 43.498001 95.099998 11.698000 188 188 188
v 77.950005 95.099998 18.502001 188 188 188
v 41.000004 95.099998 13.606001 188 188 188
v 76.848000 95.099998 18.502001 188 188 188
v 76.848000 95.099998 18.502001 188 188 188
v 114.898003 95.099998 23.398001 188 188 188
v 77.950005 95.099998 18.502001 188 188 188
v 35.200001 95.099998 13.606001 188 188 188
v 75.050003 95.099998 18.502001 188 188 188
v 38.798000 95.099998 13.606001 188 188 188
v 36.300003 93.098007 11.698000 188 188 188
v 35.200001 93.098007 13.606001 188 188 188
v 35.200001 95.099998 13.606001 188 188 188
v 38.798000 93.098007 13.606001 188 188 188
v 35.200001 93.098007 13.606001 188 188 188
v 36.300003 93.098007 11.698000 188 188 188
v 38.798000 93.098007 13.606001 188 188 188
v 38.798000 95.099998 13.606001 188 188 188
v 41.000004 93.098007 13.606001 188 188 188
v 44.598003 93.098007 13.606001 188 188 188
v 41.000004 93.098007 13.606001 188 188 188
v 42.100002 93.098007 11.698000 188 188 188
v 38.466003 93.098007 19.216002 188 188 188
v 44.464001 93.098007 19.216002 188 188 188
v 44.464001 93.332001 19.600000 188 188 188
v 44.598003 93.098007 13.606001 188 188 188
v 44.598003 95.099998 13.606001 188 188 188
v 46.800003 93.098007 13.606001 188 188 188
v 46.800003 95.099998 13.606001 188 188 188
v 46.800003 93.098007 13.606001 188 188 188
v 44.598003 95.099998 13.606001 188 188 188
v 46.800003 93.098007 13.606001 188 188 188
v 46.800003 95.099998 13.606001 188 188 188
v 50.398003 93.098007 13.606001 188 188 188
v 46.800003 93.098007 13.606001 188 188 188
v 47.900002 93.098007 11.698000 188 188 188
v 47.900002 93.098007 11.698000 188 188 188
v 50.398003 93.098007 13.606001 188 188 188
v 49.300003 93.098007 11.698000 188 188 188
v 49.300003 95.099998 11.698000 188 188 188
v 50.398003 93.098007 13.606001 188 188 188
v 49.300003 93.098007 11.698000 188 188 188
v 47.900002 93.098007 11.698000 188 188 188
v 46.800003 93.098007 9.794001 188 188 188
v 46.800003 93.098007 9.794001 188 188 188
v 47.900002 93.098007 11.698000 188 188 188
v 47.900002 95.099998 11.698000 188 188 188
v 44.464001 93.098007 19.216002 188 188 188
v 44.464001 93.098007 20.198002 188 188 188
v 44.464001 93.332001 19.600000 188 188 188
v 50.398003 93.098007 13.606001 188 188 188
v 50.398003 95.099998 13.606001 188 188 188
v 52.598000 93.098007 13.606001 188 188 188
v 52.598000 95.099998 13.606001 188 188 188
v 52.598000 93.098007 13.606001 188 188 188
v 50.398003 95.099998 13.606001 188 188 188
v 82.648003 95.099998 18.502001 188 188 188
v 52.598000 95.099998 13.606001 188 188 188
v 50.398003 95.099998 13.606001 188 188 188
v 52.598000 93.098007 13.606001 188 188 188
v 52.598000 95.099998 13.606001 188 188 188
v 44.464001 93.098007 20.198002 188 188 188
v 44.464001 93.098007 22.397999 188 188 188
v 44.464001 93.698006 20.198002 188 188 188
v 56.200001 93.098007 13.606001 188 188 188
v 52.598000 93.098007 13.606001 188 188 188
v 53.699997 93.098007 11.698000 188 188 188
v 53.699997 93.098007 11.698000 188 188 188
v 55.100002 93.098007 11.698000 188 188 188
v 56.200001 93.098007 13.606001 188 188 188
v 55.100002 93.098007 11.698000 188 188 188
v 55.100002 95.099998 11.698000 188 188 188
v 56.200001 93.098007 13.606001 188 188 188
v 55.100002 93.098007 11.698000 188 188 188
v 53.699997 93.098007 11.698000 188 188 188
v 52.598000 93.098007 9.794001 188 188 188
v 52.598000 93.098007 9.794001 188 188 188
v 53.699997 93.098007 11.698000 188 188 188
v 53.699997 95.099998 11.698000 188 188 188
v 75.932007 93.098007 22.397999 188 188 188
v 44.464001 93.098007 22.397999 188 188 188
v 58.398003 93.098007 13.606001 188 188 188
v 58.398003 93.098007 13.606001 188 188 188
v 75.932007 93.098007 22.397999 188 188 188
v 75.932007 93.098007 20.198002 188 188 188
v 75.932007 93.098007 22.397999 188 188 188
v 75.932007 93.098007 22.397999 188 188 188
v 75.932007 93.698006 20.198002 188 188 188
v 75.932007 93.698006 22.397999 188 188 188
v 75.932007 93.698006 20.198002 188 188 188
v 81.932007 93.698006 22.397999 188 188 188
v 75.932007 93.698006 20.198002 188 188 188
v 75.932007 93.698006 19.600000 188 188 188
v 81.932007 93.698006 22.397999 188 188 188
v 81.932007 93.698006 22.397999 188 188 188
v 81.932007 93.698006 19.600000 188 188 188
v 81.932007 93.098007 22.397999 188 188 188
v 81.932007 93.698006 19.600000 188 188 188
v 81.932007 93.098007 22.397999 188 188 188
v 81.932007 93.698006 19.600000 188 188 188
v 81.932007 93.332001 19.600000 188 188 188
v 81.932007 93.332001 19.600000 188 188 188
v 75.932007 93.332001 19.600000 188 188 188
v 75.932007 93.098007 19.216002 188 188 188
v 81.932007 93.098007 19.216002 188 188 188
v 81.932007 93.332001 19.600000 188 188 188
v 75.932007 93.098007 19.216002 188 188 188
v 75.932007 93.332001 19.600000 188 188 188
v 75.932007 93.098007 20.198002 188 188 188
v 75.932007 93.332001 19.600000 188 188 188
v 81.932007 93.698006 19.600000 188 188 188
v 75.932007 93.698006 19.600000 188 188 188
v 75.932007 93.698006 20.198002 188 188 188
v 75.932007 93.332001 19.600000 188 188 188
v 75.932007 93.698006 19.600000 188 188 188
v 81.932007 93.698006 22.397999 188 188 188
v 81.932007 93.098007 22.397999 188 188 188
v 75.932007 93.698006 22.397999 188 188 188
v 75.932007 93.698006 20.198002 188 188 188
v 75.932007 93.098007 20.198002 188 188 188
v 75.932007 93.332001 19.600000 188 188 188
v 58.398003 93.098007 13.606001 188 188 188
v 75.932007 93.098007 19.216002 188 188 188
v 75.932007 93.098007 20.198002 188 188 188
v 58.398003 93.098007 9.794001 188 188 188
v 59.498001 93.098007 11.698000 188 188 188
v 59.498001 95.099998 11.698000 188 188 188
v 60.900002 95.099998 11.698000 188 188 188
v 60.900002 93.098007 11.698000 188 188 188
v 62.000000 95.099998 9.794001 188 188 188
v 59.498001 95.099998 11.698000 188 188 188
v 58.398003 95.099998 9.794001 188 188 188
v 58.398003 93.098007 9.794001 188 188 188
v 64.198006 95.099998 9.794001 188 188 188
v 85.198006 95.099998 9.000000 188 188 188
v 62.000000 95.099998 9.794001 188 188 188
v 62.000000 93.098007 9.794001 188 188 188
v 64.198006 95.099998 9.794001 188 188 188
v 62.000000 95.099998 9.794001 188 188 188
v 53.699997 95.099998 11.698000 188 188 188
v 52.598000 95.099998 9.794001 188 188 188
v 52.598000 93.098007 9.794001 188 188 188
v 55.100002 95.099998 11.698000 188 188 188
v 55.100002 93.098007 11.698000 188 188 188
v 56.200001 95.099998 9.794001 188 188 188
v 52.598000 95.099998 13.606001 188 188 188
v 53.699997 95.099998 11.698000 188 188 188
v 53.699997 93.098007 11.698000 188 188 188
v 56.200001 95.099998 13.606001 188 188 188
v 56.200001 93.098007 13.606001 188 188 188
v 55.100002 95.099998 11.698000 188 188 188
v 56.200001 95.099998 13.606001 188 188 188
v 114.898003 95.099998 23.398001 188 188 188
v 58.398003 95.099998 13.606001 188 188 188
v 83.748001 95.099998 18.502001 188 188 188
v 52.598000 95.099998 13.606001 188 188 188
v 82.648003 95.099998 18.502001 188 188 188
v 77.950005 95.099998 18.502001 188 188 188
v 114.898003 95.099998 23.398001 188 188 188
v 79.748001 95.099998 18.502001 188 188 188
v 44.598003 95.099998 13.606001 188 188 188
v 79.748001 95.099998 18.502001 188 188 188
v 46.800003 95.099998 13.606001 188 188 188
v 82.648003 95.099998 18.502001 188 188 188
v 50.398003 95.099998 13.606001 188 188 188
v 80.850006 95.099998 18.502001 188 188 188
v 50.398003 95.099998 13.606001 188 188 188
v 50.398003 93.098007 13.606001 188 188 188
v 49.300003 95.099998 11.698000 188 188 188
v 46.800003 95.099998 13.606001 188 188 188
v 47.900002 95.099998 11.698000 188 188 188
v 47.900002 93.098007 11.698000 188 188 188
v 49.300003 95.099998 11.698000 188 188 188
v 49.300003 93.098007 11.698000 188 188 188
v 50.398003 95.099998 9.794001 188 188 188
v 50.398003 93.098007 9.794001 188 188 188
v 50.398003 95.099998 9.794001 188 188 188
v 49.300003 93.098007 11.698000 188 188 188
v 50.398003 93.098007 9.794001 188 188 188
v 52.598000 95.099998 9.794001 188 188 188
v 50.398003 95.099998 9.794001 188 188 188
v 47.900002 95.099998 11.698000 188 188 188
v 46.800003 95.099998 9.794001 188 188 188
v 46.800003 93.098007 9.794001 188 188 188
v 52.598000 95.099998 9.794001 188 188 188
v 85.198006 95.099998 9.000000 188 188 188
v 50.398003 95.099998 9.794001 188 188 188
v 46.800003 95.099998 9.794001 188 188 188
v 35.200001 95.099998 9.000000 188 188 188
v 44.598003 95.099998 9.794001 188 188 188
v 35.200001 95.099998 2.998000 188 188 188
v 35.200001 95.099998 9.000000 188 188 188
v 36.098003 95.099998 2.998000 188 188 188
v 84.300003 95.250771 2.998000 188 188 188
v 84.300003 95.099998 0.000000 188 188 188
v 84.300003 95.099998 2.998000 188 188 188
v 36.098003 95.099998 0.000000 188 188 188
v 36.098003 95.250771 2.922636 188 188 188
v 36.098003 95.099998 2.998000 188 188 188
v 5.500000 89.600006 0.000000 188 188 188
v 36.098003 95.099998 0.000000 188 188 188
v 44.897999 92.350006 0.000000 188 188 188
v 114.898003 95.099998 0.000000 188 188 188
v 96.298004 95.099998 2.998000 188 188 188
v 95.400002 95.099998 9.000000 188 188 188
v 96.298004 95.099998 2.998000 188 188 188
v 96.298004 95.099998 2.998000 188 188 188
v 95.400002 95.099998 2.998000 188 188 188
v 95.400002 95.099998 2.998000 188 188 188
v 96.250885 95.250771 2.998000 188 188 188
v 95.400002 95.250771 2.998000 188 188 188
v 95.400002 95.099998 2.998000 188 188 188
v 93.397995 95.099998 9.000000 188 188 188
v 93.397995 95.250771 8.892240 188 188 188
v 93.397995 95.250771 7.976278 188 188 188
v 93.397995 95.099998 9.000000 188 188 188
v 93.397995 95.099998 9.000000 188 188 188
v 93.397995 95.099998 2.998000 188 188 188
v 87.200005 95.099998 9.000000 188 188 188
v 87.200005 95.099998 9.000000 188 188 188
v 93.397995 95.099998 9.000000 188 188 188
v 93.397995 95.099998 9.000000 188 188 188
v 90.998001 95.099998 9.794001 188 188 188
v 90.998001 93.098007 9.794001 188 188 188
v 93.200005 95.099998 9.794001 188 188 188
v 90.998001 95.099998 9.794001 188 188 188
v 90.998001 93.098007 9.794001 188 188 188
v 90.998001 95.099998 9.794001 188 188 188
v 89.898003 93.098007 11.698000 188 188 188
v 90.998001 95.099998 9.794001 188 188 188
v 89.898003 95.099998 11.698000 188 188 188
v 90.998001 95.099998 9.794001 188 188 188
v 88.500008 95.099998 11.698000 188 188 188
v 89.898003 95.099998 11.698000 188 188 188
v 89.898003 95.099998 11.698000 188 188 188
v 87.400002 95.099998 13.606001 188 188 188
v 87.400002 95.099998 13.606001 188 188 188
v 114.898003 95.099998 23.398001 188 188 188
v 90.998001 95.099998 13.606001 188 188 188
v 90.998001 95.099998 13.606001 188 188 188
v 114.898003 95.099998 23.398001 188 188 188
v 93.200005 95.099998 13.606001 188 188 188
v 93.200005 93.098007 13.606001 188 188 188
v 90.998001 95.099998 13.606001 188 188 188
v 93.200005 93.098007 13.606001 188 188 188
v 93.200005 95.099998 13.606001 188 188 188
v 93.200005 95.099998 13.606001 188 188 188
v 94.300003 93.098007 11.698000 188 188 188
v 93.200005 93.098007 9.794001 188 188 188
v 94.300003 93.098007 11.698000 188 188 188
v 94.300003 95.099998 11.698000 188 188 188
v 94.300003 95.099998 11.698000 188 188 188
v 93.200005 95.099998 9.794001 188 188 188
v 93.200005 93.098007 9.794001 188 188 188
v 94.300003 93.098007 11.698000 188 188 188
v 93.200005 93.098007 9.794001 188 188 188
v 94.300003 93.098007 11.698000 188 188 188
v 95.700005 93.098007 11.698000 188 188 188
v 96.798004 93.098007 13.606001 188 188 188
v 95.700005 93.098007 11.698000 188 188 188
v 96.798004 93.098007 13.606001 188 188 188
v 96.798004 93.098007 13.606001 188 188 188
v 95.700005 95.099998 11.698000 188 188 188
v 96.798004 95.099998 13.606001 188 188 188
v 95.700005 95.099998 11.698000 188 188 188
v 93.200005 95.099998 13.606001 188 188 188
v 95.700005 95.099998 11.698000 188 188 188
v 95.700005 93.098007 11.698000 188 188 188
v 93.397995 95.099998 9.000000 188 188 188
v 95.700005 95.099998 11.698000 188 188 188
v 96.798004 95.099998 9.794001 188 188 188
v 93.397995 95.099998 9.000000 188 188 188
v 96.798004 95.099998 9.794001 188 188 188
v 95.400002 95.099998 9.000000 188 188 188
v 93.397995 95.099998 9.000000 188 188 188
v 95.400002 95.099998 9.000000 188 188 188
v 95.700005 95.099998 11.698000 188 188 188
v 93.397995 95.099998 9.000000 188 188 188
v 94.300003 95.099998 11.698000 188 188 188
v 96.798004 93.098007 9.794001 188 188 188
v 96.798004 95.099998 9.794001 188 188 188
v 95.700005 93.098007 11.698000 188 188 188
v 94.300003 95.099998 11.698000 188 188 188
v 93.200005 95.099998 13.606001 188 188 188
v 95.700005 95.099998 11.698000 188 188 188
v 93.200005 95.099998 13.606001 188 188 188
v 114.898003 95.099998 23.398001 188 188 188
v 96.798004 95.099998 13.606001 188 188 188
v 96.798004 95.099998 13.606001 188 188 188
v 114.898003 95.099998 23.398001 188 188 188
v 98.998001 95.099998 13.606001 188 188 188
v 98.998001 93.098007 13.606001 188 188 188
v 96.798004 95.099998 13.606001 188 188 188
v 100.100006 93.098007 11.698000 188 188 188
v 98.998001 93.098007 13.606001 188 188 188
v 98.998001 95.099998 13.606001 188 188 188
v 98.998001 95.099998 13.606001 188 188 188
v 114.898003 95.099998 23.398001 188 188 188
v 102.598000 95.099998 13.606001 188 188 188
v 98.998001 95.099998 13.606001 188 188 188
v 100.100006 95.099998 11.698000 188 188 188
v 98.998001 95.099998 13.606001 188 188 188
v 101.500008 95.099998 11.698000 188 188 188
v 101.500008 95.099998 11.698000 188 188 188
v 102.598000 95.099998 9.794001 188 188 188
v 100.100006 95.099998 11.698000 188 188 188
v 102.598000 95.099998 13.606001 188 188 188
v 102.598000 93.098007 13.606001 188 188 188
v 101.500008 95.099998 11.698000 188 188 188
v 101.500008 93.098007 11.698000 188 188 188
v 101.500008 95.099998 11.698000 188 188 188
v 102.598000 93.098007 13.606001 188 188 188
v 85.198006 95.099998 13.606001 188 188 188
v 114.898003 95.099998 23.398001 188 188 188
v 87.400002 95.099998 13.606001 188 188 188
v 87.400002 95.099998 13.606001 188 188 188
v 87.400002 93.098007 13.606001 188 188 188
v 85.198006 95.099998 13.606001 188 188 188
v 87.400002 93.098007 13.606001 188 188 188
v 87.400002 95.099998 13.606001 188 188 188
v 90.998001 95.099998 13.606001 188 188 188
v 90.998001 93.098007 13.606001 188 188 188
v 89.898003 95.099998 11.698000 188 188 188
v 87.400002 95.099998 13.606001 188 188 188
v 88.500008 95.099998 11.698000 188 188 188
v 88.500008 93.098007 11.698000 188 188 188
v 87.400002 93.098007 9.794001 188 188 188
v 88.500008 93.098007 11.698000 188 188 188
v 88.500008 95.099998 11.698000 188 188 188
v 88.500008 95.099998 11.698000 188 188 188
v 87.400002 95.099998 9.794001 188 188 188
v 87.400002 93.098007 9.794001 188 188 188
v 89.898003 93.098007 11.698000 188 188 188
v 88.500008 93.098007 11.698000 188 188 188
v 87.400002 93.098007 9.794001 188 188 188
v 88.500008 93.098007 11.698000 188 188 188
v 89.898003 93.098007 11.698000 188 188 188
v 90.998001 93.098007 13.606001 188 188 188
v 87.400002 95.099998 9.794001 188 188 188
v 88.500008 95.099998 11.698000 188 188 188
v 90.998001 95.099998 9.794001 188 188 188
v 89.898003 93.098007 11.698000 188 188 188
v 89.898003 95.099998 11.698000 188 188 188
v 90.998001 93.098007 13.606001 188 188 188
v 94.300003 95.099998 11.698000 188 188 188
v 93.397995 95.099998 9.000000 188 188 188
v 93.200005 95.099998 9.794001 188 188 188
v 87.200005 95.099998 9.000000 188 188 188
v 93.397995 95.099998 2.998000 188 188 188
v 87.200005 95.099998 2.998000 188 188 188
v 93.397995 95.099998 2.998000 188 188 188
v 87.200005 95.099998 2.998000 188 188 188
v 93.241982 95.250771 2.998000 188 188 188
v 87.200005 95.099998 2.998000 188 188 188
v 88.293343 95.250771 2.998000 188 188 188
v 87.200005 95.250771 2.998000 188 188 188
v 87.200005 95.250771 7.976278 188 188 188
v 87.200005 95.099998 2.998000 188 188 188
v 93.241982 95.250771 2.998000 188 188 188
v 93.397995 95.099998 2.998000 188 188 188
v 93.397995 95.250771 7.976278 188 188 188
v 93.397995 95.250771 2.998000 188 188 188
v 93.397995 95.099998 2.998000 188 188 188
v 93.433937 95.250771 8.892240 188 188 188
v 93.397995 95.099998 9.000000 188 188 188
v 95.400002 95.250771 8.892240 188 188 188
v 95.400002 95.099998 9.000000 188 188 188
v 95.400002 95.250771 8.685119 188 188 188
v 95.400002 95.250771 8.892240 188 188 188
v 96.298004 95.099998 2.998000 188 188 188
v 96.250885 95.250771 2.998000 188 188 188
v 96.298004 95.099998 2.998000 188 188 188
v 96.275406 95.250771 2.998000 188 188 188
v 95.400002 95.250771 8.685119 188 188 188
v 95.400002 95.099998 9.000000 188 188 188
v 95.400002 95.099998 2.998000 188 188 188
v 96.798004 95.099998 9.794001 188 188 188
v 114.898003 95.099998 0.000000 188 188 188
v 95.400002 95.099998 9.000000 188 188 188
v 98.998001 95.099998 9.794001 188 188 188
v 114.898003 95.099998 0.000000 188 188 188
v 96.798004 95.099998 9.794001 188 188 188
v 96.298004 95.250771 2.998000 188 188 188
v 96.298004 95.099998 2.998000 188 188 188
v 96.298004 95.250771 2.922636 188 188 188
v 50.899998 92.350006 0.000000 188 188 188
v 84.300003 95.099998 0.000000 188 188 188
v 96.298004 95.099998 0.000000 188 188 188
v 84.300003 95.099998 0.000000 188 188 188
v 84.300003 95.250771 0.075364 188 188 188
v 84.300003 95.250771 0.000000 188 188 188
v 87.200005 95.099998 9.000000 188 188 188
v 87.200005 95.099998 2.998000 188 188 188
v 87.200005 95.250771 7.976278 188 188 188
v 85.233940 95.250771 8.892240 188 188 188
v 85.198006 95.099998 9.000000 188 188 188
v 87.200005 95.250771 8.892240 188 188 188
v 90.998001 95.099998 9.794001 188 188 188
v 87.200005 95.099998 9.000000 188 188 188
v 87.400002 95.099998 9.794001 188 188 188
v 84.098000 95.099998 11.698000 188 188 188
v 85.198006 95.099998 9.794001 188 188 188
v 82.700005 95.099998 11.698000 188 188 188
v 85.198006 93.098007 13.606001 188 188 188
v 82.700005 93.098007 11.698000 188 188 188
v 81.599998 93.098007 9.794001 188 188 188
v 82.700005 95.099998 11.698000 188 188 188
v 81.599998 95.099998 13.606001 188 188 188
v 84.098000 95.099998 11.698000 188 188 188
v 81.599998 95.099998 13.606001 188 188 188
v 114.898003 95.099998 23.398001 188 188 188
v 85.198006 95.099998 13.606001 188 188 188
v 67.800003 95.099998 13.606001 188 188 188
v 114.898003 95.099998 23.398001 188 188 188
v 69.998001 95.099998 13.606001 188 188 188
v 69.998001 95.099998 13.606001 188 188 188
v 69.998001 93.098007 13.606001 188 188 188
v 67.800003 95.099998 13.606001 188 188 188
v 69.998001 93.098007 13.606001 188 188 188
v 69.998001 95.099998 13.606001 188 188 188
v 73.600006 95.099998 13.606001 188 188 188
v 73.600006 93.098007 13.606001 188 188 188
v 72.498001 95.099998 11.698000 188 188 188
v 69.998001 95.099998 13.606001 188 188 188
v 71.098000 95.099998 11.698000 188 188 188
v 71.098000 93.098007 11.698000 188 188 188
v 69.998001 93.098007 9.794001 188 188 188
v 71.098000 93.098007 11.698000 188 188 188
v 71.098000 95.099998 11.698000 188 188 188
v 71.098000 95.099998 11.698000 188 188 188
v 69.998001 95.099998 9.794001 188 188 188
v 69.998001 93.098007 9.794001 188 188 188
v 72.498001 93.098007 11.698000 188 188 188
v 71.098000 93.098007 11.698000 188 188 188
v 69.998001 93.098007 9.794001 188 188 188
v 71.098000 93.098007 11.698000 188 188 188
v 72.498001 93.098007 11.698000 188 188 188
v 73.600006 93.098007 13.606001 188 188 188
v 69.998001 95.099998 9.794001 188 188 188
v 71.098000 95.099998 11.698000 188 188 188
v 73.600006 95.099998 9.794001 188 188 188
v 72.498001 93.098007 11.698000 188 188 188
v 72.498001 95.099998 11.698000 188 188 188
v 73.600006 93.098007 13.606001 188 188 188
v 75.799995 95.099998 9.794001 188 188 188
v 85.198006 95.099998 9.000000 188 188 188
v 73.600006 95.099998 9.794001 188 188 188
v 75.799995 95.099998 9.794001 188 188 188
v 76.898003 95.099998 11.698000 188 188 188
v 79.399994 95.099998 9.794001 188 188 188
v 75.799995 95.099998 13.606001 188 188 188
v 76.898003 95.099998 11.698000 188 188 188
v 76.898003 93.098007 11.698000 188 188 188
v 78.298004 93.098007 11.698000 188 188 188
v 78.298004 95.099998 11.698000 188 188 188
v 79.399994 93.098007 13.606001 188 188 188
v 79.399994 93.098007 9.794001 188 188 188
v 79.399994 95.099998 9.794001 188 188 188
v 78.298004 93.098007 11.698000 188 188 188
v 81.599998 95.099998 9.794001 188 188 188
v 79.399994 93.098007 9.794001 188 188 188
v 81.599998 93.098007 9.794001 188 188 188
v 81.599998 93.098007 9.794001 188 188 188
v 85.198006 93.098007 9.794001 188 188 188
v 84.098000 93.098007 11.698000 188 188 188
v 87.400002 95.099998 9.794001 188 188 188
v 85.198006 93.098007 9.794001 188 188 188
v 87.400002 93.098007 9.794001 188 188 188
v 87.400002 93.098007 9.794001 188 188 188
v 90.998001 93.098007 9.794001 188 188 188
v 89.898003 93.098007 11.698000 188 188 188
v 93.200005 95.099998 9.794001 188 188 188
v 90.998001 93.098007 9.794001 188 188 188
v 93.200005 93.098007 9.794001 188 188 188
v 93.200005 93.098007 9.794001 188 188 188
v 96.798004 93.098007 9.794001 188 188 188
v 95.700005 93.098007 11.698000 188 188 188
v 96.798004 93.098007 9.794001 188 188 188
v 98.998001 95.099998 9.794001 188 188 188
v 96.798004 95.099998 9.794001 188 188 188
v 98.998001 95.099998 9.794001 188 188 188
v 100.100006 95.099998 11.698000 188 188 188
v 102.598000 95.099998 9.794001 188 188 188
v 98.998001 95.099998 13.606001 188 188 188
v 100.100006 95.099998 11.698000 188 188 188
v 100.100006 93.098007 11.698000 188 188 188
v 100.100006 93.098007 11.698000 188 188 188
v 101.500008 93.098007 11.698000 188 188 188
v 102.598000 93.098007 13.606001 188 188 188
v 102.598000 93.098007 9.794001 188 188 188
v 98.998001 93.098007 9.794001 188 188 188
v 114.898003 93.098007 3.550000 188 188 188
v 102.598000 93.098007 9.794001 188 188 188
v 114.898003 93.098007 3.550000 188 188 188
v 104.797997 93.098007 9.794001 188 188 188
v 114.898003 93.098007 3.550000 188 188 188
v 108.399994 93.098007 9.794001 188 188 188
v 114.898003 93.098007 3.550000 188 188 188
v 108.399994 93.098007 9.794001 188 188 188
v 110.598007 93.098007 9.794001 188 188 188
v 111.697998 95.099998 11.698000 188 188 188
v 110.598007 95.099998 9.794001 188 188 188
v 110.598007 93.098007 9.794001 188 188 188
v 110.598007 93.098007 9.794001 188 188 188
v 111.697998 93.098007 11.698000 188 188 188
v 111.697998 95.099998 11.698000 188 188 188
v 108.399994 93.098007 9.794001 188 188 188
v 110.598007 95.099998 9.794001 188 188 188
v 108.399994 95.099998 9.794001 188 188 188
v 108.399994 93.098007 9.794001 188 188 188
v 108.399994 95.099998 9.794001 188 188 188
v 104.797997 93.098007 9.794001 188 188 188
v 108.399994 93.098007 9.794001 188 188 188
v 107.300003 93.098007 11.698000 188 188 188
v 107.300003 93.098007 11.698000 188 188 188
v 104.797997 93.098007 9.794001 188 188 188
v 104.797997 93.098007 9.794001 188 188 188
v 105.898003 93.098007 11.698000 188 188 188
v 105.898003 95.099998 11.698000 188 188 188
v 105.898003 93.098007 11.698000 188 188 188
v 107.300003 93.098007 11.698000 188 188 188
v 108.399994 93.098007 13.606001 188 188 188
v 107.300003 93.098007 11.698000 188 188 188
v 107.300003 95.099998 11.698000 188 188 188
v 108.399994 93.098007 13.606001 188 188 188
v 101.500008 95.099998 11.698000 188 188 188
v 101.500008 93.098007 11.698000 188 188 188
v 102.598000 95.099998 9.794001 188 188 188
v 104.797997 95.099998 9.794001 188 188 188
v 102.598000 93.098007 9.794001 188 188 188
v 104.797997 93.098007 9.794001 188 188 188
v 102.598000 95.099998 9.794001 188 188 188
v 114.898003 95.099998 0.000000 188 188 188
v 98.998001 95.099998 9.794001 188 188 188
v 110.598007 95.099998 9.794001 188 188 188
v 114.898003 95.099998 0.000000 188 188 188
v 108.399994 95.099998 9.794001 188 188 188
v 105.898003 95.099998 11.698000 188 188 188
v 104.797997 95.099998 9.794001 188 188 188
v 104.797997 93.098007 9.794001 188 188 188
v 107.300003 95.099998 11.698000 188 188 188
v 107.300003 93.098007 11.698000 188 188 188
v 108.399994 95.099998 9.794001 188 188 188
v 104.797997 95.099998 13.606001 188 188 188
v 105.898003 95.099998 11.698000 188 188 188
v 105.898003 93.098007 11.698000 188 188 188
v 105.898003 93.098007 11.698000 188 188 188
v 104.797997 93.098007 13.606001 188 188 188
v 104.797997 95.099998 13.606001 188 188 188
v 104.797997 95.099998 13.606001 188 188 188
v 104.797997 93.098007 13.606001 188 188 188
v 102.598000 95.099998 13.606001 188 188 188
v 108.399994 95.099998 13.606001 188 188 188
v 108.399994 93.098007 13.606001 188 188 188
v 107.300003 95.099998 11.698000 188 188 188
v 102.598000 95.099998 13.606001 188 188 188
v 114.898003 95.099998 23.398001 188 188 188
v 104.797997 95.099998 13.606001 188 188 188
v 110.598007 95.099998 13.606001 188 188 188
v 111.697998 95.099998 11.698000 188 188 188
v 111.697998 93.098007 11.698000 188 188 188
v 111.697998 95.099998 11.698000 188 188 188
v 114.898003 95.099998 0.000000 188 188 188
v 110.598007 95.099998 9.794001 188 188 188
v 114.898003 95.099998 0.000000 188 188 188
v 114.898003 89.600006 0.000000 188 188 188
v 60.198002 92.350006 0.000000 188 188 188
v 117.648003 94.362007 23.398001 188 188 188
v 116.322006 94.910004 0.000000 188 188 188
v 116.322006 94.910004 23.398001 188 188 188
v 117.648003 94.362007 0.000000 188 188 188
v 118.644005 93.598007 3.550000 188 188 188
v 118.644005 93.598007 3.544000 188 188 188
v 118.644005 93.598007 2.000000 188 188 188
v 118.644005 93.598007 3.544000 188 188 188
v 118.900009 93.598007 2.000000 188 188 188
v 118.900009 93.598007 3.550000 188 188 188
v 118.788002 93.488007 3.550000 188 188 188
v 118.900009 93.342003 3.550000 188 188 188
v 118.900009 93.598007 2.000000 188 188 188
v 118.900009 93.342003 2.000000 188 188 188
v 118.788002 93.488007 2.000000 188 188 188
v 118.900009 93.342003 3.550000 188 188 188
v 118.788002 93.488007 23.398001 188 188 188
v 119.664009 92.350006 23.398001 188 188 188
v 119.664009 92.350006 0.000000 188 188 188
v 118.788002 93.488007 2.000000 188 188 188
v 118.900009 93.342003 2.000000 188 188 188
v 114.898003 89.600006 0.000000 188 188 188
v 119.664009 92.350006 0.000000 188 188 188
v 120.212006 91.021996 0.000000 188 188 188
v 119.664009 92.350006 23.398001 188 188 188
v 120.398003 89.600006 23.398001 188 188 188
v 120.212006 91.021996 23.398001 188 188 188
v 114.898003 89.600006 0.000000 188 188 188
v 120.212006 91.021996 0.000000 188 188 188
v 120.398003 89.600006 0.000000 188 188 188
v 120.398003 87.353996 10.600000 188 188 188
v 120.398003 89.600006 0.000000 188 188 188
v 120.398003 87.353996 12.797999 188 188 188
v 120.398003 87.353996 12.797999 188 188 188
v 120.398003 85.450005 13.898001 188 188 188
v 118.400002 85.450005 13.898001 188 188 188
v 120.398003 85.450005 13.898001 188 188 188
v 120.398003 83.542007 12.797999 188 188 188
v 118.400002 83.542007 12.797999 188 188 188
v 120.398003 81.554001 10.600000 188 188 188
v 120.398003 83.542007 12.797999 188 188 188
v 120.398003 81.554001 12.797999 188 188 188
v 120.398003 81.554001 12.797999 188 188 188
v 120.398003 79.650002 13.898001 188 188 188
v 118.400002 79.650002 13.898001 188 188 188
v 120.398003 79.650002 13.898001 188 188 188
v 120.398003 73.848007 13.898001 188 188 188
v 120.398003 75.756004 12.797999 188 188 188
v 120.398003 73.848007 13.898001 188 188 188
v 120.398003 68.048004 13.898001 188 188 188
v 120.398003 69.956001 12.797999 188 188 188
v 120.398003 17.498001 23.398001 188 188 188
v 120.398003 68.048004 13.898001 188 188 188
v 120.398003 53.548004 23.398001 188 188 188
v 118.400002 18.698000 23.398001 188 188 188
v 120.398003 53.548004 23.398001 188 188 188
v 119.398003 54.148003 23.398001 188 188 188
v 118.400002 54.148003 23.398001 188 188 188
v 119.398003 54.148003 23.398001 188 188 188
v 118.400002 89.600006 23.398001 188 188 188
v 118.279999 90.506004 23.398001 188 188 188
v 118.279999 90.506004 3.550000 188 188 188
v 118.400002 89.600006 23.398001 188 188 188
v 117.930008 91.348007 3.550000 188 188 188
v 118.279999 90.506004 23.398001 188 188 188
v 117.930008 91.348007 23.398001 188 188 188
v 116.322006 94.910004 23.398001 188 188 188
v 120.398003 89.600006 23.398001 188 188 188
v 117.648003 94.362007 23.398001 188 188 188
v 115.804001 92.978004 23.398001 188 188 188
v 116.650009 92.630005 23.398001 188 188 188
v 116.322006 94.910004 23.398001 188 188 188
v 114.898003 93.098007 23.398001 188 188 188
v 115.804001 92.978004 23.398001 188 188 188
v 114.898003 95.099998 23.398001 188 188 188
v 111.697998 93.098007 11.698000 188 188 188
v 110.598007 93.098007 9.794001 188 188 188
v 114.898003 93.098007 3.550000 188 188 188
v 111.697998 93.098007 11.698000 188 188 188
v 110.598007 93.098007 13.606001 188 188 188
v 110.598007 95.099998 13.606001 188 188 188
v 108.399994 93.098007 13.606001 188 188 188
v 108.399994 95.099998 13.606001 188 188 188
v 110.598007 93.098007 13.606001 188 188 188
v 108.399994 93.098007 13.606001 188 188 188
v 104.797997 93.098007 13.606001 188 188 188
v 105.898003 93.098007 11.698000 188 188 188
v 102.598000 93.098007 13.606001 188 188 188
v 102.598000 95.099998 13.606001 188 188 188
v 104.797997 93.098007 13.606001 188 188 188
v 102.598000 93.098007 13.606001 188 188 188
v 98.998001 93.098007 13.606001 188 188 188
v 100.100006 93.098007 11.698000 188 188 188
v 96.798004 93.098007 13.606001 188 188 188
v 96.798004 95.099998 13.606001 188 188 188
v 98.998001 93.098007 13.606001 188 188 188
v 96.798004 93.098007 13.606001 188 188 188
v 93.200005 93.098007 13.606001 188 188 188
v 94.300003 93.098007 11.698000 188 188 188
v 90.998001 93.098007 13.606001 188 188 188
v 90.998001 95.099998 13.606001 188 188 188
v 93.200005 93.098007 13.606001 188 188 188
v 90.998001 93.098007 13.606001 188 188 188
v 87.400002 93.098007 13.606001 188 188 188
v 88.500008 93.098007 11.698000 188 188 188
v 85.198006 93.098007 13.606001 188 188 188
v 85.198006 95.099998 13.606001 188 188 188
v 87.400002 93.098007 13.606001 188 188 188
v 85.198006 93.098007 13.606001 188 188 188
v 81.599998 93.098007 13.606001 188 188 188
v 82.700005 93.098007 11.698000 188 188 188
v 79.399994 93.098007 13.606001 188 188 188
v 79.399994 95.099998 13.606001 188 188 188
v 81.599998 93.098007 13.606001 188 188 188
v 79.399994 93.098007 13.606001 188 188 188
v 75.799995 93.098007 13.606001 188 188 188
v 76.898003 93.098007 11.698000 188 188 188
v 73.600006 93.098007 13.606001 188 188 188
v 73.600006 95.099998 13.606001 188 188 188
v 75.799995 93.098007 13.606001 188 188 188
v 73.600006 93.098007 13.606001 188 188 188
v 69.998001 93.098007 13.606001 188 188 188
v 71.098000 93.098007 11.698000 188 188 188
v 67.800003 93.098007 13.606001 188 188 188
v 67.800003 95.099998 13.606001 188 188 188
v 69.998001 93.098007 13.606001 188 188 188
v 67.800003 93.098007 13.606001 188 188 188
v 64.198006 93.098007 13.606001 188 188 188
v 65.298004 93.098007 11.698000 188 188 188
v 62.000000 93.098007 13.606001 188 188 188
v 62.000000 95.099998 13.606001 188 188 188
v 64.198006 93.098007 13.606001 188 188 188
v 62.000000 93.098007 13.606001 188 188 188
v 58.398003 93.098007 13.606001 188 188 188
v 59.498001 93.098007 11.698000 188 188 188
v 81.932007 93.098007 19.216002 188 188 188
v 75.932007 93.098007 19.216002 188 188 188
v 58.398003 93.098007 13.606001 188 188 188
v 81.932007 93.098007 19.216002 188 188 188
v 81.932007 93.098007 19.600000 188 188 188
v 81.932007 93.332001 19.600000 188 188 188
v 81.932007 93.098007 19.600000 188 188 188
v 81.932007 93.098007 22.397999 188 188 188
v 81.932007 93.332001 19.600000 188 188 188
v 75.932007 93.098007 22.397999 188 188 188
v 75.932007 93.698006 22.397999 188 188 188
v 81.932007 93.098007 22.397999 188 188 188
v 44.464001 93.098007 22.397999 188 188 188
v 75.932007 93.098007 22.397999 188 188 188
v 79.682007 93.098007 22.898001 188 188 188
v 79.682007 93.098007 22.898001 188 188 188
v 76.682007 93.098007 22.898001 188 188 188
v 44.464001 93.098007 22.397999 188 188 188
v 60.198002 93.098007 23.398001 188 188 188
v 114.898003 93.098007 23.398001 188 188 188
v 60.198002 94.099998 23.398001 188 188 188
v 38.466003 93.098007 22.397999 188 188 188
v 44.464001 93.098007 22.397999 188 188 188
v 76.682007 93.098007 22.898001 188 188 188
v 29.400002 93.098007 13.606001 188 188 188
v 38.466003 93.098007 19.600000 188 188 188
v 38.466003 93.098007 22.397999 188 188 188
v 30.498001 93.098007 11.698000 188 188 188
v 29.400002 93.098007 13.606001 188 188 188
v 29.400002 95.099998 13.606001 188 188 188
v 20.300001 95.099998 11.698000 188 188 188
v 5.500000 95.099998 23.398001 188 188 188
v 21.400002 95.099998 13.606001 188 188 188
v 21.400002 93.098007 13.606001 188 188 188
v 21.400002 95.099998 13.606001 188 188 188
v 23.598001 93.098007 13.606001 188 188 188
v 27.200003 93.098007 13.606001 188 188 188
v 23.598001 93.098007 13.606001 188 188 188
v 24.698002 93.098007 11.698000 188 188 188
v 24.698002 93.098007 11.698000 188 188 188
v 26.098001 93.098007 11.698000 188 188 188
v 27.200003 93.098007 13.606001 188 188 188
v 26.098001 93.098007 11.698000 188 188 188
v 24.698002 93.098007 11.698000 188 188 188
v 23.598001 93.098007 9.794001 188 188 188
v 5.500000 95.099998 0.000000 188 188 188
v 23.598001 95.099998 9.794001 188 188 188
v 24.997999 95.099998 9.000000 188 188 188
v 27.200003 95.099998 13.606001 188 188 188
v 24.698002 95.099998 11.698000 188 188 188
v 23.598001 95.099998 13.606001 188 188 188
v 26.098001 93.098007 11.698000 188 188 188
v 27.200003 95.099998 13.606001 188 188 188
v 27.200003 93.098007 13.606001 188 188 188
v 24.997999 95.099998 9.000000 188 188 188
v 26.098001 95.099998 11.698000 188 188 188
v 27.200003 95.099998 9.794001 188 188 188
v 24.997999 95.099998 9.000000 188 188 188
v 32.998001 95.099998 9.794001 188 188 188
v 27.000002 95.099998 9.000000 188 188 188
v 30.498001 95.099998 11.698000 188 188 188
v 29.400002 95.099998 9.794001 188 188 188
v 29.400002 93.098007 9.794001 188 188 188
v 31.898001 95.099998 11.698000 188 188 188
v 31.898001 93.098007 11.698000 188 188 188
v 32.998001 95.099998 9.794001 188 188 188
v 29.400002 95.099998 13.606001 188 188 188
v 30.498001 95.099998 11.698000 188 188 188
v 30.498001 93.098007 11.698000 188 188 188
v 32.998001 95.099998 13.606001 188 188 188
v 32.998001 93.098007 13.606001 188 188 188
v 31.898001 95.099998 11.698000 188 188 188
v 73.948006 95.099998 18.502001 188 188 188
v 32.998001 95.099998 13.606001 188 188 188
v 72.150002 95.099998 18.502001 188 188 188
v 72.150002 95.099998 18.502001 188 188 188
v 114.898003 95.099998 23.398001 188 188 188
v 73.948006 95.099998 18.502001 188 188 188
v 114.898003 95.099998 23.398001 188 188 188
v 60.198002 94.099998 23.398001 188 188 188
v 114.898003 93.098007 23.398001 188 188 188
v 60.198002 95.099998 23.398001 188 188 188
v 29.400002 95.099998 13.606001 188 188 188
v 5.500000 95.099998 23.398001 188 188 188
v 60.198002 94.099998 23.398001 188 188 188
v 5.500000 93.098007 23.398001 188 188 188
v 60.198002 93.098007 23.398001 188 188 188
v 5.500000 95.099998 23.398001 188 188 188
v 4.074000 94.910004 0.000000 188 188 188
v 4.074000 94.910004 23.398001 188 188 188
v 8.700000 93.098007 11.698000 188 188 188
v 9.800000 93.098007 13.606001 188 188 188
v 5.500000 93.098007 23.398001 188 188 188
v 9.800000 93.098007 9.794001 188 188 188
v 9.800000 95.099998 9.794001 188 188 188
v 8.700000 93.098007 11.698000 188 188 188
v 11.998000 95.099998 9.794001 188 188 188
v 9.800000 93.098007 9.794001 188 188 188
v 11.998000 93.098007 9.794001 188 188 188
v 11.998000 93.098007 9.794001 188 188 188
v 15.599998 93.098007 9.794001 188 188 188
v 14.500000 93.098007 11.698000 188 188 188
v 17.798000 95.099998 9.794001 188 188 188
v 15.599998 93.098007 9.794001 188 188 188
v 17.798000 93.098007 9.794001 188 188 188
v 17.798000 93.098007 9.794001 188 188 188
v 21.400002 93.098007 9.794001 188 188 188
v 20.300001 93.098007 11.698000 188 188 188
v 23.598001 95.099998 9.794001 188 188 188
v 21.400002 93.098007 9.794001 188 188 188
v 23.598001 93.098007 9.794001 188 188 188
v 23.598001 93.098007 9.794001 188 188 188
v 27.200003 93.098007 9.794001 188 188 188
v 26.098001 93.098007 11.698000 188 188 188
v 29.400002 95.099998 9.794001 188 188 188
v 27.200003 93.098007 9.794001 188 188 188
v 29.400002 93.098007 9.794001 188 188 188
v 29.400002 93.098007 9.794001 188 188 188
v 32.998001 93.098007 9.794001 188 188 188
v 31.898001 93.098007 11.698000 188 188 188
v 35.200001 95.099998 9.794001 188 188 188
v 32.998001 93.098007 9.794001 188 188 188
v 35.200001 93.098007 9.794001 188 188 188
v 35.200001 93.098007 9.794001 188 188 188
v 38.798000 93.098007 9.794001 188 188 188
v 37.698002 93.098007 11.698000 188 188 188
v 41.000004 95.099998 9.794001 188 188 188
v 38.798000 93.098007 9.794001 188 188 188
v 41.000004 93.098007 9.794001 188 188 188
v 41.000004 93.098007 9.794001 188 188 188
v 44.598003 93.098007 9.794001 188 188 188
v 43.498001 93.098007 11.698000 188 188 188
v 46.800003 95.099998 9.794001 188 188 188
v 44.598003 93.098007 9.794001 188 188 188
v 46.800003 93.098007 9.794001 188 188 188
v 46.800003 93.098007 9.794001 188 188 188
v 50.398003 93.098007 9.794001 188 188 188
v 49.300003 93.098007 11.698000 188 188 188
v 52.598000 95.099998 9.794001 188 188 188
v 50.398003 93.098007 9.794001 188 188 188
v 52.598000 93.098007 9.794001 188 188 188
v 52.598000 93.098007 9.794001 188 188 188
v 56.200001 93.098007 9.794001 188 188 188
v 55.100002 93.098007 11.698000 188 188 188
v 58.398003 95.099998 9.794001 188 188 188
v 56.200001 93.098007 9.794001 188 188 188
v 58.398003 93.098007 9.794001 188 188 188
v 60.900002 93.098007 11.698000 188 188 188
v 59.498001 93.098007 11.698000 188 188 188
v 58.398003 93.098007 9.794001 188 188 188
v 62.000000 93.098007 9.794001 188 188 188
v 62.000000 95.099998 9.794001 188 188 188
v 60.900002 93.098007 11.698000 188 188 188
v 64.198006 95.099998 9.794001 188 188 188
v 62.000000 93.098007 9.794001 188 188 188
v 64.198006 93.098007 9.794001 188 188 188
v 64.198006 93.098007 9.794001 188 188 188
v 67.800003 93.098007 9.794001 188 188 188
v 66.700005 93.098007 11.698000 188 188 188
v 69.998001 95.099998 9.794001 188 188 188
v 67.800003 93.098007 9.794001 188 188 188
v 69.998001 93.098007 9.794001 188 188 188
v 69.998001 93.098007 9.794001 188 188 188
v 73.600006 93.098007 9.794001 188 188 188
v 72.498001 93.098007 11.698000 188 188 188
v 75.799995 93.098007 9.794001 188 188 188
v 73.600006 93.098007 9.794001 188 188 188
v 65.200005 93.098007 4.954000 188 188 188
v 5.500000 93.098007 3.550000 188 188 188
v 55.197998 93.098007 3.550000 188 188 188
v 55.197998 93.098007 4.954000 188 188 188
v 5.500000 93.098007 3.550000 188 188 188
v 2.442000 91.292007 3.550000 188 188 188
v 3.848000 91.352005 3.550000 188 188 188
v 3.848000 54.374004 2.774000 188 188 188
v 3.848000 17.498001 2.000000 188 188 188
v 3.848000 53.548004 2.000000 188 188 188
v 3.848000 89.600006 2.000000 188 188 188
v 3.848000 54.374004 2.774000 188 188 188
v 3.848000 17.498001 2.000000 188 188 188
v 4.674000 53.548004 2.000000 188 188 188
v 3.848000 53.548004 2.000000 188 188 188
v 3.848000 58.548000 3.550000 188 188 188
v 3.848000 15.848000 2.000000 188 188 188
v 3.848000 53.548004 2.774000 188 188 188
v 5.500000 17.498001 2.000000 188 188 188
v 3.848000 17.498001 2.000000 188 188 188
v 5.500000 15.848000 2.000000 188 188 188
v 5.500000 15.848000 2.000000 188 188 188
v 5.500000 17.498001 2.000000 188 188 188
v 60.198002 16.674002 2.000000 188 188 188
v 5.500000 15.848000 2.000000 188 188 188
v 60.198002 15.848000 2.000000 188 188 188
v 114.898003 15.848000 2.000000 188 188 188
v 60.198002 16.674002 2.000000 188 188 188
v 114.898003 17.498001 2.000000 188 188 188
v 60.198002 16.674002 2.000000 188 188 188
v 114.898003 15.848000 2.000000 188 188 188
v 34.524002 15.848000 2.774000 188 188 188
v 60.198002 15.848000 2.774000 188 188 188
v 3.848000 15.848000 2.000000 188 188 188
v 5.500000 15.848000 2.000000 188 188 188
v 61.023998 15.848000 2.774000 188 188 188
v 60.198002 15.848000 2.000000 188 188 188
v 116.548004 15.848000 3.550000 188 188 188
v 60.198002 15.848000 2.774000 188 188 188
v 65.200005 15.848000 3.550000 188 188 188
v 60.198002 15.848000 2.000000 188 188 188
v 61.023998 15.848000 2.774000 188 188 188
v 114.898003 15.848000 2.000000 188 188 188
v 114.898003 15.848000 2.000000 188 188 188
v 116.548004 15.848000 2.000000 188 188 188
v 114.898003 17.498001 2.000000 188 188 188
v 64.490005 22.905998 2.000000 188 188 188
v 116.548004 17.498001 2.000000 188 188 188
v 107.967995 28.308001 2.000000 188 188 188
v 60.198002 16.674002 2.000000 188 188 188
v 114.898003 17.498001 2.000000 188 188 188
v 60.198002 17.498001 2.000000 188 188 188
v 64.490005 22.905998 2.000000 188 188 188
v 12.429999 28.308001 2.000000 188 188 188
v 63.664001 22.905998 2.000000 188 188 188
v 60.198002 17.498001 2.000000 188 188 188
v 5.500000 17.498001 2.000000 188 188 188
v 60.198002 16.674002 2.000000 188 188 188
v 3.848000 17.498001 2.000000 188 188 188
v 5.500000 17.498001 2.000000 188 188 188
v 4.674000 53.548004 2.000000 188 188 188
v 8.964001 50.084003 2.000000 188 188 188
v 12.429999 28.308001 2.000000 188 188 188
v 12.429999 82.670006 2.000000 188 188 188
v 3.848000 53.548004 2.000000 188 188 188
v 4.674000 53.548004 2.000000 188 188 188
v 3.848000 89.600006 2.000000 188 188 188
v 3.848000 91.250008 3.550000 188 188 188
v 3.848000 54.374004 2.774000 188 188 188
v 3.848000 89.600006 2.000000 188 188 188
v 5.500000 91.250008 2.000000 188 188 188
v 3.848000 91.250008 2.000000 188 188 188
v 5.500000 89.600006 2.000000 188 188 188
v 60.198002 91.250008 2.000000 188 188 188
v 5.500000 91.250008 2.000000 188 188 188
v 60.198002 90.424004 2.000000 188 188 188
v 60.198002 90.424004 2.000000 188 188 188
v 114.898003 91.250008 2.000000 188 188 188
v 60.198002 91.250008 2.000000 188 188 188
v 59.374004 91.250008 2.774000 188 188 188
v 60.198002 91.250008 2.774000 188 188 188
v 3.848000 91.250008 3.550000 188 188 188
v 55.197998 91.250008 3.550000 188 188 188
v 3.848000 91.250008 3.550000 188 188 188
v 60.198002 91.250008 2.774000 188 188 188
v 85.873993 91.250008 2.774000 188 188 188
v 116.548004 91.250008 2.000000 188 188 188
v 65.200005 91.250008 3.550000 188 188 188
v 55.197998 89.500008 3.550000 188 188 188
v 55.197998 91.250008 3.550000 188 188 188
v 65.200005 89.500008 3.550000 188 188 188
v 65.200005 93.098007 4.954000 188 188 188
v 55.197998 89.500008 3.550000 188 188 188
v 65.200005 89.500008 3.550000 188 188 188
v 65.200005 93.098007 3.550000 188 188 188
v 114.898003 93.098007 3.550000 188 188 188
v 65.200005 93.098007 4.954000 188 188 188
v 114.898003 93.098007 3.550000 188 188 188
v 116.650009 92.630005 3.550000 188 188 188
v 115.804001 92.978004 3.550000 188 188 188
v 116.650009 92.630005 3.550000 188 188 188
v 117.374008 92.076004 3.550000 188 188 188
v 117.374008 92.076004 23.398001 188 188 188
v 117.930008 91.348007 3.550000 188 188 188
v 117.930008 91.348007 23.398001 188 188 188
v 117.374008 92.076004 3.550000 188 188 188
v 117.972000 91.250008 3.550000 188 188 188
v 118.279999 90.506004 23.398001 188 188 188
v 117.930008 91.348007 3.550000 188 188 188
v 118.279999 90.506004 3.550000 188 188 188
v 118.279999 90.506004 23.398001 188 188 188
v 117.972000 91.250008 3.550000 188 188 188
v 118.400002 89.600006 3.550000 188 188 188
v 118.400002 89.600006 23.398001 188 188 188
v 118.279999 90.506004 3.550000 188 188 188
v 118.400002 89.600006 3.550000 188 188 188
v 116.548004 58.548000 3.550000 188 188 188
v 118.400002 58.548000 3.550000 188 188 188
v 116.548004 91.250008 3.550000 188 188 188
v 65.200005 91.250008 3.550000 188 188 188
v 116.548004 91.250008 2.000000 188 188 188
v 116.548004 58.548000 3.550000 188 188 188
v 116.548004 48.550003 3.550000 188 188 188
v 114.798004 48.550003 3.550000 188 188 188
v 116.548004 15.848000 3.550000 188 188 188
v 116.548004 48.550003 3.550000 188 188 188
v 116.548004 53.548004 2.774000 188 188 188
v 116.548004 91.250008 2.000000 188 188 188
v 114.898003 91.250008 2.000000 188 188 188
v 116.548004 89.600006 2.000000 188 188 188
v 116.548004 53.548004 2.774000 188 188 188
v 116.548004 52.724003 2.774000 188 188 188
v 116.548004 15.848000 3.550000 188 188 188
v 116.548004 17.498001 2.000000 188 188 188
v 116.548004 52.724003 2.774000 188 188 188
v 116.548004 53.548004 2.000000 188 188 188
v 116.548004 53.548004 2.000000 188 188 188
v 115.724007 53.548004 2.000000 188 188 188
v 116.548004 17.498001 2.000000 188 188 188
v 114.898003 89.600006 2.000000 188 188 188
v 116.548004 89.600006 2.000000 188 188 188
v 114.898003 91.250008 2.000000 188 188 188
v 107.967995 28.308001 2.000000 188 188 188
v 116.548004 17.498001 2.000000 188 188 188
v 115.724007 53.548004 2.000000 188 188 188
v 111.434006 58.954002 2.000000 188 188 188
v 114.898003 89.600006 2.000000 188 188 188
v 107.967995 82.670006 2.000000 188 188 188
v 107.967995 28.308001 0.000000 188 188 188
v 107.967995 28.308001 2.000000 188 188 188
v 107.967995 82.670006 0.000000 188 188 188
v 60.198002 82.670006 0.000000 188 188 188
v 107.967995 82.670006 0.000000 188 188 188
v 60.198002 82.670006 1.000000 188 188 188
v 107.967995 82.670006 2.000000 188 188 188
v 55.908001 86.134003 2.000000 188 188 188
v 60.198002 82.670006 2.000000 188 188 188
v 12.429999 82.670006 2.000000 188 188 188
v 60.198002 82.670006 2.000000 188 188 188
v 55.908001 86.134003 2.000000 188 188 188
v 12.429999 82.670006 0.000000 188 188 188
v 60.198002 82.670006 0.000000 188 188 188
v 60.198002 82.670006 1.000000 188 188 188
v 12.429999 28.308001 0.000000 188 188 188
v 12.429999 82.670006 2.000000 188 188 188
v 12.429999 28.308001 2.000000 188 188 188
v 60.198002 89.600006 0.000000 188 188 188
v 12.429999 82.670006 0.000000 188 188 188
v 5.500000 89.600006 0.000000 188 188 188
v 8.964001 58.954002 0.000000 188 188 188
v 12.429999 28.308001 0.000000 188 188 188
v 6.308000 58.954002 0.000000 188 188 188
v 6.308000 58.954002 0.000000 188 188 188
v 0.186000 89.486000 0.000000 188 188 188
v 0.186000 89.600006 0.000000 188 188 188
v 0.186000 89.600006 0.000000 188 188 188
v 0.186000 89.486000 0.000000 188 188 188
v 0.000000 89.600006 0.000000 188 188 188
v 0.186000 89.600006 0.000000 188 188 188
v 0.000000 89.600006 0.000000 188 188 188
v 0.186000 91.021996 23.398001 188 188 188
v 0.186000 91.021996 0.000000 188 188 188
v 0.000000 89.600006 0.000000 188 188 188
v 0.186000 91.021996 0.000000 188 188 188
v 0.186000 91.021996 23.398001 188 188 188
v 0.736000 92.350006 23.398001 188 188 188
v 5.500000 89.600006 0.000000 188 188 188
v 5.500000 95.099998 0.000000 188 188 188
v 24.100000 95.099998 0.000000 188 188 188
v 4.074000 94.910004 0.000000 188 188 188
v 5.500000 95.099998 23.398001 188 188 188
v 5.500000 95.099998 0.000000 188 188 188
v 2.750000 94.362007 0.000000 188 188 188
v 4.074000 94.910004 23.398001 188 188 188
v 4.074000 94.910004 0.000000 188 188 188
v 1.610000 93.488007 0.000000 188 188 188
v 1.610000 93.488007 2.000000 188 188 188
v 2.750000 94.362007 0.000000 188 188 188
v 0.186000 89.600006 0.000000 188 188 188
v 0.186000 91.021996 0.000000 188 188 188
v 0.736000 92.350006 0.000000 188 188 188
v 1.610000 93.488007 2.000000 188 188 188
v 1.610000 93.488007 0.000000 188 188 188
v 1.500000 93.342003 2.000000 188 188 188
v 1.500000 93.342003 2.000000 188 188 188
v 1.500000 93.342003 3.550000 188 188 188
v 1.500000 93.598007 2.000000 188 188 188
v 1.610000 93.488007 23.398001 188 188 188
v 1.610000 93.488007 3.550000 188 188 188
v 1.500000 93.342003 3.550000 188 188 188
v 0.736000 92.350006 23.398001 188 188 188
v 0.736000 92.350006 0.000000 188 188 188
v 0.186000 91.021996 0.000000 188 188 188
v 3.750000 92.630005 23.398001 188 188 188
v 1.610000 93.488007 23.398001 188 188 188
v 3.024000 92.076004 23.398001 188 188 188
v 3.024000 92.076004 23.398001 188 188 188
v 2.468000 91.348007 3.550000 188 188 188
v 3.024000 92.076004 3.550000 188 188 188
v 2.442000 91.292007 3.550000 188 188 188
v 3.024000 92.076004 3.550000 188 188 188
v 2.468000 91.348007 3.550000 188 188 188
v 2.118000 90.506004 3.550000 188 188 188
v 3.848000 58.548000 3.550000 188 188 188
v 2.442000 91.292007 3.550000 188 188 188
v 0.186000 91.021996 23.398001 188 188 188
v 2.468000 91.348007 23.398001 188 188 188
v 0.736000 92.350006 23.398001 188 188 188
v 2.118000 90.506004 23.398001 188 188 188
v 2.000000 89.600006 3.550000 188 188 188
v 2.118000 90.506004 3.550000 188 188 188
v 2.000000 76.600006 19.216002 188 188 188
v 2.000000 89.600006 3.550000 188 188 188
v 2.000000 82.599998 19.216002 188 188 188
v 1.764000 82.599998 19.600000 188 188 188
v 2.000000 76.600006 19.216002 188 188 188
v 2.000000 82.599998 19.216002 188 188 188
v 2.000000 76.600006 19.216002 188 188 188
v 1.764000 82.599998 19.600000 188 188 188
v 1.764000 76.600006 19.600000 188 188 188
v 2.000000 82.599998 22.397999 188 188 188
v 1.398000 82.599998 20.198002 188 188 188
v 1.398000 82.599998 22.397999 188 188 188
v 1.398000 76.600006 20.198002 188 188 188
v 1.398000 82.599998 20.198002 188 188 188
v 1.398000 76.600006 20.198002 188 188 188
v 1.398000 82.599998 22.397999 188 188 188
v 1.398000 76.600006 22.397999 188 188 188
v 1.398000 82.599998 22.397999 188 188 188
v 2.000000 82.599998 22.397999 188 188 188
v 2.000000 82.599998 22.397999 188 188 188
v 2.000000 76.600006 22.397999 188 188 188
v 1.398000 76.600006 22.397999 188 188 188
v 1.764000 82.599998 19.600000 188 188 188
v 1.398000 82.599998 19.600000 188 188 188
v 1.764000 76.600006 19.600000 188 188 188
v 1.398000 76.600006 19.600000 188 188 188
v 1.398000 82.599998 20.198002 188 188 188
v 1.398000 76.600006 20.198002 188 188 188
v 2.000000 76.600006 20.198002 188 188 188
v 2.000000 76.600006 19.216002 188 188 188
v 1.764000 76.600006 19.600000 188 188 188
v 2.000000 76.600006 22.397999 188 188 188
v 1.398000 76.600006 20.198002 188 188 188
v 1.398000 76.600006 22.397999 188 188 188
v 2.000000 71.098000 19.600000 188 188 188
v 2.000000 76.600006 20.198002 188 188 188
v 2.000000 71.098000 22.397999 188 188 188
v 2.000000 71.098000 22.397999 188 188 188
v 2.000000 17.498001 23.398001 188 188 188
v 2.000000 65.100006 22.397999 188 188 188
v 2.000000 52.950001 23.398001 188 188 188
v 1.000000 52.950001 23.398001 188 188 188
v 2.000000 17.498001 23.398001 188 188 188
v 2.000000 50.050003 22.898001 188 188 188
v 2.000000 76.600006 22.397999 188 188 188
v 2.000000 82.599998 22.397999 188 188 188
v 2.000000 88.400002 23.398001 188 188 188
v 1.000000 52.950001 23.398001 188 188 188
v 2.000000 52.950001 23.398001 188 188 188
v 2.000000 82.599998 19.600000 188 188 188
v 2.000000 89.600006 23.398001 188 188 188
v 2.000000 82.599998 22.397999 188 188 188
v 0.000000 89.600006 23.398001 188 188 188
v 2.000000 89.600006 23.398001 188 188 188
v 0.186000 91.021996 23.398001 188 188 188
v 2.000000 88.400002 23.398001 188 188 188
v 0.000000 53.548004 23.398001 188 188 188
v 1.000000 52.950001 23.398001 188 188 188
v 0.000000 53.548004 23.398001 188 188 188
v 0.000000 44.598003 16.998001 188 188 188
v 0.000000 17.498001 23.398001 188 188 188
v 0.000000 44.598003 16.998001 188 188 188
v 0.000000 59.600002 16.998001 188 188 188
v 2.000000 59.600002 16.998001 188 188 188
v 0.000000 89.600006 0.000000 188 188 188
v 0.000000 89.600006 23.398001 188 188 188
v 0.186000 91.021996 23.398001 188 188 188
v 0.000000 59.600002 7.798000 188 188 188
v 2.000000 59.600002 7.798000 188 188 188
v 0.000000 59.600002 16.998001 188 188 188
v 0.000000 44.598003 7.798000 188 188 188
v 2.000000 44.598003 7.798000 188 188 188
v 0.000000 59.600002 7.798000 188 188 188
v 0.000000 17.498001 0.000000 188 188 188
v 0.000000 44.598003 7.798000 188 188 188
v 0.000000 53.548004 0.000000 188 188 188
v 0.000000 53.548004 0.000000 188 188 188
v 0.000000 89.600006 0.000000 188 188 188
v 0.186000 89.486000 0.000000 188 188 188

f 6301 6302 6303
f 7412 6310 7413
f 7414 6309 7415
f 6307 7416 7417
f 7418 7419 6305
f 7420 6304 7421
f 7422 6395 7423
f 6432 7424 7425
f 6867 7426 7427
f 7428 6384 7429
f 6869 7430 7431
f 7432 7433 6386
f 7434 7435 6870
f 7436 7437 6879
f 7438 7439 6876
f 7385 7440 7441
f 7442 7379 7443
f 7383 7444 7445
f 7446 7447 7378
f 7386 7448 7449
f 7450 7451 7452
f 7453 7377 7454
f 7455 6868 7456
f 7457 7458 6871
f 7459 7460 7461
f 7462 7463 6873
f 7464 6431 7465
f 7466 6430 7467
f 6429 7468 7469
f 7309 7470 7471
f 7472 7310 7473
f 7474 7311 7475
f 7476 6422 7477
f 7478 6428 7479
f 7480 7481 6421
f 6365 7482 7483
f 7484 7485 6854
f 7486 7487 6852
f 7488 7489 6333
f 6332 7490 7491
f 7492 7493 6334
f 7494 7495 6353
f 7496 7497 6354
f 7498 6329 7499
f 6360 7500 7501
f 6377 7502 7503
f 7504 7505 6340
f 7506 7507 6346
f 6923 7508 7509
f 7510 7349 7511
f 6921 7512 7513
f 6916 7514 7515
f 7516 7517 6343
f 7518 7519 6922
f 6927 7520 7521
f 7522 7523 6891
f 7524 7525 6914
f 6895 7526 7527
f 7528 7529 6890
f 7530 7531 7288
f 7532 7287 7533
f 6893 7534 7535
f 7536 7537 7286
f 7538 7289 7539
f 7290 7540 7541
f 7542 6937 7543
f 7544 7545 7317
f 7546 7547 7318
f 7548 7549 7319
f 7550 7551 7320
f 7552 7553 7316
f 7554 7328 7555
f 7556 7557 7170
f 7558 7559 7183
f 7184 7560 7561
f 7562 7334 7563
f 7564 7565 7323
f 7346 7566 7567
f 7568 7569 7345
f 7570 7571 7572
f 6894 7573 7574
f 7575 7347 7576
f 6910 7577 7578
f 6911 7579 7580
f 7581 7582 7292
f 6926 7583 7584
f 7585 6901 7586
f 7587 6897 7588
f 7589 6915 7590
f 6898 7591 7592
f 7593 7594 7595
f 7596 7597 6896
f 7598 7599 7600
f 7601 7602 6912
f 7603 7604 7605
f 7606 7607 7608
f 7609 7610 7611
f 7612 7613 7614
f 7615 7616 7617
f 7618 7619 6900
f 6919 7620 7621
f 7622 7623 6903
f 7624 7625 6913
f 7626 6902 7627
f 6920 7628 7629
f 7630 6908 7631
f 7632 7633 6907
f 6892 7634 7635
f 7636 7637 6918
f 7638 7285 7639
f 7640 7641 7642
f 6906 7643 7644
f 7645 7646 7342
f 7343 7647 7648
f 7649 6909 7650
f 6931 7651 7652
f 7653 7654 6925
f 7293 7655 7656
f 7657 7291 7658
f 7659 7660 7661
f 7662 7663 7294
f 7664 7665 7666
f 7331 7667 7668
f 7669 7264 7670
f 7671 7672 7673
f 7280 7674 7675
f 7228 7676 7677
f 7678 7679 7324
f 7680 7681 7682
f 7683 7684 7230
f 7685 7226 7686
f 7687 7225 7688
f 7689 7223 7690
f 7691 7227 7692
f 7693 7694 7218
f 7695 7229 7696
f 7697 7279 7698
f 7699 7231 7700
f 7701 7232 7702
f 7703 7249 7704
f 7705 7278 7706
f 7707 7277 7708
f 7709 7275 7710
f 7711 7712 7713
f 7714 7252 7715
f 7716 7282 7717
f 7718 7273 7719
f 7720 7281 7721
f 7722 7258 7723
f 7724 7284 7725
f 7726 7270 7727
f 7728 7262 7729
f 7730 7263 7731
f 7732 7283 7733
f 7734 7735 7276
f 7736 7737 6401
f 7738 6424 7739
f 7314 7740 7741
f 7313 7742 7743
f 7744 6420 7745
f 7312 7746 7747
f 7748 7749 7750
f 7751 7752 7753
f 7754 6423 7755
f 7756 7757 7758
f 6857 7759 7760
f 7761 6858 7762
f 6929 7763 7764
f 7765 7766 6856
f 7767 6855 7768
f 7769 7770 7771
f 7772 7773 7774
f 7775 7776 7777
f 6418 7778 7779
f 7780 7781 7332
f 7782 7783 6853
f 7784 7785 7786
f 7787 7788 7789
f 7790 7791 7792
f 7793 7794 7795
f 7796 7797 7798
f 7799 7800 7801
f 7802 7803 7804
f 7805 7806 7807
f 6399 7808 7809
f 7810 6400 7811
f 6398 7812 7813
f 7814 6404 7815
f 7816 6712 7817
f 6714 7818 7819
f 7820 7821 6711
f 7822 6744 7823
f 6743 7824 7825
f 7826 6758 7827
f 6830 7828 7829
f 7830 6757 7831
f 7832 7833 6832
f 7834 7835 7836
f 7837 7838 7256
f 6770 7839 7840
f 6818 7841 7842
f 6771 7843 7844
f 7845 7846 7847
f 7848 7849 6829
f 7850 7851 7852
f 7853 7257 7854
f 6819 7855 7856
f 7857 7233 7858
f 7859 7860 6820
f 7861 7862 7863
f 7864 7865 7866
f 7867 7868 7869
f 7870 7235 7871
f 7234 7872 7873
f 7874 7875 7165
f 7876 7877 7878
f 7247 7879 7880
f 7881 7882 7883
f 7269 7884 7885
f 7271 7886 7887
f 7272 7888 7889
f 7274 7890 7891
f 7892 6827 7893
f 6825 7894 7895
f 7896 7897 7898
f 7899 7900 6821
f 7901 6824 7902
f 6826 7903 7904
f 7905 6835 7906
f 6834 7907 7908
f 7909 7910 7911
f 7912 7913 6837
f 7914 7915 7916
f 7917 6828 7918
f 7919 7920 7921
f 7922 7923 7924
f 7925 7926 7927
f 6815 7928 7929
f 7930 7931 7932
f 7933 7934 7267
f 6814 7935 7936
f 7937 6823 7938
f 6816 7939 7940
f 7941 6817 7942
f 7943 7944 7945
f 7946 7947 7260
f 7948 7949 7950
f 7951 7952 7953
f 7954 7955 7956
f 7261 7957 7958
f 7959 7960 7961
f 7962 7963 7964
f 7965 7966 7967
f 7968 7969 7970
f 7971 7972 7973
f 7974 7975 7976
f 7977 7978 7979
f 7980 7981 7982
f 7983 7984 7985
f 7986 7268 7987
f 7988 7989 7990
f 7991 7992 7993
f 7994 7995 7996
f 7997 7998 7999
f 8000 8001 8002
f 8003 8004 8005
f 8006 8007 8008
f 8009 8010 8011
f 8012 8013 8014
f 8015 8016 8017
f 8018 8019 8020
f 8021 8022 8023
f 8024 8025 8026
f 6402 8027 8028
f 8029 7160 8030
f 6405 8031 8032
f 8033 7159 8034
f 8035 8036 7162
f 8037 7163 8038
f 8039 8040 7164
f 8041 8042 7173
f 8043 8044 7194
f 8045 7208 8046
f 8047 7207 8048
f 8049 7206 8050
f 8051 7204 8052
f 8053 7167 8054
f 8055 7168 8056
f 8057 7193 8058
f 8059 7192 8060
f 8061 7190 8062
f 8063 7189 8064
f 8065 7177 8066
f 8067 7178 8068
f 8069 7174 8070
f 8071 7175 8072
f 8073 7176 8074
f 8075 7157 8076
f 8077 7158 8078
f 8079 7166 8080
f 8081 8082 7169
f 8083 8084 8085
f 8086 7315 8087
f 6407 8088 8089
f 8090 8091 8092
f 6380 8093 8094
f 6378 8095 8096
f 8097 6379 8098
f 6412 8099 8100
f 8101 8102 8103
f 6391 8104 8105
f 8106 8107 6413
f 8108 8109 6388
f 8110 8111 6383
f 8112 8113 6382
f 8114 8115 6445
f 8116 8117 6446
f 8118 8119 6458
f 8120 8121 6457
f 8122 8123 6447
f 8124 8125 6448
f 8126 8127 6452
f 8128 8129 6314
f 8130 6349 8131
f 6414 8132 8133
f 8134 6337 8135
f 6411 8136 8137
f 8138 6861 8139
f 6864 8140 8141
f 8142 6924 8143
f 7327 8144 8145
f 8146 8147 6863
f 8148 8149 6862
f 8150 8151 6865
f 8152 8153 6866
f 8154 6410 8155
f 8156 8157 8158
f 8159 8160 8161
f 8162 6348 8163
f 8164 6409 8165
f 8166 8167 8168
f 8169 8170 8171
f 6362 8172 8173
f 6335 8174 8175
f 8176 8177 6336
f 8178 8179 8180
f 8181 6859 8182
f 8183 6860 8184
f 8185 8186 8187
f 8188 8189 8190
f 8191 8192 8193
f 8194 6331 8195
f 8196 8197 8198
f 8199 8200 8201
f 8202 8203 8204
f 8205 8206 6709
f 8207 8208 6725
f 6715 8209 8210
f 8211 8212 8213
f 6717 8214 8215
f 8216 6716 8217
f 6728 8218 8219
f 8220 6754 8221
f 6753 8222 8223
f 8224 8225 8226
f 8227 8228 6780
f 7219 8229 8230
f 8231 8232 7182
f 7205 8233 8234
f 8235 7181 8236
f 8237 8238 6735
f 8239 6781 8240
f 8241 7220 8242
f 8243 8244 8245
f 8246 7191 8247
f 8248 7222 8249
f 8250 7209 8251
f 8252 7224 8253
f 8254 7200 8255
f 8256 7216 8257
f 8258 8259 8260
f 8261 7197 8262
f 8263 8264 7198
f 8265 8266 8267
f 8268 7215 8269
f 8270 8271 6749
f 8272 6800 8273
f 8274 8275 8276
f 8277 8278 6796
f 8279 8280 7172
f 6764 8281 8282
f 8283 8284 6763
f 8285 6737 8286
f 6748 8287 8288
f 8289 8290 8291
f 8292 8293 6731
f 8294 8295 8296
f 8297 8298 8299
f 8300 8301 6729
f 8302 6750 8303
f 8304 8305 8306
f 8307 6799 8308
f 8309 8310 8311
f 8312 8313 8314
f 8315 8316 6730
f 8317 8318 8319
f 7199 8320 8321
f 8322 6777 8323
f 8324 8325 8326
f 8327 6795 8328
f 8329 8330 6794
f 8331 6793 8332
f 8333 8334 8335
f 8336 8337 8338
f 8339 8340 8341
f 6769 8342 8343
f 8344 8345 8346
f 8347 8348 7212
f 6778 8349 8350
f 8351 8352 8353
f 8354 8355 8356
f 6726 8357 8358
f 8359 8360 8361
f 8362 8363 6761
f 6015 8364 8365
f 8366 8367 6017
f 6355 6025 6032
f 8368 8369 6020
f 6330 8370 8371
f 8372 8373 6021
f 8374 8375 6068
f 8376 6053 8377
f 8378 8379 6789
f 8380 8381 8382
f 6327 8383 8384
f 8385 8386 6344
f 8387 8388 8389
f 8390 6328 8391
f 8392 8393 8394
f 8395 6341 8396
f 8397 8398 8399
f 8400 6342 8401
f 8402 8403 8404
f 8405 8406 8407
f 8408 8409 6315
f 6363 8410 8411
f 8412 8413 6311
f 8414 8415 6322
f 8416 6316 8417
f 8418 6323 8419
f 6321 8420 8421
f 6324 8422 8423
f 8424 6347 8425
f 6325 8426 8427
f 8428 6350 8429
f 8430 8431 6097
f 6090 8432 8433
f 6649 6197 6199
f 7322 8434 8435
f 6670 8436 8437
f 6671 8438 8439
f 8440 6201 8441
f 8442 6200 8443
f 6299 8444 8445
f 6110 8446 8447
f 6185 8448 6186
f 8449 8450 6187
f 8451 6182 8452
f 8453 6188 8454
f 8455 6132 8456
f 8457 8458 6184
f 6672 8459 8460
f 6300 8461 8462
f 8463 8464 6651
f 8465 8466 8467
f 8468 6667 8469
f 8470 6653 8471
f 6326 8472 8473
f 8474 6669 8475
f 8476 6652 8477
f 8478 6668 8479
f 8480 8481 6648
f 8482 8483 6396
f 8484 6426 8485
f 6371 8486 8487
f 8488 6441 8489
f 6372 8490 8491
f 8492 8493 6444
f 8494 8495 6841
f 8496 8497 6840
f 8498 8499 6376
f 6339 8500 8501
f 8502 8503 6375
f 8504 8505 6374
f 8506 8507 6308
f 8508 6319 8509
f 8510 8511 8512
f 6359 8513 8514
f 8515 8516 6320
f 8517 8518 8519
f 6318 8520 8521
f 8522 8523 8524
f 8525 8526 8527
f 8528 8529 8530
f 8531 8532 6338
f 8533 8534 8535
f 6345 8536 8537
f 8538 7348 8539
f 8540 8541 8542
f 8543 8544 8545
f 8546 8547 6917
f 8548 8549 8550
f 8551 8552 8553
f 8554 8555 8556
f 8557 8558 8559
f 8560 8561 8562
f 8563 8564 8565
f 6306 8566 8567
f 8568 6443 8569
f 6442 8570 8571
f 8572 8573 8574
f 8575 8576 6843
f 8577 6845 8578
f 8579 8580 8581
f 8582 6844 8583
f 7336 8584 8585
f 8586 7341 8587
f 6930 8588 8589
f 8590 8591 8592
f 8593 8594 6842
f 8595 8596 8597
f 8598 8599 8600
f 8601 8602 8603
f 8604 8605 8606
f 8607 8608 8609
f 8610 8611 8612
f 8613 8614 8615
f 8616 8617 8618
f 6875 8619 8620
f 6884 8621 8622
f 6874 8623 8624
f 8625 8626 6888
f 7351 8627 8628
f 8629 7352 8630
f 7350 8631 8632
f 8633 8634 7382
f 7389 8635 8636
f 8637 8638 8639
f 8640 7381 8641
f 8642 6878 8643
f 8644 8645 6880
f 8646 8647 8648
f 6877 8649 8650
f 8651 8652 6883
f 8653 8654 8655
f 8656 8657 8658
f 8659 8660 6872
f 6882 8661 8662
f 8663 6885 8664
f 8665 8666 6886
f 8667 7337 8668
f 7335 8669 8670
f 8671 8672 7295
f 8673 8674 8675
f 8676 8677 8678
f 8679 8680 7296
f 7325 8681 8682
f 7298 8683 8684
f 8685 7297 8686
f 8687 6425 8688
f 6427 8689 8690
f 8691 8692 8693
f 6439 8694 8695
f 6440 8696 8697
f 8698 8699 8700
f 8701 8702 6389
f 8703 8704 8705
f 8706 8707 6385
f 8708 8709 8710
f 7301 8711 8712
f 7300 8713 8714
f 7299 8715 8716
f 8717 8718 8719
f 8720 8721 8722
f 8723 6887 8724
f 8725 8726 8727
f 8728 8729 8730
f 8731 8732 8733
f 8734 8735 8736
f 8737 8738 8739
f 8740 8741 8742
f 8743 8744 7302
f 7133 8745 8746
f 8747 6393 8748
f 8749 8750 7145
f 8751 8752 7156
f 7155 8753 8754
f 8755 8756 8757
f 7154 8758 8759
f 8760 7143 8761
f 7141 8762 8763
f 8764 7142 8765
f 7131 8766 8767
f 8768 8769 8770
f 8771 8772 7132
f 8773 6640 8774
f 6643 8775 8776
f 8777 8778 8779
f 6644 8780 8781
f 6647 8782 8783
f 8784 7144 8785
f 8786 8787 8788
f 6645 8789 8790
f 8791 8792 8793
f 8794 8795 8796
f 8797 8798 8799
f 8800 6650 8801
f 8802 8803 8804
f 8805 8806 8807
f 8808 8809 8810
f 8811 6639 8812
f 8813 6638 8814
f 8815 6632 8816
f 8817 6635 8818
f 8819 6634 8820
f 8821 6633 8822
f 8823 6556 8824
f 8825 6625 8826
f 8827 6624 8828
f 8829 6568 8830
f 8831 6569 8832
f 8833 6615 8834
f 8835 6614 8836
f 8837 6574 8838
f 8839 6567 8840
f 8841 6561 8842
f 6571 8843 8844
f 8845 8846 6560
f 8847 8848 6525
f 8849 8850 6526
f 8851 8852 6527
f 8853 8854 8855
f 8856 6522 8857
f 8858 6523 8859
f 8860 6518 8861
f 6397 8862 8863
f 8864 8865 6517
f 6403 8866 8867
f 8868 6551 8869
f 8870 6550 8871
f 8872 6549 8873
f 8874 6548 8875
f 8876 6543 8877
f 8878 6534 8879
f 8880 6521 8881
f 8882 6539 8883
f 8884 6537 8885
f 8886 6538 8887
f 8888 8889 6524
f 8890 8891 6370
f 8892 6373 8893
f 6408 8894 8895
f 8896 6367 8897
f 6437 8898 8899
f 8900 6847 8901
f 8902 6851 8903
f 8904 6417 8905
f 8906 6438 8907
f 6436 8908 8909
f 8910 7304 8911
f 7303 8912 8913
f 8914 8915 7329
f 8916 7048 8917
f 8918 8919 8920
f 8921 7307 8922
f 8923 8924 8925
f 7308 8926 8927
f 8928 6435 8929
f 8930 8931 6434
f 8932 8933 6989
f 6419 8934 8935
f 8936 6433 8937
f 6390 8938 8939
f 8940 8941 6317
f 8942 6463 8943
f 6508 8944 8945
f 8946 8947 6990
f 8948 7016 8949
f 6510 8950 8951
f 8952 7015 8953
f 8954 8955 6511
f 8956 6512 8957
f 6502 8958 8959
f 8960 8961 7013
f 8962 7007 8963
f 6507 8964 8965
f 8966 7009 8967
f 8968 8969 6505
f 8970 6506 8971
f 6501 8972 8973
f 8974 8975 7006
f 8976 7003 8977
f 6494 8978 8979
f 8980 7002 8981
f 8982 8983 6492
f 8984 6493 8985
f 6491 8986 8987
f 8988 8989 6997
f 8990 6995 8991
f 6496 8992 8993
f 8994 7001 8995
f 8996 8997 6499
f 8998 6500 8999
f 6487 9000 9001
f 9002 9003 6996
f 9004 6993 9005
f 6488 9006 9007
f 9008 6994 9009
f 9010 9011 6495
f 9012 6489 9013
f 6450 9014 9015
f 9016 9017 6992
f 9018 6988 9019
f 6451 9020 9021
f 9022 6979 9023
f 9024 9025 6478
f 9026 6477 9027
f 6449 9028 9029
f 9030 9031 6936
f 9032 6958 9033
f 6476 9034 9035
f 9036 6957 9037
f 9038 9039 6474
f 9040 6475 9041
f 6473 9042 9043
f 9044 9045 6959
f 9046 6953 9047
f 6472 9048 9049
f 9050 6971 9051
f 9052 9053 6470
f 9054 6471 9055
f 9056 9057 9058
f 9059 9060 6956
f 9061 6951 9062
f 6464 9063 9064
f 9065 6967 9066
f 9067 9068 6466
f 9069 6465 9070
f 9071 9072 9073
f 9074 9075 6960
f 9076 6948 9077
f 6459 9078 9079
f 9080 6961 9081
f 9082 9083 6460
f 9084 6461 9085
f 9086 9087 9088
f 9089 9090 6947
f 9091 6941 9092
f 9093 9094 9095
f 9096 9097 9098
f 9099 9100 9101
f 9102 6949 9103
f 9104 6950 9105
f 9106 6952 9107
f 9108 9109 6932
f 9110 9111 6933
f 9112 9113 6934
f 9114 6387 9115
f 9116 9117 6381
f 9118 9119 9120
f 9121 6935 9122
f 9123 6977 9124
f 9125 9126 9127
f 9128 9129 9130
f 9131 9132 9133
f 9134 9135 9136
f 9137 9138 9139
f 9140 6974 9141
f 9142 7380 9143
f 7374 9144 9145
f 9146 7375 9147
f 7373 9148 9149
f 9150 7405 9151
f 7398 9152 9153
f 9154 9155 7401
f 9156 9157 9158
f 7402 9159 9160
f 9161 9162 9163
f 9164 9165 9166
f 9167 9168 9169
f 9170 9171 9172
f 6973 9173 9174
f 9175 9176 9177
f 9178 9179 6954
f 9180 9181 9182
f 9183 9184 9185
f 6955 9186 9187
f 7376 9188 9189
f 9190 9191 9192
f 9193 9194 7371
f 9195 9196 7370
f 9197 9198 9199
f 7369 9200 9201
f 9202 7404 9203
f 7403 9204 9205
f 7399 9206 9207
f 9208 9209 7400
f 9210 9211 9212
f 9213 9214 9215
f 9216 9217 9218
f 9219 9220 9221
f 9222 9223 9224
f 9225 9226 9227
f 9228 9229 9230
f 9231 9232 9233
f 9234 9235 9236
f 9237 9238 9239
f 9240 9241 9242
f 9243 9244 9245
f 9246 9247 9248
f 9249 9250 9251
f 9252 9253 9254
f 9255 9256 9257
f 9258 9259 9260
f 9261 6940 9262
f 9263 9264 9265
f 9266 9267 6454
f 6944 9268 9269
f 9270 9271 6945
f 9272 9273 9274
f 6963 9275 9276
f 6962 9277 9278
f 6981 9279 9280
f 6966 9281 9282
f 6964 9283 9284
f 6970 9285 9286
f 6976 9287 9288
f 6975 9289 9290
f 6984 9291 9292
f 9293 9294 9295
f 7339 9296 9297
f 7338 9298 9299
f 9300 6986 9301
f 9302 9303 9304
f 9305 7021 9306
f 9307 9308 9309
f 9310 7014 9311
f 9312 7008 9313
f 9314 6998 9315
f 9316 7000 9317
f 9318 6987 9319
f 9320 9321 9322
f 9323 6985 9324
f 9325 6980 9326
f 9327 6978 9328
f 9329 6983 9330
f 9331 6982 9332
f 6972 9333 9334
f 9335 9336 9337
f 9338 9339 9340
f 9341 9342 9343
f 9344 6484 9345
f 9346 9347 9348
f 9349 6485 9350
f 9351 6482 9352
f 9353 9354 9355
f 9356 9357 9358
f 9359 9360 9361
f 9362 9363 9364
f 9365 6483 9366
f 9367 6467 9368
f 9369 9370 9371
f 6969 9372 9373
f 6968 9374 9375
f 9376 9377 9378
f 9379 9380 9381
f 9382 9383 9384
f 9385 9386 9387
f 9388 9389 9390
f 9391 9392 6468
f 9393 9394 6469
f 9395 9396 9397
f 9398 9399 9400
f 9401 9402 9403
f 6965 9404 9405
f 9406 9407 9408
f 9409 9410 6462
f 9411 9412 6480
f 9413 9414 9415
f 9416 9417 9418
f 9419 9420 9421
f 9422 9423 9424
f 9425 9426 6455
f 9427 9428 9429
f 9430 9431 9432
f 9433 9434 6943
f 6481 9435 9436
f 9437 9438 6938
f 9439 9440 9441
f 9442 9443 9444
f 9445 6939 9446
f 9447 9448 6942
f 9449 9450 6946
f 9451 9452 9453
f 9454 9455 9456
f 9457 9458 6456
f 9459 9460 9461
f 9462 9463 9464
f 9465 9466 9467
f 9468 9469 9470
f 9471 9472 9473
f 9474 9475 9476
f 9477 9478 9479
f 6490 9480 9481
f 9482 9483 6479
f 9484 9485 9486
f 9487 9488 9489
f 6486 9490 9491
f 9492 9493 6497
f 9494 9495 9496
f 9497 9498 9499
f 9500 9501 9502
f 6991 9503 9504
f 9505 9506 9507
f 6453 9508 9509
f 9510 9511 6498
f 9512 9513 9514
f 9515 9516 9517
f 9518 9519 9520
f 6999 9521 9522
f 9523 9524 9525
f 9526 9527 6313
f 9528 9529 6312
f 9530 9531 9532
f 9533 9534 9535
f 9536 9537 9538
f 9539 9540 9541
f 9542 9543 6503
f 9544 9545 6513
f 9546 9547 6514
f 9548 9549 6516
f 9550 7018 9551
f 7012 9552 9553
f 9554 9555 9556
f 9557 9558 7020
f 9559 7019 9560
f 9561 7017 9562
f 9563 6515 9564
f 9565 9566 9567
f 9568 9569 7011
f 9570 9571 9572
f 9573 7010 9574
f 9575 6509 9576
f 9577 9578 9579
f 9580 9581 7005
f 9582 9583 9584
f 9585 6504 9586
f 9587 9588 9589
f 9590 9591 9592
f 9593 9594 9595
f 9596 9597 9598
f 9599 9600 9601
f 9602 9603 9604
f 9605 9606 9607
f 9608 9609 9610
f 9611 9612 9613
f 9614 9615 9616
f 9617 9618 9619
f 9620 9621 9622
f 9623 9624 9625
f 9626 9627 9628
f 9629 9630 9631
f 9632 9633 9634
f 9635 9636 9637
f 9638 9639 9640
f 7004 9641 9642
f 9643 9644 9645
f 9646 9647 9648
f 9649 9650 9651
f 9652 9653 9654
f 9655 9656 9657
f 9658 9659 9660
f 9661 9662 9663
f 9664 9665 9666
f 9667 9668 9669
f 9670 9671 9672
f 9673 9674 9675
f 9676 9677 9678
f 9679 9680 9681
f 9682 9683 9684
f 9685 9686 9687
f 9688 9689 9690
f 9691 9692 9693
f 9694 9695 9696
f 9697 9698 9699
f 9700 9701 9702
f 9703 9704 9705
f 9706 9707 9708
f 9709 9710 9711
f 9712 9713 9714
f 9715 9716 9717
f 9718 9719 9720
f 9721 9722 9723
f 9724 9725 9726
f 9727 9728 9729
f 9730 9731 9732
f 9733 9734 9735
f 9736 9737 9738
f 9739 9740 9741
f 9742 9743 9744
f 9745 9746 9747
f 9748 9749 9750
f 9751 9752 9753
f 9754 9755 9756
f 9757 9758 9759
f 9760 9761 9762
f 9763 9764 9765
f 9766 9767 9768
f 9769 9770 9771
f 9772 9773 9774
f 9775 9776 9777
f 9778 9779 9780
f 9781 9782 9783
f 9784 9785 9786
f 9787 9788 9789
f 9790 9791 9792
f 9793 9794 9795
f 9796 9797 9798
f 9799 9800 9801
f 9802 9803 9804
f 9805 9806 9807
f 9808 9809 9810
f 9811 9812 9813
f 9814 9815 9816
f 9817 9818 9819
f 9820 9821 9822
f 9823 9824 9825
f 9826 9827 9828
f 9829 9830 9831
f 9832 9833 9834
f 9835 9836 9837
f 9838 9839 9840
f 9841 9842 9843
f 9844 9845 9846
f 9847 9848 9849
f 9850 9851 9852
f 9853 9854 9855
f 9856 9857 9858
f 9859 9860 9861
f 9862 9863 9864
f 9865 9866 9867
f 9868 9869 9870
f 9871 9872 9873
f 9874 9875 9876
f 9877 9878 9879
f 9880 9881 9882
f 9883 9884 9885
f 9886 9887 9888
f 9889 9890 9891
f 9892 9893 9894
f 9895 9896 9897
f 9898 9899 9900
f 9901 9902 9903
f 9904 9905 9906
f 9907 9908 9909
f 9910 9911 9912
f 9913 9914 9915
f 9916 9917 9918
f 9919 9920 9921
f 9922 9923 9924
f 9925 9926 9927
f 9928 9929 9930
f 9931 9932 9933
f 9934 9935 9936
f 9937 9938 9939
f 9940 9941 9942
f 9943 9944 9945
f 9946 9947 9948
f 9949 9950 9951
f 9952 9953 9954
f 9955 9956 9957
f 9958 9959 9960
f 9961 9962 9963
f 9964 9965 9966
f 6368 9967 9968
f 9969 6415 9970
f 6369 9971 9972
f 9973 9974 9975
f 9976 9977 6850
f 9978 9979 6848
f 6366 9980 9981
f 9982 9983 6846
f 9984 9985 9986
f 9987 9988 9989
f 9990 6928 9991
f 9992 9993 9994
f 9995 9996 9997
f 9998 9999 10000
f 10001 10002 7333
f 10003 10004 10005
f 10006 10007 6849
f 10008 10009 10010
f 10011 10012 10013
f 10014 6416 10015
f 10016 10017 10018
f 10019 7306 10020
f 7305 10021 10022
f 10023 10024 10025
f 10026 10027 10028
f 10029 10030 10031
f 10032 10033 10034
f 10035 10036 10037
f 10038 10039 10040
f 10041 10042 10043
f 10044 10045 10046
f 10047 10048 10049
f 10050 10051 10052
f 10053 10054 10055
f 10056 10057 10058
f 10059 7330 10060
f 7061 10061 10062
f 10063 10064 7062
f 7340 10065 10066
f 10067 10068 7326
f 7113 10069 10070
f 10071 10072 10073
f 7134 10074 10075
f 10076 10077 10078
f 10079 10080 10081
f 10082 7146 10083
f 7124 10084 10085
f 10086 7150 10087
f 7111 10088 10089
f 10090 10091 6626
f 10092 10093 10094
f 10095 10096 7118
f 10097 10098 10099
f 10100 10101 7109
f 10102 7110 10103
f 10104 10105 10106
f 6629 10107 10108
f 10109 10110 10111
f 10112 10113 6655
f 10114 6657 10115
f 10116 10117 10118
f 10119 7114 10120
f 10121 10122 6627
f 7117 10123 10124
f 10125 6617 10126
f 7095 10127 10128
f 10129 10130 10131
f 10132 10133 10134
f 10135 10136 7116
f 10137 7125 10138
f 10139 6618 10140
f 6628 10141 10142
f 10143 10144 10145
f 10146 10147 6596
f 6642 10148 10149
f 6602 10150 10151
f 10152 6595 10153
f 6609 10154 10155
f 6610 10156 10157
f 6603 10158 10159
f 10160 6606 10161
f 10162 6607 10163
f 6604 10164 10165
f 10166 6608 10167
f 10168 6605 10169
f 6544 10170 10171
f 10172 6588 10173
f 6545 10174 10175
f 10176 6589 10177
f 6530 10178 10179
f 10180 6594 10181
f 6590 10182 10183
f 10184 6591 10185
f 6563 10186 10187
f 10188 6691 10189
f 10190 6683 10191
f 6587 10192 10193
f 10194 10195 6586
f 10196 6583 10197
f 6542 10198 10199
f 10200 6582 10201
f 6578 10202 10203
f 10204 6581 10205
f 10206 6579 10207
f 6570 10208 10209
f 10210 6676 10211
f 6580 10212 10213
f 10214 10215 10216
f 6547 10217 10218
f 6577 10219 10220
f 6572 10221 10222
f 6576 10223 10224
f 6573 10225 10226
f 7058 10227 10228
f 7041 10229 10230
f 10231 10232 10233
f 7022 10234 10235
f 6406 10236 10237
f 10238 10239 7023
f 7038 10240 10241
f 10242 7395 10243
f 7394 10244 10245
f 10246 7406 10247
f 7407 10248 10249
f 10250 7364 10251
f 7363 10252 10253
f 7362 10254 10255
f 10256 10257 7365
f 10258 7049 10259
f 7046 10260 10261
f 10262 7055 10263
f 7047 10264 10265
f 10266 10267 10268
f 6535 10269 10270
f 10271 7063 10272
f 10273 10274 10275
f 10276 7097 10277
f 10278 10279 7059
f 10280 10281 10282
f 10283 10284 7101
f 10285 10286 10287
f 10288 10289 6520
f 7037 10290 10291
f 10292 10293 7067
f 10294 7060 10295
f 7040 10296 10297
f 10298 10299 7366
f 10300 10301 7408
f 7028 10302 10303
f 10304 7397 10305
f 10306 10307 7032
f 10308 7031 10309
f 6392 10310 10311
f 10312 10313 10314
f 10315 10316 6394
f 10317 10318 10319
f 10320 10321 10322
f 10323 10324 10325
f 10326 10327 10328
f 7030 10329 10330
f 7029 10331 10332
f 10333 7034 10334
f 7036 10335 10336
f 10337 7073 10338
f 7072 10339 10340
f 10341 7104 10342
f 7105 10343 10344
f 10345 10346 10347
f 10348 10349 10350
f 10351 10352 7089
f 10353 10354 10355
f 10356 10357 6528
f 7080 10358 10359
f 10360 10361 7079
f 10362 7025 10363
f 7035 10364 10365
f 10366 7024 10367
f 7033 10368 10369
f 10370 10371 10372
f 7026 10373 10374
f 7027 10375 10376
f 10377 10378 7074
f 10379 10380 7076
f 7087 10381 10382
f 10383 10384 7064
f 7115 10385 10386
f 10387 10388 7066
f 10389 10390 10391
f 7082 10392 10393
f 10394 10395 10396
f 6562 10397 10398
f 10399 7090 10400
f 10401 10402 10403
f 10404 7083 10405
f 10406 10407 7106
f 10408 10409 10410
f 10411 10412 7084
f 10413 10414 10415
f 10416 10417 6566
f 7094 10418 10419
f 10420 10421 7103
f 10422 7081 10423
f 10424 10425 10426
f 10427 10428 10429
f 10430 10431 6565
f 10432 10433 10434
f 10435 10436 7091
f 10437 10438 10439
f 7093 10440 10441
f 10442 7092 10443
f 7086 10444 10445
f 10446 7070 10447
f 7071 10448 10449
f 10450 10451 10452
f 10453 10454 10455
f 10456 10457 10458
f 10459 10460 10461
f 7112 10462 10463
f 10464 10465 10466
f 10467 10468 6623
f 10469 10470 10471
f 10472 6616 10473
f 10474 10475 10476
f 10477 10478 10479
f 10480 10481 10482
f 10483 10484 10485
f 10486 10487 10488
f 10489 10490 10491
f 10492 10493 7096
f 10494 10495 10496
f 10497 10498 10499
f 10500 10501 10502
f 10503 10504 10505
f 10506 10507 10508
f 10509 10510 10511
f 10512 10513 10514
f 10515 10516 10517
f 10518 10519 10520
f 10521 10522 10523
f 7108 10524 10525
f 10526 10527 10528
f 10529 10530 6564
f 7065 10531 10532
f 10533 10534 10535
f 10536 10537 10538
f 10539 10540 10541
f 7107 10542 10543
f 10544 7085 10545
f 7075 10546 10547
f 10548 10549 10550
f 10551 10552 6559
f 10553 10554 10555
f 6531 10556 10557
f 10558 6546 10559
f 10560 10561 10562
f 10563 10564 10565
f 10566 10567 6532
f 10568 10569 10570
f 10571 10572 10573
f 6529 10574 10575
f 6533 10576 10577
f 10578 10579 10580
f 10581 10582 10583
f 10584 10585 10586
f 10587 7088 10588
f 10589 10590 10591
f 10592 10593 10594
f 10595 10596 10597
f 10598 10599 10600
f 10601 10602 10603
f 10604 10605 10606
f 10607 10608 10609
f 10610 10611 10612
f 10613 10614 10615
f 10616 10617 10618
f 10619 10620 10621
f 10622 10623 10624
f 10625 10626 10627
f 10628 10629 10630
f 10631 10632 10633
f 10634 10635 10636
f 10637 10638 10639
f 10640 10641 10642
f 10643 10644 10645
f 10646 10647 10648
f 10649 10650 10651
f 6557 10652 10653
f 10654 10655 10656
f 10657 10658 10659
f 10660 10661 10662
f 10663 10664 10665
f 10666 10667 10668
f 10669 10670 10671
f 7102 10672 10673
f 10674 10675 10676
f 10677 10678 6558
f 7099 10679 10680
f 10681 7077 10682
f 7078 10683 10684
f 10685 7053 10686
f 7050 10687 10688
f 10689 7051 10690
f 10691 10692 7052
f 10693 10694 10695
f 6552 10696 10697
f 10698 7044 10699
f 10700 10701 10702
f 10703 7098 10704
f 10705 10706 7043
f 10707 10708 10709
f 7100 10710 10711
f 10712 10713 10714
f 10715 10716 6553
f 7042 10717 10718
f 10719 10720 10721
f 10722 10723 10724
f 7069 10725 10726
f 10727 10728 10729
f 10730 10731 10732
f 10733 10734 7068
f 10735 10736 10737
f 6519 10738 10739
f 10740 10741 10742
f 10743 10744 10745
f 10746 10747 10748
f 10749 10750 10751
f 10752 10753 10754
f 10755 10756 10757
f 10758 10759 10760
f 10761 10762 10763
f 10764 10765 10766
f 10767 7372 10768
f 7054 10769 10770
f 10771 10772 10773
f 10774 10775 10776
f 10777 10778 10779
f 10780 10781 10782
f 6541 10783 10784
f 10785 7367 10786
f 10787 10788 10789
f 10790 10791 7368
f 10792 7409 10793
f 10794 10795 10796
f 10797 7396 10798
f 10799 10800 10801
f 10802 10803 10804
f 10805 10806 10807
f 10808 10809 10810
f 6540 10811 10812
f 10813 10814 10815
f 10816 10817 10818
f 10819 10820 10821
f 10822 10823 10824
f 10825 10826 10827
f 10828 10829 10830
f 10831 10832 10833
f 10834 10835 10836
f 10837 10838 10839
f 10840 10841 10842
f 10843 10844 10845
f 10846 10847 10848
f 10849 10850 10851
f 10852 10853 10854
f 10855 10856 10857
f 10858 10859 10860
f 10861 10862 10863
f 10864 10865 10866
f 10867 10868 10869
f 10870 10871 10872
f 10873 10874 10875
f 10876 10877 10878
f 10879 10880 10881
f 10882 10883 10884
f 10885 10886 10887
f 10888 10889 10890
f 10891 10892 10893
f 10894 10895 10896
f 10897 10898 7039
f 10899 10900 10901
f 10902 10903 10904
f 10905 10906 10907
f 10908 10909 10910
f 10911 10912 10913
f 10914 10915 10916
f 10917 10918 10919
f 10920 10921 10922
f 10923 10924 10925
f 7057 10926 10927
f 10928 6536 10929
f 10930 10931 10932
f 10933 10934 10935
f 10936 10937 10938
f 7056 10939 10940
f 10941 10942 10943
f 10944 10945 10946
f 10947 10948 10949
f 10950 10951 10952
f 10953 10954 10955
f 10956 10957 10958
f 10959 10960 10961
f 7045 10962 10963
f 10964 10965 10966
f 10967 10968 10969
f 10970 10971 10972
f 10973 10974 10975
f 10976 10977 10978
f 10979 10980 10981
f 10982 10983 10984
f 10985 10986 10987
f 10988 10989 10990
f 10991 10992 10993
f 10994 10995 10996
f 10997 10998 10999
f 11000 11001 11002
f 11003 11004 11005
f 11006 11007 11008
f 11009 11010 11011
f 11012 11013 11014
f 11015 11016 11017
f 11018 11019 11020
f 11021 6677 11022
f 11023 6584 11024
f 11025 6585 11026
f 11027 6611 11028
f 11029 6684 11030
f 11031 6686 11032
f 11033 6687 11034
f 11035 6688 11036
f 11037 6679 11038
f 11039 6678 11040
f 11041 6598 11042
f 11043 6597 11044
f 11045 6575 11046
f 6358 11047 11048
f 11049 11050 6178
f 11051 11052 6218
f 11053 11054 6093
f 11055 6352 11056
f 11057 11058 11059
f 11060 11061 6351
f 11062 11063 11064
f 11065 11066 11067
f 11068 11069 6220
f 11070 11071 6221
f 11072 11073 6121
f 11074 11075 6242
f 6167 11076 11077
f 11078 6212 6217
f 7321 11079 11080
f 6612 11081 11082
f 11083 11084 11085
f 11086 6282 11087
f 11088 6106 11089
f 6164 11090 6161
f 11091 6249 11092
f 11093 11094 11095
f 11096 6103 11097
f 11098 11099 6223
f 11100 6219 6245
f 11101 6078 11102
f 11103 11104 6246
f 6181 11105 11106
f 11107 11108 6248
f 11109 11110 11111
f 11112 11113 11114
f 11115 11116 11117
f 11118 11119 6283
f 11120 6296 11121
f 11122 6094 11123
f 11124 6155 11125
f 11126 11127 6697
f 11128 11129 11130
f 11131 11132 6109
f 11133 6270 6216
f 11134 11135 6153
f 11136 6157 11137
f 11138 6272 6271
f 11139 6087 11140
f 11141 11142 6207
f 6284 11143 6230
f 11144 11145 6281
f 11146 11147 6215
f 11148 11149 6280
f 6098 11150 11151
f 11152 11153 6278
f 6276 11154 11155
f 6123 11156 6274
f 11157 6171 11158
f 11159 6275 11160
f 11161 6277 11162
f 11163 11164 11165
f 11166 11167 6273
f 11168 11169 11170
f 11171 11172 11173
f 11174 6224 11175
f 11176 6173 11177
f 11178 6295 11179
f 11180 11181 11182
f 11183 11184 6156
f 11185 11186 6268
f 11187 11188 6267
f 11189 11190 6266
f 6193 11191 11192
f 6174 11193 11194
f 11195 11196 6107
f 11197 11198 6122
f 11199 11200 6247
f 6208 11201 11202
f 11203 11204 6265
f 11205 11206 6203
f 6072 11207 11208
f 11209 11210 6264
f 6163 11211 11212
f 11213 11214 6168
f 11215 11216 6263
f 6108 11217 11218
f 11219 11220 6254
f 11221 11222 6255
f 11223 6593 11224
f 11225 6256 11226
f 11227 6696 11228
f 11229 11230 6592
f 11231 11232 11233
f 6112 11234 11235
f 11236 6083 11237
f 11238 6251 6252
f 11239 11240 6225
f 6291 11241 11242
f 11243 11244 6285
f 6170 11245 11246
f 11247 11248 6286
f 6166 11249 11250
f 11251 6080 6214
f 11252 11253 6287
f 6100 11254 11255
f 11256 6288 6114
f 6079 11257 11258
f 11259 6165 11260
f 6228 11261 11262
f 6125 11263 11264
f 11265 6294 11266
f 6130 11267 11268
f 6293 11269 11270
f 6209 11271 11272
f 6099 6111 6682
f 11273 11274 6698
f 11275 11276 6183
f 6693 6260 6119
f 6694 11277 11278
f 6692 11279 11280
f 11281 11282 6695
f 11283 11284 6234
f 11285 11286 11287
f 6681 11288 11289
f 6262 11290 11291
f 11292 6680 11293
f 11294 11295 11296
f 11297 6689 11298
f 11299 11300 11301
f 6600 11302 11303
f 11304 6601 11305
f 6599 11306 11307
f 11308 6666 11309
f 6665 11310 11311
f 11312 6685 11313
f 11314 11315 11316
f 6257 11317 11318
f 11319 11320 6258
f 11321 11322 11323
f 6088 11324 11325
f 6211 11326 11327
f 11328 11329 6175
f 11330 11331 6259
f 6210 11332 11333
f 6250 11334 11335
f 11336 11337 11338
f 11339 11340 11341
f 11342 6235 11343
f 11344 11345 6261
f 6076 11346 11347
f 11348 6071 6253
f 11349 11350 11351
f 11352 11353 11354
f 11355 11356 11357
f 11358 11359 11360
f 11361 11362 11363
f 11364 11365 6279
f 6292 11366 11367
f 11368 11369 11370
f 11371 11372 11373
f 11374 11375 11376
f 11377 11378 11379
f 11380 11381 11382
f 11383 6154 11384
f 11385 6172 11386
f 11387 6142 11388
f 11389 6149 11390
f 11391 11392 11393
f 11394 11395 11396
f 11397 11398 11399
f 11400 11401 11402
f 11403 11404 11405
f 11406 11407 11408
f 11409 11410 11411
f 11412 11413 11414
f 11415 11416 6102
f 11417 11418 11419
f 11420 11421 6158
f 11422 11423 6162
f 11424 11425 11426
f 11427 11428 11429
f 11430 11431 11432
f 6134 11433 11434
f 6269 11435 11436
f 11437 6613 11438
f 11439 11440 6204
f 11441 11442 6289
f 6290 11443 11444
f 6690 11445 11446
f 11447 11448 11449
f 11450 11451 6180
f 11452 11453 11454
f 11455 11456 6160
f 11457 11458 6198
f 11459 11460 11461
f 11462 11463 11464
f 11465 11466 11467
f 11468 11469 11470
f 11471 11472 11473
f 11474 11475 11476
f 11477 11478 11479
f 11480 11481 11482
f 11483 11484 11485
f 11486 11487 11488
f 11489 11490 11491
f 11492 11493 11494
f 11495 11496 11497
f 11498 11499 11500
f 11501 11502 11503
f 11504 11505 11506
f 11507 11508 11509
f 11510 11511 11512
f 11513 11514 11515
f 11516 11517 11518
f 11519 11520 11521
f 11522 11523 11524
f 11525 11526 11527
f 11528 11529 11530
f 11531 11532 11533
f 11534 11535 11536
f 11537 11538 11539
f 11540 11541 11542
f 11543 11544 11545
f 11546 11547 11548
f 11549 11550 11551
f 11552 11553 11554
f 11555 11556 11557
f 11558 11559 11560
f 11561 11562 11563
f 11564 11565 11566
f 11567 11568 11569
f 11570 11571 11572
f 11573 11574 11575
f 11576 11577 11578
f 11579 11580 11581
f 11582 11583 11584
f 11585 11586 11587
f 11588 11589 11590
f 11591 11592 11593
f 11594 11595 11596
f 11597 11598 11599
f 11600 11601 11602
f 11603 11604 11605
f 11606 11607 11608
f 11609 11610 11611
f 11612 11613 11614
f 11615 11616 11617
f 11618 11619 11620
f 11621 11622 11623
f 11624 11625 11626
f 11627 11628 11629
f 11630 11631 11632
f 11633 6619 11634
f 11635 6620 11636
f 11637 6659 11638
f 11639 6621 11640
f 11641 6622 11642
f 11643 6701 11644
f 11645 6700 11646
f 6699 11647 11648
f 11649 11650 6240
f 11651 11652 6124
f 11653 11654 6243
f 11655 11656 6091
f 11657 11658 6092
f 11659 11660 11661
f 11662 11663 6085
f 6702 6233 6176
f 6658 11664 11665
f 11666 11667 6654
f 6661 11668 11669
f 11670 6660 11671
f 6664 11672 11673
f 11674 6662 11675
f 11676 6663 11677
f 6675 11678 11679
f 6673 11680 11681
f 11682 11683 6202
f 11684 6674 11685
f 11686 11687 6232
f 11688 11689 6231
f 6229 11690 11691
f 11692 6213 6226
f 11693 6179 11694
f 11695 11696 11697
f 11698 6135 11699
f 11700 11701 11702
f 11703 6152 11704
f 11705 11706 11707
f 11708 11709 6631
f 11710 6630 11711
f 11712 11713 7135
f 11714 7139 11715
f 11716 11717 7140
f 11718 11719 11720
f 11721 11722 7151
f 11723 11724 11725
f 11726 11727 6646
f 7137 11728 11729
f 11730 11731 7138
f 11732 11733 11734
f 7136 11735 11736
f 11737 11738 11739
f 11740 11741 6641
f 11742 11743 11744
f 11745 7152 11746
f 11747 11748 11749
f 11750 11751 11752
f 11753 11754 11755
f 11756 11757 11758
f 11759 11760 11761
f 7147 11762 11763
f 11764 11765 11766
f 7153 11767 11768
f 11769 7129 11770
f 7122 11771 11772
f 11773 7123 11774
f 7121 11775 11776
f 11777 11778 11779
f 11780 11781 7120
f 11782 11783 11784
f 6554 11785 11786
f 11787 7148 11788
f 11789 11790 11791
f 11792 7149 11793
f 11794 6656 11795
f 11796 11797 11798
f 11799 11800 6637
f 11801 11802 11803
f 11804 6636 11805
f 11806 11807 11808
f 11809 11810 11811
f 11812 11813 11814
f 11815 11816 7130
f 11817 11818 11819
f 6555 11820 11821
f 11822 11823 11824
f 11825 7119 11826
f 11827 11828 11829
f 11830 11831 11832
f 11833 11834 11835
f 11836 11837 11838
f 11839 11840 11841
f 11842 11843 11844
f 11845 11846 11847
f 7126 11848 11849
f 11850 11851 11852
f 11853 11854 11855
f 7128 11856 11857
f 11858 7127 11859
f 11860 11861 11862
f 11863 11864 11865
f 11866 11867 11868
f 11869 11870 11871
f 11872 11873 11874
f 11875 11876 11877
f 11878 11879 11880
f 11881 11882 11883
f 11884 11885 11886
f 11887 11888 11889
f 11890 11891 11892
f 11893 11894 11895
f 11896 11897 11898
f 11899 11900 11901
f 11902 11903 11904
f 11905 11906 11907
f 11908 11909 6227
f 11910 11911 6297
f 11912 11913 11914
f 11915 11916 11917
f 11918 11919 6101
f 11920 11921 6105
f 11922 11923 11924
f 11925 11926 11927
f 11928 6244 11929
f 11930 11931 11932
f 11933 11934 11935
f 11936 11937 11938
f 6082 11939 11940
f 11941 11942 6084
f 11943 11944 6222
f 6096 11945 11946
f 11947 11948 6236
f 11949 11950 6206
f 11951 11952 6237
f 11953 11954 6238
f 6205 11955 11956
f 11957 11958 11959
f 11960 11961 11962
f 11963 11964 11965
f 11966 11967 11968
f 11969 11970 11971
f 11972 11973 11974
f 11975 11976 11977
f 11978 11979 11980
f 11981 11982 11983
f 11984 11985 11986
f 11987 11988 11989
f 11990 11991 11992
f 11993 11994 11995
f 11996 11997 11998
f 7344 11999 12000
f 12001 12002 12003
f 12004 12005 12006
f 12007 12008 12009
f 12010 12011 12012
f 12013 12014 12015
f 12016 12017 12018
f 12019 12020 12021
f 12022 12023 12024
f 12025 12026 12027
f 12028 12029 12030
f 12031 12032 12033
f 12034 12035 12036
f 12037 12038 12039
f 12040 12041 12042
f 12043 12044 12045
f 12046 12047 12048
f 12049 12050 12051
f 12052 12053 12054
f 12055 12056 12057
f 12058 12059 12060
f 12061 12062 12063
f 12064 12065 12066
f 12067 12068 12069
f 12070 12071 12072
f 12073 12074 12075
f 12076 12077 12078
f 12079 12080 12081
f 12082 12083 12084
f 12085 12086 12087
f 12088 12089 12090
f 12091 12092 12093
f 12094 12095 12096
f 12097 12098 12099
f 12100 12101 12102
f 12103 12104 12105
f 12106 12107 12108
f 12109 12110 12111
f 12112 12113 12114
f 12115 12116 12117
f 12118 12119 12120
f 12121 12122 12123
f 12124 12125 12126
f 12127 12128 12129
f 12130 12131 12132
f 12133 12134 12135
f 12136 12137 12138
f 12139 12140 12141
f 12142 12143 12144
f 12145 12146 12147
f 12148 12149 12150
f 12151 12152 12153
f 12154 12155 12156
f 12157 12158 12159
f 12160 12161 12162
f 12163 12164 12165
f 12166 12167 12168
f 12169 12170 12171
f 12172 12173 12174
f 12175 12176 12177
f 12178 12179 12180
f 12181 12182 12183
f 12184 12185 12186
f 12187 12188 12189
f 12190 12191 12192
f 12193 12194 12195
f 12196 12197 12198
f 12199 12200 12201
f 12202 12203 12204
f 12205 12206 12207
f 12208 12209 12210
f 12211 12212 6889
f 12213 12214 12215
f 12216 12217 12218
f 12219 12220 12221
f 6881 12222 12223
f 12224 12225 12226
f 12227 12228 12229
f 12230 12231 12232
f 12233 12234 12235
f 12236 12237 12238
f 12239 12240 12241
f 12242 12243 12244
f 12245 12246 12247
f 12248 12249 12250
f 12251 7388 12252
f 12253 12254 12255
f 12256 12257 7353
f 12258 12259 12260
f 12261 12262 12263
f 12264 12265 12266
f 12267 12268 12269
f 12270 12271 12272
f 12273 12274 12275
f 12276 12277 12278
f 12279 12280 12281
f 12282 12283 12284
f 12285 12286 12287
f 12288 12289 12290
f 12291 12292 12293
f 12294 12295 12296
f 12297 12298 12299
f 12300 12301 12302
f 12303 12304 12305
f 12306 12307 12308
f 12309 12310 12311
f 12312 12313 12314
f 12315 12316 12317
f 12318 12319 12320
f 12321 12322 12323
f 12324 12325 12326
f 12327 12328 12329
f 12330 12331 12332
f 12333 12334 12335
f 6140 12336 12337
f 12338 6095 12339
f 6086 12340 6133
f 12341 6298 12342
f 12343 6075 6139
f 12344 6074 12345
f 6120 12346 12347
f 6073 12348 12349
f 12350 12351 6081
f 12352 12353 6116
f 12354 12355 12356
f 12357 12358 12359
f 12360 12361 12362
f 12363 12364 12365
f 12366 12367 12368
f 12369 12370 6129
f 12371 12372 6189
f 12373 6159 12374
f 12375 12376 6190
f 12377 6177 12378
f 12379 6113 6191
f 12380 12381 6194
f 12382 12383 6196
f 12384 6195 12385
f 6138 12386 6144
f 12387 12388 12389
f 12390 12391 6192
f 12392 12393 12394
f 12395 12396 12397
f 12398 12399 12400
f 12401 12402 12403
f 12404 12405 12406
f 12407 12408 12409
f 12410 12411 6141
f 12412 12413 6143
f 6131 12414 12415
f 12416 12417 6145
f 6115 12418 12419
f 12420 12421 6117
f 6077 12422 12423
f 12424 12425 6089
f 12426 12427 6146
f 6136 12428 12429
f 6126 12430 12431
f 12432 12433 6127
f 12434 12435 6147
f 12436 12437 6148
f 12438 12439 6118
f 12440 12441 6150
f 12442 12443 6128
f 12444 12445 6151
f 6137 12446 12447
f 12448 12449 12450
f 6104 12451 12452
f 12453 12454 6169
f 12455 12456 12457
f 12458 12459 12460
f 12461 12462 12463
f 12464 12465 12466
f 12467 12468 6241
f 12469 12470 6239
f 12471 12472 12473
f 12474 12475 12476
f 12477 12478 12479
f 12480 12481 12482
f 12483 12484 12485
f 12486 12487 12488
f 12489 12490 12491
f 12492 12493 12494
f 12495 12496 12497
f 12498 12499 12500
f 12501 12502 12503
f 12504 12505 12506
f 12507 12508 12509
f 12510 12511 12512
f 12513 12514 12515
f 12516 6356 12517
f 12518 12519 12520
f 12521 12522 6357
f 12523 6792 12524
f 6791 12525 12526
f 12527 12528 12529
f 12530 12531 6811
f 6029 12532 12533
f 12534 6028 12535
f 6027 12536 12537
f 6030 12538 12539
f 6031 6022 12540
f 12541 12542 12543
f 12544 12545 12546
f 12547 6019 12548
f 12549 12550 6024
f 12551 12552 6813
f 12553 6810 12554
f 6809 12555 12556
f 12557 6767 12558
f 6768 12559 12560
f 12561 6708 12562
f 6739 12563 12564
f 6740 12565 12566
f 12567 12568 6707
f 12569 12570 12571
f 6738 12572 12573
f 6746 12574 12575
f 12576 12577 6755
f 12578 12579 6747
f 12580 6776 12581
f 6775 12582 12583
f 12584 6807 12585
f 6808 12586 12587
f 12588 12589 12590
f 6806 12591 12592
f 12593 12594 12595
f 12596 12597 7214
f 6802 12598 12599
f 12600 6803 12601
f 6787 12602 12603
f 12604 6741 12605
f 6742 12606 12607
f 12608 12609 12610
f 12611 12612 6745
f 12613 12614 12615
f 7210 12616 12617
f 12618 6784 12619
f 12620 12621 12622
f 12623 6805 12624
f 12625 12626 6804
f 12627 12628 12629
f 6797 12630 12631
f 12632 12633 12634
f 12635 12636 7211
f 6785 12637 12638
f 12639 12640 12641
f 12642 12643 12644
f 6736 12645 12646
f 12647 12648 12649
f 12650 12651 12652
f 12653 12654 12655
f 12656 12657 12658
f 12659 12660 12661
f 12662 12663 12664
f 12665 12666 12667
f 12668 12669 12670
f 7217 12671 12672
f 12673 12674 12675
f 12676 12677 12678
f 12679 12680 12681
f 7203 12682 12683
f 12684 12685 7161
f 7238 12686 12687
f 12688 7237 12689
f 7240 12690 12691
f 12692 7239 12693
f 7241 12694 12695
f 7243 12696 12697
f 12698 7244 12699
f 7242 12700 12701
f 7254 12702 12703
f 7253 12704 12705
f 7259 12706 12707
f 12708 12709 12710
f 12711 12712 7236
f 12713 7359 12714
f 7393 12715 12716
f 12717 12718 7361
f 7392 12719 12720
f 12721 7411 12722
f 12723 12724 12725
f 12726 7358 12727
f 12728 12729 7360
f 12730 12731 12732
f 12733 12734 12735
f 12736 12737 12738
f 12739 12740 12741
f 12742 12743 12744
f 12745 12746 12747
f 12748 12749 12750
f 12751 12752 7265
f 12753 7266 12754
f 12755 12756 12757
f 12758 12759 12760
f 12761 12762 12763
f 12764 12765 12766
f 6721 12767 12768
f 12769 6710 12770
f 6719 12771 12772
f 12773 12774 12775
f 12776 12777 6720
f 12778 6722 12779
f 12780 12781 6723
f 12782 12783 12784
f 7246 12785 12786
f 12787 6782 12788
f 12789 12790 12791
f 12792 6812 12793
f 12794 12795 6822
f 12796 12797 12798
f 12799 12800 6774
f 12801 12802 12803
f 12804 12805 7250
f 6801 12806 12807
f 12808 12809 6773
f 12810 12811 12812
f 12813 12814 12815
f 12816 12817 12818
f 12819 12820 7251
f 12821 12822 12823
f 12824 6772 12825
f 12826 12827 12828
f 12829 12830 12831
f 12832 12833 12834
f 12835 6786 12836
f 12837 12838 12839
f 12840 12841 12842
f 12843 12844 12845
f 6759 12846 12847
f 12848 6831 12849
f 6836 12850 12851
f 12852 12853 6058
f 6041 12854 12855
f 6036 12856 6045
f 12857 12858 12859
f 6014 12860 12861
f 6035 6047 6839
f 12862 12863 12864
f 6838 12865 12866
f 12867 12868 6060
f 6051 12869 12870
f 6018 6061 6361
f 12871 12872 12873
f 12874 12875 12876
f 12877 12878 6023
f 12879 12880 6034
f 12881 12882 6044
f 12883 12884 12885
f 12886 12887 6048
f 12888 12889 6013
f 12890 6054 12891
f 12892 6026 6046
f 12893 12894 6833
f 12895 6040 12896
f 12897 6033 12898
f 12899 12900 12901
f 12902 12903 6039
f 12904 12905 12906
f 6056 12907 12908
f 12909 6042 6057
f 12910 6050 12911
f 12912 12913 12914
f 12915 12916 6055
f 12917 12918 12919
f 12920 12921 12922
f 12923 12924 12925
f 12926 12927 12928
f 12929 12930 12931
f 12932 12933 12934
f 12935 6049 12936
f 6059 12937 12938
f 12939 12940 12941
f 12942 12943 12944
f 12945 12946 12947
f 12948 12949 12950
f 12951 12952 12953
f 12954 12955 12956
f 6783 12957 12958
f 12959 7255 12960
f 12961 12962 12963
f 12964 12965 12966
f 12967 12968 12969
f 12970 12971 12972
f 6706 12973 12974
f 12975 12976 12977
f 12978 6713 12979
f 12980 12981 12982
f 12983 12984 12985
f 12986 12987 12988
f 12989 12990 12991
f 12992 12993 12994
f 12995 12996 12997
f 12998 12999 13000
f 13001 13002 13003
f 13004 13005 13006
f 13007 13008 13009
f 13010 13011 13012
f 13013 13014 13015
f 13016 13017 13018
f 7245 13019 13020
f 13021 13022 13023
f 13024 7248 13025
f 13026 13027 13028
f 13029 13030 13031
f 13032 13033 13034
f 13035 13036 13037
f 13038 13039 13040
f 13041 13042 13043
f 13044 13045 13046
f 7213 13047 13048
f 13049 13050 13051
f 13052 13053 13054
f 13055 13056 13057
f 13058 13059 13060
f 13061 13062 13063
f 13064 13065 13066
f 13067 13068 13069
f 13070 7196 13071
f 13072 7410 13073
f 7391 13074 13075
f 7390 13076 13077
f 13078 13079 7357
f 13080 7354 13081
f 13082 13083 13084
f 13085 7356 13086
f 13087 7355 13088
f 13089 13090 7195
f 13091 13092 13093
f 13094 13095 13096
f 13097 13098 13099
f 13100 13101 13102
f 13103 13104 13105
f 13106 13107 13108
f 13109 13110 13111
f 13112 13113 13114
f 13115 13116 13117
f 13118 13119 13120
f 13121 13122 13123
f 13124 13125 13126
f 13127 13128 13129
f 13130 13131 13132
f 13133 13134 13135
f 13136 13137 13138
f 13139 13140 13141
f 13142 13143 13144
f 13145 13146 13147
f 13148 13149 13150
f 13151 13152 13153
f 13154 13155 13156
f 13157 13158 13159
f 13160 13161 13162
f 13163 13164 13165
f 13166 13167 13168
f 13169 13170 13171
f 13172 13173 13174
f 13175 13176 13177
f 13178 13179 13180
f 13181 13182 13183
f 13184 13185 13186
f 13187 13188 13189
f 6779 13190 13191
f 6790 13192 13193
f 13194 6062 13195
f 13196 13197 6063
f 13198 6066 13199
f 6751 6043 6069
f 6038 13200 13201
f 13202 6760 13203
f 13204 13205 13206
f 13207 6766 13208
f 6765 13209 13210
f 13211 13212 13213
f 13214 13215 7202
f 6756 13216 13217
f 13218 13219 6762
f 13220 6727 13221
f 6705 13222 13223
f 13224 13225 13226
f 13227 13228 6703
f 13229 13230 13231
f 7185 13232 13233
f 13234 6732 13235
f 13236 13237 13238
f 13239 13240 13241
f 7186 13242 13243
f 13244 13245 13246
f 13247 6733 13248
f 6704 13249 13250
f 13251 13252 13253
f 13254 13255 6752
f 13256 13257 13258
f 13259 13260 13261
f 13262 13263 6065
f 13264 13265 13266
f 13267 13268 13269
f 13270 13271 13272
f 13273 13274 13275
f 13276 13277 6724
f 13278 13279 13280
f 13281 13282 13283
f 13284 13285 6718
f 13286 6734 13287
f 13288 13289 13290
f 13291 13292 13293
f 13294 13295 13296
f 13297 13298 13299
f 13300 13301 13302
f 13303 13304 13305
f 7201 13306 13307
f 13308 13309 13310
f 13311 13312 13313
f 13314 13315 13316
f 13317 13318 13319
f 13320 13321 13322
f 13323 13324 13325
f 13326 13327 13328
f 13329 13330 13331
f 13332 13333 13334
f 6798 13335 13336
f 13337 13338 6052
f 6037 13339 13340
f 13341 13342 6067
f 13343 13344 13345
f 13346 13347 6070
f 13348 13349 13350
f 13351 13352 13353
f 13354 13355 13356
f 13357 6064 13358
f 13359 6016 13360
f 13361 13362 13363
f 13364 13365 13366
f 13367 13368 13369
f 13370 13371 13372
f 13373 13374 13375
f 13376 13377 13378
f 13379 13380 13381
f 13382 13383 13384
f 13385 13386 13387
f 13388 13389 13390
f 13391 13392 13393
f 13394 13395 13396
f 13397 13398 13399
f 13400 13401 13402
f 13403 13404 13405
f 7171 13406 13407
f 13408 13409 13410
f 13411 13412 13413
f 13414 13415 13416
f 13417 13418 13419
f 13420 13421 13422
f 13423 13424 13425
f 13426 13427 13428
f 13429 13430 13431
f 13432 13433 13434
f 13435 13436 13437
f 13438 13439 13440
f 13441 13442 13443
f 13444 13445 13446
f 13447 13448 13449
f 13450 13451 13452
f 13453 13454 13455
f 13456 13457 13458
f 13459 13460 13461
f 13462 13463 13464
f 13465 13466 13467
f 13468 13469 13470
f 13471 13472 13473
f 13474 13475 13476
f 13477 13478 13479
f 7187 13480 13481
f 7221 13482 13483
f 7188 13484 13485
f 6788 13486 13487
f 13488 13489 13490
f 13491 13492 13493
f 13494 13495 13496
f 13497 13498 7180
f 13499 13500 13501
f 13502 7179 13503
f 13504 13505 13506
f 13507 13508 13509
f 13510 13511 13512
f 13513 13514 13515
f 13516 13517 13518
f 13519 13520 13521
f 13522 13523 13524
f 13525 13526 13527
f 13528 13529 13530
f 13531 13532 13533
f 13534 13535 13536
f 13537 13538 13539
f 13540 13541 13542
f 13543 13544 13545
f 13546 13547 13548
f 13549 13550 13551
f 13552 13553 13554
f 13555 13556 13557
f 13558 13559 13560
f 13561 13562 13563
f 13564 13565 13566
f 13567 13568 13569
f 13570 13571 13572
f 13573 13574 13575
f 13576 13577 13578
f 13579 13580 13581
f 13582 13583 13584
f 13585 13586 13587
f 13588 13589 13590
f 13591 13592 13593
f 13594 13595 13596
f 13597 13598 13599
f 13600 13601 13602
f 13603 13604 13605
f 13606 13607 13608
f 13609 13610 13611
f 13612 13613 13614
f 13615 13616 13617
f 13618 13619 13620
f 13621 13622 13623
f 13624 13625 13626
f 13627 13628 13629
f 13630 13631 13632
f 13633 13634 13635
f 13636 13637 13638
f 13639 13640 13641
f 13642 13643 13644
f 13645 13646 13647
f 13648 13649 13650
f 13651 13652 13653
f 13654 13655 13656
f 13657 13658 13659
f 13660 13661 13662
f 13663 13664 13665
f 13666 13667 13668
f 13669 13670 13671
f 13672 13673 13674
f 13675 13676 13677
f 13678 13679 13680
f 13681 13682 13683
f 13684 13685 13686
f 13687 13688 13689
f 13690 13691 13692
f 13693 13694 13695
f 13696 13697 13698
f 13699 13700 13701
f 13702 13703 13704
f 13705 13706 13707
f 13708 13709 13710
f 13711 13712 13713
f 13714 13715 13716
f 13717 13718 13719
f 13720 13721 13722
f 13723 13724 13725
f 13726 13727 13728
f 13729 13730 13731
f 13732 13733 13734
f 13735 13736 13737
f 13738 13739 13740
f 13741 13742 13743
f 13744 13745 13746
f 13747 13748 13749
f 13750 13751 13752
f 13753 13754 13755
f 13756 13757 13758
f 13759 13760 13761
f 13762 13763 13764
f 13765 13766 13767
f 13768 13769 13770
f 13771 13772 13773
f 13774 13775 13776
f 13777 13778 13779
f 13780 13781 13782
f 13783 13784 13785
f 13786 13787 13788
f 13789 13790 13791
f 13792 13793 13794
f 13795 13796 13797
f 13798 13799 13800
f 13801 13802 13803
f 13804 13805 13806
f 13807 13808 13809
f 13810 13811 13812
f 13813 13814 13815
f 13816 13817 13818
f 13819 13820 13821
f 13822 13823 13824
f 13825 13826 13827
f 13828 13829 13830
f 13831 13832 13833
f 13834 13835 13836
f 13837 13838 13839
f 13840 13841 13842
f 13843 13844 13845
f 13846 13847 13848
f 13849 13850 13851
f 13852 13853 13854
f 13855 13856 13857
f 13858 13859 13860
f 13861 13862 13863
f 13864 13865 6899
f 13866 13867 13868
f 13869 13870 13871
f 13872 13873 13874
f 13875 13876 13877
f 13878 6904 13879
f 13880 13881 6905
f 13882 13883 13884
f 13885 13886 13887
f 13888 13889 13890
f 13891 13892 13893
f 13894 13895 13896
f 13897 13898 13899
f 13900 13901 13902
f 13903 13904 13905
f 13906 13907 13908
f 13909 13910 13911
f 13912 13913 13914
f 13915 13916 13917
f 13918 13919 13920
f 13921 13922 13923
f 13924 13925 13926
f 13927 13928 13929
f 13930 13931 13932
f 13933 13934 13935
f 13936 13937 13938
f 13939 13940 13941
f 13942 13943 13944
f 13945 13946 13947
f 13948 13949 13950
f 13951 13952 13953
f 13954 13955 13956
f 13957 13958 13959
f 13960 13961 13962
f 13963 13964 13965
f 13966 13967 13968
f 13969 13970 13971
f 13972 13973 13974
f 13975 13976 13977
f 13978 13979 13980
f 13981 13982 13983
f 13984 13985 13986
f 13987 13988 13989
f 13990 13991 13992
f 13993 13994 13995
f 13996 13997 13998
f 13999 14000 14001
f 14002 14003 14004
f 14005 14006 14007
f 14008 14009 14010
f 14011 14012 14013
f 14014 14015 14016
f 14017 14018 14019
f 14020 14021 14022
f 14023 14024 14025
f 14026 14027 14028
f 14029 14030 14031
f 14032 14033 14034
f 6364 14035 14036
f 14037 14038 14039
f 14040 14041 14042
f 14043 14044 14045
f 14046 14047 14048
f 14049 14050 14051
f 14052 14053 14054
f 14055 14056 14057
f 14058 14059 14060
f 14061 14062 14063
f 14064 14065 14066
f 14067 14068 14069
f 14070 14071 14072
f 14073 14074 14075
f 14076 14077 14078
f 14079 14080 14081
f 14082 14083 14084
f 14085 14086 14087
f 14088 14089 14090
f 14091 14092 14093
f 14094 14095 14096
f 14097 7384 14098
f 14099 14100 14101
f 14102 14103 7387
f 14104 14105 14106
f 14107 14108 14109
f 14110 14111 14112
f 14113 14114 14115
f 14116 14117 14118
f 14119 14120 14121
f 14122 14123 14124
f 14125 14126 14127
f 14128 14129 14130
f 14131 14132 14133
f 14134 14135 14136
f 14137 14138 14139
f 14140 14141 14142
f 14143 14144 14145
f 14146 14147 14148
f 14149 14150 14151
f 14152 14153 14154
f 14155 14156 14157
f 14158 14159 14160
f 14161 14162 14163
f 14164 14165 14166

usemtl Green_0
f 6097 6242 6090
f 6090 6242 6124
f 6090 6124 6240
f 6090 6240 6239
f 6090 6239 6241
f 6090 6241 6243
f 6090 6243 6091
f 6090 6091 6232
f 6090 6232 6135
f 6090 6135 6202
f 6090 6202 6169
f 6090 6169 6104
f 6090 6104 6152
f 6090 6152 6137
f 6090 6137 6151
f 6090 6151 6128
f 6090 6128 6150
f 6090 6150 6118
f 6090 6118 6148
f 6090 6148 6147
f 6090 6147 6127
f 6090 6127 6126
f 6090 6126 6136
f 6090 6136 6146
f 6090 6146 6089
f 6090 6089 6077
f 6090 6077 6117
f 6090 6117 6115
f 6090 6115 6145
f 6090 6145 6131
f 6090 6131 6143
f 6090 6143 6141
f 6090 6141 6129
f 6090 6129 6300
f 6090 6300 6201
f 6201 6199 6090
f 6199 6074 6090
f 6197 6074 6199
f 6110 6299 6185
f 6196 6110 6185
f 6190 6196 6185
f 6189 6190 6185
f 6132 6189 6185
f 6182 6132 6185
f 6186 6182 6185
f 6299 6300 6184
f 6221 6220 6097
f 6097 6220 6121
f 6093 6160 6167
f 6167 6160 6180
f 6167 6180 6290
f 6167 6290 6289
f 6167 6289 6204
f 6167 6204 6269
f 6167 6269 6134
f 6167 6134 6260
f 6167 6260 6235
f 6167 6235 6234
f 6167 6234 6162
f 6167 6162 6158
f 6167 6158 6262
f 6167 6262 6102
f 6167 6102 6250
f 6167 6250 6210
f 6167 6210 6175
f 6167 6175 6088
f 6167 6088 6257
f 6167 6257 6256
f 6167 6256 6255
f 6167 6255 6254
f 6167 6254 6108
f 6167 6108 6263
f 6167 6263 6168
f 6167 6168 6163
f 6167 6163 6264
f 6167 6264 6072
f 6167 6072 6203
f 6167 6203 6265
f 6167 6265 6208
f 6167 6208 6247
f 6167 6247 6122
f 6167 6122 6107
f 6167 6107 6174
f 6167 6174 6193
f 6167 6193 6266
f 6167 6266 6267
f 6167 6267 6268
f 6167 6268 6156
f 6167 6156 6153
f 6167 6153 6155
f 6167 6155 6094
f 6167 6094 6296
f 6167 6296 6283
f 6167 6283 6282
f 6282 6217 6167
f 6217 6078 6167
f 6212 6078 6217
f 6249 6212 6106
f 6161 6249 6106
f 6164 6161 6106
f 6103 6223 6212
f 6223 6248 6212
f 6248 6181 6212
f 6181 6246 6212
f 6246 6245 6212
f 6245 6219 6212
f 6103 6212 6249
f 6219 6078 6212
f 6109 6155 6216
f 6295 6109 6216
f 6173 6295 6216
f 6224 6173 6216
f 6230 6224 6216
f 6270 6230 6216
f 6157 6271 6270
f 6271 6087 6270
f 6272 6087 6271
f 6207 6273 6087
f 6273 6123 6087
f 6123 6280 6087
f 6280 6284 6087
f 6284 6230 6087
f 6098 6280 6278
f 6276 6278 6277
f 6277 6278 6123
f 6171 6277 6123
f 6274 6171 6123
f 6275 6277 6171
f 6215 6281 6280
f 6281 6284 6280
f 6278 6280 6123
f 6087 6230 6270
f 6216 6155 6153
f 6112 6083 6252
f 6149 6112 6252
f 6142 6149 6252
f 6172 6142 6252
f 6154 6172 6252
f 6251 6154 6252
f 6252 6258 6225
f 6225 6258 6211
f 6211 6259 6225
f 6259 6111 6225
f 6225 6111 6291
f 6111 6285 6291
f 6111 6166 6286
f 6111 6080 6166
f 6111 6214 6080
f 6111 6100 6287
f 6111 6288 6100
f 6111 6114 6288
f 6111 6079 6114
f 6111 6165 6079
f 6111 6228 6165
f 6111 6125 6228
f 6111 6294 6125
f 6111 6130 6294
f 6111 6293 6130
f 6111 6209 6293
f 6099 6209 6111
f 6260 6099 6183
f 6260 6183 6261
f 6260 6261 6119
f 6261 6253 6076
f 6076 6253 6071
f 6261 6183 6253
f 6260 6209 6099
f 6260 6279 6209
f 6260 6292 6279
f 6111 6287 6214
f 6111 6286 6170
f 6111 6170 6285
f 6083 6258 6252
f 6260 6134 6292
f 6198 6160 6093
f 6093 6178 6198
f 6218 6178 6093
f 6232 6092 6085
f 6232 6085 6205
f 6232 6205 6238
f 6232 6238 6237
f 6232 6237 6206
f 6232 6206 6236
f 6232 6236 6096
f 6232 6096 6222
f 6232 6222 6084
f 6232 6084 6082
f 6232 6082 6244
f 6232 6244 6176
f 6226 6232 6176
f 6227 6226 6176
f 6233 6227 6176
f 6229 6231 6179
f 6179 6231 6226
f 6213 6179 6226
f 6105 6101 6233
f 6101 6297 6233
f 6297 6227 6233
f 6231 6232 6226
f 6095 6197 6140
f 6140 6197 6086
f 6133 6140 6086
f 6298 6140 6133
f 6095 6116 6197
f 6116 6081 6197
f 6081 6073 6197
f 6073 6120 6197
f 6120 6139 6197
f 6139 6075 6197
f 6187 6182 6186
f 6188 6132 6182
f 6177 6192 6190
f 6192 6191 6190
f 6191 6113 6190
f 6194 6196 6113
f 6195 6144 6196
f 6138 6144 6195
f 6159 6190 6189
f 6113 6196 6190
f 6144 6110 6196
f 6185 6299 6184
f 6200 6201 6299
f 6075 6074 6197
f 6299 6201 6300
f 6232 6091 6092
f 6121 6242 6097

usemtl Green_0
f 6015 6017 6032
f 6032 6024 6015
f 6028 6024 6032
f 6025 6028 6032
f 6030 6029 6025
f 6030 6025 6022
f 6030 6022 6031
f 6024 6027 6019
f 6041 6058 6034
f 6059 6041 6034
f 6049 6059 6034
f 6045 6049 6034
f 6034 6036 6045
f 6036 6035 6014
f 6036 6047 6035
f 6051 6060 6023
f 6051 6023 6018
f 6018 6023 6061
f 6048 6054 6013
f 6055 6054 6048
f 6026 6055 6048
f 6048 6046 6026
f 6056 6039 6050
f 6056 6050 6042
f 6042 6050 6057
f 6039 6033 6050
f 6033 6040 6050
f 6050 6040 6034
f 6044 6040 6046
f 6048 6044 6046
f 6034 6040 6044
f 6023 6047 6034
f 6060 6047 6023
f 6047 6036 6034
f 6058 6050 6034
f 6066 6063 6070
f 6065 6066 6070
f 6043 6065 6070
f 6043 6070 6069
f 6037 6052 6032
f 6067 6037 6032
f 6052 6070 6032
f 6069 6070 6038
f 6070 6063 6032
f 6020 6063 6062
f 6021 6062 6064
f 6064 6016 6021
f 6016 6053 6021
f 6021 6053 6068
f 6021 6020 6062
f 6032 6063 6020
f 6029 6028 6025
f 6024 6028 6027
f 6017 6067 6032


o Object.5
v 93.398117 95.108383 15.334551 188 188 188
v 84.300140 95.108383 21.221640 188 188 188
v 93.398117 95.108383 16.311287 188 188 188
v 95.400116 95.108383 15.334550 188 188 188
v 84.621460 95.108383 24.219637 188 188 188
v 84.347214 95.108383 24.219637 188 188 188
v 96.298119 95.108383 24.139265 188 188 188
v 95.361794 95.108383 15.334550 188 188 188
v 96.298119 95.108383 24.219629 188 188 188
v 95.400116 95.108383 15.555413 188 188 188
v 95.400124 95.108383 21.221634 188 188 188
v 95.424194 95.108383 21.221634 188 188 188
v 96.289635 95.108383 21.221632 188 188 188
v 96.298119 95.108383 21.221632 188 188 188
v 95.155823 95.108383 24.219631 188 188 188
v 92.232246 95.108383 21.221636 188 188 188
v 87.200134 95.108383 16.311291 188 188 188
v 87.161804 95.108383 15.334556 188 188 188
v 87.366508 95.108383 21.221638 188 188 188
v 84.300140 95.108383 21.302004 188 188 188
v 84.350380 95.108383 21.221640 188 188 188
v 85.198135 95.108383 21.221640 188 188 188
v 84.324242 95.108383 21.221640 188 188 188
v 85.198128 95.108383 15.334557 188 188 188
v 85.198128 95.108383 15.555420 188 188 188
v 93.398125 95.108383 21.221634 188 188 188
v 84.300140 95.108383 24.219637 188 188 188
v 87.200134 95.108383 15.334556 188 188 188
v 87.200142 95.108383 21.221638 188 188 188
v 86.056129 100.945610 24.219635 188 188 188
v 84.414146 102.117607 24.219635 188 188 188
v 84.300140 100.945610 24.219635 188 188 188
v 86.934135 96.265610 24.219635 188 188 188
v 86.056129 105.189606 24.219633 188 188 188
v 85.310135 104.279610 24.219633 188 188 188
v 84.756142 103.241608 24.219635 188 188 188
v 96.298119 100.945610 24.219627 188 188 188
v 86.964134 105.933601 24.219631 188 188 188
v 88.828133 101.795609 24.219631 188 188 188
v 89.098137 102.149605 24.219631 188 188 188
v 88.656136 101.385605 24.219633 188 188 188
v 89.450134 102.419609 24.219631 188 188 188
v 88.600136 100.945610 24.219633 188 188 188
v 89.860130 102.589607 24.219631 188 188 188
v 90.298134 102.647598 24.219631 188 188 188
v 90.738129 102.589607 24.219631 188 188 188
v 91.148125 102.419609 24.219631 188 188 188
v 88.656136 100.507607 24.219633 188 188 188
v 88.828133 100.097610 24.219633 188 188 188
v 89.098137 99.745605 24.219633 188 188 188
v 89.450134 99.475601 24.219633 188 188 188
v 89.860130 99.303604 24.219633 188 188 188
v 90.298134 99.247604 24.219631 188 188 188
v 91.502129 99.745605 24.219631 188 188 188
v 91.148125 99.475601 24.219631 188 188 188
v 90.738129 99.303604 24.219631 188 188 188
v 88.002136 106.489601 24.219631 188 188 188
v 89.130142 106.831612 24.219629 188 188 188
v 90.298134 106.947601 24.219629 188 188 188
v 91.470123 106.831612 24.219629 188 188 188
v 92.594124 106.489601 24.219627 188 188 188
v 91.502129 102.149605 24.219631 188 188 188
v 91.772125 101.795609 24.219631 188 188 188
v 91.772125 100.097610 24.219631 188 188 188
v 91.942123 101.385605 24.219631 188 188 188
v 91.942123 100.507607 24.219631 188 188 188
v 92.000122 100.945610 24.219631 188 188 188
v 93.632126 105.933601 24.219627 188 188 188
v 94.542122 105.189606 24.219627 188 188 188
v 95.286125 104.279610 24.219627 188 188 188
v 95.842125 103.241608 24.219627 188 188 188
v 96.184128 102.117607 24.219627 188 188 188
v 95.286125 104.279610 21.221630 188 188 188
v 95.842125 103.241608 21.221630 188 188 188
v 95.400124 103.345612 21.221630 188 188 188
v 90.298134 102.647598 21.221634 188 188 188
v 91.470123 106.831612 21.221632 188 188 188
v 90.738129 102.589607 21.221634 188 188 188
v 91.502129 99.745605 21.221634 188 188 188
v 87.974129 95.695610 21.221638 188 188 188
v 91.148125 99.475601 21.221634 188 188 188
v 89.098137 99.745605 21.221636 188 188 188
v 88.828133 100.097610 21.221636 188 188 188
v 84.756142 100.945610 21.221638 188 188 188
v 84.300140 100.945610 21.221638 188 188 188
v 84.414146 102.117607 21.221638 188 188 188
v 87.200142 103.345612 21.221636 188 188 188
v 85.198135 103.345612 21.221638 188 188 188
v 86.964134 105.933601 21.221634 188 188 188
v 84.756142 103.241608 21.221638 188 188 188
v 85.310135 104.279610 21.221636 188 188 188
v 86.056129 105.189606 21.221636 188 188 188
v 88.002136 106.489601 21.221634 188 188 188
v 85.198135 97.821602 21.221640 188 188 188
v 85.068138 100.071609 21.221638 188 188 188
v 89.860130 102.589607 21.221634 188 188 188
v 89.098137 102.149605 21.221634 188 188 188
v 90.298134 106.947601 21.221632 188 188 188
v 89.450134 102.419609 21.221634 188 188 188
v 89.130142 106.831612 21.221634 188 188 188
v 89.450134 99.475601 21.221636 188 188 188
v 88.656136 101.385605 21.221636 188 188 188
v 88.828133 101.795609 21.221636 188 188 188
v 88.600136 100.945610 21.221636 188 188 188
v 88.656136 100.507607 21.221636 188 188 188
v 87.200142 95.831604 21.221638 188 188 188
v 96.064125 99.383606 21.221632 188 188 188
v 95.616127 100.945610 21.221630 188 188 188
v 95.842125 100.945610 21.221630 188 188 188
v 89.860130 99.303604 21.221636 188 188 188
v 90.298134 99.247604 21.221636 188 188 188
v 90.738129 99.303604 21.221634 188 188 188
v 92.594124 106.489601 21.221630 188 188 188
v 91.148125 102.419609 21.221634 188 188 188
v 91.502129 102.149605 21.221634 188 188 188
v 93.632126 105.933601 21.221630 188 188 188
v 93.398125 103.345612 21.221632 188 188 188
v 91.772125 101.795609 21.221634 188 188 188
v 91.942123 101.385605 21.221634 188 188 188
v 94.542122 105.189606 21.221630 188 188 188
v 93.398125 95.831604 21.221634 188 188 188
v 92.594124 100.169609 21.221634 188 188 188
v 91.942123 100.507607 21.221634 188 188 188
v 92.000122 100.945610 21.221634 188 188 188
v 91.772125 100.097610 21.221634 188 188 188
v 95.400124 97.821602 21.221632 188 188 188
v 96.184128 102.117607 21.221630 188 188 188
v 96.298119 100.945610 21.221630 188 188 188

v 93.398125 103.345612 21.221632 188 188 188
v 93.398117 95.108383 15.334551 188 188 188
v 93.398125 95.831604 21.221634 188 188 188
v 93.398125 103.345612 21.221632 188 188 188
v 92.594124 106.489601 21.221630 188 188 188
v 93.398125 103.345612 21.221632 188 188 188
v 93.398125 103.345612 21.221632 188 188 188
v 93.632126 105.933601 21.221630 188 188 188
v 93.632126 105.933601 21.221630 188 188 188
v 94.542122 105.189606 21.221630 188 188 188
v 94.542122 105.189606 21.221630 188 188 188
v 94.542122 105.189606 24.219627 188 188 188
v 95.286125 104.279610 24.219627 188 188 188
v 94.542122 105.189606 21.221630 188 188 188
v 95.286125 104.279610 21.221630 188 188 188
v 95.286125 104.279610 24.219627 188 188 188
v 95.842125 103.241608 24.219627 188 188 188
v 95.286125 104.279610 21.221630 188 188 188
v 95.286125 104.279610 21.221630 188 188 188
v 95.842125 103.241608 21.221630 188 188 188
v 95.400124 103.345612 21.221630 188 188 188
v 93.398125 103.345612 21.221632 188 188 188
v 95.286125 104.279610 21.221630 188 188 188
v 95.400124 103.345612 21.221630 188 188 188
v 95.842125 103.241608 21.221630 188 188 188
v 95.400124 103.345612 21.221630 188 188 188
v 95.616127 100.945610 21.221630 188 188 188
v 95.400124 97.821602 21.221632 188 188 188
v 95.400124 103.345612 21.221630 188 188 188
v 95.400124 103.345612 21.221630 188 188 188
v 95.400116 95.108383 15.334550 188 188 188
v 95.361794 95.108383 15.334550 188 188 188
v 96.298119 100.945610 24.219627 188 188 188
v 95.155823 95.108383 24.219631 188 188 188
v 86.934135 96.265610 24.219635 188 188 188
v 95.155823 95.108383 24.219631 188 188 188
v 93.398125 95.831604 21.221634 188 188 188
v 93.398125 95.831604 21.221634 188 188 188
v 93.398125 95.108383 21.221634 188 188 188
v 93.398125 95.831604 21.221634 188 188 188
v 92.232246 95.108383 21.221636 188 188 188
v 93.398125 95.831604 21.221634 188 188 188
v 87.974129 95.695610 21.221638 188 188 188
v 92.594124 100.169609 21.221634 188 188 188
v 87.974129 95.695610 21.221638 188 188 188
v 92.594124 100.169609 21.221634 188 188 188
v 91.502129 99.745605 21.221634 188 188 188
v 92.594124 100.169609 21.221634 188 188 188
v 91.772125 100.097610 21.221634 188 188 188
v 92.594124 100.169609 21.221634 188 188 188
v 91.942123 100.507607 21.221634 188 188 188
v 92.594124 100.169609 21.221634 188 188 188
v 92.000122 100.945610 21.221634 188 188 188
v 91.942123 101.385605 21.221634 188 188 188
v 92.000122 100.945610 21.221634 188 188 188
v 92.000122 100.945610 21.221634 188 188 188
v 92.000122 100.945610 24.219631 188 188 188
v 96.298119 100.945610 24.219627 188 188 188
v 92.000122 100.945610 24.219631 188 188 188
v 91.942123 100.507607 24.219631 188 188 188
v 96.298119 100.945610 24.219627 188 188 188
v 91.942123 100.507607 24.219631 188 188 188
v 96.298119 100.945610 24.219627 188 188 188
v 91.772125 100.097610 24.219631 188 188 188
v 96.298119 100.945610 24.219627 188 188 188
v 91.502129 99.745605 24.219631 188 188 188
v 96.298119 100.945610 24.219627 188 188 188
v 91.148125 99.475601 24.219631 188 188 188
v 91.148125 99.475601 24.219631 188 188 188
v 90.738129 99.303604 24.219631 188 188 188
v 90.738129 99.303604 24.219631 188 188 188
v 91.148125 99.475601 21.221634 188 188 188
v 91.148125 99.475601 21.221634 188 188 188
v 87.974129 95.695610 21.221638 188 188 188
v 90.738129 99.303604 21.221634 188 188 188
v 90.738129 99.303604 21.221634 188 188 188
v 87.974129 95.695610 21.221638 188 188 188
v 90.298134 99.247604 21.221636 188 188 188
v 90.738129 99.303604 21.221634 188 188 188
v 90.298134 99.247604 24.219631 188 188 188
v 90.298134 99.247604 21.221636 188 188 188
v 90.298134 99.247604 24.219631 188 188 188
v 89.860130 99.303604 24.219633 188 188 188
v 86.934135 96.265610 24.219635 188 188 188
v 90.738129 99.303604 24.219631 188 188 188
v 90.298134 99.247604 24.219631 188 188 188
v 86.934135 96.265610 24.219635 188 188 188
v 89.860130 99.303604 24.219633 188 188 188
v 86.934135 96.265610 24.219635 188 188 188
v 89.450134 99.475601 24.219633 188 188 188
v 86.934135 96.265610 24.219635 188 188 188
v 89.098137 99.745605 24.219633 188 188 188
v 86.934135 96.265610 24.219635 188 188 188
v 88.828133 100.097610 24.219633 188 188 188
v 86.934135 96.265610 24.219635 188 188 188
v 88.656136 100.507607 24.219633 188 188 188
v 86.934135 96.265610 24.219635 188 188 188
v 86.934135 96.265610 24.219635 188 188 188
v 88.600136 100.945610 24.219633 188 188 188
v 86.934135 96.265610 24.219635 188 188 188
v 88.656136 101.385605 24.219633 188 188 188
v 86.056129 105.189606 24.219633 188 188 188
v 88.656136 101.385605 24.219633 188 188 188
v 86.056129 105.189606 24.219633 188 188 188
v 88.828133 101.795609 24.219631 188 188 188
v 86.056129 105.189606 24.219633 188 188 188
v 89.098137 102.149605 24.219631 188 188 188
v 86.056129 105.189606 24.219633 188 188 188
v 89.450134 102.419609 24.219631 188 188 188
v 86.056129 105.189606 24.219633 188 188 188
v 89.860130 102.589607 24.219631 188 188 188
v 86.056129 105.189606 24.219633 188 188 188
v 90.298134 102.647598 24.219631 188 188 188
v 86.056129 105.189606 24.219633 188 188 188
v 90.738129 102.589607 24.219631 188 188 188
v 86.056129 105.189606 24.219633 188 188 188
v 91.148125 102.419609 24.219631 188 188 188
v 96.298119 100.945610 24.219627 188 188 188
v 96.298119 100.945610 24.219627 188 188 188
v 86.056129 105.189606 24.219633 188 188 188
v 86.964134 105.933601 24.219631 188 188 188
v 86.056129 105.189606 24.219633 188 188 188
v 86.056129 105.189606 21.221636 188 188 188
v 86.056129 105.189606 24.219633 188 188 188
v 86.056129 105.189606 24.219633 188 188 188
v 85.310135 104.279610 21.221636 188 188 188
v 85.310135 104.279610 21.221636 188 188 188
v 85.310135 104.279610 24.219633 188 188 188
v 85.310135 104.279610 24.219633 188 188 188
v 84.756142 103.241608 21.221638 188 188 188
v 84.756142 103.241608 21.221638 188 188 188
v 84.756142 103.241608 24.219635 188 188 188
v 84.756142 103.241608 24.219635 188 188 188
v 84.414146 102.117607 21.221638 188 188 188
v 84.414146 102.117607 21.221638 188 188 188
v 84.414146 102.117607 24.219635 188 188 188
v 84.414146 102.117607 24.219635 188 188 188
v 84.300140 100.945610 21.221638 188 188 188
v 84.300140 100.945610 24.219635 188 188 188
v 84.300140 100.945610 21.221638 188 188 188
v 84.300140 100.945610 24.219635 188 188 188
v 84.300140 95.108383 21.302004 188 188 188
v 84.300140 100.945610 24.219635 188 188 188
v 84.300140 95.108383 24.219637 188 188 188
v 84.300140 100.945610 24.219635 188 188 188
v 84.347214 95.108383 24.219637 188 188 188
v 84.347214 95.108383 24.219637 188 188 188
v 84.621460 95.108383 24.219637 188 188 188
v 86.056129 100.945610 24.219635 188 188 188
v 84.300140 100.945610 21.221638 188 188 188
v 84.324242 95.108383 21.221640 188 188 188
v 84.300140 100.945610 21.221638 188 188 188
v 85.068138 100.071609 21.221638 188 188 188
v 84.300140 100.945610 21.221638 188 188 188
v 84.756142 103.241608 21.221638 188 188 188
v 85.068138 100.071609 21.221638 188 188 188
v 84.756142 100.945610 21.221638 188 188 188
v 84.756142 103.241608 21.221638 188 188 188
v 85.068138 100.071609 21.221638 188 188 188
v 85.068138 100.071609 21.221638 188 188 188
v 85.198135 103.345612 21.221638 188 188 188
v 85.198135 103.345612 21.221638 188 188 188
v 85.198135 97.821602 21.221640 188 188 188
v 85.198128 95.108383 15.334557 188 188 188
v 85.198135 97.821602 21.221640 188 188 188
v 85.198135 97.821602 21.221640 188 188 188
v 85.198128 95.108383 15.555420 188 188 188
v 85.198135 97.821602 21.221640 188 188 188
v 85.198135 95.108383 21.221640 188 188 188
v 85.198135 103.345612 21.221638 188 188 188
v 87.200142 103.345612 21.221636 188 188 188
v 87.161804 95.108383 15.334556 188 188 188
v 87.200142 103.345612 21.221636 188 188 188
v 85.198135 103.345612 21.221638 188 188 188
v 86.964134 105.933601 21.221634 188 188 188
v 87.974129 95.695610 21.221638 188 188 188
v 87.200142 103.345612 21.221636 188 188 188
v 87.200142 103.345612 21.221636 188 188 188
v 87.974129 95.695610 21.221638 188 188 188
v 87.200142 95.831604 21.221638 188 188 188
v 87.974129 95.695610 21.221638 188 188 188
v 86.964134 105.933601 21.221634 188 188 188
v 87.974129 95.695610 21.221638 188 188 188
v 87.974129 95.695610 21.221638 188 188 188
v 88.002136 106.489601 21.221634 188 188 188
v 88.002136 106.489601 21.221634 188 188 188
v 89.130142 106.831612 21.221634 188 188 188
v 89.130142 106.831612 21.221634 188 188 188
v 89.130142 106.831612 24.219629 188 188 188
v 96.298119 100.945610 24.219627 188 188 188
v 90.298134 106.947601 24.219629 188 188 188
v 89.130142 106.831612 24.219629 188 188 188
v 96.298119 100.945610 24.219627 188 188 188
v 89.130142 106.831612 24.219629 188 188 188
v 96.298119 100.945610 24.219627 188 188 188
v 90.298134 106.947601 24.219629 188 188 188
v 91.470123 106.831612 24.219629 188 188 188
v 90.298134 106.947601 24.219629 188 188 188
v 90.298134 106.947601 21.221632 188 188 188
v 91.470123 106.831612 24.219629 188 188 188
v 91.470123 106.831612 21.221632 188 188 188
v 90.298134 106.947601 21.221632 188 188 188
v 90.298134 106.947601 21.221632 188 188 188
v 89.860130 102.589607 21.221634 188 188 188
v 89.450134 102.419609 21.221634 188 188 188
v 89.860130 102.589607 21.221634 188 188 188
v 89.860130 102.589607 24.219631 188 188 188
v 90.298134 106.947601 21.221632 188 188 188
v 89.450134 102.419609 21.221634 188 188 188
v 89.098137 102.149605 21.221634 188 188 188
v 89.450134 102.419609 21.221634 188 188 188
v 89.450134 102.419609 24.219631 188 188 188
v 90.298134 106.947601 21.221632 188 188 188
v 89.098137 102.149605 21.221634 188 188 188
v 89.130142 106.831612 21.221634 188 188 188
v 89.130142 106.831612 21.221634 188 188 188
v 89.098137 102.149605 21.221634 188 188 188
v 89.098137 102.149605 21.221634 188 188 188
v 89.098137 102.149605 24.219631 188 188 188
v 88.828133 101.795609 21.221636 188 188 188
v 89.130142 106.831612 21.221634 188 188 188
v 88.828133 101.795609 21.221636 188 188 188
v 88.828133 101.795609 21.221636 188 188 188
v 88.828133 101.795609 24.219631 188 188 188
v 88.656136 101.385605 21.221636 188 188 188
v 89.130142 106.831612 21.221634 188 188 188
v 88.656136 101.385605 21.221636 188 188 188
v 88.656136 101.385605 21.221636 188 188 188
v 88.656136 101.385605 24.219633 188 188 188
v 88.600136 100.945610 21.221636 188 188 188
v 89.860130 102.589607 21.221634 188 188 188
v 91.470123 106.831612 21.221632 188 188 188
v 89.860130 102.589607 21.221634 188 188 188
v 90.298134 102.647598 21.221634 188 188 188
v 90.298134 102.647598 24.219631 188 188 188
v 90.298134 102.647598 21.221634 188 188 188
v 91.470123 106.831612 21.221632 188 188 188
v 90.298134 102.647598 21.221634 188 188 188
v 90.738129 102.589607 21.221634 188 188 188
v 90.738129 102.589607 24.219631 188 188 188
v 92.594124 106.489601 21.221630 188 188 188
v 90.738129 102.589607 21.221634 188 188 188
v 91.470123 106.831612 21.221632 188 188 188
v 91.470123 106.831612 21.221632 188 188 188
v 92.594124 106.489601 21.221630 188 188 188
v 92.594124 106.489601 21.221630 188 188 188
v 92.594124 106.489601 24.219627 188 188 188
v 96.298119 100.945610 24.219627 188 188 188
v 93.632126 105.933601 24.219627 188 188 188
v 92.594124 106.489601 24.219627 188 188 188
v 96.298119 100.945610 24.219627 188 188 188
v 94.542122 105.189606 24.219627 188 188 188
v 93.632126 105.933601 24.219627 188 188 188
v 90.738129 102.589607 21.221634 188 188 188
v 92.594124 106.489601 21.221630 188 188 188
v 90.738129 102.589607 21.221634 188 188 188
v 91.148125 102.419609 21.221634 188 188 188
v 91.148125 102.419609 24.219631 188 188 188
v 91.148125 102.419609 24.219631 188 188 188
v 91.148125 102.419609 21.221634 188 188 188
v 91.148125 102.419609 21.221634 188 188 188
v 91.502129 102.149605 24.219631 188 188 188
v 91.502129 102.149605 21.221634 188 188 188
v 91.502129 102.149605 24.219631 188 188 188
v 91.502129 102.149605 24.219631 188 188 188
v 91.772125 101.795609 24.219631 188 188 188
v 96.298119 100.945610 24.219627 188 188 188
v 91.772125 101.795609 24.219631 188 188 188
v 96.298119 100.945610 24.219627 188 188 188
v 91.942123 101.385605 24.219631 188 188 188
v 91.772125 101.795609 24.219631 188 188 188
v 91.942123 101.385605 24.219631 188 188 188
v 91.772125 101.795609 21.221634 188 188 188
v 91.942123 101.385605 21.221634 188 188 188
v 91.772125 101.795609 21.221634 188 188 188
v 92.594124 106.489601 21.221630 188 188 188
v 91.942123 101.385605 21.221634 188 188 188
v 91.502129 102.149605 21.221634 188 188 188
v 92.594124 106.489601 21.221630 188 188 188
v 91.772125 101.795609 21.221634 188 188 188
v 91.772125 101.795609 24.219631 188 188 188
v 91.502129 102.149605 21.221634 188 188 188
v 91.772125 101.795609 21.221634 188 188 188
v 91.148125 102.419609 21.221634 188 188 188
v 92.594124 106.489601 21.221630 188 188 188
v 91.502129 102.149605 21.221634 188 188 188
v 92.594124 106.489601 24.219627 188 188 188
v 91.470123 106.831612 21.221632 188 188 188
v 91.470123 106.831612 24.219629 188 188 188
v 96.298119 100.945610 24.219627 188 188 188
v 92.594124 106.489601 24.219627 188 188 188
v 91.470123 106.831612 24.219629 188 188 188
v 89.130142 106.831612 21.221634 188 188 188
v 90.298134 106.947601 24.219629 188 188 188
v 90.298134 106.947601 21.221632 188 188 188
v 89.130142 106.831612 24.219629 188 188 188
v 88.002136 106.489601 21.221634 188 188 188
v 88.002136 106.489601 24.219631 188 188 188
v 87.974129 95.695610 21.221638 188 188 188
v 89.130142 106.831612 21.221634 188 188 188
v 88.600136 100.945610 21.221636 188 188 188
v 87.974129 95.695610 21.221638 188 188 188
v 88.600136 100.945610 21.221636 188 188 188
v 88.600136 100.945610 21.221636 188 188 188
v 88.600136 100.945610 24.219633 188 188 188
v 88.656136 100.507607 21.221636 188 188 188
v 87.974129 95.695610 21.221638 188 188 188
v 88.656136 100.507607 21.221636 188 188 188
v 88.656136 100.507607 21.221636 188 188 188
v 88.656136 100.507607 24.219633 188 188 188
v 88.828133 100.097610 21.221636 188 188 188
v 87.974129 95.695610 21.221638 188 188 188
v 88.828133 100.097610 21.221636 188 188 188
v 88.828133 100.097610 21.221636 188 188 188
v 88.828133 100.097610 24.219633 188 188 188
v 89.098137 99.745605 21.221636 188 188 188
v 87.974129 95.695610 21.221638 188 188 188
v 89.098137 99.745605 21.221636 188 188 188
v 89.098137 99.745605 21.221636 188 188 188
v 89.098137 99.745605 24.219633 188 188 188
v 89.450134 99.475601 21.221636 188 188 188
v 87.974129 95.695610 21.221638 188 188 188
v 89.450134 99.475601 21.221636 188 188 188
v 89.450134 99.475601 21.221636 188 188 188
v 89.450134 99.475601 24.219633 188 188 188
v 89.860130 99.303604 21.221636 188 188 188
v 86.964134 105.933601 21.221634 188 188 188
v 88.002136 106.489601 24.219631 188 188 188
v 88.002136 106.489601 21.221634 188 188 188
v 88.002136 106.489601 24.219631 188 188 188
v 86.964134 105.933601 21.221634 188 188 188
v 86.964134 105.933601 24.219631 188 188 188
v 86.964134 105.933601 21.221634 188 188 188
v 85.198135 103.345612 21.221638 188 188 188
v 86.056129 105.189606 21.221636 188 188 188
v 87.200134 95.108383 15.334556 188 188 188
v 87.200142 103.345612 21.221636 188 188 188
v 87.200142 95.831604 21.221638 188 188 188
v 87.200134 95.108383 15.334556 188 188 188
v 87.200142 95.831604 21.221638 188 188 188
v 87.200142 95.831604 21.221638 188 188 188
v 87.200134 95.108383 16.311291 188 188 188
v 85.198135 103.345612 21.221638 188 188 188
v 87.161804 95.108383 15.334556 188 188 188
v 85.198128 95.108383 15.334557 188 188 188
v 84.350380 95.108383 21.221640 188 188 188
v 85.068138 100.071609 21.221638 188 188 188
v 85.198135 97.821602 21.221640 188 188 188
v 84.350380 95.108383 21.221640 188 188 188
v 84.324242 95.108383 21.221640 188 188 188
v 85.068138 100.071609 21.221638 188 188 188
v 84.300140 95.108383 21.221640 188 188 188
v 84.300140 95.108383 21.302004 188 188 188
v 84.300140 100.945610 21.221638 188 188 188
v 86.056129 100.945610 24.219635 188 188 188
v 84.414146 102.117607 24.219635 188 188 188
v 84.300140 100.945610 24.219635 188 188 188
v 84.756142 100.945610 21.221638 188 188 188
v 84.300140 100.945610 21.221638 188 188 188
v 84.414146 102.117607 21.221638 188 188 188
v 86.056129 100.945610 24.219635 188 188 188
v 84.756142 103.241608 24.219635 188 188 188
v 84.414146 102.117607 24.219635 188 188 188
v 84.756142 100.945610 21.221638 188 188 188
v 84.414146 102.117607 21.221638 188 188 188
v 84.756142 103.241608 21.221638 188 188 188
v 86.056129 100.945610 24.219635 188 188 188
v 85.310135 104.279610 24.219633 188 188 188
v 84.756142 103.241608 24.219635 188 188 188
v 84.756142 103.241608 21.221638 188 188 188
v 85.310135 104.279610 21.221636 188 188 188
v 85.198135 103.345612 21.221638 188 188 188
v 86.056129 100.945610 24.219635 188 188 188
v 86.056129 105.189606 24.219633 188 188 188
v 85.310135 104.279610 24.219633 188 188 188
v 86.056129 105.189606 21.221636 188 188 188
v 85.198135 103.345612 21.221638 188 188 188
v 85.310135 104.279610 21.221636 188 188 188
v 86.056129 105.189606 21.221636 188 188 188
v 86.964134 105.933601 24.219631 188 188 188
v 86.964134 105.933601 21.221634 188 188 188
v 96.298119 100.945610 24.219627 188 188 188
v 88.002136 106.489601 24.219631 188 188 188
v 86.964134 105.933601 24.219631 188 188 188
v 91.148125 102.419609 24.219631 188 188 188
v 91.502129 102.149605 24.219631 188 188 188
v 96.298119 100.945610 24.219627 188 188 188
v 91.148125 102.419609 24.219631 188 188 188
v 90.738129 102.589607 24.219631 188 188 188
v 90.738129 102.589607 21.221634 188 188 188
v 90.738129 102.589607 24.219631 188 188 188
v 90.298134 102.647598 24.219631 188 188 188
v 90.298134 102.647598 21.221634 188 188 188
v 90.298134 102.647598 24.219631 188 188 188
v 89.860130 102.589607 24.219631 188 188 188
v 89.860130 102.589607 21.221634 188 188 188
v 89.860130 102.589607 24.219631 188 188 188
v 89.450134 102.419609 24.219631 188 188 188
v 89.450134 102.419609 21.221634 188 188 188
v 89.450134 102.419609 24.219631 188 188 188
v 89.098137 102.149605 24.219631 188 188 188
v 89.098137 102.149605 21.221634 188 188 188
v 88.828133 101.795609 24.219631 188 188 188
v 88.828133 101.795609 21.221636 188 188 188
v 89.098137 102.149605 24.219631 188 188 188
v 88.656136 101.385605 24.219633 188 188 188
v 88.656136 101.385605 21.221636 188 188 188
v 88.828133 101.795609 24.219631 188 188 188
v 86.056129 105.189606 24.219633 188 188 188
v 86.056129 100.945610 24.219635 188 188 188
v 86.934135 96.265610 24.219635 188 188 188
v 88.600136 100.945610 24.219633 188 188 188
v 88.600136 100.945610 21.221636 188 188 188
v 88.656136 101.385605 24.219633 188 188 188
v 88.656136 100.507607 24.219633 188 188 188
v 88.656136 100.507607 21.221636 188 188 188
v 88.600136 100.945610 24.219633 188 188 188
v 88.828133 100.097610 24.219633 188 188 188
v 88.828133 100.097610 21.221636 188 188 188
v 88.656136 100.507607 24.219633 188 188 188
v 89.098137 99.745605 24.219633 188 188 188
v 89.098137 99.745605 21.221636 188 188 188
v 88.828133 100.097610 24.219633 188 188 188
v 89.450134 99.475601 24.219633 188 188 188
v 89.450134 99.475601 21.221636 188 188 188
v 89.098137 99.745605 24.219633 188 188 188
v 89.860130 99.303604 24.219633 188 188 188
v 89.860130 99.303604 21.221636 188 188 188
v 89.450134 99.475601 24.219633 188 188 188
v 89.860130 99.303604 21.221636 188 188 188
v 89.860130 99.303604 24.219633 188 188 188
v 90.298134 99.247604 21.221636 188 188 188
v 90.298134 99.247604 21.221636 188 188 188
v 87.974129 95.695610 21.221638 188 188 188
v 89.860130 99.303604 21.221636 188 188 188
v 90.738129 99.303604 24.219631 188 188 188
v 90.738129 99.303604 21.221634 188 188 188
v 90.298134 99.247604 24.219631 188 188 188
v 91.148125 99.475601 21.221634 188 188 188
v 91.148125 99.475601 24.219631 188 188 188
v 91.502129 99.745605 21.221634 188 188 188
v 91.502129 99.745605 24.219631 188 188 188
v 91.502129 99.745605 21.221634 188 188 188
v 91.148125 99.475601 24.219631 188 188 188
v 91.772125 100.097610 21.221634 188 188 188
v 91.502129 99.745605 24.219631 188 188 188
v 91.772125 100.097610 24.219631 188 188 188
v 91.942123 100.507607 21.221634 188 188 188
v 91.772125 100.097610 24.219631 188 188 188
v 91.942123 100.507607 24.219631 188 188 188
v 91.942123 101.385605 24.219631 188 188 188
v 92.000122 100.945610 24.219631 188 188 188
v 96.298119 100.945610 24.219627 188 188 188
v 91.942123 101.385605 21.221634 188 188 188
v 92.000122 100.945610 24.219631 188 188 188
v 91.942123 101.385605 24.219631 188 188 188
v 92.594124 100.169609 21.221634 188 188 188
v 91.942123 101.385605 21.221634 188 188 188
v 92.594124 106.489601 21.221630 188 188 188
v 91.942123 100.507607 24.219631 188 188 188
v 92.000122 100.945610 21.221634 188 188 188
v 91.942123 100.507607 21.221634 188 188 188
v 91.772125 100.097610 24.219631 188 188 188
v 91.942123 100.507607 21.221634 188 188 188
v 91.772125 100.097610 21.221634 188 188 188
v 91.502129 99.745605 24.219631 188 188 188
v 91.772125 100.097610 21.221634 188 188 188
v 91.502129 99.745605 21.221634 188 188 188
v 91.502129 99.745605 21.221634 188 188 188
v 87.974129 95.695610 21.221638 188 188 188
v 91.148125 99.475601 21.221634 188 188 188
v 87.974129 95.695610 21.221638 188 188 188
v 92.232246 95.108383 21.221636 188 188 188
v 87.366508 95.108383 21.221638 188 188 188
v 87.200142 95.108383 21.221638 188 188 188
v 87.200142 95.831604 21.221638 188 188 188
v 87.366508 95.108383 21.221638 188 188 188
v 86.056129 100.945610 24.219635 188 188 188
v 84.621460 95.108383 24.219637 188 188 188
v 86.934135 96.265610 24.219635 188 188 188
v 96.298119 100.945610 24.219627 188 188 188
v 90.738129 99.303604 24.219631 188 188 188
v 86.934135 96.265610 24.219635 188 188 188
v 96.298119 95.108383 24.219629 188 188 188
v 96.298119 100.945610 24.219627 188 188 188
v 96.298119 100.945610 24.219627 188 188 188
v 96.298119 100.945610 21.221630 188 188 188
v 96.184128 102.117607 21.221630 188 188 188
v 96.298119 100.945610 24.219627 188 188 188
v 96.298119 100.945610 24.219627 188 188 188
v 96.184128 102.117607 24.219627 188 188 188
v 95.842125 103.241608 24.219627 188 188 188
v 96.184128 102.117607 24.219627 188 188 188
v 96.184128 102.117607 21.221630 188 188 188
v 95.842125 103.241608 21.221630 188 188 188
v 95.842125 103.241608 21.221630 188 188 188
v 96.184128 102.117607 21.221630 188 188 188
v 95.842125 103.241608 21.221630 188 188 188
v 96.064125 99.383606 21.221632 188 188 188
v 96.064125 99.383606 21.221632 188 188 188
v 95.616127 100.945610 21.221630 188 188 188
v 95.842125 100.945610 21.221630 188 188 188
v 96.298119 100.945610 21.221630 188 188 188
v 96.064125 99.383606 21.221632 188 188 188
v 96.184128 102.117607 21.221630 188 188 188
v 96.064125 99.383606 21.221632 188 188 188
v 96.298119 100.945610 21.221630 188 188 188
v 96.064125 99.383606 21.221632 188 188 188
v 96.289635 95.108383 21.221632 188 188 188
v 96.064125 99.383606 21.221632 188 188 188
v 95.424194 95.108383 21.221634 188 188 188
v 95.400124 97.821602 21.221632 188 188 188
v 95.400124 97.821602 21.221632 188 188 188
v 95.424194 95.108383 21.221634 188 188 188
v 95.400124 97.821602 21.221632 188 188 188
v 95.400124 95.108383 21.221634 188 188 188
v 96.298119 100.945610 21.221630 188 188 188
v 96.298119 100.945610 21.221630 188 188 188
v 96.298119 95.108383 21.221632 188 188 188
v 96.289635 95.108383 21.221632 188 188 188
v 96.298119 100.945610 21.221630 188 188 188
v 96.298119 95.108383 24.219629 188 188 188
v 96.298119 95.108383 24.139265 188 188 188
v 95.400116 95.108383 15.555413 188 188 188
v 95.400116 95.108383 15.334550 188 188 188
v 95.400124 97.821602 21.221632 188 188 188
v 96.064125 99.383606 21.221632 188 188 188
v 95.400124 97.821602 21.221632 188 188 188
v 95.616127 100.945610 21.221630 188 188 188
v 95.842125 100.945610 21.221630 188 188 188
v 95.616127 100.945610 21.221630 188 188 188
v 95.842125 103.241608 21.221630 188 188 188
v 95.842125 103.241608 21.221630 188 188 188
v 95.842125 103.241608 24.219627 188 188 188
v 96.184128 102.117607 24.219627 188 188 188
v 96.298119 100.945610 24.219627 188 188 188
v 95.842125 103.241608 24.219627 188 188 188
v 95.286125 104.279610 24.219627 188 188 188
v 96.298119 100.945610 24.219627 188 188 188
v 95.286125 104.279610 24.219627 188 188 188
v 94.542122 105.189606 24.219627 188 188 188
v 94.542122 105.189606 24.219627 188 188 188
v 93.632126 105.933601 21.221630 188 188 188
v 93.632126 105.933601 24.219627 188 188 188
v 95.286125 104.279610 21.221630 188 188 188
v 93.398125 103.345612 21.221632 188 188 188
v 94.542122 105.189606 21.221630 188 188 188
v 92.594124 106.489601 21.221630 188 188 188
v 93.632126 105.933601 24.219627 188 188 188
v 93.632126 105.933601 21.221630 188 188 188
v 92.594124 106.489601 21.221630 188 188 188
v 93.398125 95.831604 21.221634 188 188 188
v 92.594124 100.169609 21.221634 188 188 188
v 93.398125 95.831604 21.221634 188 188 188
v 93.398117 95.108383 15.334551 188 188 188
v 93.398117 95.108383 16.311287 188 188 188
v 93.398125 103.345612 21.221632 188 188 188
v 95.400124 103.345612 21.221630 188 188 188
v 95.361794 95.108383 15.334550 188 188 188

f 14283 14174 14167
f 14295 14296 14287
f 14297 14279 14298
f 14299 14282 14300
f 14286 14301 14302
f 14303 14235 14304
f 14305 14306 14236
f 14307 14239 14308
f 14309 14310 14237
f 14311 14240 14312
f 14313 14314 14241
f 14315 14316 14317
f 14318 14319 14274
f 14320 14321 14292
f 14322 14170 14323
f 14324 14325 14326
f 14175 14203 14181
f 14327 14199 14328
f 14329 14171 14330
f 14192 14331 14169
f 14332 14333 14182
f 14246 14334 14335
f 14336 14337 14288
f 14338 14339 14245
f 14340 14341 14291
f 14342 14343 14289
f 14344 14345 14290
f 14285 14346 14347
f 14233 14348 14349
f 14350 14232 14351
f 14352 14353 14354
f 14355 14356 14230
f 14357 14358 14220
f 14359 14360 14221
f 14361 14362 14222
f 14363 14247 14364
f 14278 14365 14366
f 14367 14368 14369
f 14370 14371 14277
f 14372 14219 14373
f 14374 14375 14218
f 14376 14377 14378
f 14379 14380 14381
f 14382 14217 14383
f 14384 14216 14385
f 14386 14215 14387
f 14388 14214 14389
f 14390 14209 14391
f 14392 14393 14207
f 14200 14394 14395
f 14396 14397 14205
f 14398 14399 14206
f 14400 14401 14208
f 14402 14403 14210
f 14404 14405 14211
f 14406 14407 14212
f 14408 14409 14213
f 14410 14411 14412
f 14413 14204 14414
f 14415 14258 14416
f 14417 14257 14418
f 14201 14419 14420
f 14421 14256 14422
f 14202 14423 14424
f 14425 14252 14426
f 14197 14427 14428
f 14429 14251 14430
f 14198 14431 14432
f 14433 14434 14186
f 14435 14436 14193
f 14437 14438 14172
f 14439 14440 14196
f 14441 14442 14443
f 14168 14444 14189
f 14261 14445 14446
f 14447 14448 14250
f 14449 14450 14451
f 14452 14254 14453
f 14260 14454 14455
f 14456 14190 14457
f 14458 14191 14459
f 14460 14461 14188
f 14462 14463 14187
f 14253 14194 14184
f 14464 14465 14466
f 14467 14468 14255
f 14469 14470 14471
f 14472 14473 14272
f 14474 14475 14185
f 14476 14259 14477
f 14266 14478 14479
f 14480 14224 14481
f 14225 14482 14483
f 14484 14485 14486
f 14487 14488 14223
f 14489 14226 14490
f 14491 14264 14492
f 14493 14494 14243
f 14495 14262 14496
f 14265 14497 14498
f 14499 14500 14501
f 14263 14502 14503
f 14504 14505 14506
f 14507 14508 14509
f 14269 14510 14511
f 14512 14513 14514
f 14268 14515 14516
f 14517 14518 14519
f 14270 14520 14521
f 14522 14523 14524
f 14525 14526 14242
f 14527 14528 14529
f 14530 14531 14244
f 14532 14533 14534
f 14535 14536 14537
f 14538 14227 14539
f 14234 14540 14541
f 14542 14543 14544
f 14545 14546 14547
f 14548 14549 14280
f 14550 14551 14552
f 14228 14553 14554
f 14555 14281 14556
f 14557 14229 14558
f 14559 14560 14561
f 14562 14231 14563
f 14284 14564 14565
f 14566 14567 14568
f 14569 14570 14571
f 14572 14573 14574
f 14575 14576 14577
f 14578 14579 14580
f 14581 14582 14583
f 14584 14585 14586
f 14587 14588 14589
f 14590 14591 14592
f 14593 14594 14595
f 14271 14596 14597
f 14598 14599 14600
f 14249 14601 14602
f 14603 14604 14605
f 14248 14606 14607
f 14608 14609 14610
f 14267 14611 14612
f 14613 14614 14615
f 14276 14616 14617
f 14618 14619 14620
f 14621 14622 14623
f 14624 14625 14626
f 14627 14628 14629
f 14630 14631 14632
f 14183 14633 14634
f 14635 14195 14636
f 14637 14638 14639
f 14640 14641 14642
f 14643 14644 14645
f 14646 14647 14648
f 14649 14650 14651
f 14652 14653 14654
f 14655 14656 14657
f 14658 14659 14660
f 14661 14662 14663
f 14664 14665 14666
f 14667 14668 14669
f 14670 14671 14672
f 14673 14674 14675
f 14676 14677 14678
f 14679 14680 14681
f 14682 14683 14684
f 14685 14686 14687
f 14688 14689 14690
f 14691 14692 14693
f 14694 14695 14696
f 14697 14698 14699
f 14700 14701 14702
f 14703 14704 14705
f 14706 14707 14708
f 14709 14710 14711
f 14712 14713 14714
f 14715 14716 14717
f 14718 14719 14720
f 14721 14722 14723
f 14724 14725 14726
f 14727 14728 14729
f 14730 14731 14732
f 14733 14734 14735
f 14736 14737 14738
f 14739 14740 14741
f 14742 14743 14744
f 14745 14746 14747
f 14748 14749 14750
f 14751 14752 14753
f 14754 14755 14756
f 14757 14758 14759
f 14760 14761 14762
f 14763 14764 14765
f 14766 14767 14768
f 14769 14770 14771
f 14772 14773 14774
f 14775 14776 14777
f 14778 14294 14779
f 14780 14781 14293
f 14782 14238 14783
f 14784 14785 14786
f 14787 14788 14789
f 14790 14791 14273
f 14792 14793 14275
f 14794 14795 14796
f 14797 14798 14799
f 14800 14801 14179
f 14802 14803 14178
f 14804 14805 14806
f 14177 14807 14808
f 14809 14810 14176
f 14180 14811 14173
f 14812 14813 14814
f 14815 14816 14817
f 14818 14819 14820
f 14821 14822 14823
f 14824 14825 14826
f 14827 14828 14829
f 14830 14831 14832
f 14833 14834 14835
f 14836 14837 14838
f 14839 14840 14841
f 14842 14843 14844
f 14845 14846 14847
f 14848 14849 14850
f 14851 14852 14853

usemtl Green_0
f 14170 14177 14174
f 14181 14174 14177
f 14181 14177 14175
f 14171 14188 14181
f 14181 14188 14195
f 14181 14195 14185
f 14181 14185 14182
f 14181 14182 14192
f 14181 14192 14169
f 14181 14169 14167
f 14187 14171 14172
f 14189 14187 14172
f 14168 14189 14172
f 14172 14186 14168
f 14195 14191 14190
f 14195 14190 14184
f 14183 14195 14184
f 14194 14183 14184
f 14193 14186 14172
f 14195 14188 14191
f 14187 14188 14171
f 14175 14178 14179
f 14180 14175 14179
f 14173 14175 14180
f 14175 14177 14178
f 14176 14177 14170
f 14167 14174 14181


o Object.6
v 24.100006 95.108383 24.219645 188 188 188
v 35.200005 95.108383 15.334551 188 188 188
v 36.098003 95.108383 21.221640 188 188 188
v 36.098007 95.108383 24.219639 188 188 188
v 24.124107 95.108383 21.221643 188 188 188
v 24.998005 95.108383 15.555419 188 188 188
v 34.955696 95.108383 24.219639 188 188 188
v 35.200005 95.108383 15.555414 188 188 188
v 35.161674 95.108383 15.334551 188 188 188
v 24.998005 95.108383 15.334556 188 188 188
v 24.998009 95.108383 21.221643 188 188 188
v 32.032124 95.108383 21.221642 188 188 188
v 27.000004 95.108383 15.334555 188 188 188
v 24.421326 95.108383 24.219645 188 188 188
v 33.198002 95.108383 15.334552 188 188 188
v 24.150242 95.108383 21.221643 188 188 188
v 35.200005 95.108383 21.221640 188 188 188
v 24.147079 95.108383 24.219645 188 188 188
v 33.198002 95.108383 16.311287 188 188 188
v 27.000008 95.108383 21.221643 188 188 188
v 36.093628 95.108383 21.221640 188 188 188
v 24.100006 95.108383 21.302008 188 188 188
v 24.100006 95.108383 21.221643 188 188 188
v 26.961674 95.108383 15.334555 188 188 188
v 27.000004 95.108383 16.311291 188 188 188
v 27.166382 95.108383 21.221643 188 188 188
v 33.198006 95.108383 21.221640 188 188 188
v 35.224098 95.108383 21.221640 188 188 188
v 36.098007 95.108383 24.139275 188 188 188
v 25.856007 100.945610 24.219641 188 188 188
v 24.214008 102.117607 24.219641 188 188 188
v 24.100006 100.945610 24.219643 188 188 188
v 25.856007 105.189606 24.219639 188 188 188
v 26.734009 96.265610 24.219643 188 188 188
v 36.098007 100.945610 24.219637 188 188 188
v 25.110008 104.279610 24.219641 188 188 188
v 24.556007 103.241608 24.219641 188 188 188
v 26.766006 105.933601 24.219639 188 188 188
v 28.628008 101.795609 24.219639 188 188 188
v 28.896008 102.149605 24.219639 188 188 188
v 28.456009 101.385605 24.219639 188 188 188
v 29.250008 102.419609 24.219639 188 188 188
v 28.398010 100.945610 24.219641 188 188 188
v 29.660009 102.589607 24.219639 188 188 188
v 30.098009 102.647598 24.219639 188 188 188
v 30.538008 102.589607 24.219639 188 188 188
v 30.948009 102.419609 24.219639 188 188 188
v 28.456009 100.507607 24.219641 188 188 188
v 28.628008 100.097610 24.219641 188 188 188
v 28.896006 99.745605 24.219641 188 188 188
v 29.250006 99.475601 24.219641 188 188 188
v 29.660007 99.303604 24.219641 188 188 188
v 30.098007 99.247604 24.219641 188 188 188
v 31.302006 99.745605 24.219639 188 188 188
v 30.948008 99.475601 24.219639 188 188 188
v 30.538006 99.303604 24.219639 188 188 188
v 27.802010 106.489601 24.219639 188 188 188
v 28.930008 106.831612 24.219637 188 188 188
v 30.098009 106.947601 24.219637 188 188 188
v 31.270010 106.831612 24.219637 188 188 188
v 32.394009 106.489601 24.219637 188 188 188
v 31.302008 102.149605 24.219639 188 188 188
v 31.572008 101.795609 24.219639 188 188 188
v 31.572008 100.097610 24.219639 188 188 188
v 31.742010 101.385605 24.219639 188 188 188
v 31.742010 100.507607 24.219639 188 188 188
v 31.800011 100.945610 24.219639 188 188 188
v 33.432007 105.933601 24.219635 188 188 188
v 34.342007 105.189606 24.219635 188 188 188
v 35.086006 104.279610 24.219635 188 188 188
v 35.642006 103.241608 24.219637 188 188 188
v 35.984009 102.117607 24.219637 188 188 188
v 36.098007 100.945610 21.221638 188 188 188
v 35.086006 104.279610 21.221636 188 188 188
v 35.642006 103.241608 21.221636 188 188 188
v 35.200005 103.345612 21.221636 188 188 188
v 30.098007 102.647598 21.221640 188 188 188
v 31.270008 106.831612 21.221638 188 188 188
v 30.538006 102.589607 21.221638 188 188 188
v 31.302004 99.745605 21.221640 188 188 188
v 27.774010 95.695610 21.221642 188 188 188
v 30.948006 99.475601 21.221640 188 188 188
v 28.896004 99.745605 21.221642 188 188 188
v 28.628006 100.097610 21.221642 188 188 188
v 24.556007 100.945610 21.221642 188 188 188
v 24.100006 100.945610 21.221642 188 188 188
v 24.214008 102.117607 21.221642 188 188 188
v 27.000008 103.345612 21.221640 188 188 188
v 24.998009 103.345612 21.221642 188 188 188
v 26.766006 105.933601 21.221640 188 188 188
v 25.856007 105.189606 21.221640 188 188 188
v 25.110008 104.279610 21.221640 188 188 188
v 24.556007 103.241608 21.221642 188 188 188
v 27.802010 106.489601 21.221638 188 188 188
v 24.998009 97.821602 21.221643 188 188 188
v 24.868008 100.071609 21.221642 188 188 188
v 29.660007 102.589607 21.221640 188 188 188
v 28.896006 102.149605 21.221640 188 188 188
v 30.098007 106.947601 21.221638 188 188 188
v 29.250006 102.419609 21.221640 188 188 188
v 28.930006 106.831612 21.221638 188 188 188
v 29.250004 99.475601 21.221640 188 188 188
v 28.456007 101.385605 21.221640 188 188 188
v 28.628006 101.795609 21.221640 188 188 188
v 28.398008 100.945610 21.221640 188 188 188
v 28.456007 100.507607 21.221640 188 188 188
v 27.000008 95.831604 21.221643 188 188 188
v 35.960007 100.019608 21.221638 188 188 188
v 35.416008 100.945610 21.221638 188 188 188
v 35.642006 100.945610 21.221638 188 188 188
v 29.660006 99.303604 21.221640 188 188 188
v 30.098005 99.247604 21.221640 188 188 188
v 30.538004 99.303604 21.221640 188 188 188
v 32.394005 106.489601 21.221636 188 188 188
v 30.948008 102.419609 21.221638 188 188 188
v 31.302006 102.149605 21.221638 188 188 188
v 33.432007 105.933601 21.221636 188 188 188
v 33.198006 103.345612 21.221638 188 188 188
v 31.572006 101.795609 21.221638 188 188 188
v 31.742008 101.385605 21.221638 188 188 188
v 34.342003 105.189606 21.221636 188 188 188
v 33.198006 95.831604 21.221640 188 188 188
v 32.394005 100.169609 21.221640 188 188 188
v 31.742008 100.507607 21.221640 188 188 188
v 31.800009 100.945610 21.221640 188 188 188
v 31.572006 100.097610 21.221640 188 188 188
v 35.984005 102.117607 21.221636 188 188 188
v 35.200005 97.821602 21.221638 188 188 188

v 24.100006 100.945610 24.219643 188 188 188
v 24.147079 95.108383 24.219645 188 188 188
v 25.856007 100.945610 24.219641 188 188 188
v 25.856007 100.945610 24.219641 188 188 188
v 24.100006 100.945610 24.219643 188 188 188
v 24.100006 100.945610 24.219643 188 188 188
v 24.214008 102.117607 24.219641 188 188 188
v 24.100006 100.945610 21.221642 188 188 188
v 24.214008 102.117607 24.219641 188 188 188
v 24.214008 102.117607 24.219641 188 188 188
v 24.214008 102.117607 21.221642 188 188 188
v 24.214008 102.117607 21.221642 188 188 188
v 24.556007 103.241608 24.219641 188 188 188
v 24.556007 103.241608 24.219641 188 188 188
v 24.556007 103.241608 21.221642 188 188 188
v 24.556007 103.241608 21.221642 188 188 188
v 25.110008 104.279610 24.219641 188 188 188
v 25.110008 104.279610 24.219641 188 188 188
v 25.110008 104.279610 21.221640 188 188 188
v 25.110008 104.279610 21.221640 188 188 188
v 25.856007 105.189606 24.219639 188 188 188
v 25.856007 105.189606 21.221640 188 188 188
v 25.856007 105.189606 24.219639 188 188 188
v 26.766006 105.933601 24.219639 188 188 188
v 25.856007 105.189606 24.219639 188 188 188
v 25.856007 105.189606 24.219639 188 188 188
v 36.098007 100.945610 24.219637 188 188 188
v 30.948009 102.419609 24.219639 188 188 188
v 36.098007 100.945610 24.219637 188 188 188
v 31.302008 102.149605 24.219639 188 188 188
v 36.098007 100.945610 24.219637 188 188 188
v 31.572008 101.795609 24.219639 188 188 188
v 36.098007 100.945610 24.219637 188 188 188
v 31.742010 101.385605 24.219639 188 188 188
v 36.098007 100.945610 24.219637 188 188 188
v 36.098007 100.945610 24.219637 188 188 188
v 31.800011 100.945610 24.219639 188 188 188
v 36.098007 100.945610 24.219637 188 188 188
v 31.742010 100.507607 24.219639 188 188 188
v 36.098007 100.945610 24.219637 188 188 188
v 31.572008 100.097610 24.219639 188 188 188
v 36.098007 100.945610 24.219637 188 188 188
v 31.302006 99.745605 24.219639 188 188 188
v 36.098007 100.945610 24.219637 188 188 188
v 30.948008 99.475601 24.219639 188 188 188
v 36.098007 100.945610 24.219637 188 188 188
v 30.538006 99.303604 24.219639 188 188 188
v 36.098007 100.945610 24.219637 188 188 188
v 26.734009 96.265610 24.219643 188 188 188
v 34.955696 95.108383 24.219639 188 188 188
v 26.734009 96.265610 24.219643 188 188 188
v 24.421326 95.108383 24.219645 188 188 188
v 36.098007 100.945610 21.221638 188 188 188
v 36.093628 95.108383 21.221640 188 188 188
v 36.098007 100.945610 21.221638 188 188 188
v 35.960007 100.019608 21.221638 188 188 188
v 36.098007 100.945610 24.219637 188 188 188
v 36.098007 100.945610 21.221638 188 188 188
v 35.984005 102.117607 21.221636 188 188 188
v 35.984005 102.117607 21.221636 188 188 188
v 36.098007 100.945610 24.219637 188 188 188
v 36.098007 100.945610 24.219637 188 188 188
v 35.984009 102.117607 24.219637 188 188 188
v 36.098007 100.945610 24.219637 188 188 188
v 35.642006 103.241608 24.219637 188 188 188
v 36.098007 100.945610 24.219637 188 188 188
v 35.086006 104.279610 24.219635 188 188 188
v 36.098007 100.945610 24.219637 188 188 188
v 34.342007 105.189606 24.219635 188 188 188
v 36.098007 100.945610 24.219637 188 188 188
v 33.432007 105.933601 24.219635 188 188 188
v 36.098007 100.945610 24.219637 188 188 188
v 32.394009 106.489601 24.219637 188 188 188
v 36.098007 100.945610 24.219637 188 188 188
v 31.270010 106.831612 24.219637 188 188 188
v 36.098007 100.945610 24.219637 188 188 188
v 30.098009 106.947601 24.219637 188 188 188
v 36.098007 100.945610 24.219637 188 188 188
v 28.930008 106.831612 24.219637 188 188 188
v 28.930008 106.831612 24.219637 188 188 188
v 27.802010 106.489601 24.219639 188 188 188
v 27.802010 106.489601 24.219639 188 188 188
v 27.802010 106.489601 21.221638 188 188 188
v 26.766006 105.933601 21.221640 188 188 188
v 27.802010 106.489601 21.221638 188 188 188
v 26.766006 105.933601 21.221640 188 188 188
v 27.774010 95.695610 21.221642 188 188 188
v 27.000008 103.345612 21.221640 188 188 188
v 26.766006 105.933601 21.221640 188 188 188
v 26.766006 105.933601 21.221640 188 188 188
v 24.998009 103.345612 21.221642 188 188 188
v 25.856007 105.189606 21.221640 188 188 188
v 24.998009 103.345612 21.221642 188 188 188
v 27.000008 103.345612 21.221640 188 188 188
v 24.998009 103.345612 21.221642 188 188 188
v 26.961674 95.108383 15.334555 188 188 188
v 24.998009 103.345612 21.221642 188 188 188
v 24.998005 95.108383 15.334556 188 188 188
v 24.998009 97.821602 21.221643 188 188 188
v 24.998009 103.345612 21.221642 188 188 188
v 24.556007 103.241608 21.221642 188 188 188
v 24.998009 103.345612 21.221642 188 188 188
v 24.868008 100.071609 21.221642 188 188 188
v 24.556007 103.241608 21.221642 188 188 188
v 24.868008 100.071609 21.221642 188 188 188
v 24.868008 100.071609 21.221642 188 188 188
v 24.100006 100.945610 21.221642 188 188 188
v 24.556007 100.945610 21.221642 188 188 188
v 24.100006 100.945610 21.221642 188 188 188
v 24.868008 100.071609 21.221642 188 188 188
v 24.868008 100.071609 21.221642 188 188 188
v 24.998009 97.821602 21.221643 188 188 188
v 24.150242 95.108383 21.221643 188 188 188
v 24.998009 97.821602 21.221643 188 188 188
v 24.998009 95.108383 21.221643 188 188 188
v 24.998009 97.821602 21.221643 188 188 188
v 24.998005 95.108383 15.334556 188 188 188
v 24.998005 95.108383 15.555419 188 188 188
v 24.998009 97.821602 21.221643 188 188 188
v 27.000008 95.831604 21.221643 188 188 188
v 27.000004 95.108383 15.334555 188 188 188
v 27.000008 103.345612 21.221640 188 188 188
v 27.000004 95.108383 16.311291 188 188 188
v 27.000008 95.831604 21.221643 188 188 188
v 27.000008 103.345612 21.221640 188 188 188
v 27.000004 95.108383 15.334555 188 188 188
v 26.961674 95.108383 15.334555 188 188 188
v 27.000008 103.345612 21.221640 188 188 188
v 27.774010 95.695610 21.221642 188 188 188
v 27.000008 95.831604 21.221643 188 188 188
v 27.774010 95.695610 21.221642 188 188 188
v 27.000008 95.831604 21.221643 188 188 188
v 27.774010 95.695610 21.221642 188 188 188
v 27.802010 106.489601 21.221638 188 188 188
v 27.774010 95.695610 21.221642 188 188 188
v 28.930006 106.831612 21.221638 188 188 188
v 27.774010 95.695610 21.221642 188 188 188
v 28.398008 100.945610 21.221640 188 188 188
v 28.398008 100.945610 21.221640 188 188 188
v 28.456007 100.507607 21.221640 188 188 188
v 28.456007 100.507607 21.221640 188 188 188
v 28.398010 100.945610 24.219641 188 188 188
v 28.456009 100.507607 24.219641 188 188 188
v 28.398010 100.945610 24.219641 188 188 188
v 26.734009 96.265610 24.219643 188 188 188
v 28.456009 100.507607 24.219641 188 188 188
v 26.734009 96.265610 24.219643 188 188 188
v 28.628008 100.097610 24.219641 188 188 188
v 26.734009 96.265610 24.219643 188 188 188
v 28.896006 99.745605 24.219641 188 188 188
v 26.734009 96.265610 24.219643 188 188 188
v 29.250006 99.475601 24.219641 188 188 188
v 26.734009 96.265610 24.219643 188 188 188
v 29.660007 99.303604 24.219641 188 188 188
v 26.734009 96.265610 24.219643 188 188 188
v 30.098007 99.247604 24.219641 188 188 188
v 29.660007 99.303604 24.219641 188 188 188
v 29.660007 99.303604 24.219641 188 188 188
v 30.098005 99.247604 21.221640 188 188 188
v 30.098005 99.247604 21.221640 188 188 188
v 27.774010 95.695610 21.221642 188 188 188
v 29.660006 99.303604 21.221640 188 188 188
v 29.660006 99.303604 21.221640 188 188 188
v 27.774010 95.695610 21.221642 188 188 188
v 29.250004 99.475601 21.221640 188 188 188
v 29.250006 99.475601 24.219641 188 188 188
v 29.660006 99.303604 21.221640 188 188 188
v 29.250004 99.475601 21.221640 188 188 188
v 27.774010 95.695610 21.221642 188 188 188
v 28.896004 99.745605 21.221642 188 188 188
v 28.896006 99.745605 24.219641 188 188 188
v 29.250004 99.475601 21.221640 188 188 188
v 28.896004 99.745605 21.221642 188 188 188
v 27.774010 95.695610 21.221642 188 188 188
v 28.628006 100.097610 21.221642 188 188 188
v 28.628008 100.097610 24.219641 188 188 188
v 28.896004 99.745605 21.221642 188 188 188
v 27.774010 95.695610 21.221642 188 188 188
v 30.098005 99.247604 21.221640 188 188 188
v 27.774010 95.695610 21.221642 188 188 188
v 30.538004 99.303604 21.221640 188 188 188
v 30.538004 99.303604 21.221640 188 188 188
v 30.538006 99.303604 24.219639 188 188 188
v 30.948006 99.475601 21.221640 188 188 188
v 30.538006 99.303604 24.219639 188 188 188
v 30.538004 99.303604 21.221640 188 188 188
v 30.098007 99.247604 24.219641 188 188 188
v 27.774010 95.695610 21.221642 188 188 188
v 30.948006 99.475601 21.221640 188 188 188
v 30.948006 99.475601 21.221640 188 188 188
v 30.948008 99.475601 24.219639 188 188 188
v 31.302004 99.745605 21.221640 188 188 188
v 27.774010 95.695610 21.221642 188 188 188
v 31.302004 99.745605 21.221640 188 188 188
v 32.394005 100.169609 21.221640 188 188 188
v 31.302004 99.745605 21.221640 188 188 188
v 32.394005 100.169609 21.221640 188 188 188
v 31.572006 100.097610 21.221640 188 188 188
v 32.394005 100.169609 21.221640 188 188 188
v 31.742008 100.507607 21.221640 188 188 188
v 32.394005 100.169609 21.221640 188 188 188
v 31.800009 100.945610 21.221640 188 188 188
v 31.800011 100.945610 24.219639 188 188 188
v 31.742008 101.385605 21.221638 188 188 188
v 31.800009 100.945610 21.221640 188 188 188
v 32.394005 100.169609 21.221640 188 188 188
v 31.742008 101.385605 21.221638 188 188 188
v 32.394005 106.489601 21.221636 188 188 188
v 32.394005 100.169609 21.221640 188 188 188
v 33.198006 95.831604 21.221640 188 188 188
v 32.394005 106.489601 21.221636 188 188 188
v 33.198006 103.345612 21.221638 188 188 188
v 33.198006 95.831604 21.221640 188 188 188
v 32.394005 106.489601 21.221636 188 188 188
v 33.198006 103.345612 21.221638 188 188 188
v 33.198006 103.345612 21.221638 188 188 188
v 33.432007 105.933601 21.221636 188 188 188
v 33.432007 105.933601 21.221636 188 188 188
v 34.342007 105.189606 24.219635 188 188 188
v 34.342003 105.189606 21.221636 188 188 188
v 33.198006 103.345612 21.221638 188 188 188
v 34.342003 105.189606 21.221636 188 188 188
v 35.086006 104.279610 24.219635 188 188 188
v 35.086006 104.279610 21.221636 188 188 188
v 34.342003 105.189606 21.221636 188 188 188
v 33.198006 103.345612 21.221638 188 188 188
v 35.086006 104.279610 21.221636 188 188 188
v 35.086006 104.279610 21.221636 188 188 188
v 35.200005 103.345612 21.221636 188 188 188
v 35.200005 103.345612 21.221636 188 188 188
v 35.642006 103.241608 21.221636 188 188 188
v 35.200005 103.345612 21.221636 188 188 188
v 35.416008 100.945610 21.221638 188 188 188
v 35.200005 103.345612 21.221636 188 188 188
v 35.200005 97.821602 21.221638 188 188 188
v 35.200005 95.108383 15.334551 188 188 188
v 35.200005 97.821602 21.221638 188 188 188
v 35.200005 97.821602 21.221638 188 188 188
v 35.200005 95.108383 15.555414 188 188 188
v 35.200005 103.345612 21.221636 188 188 188
v 35.200005 95.108383 15.334551 188 188 188
v 35.960007 100.019608 21.221638 188 188 188
v 35.200005 97.821602 21.221638 188 188 188
v 35.416008 100.945610 21.221638 188 188 188
v 35.960007 100.019608 21.221638 188 188 188
v 35.416008 100.945610 21.221638 188 188 188
v 35.642006 103.241608 21.221636 188 188 188
v 35.960007 100.019608 21.221638 188 188 188
v 35.642006 100.945610 21.221638 188 188 188
v 35.960007 100.019608 21.221638 188 188 188
v 35.200005 97.821602 21.221638 188 188 188
v 35.642006 100.945610 21.221638 188 188 188
v 35.416008 100.945610 21.221638 188 188 188
v 35.642006 103.241608 21.221636 188 188 188
v 35.642006 103.241608 24.219637 188 188 188
v 35.642006 103.241608 21.221636 188 188 188
v 35.086006 104.279610 21.221636 188 188 188
v 33.198006 103.345612 21.221638 188 188 188
v 35.200005 103.345612 21.221636 188 188 188
v 35.161674 95.108383 15.334551 188 188 188
v 32.394005 106.489601 21.221636 188 188 188
v 33.432007 105.933601 24.219635 188 188 188
v 33.432007 105.933601 21.221636 188 188 188
v 32.394005 106.489601 21.221636 188 188 188
v 31.742008 101.385605 21.221638 188 188 188
v 31.742010 101.385605 24.219639 188 188 188
v 31.572006 101.795609 21.221638 188 188 188
v 31.742008 101.385605 21.221638 188 188 188
v 32.394005 106.489601 21.221636 188 188 188
v 31.572006 101.795609 21.221638 188 188 188
v 31.572008 101.795609 24.219639 188 188 188
v 31.302006 102.149605 21.221638 188 188 188
v 31.572006 101.795609 21.221638 188 188 188
v 32.394005 106.489601 21.221636 188 188 188
v 31.302006 102.149605 21.221638 188 188 188
v 30.948008 102.419609 21.221638 188 188 188
v 31.302006 102.149605 21.221638 188 188 188
v 31.302008 102.149605 24.219639 188 188 188
v 32.394005 106.489601 21.221636 188 188 188
v 30.948008 102.419609 21.221638 188 188 188
v 30.538006 102.589607 21.221638 188 188 188
v 30.948008 102.419609 21.221638 188 188 188
v 30.948009 102.419609 24.219639 188 188 188
v 30.948009 102.419609 24.219639 188 188 188
v 30.538006 102.589607 21.221638 188 188 188
v 30.538006 102.589607 21.221638 188 188 188
v 30.538008 102.589607 24.219639 188 188 188
v 30.538008 102.589607 24.219639 188 188 188
v 30.098007 102.647598 21.221640 188 188 188
v 30.098007 102.647598 21.221640 188 188 188
v 30.098009 102.647598 24.219639 188 188 188
v 30.098009 102.647598 24.219639 188 188 188
v 29.660007 102.589607 21.221640 188 188 188
v 29.660007 102.589607 21.221640 188 188 188
v 29.660009 102.589607 24.219639 188 188 188
v 29.660009 102.589607 24.219639 188 188 188
v 29.250006 102.419609 21.221640 188 188 188
v 29.250006 102.419609 21.221640 188 188 188
v 29.250008 102.419609 24.219639 188 188 188
v 29.250008 102.419609 24.219639 188 188 188
v 28.896006 102.149605 21.221640 188 188 188
v 28.896006 102.149605 21.221640 188 188 188
v 28.896008 102.149605 24.219639 188 188 188
v 28.628006 101.795609 21.221640 188 188 188
v 28.930006 106.831612 21.221638 188 188 188
v 28.896006 102.149605 21.221640 188 188 188
v 28.896006 102.149605 21.221640 188 188 188
v 28.930006 106.831612 21.221638 188 188 188
v 28.930006 106.831612 21.221638 188 188 188
v 30.098009 106.947601 24.219637 188 188 188
v 30.098007 106.947601 21.221638 188 188 188
v 28.930006 106.831612 21.221638 188 188 188
v 28.628006 101.795609 21.221640 188 188 188
v 28.628006 101.795609 21.221640 188 188 188
v 28.456007 101.385605 21.221640 188 188 188
v 28.456007 101.385605 21.221640 188 188 188
v 28.628008 101.795609 24.219639 188 188 188
v 25.856007 105.189606 24.219639 188 188 188
v 28.456009 101.385605 24.219639 188 188 188
v 28.628008 101.795609 24.219639 188 188 188
v 25.856007 105.189606 24.219639 188 188 188
v 28.628008 101.795609 24.219639 188 188 188
v 28.896008 102.149605 24.219639 188 188 188
v 25.856007 105.189606 24.219639 188 188 188
v 26.734009 96.265610 24.219643 188 188 188
v 28.456009 101.385605 24.219639 188 188 188
v 25.856007 105.189606 24.219639 188 188 188
v 25.856007 100.945610 24.219641 188 188 188
v 26.734009 96.265610 24.219643 188 188 188
v 28.456007 101.385605 21.221640 188 188 188
v 28.456009 101.385605 24.219639 188 188 188
v 28.398008 100.945610 21.221640 188 188 188
v 28.628008 101.795609 24.219639 188 188 188
v 28.628006 101.795609 21.221640 188 188 188
v 28.896008 102.149605 24.219639 188 188 188
v 25.856007 105.189606 24.219639 188 188 188
v 28.896008 102.149605 24.219639 188 188 188
v 29.250008 102.419609 24.219639 188 188 188
v 28.896006 102.149605 21.221640 188 188 188
v 30.098007 106.947601 21.221638 188 188 188
v 29.250006 102.419609 21.221640 188 188 188
v 25.856007 105.189606 24.219639 188 188 188
v 29.250008 102.419609 24.219639 188 188 188
v 29.660009 102.589607 24.219639 188 188 188
v 29.250006 102.419609 21.221640 188 188 188
v 30.098007 106.947601 21.221638 188 188 188
v 29.660007 102.589607 21.221640 188 188 188
v 29.660007 102.589607 21.221640 188 188 188
v 30.098007 106.947601 21.221638 188 188 188
v 30.098007 106.947601 21.221638 188 188 188
v 31.270010 106.831612 24.219637 188 188 188
v 31.270008 106.831612 21.221638 188 188 188
v 25.856007 105.189606 24.219639 188 188 188
v 29.660009 102.589607 24.219639 188 188 188
v 30.098009 102.647598 24.219639 188 188 188
v 29.660007 102.589607 21.221640 188 188 188
v 31.270008 106.831612 21.221638 188 188 188
v 30.098007 102.647598 21.221640 188 188 188
v 25.856007 105.189606 24.219639 188 188 188
v 30.098009 102.647598 24.219639 188 188 188
v 30.538008 102.589607 24.219639 188 188 188
v 30.098007 102.647598 21.221640 188 188 188
v 31.270008 106.831612 21.221638 188 188 188
v 30.538006 102.589607 21.221638 188 188 188
v 32.394005 106.489601 21.221636 188 188 188
v 30.538006 102.589607 21.221638 188 188 188
v 31.270008 106.831612 21.221638 188 188 188
v 31.270008 106.831612 21.221638 188 188 188
v 32.394009 106.489601 24.219637 188 188 188
v 32.394005 106.489601 21.221636 188 188 188
v 31.742010 100.507607 24.219639 188 188 188
v 31.800009 100.945610 21.221640 188 188 188
v 31.742008 100.507607 21.221640 188 188 188
v 31.572008 100.097610 24.219639 188 188 188
v 31.742008 100.507607 21.221640 188 188 188
v 31.572006 100.097610 21.221640 188 188 188
v 31.302006 99.745605 24.219639 188 188 188
v 31.572006 100.097610 21.221640 188 188 188
v 31.302004 99.745605 21.221640 188 188 188
v 33.198006 95.831604 21.221640 188 188 188
v 27.774010 95.695610 21.221642 188 188 188
v 32.394005 100.169609 21.221640 188 188 188
v 27.774010 95.695610 21.221642 188 188 188
v 33.198006 95.831604 21.221640 188 188 188
v 30.098005 99.247604 21.221640 188 188 188
v 30.098007 99.247604 24.219641 188 188 188
v 30.538004 99.303604 21.221640 188 188 188
v 29.660007 99.303604 24.219641 188 188 188
v 29.660006 99.303604 21.221640 188 188 188
v 29.250006 99.475601 24.219641 188 188 188
v 29.250006 99.475601 24.219641 188 188 188
v 29.250004 99.475601 21.221640 188 188 188
v 28.896006 99.745605 24.219641 188 188 188
v 28.896006 99.745605 24.219641 188 188 188
v 28.896004 99.745605 21.221642 188 188 188
v 28.628008 100.097610 24.219641 188 188 188
v 28.628008 100.097610 24.219641 188 188 188
v 28.628006 100.097610 21.221642 188 188 188
v 28.456009 100.507607 24.219641 188 188 188
v 26.734009 96.265610 24.219643 188 188 188
v 28.398010 100.945610 24.219641 188 188 188
v 28.456009 101.385605 24.219639 188 188 188
v 28.456007 100.507607 21.221640 188 188 188
v 28.456009 100.507607 24.219641 188 188 188
v 28.628006 100.097610 21.221642 188 188 188
v 28.398010 100.945610 24.219641 188 188 188
v 28.398008 100.945610 21.221640 188 188 188
v 28.456009 101.385605 24.219639 188 188 188
v 28.628006 100.097610 21.221642 188 188 188
v 27.774010 95.695610 21.221642 188 188 188
v 28.456007 100.507607 21.221640 188 188 188
v 28.398008 100.945610 21.221640 188 188 188
v 28.930006 106.831612 21.221638 188 188 188
v 28.456007 101.385605 21.221640 188 188 188
v 27.802010 106.489601 24.219639 188 188 188
v 26.766006 105.933601 21.221640 188 188 188
v 26.766006 105.933601 24.219639 188 188 188
v 27.802010 106.489601 21.221638 188 188 188
v 28.930008 106.831612 24.219637 188 188 188
v 28.930006 106.831612 21.221638 188 188 188
v 30.098009 106.947601 24.219637 188 188 188
v 28.930006 106.831612 21.221638 188 188 188
v 28.930008 106.831612 24.219637 188 188 188
v 31.270010 106.831612 24.219637 188 188 188
v 30.098007 106.947601 21.221638 188 188 188
v 30.098009 106.947601 24.219637 188 188 188
v 32.394009 106.489601 24.219637 188 188 188
v 31.270008 106.831612 21.221638 188 188 188
v 31.270010 106.831612 24.219637 188 188 188
v 33.432007 105.933601 24.219635 188 188 188
v 32.394005 106.489601 21.221636 188 188 188
v 32.394009 106.489601 24.219637 188 188 188
v 34.342007 105.189606 24.219635 188 188 188
v 33.432007 105.933601 21.221636 188 188 188
v 33.432007 105.933601 24.219635 188 188 188
v 34.342003 105.189606 21.221636 188 188 188
v 34.342007 105.189606 24.219635 188 188 188
v 35.086006 104.279610 24.219635 188 188 188
v 35.086006 104.279610 21.221636 188 188 188
v 35.086006 104.279610 24.219635 188 188 188
v 35.642006 103.241608 24.219637 188 188 188
v 35.642006 103.241608 21.221636 188 188 188
v 35.642006 103.241608 24.219637 188 188 188
v 35.984009 102.117607 24.219637 188 188 188
v 35.984009 102.117607 24.219637 188 188 188
v 35.984005 102.117607 21.221636 188 188 188
v 35.642006 103.241608 21.221636 188 188 188
v 36.098007 100.945610 21.221638 188 188 188
v 36.098007 100.945610 24.219637 188 188 188
v 36.098007 100.945610 21.221638 188 188 188
v 36.098007 95.108383 24.219639 188 188 188
v 35.642006 103.241608 21.221636 188 188 188
v 35.984005 102.117607 21.221636 188 188 188
v 35.960007 100.019608 21.221638 188 188 188
v 36.098007 100.945610 21.221638 188 188 188
v 36.098007 95.108383 24.139275 188 188 188
v 36.098003 95.108383 21.221640 188 188 188
v 35.960007 100.019608 21.221638 188 188 188
v 36.093628 95.108383 21.221640 188 188 188
v 35.224098 95.108383 21.221640 188 188 188
v 35.200005 95.108383 21.221640 188 188 188
v 35.200005 97.821602 21.221638 188 188 188
v 35.224098 95.108383 21.221640 188 188 188
v 33.198006 103.345612 21.221638 188 188 188
v 35.161674 95.108383 15.334551 188 188 188
v 33.198002 95.108383 15.334552 188 188 188
v 33.198002 95.108383 15.334552 188 188 188
v 33.198006 95.831604 21.221640 188 188 188
v 33.198006 95.831604 21.221640 188 188 188
v 33.198002 95.108383 16.311287 188 188 188
v 33.198006 95.831604 21.221640 188 188 188
v 33.198006 95.108383 21.221640 188 188 188
v 32.032124 95.108383 21.221642 188 188 188
v 27.166382 95.108383 21.221643 188 188 188
v 27.774010 95.695610 21.221642 188 188 188
v 32.032124 95.108383 21.221642 188 188 188
v 27.000008 95.108383 21.221643 188 188 188
v 27.000008 95.831604 21.221643 188 188 188
v 27.166382 95.108383 21.221643 188 188 188
v 36.098007 95.108383 24.219639 188 188 188
v 36.098007 100.945610 24.219637 188 188 188
v 34.955696 95.108383 24.219639 188 188 188
v 30.538006 99.303604 24.219639 188 188 188
v 30.098007 99.247604 24.219641 188 188 188
v 26.734009 96.265610 24.219643 188 188 188
v 30.948008 99.475601 24.219639 188 188 188
v 30.948006 99.475601 21.221640 188 188 188
v 30.538006 99.303604 24.219639 188 188 188
v 31.302006 99.745605 24.219639 188 188 188
v 31.302004 99.745605 21.221640 188 188 188
v 30.948008 99.475601 24.219639 188 188 188
v 31.572006 100.097610 21.221640 188 188 188
v 31.302006 99.745605 24.219639 188 188 188
v 31.572008 100.097610 24.219639 188 188 188
v 31.742008 100.507607 21.221640 188 188 188
v 31.572008 100.097610 24.219639 188 188 188
v 31.742010 100.507607 24.219639 188 188 188
v 31.800009 100.945610 21.221640 188 188 188
v 31.742010 100.507607 24.219639 188 188 188
v 31.800011 100.945610 24.219639 188 188 188
v 31.742008 101.385605 21.221638 188 188 188
v 31.800011 100.945610 24.219639 188 188 188
v 31.742010 101.385605 24.219639 188 188 188
v 31.572006 101.795609 21.221638 188 188 188
v 31.742010 101.385605 24.219639 188 188 188
v 31.572008 101.795609 24.219639 188 188 188
v 31.302006 102.149605 21.221638 188 188 188
v 31.572008 101.795609 24.219639 188 188 188
v 31.302008 102.149605 24.219639 188 188 188
v 31.302008 102.149605 24.219639 188 188 188
v 30.948009 102.419609 24.219639 188 188 188
v 30.948008 102.419609 21.221638 188 188 188
v 25.856007 105.189606 24.219639 188 188 188
v 30.538008 102.589607 24.219639 188 188 188
v 30.948009 102.419609 24.219639 188 188 188
v 36.098007 100.945610 24.219637 188 188 188
v 27.802010 106.489601 24.219639 188 188 188
v 26.766006 105.933601 24.219639 188 188 188
v 25.856007 105.189606 21.221640 188 188 188
v 26.766006 105.933601 24.219639 188 188 188
v 26.766006 105.933601 21.221640 188 188 188
v 25.856007 105.189606 21.221640 188 188 188
v 24.998009 103.345612 21.221642 188 188 188
v 25.110008 104.279610 21.221640 188 188 188
v 25.856007 100.945610 24.219641 188 188 188
v 25.856007 105.189606 24.219639 188 188 188
v 25.110008 104.279610 24.219641 188 188 188
v 24.556007 103.241608 21.221642 188 188 188
v 25.110008 104.279610 21.221640 188 188 188
v 24.998009 103.345612 21.221642 188 188 188
v 25.856007 100.945610 24.219641 188 188 188
v 25.110008 104.279610 24.219641 188 188 188
v 24.556007 103.241608 24.219641 188 188 188
v 24.556007 100.945610 21.221642 188 188 188
v 24.214008 102.117607 21.221642 188 188 188
v 24.556007 103.241608 21.221642 188 188 188
v 24.556007 100.945610 21.221642 188 188 188
v 24.100006 100.945610 21.221642 188 188 188
v 24.214008 102.117607 21.221642 188 188 188
v 25.856007 100.945610 24.219641 188 188 188
v 24.556007 103.241608 24.219641 188 188 188
v 24.214008 102.117607 24.219641 188 188 188
v 25.856007 100.945610 24.219641 188 188 188
v 24.421326 95.108383 24.219645 188 188 188
v 26.734009 96.265610 24.219643 188 188 188
v 24.150242 95.108383 21.221643 188 188 188
v 24.124107 95.108383 21.221643 188 188 188
v 24.868008 100.071609 21.221642 188 188 188
v 24.100006 100.945610 21.221642 188 188 188
v 24.124107 95.108383 21.221643 188 188 188
v 24.100006 95.108383 21.302008 188 188 188
v 24.100006 100.945610 21.221642 188 188 188
v 24.100006 95.108383 21.221643 188 188 188
v 24.100006 100.945610 24.219643 188 188 188
v 24.100006 100.945610 21.221642 188 188 188
v 24.100006 95.108383 21.302008 188 188 188
v 24.100006 100.945610 24.219643 188 188 188
v 24.100006 95.108383 24.219645 188 188 188
v 24.147079 95.108383 24.219645 188 188 188

f 14854 14885 14875
f 14871 14867 14883
f 14982 14983 14984
f 14985 14884 14986
f 14987 14988 14939
f 14940 14989 14990
f 14991 14890 14992
f 14946 14993 14994
f 14995 14889 14996
f 14945 14997 14998
f 14999 14886 15000
f 14944 15001 15002
f 14891 15003 15004
f 14888 15005 15006
f 15007 14900 15008
f 15009 14915 15010
f 15011 14916 15012
f 15013 14918 15014
f 15015 14920 15016
f 15017 15018 14919
f 15019 15020 14917
f 15021 15022 14907
f 15023 15024 14908
f 15025 15026 14909
f 15027 15028 14887
f 14860 15029 15030
f 15031 15032 15033
f 14926 14856 14874
f 14961 15034 15035
f 15036 15037 14980
f 15038 15039 15040
f 15041 14925 15042
f 15043 15044 14924
f 15045 15046 14923
f 15047 15048 14922
f 15049 15050 14921
f 15051 15052 14914
f 15053 15054 14913
f 15055 15056 14912
f 15057 15058 14911
f 15059 15060 14910
f 15061 14947 15062
f 14943 15063 15064
f 15065 15066 14934
f 15067 15068 14941
f 15069 14942 15070
f 15071 15072 15073
f 15074 15075 14877
f 15076 15077 14863
f 15078 15079 14948
f 15080 14949 15081
f 15082 15083 15084
f 15085 15086 14938
f 15087 15088 15089
f 14858 15090 15091
f 14869 15092 15093
f 15094 15095 14864
f 15096 15097 14859
f 15098 15099 15100
f 14878 14866 14960
f 15101 15102 15103
f 15104 15105 14873
f 15106 15107 15108
f 15109 15110 15111
f 15112 14879 15113
f 14954 15114 15115
f 15116 15117 14958
f 14959 15118 15119
f 15120 14896 15121
f 14901 15122 15123
f 15124 15125 15126
f 14902 15127 15128
f 14903 15129 15130
f 14904 15131 15132
f 14905 15133 15134
f 14906 15135 15136
f 15137 14965 15138
f 14964 15139 15140
f 15141 15142 15143
f 15144 15145 14955
f 15146 15147 15148
f 15149 15150 14936
f 15151 15152 15153
f 15154 15155 14937
f 15156 15157 15158
f 14966 15159 15160
f 14935 15161 15162
f 15163 15164 15165
f 15166 15167 15168
f 14933 15169 15170
f 15171 15172 15173
f 14976 15174 15175
f 15176 15177 14979
f 15178 15179 14977
f 15180 15181 14978
f 14973 15182 15183
f 15184 15185 15186
f 15187 15188 14967
f 15189 14975 15190
f 15191 15192 14971
f 15193 14868 15194
f 15195 14970 15196
f 14974 15197 15198
f 15199 15200 15201
f 14927 15202 15203
f 15204 15205 15206
f 14929 15207 15208
f 15209 14928 15210
f 15211 15212 14962
f 15213 15214 14981
f 14855 15215 15216
f 14861 15217 15218
f 15219 14870 15220
f 15221 15222 14862
f 15223 15224 15225
f 15226 15227 14963
f 15228 15229 15230
f 15231 14881 15232
f 15233 15234 15235
f 15236 15237 15238
f 15239 15240 15241
f 15242 15243 15244
f 14972 15245 15246
f 15247 15248 15249
f 14969 15250 15251
f 15252 15253 15254
f 14968 15255 15256
f 15257 15258 15259
f 14932 15260 15261
f 15262 15263 15264
f 15265 14899 15266
f 14930 15267 15268
f 15269 14898 15270
f 14950 15271 15272
f 15273 14897 15274
f 14953 15275 15276
f 15277 14895 15278
f 14951 15279 15280
f 15281 14893 15282
f 15283 15284 14957
f 15285 15286 15287
f 14952 15288 15289
f 15290 15291 15292
f 14956 15293 15294
f 15295 14892 15296
f 14894 15297 15298
f 15299 15300 15301
f 15302 15303 15304
f 15305 15306 15307
f 15308 15309 15310
f 15311 15312 15313
f 15314 15315 15316
f 15317 15318 15319
f 15320 15321 15322
f 15323 15324 15325
f 15326 15327 15328
f 14931 15329 15330
f 15331 15332 15333
f 15334 15335 15336
f 15337 15338 15339
f 15340 15341 15342
f 15343 15344 15345
f 15346 15347 15348
f 15349 15350 15351
f 15352 15353 15354
f 15355 15356 15357
f 15358 15359 15360
f 15361 15362 15363
f 15364 15365 14865
f 15366 15367 15368
f 15369 15370 15371
f 15372 15373 15374
f 15375 15376 15377
f 15378 15379 15380
f 15381 15382 15383
f 15384 15385 15386
f 15387 15388 15389
f 15390 15391 15392
f 15393 15394 15395
f 15396 15397 15398
f 15399 15400 15401
f 15402 15403 15404
f 15405 15406 15407
f 15408 15409 15410
f 15411 15412 15413
f 15414 15415 15416
f 15417 15418 15419
f 15420 15421 15422
f 15423 15424 15425
f 15426 15427 15428
f 15429 15430 14857
f 15431 15432 14882
f 15433 15434 15435
f 15436 15437 15438
f 15439 15440 15441
f 15442 15443 15444
f 15445 15446 15447
f 15448 14872 15449
f 14880 15450 15451
f 15452 15453 15454
f 15455 15456 15457
f 15458 15459 15460
f 15461 15462 15463
f 15464 15465 15466
f 15467 15468 15469
f 15470 15471 15472
f 15473 15474 15475
f 15476 15477 15478
f 15479 15480 15481
f 15482 15483 15484
f 15485 15486 15487
f 15488 15489 15490
f 15491 15492 15493
f 15494 15495 15496
f 15497 15498 15499
f 15500 15501 15502
f 15503 15504 15505
f 15506 15507 15508
f 15509 15510 15511
f 15512 15513 15514
f 15515 15516 15517
f 15518 15519 15520
f 15521 15522 15523
f 15524 15525 15526
f 15527 15528 15529
f 14876 15530 15531
f 15532 15533 15534
f 15535 15536 15537
f 15538 15539 15540

usemtl Green_0
f 14854 14875 14871
f 14871 14875 14876
f 14871 14876 14858
f 14858 14869 14871
f 14869 14867 14871
f 14867 14864 14860
f 14860 14864 14873
f 14860 14873 14879
f 14860 14879 14865
f 14860 14865 14880
f 14860 14880 14872
f 14860 14872 14868
f 14868 14862 14860
f 14860 14862 14870
f 14860 14870 14857
f 14857 14870 14881
f 14857 14881 14874
f 14856 14857 14874
f 14873 14859 14863
f 14873 14863 14877
f 14866 14873 14877
f 14878 14873 14866
f 14861 14870 14855
f 14882 14857 14856
f 14855 14870 14862
f 14873 14864 14859
f 14869 14864 14867

