solid casemaker
  facet normal 0.000000 0.000000 -1.000000
    outer loop
      vertex 0.000000 2.000000 24.400000
      vertex 0.000000 81.099998 24.400000
      vertex 2.000000 2.000000 24.400000
    endloop
  endfacet
  facet normal -1.000000 0.000000 0.000000
    outer loop
      vertex 0.000000 2.000000 24.400000
      vertex 0.000000 2.000000 26.400000
      vertex 0.000000 81.099998 26.400000
    endloop
  endfacet
  facet normal 0.000000 0.000000 1.000000
    outer loop
      vertex 0.000000 2.000000 26.400000
      vertex 2.000000 2.000000 26.400000
      vertex 2.000000 79.786049 26.400000
    endloop
  endfacet
  facet normal 0.000000 0.000000 -1.000000
    outer loop
      vertex 0.000000 81.099998 24.400000
      vertex 2.000000 56.615150 24.400000
      vertex 2.000000 2.000000 24.400000
    endloop
  endfacet
  facet normal -1.000000 0.000000 0.000000
    outer loop
      vertex 0.000000 2.000000 24.400000
      vertex 0.000000 81.099998 26.400000
      vertex 0.000000 81.099998 24.400000
    endloop
  endfacet
  facet normal 0.000000 0.000000 1.000000
    outer loop
      vertex 0.000000 2.000000 26.400000
      vertex 2.000000 79.786049 26.400000
      vertex 0.000000 81.099998 26.400000
    endloop
  endfacet
  facet normal 0.000000 0.000000 -1.000000
    outer loop
      vertex 0.000000 81.099998 24.400000
      vertex 2.000000 69.312119 24.400000
      vertex 2.000000 56.615150 24.400000
    endloop
  endfacet
  facet normal 0.000000 0.000000 -1.000000
    outer loop
      vertex 0.068148 81.055229 24.400000
      vertex 2.000000 69.312119 24.400000
      vertex 0.000000 81.099998 24.400000
    endloop
  endfacet
  facet normal 0.000000 0.000000 -1.000000
    outer loop
      vertex 0.068148 81.055229 24.400000
      vertex 0.068148 81.099998 24.400000
      vertex 2.000000 69.312119 24.400000
    endloop
  endfacet
  facet normal 0.000000 0.000000 -1.000000
    outer loop
      vertex 0.068148 81.099998 24.400000
      vertex 2.000000 81.099998 24.400000
      vertex 2.000000 69.312119 24.400000
    endloop
  endfacet
  facet normal 0.000000 0.000000 -1.000000
    outer loop
      vertex 120.331848 2.044772 24.400000
      vertex 60.595730 41.267479 24.400000
      vertex 60.200001 41.549999 24.400000
    endloop
  endfacet
  facet normal 0.000000 0.000000 -1.000000
    outer loop
      vertex 120.331848 2.000000 24.400000
      vertex 118.400002 2.000000 24.400000
      vertex 60.595730 41.267479 24.400000
    endloop
  endfacet
  facet normal 0.000000 0.000000 -1.000000
    outer loop
      vertex 120.331848 2.000000 24.400000
      vertex 60.595730 41.267479 24.400000
      vertex 120.331848 2.044772 24.400000
    endloop
  endfacet
  facet normal 0.000000 0.000000 -1.000000
    outer loop
      vertex 120.331848 2.044772 24.400000
      vertex 60.200001 41.549999 24.400000
      vertex 118.400002 14.462828 24.400000
    endloop
  endfacet
  facet normal 0.000000 0.000000 -1.000000
    outer loop
      vertex 120.400002 2.000000 24.400000
      vertex 120.331848 2.044772 24.400000
      vertex 118.400002 14.462828 24.400000
    endloop
  endfacet
  facet normal 0.000000 0.000000 -1.000000
    outer loop
      vertex 120.400002 2.000000 24.400000
      vertex 118.400002 14.462828 24.400000
      vertex 118.400002 46.606060 24.400000
    endloop
  endfacet
  facet normal 1.000000 0.000000 0.000000
    outer loop
      vertex 120.400002 2.000000 24.400000
      vertex 120.400002 81.099998 24.400000
      vertex 120.400002 2.000000 26.400000
    endloop
  endfacet
  facet normal 0.000000 0.000000 1.000000
    outer loop
      vertex 120.400002 2.000000 26.400000
      vertex 120.400002 81.099998 26.400000
      vertex 118.400002 3.313953 26.400000
    endloop
  endfacet
  facet normal 0.000000 0.000000 -1.000000
    outer loop
      vertex 120.400002 2.000000 24.400000
      vertex 118.400002 46.606060 24.400000
      vertex 118.400002 81.099998 24.400000
    endloop
  endfacet
  facet normal 0.000000 0.000000 -1.000000
    outer loop
      vertex 120.400002 2.000000 24.400000
      vertex 118.400002 81.099998 24.400000
      vertex 120.400002 81.099998 24.400000
    endloop
  endfacet
  facet normal 1.000000 0.000000 0.000000
    outer loop
      vertex 120.400002 2.000000 26.400000
      vertex 120.400002 81.099998 24.400000
      vertex 120.400002 81.099998 26.400000
    endloop
  endfacet
  facet normal 0.000000 0.000000 1.000000
    outer loop
      vertex 120.400002 81.099998 26.400000
      vertex 118.400002 81.099998 26.400000
      vertex 118.400002 3.313953 26.400000
    endloop
  endfacet
  facet normal 0.000000 0.000000 -1.000000
    outer loop
      vertex 2.000000 2.000000 24.400000
      vertex 2.200000 48.166668 24.400000
      vertex 3.800000 48.166668 24.400000
    endloop
  endfacet
  facet normal 0.000000 0.000000 -1.000000
    outer loop
      vertex 2.000000 2.000000 24.400000
      vertex 2.200000 54.166668 24.400000
      vertex 2.200000 48.166668 24.400000
    endloop
  endfacet
  facet normal 0.000000 0.000000 -1.000000
    outer loop
      vertex 2.000000 2.000000 24.400000
      vertex 2.000000 56.615150 24.400000
      vertex 2.200000 54.166668 24.400000
    endloop
  endfacet
  facet normal 0.000000 0.000000 -1.000000
    outer loop
      vertex 2.000000 2.000000 24.400000
      vertex 93.066666 2.200000 24.400000
      vertex 2.000000 0.000000 24.400000
    endloop
  endfacet
  facet normal 0.000000 -1.000000 0.000000
    outer loop
      vertex 2.000000 0.000000 24.400000
      vertex 118.400002 0.000000 24.400000
      vertex 2.000000 0.000000 26.400000
    endloop
  endfacet
  facet normal 0.000000 0.000000 1.000000
    outer loop
      vertex 118.400002 0.000000 26.400000
      vertex 2.000000 2.000000 26.400000
      vertex 2.000000 0.000000 26.400000
    endloop
  endfacet
  facet normal 0.000000 0.000000 -1.000000
    outer loop
      vertex 2.000000 2.000000 24.400000
      vertex 3.800000 48.166668 24.400000
      vertex 93.066666 3.800000 24.400000
    endloop
  endfacet
  facet normal 0.000000 0.000000 1.000000
    outer loop
      vertex 2.000000 2.000000 26.400000
      vertex 118.400002 0.000000 26.400000
      vertex 2.000000 79.786049 26.400000
    endloop
  endfacet
  facet normal 0.000000 0.000000 -1.000000
    outer loop
      vertex 3.800000 48.166668 24.400000
      vertex 3.800000 54.166668 24.400000
      vertex 93.066666 3.800000 24.400000
    endloop
  endfacet
  facet normal 0.000000 0.000000 -1.000000
    outer loop
      vertex 3.800000 62.133335 24.400000
      vertex 93.066666 3.800000 24.400000
      vertex 3.800000 54.166668 24.400000
    endloop
  endfacet
  facet normal 0.000000 0.000000 -1.000000
    outer loop
      vertex 3.800000 54.166668 24.400000
      vertex 2.200000 54.166668 24.400000
      vertex 2.000000 56.615150 24.400000
    endloop
  endfacet
  facet normal 0.000000 0.000000 -1.000000
    outer loop
      vertex 3.800000 62.133335 24.400000
      vertex 3.800000 54.166668 24.400000
      vertex 2.000000 56.615150 24.400000
    endloop
  endfacet
  facet normal 0.000000 0.000000 -1.000000
    outer loop
      vertex 3.800000 62.133335 24.400000
      vertex 2.000000 56.615150 24.400000
      vertex 2.200000 62.133335 24.400000
    endloop
  endfacet
  facet normal 0.000000 0.000000 -1.000000
    outer loop
      vertex 2.200000 68.133331 24.400000
      vertex 2.200000 62.133335 24.400000
      vertex 2.000000 56.615150 24.400000
    endloop
  endfacet
  facet normal 0.000000 0.000000 -1.000000
    outer loop
      vertex 2.200000 68.133331 24.400000
      vertex 2.000000 56.615150 24.400000
      vertex 2.000000 69.312119 24.400000
    endloop
  endfacet
  facet normal 0.000000 0.000000 -1.000000
    outer loop
      vertex 3.800000 68.133331 24.400000
      vertex 2.200000 68.133331 24.400000
      vertex 2.000000 69.312119 24.400000
    endloop
  endfacet
  facet normal 0.000000 0.000000 -1.000000
    outer loop
      vertex 38.466667 80.900002 24.400000
      vertex 2.317050 82.873650 24.400000
      vertex 2.000000 83.099998 24.400000
    endloop
  endfacet
  facet normal 0.000000 0.000000 -1.000000
    outer loop
      vertex 2.000000 82.623604 24.400000
      vertex 2.317050 82.873650 24.400000
      vertex 60.200001 41.549999 24.400000
    endloop
  endfacet
  facet normal 0.000000 0.000000 -1.000000
    outer loop
      vertex 38.466667 79.300003 24.400000
      vertex 2.317050 82.873650 24.400000
      vertex 38.466667 80.900002 24.400000
    endloop
  endfacet
  facet normal 0.000000 0.000000 -1.000000
    outer loop
      vertex 3.800000 62.133335 24.400000
      vertex 3.800000 68.133331 24.400000
      vertex 93.066666 3.800000 24.400000
    endloop
  endfacet
  facet normal 0.000000 0.000000 -1.000000
    outer loop
      vertex 3.800000 68.133331 24.400000
      vertex 2.000000 69.312119 24.400000
      vertex 118.400002 0.000000 24.400000
    endloop
  endfacet
  facet normal 0.000000 0.000000 -1.000000
    outer loop
      vertex 2.000000 69.312119 24.400000
      vertex 2.000000 81.099998 24.400000
      vertex 118.400002 0.000000 24.400000
    endloop
  endfacet
  facet normal 0.000000 0.000000 -1.000000
    outer loop
      vertex 2.000000 82.623604 24.400000
      vertex 118.400002 0.000000 24.400000
      vertex 2.000000 81.099998 24.400000
    endloop
  endfacet
  facet normal 0.000000 0.000000 -1.000000
    outer loop
      vertex 60.595730 41.267479 24.400000
      vertex 2.000000 82.623604 24.400000
      vertex 60.200001 41.549999 24.400000
    endloop
  endfacet
  facet normal 0.000000 0.000000 1.000000
    outer loop
      vertex 118.400002 0.000000 26.400000
      vertex 2.000000 83.099998 26.400000
      vertex 2.000000 79.786049 26.400000
    endloop
  endfacet
  facet normal 0.000000 0.000000 -1.000000
    outer loop
      vertex 116.907646 1.065420 24.400000
      vertex 2.000000 82.623604 24.400000
      vertex 60.595730 41.267479 24.400000
    endloop
  endfacet
  facet normal 0.000000 0.000000 -1.000000
    outer loop
      vertex 60.200001 41.549999 24.400000
      vertex 2.317050 82.873650 24.400000
      vertex 116.599998 57.066666 24.400000
    endloop
  endfacet
  facet normal 0.000000 1.000000 0.000000
    outer loop
      vertex 2.000000 83.099998 26.400000
      vertex 118.400002 83.099998 26.400000
      vertex 2.000000 83.099998 24.400000
    endloop
  endfacet
  facet normal 0.000000 0.000000 -1.000000
    outer loop
      vertex 38.466667 79.300003 24.400000
      vertex 116.599998 57.066666 24.400000
      vertex 2.317050 82.873650 24.400000
    endloop
  endfacet
  facet normal 0.000000 0.000000 -1.000000
    outer loop
      vertex 44.466667 79.300003 24.400000
      vertex 44.466667 80.900002 24.400000
      vertex 75.933334 80.900002 24.400000
    endloop
  endfacet
  facet normal 0.000000 0.000000 -1.000000
    outer loop
      vertex 38.466667 80.900002 24.400000
      vertex 2.000000 83.099998 24.400000
      vertex 118.400002 83.099998 24.400000
    endloop
  endfacet
  facet normal 0.000000 0.000000 -1.000000
    outer loop
      vertex 2.000000 2.000000 24.400000
      vertex 93.066666 3.800000 24.400000
      vertex 93.066666 2.200000 24.400000
    endloop
  endfacet
  facet normal 0.000000 0.000000 -1.000000
    outer loop
      vertex 93.066666 2.200000 24.400000
      vertex 99.066666 2.200000 24.400000
      vertex 2.000000 0.000000 24.400000
    endloop
  endfacet
  facet normal 0.000000 0.000000 -1.000000
    outer loop
      vertex 99.066666 2.200000 24.400000
      vertex 103.233330 2.200000 24.400000
      vertex 2.000000 0.000000 24.400000
    endloop
  endfacet
  facet normal 0.000000 0.000000 -1.000000
    outer loop
      vertex 103.233330 2.200000 24.400000
      vertex 109.233330 2.200000 24.400000
      vertex 2.000000 0.000000 24.400000
    endloop
  endfacet
  facet normal 0.000000 0.000000 -1.000000
    outer loop
      vertex 109.233330 2.200000 24.400000
      vertex 118.400002 0.000000 24.400000
      vertex 2.000000 0.000000 24.400000
    endloop
  endfacet
  facet normal 0.000000 -1.000000 0.000000
    outer loop
      vertex 118.400002 0.000000 26.400000
      vertex 2.000000 0.000000 26.400000
      vertex 118.400002 0.000000 24.400000
    endloop
  endfacet
  facet normal 0.000000 0.000000 -1.000000
    outer loop
      vertex 3.800000 68.133331 24.400000
      vertex 99.066666 3.800000 24.400000
      vertex 93.066666 3.800000 24.400000
    endloop
  endfacet
  facet normal 0.000000 0.000000 -1.000000
    outer loop
      vertex 3.800000 68.133331 24.400000
      vertex 103.233330 3.800000 24.400000
      vertex 99.066666 3.800000 24.400000
    endloop
  endfacet
  facet normal 0.000000 0.000000 -1.000000
    outer loop
      vertex 3.800000 68.133331 24.400000
      vertex 109.233330 3.800000 24.400000
      vertex 103.233330 3.800000 24.400000
    endloop
  endfacet
  facet normal 0.000000 0.000000 -1.000000
    outer loop
      vertex 3.800000 68.133331 24.400000
      vertex 118.400002 0.000000 24.400000
      vertex 109.233330 3.800000 24.400000
    endloop
  endfacet
  facet normal 0.000000 0.000000 -1.000000
    outer loop
      vertex 2.000000 82.623604 24.400000
      vertex 116.907646 1.065420 24.400000
      vertex 118.400002 0.000000 24.400000
    endloop
  endfacet
  facet normal 0.000000 0.000000 1.000000
    outer loop
      vertex 118.400002 0.000000 26.400000
      vertex 118.400002 3.313953 26.400000
      vertex 2.000000 83.099998 26.400000
    endloop
  endfacet
  facet normal 0.000000 0.000000 -1.000000
    outer loop
      vertex 99.066666 3.800000 24.400000
      vertex 103.233330 3.800000 24.400000
      vertex 99.066666 2.200000 24.400000
    endloop
  endfacet
  facet normal 0.000000 0.000000 -1.000000
    outer loop
      vertex 103.233330 3.800000 24.400000
      vertex 103.233330 2.200000 24.400000
      vertex 99.066666 2.200000 24.400000
    endloop
  endfacet
  facet normal 0.000000 0.000000 -1.000000
    outer loop
      vertex 60.595730 41.267479 24.400000
      vertex 118.400002 2.000000 24.400000
      vertex 116.907646 1.065420 24.400000
    endloop
  endfacet
  facet normal 0.000000 0.000000 -1.000000
    outer loop
      vertex 109.233330 3.800000 24.400000
      vertex 118.400002 0.000000 24.400000
      vertex 109.233330 2.200000 24.400000
    endloop
  endfacet
  facet normal 0.000000 0.000000 -1.000000
    outer loop
      vertex 116.907646 1.065420 24.400000
      vertex 118.400002 2.000000 24.400000
      vertex 118.400002 1.741181 24.400000
    endloop
  endfacet
  facet normal 0.000000 0.000000 -1.000000
    outer loop
      vertex 60.200001 41.549999 24.400000
      vertex 116.599998 26.033333 24.400000
      vertex 118.400002 14.462828 24.400000
    endloop
  endfacet
  facet normal 0.000000 0.000000 -1.000000
    outer loop
      vertex 116.599998 32.033333 24.400000
      vertex 116.599998 26.033333 24.400000
      vertex 60.200001 41.549999 24.400000
    endloop
  endfacet
  facet normal 0.000000 0.000000 -1.000000
    outer loop
      vertex 116.599998 32.033333 24.400000
      vertex 60.200001 41.549999 24.400000
      vertex 118.400002 46.606060 24.400000
    endloop
  endfacet
  facet normal 0.000000 0.000000 -1.000000
    outer loop
      vertex 118.400002 14.462828 24.400000
      vertex 116.599998 26.033333 24.400000
      vertex 118.199997 26.033333 24.400000
    endloop
  endfacet
  facet normal 0.000000 0.000000 -1.000000
    outer loop
      vertex 118.400002 14.462828 24.400000
      vertex 118.199997 26.033333 24.400000
      vertex 118.400002 46.606060 24.400000
    endloop
  endfacet
  facet normal 0.000000 0.000000 -1.000000
    outer loop
      vertex 118.199997 26.033333 24.400000
      vertex 118.199997 32.033333 24.400000
      vertex 118.400002 46.606060 24.400000
    endloop
  endfacet
  facet normal 0.000000 0.000000 -1.000000
    outer loop
      vertex 116.599998 32.033333 24.400000
      vertex 118.400002 46.606060 24.400000
      vertex 118.199997 32.033333 24.400000
    endloop
  endfacet
  facet normal 0.000000 0.000000 1.000000
    outer loop
      vertex 2.000000 83.099998 26.400000
      vertex 118.400002 3.313953 26.400000
      vertex 118.400002 81.099998 26.400000
    endloop
  endfacet
  facet normal 0.000000 0.000000 -1.000000
    outer loop
      vertex 38.466667 79.300003 24.400000
      vertex 44.466667 79.300003 24.400000
      vertex 116.599998 57.066666 24.400000
    endloop
  endfacet
  facet normal 0.000000 0.000000 -1.000000
    outer loop
      vertex 44.466667 79.300003 24.400000
      vertex 75.933334 80.900002 24.400000
      vertex 75.933334 79.300003 24.400000
    endloop
  endfacet
  facet normal 0.000000 0.000000 -1.000000
    outer loop
      vertex 44.466667 80.900002 24.400000
      vertex 38.466667 80.900002 24.400000
      vertex 118.400002 83.099998 24.400000
    endloop
  endfacet
  facet normal 0.000000 0.000000 -1.000000
    outer loop
      vertex 44.466667 79.300003 24.400000
      vertex 75.933334 79.300003 24.400000
      vertex 116.599998 57.066666 24.400000
    endloop
  endfacet
  facet normal 0.000000 0.000000 -1.000000
    outer loop
      vertex 44.466667 80.900002 24.400000
      vertex 118.400002 83.099998 24.400000
      vertex 75.933334 80.900002 24.400000
    endloop
  endfacet
  facet normal 0.000000 1.000000 0.000000
    outer loop
      vertex 118.400002 83.099998 24.400000
      vertex 2.000000 83.099998 24.400000
      vertex 118.400002 83.099998 26.400000
    endloop
  endfacet
  facet normal 0.000000 0.000000 1.000000
    outer loop
      vertex 2.000000 83.099998 26.400000
      vertex 118.400002 81.099998 26.400000
      vertex 118.400002 83.099998 26.400000
    endloop
  endfacet
  facet normal 0.000000 0.000000 -1.000000
    outer loop
      vertex 60.200001 41.549999 24.400000
      vertex 116.599998 57.066666 24.400000
      vertex 116.599998 51.066666 24.400000
    endloop
  endfacet
  facet normal 0.000000 0.000000 -1.000000
    outer loop
      vertex 60.200001 41.549999 24.400000
      vertex 116.599998 51.066666 24.400000
      vertex 118.400002 46.606060 24.400000
    endloop
  endfacet
  facet normal 0.000000 0.000000 -1.000000
    outer loop
      vertex 118.400002 46.606060 24.400000
      vertex 116.599998 51.066666 24.400000
      vertex 118.199997 51.066666 24.400000
    endloop
  endfacet
  facet normal 0.000000 0.000000 -1.000000
    outer loop
      vertex 118.400002 46.606060 24.400000
      vertex 118.199997 51.066666 24.400000
      vertex 118.400002 81.099998 24.400000
    endloop
  endfacet
  facet normal 0.000000 0.000000 -1.000000
    outer loop
      vertex 75.933334 79.300003 24.400000
      vertex 81.933334 79.300003 24.400000
      vertex 116.599998 57.066666 24.400000
    endloop
  endfacet
  facet normal 0.000000 0.000000 -1.000000
    outer loop
      vertex 81.933334 80.900002 24.400000
      vertex 75.933334 80.900002 24.400000
      vertex 118.400002 83.099998 24.400000
    endloop
  endfacet
  facet normal 0.000000 0.000000 -1.000000
    outer loop
      vertex 81.933334 79.300003 24.400000
      vertex 81.933334 80.900002 24.400000
      vertex 118.400002 81.099998 24.400000
    endloop
  endfacet
  facet normal 0.000000 0.000000 -1.000000
    outer loop
      vertex 116.599998 57.066666 24.400000
      vertex 81.933334 79.300003 24.400000
      vertex 118.400002 81.099998 24.400000
    endloop
  endfacet
  facet normal 0.000000 0.000000 -1.000000
    outer loop
      vertex 118.199997 51.066666 24.400000
      vertex 118.199997 57.066666 24.400000
      vertex 118.400002 81.099998 24.400000
    endloop
  endfacet
  facet normal 0.000000 0.000000 -1.000000
    outer loop
      vertex 116.599998 57.066666 24.400000
      vertex 118.400002 81.099998 24.400000
      vertex 118.199997 57.066666 24.400000
    endloop
  endfacet
  facet normal 0.000000 0.000000 -1.000000
    outer loop
      vertex 81.933334 80.900002 24.400000
      vertex 118.400002 83.099998 24.400000
      vertex 118.400002 81.099998 24.400000
    endloop
  endfacet
  facet normal 0.000000 0.000000 -1.000000
    outer loop
      vertex 0.267949 1.000000 24.400000
      vertex 0.068148 1.482362 24.400000
      vertex 2.000000 0.000000 24.400000
    endloop
  endfacet
  facet normal 0.000000 0.000000 -1.000000
    outer loop
      vertex 0.585786 0.585786 24.400000
      vertex 2.000000 0.000000 24.400000
      vertex 1.000000 0.267949 24.400000
    endloop
  endfacet
  facet normal 0.000000 0.000000 -1.000000
    outer loop
      vertex 0.585786 0.585786 24.400000
      vertex 0.267949 1.000000 24.400000
      vertex 2.000000 0.000000 24.400000
    endloop
  endfacet
  facet normal 0.000000 0.000000 -1.000000
    outer loop
      vertex 1.000000 0.267949 24.400000
      vertex 2.000000 0.000000 24.400000
      vertex 1.482362 0.068148 24.400000
    endloop
  endfacet
  facet normal 0.000000 0.000000 -1.000000
    outer loop
      vertex 0.068148 1.482362 24.400000
      vertex 2.000000 2.000000 24.400000
      vertex 2.000000 0.000000 24.400000
    endloop
  endfacet
  facet normal 0.000000 0.000000 -1.000000
    outer loop
      vertex 0.068148 1.482362 24.400000
      vertex 0.000000 2.000000 24.400000
      vertex 2.000000 2.000000 24.400000
    endloop
  endfacet
  facet normal -0.608761 -0.793353 0.000000
    outer loop
      vertex 0.585786 0.585786 24.400000
      vertex 1.000000 0.267949 24.400000
      vertex 0.585786 0.585786 26.400000
    endloop
  endfacet
  facet normal -0.793353 -0.608761 0.000000
    outer loop
      vertex 0.585786 0.585786 24.400000
      vertex 0.267949 1.000000 26.400000
      vertex 0.267949 1.000000 24.400000
    endloop
  endfacet
  facet normal -0.382683 -0.923880 0.000000
    outer loop
      vertex 1.000000 0.267949 24.400000
      vertex 1.482362 0.068148 24.400000
      vertex 1.000000 0.267949 26.400000
    endloop
  endfacet
  facet normal -0.130526 -0.991445 0.000000
    outer loop
      vertex 1.482362 0.068148 24.400000
      vertex 2.000000 0.000000 24.400000
      vertex 1.482362 0.068148 26.400000
    endloop
  endfacet
  facet normal -0.923880 -0.382683 0.000000
    outer loop
      vertex 0.267949 1.000000 24.400000
      vertex 0.068148 1.482362 26.400000
      vertex 0.068148 1.482362 24.400000
    endloop
  endfacet
  facet normal -0.991445 -0.130526 0.000000
    outer loop
      vertex 0.068148 1.482362 24.400000
      vertex 0.000000 2.000000 26.400000
      vertex 0.000000 2.000000 24.400000
    endloop
  endfacet
  facet normal -0.608761 -0.793353 0.000000
    outer loop
      vertex 1.000000 0.267949 24.400000
      vertex 1.000000 0.267949 26.400000
      vertex 0.585786 0.585786 26.400000
    endloop
  endfacet
  facet normal -0.923880 -0.382683 0.000000
    outer loop
      vertex 0.267949 1.000000 24.400000
      vertex 0.267949 1.000000 26.400000
      vertex 0.068148 1.482362 26.400000
    endloop
  endfacet
  facet normal -0.793353 -0.608761 0.000000
    outer loop
      vertex 0.585786 0.585786 24.400000
      vertex 0.585786 0.585786 26.400000
      vertex 0.267949 1.000000 26.400000
    endloop
  endfacet
  facet normal -0.382683 -0.923880 0.000000
    outer loop
      vertex 1.482362 0.068148 24.400000
      vertex 1.482362 0.068148 26.400000
      vertex 1.000000 0.267949 26.400000
    endloop
  endfacet
  facet normal -0.130526 -0.991445 0.000000
    outer loop
      vertex 1.482362 0.068148 26.400000
      vertex 2.000000 0.000000 24.400000
      vertex 2.000000 0.000000 26.400000
    endloop
  endfacet
  facet normal -0.991445 -0.130526 0.000000
    outer loop
      vertex 0.068148 1.482362 24.400000
      vertex 0.068148 1.482362 26.400000
      vertex 0.000000 2.000000 26.400000
    endloop
  endfacet
  facet normal 0.000000 0.000000 1.000000
    outer loop
      vertex 0.585786 0.585786 26.400000
      vertex 0.000000 2.000000 26.400000
      vertex 0.267949 1.000000 26.400000
    endloop
  endfacet
  facet normal 0.000000 0.000000 1.000000
    outer loop
      vertex 0.585786 0.585786 26.400000
      vertex 1.000000 0.267949 26.400000
      vertex 0.000000 2.000000 26.400000
    endloop
  endfacet
  facet normal 0.000000 0.000000 1.000000
    outer loop
      vertex 1.000000 0.267949 26.400000
      vertex 1.482362 0.068148 26.400000
      vertex 0.000000 2.000000 26.400000
    endloop
  endfacet
  facet normal 0.000000 0.000000 1.000000
    outer loop
      vertex 1.482362 0.068148 26.400000
      vertex 2.000000 0.000000 26.400000
      vertex 0.000000 2.000000 26.400000
    endloop
  endfacet
  facet normal 0.000000 0.000000 1.000000
    outer loop
      vertex 0.267949 1.000000 26.400000
      vertex 0.000000 2.000000 26.400000
      vertex 0.068148 1.482362 26.400000
    endloop
  endfacet
  facet normal 0.000000 0.000000 1.000000
    outer loop
      vertex 0.000000 2.000000 26.400000
      vertex 2.000000 0.000000 26.400000
      vertex 2.000000 2.000000 26.400000
    endloop
  endfacet
  facet normal 0.000000 0.000000 -1.000000
    outer loop
      vertex 120.331848 2.000000 24.400000
      vertex 118.400002 0.000000 24.400000
      vertex 116.907646 1.065420 24.400000
    endloop
  endfacet
  facet normal 0.000000 0.000000 -1.000000
    outer loop
      vertex 118.917641 0.068148 24.400000
      vertex 118.400002 0.000000 24.400000
      vertex 120.331848 2.000000 24.400000
    endloop
  endfacet
  facet normal 0.000000 0.000000 -1.000000
    outer loop
      vertex 118.917641 0.068148 24.400000
      vertex 120.331848 2.000000 24.400000
      vertex 119.400002 0.267949 24.400000
    endloop
  endfacet
  facet normal 0.000000 0.000000 -1.000000
    outer loop
      vertex 119.400002 0.267949 24.400000
      vertex 120.331848 2.000000 24.400000
      vertex 119.814217 0.585786 24.400000
    endloop
  endfacet
  facet normal 0.000000 0.000000 -1.000000
    outer loop
      vertex 119.814217 0.585786 24.400000
      vertex 120.331848 2.000000 24.400000
      vertex 120.132050 1.000000 24.400000
    endloop
  endfacet
  facet normal 0.000000 0.000000 -1.000000
    outer loop
      vertex 120.331848 2.000000 24.400000
      vertex 116.907646 1.065420 24.400000
      vertex 118.400002 1.741181 24.400000
    endloop
  endfacet
  facet normal 0.000000 0.000000 -1.000000
    outer loop
      vertex 120.331848 2.000000 24.400000
      vertex 118.400002 1.741181 24.400000
      vertex 118.400002 2.000000 24.400000
    endloop
  endfacet
  facet normal 0.000000 0.000000 -1.000000
    outer loop
      vertex 120.132050 1.000000 24.400000
      vertex 120.331848 2.000000 24.400000
      vertex 120.331848 1.482362 24.400000
    endloop
  endfacet
  facet normal 0.000000 0.000000 -1.000000
    outer loop
      vertex 120.331848 1.482362 24.400000
      vertex 120.331848 2.000000 24.400000
      vertex 120.400002 2.000000 24.400000
    endloop
  endfacet
  facet normal 0.000000 0.000000 -1.000000
    outer loop
      vertex 120.400002 2.000000 24.400000
      vertex 120.331848 2.000000 24.400000
      vertex 120.331848 2.044772 24.400000
    endloop
  endfacet
  facet normal 0.130526 -0.991445 0.000000
    outer loop
      vertex 118.917641 0.068148 24.400000
      vertex 118.400002 0.000000 26.400000
      vertex 118.400002 0.000000 24.400000
    endloop
  endfacet
  facet normal 0.382684 -0.923879 0.000000
    outer loop
      vertex 118.917641 0.068148 24.400000
      vertex 119.400002 0.267949 24.400000
      vertex 118.917641 0.068148 26.400000
    endloop
  endfacet
  facet normal 0.608760 -0.793354 0.000000
    outer loop
      vertex 119.400002 0.267949 24.400000
      vertex 119.814217 0.585786 24.400000
      vertex 119.400002 0.267949 26.400000
    endloop
  endfacet
  facet normal 0.793357 -0.608756 0.000000
    outer loop
      vertex 119.814217 0.585786 24.400000
      vertex 120.132050 1.000000 24.400000
      vertex 119.814217 0.585786 26.400000
    endloop
  endfacet
  facet normal 0.923881 -0.382680 0.000000
    outer loop
      vertex 120.132050 1.000000 24.400000
      vertex 120.331848 1.482362 24.400000
      vertex 120.132050 1.000000 26.400000
    endloop
  endfacet
  facet normal 0.991444 -0.130536 0.000000
    outer loop
      vertex 120.331848 1.482362 24.400000
      vertex 120.400002 2.000000 24.400000
      vertex 120.331848 1.482362 26.400000
    endloop
  endfacet
  facet normal 0.130526 -0.991445 0.000000
    outer loop
      vertex 118.917641 0.068148 24.400000
      vertex 118.917641 0.068148 26.400000
      vertex 118.400002 0.000000 26.400000
    endloop
  endfacet
  facet normal 0.382684 -0.923879 0.000000
    outer loop
      vertex 119.400002 0.267949 24.400000
      vertex 119.400002 0.267949 26.400000
      vertex 118.917641 0.068148 26.400000
    endloop
  endfacet
  facet normal 0.608760 -0.793354 0.000000
    outer loop
      vertex 119.814217 0.585786 24.400000
      vertex 119.814217 0.585786 26.400000
      vertex 119.400002 0.267949 26.400000
    endloop
  endfacet
  facet normal 0.793357 -0.608756 0.000000
    outer loop
      vertex 120.132050 1.000000 24.400000
      vertex 120.132050 1.000000 26.400000
      vertex 119.814217 0.585786 26.400000
    endloop
  endfacet
  facet normal 0.923881 -0.382680 0.000000
    outer loop
      vertex 120.331848 1.482362 24.400000
      vertex 120.331848 1.482362 26.400000
      vertex 120.132050 1.000000 26.400000
    endloop
  endfacet
  facet normal 0.991444 -0.130536 0.000000
    outer loop
      vertex 120.400002 2.000000 24.400000
      vertex 120.400002 2.000000 26.400000
      vertex 120.331848 1.482362 26.400000
    endloop
  endfacet
  facet normal 0.000000 0.000000 1.000000
    outer loop
      vertex 118.917641 0.068148 26.400000
      vertex 119.400002 0.267949 26.400000
      vertex 118.400002 0.000000 26.400000
    endloop
  endfacet
  facet normal 0.000000 0.000000 1.000000
    outer loop
      vertex 119.400002 0.267949 26.400000
      vertex 119.814217 0.585786 26.400000
      vertex 118.400002 0.000000 26.400000
    endloop
  endfacet
  facet normal 0.000000 0.000000 1.000000
    outer loop
      vertex 119.814217 0.585786 26.400000
      vertex 120.132050 1.000000 26.400000
      vertex 118.400002 0.000000 26.400000
    endloop
  endfacet
  facet normal 0.000000 0.000000 1.000000
    outer loop
      vertex 120.132050 1.000000 26.400000
      vertex 120.331848 1.482362 26.400000
      vertex 118.400002 0.000000 26.400000
    endloop
  endfacet
  facet normal 0.000000 0.000000 1.000000
    outer loop
      vertex 120.331848 1.482362 26.400000
      vertex 120.400002 2.000000 26.400000
      vertex 118.400002 0.000000 26.400000
    endloop
  endfacet
  facet normal 0.000000 0.000000 1.000000
    outer loop
      vertex 120.400002 2.000000 26.400000
      vertex 118.400002 3.313953 26.400000
      vertex 118.400002 0.000000 26.400000
    endloop
  endfacet
  facet normal 0.000000 0.000000 -1.000000
    outer loop
      vertex 0.068148 81.055229 24.400000
      vertex 0.000000 81.099998 24.400000
      vertex 0.068148 81.099998 24.400000
    endloop
  endfacet
  facet normal 0.000000 0.000000 -1.000000
    outer loop
      vertex 0.000000 81.099998 24.400000
      vertex 0.068148 81.617638 24.400000
      vertex 0.068148 81.099998 24.400000
    endloop
  endfacet
  facet normal 0.000000 0.000000 -1.000000
    outer loop
      vertex 0.068148 81.099998 24.400000
      vertex 0.068148 81.617638 24.400000
      vertex 0.267949 82.099998 24.400000
    endloop
  endfacet
  facet normal 0.000000 0.000000 -1.000000
    outer loop
      vertex 0.068148 81.099998 24.400000
      vertex 2.000000 82.623604 24.400000
      vertex 2.000000 81.099998 24.400000
    endloop
  endfacet
  facet normal 0.000000 0.000000 -1.000000
    outer loop
      vertex 0.068148 81.099998 24.400000
      vertex 0.267949 82.099998 24.400000
      vertex 0.585786 82.514214 24.400000
    endloop
  endfacet
  facet normal 0.000000 0.000000 -1.000000
    outer loop
      vertex 0.068148 81.099998 24.400000
      vertex 0.585786 82.514214 24.400000
      vertex 1.000000 82.832054 24.400000
    endloop
  endfacet
  facet normal 0.000000 0.000000 -1.000000
    outer loop
      vertex 0.068148 81.099998 24.400000
      vertex 1.000000 82.832054 24.400000
      vertex 1.482362 83.031853 24.400000
    endloop
  endfacet
  facet normal 0.000000 0.000000 -1.000000
    outer loop
      vertex 0.068148 81.099998 24.400000
      vertex 2.000000 83.099998 24.400000
      vertex 2.000000 82.623604 24.400000
    endloop
  endfacet
  facet normal 0.000000 0.000000 -1.000000
    outer loop
      vertex 0.068148 81.099998 24.400000
      vertex 1.482362 83.031853 24.400000
      vertex 2.000000 83.099998 24.400000
    endloop
  endfacet
  facet normal 0.000000 0.000000 -1.000000
    outer loop
      vertex 2.000000 83.099998 24.400000
      vertex 2.317050 82.873650 24.400000
      vertex 2.000000 82.623604 24.400000
    endloop
  endfacet
  facet normal -0.991445 0.130526 0.000000
    outer loop
      vertex 0.000000 81.099998 24.400000
      vertex 0.068148 81.617638 26.400000
      vertex 0.068148 81.617638 24.400000
    endloop
  endfacet
  facet normal -0.923879 0.382684 0.000000
    outer loop
      vertex 0.068148 81.617638 24.400000
      vertex 0.267949 82.099998 26.400000
      vertex 0.267949 82.099998 24.400000
    endloop
  endfacet
  facet normal -0.793354 0.608760 0.000000
    outer loop
      vertex 0.267949 82.099998 24.400000
      vertex 0.585786 82.514214 26.400000
      vertex 0.585786 82.514214 24.400000
    endloop
  endfacet
  facet normal -0.608765 0.793350 0.000000
    outer loop
      vertex 0.585786 82.514214 24.400000
      vertex 1.000000 82.832054 26.400000
      vertex 1.000000 82.832054 24.400000
    endloop
  endfacet
  facet normal -0.382680 0.923881 0.000000
    outer loop
      vertex 1.000000 82.832054 24.400000
      vertex 1.482362 83.031853 26.400000
      vertex 1.482362 83.031853 24.400000
    endloop
  endfacet
  facet normal -0.130521 0.991446 0.000000
    outer loop
      vertex 1.482362 83.031853 24.400000
      vertex 2.000000 83.099998 26.400000
      vertex 2.000000 83.099998 24.400000
    endloop
  endfacet
  facet normal -0.991445 0.130526 0.000000
    outer loop
      vertex 0.000000 81.099998 24.400000
      vertex 0.000000 81.099998 26.400000
      vertex 0.068148 81.617638 26.400000
    endloop
  endfacet
  facet normal -0.923879 0.382684 0.000000
    outer loop
      vertex 0.068148 81.617638 24.400000
      vertex 0.068148 81.617638 26.400000
      vertex 0.267949 82.099998 26.400000
    endloop
  endfacet
  facet normal -0.793354 0.608760 0.000000
    outer loop
      vertex 0.267949 82.099998 24.400000
      vertex 0.267949 82.099998 26.400000
      vertex 0.585786 82.514214 26.400000
    endloop
  endfacet
  facet normal -0.608765 0.793350 0.000000
    outer loop
      vertex 0.585786 82.514214 24.400000
      vertex 0.585786 82.514214 26.400000
      vertex 1.000000 82.832054 26.400000
    endloop
  endfacet
  facet normal -0.382680 0.923881 0.000000
    outer loop
      vertex 1.000000 82.832054 24.400000
      vertex 1.000000 82.832054 26.400000
      vertex 1.482362 83.031853 26.400000
    endloop
  endfacet
  facet normal -0.130521 0.991446 0.000000
    outer loop
      vertex 1.482362 83.031853 24.400000
      vertex 1.482362 83.031853 26.400000
      vertex 2.000000 83.099998 26.400000
    endloop
  endfacet
  facet normal 0.000000 0.000000 1.000000
    outer loop
      vertex 0.000000 81.099998 26.400000
      vertex 2.000000 79.786049 26.400000
      vertex 2.000000 83.099998 26.400000
    endloop
  endfacet
  facet normal 0.000000 0.000000 1.000000
    outer loop
      vertex 0.000000 81.099998 26.400000
      vertex 2.000000 83.099998 26.400000
      vertex 0.068148 81.617638 26.400000
    endloop
  endfacet
  facet normal 0.000000 0.000000 1.000000
    outer loop
      vertex 0.068148 81.617638 26.400000
      vertex 2.000000 83.099998 26.400000
      vertex 0.267949 82.099998 26.400000
    endloop
  endfacet
  facet normal 0.000000 0.000000 1.000000
    outer loop
      vertex 0.267949 82.099998 26.400000
      vertex 2.000000 83.099998 26.400000
      vertex 0.585786 82.514214 26.400000
    endloop
  endfacet
  facet normal 0.000000 0.000000 1.000000
    outer loop
      vertex 0.585786 82.514214 26.400000
      vertex 2.000000 83.099998 26.400000
      vertex 1.000000 82.832054 26.400000
    endloop
  endfacet
  facet normal 0.000000 0.000000 1.000000
    outer loop
      vertex 1.000000 82.832054 26.400000
      vertex 2.000000 83.099998 26.400000
      vertex 1.482362 83.031853 26.400000
    endloop
  endfacet
  facet normal 0.000000 0.000000 -1.000000
    outer loop
      vertex 120.400002 81.099998 24.400000
      vertex 118.400002 81.099998 24.400000
      vertex 118.400002 83.099998 24.400000
    endloop
  endfacet
  facet normal 0.000000 0.000000 -1.000000
    outer loop
      vertex 120.400002 81.099998 24.400000
      vertex 120.132050 82.099998 24.400000
      vertex 120.331848 81.617638 24.400000
    endloop
  endfacet
  facet normal 0.000000 0.000000 -1.000000
    outer loop
      vertex 120.400002 81.099998 24.400000
      vertex 118.400002 83.099998 24.400000
      vertex 118.917641 83.031853 24.400000
    endloop
  endfacet
  facet normal 0.000000 0.000000 -1.000000
    outer loop
      vertex 120.400002 81.099998 24.400000
      vertex 118.917641 83.031853 24.400000
      vertex 119.400002 82.832054 24.400000
    endloop
  endfacet
  facet normal 0.000000 0.000000 -1.000000
    outer loop
      vertex 120.400002 81.099998 24.400000
      vertex 119.400002 82.832054 24.400000
      vertex 119.814217 82.514214 24.400000
    endloop
  endfacet
  facet normal 0.000000 0.000000 -1.000000
    outer loop
      vertex 120.400002 81.099998 24.400000
      vertex 119.814217 82.514214 24.400000
      vertex 120.132050 82.099998 24.400000
    endloop
  endfacet
  facet normal 0.991444 0.130535 0.000000
    outer loop
      vertex 120.400002 81.099998 24.400000
      vertex 120.331848 81.617638 24.400000
      vertex 120.400002 81.099998 26.400000
    endloop
  endfacet
  facet normal 0.923881 0.382680 0.000000
    outer loop
      vertex 120.331848 81.617638 24.400000
      vertex 120.132050 82.099998 24.400000
      vertex 120.331848 81.617638 26.400000
    endloop
  endfacet
  facet normal 0.130521 0.991446 0.000000
    outer loop
      vertex 118.917641 83.031853 24.400000
      vertex 118.400002 83.099998 24.400000
      vertex 118.917641 83.031853 26.400000
    endloop
  endfacet
  facet normal 0.382680 0.923881 0.000000
    outer loop
      vertex 118.917641 83.031853 24.400000
      vertex 119.400002 82.832054 26.400000
      vertex 119.400002 82.832054 24.400000
    endloop
  endfacet
  facet normal 0.793358 0.608755 0.000000
    outer loop
      vertex 120.132050 82.099998 24.400000
      vertex 119.814217 82.514214 24.400000
      vertex 120.132050 82.099998 26.400000
    endloop
  endfacet
  facet normal 0.608764 0.793351 0.000000
    outer loop
      vertex 119.400002 82.832054 24.400000
      vertex 119.814217 82.514214 26.400000
      vertex 119.814217 82.514214 24.400000
    endloop
  endfacet
  facet normal 0.991444 0.130535 0.000000
    outer loop
      vertex 120.331848 81.617638 24.400000
      vertex 120.331848 81.617638 26.400000
      vertex 120.400002 81.099998 26.400000
    endloop
  endfacet
  facet normal 0.130521 0.991446 0.000000
    outer loop
      vertex 118.917641 83.031853 26.400000
      vertex 118.400002 83.099998 24.400000
      vertex 118.400002 83.099998 26.400000
    endloop
  endfacet
  facet normal 0.382680 0.923881 0.000000
    outer loop
      vertex 118.917641 83.031853 24.400000
      vertex 118.917641 83.031853 26.400000
      vertex 119.400002 82.832054 26.400000
    endloop
  endfacet
  facet normal 0.793358 0.608755 0.000000
    outer loop
      vertex 119.814217 82.514214 24.400000
      vertex 119.814217 82.514214 26.400000
      vertex 120.132050 82.099998 26.400000
    endloop
  endfacet
  facet normal 0.923881 0.382680 0.000000
    outer loop
      vertex 120.132050 82.099998 24.400000
      vertex 120.132050 82.099998 26.400000
      vertex 120.331848 81.617638 26.400000
    endloop
  endfacet
  facet normal 0.608764 0.793351 0.000000
    outer loop
      vertex 119.400002 82.832054 24.400000
      vertex 119.400002 82.832054 26.400000
      vertex 119.814217 82.514214 26.400000
    endloop
  endfacet
  facet normal 0.000000 0.000000 1.000000
    outer loop
      vertex 120.400002 81.099998 26.400000
      vertex 118.400002 83.099998 26.400000
      vertex 118.400002 81.099998 26.400000
    endloop
  endfacet
  facet normal 0.000000 0.000000 1.000000
    outer loop
      vertex 120.400002 81.099998 26.400000
      vertex 120.331848 81.617638 26.400000
      vertex 120.132050 82.099998 26.400000
    endloop
  endfacet
  facet normal 0.000000 0.000000 1.000000
    outer loop
      vertex 120.400002 81.099998 26.400000
      vertex 118.917641 83.031853 26.400000
      vertex 118.400002 83.099998 26.400000
    endloop
  endfacet
  facet normal 0.000000 0.000000 1.000000
    outer loop
      vertex 120.400002 81.099998 26.400000
      vertex 119.400002 82.832054 26.400000
      vertex 118.917641 83.031853 26.400000
    endloop
  endfacet
  facet normal 0.000000 0.000000 1.000000
    outer loop
      vertex 120.400002 81.099998 26.400000
      vertex 119.814217 82.514214 26.400000
      vertex 119.400002 82.832054 26.400000
    endloop
  endfacet
  facet normal 0.000000 0.000000 1.000000
    outer loop
      vertex 120.400002 81.099998 26.400000
      vertex 120.132050 82.099998 26.400000
      vertex 119.814217 82.514214 26.400000
    endloop
  endfacet
  facet normal 0.000000 0.000000 -1.000000
    outer loop
      vertex 2.200000 48.166668 18.400000
      vertex 2.200000 54.166668 18.400000
      vertex 3.800000 48.166668 18.400000
    endloop
  endfacet
  facet normal 0.000000 -1.000000 0.000000
    outer loop
      vertex 2.200000 48.166668 18.400000
      vertex 3.800000 48.166668 18.400000
      vertex 2.500000 48.166668 20.600000
    endloop
  endfacet
  facet normal -1.000000 0.000000 0.000000
    outer loop
      vertex 2.200000 48.166668 18.400000
      vertex 2.200000 48.166672 19.890909
      vertex 2.200000 54.166668 19.890909
    endloop
  endfacet
  facet normal -0.000019 -1.000000 0.000003
    outer loop
      vertex 2.200000 48.166668 18.400000
      vertex 2.500000 48.166668 20.600000
      vertex 2.200000 48.166672 19.890909
    endloop
  endfacet
  facet normal -1.000000 0.000000 0.000000
    outer loop
      vertex 2.200000 48.166668 20.600000
      vertex 2.200000 48.166672 20.600000
      vertex 2.200000 48.166672 19.890909
    endloop
  endfacet
  facet normal 0.000000 -1.000000 -0.000005
    outer loop
      vertex 2.500000 48.166668 20.600000
      vertex 2.200000 48.166668 20.600000
      vertex 2.200000 48.166672 19.890909
    endloop
  endfacet
  facet normal 0.000000 0.000000 -1.000000
    outer loop
      vertex 3.800000 48.166668 18.400000
      vertex 2.200000 54.166668 18.400000
      vertex 3.800000 54.166668 18.400000
    endloop
  endfacet
  facet normal -1.000000 0.000000 0.000000
    outer loop
      vertex 2.200000 48.166668 18.400000
      vertex 2.200000 54.166668 19.890909
      vertex 2.200000 54.166668 18.400000
    endloop
  endfacet
  facet normal 0.000000 1.000000 0.000000
    outer loop
      vertex 2.200000 54.166668 18.400000
      vertex 2.500000 54.166668 19.400000
      vertex 3.800000 54.166668 18.400000
    endloop
  endfacet
  facet normal 0.000000 1.000000 0.000000
    outer loop
      vertex 2.200000 54.166668 18.400000
      vertex 2.200000 54.166668 19.890909
      vertex 2.500000 54.166668 19.400000
    endloop
  endfacet
  facet normal 0.000000 -1.000000 0.000000
    outer loop
      vertex 3.800000 48.166668 18.400000
      vertex 2.500000 48.166668 23.400000
      vertex 2.500000 48.166668 20.600000
    endloop
  endfacet
  facet normal 1.000000 0.000000 0.000000
    outer loop
      vertex 3.800000 48.166668 18.400000
      vertex 3.800000 54.166668 18.400000
      vertex 3.800000 48.166668 24.400000
    endloop
  endfacet
  facet normal 0.000000 -1.000000 0.000000
    outer loop
      vertex 3.800000 48.166668 18.400000
      vertex 3.800000 48.166668 24.400000
      vertex 2.500000 48.166668 23.400000
    endloop
  endfacet
  facet normal 0.000000 1.000000 0.000000
    outer loop
      vertex 3.800000 54.166668 18.400000
      vertex 2.500000 54.166668 19.400000
      vertex 3.800000 54.166668 24.400000
    endloop
  endfacet
  facet normal 0.000000 1.000000 0.000000
    outer loop
      vertex 3.800000 54.166668 24.400000
      vertex 2.500000 54.166668 19.400000
      vertex 2.500000 54.166668 21.200001
    endloop
  endfacet
  facet normal 0.000000 -1.000000 0.000000
    outer loop
      vertex 2.200000 48.166668 23.400000
      vertex 2.500000 48.166668 23.400000
      vertex 3.800000 48.166668 24.400000
    endloop
  endfacet
  facet normal 0.000000 -1.000000 0.000000
    outer loop
      vertex 2.200000 48.166668 23.400000
      vertex 3.800000 48.166668 24.400000
      vertex 2.200000 48.166668 24.400000
    endloop
  endfacet
  facet normal -1.000000 0.000000 0.000000
    outer loop
      vertex 2.200000 48.166668 23.400000
      vertex 2.200000 48.166668 24.400000
      vertex 2.200000 54.166668 24.400000
    endloop
  endfacet
  facet normal 1.000000 0.000000 0.000000
    outer loop
      vertex 3.800000 54.166668 18.400000
      vertex 3.800000 54.166668 24.400000
      vertex 3.800000 48.166668 24.400000
    endloop
  endfacet
  facet normal 0.000000 1.000000 0.000000
    outer loop
      vertex 2.500000 54.166668 23.400000
      vertex 3.800000 54.166668 24.400000
      vertex 2.500000 54.166668 21.200001
    endloop
  endfacet
  facet normal -1.000000 0.000000 0.000000
    outer loop
      vertex 2.200000 48.166668 23.400000
      vertex 2.200000 54.166668 24.400000
      vertex 2.200000 54.166668 23.400000
    endloop
  endfacet
  facet normal 0.000000 1.000000 0.000000
    outer loop
      vertex 2.200000 54.166668 23.400000
      vertex 2.200000 54.166668 24.400000
      vertex 2.500000 54.166668 23.400000
    endloop
  endfacet
  facet normal 0.000000 1.000000 0.000000
    outer loop
      vertex 2.500000 54.166668 23.400000
      vertex 2.200000 54.166668 24.400000
      vertex 3.800000 54.166668 24.400000
    endloop
  endfacet
  facet normal 0.000000 0.000000 -1.000000
    outer loop
      vertex 2.200000 48.166668 20.600000
      vertex 1.766667 48.166672 20.600000
      vertex 2.200000 48.166672 20.600000
    endloop
  endfacet
  facet normal 0.000010 -1.000000 0.000006
    outer loop
      vertex 1.400000 48.166668 20.600000
      vertex 1.766667 48.166672 20.600000
      vertex 1.400000 48.166672 21.200001
    endloop
  endfacet
  facet normal 0.000000 0.000000 -1.000000
    outer loop
      vertex 1.400000 48.166668 20.600000
      vertex 1.400000 54.166668 20.600000
      vertex 1.766667 48.166672 20.600000
    endloop
  endfacet
  facet normal -1.000000 0.000000 0.000000
    outer loop
      vertex 1.400000 48.166668 20.600000
      vertex 1.400000 48.166672 21.200001
      vertex 1.400000 54.166668 21.200001
    endloop
  endfacet
  facet normal -0.000009 -1.000000 -0.000003
    outer loop
      vertex 1.766667 48.166672 20.600000
      vertex 2.200000 48.166668 20.600000
      vertex 1.400000 48.166668 23.400000
    endloop
  endfacet
  facet normal 0.000000 -1.000000 0.000000
    outer loop
      vertex 2.200000 48.166668 20.600000
      vertex 2.500000 48.166668 20.600000
      vertex 1.400000 48.166668 23.400000
    endloop
  endfacet
  facet normal -0.000003 -1.000000 -0.000002
    outer loop
      vertex 1.766667 48.166672 20.600000
      vertex 1.400000 48.166668 23.400000
      vertex 1.400000 48.166672 21.200001
    endloop
  endfacet
  facet normal 0.000000 0.000000 0.000000
    outer loop
      vertex 1.400000 48.166668 23.400000
      vertex 1.400000 48.166672 21.200001
      vertex 1.400000 48.166672 21.200001
    endloop
  endfacet
  facet normal 0.000000 0.000000 -1.000000
    outer loop
      vertex 1.400000 54.166668 20.600000
      vertex 1.766667 54.166668 20.600000
      vertex 1.766667 48.166672 20.600000
    endloop
  endfacet
  facet normal -1.000000 0.000000 0.000000
    outer loop
      vertex 1.400000 48.166668 20.600000
      vertex 1.400000 54.166668 21.200001
      vertex 1.400000 54.166668 20.600000
    endloop
  endfacet
  facet normal 0.000000 1.000000 0.000000
    outer loop
      vertex 1.400000 54.166668 20.600000
      vertex 1.400000 54.166668 21.200001
      vertex 1.766667 54.166668 20.600000
    endloop
  endfacet
  facet normal -1.000000 0.000000 0.000000
    outer loop
      vertex 1.400000 54.166668 23.400000
      vertex 1.400000 54.166668 21.200001
      vertex 1.400000 48.166672 21.200001
    endloop
  endfacet
  facet normal 0.000000 1.000000 0.000000
    outer loop
      vertex 2.500000 54.166668 23.400000
      vertex 2.500000 54.166668 21.200001
      vertex 1.400000 54.166668 21.200001
    endloop
  endfacet
  facet normal 0.000000 -1.000000 0.000000
    outer loop
      vertex 2.500000 48.166668 20.600000
      vertex 2.200000 48.166668 23.400000
      vertex 1.400000 48.166668 23.400000
    endloop
  endfacet
  facet normal 0.000000 -1.000000 0.000000
    outer loop
      vertex 2.500000 48.166668 20.600000
      vertex 2.500000 48.166668 23.400000
      vertex 2.200000 48.166668 23.400000
    endloop
  endfacet
  facet normal -1.000000 0.000000 0.000000
    outer loop
      vertex 1.400000 48.166668 23.400000
      vertex 1.400000 54.166668 23.400000
      vertex 1.400000 48.166672 21.200001
    endloop
  endfacet
  facet normal 0.000000 0.000000 1.000000
    outer loop
      vertex 1.400000 48.166668 23.400000
      vertex 2.200000 48.166668 23.400000
      vertex 1.400000 54.166668 23.400000
    endloop
  endfacet
  facet normal 0.000000 1.000000 0.000000
    outer loop
      vertex 1.400000 54.166668 23.400000
      vertex 2.200000 54.166668 23.400000
      vertex 1.400000 54.166668 21.200001
    endloop
  endfacet
  facet normal 0.000000 1.000000 0.000000
    outer loop
      vertex 2.200000 54.166668 23.400000
      vertex 2.500000 54.166668 23.400000
      vertex 1.400000 54.166668 21.200001
    endloop
  endfacet
  facet normal 0.000000 0.000000 1.000000
    outer loop
      vertex 2.200000 48.166668 23.400000
      vertex 2.200000 54.166668 23.400000
      vertex 1.400000 54.166668 23.400000
    endloop
  endfacet
  facet normal 0.000000 -1.000000 0.000000
    outer loop
      vertex 2.200000 48.166672 20.600000
      vertex 1.766667 48.166672 20.600000
      vertex 2.200000 48.166672 19.890909
    endloop
  endfacet
  facet normal -0.853282 0.000000 -0.521450
    outer loop
      vertex 2.200000 54.166668 19.890909
      vertex 2.200000 48.166672 19.890909
      vertex 1.766667 48.166672 20.600000
    endloop
  endfacet
  facet normal -0.853282 0.000000 -0.521450
    outer loop
      vertex 2.500000 54.166672 19.400000
      vertex 2.500000 54.166668 19.400000
      vertex 2.200000 54.166668 19.890909
    endloop
  endfacet
  facet normal 1.000000 0.000000 0.000000
    outer loop
      vertex 2.500000 54.166672 19.400000
      vertex 2.500000 54.166672 21.200001
      vertex 2.500000 54.166668 19.400000
    endloop
  endfacet
  facet normal -0.853282 0.000000 -0.521450
    outer loop
      vertex 1.766667 48.166672 20.600000
      vertex 1.766667 54.166668 20.600000
      vertex 2.200000 54.166668 19.890909
    endloop
  endfacet
  facet normal -0.000013 1.000000 0.000000
    outer loop
      vertex 2.500000 54.166672 19.400000
      vertex 2.200000 54.166668 19.890909
      vertex 2.500000 54.166672 21.200001
    endloop
  endfacet
  facet normal 0.000000 0.000000 0.000000
    outer loop
      vertex 1.400000 48.166672 21.200001
      vertex 1.400000 48.166672 21.200001
      vertex 1.400000 48.166672 21.200001
    endloop
  endfacet
  facet normal 0.000000 0.000000 0.000000
    outer loop
      vertex 1.400000 48.166672 21.200001
      vertex 1.400000 54.166668 21.200001
      vertex 1.400000 48.166672 21.200001
    endloop
  endfacet
  facet normal 0.000000 0.000000 0.000000
    outer loop
      vertex 1.400000 48.166672 21.200001
      vertex 1.400000 48.166672 21.200001
      vertex 1.400000 54.166672 21.200001
    endloop
  endfacet
  facet normal -0.000003 1.000000 -0.000002
    outer loop
      vertex 2.500000 54.166672 21.200001
      vertex 2.200000 54.166668 19.890909
      vertex 1.766667 54.166668 20.600000
    endloop
  endfacet
  facet normal 1.000000 0.000000 0.000000
    outer loop
      vertex 2.500000 54.166672 21.200001
      vertex 2.500000 54.166668 21.200001
      vertex 2.500000 54.166668 19.400000
    endloop
  endfacet
  facet normal -0.853282 0.000000 -0.521450
    outer loop
      vertex 1.400000 54.166672 21.200001
      vertex 1.766667 54.166668 20.600000
      vertex 1.400000 54.166668 21.200001
    endloop
  endfacet
  facet normal 0.000000 1.000000 -0.000006
    outer loop
      vertex 1.766667 54.166668 20.600000
      vertex 1.400000 54.166672 21.200001
      vertex 2.500000 54.166672 21.200001
    endloop
  endfacet
  facet normal 0.000000 0.000000 0.000000
    outer loop
      vertex 1.400000 48.166672 21.200001
      vertex 1.400000 54.166672 21.200001
      vertex 1.400000 54.166668 21.200001
    endloop
  endfacet
  facet normal 0.000000 0.000000 0.000000
    outer loop
      vertex 1.400000 54.166672 21.200001
      vertex 1.400000 48.166672 21.200001
      vertex 1.400000 54.166668 21.200001
    endloop
  endfacet
  facet normal 0.000000 0.000000 1.000000
    outer loop
      vertex 1.400000 54.166672 21.200001
      vertex 1.400000 54.166668 21.200001
      vertex 2.500000 54.166672 21.200001
    endloop
  endfacet
  facet normal 0.000000 0.000000 1.000000
    outer loop
      vertex 2.500000 54.166672 21.200001
      vertex 1.400000 54.166668 21.200001
      vertex 2.500000 54.166668 21.200001
    endloop
  endfacet
  facet normal 0.000000 -1.000000 0.000000
    outer loop
      vertex 2.200000 62.133335 18.400000
      vertex 3.800000 62.133335 18.400000
      vertex 2.500000 62.133335 20.600000
    endloop
  endfacet
  facet normal -0.000019 -1.000000 0.000003
    outer loop
      vertex 2.200000 62.133335 18.400000
      vertex 2.500000 62.133335 20.600000
      vertex 2.200000 62.133339 19.890909
    endloop
  endfacet
  facet normal -1.000000 0.000000 0.000000
    outer loop
      vertex 2.200000 62.133335 20.600000
      vertex 2.200000 62.133339 20.600000
      vertex 2.200000 62.133339 19.890909
    endloop
  endfacet
  facet normal 0.000000 -1.000000 -0.000005
    outer loop
      vertex 2.500000 62.133335 20.600000
      vertex 2.200000 62.133335 20.600000
      vertex 2.200000 62.133339 19.890909
    endloop
  endfacet
  facet normal 0.000000 -1.000000 0.000000
    outer loop
      vertex 3.800000 62.133335 18.400000
      vertex 2.500000 62.133335 23.400000
      vertex 2.500000 62.133335 20.600000
    endloop
  endfacet
  facet normal 0.000000 -1.000000 0.000000
    outer loop
      vertex 3.800000 62.133335 18.400000
      vertex 3.800000 62.133335 24.400000
      vertex 2.500000 62.133335 23.400000
    endloop
  endfacet
  facet normal 0.000000 0.000000 -1.000000
    outer loop
      vertex 2.200000 62.133335 18.400000
      vertex 2.200000 68.133331 18.400000
      vertex 3.800000 62.133335 18.400000
    endloop
  endfacet
  facet normal 0.000000 0.000000 -1.000000
    outer loop
      vertex 3.800000 62.133335 18.400000
      vertex 2.200000 68.133331 18.400000
      vertex 3.800000 68.133331 18.400000
    endloop
  endfacet
  facet normal -1.000000 0.000000 0.000000
    outer loop
      vertex 2.200000 62.133335 18.400000
      vertex 2.200000 68.133331 19.890909
      vertex 2.200000 68.133331 18.400000
    endloop
  endfacet
  facet normal -1.000000 0.000000 0.000000
    outer loop
      vertex 2.200000 62.133335 18.400000
      vertex 2.200000 62.133339 19.890909
      vertex 2.200000 68.133331 19.890909
    endloop
  endfacet
  facet normal 0.000000 1.000000 0.000000
    outer loop
      vertex 2.200000 68.133331 18.400000
      vertex 2.200000 68.133331 19.890909
      vertex 2.500000 68.133331 20.600000
    endloop
  endfacet
  facet normal 0.000000 0.000000 0.000000
    outer loop
      vertex 2.200000 68.133331 20.600000
      vertex 2.200000 68.133331 19.890909
      vertex 2.200000 68.133331 20.600000
    endloop
  endfacet
  facet normal 0.000000 1.000000 0.000000
    outer loop
      vertex 2.200000 68.133331 19.890909
      vertex 2.200000 68.133331 20.600000
      vertex 2.500000 68.133331 20.600000
    endloop
  endfacet
  facet normal 1.000000 0.000000 0.000000
    outer loop
      vertex 3.800000 62.133335 18.400000
      vertex 3.800000 68.133331 18.400000
      vertex 3.800000 62.133335 24.400000
    endloop
  endfacet
  facet normal 0.000000 1.000000 0.000000
    outer loop
      vertex 2.200000 68.133331 18.400000
      vertex 3.800000 68.133331 24.400000
      vertex 3.800000 68.133331 18.400000
    endloop
  endfacet
  facet normal 0.000000 1.000000 0.000000
    outer loop
      vertex 2.200000 68.133331 18.400000
      vertex 2.500000 68.133331 20.600000
      vertex 3.800000 68.133331 24.400000
    endloop
  endfacet
  facet normal 0.000000 -1.000000 0.000000
    outer loop
      vertex 2.200000 62.133335 23.400000
      vertex 2.500000 62.133335 23.400000
      vertex 3.800000 62.133335 24.400000
    endloop
  endfacet
  facet normal 0.000000 -1.000000 0.000000
    outer loop
      vertex 2.200000 62.133335 23.400000
      vertex 3.800000 62.133335 24.400000
      vertex 2.200000 62.133335 24.400000
    endloop
  endfacet
  facet normal 1.000000 0.000000 0.000000
    outer loop
      vertex 3.800000 68.133331 18.400000
      vertex 3.800000 68.133331 24.400000
      vertex 3.800000 62.133335 24.400000
    endloop
  endfacet
  facet normal 0.000000 1.000000 0.000000
    outer loop
      vertex 2.500000 68.133331 20.600000
      vertex 2.500000 68.133331 23.400000
      vertex 3.800000 68.133331 24.400000
    endloop
  endfacet
  facet normal -1.000000 0.000000 0.000000
    outer loop
      vertex 2.200000 62.133335 23.400000
      vertex 2.200000 68.133331 24.400000
      vertex 2.200000 68.133331 23.400000
    endloop
  endfacet
  facet normal -1.000000 0.000000 0.000000
    outer loop
      vertex 2.200000 62.133335 23.400000
      vertex 2.200000 62.133335 24.400000
      vertex 2.200000 68.133331 24.400000
    endloop
  endfacet
  facet normal 0.000000 1.000000 0.000000
    outer loop
      vertex 2.200000 68.133331 23.400000
      vertex 2.200000 68.133331 24.400000
      vertex 2.500000 68.133331 23.400000
    endloop
  endfacet
  facet normal 0.000000 1.000000 0.000000
    outer loop
      vertex 2.500000 68.133331 23.400000
      vertex 2.200000 68.133331 24.400000
      vertex 3.800000 68.133331 24.400000
    endloop
  endfacet
  facet normal 0.000000 0.000000 -1.000000
    outer loop
      vertex 2.200000 62.133335 20.600000
      vertex 1.766667 62.133339 20.600000
      vertex 2.200000 62.133339 20.600000
    endloop
  endfacet
  facet normal 0.000010 -1.000000 0.000006
    outer loop
      vertex 1.400000 62.133335 20.600000
      vertex 1.766667 62.133339 20.600000
      vertex 1.400000 62.133339 21.200001
    endloop
  endfacet
  facet normal -0.000009 -1.000000 -0.000003
    outer loop
      vertex 1.766667 62.133339 20.600000
      vertex 2.200000 62.133335 20.600000
      vertex 1.400000 62.133335 23.400000
    endloop
  endfacet
  facet normal 0.000000 -1.000000 0.000000
    outer loop
      vertex 2.200000 62.133335 20.600000
      vertex 2.500000 62.133335 20.600000
      vertex 1.400000 62.133335 23.400000
    endloop
  endfacet
  facet normal -0.000003 -1.000000 -0.000002
    outer loop
      vertex 1.766667 62.133339 20.600000
      vertex 1.400000 62.133335 23.400000
      vertex 1.400000 62.133339 21.200001
    endloop
  endfacet
  facet normal 0.000000 0.000000 0.000000
    outer loop
      vertex 1.400000 62.133335 23.400000
      vertex 1.400000 62.133339 21.200001
      vertex 1.400000 62.133339 21.200001
    endloop
  endfacet
  facet normal 0.000000 0.000000 -1.000000
    outer loop
      vertex 1.400000 62.133335 20.600000
      vertex 1.400000 68.133331 20.600000
      vertex 1.766667 62.133339 20.600000
    endloop
  endfacet
  facet normal 0.000000 0.000000 -1.000000
    outer loop
      vertex 1.400000 68.133331 20.600000
      vertex 1.766667 68.133331 20.600000
      vertex 1.766667 62.133339 20.600000
    endloop
  endfacet
  facet normal -1.000000 0.000000 0.000000
    outer loop
      vertex 1.400000 62.133335 20.600000
      vertex 1.400000 68.133331 21.200001
      vertex 1.400000 68.133331 20.600000
    endloop
  endfacet
  facet normal -1.000000 0.000000 0.000000
    outer loop
      vertex 1.400000 62.133335 20.600000
      vertex 1.400000 62.133339 21.200001
      vertex 1.400000 68.133331 21.200001
    endloop
  endfacet
  facet normal 0.000000 0.000000 0.000000
    outer loop
      vertex 2.200000 68.133331 20.600000
      vertex 2.200000 68.133331 20.600000
      vertex 1.766667 68.133331 20.600000
    endloop
  endfacet
  facet normal 0.000000 0.000000 0.000000
    outer loop
      vertex 1.400000 68.133331 20.600000
      vertex 1.400000 68.133331 21.200001
      vertex 1.400000 68.133331 21.200001
    endloop
  endfacet
  facet normal -1.000000 0.000000 0.000000
    outer loop
      vertex 1.400000 68.133331 23.400000
      vertex 1.400000 68.133331 21.200001
      vertex 1.400000 62.133339 21.200001
    endloop
  endfacet
  facet normal 0.000000 1.000000 0.000000
    outer loop
      vertex 1.400000 68.133331 20.600000
      vertex 2.500000 68.133331 23.400000
      vertex 1.766667 68.133331 20.600000
    endloop
  endfacet
  facet normal 0.000000 1.000000 0.000000
    outer loop
      vertex 2.500000 68.133331 23.400000
      vertex 2.200000 68.133331 20.600000
      vertex 1.766667 68.133331 20.600000
    endloop
  endfacet
  facet normal 0.000000 1.000000 0.000000
    outer loop
      vertex 2.200000 68.133331 20.600000
      vertex 2.500000 68.133331 23.400000
      vertex 2.500000 68.133331 20.600000
    endloop
  endfacet
  facet normal 0.000000 1.000000 0.000000
    outer loop
      vertex 1.400000 68.133331 20.600000
      vertex 1.400000 68.133331 21.200001
      vertex 2.200000 68.133331 23.400000
    endloop
  endfacet
  facet normal 0.000000 -1.000000 0.000000
    outer loop
      vertex 2.500000 62.133335 20.600000
      vertex 2.200000 62.133335 23.400000
      vertex 1.400000 62.133335 23.400000
    endloop
  endfacet
  facet normal 0.000000 -1.000000 0.000000
    outer loop
      vertex 2.500000 62.133335 20.600000
      vertex 2.500000 62.133335 23.400000
      vertex 2.200000 62.133335 23.400000
    endloop
  endfacet
  facet normal -1.000000 0.000000 0.000000
    outer loop
      vertex 1.400000 62.133335 23.400000
      vertex 1.400000 68.133331 23.400000
      vertex 1.400000 62.133339 21.200001
    endloop
  endfacet
  facet normal 0.000000 1.000000 0.000000
    outer loop
      vertex 1.400000 68.133331 20.600000
      vertex 2.200000 68.133331 23.400000
      vertex 2.500000 68.133331 23.400000
    endloop
  endfacet
  facet normal 0.000000 1.000000 0.000000
    outer loop
      vertex 1.400000 68.133331 21.200001
      vertex 1.400000 68.133331 23.400000
      vertex 2.200000 68.133331 23.400000
    endloop
  endfacet
  facet normal 0.000000 0.000000 1.000000
    outer loop
      vertex 1.400000 62.133335 23.400000
      vertex 2.200000 62.133335 23.400000
      vertex 1.400000 68.133331 23.400000
    endloop
  endfacet
  facet normal 0.000000 0.000000 1.000000
    outer loop
      vertex 2.200000 62.133335 23.400000
      vertex 2.200000 68.133331 23.400000
      vertex 1.400000 68.133331 23.400000
    endloop
  endfacet
  facet normal 0.000000 -1.000000 0.000000
    outer loop
      vertex 2.200000 62.133339 20.600000
      vertex 1.766667 62.133339 20.600000
      vertex 2.200000 62.133339 19.890909
    endloop
  endfacet
  facet normal 0.000000 0.000000 0.000000
    outer loop
      vertex 1.400000 62.133339 21.200001
      vertex 1.400000 62.133339 21.200001
      vertex 1.400000 62.133339 21.200001
    endloop
  endfacet
  facet normal -0.853282 0.000000 -0.521450
    outer loop
      vertex 2.200000 68.133331 19.890909
      vertex 2.200000 62.133339 19.890909
      vertex 1.766667 62.133339 20.600000
    endloop
  endfacet
  facet normal -0.853282 0.000000 -0.521450
    outer loop
      vertex 1.766667 62.133339 20.600000
      vertex 1.766667 68.133331 20.600000
      vertex 2.200000 68.133331 19.890909
    endloop
  endfacet
  facet normal 0.000000 1.000000 0.000000
    outer loop
      vertex 2.200000 68.133331 20.600000
      vertex 2.200000 68.133331 19.890909
      vertex 1.766667 68.133331 20.600000
    endloop
  endfacet
  facet normal 0.000000 0.000000 0.000000
    outer loop
      vertex 1.400000 62.133339 21.200001
      vertex 1.400000 68.133331 21.200001
      vertex 1.400000 62.133339 21.200001
    endloop
  endfacet
  facet normal 0.000000 0.000000 0.000000
    outer loop
      vertex 1.400000 62.133339 21.200001
      vertex 1.400000 62.133339 21.200001
      vertex 1.400000 68.133331 21.200001
    endloop
  endfacet
  facet normal 0.000000 0.000000 0.000000
    outer loop
      vertex 1.400000 62.133339 21.200001
      vertex 1.400000 68.133331 21.200001
      vertex 1.400000 68.133331 21.200001
    endloop
  endfacet
  facet normal 0.000000 0.000000 0.000000
    outer loop
      vertex 1.400000 68.133331 21.200001
      vertex 1.400000 62.133339 21.200001
      vertex 1.400000 68.133331 21.200001
    endloop
  endfacet
  facet normal 0.000000 0.000000 0.000000
    outer loop
      vertex 1.400000 68.133331 21.200001
      vertex 1.400000 68.133331 21.200001
      vertex 1.400000 68.133331 21.200001
    endloop
  endfacet
  facet normal 0.000000 0.000000 -1.000000
    outer loop
      vertex 116.599998 26.033333 18.400000
      vertex 116.599998 32.033333 18.400000
      vertex 118.199997 26.033333 18.400000
    endloop
  endfacet
  facet normal 0.000000 -1.000000 0.000000
    outer loop
      vertex 116.599998 26.033333 18.400000
      vertex 118.199997 26.033333 18.400000
      vertex 117.900002 26.033333 19.400000
    endloop
  endfacet
  facet normal 1.000000 0.000000 0.000000
    outer loop
      vertex 118.199997 26.033333 18.400000
      vertex 118.199997 32.033333 18.400000
      vertex 118.199997 26.033333 19.890907
    endloop
  endfacet
  facet normal 0.000000 0.000000 -1.000000
    outer loop
      vertex 118.199997 26.033333 18.400000
      vertex 116.599998 32.033333 18.400000
      vertex 118.199997 32.033333 18.400000
    endloop
  endfacet
  facet normal 0.000000 -1.000000 0.000000
    outer loop
      vertex 118.199997 26.033333 18.400000
      vertex 118.199997 26.033333 19.890907
      vertex 117.900002 26.033333 19.400000
    endloop
  endfacet
  facet normal 1.000000 0.000000 0.000000
    outer loop
      vertex 118.199997 32.033333 18.400000
      vertex 118.199997 32.033329 19.890907
      vertex 118.199997 26.033333 19.890907
    endloop
  endfacet
  facet normal 0.000000 0.000000 0.000000
    outer loop
      vertex 117.900002 26.033333 20.600000
      vertex 117.900002 26.033333 19.400000
      vertex 117.900002 26.033333 20.600000
    endloop
  endfacet
  facet normal 0.000000 1.000000 0.000000
    outer loop
      vertex 116.599998 32.033333 18.400000
      vertex 117.900002 32.033333 20.600000
      vertex 118.199997 32.033333 18.400000
    endloop
  endfacet
  facet normal 0.000019 1.000000 0.000003
    outer loop
      vertex 118.199997 32.033333 18.400000
      vertex 117.900002 32.033333 20.600000
      vertex 118.199997 32.033329 19.890907
    endloop
  endfacet
  facet normal 0.000000 1.000000 -0.000005
    outer loop
      vertex 117.900002 32.033333 20.600000
      vertex 118.199997 32.033333 20.600000
      vertex 118.199997 32.033329 19.890907
    endloop
  endfacet
  facet normal 1.000000 0.000000 0.000000
    outer loop
      vertex 118.199997 32.033333 20.600000
      vertex 118.199997 32.033329 20.600000
      vertex 118.199997 32.033329 19.890907
    endloop
  endfacet
  facet normal -1.000000 0.000000 0.000000
    outer loop
      vertex 116.599998 26.033333 18.400000
      vertex 116.599998 32.033333 24.400000
      vertex 116.599998 32.033333 18.400000
    endloop
  endfacet
  facet normal 0.000000 -1.000000 0.000000
    outer loop
      vertex 116.599998 26.033333 18.400000
      vertex 117.900002 26.033333 19.400000
      vertex 116.599998 26.033333 24.400000
    endloop
  endfacet
  facet normal 0.000000 -1.000000 0.000000
    outer loop
      vertex 117.900002 26.033333 20.600000
      vertex 116.599998 26.033333 24.400000
      vertex 117.900002 26.033333 19.400000
    endloop
  endfacet
  facet normal 0.000000 -1.000000 0.000000
    outer loop
      vertex 117.900002 26.033333 20.600000
      vertex 117.900002 26.033333 21.200001
      vertex 116.599998 26.033333 24.400000
    endloop
  endfacet
  facet normal 0.000000 1.000000 0.000000
    outer loop
      vertex 116.599998 32.033333 18.400000
      vertex 117.900002 32.033333 23.400000
      vertex 117.900002 32.033333 20.600000
    endloop
  endfacet
  facet normal 0.000000 1.000000 0.000000
    outer loop
      vertex 116.599998 32.033333 18.400000
      vertex 116.599998 32.033333 24.400000
      vertex 117.900002 32.033333 23.400000
    endloop
  endfacet
  facet normal -1.000000 0.000000 0.000000
    outer loop
      vertex 116.599998 26.033333 18.400000
      vertex 116.599998 26.033333 24.400000
      vertex 116.599998 32.033333 24.400000
    endloop
  endfacet
  facet normal 0.000000 -1.000000 0.000000
    outer loop
      vertex 117.900002 26.033333 21.200001
      vertex 117.900002 26.033333 23.400000
      vertex 116.599998 26.033333 24.400000
    endloop
  endfacet
  facet normal 0.000000 -1.000000 0.000000
    outer loop
      vertex 117.900002 26.033333 23.400000
      vertex 118.199997 26.033333 23.400000
      vertex 118.199997 26.033333 24.400000
    endloop
  endfacet
  facet normal 1.000000 0.000000 0.000000
    outer loop
      vertex 118.199997 26.033333 23.400000
      vertex 118.199997 32.033333 23.400000
      vertex 118.199997 26.033333 24.400000
    endloop
  endfacet
  facet normal 0.000000 -1.000000 0.000000
    outer loop
      vertex 117.900002 26.033333 23.400000
      vertex 118.199997 26.033333 24.400000
      vertex 116.599998 26.033333 24.400000
    endloop
  endfacet
  facet normal 1.000000 0.000000 0.000000
    outer loop
      vertex 118.199997 32.033333 23.400000
      vertex 118.199997 32.033333 24.400000
      vertex 118.199997 26.033333 24.400000
    endloop
  endfacet
  facet normal 0.000000 1.000000 0.000000
    outer loop
      vertex 117.900002 32.033333 23.400000
      vertex 116.599998 32.033333 24.400000
      vertex 118.199997 32.033333 23.400000
    endloop
  endfacet
  facet normal 0.000000 1.000000 0.000000
    outer loop
      vertex 118.199997 32.033333 23.400000
      vertex 116.599998 32.033333 24.400000
      vertex 118.199997 32.033333 24.400000
    endloop
  endfacet
  facet normal 0.000000 0.000000 -1.000000
    outer loop
      vertex 119.000000 26.033333 20.600000
      vertex 118.633331 26.033333 20.600000
      vertex 118.633331 32.033329 20.600000
    endloop
  endfacet
  facet normal 0.000000 0.000000 0.000000
    outer loop
      vertex 117.900002 26.033333 20.600000
      vertex 117.900002 26.033333 20.600000
      vertex 117.900002 26.033333 21.200001
    endloop
  endfacet
  facet normal 0.000000 -1.000000 0.000000
    outer loop
      vertex 119.000000 26.033333 20.600000
      vertex 119.000000 26.033333 21.200001
      vertex 118.633331 26.033333 20.600000
    endloop
  endfacet
  facet normal 0.000000 0.000000 -1.000000
    outer loop
      vertex 119.000000 26.033333 20.600000
      vertex 118.633331 32.033329 20.600000
      vertex 119.000000 32.033333 20.600000
    endloop
  endfacet
  facet normal 1.000000 0.000000 0.000000
    outer loop
      vertex 119.000000 26.033333 20.600000
      vertex 119.000000 32.033333 20.600000
      vertex 119.000000 30.747620 21.200001
    endloop
  endfacet
  facet normal 1.000000 0.000000 0.000000
    outer loop
      vertex 119.000000 26.033333 20.600000
      vertex 119.000000 30.747620 21.200001
      vertex 119.000000 26.033333 21.200001
    endloop
  endfacet
  facet normal 0.000000 -1.000000 0.000000
    outer loop
      vertex 117.900002 26.033333 23.400000
      vertex 117.900002 26.033333 21.200001
      vertex 119.000000 26.033333 21.200001
    endloop
  endfacet
  facet normal 1.000000 0.000000 0.000000
    outer loop
      vertex 119.000000 26.033333 23.400000
      vertex 119.000000 26.033333 21.200001
      vertex 119.000000 30.747620 21.200001
    endloop
  endfacet
  facet normal 0.000000 0.000000 -1.000000
    outer loop
      vertex 118.199997 32.033333 20.600000
      vertex 118.633331 32.033329 20.600000
      vertex 118.199997 32.033329 20.600000
    endloop
  endfacet
  facet normal 0.000000 1.000000 0.000000
    outer loop
      vertex 117.900002 32.033333 20.600000
      vertex 119.000000 32.033333 23.400000
      vertex 118.199997 32.033333 20.600000
    endloop
  endfacet
  facet normal 0.000009 1.000000 -0.000003
    outer loop
      vertex 118.199997 32.033333 20.600000
      vertex 119.000000 32.033333 23.400000
      vertex 118.633331 32.033329 20.600000
    endloop
  endfacet
  facet normal -0.000010 1.000000 0.000000
    outer loop
      vertex 119.000000 32.033333 23.400000
      vertex 119.000000 32.033333 20.600000
      vertex 118.633331 32.033329 20.600000
    endloop
  endfacet
  facet normal 1.000000 0.000000 0.000000
    outer loop
      vertex 119.000000 32.033333 20.600000
      vertex 119.000000 32.033333 23.400000
      vertex 119.000000 30.747620 21.200001
    endloop
  endfacet
  facet normal 0.000000 -1.000000 0.000000
    outer loop
      vertex 117.900002 26.033333 23.400000
      vertex 119.000000 26.033333 21.200001
      vertex 118.199997 26.033333 23.400000
    endloop
  endfacet
  facet normal 0.000000 -1.000000 0.000000
    outer loop
      vertex 118.199997 26.033333 23.400000
      vertex 119.000000 26.033333 21.200001
      vertex 119.000000 26.033333 23.400000
    endloop
  endfacet
  facet normal 1.000000 0.000000 0.000000
    outer loop
      vertex 119.000000 26.033333 23.400000
      vertex 119.000000 30.747620 21.200001
      vertex 119.000000 32.033333 23.400000
    endloop
  endfacet
  facet normal 0.000000 0.000000 1.000000
    outer loop
      vertex 118.199997 26.033333 23.400000
      vertex 119.000000 26.033333 23.400000
      vertex 118.199997 32.033333 23.400000
    endloop
  endfacet
  facet normal 0.000000 0.000000 1.000000
    outer loop
      vertex 119.000000 26.033333 23.400000
      vertex 119.000000 32.033333 23.400000
      vertex 118.199997 32.033333 23.400000
    endloop
  endfacet
  facet normal 0.000000 1.000000 0.000000
    outer loop
      vertex 117.900002 32.033333 20.600000
      vertex 117.900002 32.033333 23.400000
      vertex 118.199997 32.033333 23.400000
    endloop
  endfacet
  facet normal 0.000000 1.000000 0.000000
    outer loop
      vertex 117.900002 32.033333 20.600000
      vertex 118.199997 32.033333 23.400000
      vertex 119.000000 32.033333 23.400000
    endloop
  endfacet
  facet normal 0.853285 0.000000 -0.521445
    outer loop
      vertex 117.900002 26.033331 19.400000
      vertex 117.900002 26.033333 19.400000
      vertex 118.199997 26.033333 19.890907
    endloop
  endfacet
  facet normal -1.000000 0.000000 0.000000
    outer loop
      vertex 117.900002 26.033331 19.400000
      vertex 117.900002 26.033333 20.600000
      vertex 117.900002 26.033333 19.400000
    endloop
  endfacet
  facet normal 0.000004 -1.000000 0.000002
    outer loop
      vertex 117.900002 26.033331 19.400000
      vertex 118.199997 26.033333 19.890907
      vertex 117.900002 26.033333 20.600000
    endloop
  endfacet
  facet normal 0.000000 -1.000000 0.000000
    outer loop
      vertex 118.199997 26.033333 19.890907
      vertex 118.633331 26.033333 20.600000
      vertex 117.900002 26.033333 20.600000
    endloop
  endfacet
  facet normal 0.853282 0.000000 -0.521450
    outer loop
      vertex 118.199997 26.033333 19.890907
      vertex 118.633331 32.033329 20.600000
      vertex 118.633331 26.033333 20.600000
    endloop
  endfacet
  facet normal 0.853282 0.000000 -0.521450
    outer loop
      vertex 118.199997 26.033333 19.890907
      vertex 118.199997 32.033329 19.890907
      vertex 118.633331 32.033329 20.600000
    endloop
  endfacet
  facet normal 0.000000 1.000000 0.000000
    outer loop
      vertex 118.199997 32.033329 20.600000
      vertex 118.633331 32.033329 20.600000
      vertex 118.199997 32.033329 19.890907
    endloop
  endfacet
  facet normal 0.000000 -1.000000 -0.000003
    outer loop
      vertex 118.633331 26.033333 20.600000
      vertex 119.000000 26.033331 21.200001
      vertex 117.900002 26.033333 20.600000
    endloop
  endfacet
  facet normal -1.000000 0.000000 0.000000
    outer loop
      vertex 117.900002 26.033331 21.200001
      vertex 117.900002 26.033333 21.200001
      vertex 117.900002 26.033333 20.600000
    endloop
  endfacet
  facet normal 0.000000 -1.000000 -0.000003
    outer loop
      vertex 117.900002 26.033331 21.200001
      vertex 117.900002 26.033333 20.600000
      vertex 119.000000 26.033331 21.200001
    endloop
  endfacet
  facet normal 0.853281 0.000000 -0.521452
    outer loop
      vertex 119.000000 26.033331 21.200001
      vertex 118.633331 26.033333 20.600000
      vertex 119.000000 26.033333 21.200001
    endloop
  endfacet
  facet normal 0.000000 0.000000 1.000000
    outer loop
      vertex 117.900002 26.033331 21.200001
      vertex 119.000000 26.033331 21.200001
      vertex 117.900002 26.033333 21.200001
    endloop
  endfacet
  facet normal 0.000000 0.000000 1.000000
    outer loop
      vertex 119.000000 26.033331 21.200001
      vertex 119.000000 26.033333 21.200001
      vertex 117.900002 26.033333 21.200001
    endloop
  endfacet
  facet normal 0.000019 -1.000000 0.000003
    outer loop
      vertex 118.199997 51.066666 18.400000
      vertex 118.199997 51.066669 19.890907
      vertex 117.900002 51.066666 20.600000
    endloop
  endfacet
  facet normal 0.000000 -1.000000 -0.000005
    outer loop
      vertex 118.199997 51.066669 19.890907
      vertex 118.199997 51.066666 20.600000
      vertex 117.900002 51.066666 20.600000
    endloop
  endfacet
  facet normal 1.000000 0.000000 0.000000
    outer loop
      vertex 118.199997 51.066666 20.600000
      vertex 118.199997 51.066669 19.890907
      vertex 118.199997 51.066669 20.600000
    endloop
  endfacet
  facet normal 0.000000 0.000000 -1.000000
    outer loop
      vertex 116.599998 51.066666 18.400000
      vertex 116.599998 57.066666 18.400000
      vertex 118.199997 51.066666 18.400000
    endloop
  endfacet
  facet normal 1.000000 0.000000 0.000000
    outer loop
      vertex 118.199997 51.066666 18.400000
      vertex 118.199997 57.066666 18.400000
      vertex 118.199997 51.066669 19.890907
    endloop
  endfacet
  facet normal 0.000000 0.000000 -1.000000
    outer loop
      vertex 118.199997 51.066666 18.400000
      vertex 116.599998 57.066666 18.400000
      vertex 118.199997 57.066666 18.400000
    endloop
  endfacet
  facet normal 0.000000 1.000000 0.000000
    outer loop
      vertex 116.599998 57.066666 18.400000
      vertex 117.900002 57.066666 19.400000
      vertex 118.199997 57.066666 18.400000
    endloop
  endfacet
  facet normal 1.000000 0.000000 0.000000
    outer loop
      vertex 118.199997 57.066666 18.400000
      vertex 118.199997 57.066666 19.890907
      vertex 118.199997 51.066669 19.890907
    endloop
  endfacet
  facet normal 0.000000 1.000000 0.000000
    outer loop
      vertex 118.199997 57.066666 18.400000
      vertex 117.900002 57.066666 19.400000
      vertex 118.199997 57.066666 19.890907
    endloop
  endfacet
  facet normal 0.000000 1.000000 0.000000
    outer loop
      vertex 116.599998 57.066666 18.400000
      vertex 117.900002 57.066666 20.600000
      vertex 117.900002 57.066666 19.400000
    endloop
  endfacet
  facet normal 0.000000 1.000000 0.000000
    outer loop
      vertex 116.599998 57.066666 18.400000
      vertex 117.900002 57.066666 21.200001
      vertex 117.900002 57.066666 20.600000
    endloop
  endfacet
  facet normal 0.000000 0.000000 0.000000
    outer loop
      vertex 117.900002 57.066666 20.600000
      vertex 117.900002 57.066666 20.600000
      vertex 117.900002 57.066666 19.400000
    endloop
  endfacet
  facet normal 0.000000 -1.000000 0.000000
    outer loop
      vertex 116.599998 51.066666 18.400000
      vertex 118.199997 51.066666 18.400000
      vertex 116.599998 51.066666 24.400000
    endloop
  endfacet
  facet normal 0.000000 -1.000000 0.000000
    outer loop
      vertex 118.199997 51.066666 18.400000
      vertex 117.900002 51.066666 20.600000
      vertex 116.599998 51.066666 24.400000
    endloop
  endfacet
  facet normal -1.000000 0.000000 0.000000
    outer loop
      vertex 116.599998 51.066666 18.400000
      vertex 116.599998 57.066666 24.400000
      vertex 116.599998 57.066666 18.400000
    endloop
  endfacet
  facet normal 0.000000 1.000000 0.000000
    outer loop
      vertex 116.599998 57.066666 18.400000
      vertex 117.900002 57.066666 23.400000
      vertex 117.900002 57.066666 21.200001
    endloop
  endfacet
  facet normal 0.000000 1.000000 0.000000
    outer loop
      vertex 116.599998 57.066666 18.400000
      vertex 116.599998 57.066666 24.400000
      vertex 117.900002 57.066666 23.400000
    endloop
  endfacet
  facet normal 0.000000 -1.000000 0.000000
    outer loop
      vertex 117.900002 51.066666 20.600000
      vertex 117.900002 51.066666 23.400000
      vertex 116.599998 51.066666 24.400000
    endloop
  endfacet
  facet normal 0.000000 -1.000000 0.000000
    outer loop
      vertex 117.900002 51.066666 23.400000
      vertex 118.199997 51.066666 23.400000
      vertex 118.199997 51.066666 24.400000
    endloop
  endfacet
  facet normal 0.000000 -1.000000 0.000000
    outer loop
      vertex 117.900002 51.066666 23.400000
      vertex 118.199997 51.066666 24.400000
      vertex 116.599998 51.066666 24.400000
    endloop
  endfacet
  facet normal -1.000000 0.000000 0.000000
    outer loop
      vertex 116.599998 51.066666 18.400000
      vertex 116.599998 51.066666 24.400000
      vertex 116.599998 57.066666 24.400000
    endloop
  endfacet
  facet normal 1.000000 0.000000 0.000000
    outer loop
      vertex 118.199997 51.066666 23.400000
      vertex 118.199997 57.066666 23.400000
      vertex 118.199997 51.066666 24.400000
    endloop
  endfacet
  facet normal 0.000000 1.000000 0.000000
    outer loop
      vertex 117.900002 57.066666 23.400000
      vertex 116.599998 57.066666 24.400000
      vertex 118.199997 57.066666 23.400000
    endloop
  endfacet
  facet normal 1.000000 0.000000 0.000000
    outer loop
      vertex 118.199997 57.066666 23.400000
      vertex 118.199997 57.066666 24.400000
      vertex 118.199997 51.066666 24.400000
    endloop
  endfacet
  facet normal 0.000000 1.000000 0.000000
    outer loop
      vertex 118.199997 57.066666 23.400000
      vertex 116.599998 57.066666 24.400000
      vertex 118.199997 57.066666 24.400000
    endloop
  endfacet
  facet normal 0.000000 0.000000 -1.000000
    outer loop
      vertex 118.199997 51.066666 20.600000
      vertex 118.199997 51.066669 20.600000
      vertex 118.633331 51.066669 20.600000
    endloop
  endfacet
  facet normal 0.000000 -1.000000 0.000000
    outer loop
      vertex 117.900002 51.066666 20.600000
      vertex 118.199997 51.066666 20.600000
      vertex 117.900002 51.066666 23.400000
    endloop
  endfacet
  facet normal 0.000009 -1.000000 0.000001
    outer loop
      vertex 118.199997 51.066666 20.600000
      vertex 118.633331 51.066669 20.600000
      vertex 117.900002 51.066666 23.400000
    endloop
  endfacet
  facet normal -0.000010 -1.000000 -0.000004
    outer loop
      vertex 118.633331 51.066669 20.600000
      vertex 119.000000 51.066666 20.600000
      vertex 117.900002 51.066666 23.400000
    endloop
  endfacet
  facet normal 0.000000 0.000000 -1.000000
    outer loop
      vertex 119.000000 51.066666 20.600000
      vertex 118.633331 51.066669 20.600000
      vertex 118.633331 57.066666 20.600000
    endloop
  endfacet
  facet normal 0.000000 0.000000 -1.000000
    outer loop
      vertex 119.000000 51.066666 20.600000
      vertex 118.633331 57.066666 20.600000
      vertex 119.000000 57.066666 20.600000
    endloop
  endfacet
  facet normal 0.000000 0.000000 0.000000
    outer loop
      vertex 117.900002 57.066666 20.600000
      vertex 117.900002 57.066666 21.200001
      vertex 117.900002 57.066666 20.600000
    endloop
  endfacet
  facet normal 1.000000 0.000000 0.000000
    outer loop
      vertex 119.000000 51.066666 20.600000
      vertex 119.000000 57.066666 20.600000
      vertex 119.000000 55.780952 21.200001
    endloop
  endfacet
  facet normal 0.000000 1.000000 0.000000
    outer loop
      vertex 119.000000 57.066666 20.600000
      vertex 118.633331 57.066666 20.600000
      vertex 119.000000 57.066666 21.200001
    endloop
  endfacet
  facet normal 1.000000 0.000000 0.000000
    outer loop
      vertex 119.000000 57.066666 20.600000
      vertex 119.000000 57.066666 21.200001
      vertex 119.000000 55.780952 21.200001
    endloop
  endfacet
  facet normal 1.000000 0.000000 0.000000
    outer loop
      vertex 119.000000 51.066666 20.600000
      vertex 119.000000 55.780952 21.200001
      vertex 119.000000 51.066666 23.400000
    endloop
  endfacet
  facet normal 0.000000 1.000000 0.000000
    outer loop
      vertex 119.000000 57.066666 23.400000
      vertex 119.000000 57.066666 21.200001
      vertex 117.900002 57.066666 21.200001
    endloop
  endfacet
  facet normal 1.000000 0.000000 0.000000
    outer loop
      vertex 119.000000 57.066666 23.400000
      vertex 119.000000 55.780952 21.200001
      vertex 119.000000 57.066666 21.200001
    endloop
  endfacet
  facet normal 0.000000 -1.000000 0.000000
    outer loop
      vertex 119.000000 51.066666 20.600000
      vertex 118.199997 51.066666 23.400000
      vertex 117.900002 51.066666 23.400000
    endloop
  endfacet
  facet normal 0.000000 -1.000000 0.000000
    outer loop
      vertex 119.000000 51.066666 20.600000
      vertex 119.000000 51.066666 23.400000
      vertex 118.199997 51.066666 23.400000
    endloop
  endfacet
  facet normal 0.000000 1.000000 0.000000
    outer loop
      vertex 117.900002 57.066666 23.400000
      vertex 118.199997 57.066666 23.400000
      vertex 117.900002 57.066666 21.200001
    endloop
  endfacet
  facet normal 0.000000 1.000000 0.000000
    outer loop
      vertex 118.199997 57.066666 23.400000
      vertex 119.000000 57.066666 23.400000
      vertex 117.900002 57.066666 21.200001
    endloop
  endfacet
  facet normal 1.000000 0.000000 0.000000
    outer loop
      vertex 119.000000 51.066666 23.400000
      vertex 119.000000 55.780952 21.200001
      vertex 119.000000 57.066666 23.400000
    endloop
  endfacet
  facet normal 0.000000 0.000000 1.000000
    outer loop
      vertex 118.199997 51.066666 23.400000
      vertex 119.000000 51.066666 23.400000
      vertex 118.199997 57.066666 23.400000
    endloop
  endfacet
  facet normal 0.000000 0.000000 1.000000
    outer loop
      vertex 119.000000 51.066666 23.400000
      vertex 119.000000 57.066666 23.400000
      vertex 118.199997 57.066666 23.400000
    endloop
  endfacet
  facet normal 0.000000 -1.000000 0.000000
    outer loop
      vertex 118.199997 51.066669 20.600000
      vertex 118.199997 51.066669 19.890907
      vertex 118.633331 51.066669 20.600000
    endloop
  endfacet
  facet normal 0.853285 0.000000 -0.521445
    outer loop
      vertex 117.900002 57.066669 19.400000
      vertex 118.199997 57.066666 19.890907
      vertex 117.900002 57.066666 19.400000
    endloop
  endfacet
  facet normal -1.000000 0.000000 0.000000
    outer loop
      vertex 117.900002 57.066669 19.400000
      vertex 117.900002 57.066666 19.400000
      vertex 117.900002 57.066666 20.600000
    endloop
  endfacet
  facet normal 0.853282 0.000000 -0.521450
    outer loop
      vertex 118.199997 51.066669 19.890907
      vertex 118.633331 57.066666 20.600000
      vertex 118.633331 51.066669 20.600000
    endloop
  endfacet
  facet normal 0.853282 0.000000 -0.521450
    outer loop
      vertex 118.199997 57.066666 19.890907
      vertex 118.633331 57.066666 20.600000
      vertex 118.199997 51.066669 19.890907
    endloop
  endfacet
  facet normal 0.000008 1.000000 0.000003
    outer loop
      vertex 117.900002 57.066669 19.400000
      vertex 117.900002 57.066666 20.600000
      vertex 118.199997 57.066666 19.890907
    endloop
  endfacet
  facet normal 0.000000 1.000000 0.000000
    outer loop
      vertex 117.900002 57.066666 20.600000
      vertex 118.633331 57.066666 20.600000
      vertex 118.199997 57.066666 19.890907
    endloop
  endfacet
  facet normal 0.000000 1.000000 -0.000006
    outer loop
      vertex 119.000000 57.066669 21.200001
      vertex 118.633331 57.066666 20.600000
      vertex 117.900002 57.066666 20.600000
    endloop
  endfacet
  facet normal -1.000000 0.000000 0.000000
    outer loop
      vertex 117.900002 57.066669 21.200001
      vertex 117.900002 57.066666 20.600000
      vertex 117.900002 57.066666 21.200001
    endloop
  endfacet
  facet normal 0.000000 1.000000 -0.000006
    outer loop
      vertex 117.900002 57.066666 20.600000
      vertex 117.900002 57.066669 21.200001
      vertex 119.000000 57.066669 21.200001
    endloop
  endfacet
  facet normal 0.853281 0.000000 -0.521452
    outer loop
      vertex 119.000000 57.066669 21.200001
      vertex 119.000000 57.066666 21.200001
      vertex 118.633331 57.066666 20.600000
    endloop
  endfacet
  facet normal 0.000000 0.000000 1.000000
    outer loop
      vertex 117.900002 57.066669 21.200001
      vertex 117.900002 57.066666 21.200001
      vertex 119.000000 57.066666 21.200001
    endloop
  endfacet
  facet normal 0.000000 0.000000 1.000000
    outer loop
      vertex 117.900002 57.066669 21.200001
      vertex 119.000000 57.066666 21.200001
      vertex 119.000000 57.066669 21.200001
    endloop
  endfacet
  facet normal 0.000000 -1.000000 0.000000
    outer loop
      vertex 93.066666 2.200000 18.400000
      vertex 99.066666 2.200000 18.400000
      vertex 93.066673 2.200000 19.890909
    endloop
  endfacet
  facet normal 0.000000 0.000000 -1.000000
    outer loop
      vertex 93.066666 2.200000 18.400000
      vertex 93.066666 3.800000 18.400000
      vertex 99.066666 2.200000 18.400000
    endloop
  endfacet
  facet normal 0.000000 0.000000 -1.000000
    outer loop
      vertex 93.066666 3.800000 18.400000
      vertex 99.066666 3.800000 18.400000
      vertex 99.066666 2.200000 18.400000
    endloop
  endfacet
  facet normal 0.000000 -1.000000 0.000000
    outer loop
      vertex 99.066666 2.200000 18.400000
      vertex 99.066666 2.200000 19.890909
      vertex 93.066673 2.200000 19.890909
    endloop
  endfacet
  facet normal 1.000000 0.000000 0.000000
    outer loop
      vertex 99.066666 2.200000 18.400000
      vertex 99.066666 3.800000 18.400000
      vertex 99.066666 2.500000 19.400000
    endloop
  endfacet
  facet normal 1.000000 0.000000 0.000000
    outer loop
      vertex 99.066666 2.200000 18.400000
      vertex 99.066666 2.500000 19.400000
      vertex 99.066666 2.200000 19.890909
    endloop
  endfacet
  facet normal -1.000000 -0.000038 0.000005
    outer loop
      vertex 93.066666 2.200000 18.400000
      vertex 93.066673 2.200000 19.890909
      vertex 93.066666 2.500000 20.600000
    endloop
  endfacet
  facet normal 0.000000 -1.000000 0.000000
    outer loop
      vertex 93.066666 2.200000 20.600000
      vertex 93.066673 2.200000 19.890909
      vertex 93.066673 2.200000 20.600000
    endloop
  endfacet
  facet normal -1.000000 0.000000 -0.000011
    outer loop
      vertex 93.066673 2.200000 19.890909
      vertex 93.066666 2.200000 20.600000
      vertex 93.066666 2.500000 20.600000
    endloop
  endfacet
  facet normal 1.000000 0.000000 0.000000
    outer loop
      vertex 99.066666 3.800000 18.400000
      vertex 99.066666 2.500000 21.200001
      vertex 99.066666 2.500000 19.400000
    endloop
  endfacet
  facet normal -1.000000 0.000000 0.000000
    outer loop
      vertex 93.066666 2.200000 18.400000
      vertex 93.066666 3.800000 24.400000
      vertex 93.066666 3.800000 18.400000
    endloop
  endfacet
  facet normal 0.000000 1.000000 0.000000
    outer loop
      vertex 93.066666 3.800000 18.400000
      vertex 99.066666 3.800000 24.400000
      vertex 99.066666 3.800000 18.400000
    endloop
  endfacet
  facet normal -1.000000 0.000000 0.000000
    outer loop
      vertex 93.066666 2.200000 18.400000
      vertex 93.066666 2.500000 20.600000
      vertex 93.066666 3.800000 24.400000
    endloop
  endfacet
  facet normal 1.000000 0.000000 0.000000
    outer loop
      vertex 99.066666 3.800000 18.400000
      vertex 99.066666 2.500000 23.400000
      vertex 99.066666 2.500000 21.200001
    endloop
  endfacet
  facet normal 1.000000 0.000000 0.000000
    outer loop
      vertex 99.066666 3.800000 18.400000
      vertex 99.066666 3.800000 24.400000
      vertex 99.066666 2.500000 23.400000
    endloop
  endfacet
  facet normal -1.000000 0.000000 0.000000
    outer loop
      vertex 93.066666 2.500000 20.600000
      vertex 93.066666 2.500000 23.400000
      vertex 93.066666 3.800000 24.400000
    endloop
  endfacet
  facet normal 0.000000 1.000000 0.000000
    outer loop
      vertex 93.066666 3.800000 18.400000
      vertex 93.066666 3.800000 24.400000
      vertex 99.066666 3.800000 24.400000
    endloop
  endfacet
  facet normal -1.000000 0.000000 0.000000
    outer loop
      vertex 93.066666 2.200000 23.400000
      vertex 93.066666 2.200000 24.400000
      vertex 93.066666 2.500000 23.400000
    endloop
  endfacet
  facet normal 0.000000 -1.000000 0.000000
    outer loop
      vertex 93.066666 2.200000 23.400000
      vertex 99.066666 2.200000 23.400000
      vertex 93.066666 2.200000 24.400000
    endloop
  endfacet
  facet normal -1.000000 0.000000 0.000000
    outer loop
      vertex 93.066666 2.500000 23.400000
      vertex 93.066666 2.200000 24.400000
      vertex 93.066666 3.800000 24.400000
    endloop
  endfacet
  facet normal 0.000000 -1.000000 0.000000
    outer loop
      vertex 99.066666 2.200000 23.400000
      vertex 99.066666 2.200000 24.400000
      vertex 93.066666 2.200000 24.400000
    endloop
  endfacet
  facet normal 1.000000 0.000000 0.000000
    outer loop
      vertex 99.066666 2.200000 23.400000
      vertex 99.066666 2.500000 23.400000
      vertex 99.066666 3.800000 24.400000
    endloop
  endfacet
  facet normal 1.000000 0.000000 0.000000
    outer loop
      vertex 99.066666 2.200000 23.400000
      vertex 99.066666 3.800000 24.400000
      vertex 99.066666 2.200000 24.400000
    endloop
  endfacet
  facet normal 0.000000 0.000000 -1.000000
    outer loop
      vertex 93.066666 2.200000 20.600000
      vertex 93.066673 2.200000 20.600000
      vertex 93.066673 1.766667 20.600000
    endloop
  endfacet
  facet normal 0.000000 0.000000 -1.000000
    outer loop
      vertex 93.066666 1.400000 20.600000
      vertex 93.066673 1.766667 20.600000
      vertex 99.066666 1.766667 20.600000
    endloop
  endfacet
  facet normal 0.000000 0.000000 -1.000000
    outer loop
      vertex 93.066666 1.400000 20.600000
      vertex 99.066666 1.766667 20.600000
      vertex 99.066666 1.400000 20.600000
    endloop
  endfacet
  facet normal 0.000000 -1.000000 0.000000
    outer loop
      vertex 93.066666 1.400000 20.600000
      vertex 99.066666 1.400000 20.600000
      vertex 93.066673 1.400000 21.200001
    endloop
  endfacet
  facet normal 0.000000 0.000000 0.000000
    outer loop
      vertex 93.066666 1.400000 20.600000
      vertex 93.066673 1.400000 21.200001
      vertex 93.066673 1.400000 21.200001
    endloop
  endfacet
  facet normal 0.000000 -1.000000 0.000000
    outer loop
      vertex 99.066666 1.400000 20.600000
      vertex 99.066666 1.400000 21.200001
      vertex 93.066673 1.400000 21.200001
    endloop
  endfacet
  facet normal 1.000000 0.000000 0.000000
    outer loop
      vertex 99.066666 1.400000 20.600000
      vertex 99.066666 1.766667 20.600000
      vertex 99.066666 1.400000 21.200001
    endloop
  endfacet
  facet normal -1.000000 0.000021 -0.000008
    outer loop
      vertex 93.066666 1.400000 20.600000
      vertex 93.066666 2.500000 23.400000
      vertex 93.066673 1.766667 20.600000
    endloop
  endfacet
  facet normal -1.000000 -0.000018 0.000002
    outer loop
      vertex 93.066666 2.500000 23.400000
      vertex 93.066666 2.200000 20.600000
      vertex 93.066673 1.766667 20.600000
    endloop
  endfacet
  facet normal -1.000000 0.000000 0.000000
    outer loop
      vertex 93.066666 2.200000 20.600000
      vertex 93.066666 2.500000 23.400000
      vertex 93.066666 2.500000 20.600000
    endloop
  endfacet
  facet normal -1.000000 -0.000045 0.000013
    outer loop
      vertex 93.066666 1.400000 20.600000
      vertex 93.066673 1.400000 21.200001
      vertex 93.066666 2.200000 23.400000
    endloop
  endfacet
  facet normal 0.000000 -1.000000 0.000000
    outer loop
      vertex 93.066666 1.400000 23.400000
      vertex 93.066673 1.400000 21.200001
      vertex 99.066666 1.400000 21.200001
    endloop
  endfacet
  facet normal 1.000000 0.000000 0.000000
    outer loop
      vertex 99.066666 1.400000 23.400000
      vertex 99.066666 1.400000 21.200001
      vertex 99.066666 2.500000 21.200001
    endloop
  endfacet
  facet normal -1.000000 0.000000 0.000000
    outer loop
      vertex 93.066666 1.400000 20.600000
      vertex 93.066666 2.200000 23.400000
      vertex 93.066666 2.500000 23.400000
    endloop
  endfacet
  facet normal -1.000000 0.000000 -0.000003
    outer loop
      vertex 93.066673 1.400000 21.200001
      vertex 93.066666 1.400000 23.400000
      vertex 93.066666 2.200000 23.400000
    endloop
  endfacet
  facet normal 0.000000 -1.000000 0.000000
    outer loop
      vertex 93.066666 1.400000 23.400000
      vertex 99.066666 1.400000 21.200001
      vertex 99.066666 1.400000 23.400000
    endloop
  endfacet
  facet normal 1.000000 0.000000 0.000000
    outer loop
      vertex 99.066666 1.400000 23.400000
      vertex 99.066666 2.500000 21.200001
      vertex 99.066666 2.200000 23.400000
    endloop
  endfacet
  facet normal 1.000000 0.000000 0.000000
    outer loop
      vertex 99.066666 2.200000 23.400000
      vertex 99.066666 2.500000 21.200001
      vertex 99.066666 2.500000 23.400000
    endloop
  endfacet
  facet normal 0.000000 0.000000 1.000000
    outer loop
      vertex 93.066666 1.400000 23.400000
      vertex 99.066666 2.200000 23.400000
      vertex 93.066666 2.200000 23.400000
    endloop
  endfacet
  facet normal 0.000000 0.000000 1.000000
    outer loop
      vertex 93.066666 1.400000 23.400000
      vertex 99.066666 1.400000 23.400000
      vertex 99.066666 2.200000 23.400000
    endloop
  endfacet
  facet normal -1.000000 0.000000 0.000000
    outer loop
      vertex 93.066673 2.200000 20.600000
      vertex 93.066673 2.200000 19.890909
      vertex 93.066673 1.766667 20.600000
    endloop
  endfacet
  facet normal 0.000000 -0.853282 -0.521450
    outer loop
      vertex 99.066666 2.200000 19.890909
      vertex 99.066666 1.766667 20.600000
      vertex 93.066673 2.200000 19.890909
    endloop
  endfacet
  facet normal 0.000000 -0.853282 -0.521450
    outer loop
      vertex 93.066673 2.200000 19.890909
      vertex 99.066666 1.766667 20.600000
      vertex 93.066673 1.766667 20.600000
    endloop
  endfacet
  facet normal 0.000000 -0.853282 -0.521450
    outer loop
      vertex 99.066673 2.500000 19.400000
      vertex 99.066666 2.200000 19.890909
      vertex 99.066666 2.500000 19.400000
    endloop
  endfacet
  facet normal 0.000000 1.000000 0.000000
    outer loop
      vertex 99.066673 2.500000 19.400000
      vertex 99.066666 2.500000 19.400000
      vertex 99.066666 2.500000 21.200001
    endloop
  endfacet
  facet normal 1.000000 -0.000025 0.000000
    outer loop
      vertex 99.066673 2.500000 19.400000
      vertex 99.066673 2.500000 21.200001
      vertex 99.066666 2.200000 19.890909
    endloop
  endfacet
  facet normal 0.000000 0.000000 0.000000
    outer loop
      vertex 93.066673 1.400000 21.200001
      vertex 93.066673 1.400000 21.200001
      vertex 93.066673 1.400000 21.200001
    endloop
  endfacet
  facet normal 0.000000 0.000000 0.000000
    outer loop
      vertex 93.066673 1.400000 21.200001
      vertex 93.066673 1.400000 21.200001
      vertex 99.066673 1.400000 21.200001
    endloop
  endfacet
  facet normal 0.000000 0.000000 0.000000
    outer loop
      vertex 93.066673 1.400000 21.200001
      vertex 99.066666 1.400000 21.200001
      vertex 93.066673 1.400000 21.200001
    endloop
  endfacet
  facet normal 0.000000 0.000000 0.000000
    outer loop
      vertex 99.066673 1.400000 21.200001
      vertex 93.066673 1.400000 21.200001
      vertex 99.066666 1.400000 21.200001
    endloop
  endfacet
  facet normal 0.000000 0.000000 0.000000
    outer loop
      vertex 93.066673 1.400000 21.200001
      vertex 99.066673 1.400000 21.200001
      vertex 99.066666 1.400000 21.200001
    endloop
  endfacet
  facet normal 1.000000 -0.000007 -0.000004
    outer loop
      vertex 99.066673 2.500000 21.200001
      vertex 99.066666 1.766667 20.600000
      vertex 99.066666 2.200000 19.890909
    endloop
  endfacet
  facet normal 0.000000 1.000000 0.000000
    outer loop
      vertex 99.066673 2.500000 19.400000
      vertex 99.066666 2.500000 21.200001
      vertex 99.066673 2.500000 21.200001
    endloop
  endfacet
  facet normal 0.000000 -0.853282 -0.521450
    outer loop
      vertex 99.066673 1.400000 21.200001
      vertex 99.066666 1.400000 21.200001
      vertex 99.066666 1.766667 20.600000
    endloop
  endfacet
  facet normal 1.000000 0.000000 -0.000013
    outer loop
      vertex 99.066673 1.400000 21.200001
      vertex 99.066666 1.766667 20.600000
      vertex 99.066673 2.500000 21.200001
    endloop
  endfacet
  facet normal 0.000000 0.000000 1.000000
    outer loop
      vertex 99.066673 1.400000 21.200001
      vertex 99.066673 2.500000 21.200001
      vertex 99.066666 1.400000 21.200001
    endloop
  endfacet
  facet normal 0.000000 0.000000 1.000000
    outer loop
      vertex 99.066673 2.500000 21.200001
      vertex 99.066666 2.500000 21.200001
      vertex 99.066666 1.400000 21.200001
    endloop
  endfacet
  facet normal 0.000000 -1.000000 0.000000
    outer loop
      vertex 103.233330 2.200000 18.400000
      vertex 109.233330 2.200000 18.400000
      vertex 103.233330 2.200000 19.890909
    endloop
  endfacet
  facet normal 0.000000 0.000000 -1.000000
    outer loop
      vertex 103.233330 2.200000 18.400000
      vertex 103.233330 3.800000 18.400000
      vertex 109.233330 2.200000 18.400000
    endloop
  endfacet
  facet normal -1.000000 0.000000 0.000000
    outer loop
      vertex 103.233330 2.200000 18.400000
      vertex 103.233330 2.500000 19.400000
      vertex 103.233330 3.800000 18.400000
    endloop
  endfacet
  facet normal -1.000000 0.000000 0.000000
    outer loop
      vertex 103.233330 2.200000 18.400000
      vertex 103.233330 2.200000 19.890909
      vertex 103.233330 2.500000 19.400000
    endloop
  endfacet
  facet normal 0.000000 0.000000 -1.000000
    outer loop
      vertex 103.233330 3.800000 18.400000
      vertex 109.233330 3.800000 18.400000
      vertex 109.233330 2.200000 18.400000
    endloop
  endfacet
  facet normal 0.000000 -1.000000 0.000000
    outer loop
      vertex 109.233330 2.200000 18.400000
      vertex 109.233330 2.200000 19.890909
      vertex 103.233330 2.200000 19.890909
    endloop
  endfacet
  facet normal 1.000000 0.000000 0.000000
    outer loop
      vertex 109.233330 2.200000 18.400000
      vertex 109.233330 3.800000 18.400000
      vertex 109.233330 2.500000 20.600000
    endloop
  endfacet
  facet normal 1.000000 0.000000 0.000000
    outer loop
      vertex 109.233330 2.200000 18.400000
      vertex 109.233330 2.500000 20.600000
      vertex 109.233330 2.200000 19.890909
    endloop
  endfacet
  facet normal 0.000000 0.000000 0.000000
    outer loop
      vertex 109.233330 2.200000 20.600000
      vertex 109.233330 2.200000 20.600000
      vertex 109.233330 2.200000 19.890909
    endloop
  endfacet
  facet normal 1.000000 0.000000 0.000000
    outer loop
      vertex 109.233330 2.500000 20.600000
      vertex 109.233330 2.200000 20.600000
      vertex 109.233330 2.200000 19.890909
    endloop
  endfacet
  facet normal -1.000000 0.000000 0.000000
    outer loop
      vertex 103.233330 3.800000 18.400000
      vertex 103.233330 2.500000 19.400000
      vertex 103.233330 3.800000 24.400000
    endloop
  endfacet
  facet normal -1.000000 0.000000 0.000000
    outer loop
      vertex 103.233330 2.500000 21.200001
      vertex 103.233330 3.800000 24.400000
      vertex 103.233330 2.500000 19.400000
    endloop
  endfacet
  facet normal 0.000000 1.000000 0.000000
    outer loop
      vertex 103.233330 3.800000 18.400000
      vertex 109.233330 3.800000 24.400000
      vertex 109.233330 3.800000 18.400000
    endloop
  endfacet
  facet normal 1.000000 0.000000 0.000000
    outer loop
      vertex 109.233330 3.800000 18.400000
      vertex 109.233330 2.500000 23.400000
      vertex 109.233330 2.500000 20.600000
    endloop
  endfacet
  facet normal 1.000000 0.000000 0.000000
    outer loop
      vertex 109.233330 3.800000 18.400000
      vertex 109.233330 3.800000 24.400000
      vertex 109.233330 2.500000 23.400000
    endloop
  endfacet
  facet normal 0.000000 1.000000 0.000000
    outer loop
      vertex 103.233330 3.800000 18.400000
      vertex 103.233330 3.800000 24.400000
      vertex 109.233330 3.800000 24.400000
    endloop
  endfacet
  facet normal -1.000000 0.000000 0.000000
    outer loop
      vertex 103.233330 2.500000 23.400000
      vertex 103.233330 3.800000 24.400000
      vertex 103.233330 2.500000 21.200001
    endloop
  endfacet
  facet normal -1.000000 0.000000 0.000000
    outer loop
      vertex 103.233330 2.200000 23.400000
      vertex 103.233330 2.200000 24.400000
      vertex 103.233330 2.500000 23.400000
    endloop
  endfacet
  facet normal 0.000000 -1.000000 0.000000
    outer loop
      vertex 103.233330 2.200000 23.400000
      vertex 109.233330 2.200000 23.400000
      vertex 103.233330 2.200000 24.400000
    endloop
  endfacet
  facet normal -1.000000 0.000000 0.000000
    outer loop
      vertex 103.233330 2.500000 23.400000
      vertex 103.233330 2.200000 24.400000
      vertex 103.233330 3.800000 24.400000
    endloop
  endfacet
  facet normal 1.000000 0.000000 0.000000
    outer loop
      vertex 109.233330 2.200000 23.400000
      vertex 109.233330 2.500000 23.400000
      vertex 109.233330 3.800000 24.400000
    endloop
  endfacet
  facet normal 0.000000 -1.000000 0.000000
    outer loop
      vertex 109.233330 2.200000 23.400000
      vertex 109.233330 2.200000 24.400000
      vertex 103.233330 2.200000 24.400000
    endloop
  endfacet
  facet normal 1.000000 0.000000 0.000000
    outer loop
      vertex 109.233330 2.200000 23.400000
      vertex 109.233330 3.800000 24.400000
      vertex 109.233330 2.200000 24.400000
    endloop
  endfacet
  facet normal 0.000000 0.000000 -1.000000
    outer loop
      vertex 103.233330 1.400000 20.600000
      vertex 103.233330 1.766667 20.600000
      vertex 109.233330 1.766667 20.600000
    endloop
  endfacet
  facet normal -1.000000 0.000000 0.000000
    outer loop
      vertex 103.233330 1.400000 20.600000
      vertex 103.233330 1.400000 21.200001
      vertex 103.233330 1.766667 20.600000
    endloop
  endfacet
  facet normal 0.000000 -1.000000 0.000000
    outer loop
      vertex 103.233330 1.400000 20.600000
      vertex 109.233330 1.400000 20.600000
      vertex 103.233330 1.400000 21.200001
    endloop
  endfacet
  facet normal -1.000000 0.000000 0.000000
    outer loop
      vertex 103.233330 2.500000 23.400000
      vertex 103.233330 2.500000 21.200001
      vertex 103.233330 1.400000 21.200001
    endloop
  endfacet
  facet normal 0.000000 -1.000000 0.000000
    outer loop
      vertex 103.233330 1.400000 23.400000
      vertex 103.233330 1.400000 21.200001
      vertex 109.233330 1.400000 21.200001
    endloop
  endfacet
  facet normal 0.000000 0.000000 -1.000000
    outer loop
      vertex 103.233330 1.400000 20.600000
      vertex 109.233330 1.766667 20.600000
      vertex 109.233330 1.400000 20.600000
    endloop
  endfacet
  facet normal 0.000000 0.000000 0.000000
    outer loop
      vertex 109.233330 2.200000 20.600000
      vertex 109.233330 1.766667 20.600000
      vertex 109.233330 2.200000 20.600000
    endloop
  endfacet
  facet normal 1.000000 0.000000 0.000000
    outer loop
      vertex 109.233330 1.400000 20.600000
      vertex 109.233330 1.766667 20.600000
      vertex 109.233330 1.400000 21.200001
    endloop
  endfacet
  facet normal 0.000000 -1.000000 0.000000
    outer loop
      vertex 109.233330 1.400000 20.600000
      vertex 109.233330 1.400000 21.200001
      vertex 103.233330 1.400000 21.200001
    endloop
  endfacet
  facet normal 1.000000 0.000000 0.000000
    outer loop
      vertex 109.233330 1.766667 20.600000
      vertex 109.233330 2.200000 20.600000
      vertex 109.233330 1.400000 23.400000
    endloop
  endfacet
  facet normal 1.000000 0.000000 0.000000
    outer loop
      vertex 109.233330 2.200000 20.600000
      vertex 109.233330 2.500000 20.600000
      vertex 109.233330 1.400000 23.400000
    endloop
  endfacet
  facet normal 1.000000 0.000000 0.000000
    outer loop
      vertex 109.233330 1.766667 20.600000
      vertex 109.233330 1.400000 23.400000
      vertex 109.233330 1.400000 21.200001
    endloop
  endfacet
  facet normal 0.000000 0.000000 0.000000
    outer loop
      vertex 109.233330 1.400000 23.400000
      vertex 109.233330 1.400000 21.200001
      vertex 109.233330 1.400000 21.200001
    endloop
  endfacet
  facet normal -1.000000 0.000000 0.000000
    outer loop
      vertex 103.233330 1.400000 23.400000
      vertex 103.233330 2.200000 23.400000
      vertex 103.233330 1.400000 21.200001
    endloop
  endfacet
  facet normal -1.000000 0.000000 0.000000
    outer loop
      vertex 103.233330 2.200000 23.400000
      vertex 103.233330 2.500000 23.400000
      vertex 103.233330 1.400000 21.200001
    endloop
  endfacet
  facet normal 0.000000 0.000000 1.000000
    outer loop
      vertex 103.233330 1.400000 23.400000
      vertex 109.233330 2.200000 23.400000
      vertex 103.233330 2.200000 23.400000
    endloop
  endfacet
  facet normal 0.000000 -1.000000 0.000000
    outer loop
      vertex 103.233330 1.400000 23.400000
      vertex 109.233330 1.400000 21.200001
      vertex 109.233330 1.400000 23.400000
    endloop
  endfacet
  facet normal 1.000000 0.000000 0.000000
    outer loop
      vertex 109.233330 2.500000 20.600000
      vertex 109.233330 2.200000 23.400000
      vertex 109.233330 1.400000 23.400000
    endloop
  endfacet
  facet normal 1.000000 0.000000 0.000000
    outer loop
      vertex 109.233330 2.500000 20.600000
      vertex 109.233330 2.500000 23.400000
      vertex 109.233330 2.200000 23.400000
    endloop
  endfacet
  facet normal 0.000000 0.000000 1.000000
    outer loop
      vertex 103.233330 1.400000 23.400000
      vertex 109.233330 1.400000 23.400000
      vertex 109.233330 2.200000 23.400000
    endloop
  endfacet
  facet normal 0.000000 0.000000 0.000000
    outer loop
      vertex 103.233330 2.500000 19.400000
      vertex 103.233330 2.500000 19.400000
      vertex 103.233330 2.200000 19.890909
    endloop
  endfacet
  facet normal 0.000000 0.000000 0.000000
    outer loop
      vertex 103.233330 2.500000 19.400000
      vertex 103.233330 2.500000 21.200001
      vertex 103.233330 2.500000 19.400000
    endloop
  endfacet
  facet normal -1.000000 0.000000 0.000000
    outer loop
      vertex 103.233330 2.500000 19.400000
      vertex 103.233330 2.200000 19.890909
      vertex 103.233330 2.500000 21.200001
    endloop
  endfacet
  facet normal 0.000000 -0.853282 -0.521450
    outer loop
      vertex 103.233330 2.200000 19.890909
      vertex 109.233330 1.766667 20.600000
      vertex 103.233330 1.766667 20.600000
    endloop
  endfacet
  facet normal 0.000000 -0.853282 -0.521450
    outer loop
      vertex 103.233330 2.200000 19.890909
      vertex 109.233330 2.200000 19.890909
      vertex 109.233330 1.766667 20.600000
    endloop
  endfacet
  facet normal 1.000000 0.000000 0.000000
    outer loop
      vertex 109.233330 2.200000 20.600000
      vertex 109.233330 1.766667 20.600000
      vertex 109.233330 2.200000 19.890909
    endloop
  endfacet
  facet normal -1.000000 0.000000 0.000000
    outer loop
      vertex 103.233330 2.200000 19.890909
      vertex 103.233330 1.766667 20.600000
      vertex 103.233330 2.500000 21.200001
    endloop
  endfacet
  facet normal 0.000000 0.000000 0.000000
    outer loop
      vertex 103.233330 2.500000 21.200001
      vertex 103.233330 2.500000 21.200001
      vertex 103.233330 2.500000 19.400000
    endloop
  endfacet
  facet normal 0.000000 0.000000 0.000000
    outer loop
      vertex 103.233330 1.400000 21.200001
      vertex 103.233330 1.766667 20.600000
      vertex 103.233330 1.400000 21.200001
    endloop
  endfacet
  facet normal -1.000000 0.000000 0.000000
    outer loop
      vertex 103.233330 1.766667 20.600000
      vertex 103.233330 1.400000 21.200001
      vertex 103.233330 2.500000 21.200001
    endloop
  endfacet
  facet normal 0.000000 0.000000 0.000000
    outer loop
      vertex 103.233330 1.400000 21.200001
      vertex 103.233330 1.400000 21.200001
      vertex 103.233330 2.500000 21.200001
    endloop
  endfacet
  facet normal 0.000000 0.000000 0.000000
    outer loop
      vertex 103.233330 2.500000 21.200001
      vertex 103.233330 1.400000 21.200001
      vertex 103.233330 2.500000 21.200001
    endloop
  endfacet
  facet normal 0.000000 0.000000 0.000000
    outer loop
      vertex 103.233330 1.400000 21.200001
      vertex 103.233330 1.400000 21.200001
      vertex 109.233330 1.400000 21.200001
    endloop
  endfacet
  facet normal 0.000000 0.000000 0.000000
    outer loop
      vertex 103.233330 1.400000 21.200001
      vertex 109.233330 1.400000 21.200001
      vertex 103.233330 1.400000 21.200001
    endloop
  endfacet
  facet normal 0.000000 0.000000 0.000000
    outer loop
      vertex 109.233330 1.400000 21.200001
      vertex 103.233330 1.400000 21.200001
      vertex 109.233330 1.400000 21.200001
    endloop
  endfacet
  facet normal 0.000000 0.000000 0.000000
    outer loop
      vertex 103.233330 1.400000 21.200001
      vertex 109.233330 1.400000 21.200001
      vertex 109.233330 1.400000 21.200001
    endloop
  endfacet
  facet normal 0.000000 0.000000 0.000000
    outer loop
      vertex 109.233330 1.400000 21.200001
      vertex 109.233330 1.400000 21.200001
      vertex 109.233330 1.400000 21.200001
    endloop
  endfacet
  facet normal 0.000000 0.000000 -1.000000
    outer loop
      vertex 38.466667 79.300003 18.400000
      vertex 38.466667 80.900002 18.400000
      vertex 44.466667 79.300003 18.400000
    endloop
  endfacet
  facet normal 0.000000 0.000000 -1.000000
    outer loop
      vertex 38.466667 80.900002 18.400000
      vertex 44.466667 80.900002 18.400000
      vertex 44.466667 79.300003 18.400000
    endloop
  endfacet
  facet normal 1.000000 0.000000 0.000000
    outer loop
      vertex 44.466667 79.300003 18.400000
      vertex 44.466667 80.900002 18.400000
      vertex 44.466667 80.599998 19.400000
    endloop
  endfacet
  facet normal 0.000000 1.000000 0.000000
    outer loop
      vertex 38.466667 80.900002 18.400000
      vertex 44.466667 80.900002 19.890913
      vertex 44.466667 80.900002 18.400000
    endloop
  endfacet
  facet normal -1.000000 0.000000 0.000000
    outer loop
      vertex 38.466667 79.300003 18.400000
      vertex 38.466667 80.599998 20.600000
      vertex 38.466667 80.900002 18.400000
    endloop
  endfacet
  facet normal 0.000000 1.000000 0.000000
    outer loop
      vertex 38.466667 80.900002 18.400000
      vertex 38.466671 80.900002 19.890913
      vertex 44.466667 80.900002 19.890913
    endloop
  endfacet
  facet normal 1.000000 0.000000 0.000000
    outer loop
      vertex 44.466667 80.900002 18.400000
      vertex 44.466667 80.900002 19.890913
      vertex 44.466667 80.599998 19.400000
    endloop
  endfacet
  facet normal -1.000000 0.000019 0.000003
    outer loop
      vertex 38.466667 80.900002 18.400000
      vertex 38.466667 80.599998 20.600000
      vertex 38.466671 80.900002 19.890913
    endloop
  endfacet
  facet normal -1.000000 0.000000 -0.000005
    outer loop
      vertex 38.466667 80.599998 20.600000
      vertex 38.466667 80.900002 20.600000
      vertex 38.466671 80.900002 19.890913
    endloop
  endfacet
  facet normal 0.000000 1.000000 0.000000
    outer loop
      vertex 38.466667 80.900002 20.600000
      vertex 38.466671 80.900002 20.600000
      vertex 38.466671 80.900002 19.890913
    endloop
  endfacet
  facet normal 0.000000 -1.000000 0.000000
    outer loop
      vertex 38.466667 79.300003 18.400000
      vertex 44.466667 79.300003 18.400000
      vertex 38.466667 79.300003 24.400000
    endloop
  endfacet
  facet normal -1.000000 0.000000 0.000000
    outer loop
      vertex 38.466667 79.300003 18.400000
      vertex 38.466667 80.599998 23.400000
      vertex 38.466667 80.599998 20.600000
    endloop
  endfacet
  facet normal 1.000000 0.000000 0.000000
    outer loop
      vertex 44.466667 79.300003 18.400000
      vertex 44.466667 80.599998 19.400000
      vertex 44.466667 79.300003 24.400000
    endloop
  endfacet
  facet normal 1.000000 0.000000 0.000000
    outer loop
      vertex 44.466667 79.300003 24.400000
      vertex 44.466667 80.599998 19.400000
      vertex 44.466667 80.599998 21.200001
    endloop
  endfacet
  facet normal -1.000000 0.000000 0.000000
    outer loop
      vertex 38.466667 79.300003 18.400000
      vertex 38.466667 79.300003 24.400000
      vertex 38.466667 80.599998 23.400000
    endloop
  endfacet
  facet normal 1.000000 0.000000 0.000000
    outer loop
      vertex 44.466667 79.300003 24.400000
      vertex 44.466667 80.599998 21.200001
      vertex 44.466667 80.900002 21.200001
    endloop
  endfacet
  facet normal 0.000000 -1.000000 0.000000
    outer loop
      vertex 44.466667 79.300003 18.400000
      vertex 44.466667 79.300003 24.400000
      vertex 38.466667 79.300003 24.400000
    endloop
  endfacet
  facet normal 1.000000 0.000000 0.000000
    outer loop
      vertex 44.466667 80.900002 23.400000
      vertex 44.466667 79.300003 24.400000
      vertex 44.466667 80.900002 21.200001
    endloop
  endfacet
  facet normal -1.000000 0.000000 0.000000
    outer loop
      vertex 38.466667 80.599998 23.400000
      vertex 38.466667 79.300003 24.400000
      vertex 38.466667 80.900002 23.400000
    endloop
  endfacet
  facet normal 0.000000 1.000000 0.000000
    outer loop
      vertex 38.466667 80.900002 23.400000
      vertex 44.466667 80.900002 24.400000
      vertex 44.466667 80.900002 23.400000
    endloop
  endfacet
  facet normal -1.000000 0.000000 0.000000
    outer loop
      vertex 38.466667 80.900002 23.400000
      vertex 38.466667 79.300003 24.400000
      vertex 38.466667 80.900002 24.400000
    endloop
  endfacet
  facet normal 0.000000 1.000000 0.000000
    outer loop
      vertex 38.466667 80.900002 23.400000
      vertex 38.466667 80.900002 24.400000
      vertex 44.466667 80.900002 24.400000
    endloop
  endfacet
  facet normal 1.000000 0.000000 0.000000
    outer loop
      vertex 44.466667 80.900002 23.400000
      vertex 44.466667 80.900002 24.400000
      vertex 44.466667 79.300003 24.400000
    endloop
  endfacet
  facet normal 0.000000 0.000000 -1.000000
    outer loop
      vertex 38.466667 80.900002 20.600000
      vertex 38.466671 81.333328 20.600000
      vertex 38.466671 80.900002 20.600000
    endloop
  endfacet
  facet normal 0.000000 0.000000 -1.000000
    outer loop
      vertex 38.466667 81.699997 20.600000
      vertex 44.466667 81.699997 20.600000
      vertex 38.466671 81.333328 20.600000
    endloop
  endfacet
  facet normal 0.000000 0.000000 -1.000000
    outer loop
      vertex 44.466667 81.699997 20.600000
      vertex 44.466667 81.333328 20.600000
      vertex 38.466671 81.333328 20.600000
    endloop
  endfacet
  facet normal 0.000000 1.000000 0.000000
    outer loop
      vertex 38.466667 81.699997 20.600000
      vertex 44.466667 81.699997 21.200001
      vertex 44.466667 81.699997 20.600000
    endloop
  endfacet
  facet normal 1.000000 0.000000 0.000000
    outer loop
      vertex 44.466667 81.699997 20.600000
      vertex 44.466667 81.699997 21.200001
      vertex 44.466667 81.333328 20.600000
    endloop
  endfacet
  facet normal -1.000000 0.000000 0.000000
    outer loop
      vertex 38.466667 80.599998 20.600000
      vertex 38.466667 81.699997 23.400000
      vertex 38.466667 80.900002 20.600000
    endloop
  endfacet
  facet normal -1.000000 0.000009 -0.000003
    outer loop
      vertex 38.466667 80.900002 20.600000
      vertex 38.466667 81.699997 23.400000
      vertex 38.466671 81.333328 20.600000
    endloop
  endfacet
  facet normal -1.000000 -0.000010 0.000000
    outer loop
      vertex 38.466667 81.699997 23.400000
      vertex 38.466667 81.699997 20.600000
      vertex 38.466671 81.333328 20.600000
    endloop
  endfacet
  facet normal 0.000000 1.000000 0.000000
    outer loop
      vertex 38.466667 81.699997 20.600000
      vertex 44.466667 81.699997 23.400000
      vertex 44.466667 81.699997 21.200001
    endloop
  endfacet
  facet normal 1.000000 0.000000 0.000000
    outer loop
      vertex 44.466667 80.900002 23.400000
      vertex 44.466667 80.900002 21.200001
      vertex 44.466667 81.699997 21.200001
    endloop
  endfacet
  facet normal -1.000000 0.000000 0.000000
    outer loop
      vertex 38.466667 80.599998 20.600000
      vertex 38.466667 80.599998 23.400000
      vertex 38.466667 80.900002 23.400000
    endloop
  endfacet
  facet normal -1.000000 0.000000 0.000000
    outer loop
      vertex 38.466667 80.599998 20.600000
      vertex 38.466667 80.900002 23.400000
      vertex 38.466667 81.699997 23.400000
    endloop
  endfacet
  facet normal 0.000000 1.000000 0.000000
    outer loop
      vertex 38.466667 81.699997 20.600000
      vertex 38.466667 81.699997 23.400000
      vertex 44.466667 81.699997 23.400000
    endloop
  endfacet
  facet normal 1.000000 0.000000 0.000000
    outer loop
      vertex 44.466667 80.900002 23.400000
      vertex 44.466667 81.699997 21.200001
      vertex 44.466667 81.699997 23.400000
    endloop
  endfacet
  facet normal 0.000000 0.000000 1.000000
    outer loop
      vertex 38.466667 80.900002 23.400000
      vertex 44.466667 81.699997 23.400000
      vertex 38.466667 81.699997 23.400000
    endloop
  endfacet
  facet normal 0.000000 0.000000 1.000000
    outer loop
      vertex 38.466667 80.900002 23.400000
      vertex 44.466667 80.900002 23.400000
      vertex 44.466667 81.699997 23.400000
    endloop
  endfacet
  facet normal 0.000000 0.853282 -0.521451
    outer loop
      vertex 44.466671 80.599998 19.400000
      vertex 44.466667 80.599998 19.400000
      vertex 44.466667 80.900002 19.890913
    endloop
  endfacet
  facet normal 0.000000 0.853284 -0.521446
    outer loop
      vertex 44.466667 80.900002 19.890913
      vertex 38.466671 80.900002 19.890913
      vertex 38.466671 81.333328 20.600000
    endloop
  endfacet
  facet normal -1.000000 0.000000 0.000000
    outer loop
      vertex 38.466671 80.900002 20.600000
      vertex 38.466671 81.333328 20.600000
      vertex 38.466671 80.900002 19.890913
    endloop
  endfacet
  facet normal 0.000000 -1.000000 0.000000
    outer loop
      vertex 44.466671 80.599998 19.400000
      vertex 44.466671 80.599998 21.200001
      vertex 44.466667 80.599998 19.400000
    endloop
  endfacet
  facet normal 0.000000 0.853284 -0.521446
    outer loop
      vertex 38.466671 81.333328 20.600000
      vertex 44.466667 81.333328 20.600000
      vertex 44.466667 80.900002 19.890913
    endloop
  endfacet
  facet normal 1.000000 0.000013 0.000000
    outer loop
      vertex 44.466671 80.599998 19.400000
      vertex 44.466667 80.900002 19.890913
      vertex 44.466671 80.599998 21.200001
    endloop
  endfacet
  facet normal 1.000000 0.000003 -0.000002
    outer loop
      vertex 44.466667 80.900002 19.890913
      vertex 44.466667 81.333328 20.600000
      vertex 44.466671 80.599998 21.200001
    endloop
  endfacet
  facet normal 0.000000 -1.000000 0.000000
    outer loop
      vertex 44.466671 80.599998 21.200001
      vertex 44.466667 80.599998 21.200001
      vertex 44.466667 80.599998 19.400000
    endloop
  endfacet
  facet normal 1.000000 0.000013 0.000009
    outer loop
      vertex 44.466667 81.333328 20.600000
      vertex 44.466667 80.900002 21.200001
      vertex 44.466671 80.599998 21.200001
    endloop
  endfacet
  facet normal 1.000000 -0.000005 -0.000003
    outer loop
      vertex 44.466667 81.333328 20.600000
      vertex 44.466671 81.699997 21.200001
      vertex 44.466667 80.900002 21.200001
    endloop
  endfacet
  facet normal 0.000000 0.853281 -0.521452
    outer loop
      vertex 44.466671 81.699997 21.200001
      vertex 44.466667 81.333328 20.600000
      vertex 44.466667 81.699997 21.200001
    endloop
  endfacet
  facet normal 0.000000 0.000000 1.000000
    outer loop
      vertex 44.466671 80.599998 21.200001
      vertex 44.466667 80.900002 21.200001
      vertex 44.466667 80.599998 21.200001
    endloop
  endfacet
  facet normal 0.000000 0.000000 1.000000
    outer loop
      vertex 44.466671 81.699997 21.200001
      vertex 44.466667 81.699997 21.200001
      vertex 44.466667 80.900002 21.200001
    endloop
  endfacet
  facet normal 0.000000 0.000000 -1.000000
    outer loop
      vertex 75.933334 79.300003 18.400000
      vertex 75.933334 80.900002 18.400000
      vertex 81.933334 79.300003 18.400000
    endloop
  endfacet
  facet normal -1.000000 0.000000 0.000000
    outer loop
      vertex 75.933334 79.300003 18.400000
      vertex 75.933334 80.599998 19.400000
      vertex 75.933334 80.900002 18.400000
    endloop
  endfacet
  facet normal 0.000000 0.000000 -1.000000
    outer loop
      vertex 75.933334 80.900002 18.400000
      vertex 81.933334 80.900002 18.400000
      vertex 81.933334 79.300003 18.400000
    endloop
  endfacet
  facet normal 0.000000 1.000000 0.000000
    outer loop
      vertex 75.933334 80.900002 18.400000
      vertex 81.933327 80.900002 19.890913
      vertex 81.933334 80.900002 18.400000
    endloop
  endfacet
  facet normal -1.000000 0.000000 0.000000
    outer loop
      vertex 75.933334 80.900002 18.400000
      vertex 75.933334 80.599998 19.400000
      vertex 75.933334 80.900002 19.890913
    endloop
  endfacet
  facet normal 0.000000 1.000000 0.000000
    outer loop
      vertex 75.933334 80.900002 18.400000
      vertex 75.933334 80.900002 19.890913
      vertex 81.933327 80.900002 19.890913
    endloop
  endfacet
  facet normal -1.000000 0.000000 0.000000
    outer loop
      vertex 75.933334 79.300003 18.400000
      vertex 75.933334 80.599998 21.200001
      vertex 75.933334 80.599998 19.400000
    endloop
  endfacet
  facet normal 0.000000 1.000000 0.000000
    outer loop
      vertex 81.933334 80.900002 20.600000
      vertex 81.933327 80.900002 19.890913
      vertex 81.933327 80.900002 20.600000
    endloop
  endfacet
  facet normal 0.000000 -1.000000 0.000000
    outer loop
      vertex 75.933334 79.300003 18.400000
      vertex 81.933334 79.300003 18.400000
      vertex 75.933334 79.300003 24.400000
    endloop
  endfacet
  facet normal 1.000000 0.000000 0.000000
    outer loop
      vertex 81.933334 79.300003 18.400000
      vertex 81.933334 80.900002 18.400000
      vertex 81.933334 79.300003 24.400000
    endloop
  endfacet
  facet normal 1.000000 0.000019 0.000005
    outer loop
      vertex 81.933334 80.900002 18.400000
      vertex 81.933327 80.900002 19.890913
      vertex 81.933334 79.300003 24.400000
    endloop
  endfacet
  facet normal -1.000000 0.000000 0.000000
    outer loop
      vertex 75.933334 79.300003 18.400000
      vertex 75.933334 80.599998 23.400000
      vertex 75.933334 80.599998 21.200001
    endloop
  endfacet
  facet normal 1.000000 -0.000026 -0.000011
    outer loop
      vertex 81.933327 80.900002 19.890913
      vertex 81.933334 80.900002 20.600000
      vertex 81.933334 79.300003 24.400000
    endloop
  endfacet
  facet normal -1.000000 0.000000 0.000000
    outer loop
      vertex 75.933334 79.300003 18.400000
      vertex 75.933334 79.300003 24.400000
      vertex 75.933334 80.599998 23.400000
    endloop
  endfacet
  facet normal 0.000000 0.000000 0.000000
    outer loop
      vertex 75.933334 80.599998 23.400000
      vertex 75.933334 80.599998 21.200001
      vertex 75.933334 80.599998 21.200001
    endloop
  endfacet
  facet normal 0.000000 -1.000000 0.000000
    outer loop
      vertex 81.933334 79.300003 18.400000
      vertex 81.933334 79.300003 24.400000
      vertex 75.933334 79.300003 24.400000
    endloop
  endfacet
  facet normal 1.000000 0.000000 0.000000
    outer loop
      vertex 81.933334 80.900002 20.600000
      vertex 81.933334 80.900002 23.400000
      vertex 81.933334 79.300003 24.400000
    endloop
  endfacet
  facet normal -1.000000 0.000000 0.000000
    outer loop
      vertex 75.933334 80.599998 23.400000
      vertex 75.933334 79.300003 24.400000
      vertex 75.933334 80.900002 23.400000
    endloop
  endfacet
  facet normal 0.000000 1.000000 0.000000
    outer loop
      vertex 75.933334 80.900002 23.400000
      vertex 81.933334 80.900002 24.400000
      vertex 81.933334 80.900002 23.400000
    endloop
  endfacet
  facet normal -1.000000 0.000000 0.000000
    outer loop
      vertex 75.933334 80.900002 23.400000
      vertex 75.933334 79.300003 24.400000
      vertex 75.933334 80.900002 24.400000
    endloop
  endfacet
  facet normal 0.000000 1.000000 0.000000
    outer loop
      vertex 75.933334 80.900002 23.400000
      vertex 75.933334 80.900002 24.400000
      vertex 81.933334 80.900002 24.400000
    endloop
  endfacet
  facet normal 1.000000 0.000000 0.000000
    outer loop
      vertex 81.933334 80.900002 23.400000
      vertex 81.933334 80.900002 24.400000
      vertex 81.933334 79.300003 24.400000
    endloop
  endfacet
  facet normal 0.000000 0.000000 -1.000000
    outer loop
      vertex 75.933334 81.699997 20.600000
      vertex 81.933334 81.699997 20.600000
      vertex 75.933334 81.333328 20.600000
    endloop
  endfacet
  facet normal -1.000000 0.000000 0.000000
    outer loop
      vertex 75.933334 81.699997 20.600000
      vertex 75.933334 81.333328 20.600000
      vertex 75.933334 81.699997 21.200001
    endloop
  endfacet
  facet normal 0.000000 0.000000 -1.000000
    outer loop
      vertex 81.933334 81.699997 20.600000
      vertex 81.933327 81.333328 20.600000
      vertex 75.933334 81.333328 20.600000
    endloop
  endfacet
  facet normal 0.000000 0.000000 -1.000000
    outer loop
      vertex 81.933334 80.900002 20.600000
      vertex 81.933327 80.900002 20.600000
      vertex 81.933327 81.333328 20.600000
    endloop
  endfacet
  facet normal 0.000000 1.000000 0.000000
    outer loop
      vertex 75.933334 81.699997 20.600000
      vertex 75.933334 81.699997 21.200001
      vertex 81.933334 81.699997 23.400000
    endloop
  endfacet
  facet normal 0.000000 1.000000 0.000000
    outer loop
      vertex 75.933334 81.699997 20.600000
      vertex 81.933334 81.699997 23.400000
      vertex 81.933334 81.699997 20.600000
    endloop
  endfacet
  facet normal 1.000000 0.000018 0.000000
    outer loop
      vertex 81.933334 80.900002 20.600000
      vertex 81.933327 81.333328 20.600000
      vertex 81.933334 80.900002 23.400000
    endloop
  endfacet
  facet normal 1.000000 -0.000021 -0.000006
    outer loop
      vertex 81.933327 81.333328 20.600000
      vertex 81.933334 81.699997 20.600000
      vertex 81.933334 80.900002 23.400000
    endloop
  endfacet
  facet normal -1.000000 0.000000 0.000000
    outer loop
      vertex 75.933334 81.699997 23.400000
      vertex 75.933334 81.699997 21.200001
      vertex 75.933334 80.599998 21.200001
    endloop
  endfacet
  facet normal -1.000000 0.000000 0.000000
    outer loop
      vertex 75.933334 80.599998 23.400000
      vertex 75.933334 80.900002 23.400000
      vertex 75.933334 80.599998 21.200001
    endloop
  endfacet
  facet normal -1.000000 0.000000 0.000000
    outer loop
      vertex 75.933334 80.900002 23.400000
      vertex 75.933334 81.699997 23.400000
      vertex 75.933334 80.599998 21.200001
    endloop
  endfacet
  facet normal 0.000000 1.000000 0.000000
    outer loop
      vertex 75.933334 81.699997 21.200001
      vertex 75.933334 81.699997 23.400000
      vertex 81.933334 81.699997 23.400000
    endloop
  endfacet
  facet normal 1.000000 0.000000 0.000000
    outer loop
      vertex 81.933334 81.699997 20.600000
      vertex 81.933334 81.699997 23.400000
      vertex 81.933334 80.900002 23.400000
    endloop
  endfacet
  facet normal 0.000000 0.000000 1.000000
    outer loop
      vertex 75.933334 80.900002 23.400000
      vertex 81.933334 81.699997 23.400000
      vertex 75.933334 81.699997 23.400000
    endloop
  endfacet
  facet normal 0.000000 0.000000 1.000000
    outer loop
      vertex 75.933334 80.900002 23.400000
      vertex 81.933334 80.900002 23.400000
      vertex 81.933334 81.699997 23.400000
    endloop
  endfacet
  facet normal 0.000000 0.853282 -0.521451
    outer loop
      vertex 75.933327 80.599998 19.400000
      vertex 75.933334 80.900002 19.890913
      vertex 75.933334 80.599998 19.400000
    endloop
  endfacet
  facet normal 0.000000 -1.000000 0.000000
    outer loop
      vertex 75.933327 80.599998 19.400000
      vertex 75.933334 80.599998 19.400000
      vertex 75.933334 80.599998 21.200001
    endloop
  endfacet
  facet normal 0.000000 0.853284 -0.521446
    outer loop
      vertex 81.933327 80.900002 19.890913
      vertex 75.933334 80.900002 19.890913
      vertex 75.933334 81.333328 20.600000
    endloop
  endfacet
  facet normal -1.000000 0.000025 0.000000
    outer loop
      vertex 75.933327 80.599998 19.400000
      vertex 75.933327 80.599998 21.200001
      vertex 75.933334 80.900002 19.890913
    endloop
  endfacet
  facet normal 0.000000 0.853284 -0.521446
    outer loop
      vertex 75.933334 81.333328 20.600000
      vertex 81.933327 81.333328 20.600000
      vertex 81.933327 80.900002 19.890913
    endloop
  endfacet
  facet normal 1.000000 0.000000 0.000000
    outer loop
      vertex 81.933327 80.900002 20.600000
      vertex 81.933327 80.900002 19.890913
      vertex 81.933327 81.333328 20.600000
    endloop
  endfacet
  facet normal -1.000000 0.000007 -0.000004
    outer loop
      vertex 75.933327 80.599998 21.200001
      vertex 75.933334 81.333328 20.600000
      vertex 75.933334 80.900002 19.890913
    endloop
  endfacet
  facet normal 0.000000 -1.000000 0.000000
    outer loop
      vertex 75.933327 80.599998 19.400000
      vertex 75.933334 80.599998 21.200001
      vertex 75.933327 80.599998 21.200001
    endloop
  endfacet
  facet normal -1.000000 0.000000 -0.000013
    outer loop
      vertex 75.933327 81.699997 21.200001
      vertex 75.933334 81.333328 20.600000
      vertex 75.933327 80.599998 21.200001
    endloop
  endfacet
  facet normal 0.000000 0.853281 -0.521452
    outer loop
      vertex 75.933327 81.699997 21.200001
      vertex 75.933334 81.699997 21.200001
      vertex 75.933334 81.333328 20.600000
    endloop
  endfacet
  facet normal 0.000000 0.000000 0.000000
    outer loop
      vertex 75.933327 80.599998 21.200001
      vertex 75.933334 80.599998 21.200001
      vertex 75.933334 80.599998 21.200001
    endloop
  endfacet
  facet normal 0.000000 0.000000 1.000000
    outer loop
      vertex 75.933327 80.599998 21.200001
      vertex 75.933334 80.599998 21.200001
      vertex 75.933327 81.699997 21.200001
    endloop
  endfacet
  facet normal 0.000000 0.000000 1.000000
    outer loop
      vertex 75.933327 81.699997 21.200001
      vertex 75.933334 80.599998 21.200001
      vertex 75.933334 81.699997 21.200001
    endloop
  endfacet
endsolid casemaker
