solid casemaker
  facet normal -1.000000 0.000000 0.000000
    outer loop
      vertex 0.000000 3.497351 0.000000
      vertex 0.000000 3.497351 5.000000
      vertex 0.000000 10.192511 5.000000
    endloop
  endfacet
  facet normal 0.000000 0.000000 1.000000
    outer loop
      vertex 0.000000 3.497351 5.000000
      vertex 3.571811 3.497351 5.000000
      vertex 3.705905 4.350770 5.000000
    endloop
  endfacet
  facet normal 0.000000 0.000000 1.000000
    outer loop
      vertex 0.000000 3.497351 5.000000
      vertex 3.705905 4.350770 5.000000
      vertex 2.500000 6.280698 5.000000
    endloop
  endfacet
  facet normal 0.000000 0.000000 1.000000
    outer loop
      vertex 0.000000 3.497351 5.000000
      vertex 2.500000 6.280698 5.000000
      vertex 1.464466 9.350770 5.000000
    endloop
  endfacet
  facet normal 0.000000 0.000000 1.000000
    outer loop
      vertex 3.571811 3.497351 5.000000
      vertex 4.000000 4.201174 5.000000
      vertex 3.705905 4.350770 5.000000
    endloop
  endfacet
  facet normal 0.000000 0.000000 1.000000
    outer loop
      vertex 0.000000 3.497351 5.000000
      vertex 1.297297 10.192511 5.000000
      vertex 0.000000 10.192511 5.000000
    endloop
  endfacet
  facet normal 0.000000 0.000000 1.000000
    outer loop
      vertex 0.000000 3.497351 5.000000
      vertex 1.464466 9.350770 5.000000
      vertex 1.297297 10.192511 5.000000
    endloop
  endfacet
  facet normal 0.000000 0.000000 -1.000000
    outer loop
      vertex 0.000000 3.497351 0.000000
      vertex 0.000000 50.497353 0.000000
      vertex 3.473390 3.497351 0.000000
    endloop
  endfacet
  facet normal 0.000000 0.000000 -1.000000
    outer loop
      vertex 3.473390 3.497351 0.000000
      vertex 0.000000 50.497353 0.000000
      vertex 3.793236 5.926825 0.000000
    endloop
  endfacet
  facet normal -1.000000 0.000000 0.000000
    outer loop
      vertex 0.000000 3.497351 0.000000
      vertex 0.000000 10.192511 5.000000
      vertex 0.000000 50.497353 5.000000
    endloop
  endfacet
  facet normal 0.000000 0.000000 -1.000000
    outer loop
      vertex 4.000000 3.497351 0.000000
      vertex 3.793236 5.926825 0.000000
      vertex 105.082001 3.497351 0.000000
    endloop
  endfacet
  facet normal 0.000000 0.000000 -1.000000
    outer loop
      vertex 3.793236 5.926825 0.000000
      vertex 0.136297 50.436390 0.000000
      vertex 105.082001 3.497351 0.000000
    endloop
  endfacet
  facet normal -1.000000 0.000000 0.000000
    outer loop
      vertex 0.000000 3.497351 0.000000
      vertex 0.000000 50.497353 5.000000
      vertex 0.000000 50.497353 0.000000
    endloop
  endfacet
  facet normal 0.000000 0.000000 -1.000000
    outer loop
      vertex 3.793236 5.926825 0.000000
      vertex 0.000000 50.497353 0.000000
      vertex 0.136297 50.436390 0.000000
    endloop
  endfacet
  facet normal 0.000000 0.000000 -1.000000
    outer loop
      vertex 0.136297 50.436390 0.000000
      vertex 0.136297 50.442604 0.000000
      vertex 113.010002 3.497351 0.000000
    endloop
  endfacet
  facet normal 0.000000 0.000000 -1.000000
    outer loop
      vertex 3.298937 49.172253 0.000000
      vertex 113.010002 3.497351 0.000000
      vertex 0.136297 50.442604 0.000000
    endloop
  endfacet
  facet normal 0.000000 0.000000 -1.000000
    outer loop
      vertex 3.298937 49.172253 0.000000
      vertex 4.000000 50.497353 0.000000
      vertex 113.711060 4.822452 0.000000
    endloop
  endfacet
  facet normal 0.000000 0.000000 -1.000000
    outer loop
      vertex 4.000000 50.497353 0.000000
      vertex 11.928000 50.497353 0.000000
      vertex 116.873703 3.558312 0.000000
    endloop
  endfacet
  facet normal 0.000000 0.000000 -1.000000
    outer loop
      vertex 0.136297 50.436390 0.000000
      vertex 113.010002 3.497351 0.000000
      vertex 105.082001 3.497351 0.000000
    endloop
  endfacet
  facet normal 0.000000 0.000000 -1.000000
    outer loop
      vertex 3.298937 49.172253 0.000000
      vertex 113.711060 4.822452 0.000000
      vertex 113.010002 3.497351 0.000000
    endloop
  endfacet
  facet normal 0.000000 0.000000 -1.000000
    outer loop
      vertex 4.000000 50.497353 0.000000
      vertex 116.873703 3.552098 0.000000
      vertex 113.711060 4.822452 0.000000
    endloop
  endfacet
  facet normal 0.000000 0.000000 -1.000000
    outer loop
      vertex 4.000000 50.497353 0.000000
      vertex 116.873703 3.558312 0.000000
      vertex 116.873703 3.552098 0.000000
    endloop
  endfacet
  facet normal 0.000000 0.000000 1.000000
    outer loop
      vertex 113.063583 3.497351 5.000000
      vertex 113.252380 3.497351 5.000000
      vertex 113.010002 4.201174 5.000000
    endloop
  endfacet
  facet normal 0.000000 0.000000 1.000000
    outer loop
      vertex 113.252380 3.497351 5.000000
      vertex 113.304092 4.350770 5.000000
      vertex 113.010002 4.201174 5.000000
    endloop
  endfacet
  facet normal 0.000000 0.000000 1.000000
    outer loop
      vertex 113.252380 3.497351 5.000000
      vertex 113.621338 4.858491 5.000000
      vertex 113.304092 4.350770 5.000000
    endloop
  endfacet
  facet normal 0.000000 0.000000 1.000000
    outer loop
      vertex 117.010002 3.497351 5.000000
      vertex 114.510002 6.280698 5.000000
      vertex 113.621338 4.858491 5.000000
    endloop
  endfacet
  facet normal 0.000000 0.000000 1.000000
    outer loop
      vertex 117.010002 3.497351 5.000000
      vertex 115.545532 9.350770 5.000000
      vertex 114.510002 6.280698 5.000000
    endloop
  endfacet
  facet normal 0.000000 0.000000 1.000000
    outer loop
      vertex 117.010002 3.497351 5.000000
      vertex 117.010002 10.192511 5.000000
      vertex 115.545532 9.350770 5.000000
    endloop
  endfacet
  facet normal 0.000000 0.000000 1.000000
    outer loop
      vertex 115.545532 9.350770 5.000000
      vertex 117.010002 10.192511 5.000000
      vertex 115.712700 10.192511 5.000000
    endloop
  endfacet
  facet normal 0.000000 0.000000 -1.000000
    outer loop
      vertex 116.873703 3.558312 0.000000
      vertex 113.216766 48.067879 0.000000
      vertex 117.010002 3.497351 0.000000
    endloop
  endfacet
  facet normal 1.000000 0.000000 0.000000
    outer loop
      vertex 117.010002 3.497351 0.000000
      vertex 117.010002 50.497353 0.000000
      vertex 117.010002 3.497351 5.000000
    endloop
  endfacet
  facet normal 1.000000 0.000000 0.000000
    outer loop
      vertex 117.010002 3.497351 5.000000
      vertex 117.010002 50.497353 0.000000
      vertex 117.010002 10.192511 5.000000
    endloop
  endfacet
  facet normal 0.000000 0.000000 -1.000000
    outer loop
      vertex 11.928000 50.497353 0.000000
      vertex 113.216766 48.067879 0.000000
      vertex 116.873703 3.558312 0.000000
    endloop
  endfacet
  facet normal 0.000000 0.000000 -1.000000
    outer loop
      vertex 11.928000 50.497353 0.000000
      vertex 113.010002 50.497353 0.000000
      vertex 113.216766 48.067879 0.000000
    endloop
  endfacet
  facet normal 0.000000 0.000000 -1.000000
    outer loop
      vertex 117.010002 3.497351 0.000000
      vertex 113.216766 48.067879 0.000000
      vertex 113.536613 50.497353 0.000000
    endloop
  endfacet
  facet normal 0.000000 0.000000 -1.000000
    outer loop
      vertex 117.010002 3.497351 0.000000
      vertex 113.536613 50.497353 0.000000
      vertex 117.010002 50.497353 0.000000
    endloop
  endfacet
  facet normal 1.000000 0.000000 0.000000
    outer loop
      vertex 117.010002 10.192511 5.000000
      vertex 117.010002 50.497353 0.000000
      vertex 117.010002 50.497353 5.000000
    endloop
  endfacet
  facet normal 0.000000 0.000000 1.000000
    outer loop
      vertex 4.885841 3.464846 5.000000
      vertex 4.945213 3.462668 5.000000
      vertex 5.000000 3.692508 5.000000
    endloop
  endfacet
  facet normal 0.000000 0.000000 1.000000
    outer loop
      vertex 4.885841 3.464846 5.000000
      vertex 5.000000 3.692508 5.000000
      vertex 4.000000 4.201174 5.000000
    endloop
  endfacet
  facet normal 0.000000 0.000000 1.000000
    outer loop
      vertex 4.945213 3.462668 5.000000
      vertex 4.439172 1.339746 5.000000
      vertex 20.389999 1.339746 5.000000
    endloop
  endfacet
  facet normal 0.000000 0.000000 1.000000
    outer loop
      vertex 4.945213 3.462668 5.000000
      vertex 20.389999 3.692508 5.000000
      vertex 5.000000 3.692508 5.000000
    endloop
  endfacet
  facet normal 0.000000 0.000000 1.000000
    outer loop
      vertex 4.945213 3.462668 5.000000
      vertex 20.389999 1.339746 5.000000
      vertex 20.389999 3.692508 5.000000
    endloop
  endfacet
  facet normal 0.000000 0.000000 1.000000
    outer loop
      vertex 9.805000 10.550581 5.000000
      vertex 20.389999 10.550581 5.000000
      vertex 20.389999 12.727783 5.000000
    endloop
  endfacet
  facet normal 0.000000 0.000000 1.000000
    outer loop
      vertex 6.000000 11.692508 5.000000
      vertex 8.561804 11.692508 5.000000
      vertex 6.779382 47.631290 5.000000
    endloop
  endfacet
  facet normal 0.000000 0.000000 1.000000
    outer loop
      vertex 9.028543 10.945539 5.000000
      vertex 6.779382 47.631290 5.000000
      vertex 8.561804 11.692508 5.000000
    endloop
  endfacet
  facet normal 0.000000 0.000000 1.000000
    outer loop
      vertex 9.028543 10.945539 5.000000
      vertex 9.805000 10.550581 5.000000
      vertex 6.779382 47.631290 5.000000
    endloop
  endfacet
  facet normal 0.000000 0.000000 1.000000
    outer loop
      vertex 9.805000 10.550581 5.000000
      vertex 20.389999 12.727783 5.000000
      vertex 7.015088 49.086754 5.000000
    endloop
  endfacet
  facet normal 0.000000 0.000000 1.000000
    outer loop
      vertex 7.015088 49.086754 5.000000
      vertex 20.389999 12.727783 5.000000
      vertex 26.312891 12.727783 5.000000
    endloop
  endfacet
  facet normal 0.000000 0.000000 1.000000
    outer loop
      vertex 7.015088 49.086754 5.000000
      vertex 26.312891 12.727783 5.000000
      vertex 32.500000 12.727783 5.000000
    endloop
  endfacet
  facet normal 0.000000 0.000000 -1.000000
    outer loop
      vertex 4.000000 3.497351 0.000000
      vertex 105.082001 3.497351 0.000000
      vertex 4.000000 0.000000 0.000000
    endloop
  endfacet
  facet normal 0.000000 0.000000 1.000000
    outer loop
      vertex 32.500000 3.692508 5.000000
      vertex 32.500000 1.339746 5.000000
      vertex 92.690002 3.692508 5.000000
    endloop
  endfacet
  facet normal 0.000000 0.000000 1.000000
    outer loop
      vertex 32.500000 10.550581 5.000000
      vertex 92.690002 10.550581 5.000000
      vertex 32.500000 12.727783 5.000000
    endloop
  endfacet
  facet normal 0.000000 0.000000 1.000000
    outer loop
      vertex 7.015088 49.086754 5.000000
      vertex 32.500000 12.727783 5.000000
      vertex 92.690002 12.727783 5.000000
    endloop
  endfacet
  facet normal 0.000000 0.000000 1.000000
    outer loop
      vertex 6.000000 11.692508 5.000000
      vertex 6.779382 47.631290 5.000000
      vertex 6.118176 47.930889 5.000000
    endloop
  endfacet
  facet normal 0.000000 0.000000 1.000000
    outer loop
      vertex 6.000000 11.692508 5.000000
      vertex 6.118176 47.930889 5.000000
      vertex 6.000000 52.497353 5.000000
    endloop
  endfacet
  facet normal 0.000000 0.000000 1.000000
    outer loop
      vertex 9.805000 10.550581 5.000000
      vertex 7.015088 49.086754 5.000000
      vertex 6.779382 47.631290 5.000000
    endloop
  endfacet
  facet normal 0.000000 0.000000 1.000000
    outer loop
      vertex 6.779382 47.631290 5.000000
      vertex 7.015088 49.086754 5.000000
      vertex 6.828427 49.174080 5.000000
    endloop
  endfacet
  facet normal 0.000000 0.000000 1.000000
    outer loop
      vertex 6.118176 47.930889 5.000000
      vertex 6.313558 49.414963 5.000000
      vertex 6.000000 52.497353 5.000000
    endloop
  endfacet
  facet normal 0.000000 0.000000 -1.000000
    outer loop
      vertex 4.000000 50.497353 0.000000
      vertex 4.000000 54.497353 0.000000
      vertex 11.928000 50.497353 0.000000
    endloop
  endfacet
  facet normal 0.000000 0.000000 1.000000
    outer loop
      vertex 6.313558 49.414963 5.000000
      vertex 6.658618 53.155972 5.000000
      vertex 6.000000 52.497353 5.000000
    endloop
  endfacet
  facet normal 0.000000 0.000000 1.000000
    outer loop
      vertex 4.000000 52.497353 5.000000
      vertex 6.000000 52.497353 5.000000
      vertex 4.000000 54.497353 5.000000
    endloop
  endfacet
  facet normal 0.000000 0.000000 1.000000
    outer loop
      vertex 6.000000 52.497353 5.000000
      vertex 6.658618 53.155972 5.000000
      vertex 4.000000 54.497353 5.000000
    endloop
  endfacet
  facet normal 0.000000 0.000000 1.000000
    outer loop
      vertex 7.015088 49.086754 5.000000
      vertex 107.205002 10.550581 5.000000
      vertex 6.828427 53.070297 5.000000
    endloop
  endfacet
  facet normal 0.000000 0.000000 1.000000
    outer loop
      vertex 6.828427 53.070297 5.000000
      vertex 107.205002 10.550581 5.000000
      vertex 6.828427 53.215771 5.000000
    endloop
  endfacet
  facet normal 0.000000 0.000000 -1.000000
    outer loop
      vertex 4.000000 54.497353 0.000000
      vertex 113.010002 54.497353 0.000000
      vertex 11.928000 50.497353 0.000000
    endloop
  endfacet
  facet normal 0.000000 1.000000 0.000000
    outer loop
      vertex 4.000000 54.497353 0.000000
      vertex 4.000000 54.497353 5.000000
      vertex 113.010002 54.497353 5.000000
    endloop
  endfacet
  facet normal 0.000000 0.000000 1.000000
    outer loop
      vertex 4.000000 54.497353 5.000000
      vertex 6.828427 53.215771 5.000000
      vertex 111.010002 52.497353 5.000000
    endloop
  endfacet
  facet normal 0.000000 0.000000 1.000000
    outer loop
      vertex 92.690002 3.692508 5.000000
      vertex 32.500000 1.339746 5.000000
      vertex 92.690002 1.339746 5.000000
    endloop
  endfacet
  facet normal 0.000000 0.000000 1.000000
    outer loop
      vertex 92.690002 10.550581 5.000000
      vertex 92.690002 12.727783 5.000000
      vertex 32.500000 12.727783 5.000000
    endloop
  endfacet
  facet normal 0.000000 0.000000 -1.000000
    outer loop
      vertex 105.082001 3.497351 0.000000
      vertex 113.010002 0.000000 0.000000
      vertex 4.000000 0.000000 0.000000
    endloop
  endfacet
  facet normal 0.000000 0.000000 1.000000
    outer loop
      vertex 7.015088 49.086754 5.000000
      vertex 92.690002 12.727783 5.000000
      vertex 98.900002 12.727783 5.000000
    endloop
  endfacet
  facet normal 0.000000 0.000000 1.000000
    outer loop
      vertex 7.015088 49.086754 5.000000
      vertex 98.900002 12.727783 5.000000
      vertex 107.205002 10.550581 5.000000
    endloop
  endfacet
  facet normal 0.000000 0.000000 1.000000
    outer loop
      vertex 107.205002 10.550581 5.000000
      vertex 98.900002 12.727783 5.000000
      vertex 98.900002 10.550581 5.000000
    endloop
  endfacet
  facet normal 0.000000 0.000000 1.000000
    outer loop
      vertex 98.900002 3.692508 5.000000
      vertex 98.900002 1.339746 5.000000
      vertex 112.085831 1.339746 5.000000
    endloop
  endfacet
  facet normal 0.000000 0.000000 1.000000
    outer loop
      vertex 112.010002 3.692508 5.000000
      vertex 98.900002 3.692508 5.000000
      vertex 112.085831 1.339746 5.000000
    endloop
  endfacet
  facet normal 0.000000 0.000000 -1.000000
    outer loop
      vertex 105.082001 3.497351 0.000000
      vertex 113.010002 3.497351 0.000000
      vertex 113.010002 0.000000 0.000000
    endloop
  endfacet
  facet normal 0.000000 0.000000 1.000000
    outer loop
      vertex 112.010002 3.692508 5.000000
      vertex 112.085831 1.339746 5.000000
      vertex 112.289246 3.834552 5.000000
    endloop
  endfacet
  facet normal 0.000000 0.000000 1.000000
    outer loop
      vertex 107.205002 10.550581 5.000000
      vertex 107.981461 10.945539 5.000000
      vertex 111.010002 52.497353 5.000000
    endloop
  endfacet
  facet normal 0.000000 0.000000 1.000000
    outer loop
      vertex 107.981461 10.945539 5.000000
      vertex 108.448196 11.692508 5.000000
      vertex 111.010002 52.497353 5.000000
    endloop
  endfacet
  facet normal 0.000000 0.000000 1.000000
    outer loop
      vertex 108.448196 11.692508 5.000000
      vertex 111.010002 11.692508 5.000000
      vertex 111.010002 52.497353 5.000000
    endloop
  endfacet
  facet normal 0.000000 0.000000 1.000000
    outer loop
      vertex 6.828427 53.215771 5.000000
      vertex 107.205002 10.550581 5.000000
      vertex 111.010002 52.497353 5.000000
    endloop
  endfacet
  facet normal 0.000000 1.000000 0.000000
    outer loop
      vertex 4.000000 54.497353 0.000000
      vertex 113.010002 54.497353 5.000000
      vertex 113.010002 54.497353 0.000000
    endloop
  endfacet
  facet normal 0.000000 0.000000 -1.000000
    outer loop
      vertex 11.928000 50.497353 0.000000
      vertex 113.010002 54.497353 0.000000
      vertex 113.010002 50.497353 0.000000
    endloop
  endfacet
  facet normal 0.000000 0.000000 1.000000
    outer loop
      vertex 4.000000 54.497353 5.000000
      vertex 111.010002 52.497353 5.000000
      vertex 113.010002 52.497353 5.000000
    endloop
  endfacet
  facet normal 0.000000 0.000000 1.000000
    outer loop
      vertex 4.000000 54.497353 5.000000
      vertex 113.010002 52.497353 5.000000
      vertex 113.010002 54.497353 5.000000
    endloop
  endfacet
  facet normal -0.608761 -0.793353 0.000000
    outer loop
      vertex 2.000000 0.033249 0.000000
      vertex 2.000000 0.033249 0.124089
      vertex 1.171573 0.668924 2.496458
    endloop
  endfacet
  facet normal -0.608761 -0.793353 0.000000
    outer loop
      vertex 1.171573 0.668924 0.000000
      vertex 2.000000 0.033249 0.000000
      vertex 1.171573 0.668924 2.496458
    endloop
  endfacet
  facet normal -0.793353 -0.608761 0.000000
    outer loop
      vertex 1.171573 0.668924 0.000000
      vertex 0.535898 1.497351 5.000000
      vertex 0.535898 1.497351 0.000000
    endloop
  endfacet
  facet normal -0.382683 -0.923880 0.000000
    outer loop
      vertex 2.000000 0.033249 0.000000
      vertex 2.080271 0.000000 0.000000
      vertex 2.000000 0.033249 0.124089
    endloop
  endfacet
  facet normal 0.000000 0.000000 -1.000000
    outer loop
      vertex 2.000000 0.033249 0.000000
      vertex 3.473390 3.497351 0.000000
      vertex 2.080271 0.000000 0.000000
    endloop
  endfacet
  facet normal 0.000000 0.000000 -1.000000
    outer loop
      vertex 1.171573 0.668924 0.000000
      vertex 3.473390 3.497351 0.000000
      vertex 2.000000 0.033249 0.000000
    endloop
  endfacet
  facet normal 0.000000 0.000000 -1.000000
    outer loop
      vertex 4.000000 3.497351 0.000000
      vertex 4.000000 0.000000 0.000000
      vertex 2.080271 0.000000 0.000000
    endloop
  endfacet
  facet normal -0.793353 -0.608761 0.000000
    outer loop
      vertex 1.171573 0.668924 0.000000
      vertex 1.171573 0.668924 2.496458
      vertex 0.535898 1.497351 5.000000
    endloop
  endfacet
  facet normal -0.793353 -0.608761 -0.000000
    outer loop
      vertex 0.535898 1.497351 5.000000
      vertex 1.171573 0.668924 2.496458
      vertex 0.656833 1.339746 5.000000
    endloop
  endfacet
  facet normal 0.000000 0.000000 -1.000000
    outer loop
      vertex 1.171573 0.668924 0.000000
      vertex 0.535898 1.497351 0.000000
      vertex 3.473390 3.497351 0.000000
    endloop
  endfacet
  facet normal 0.000000 0.000000 -1.000000
    outer loop
      vertex 0.535898 1.497351 0.000000
      vertex 0.136297 2.462075 0.000000
      vertex 3.473390 3.497351 0.000000
    endloop
  endfacet
  facet normal -0.923880 -0.382683 0.000000
    outer loop
      vertex 0.535898 1.497351 0.000000
      vertex 0.136297 2.462075 5.000000
      vertex 0.136297 2.462075 0.000000
    endloop
  endfacet
  facet normal 0.000000 0.000000 -1.000000
    outer loop
      vertex 0.136297 2.462075 0.000000
      vertex 0.000000 3.497351 0.000000
      vertex 3.473390 3.497351 0.000000
    endloop
  endfacet
  facet normal -0.991445 -0.130526 0.000000
    outer loop
      vertex 0.136297 2.462075 0.000000
      vertex 0.000000 3.497351 5.000000
      vertex 0.000000 3.497351 0.000000
    endloop
  endfacet
  facet normal 0.000000 0.000000 -1.000000
    outer loop
      vertex 3.473390 3.497351 0.000000
      vertex 4.000000 3.497351 0.000000
      vertex 2.080271 0.000000 0.000000
    endloop
  endfacet
  facet normal -0.923880 -0.382683 0.000000
    outer loop
      vertex 0.535898 1.497351 0.000000
      vertex 0.535898 1.497351 5.000000
      vertex 0.136297 2.462075 5.000000
    endloop
  endfacet
  facet normal -0.991445 -0.130526 0.000000
    outer loop
      vertex 0.136297 2.462075 0.000000
      vertex 0.136297 2.462075 5.000000
      vertex 0.000000 3.497351 5.000000
    endloop
  endfacet
  facet normal 0.000000 0.000000 1.000000
    outer loop
      vertex 0.535898 1.497351 5.000000
      vertex 0.656833 1.339746 5.000000
      vertex 4.439172 1.339746 5.000000
    endloop
  endfacet
  facet normal 0.000000 0.000000 1.000000
    outer loop
      vertex 0.535898 1.497351 5.000000
      vertex 0.000000 3.497351 5.000000
      vertex 0.136297 2.462075 5.000000
    endloop
  endfacet
  facet normal 0.000000 0.000000 1.000000
    outer loop
      vertex 0.535898 1.497351 5.000000
      vertex 4.439172 1.339746 5.000000
      vertex 0.000000 3.497351 5.000000
    endloop
  endfacet
  facet normal 0.000000 0.000000 1.000000
    outer loop
      vertex 0.000000 3.497351 5.000000
      vertex 4.439172 1.339746 5.000000
      vertex 3.571811 3.497351 5.000000
    endloop
  endfacet
  facet normal 0.000000 0.000000 1.000000
    outer loop
      vertex 3.571811 3.497351 5.000000
      vertex 4.439172 1.339746 5.000000
      vertex 4.885841 3.464846 5.000000
    endloop
  endfacet
  facet normal 0.000000 0.000000 1.000000
    outer loop
      vertex 4.885841 3.464846 5.000000
      vertex 4.439172 1.339746 5.000000
      vertex 4.945213 3.462668 5.000000
    endloop
  endfacet
  facet normal 0.000000 0.000000 -1.000000
    outer loop
      vertex 3.473390 3.497351 0.000000
      vertex 3.793236 5.926825 0.000000
      vertex 4.000000 3.497351 0.000000
    endloop
  endfacet
  facet normal 0.000000 0.000000 1.000000
    outer loop
      vertex 3.571811 3.497351 5.000000
      vertex 4.885841 3.464846 5.000000
      vertex 4.000000 4.201174 5.000000
    endloop
  endfacet
  facet normal 0.000000 0.000000 -1.000000
    outer loop
      vertex 113.010002 3.497351 0.000000
      vertex 113.711060 4.822452 0.000000
      vertex 113.010002 0.000000 0.000000
    endloop
  endfacet
  facet normal 0.000000 0.000000 -1.000000
    outer loop
      vertex 115.010002 0.033249 0.000000
      vertex 114.929726 0.000000 0.000000
      vertex 113.010002 0.000000 0.000000
    endloop
  endfacet
  facet normal 0.382663 -0.923888 0.000000
    outer loop
      vertex 115.010002 0.033249 0.000000
      vertex 115.010002 0.033249 0.124089
      vertex 114.929726 0.000000 0.000000
    endloop
  endfacet
  facet normal 0.000000 0.000000 -1.000000
    outer loop
      vertex 115.010002 0.033249 0.000000
      vertex 113.010002 0.000000 0.000000
      vertex 116.873703 3.552098 0.000000
    endloop
  endfacet
  facet normal 0.608764 -0.793352 0.000000
    outer loop
      vertex 115.010002 0.033249 0.000000
      vertex 115.838425 0.668924 0.000000
      vertex 115.010002 0.033249 0.124089
    endloop
  endfacet
  facet normal 0.608764 -0.793352 0.000000
    outer loop
      vertex 115.838425 0.668924 0.000000
      vertex 115.838425 0.668924 2.496458
      vertex 115.010002 0.033249 0.124089
    endloop
  endfacet
  facet normal 0.793354 -0.608761 0.000000
    outer loop
      vertex 115.838425 0.668924 0.000000
      vertex 116.474098 1.497351 0.000000
      vertex 115.838425 0.668924 2.496458
    endloop
  endfacet
  facet normal 0.000000 0.000000 -1.000000
    outer loop
      vertex 115.010002 0.033249 0.000000
      vertex 116.873703 3.552098 0.000000
      vertex 115.838425 0.668924 0.000000
    endloop
  endfacet
  facet normal 0.793354 -0.608761 0.000000
    outer loop
      vertex 116.474098 1.497351 0.000000
      vertex 116.474098 1.497351 5.000000
      vertex 115.838425 0.668924 2.496458
    endloop
  endfacet
  facet normal 0.793356 -0.608758 -0.000002
    outer loop
      vertex 116.474098 1.497351 5.000000
      vertex 116.353165 1.339746 5.000000
      vertex 115.838425 0.668924 2.496458
    endloop
  endfacet
  facet normal 0.000000 0.000000 -1.000000
    outer loop
      vertex 116.873703 3.552098 0.000000
      vertex 113.010002 0.000000 0.000000
      vertex 113.711060 4.822452 0.000000
    endloop
  endfacet
  facet normal 0.000000 0.000000 -1.000000
    outer loop
      vertex 115.838425 0.668924 0.000000
      vertex 116.873703 3.552098 0.000000
      vertex 116.474098 1.497351 0.000000
    endloop
  endfacet
  facet normal 0.000000 0.000000 -1.000000
    outer loop
      vertex 116.474098 1.497351 0.000000
      vertex 116.873703 3.552098 0.000000
      vertex 116.873703 2.462075 0.000000
    endloop
  endfacet
  facet normal 0.923878 -0.382686 0.000000
    outer loop
      vertex 116.474098 1.497351 0.000000
      vertex 116.873703 2.462075 0.000000
      vertex 116.474098 1.497351 5.000000
    endloop
  endfacet
  facet normal 0.000000 0.000000 -1.000000
    outer loop
      vertex 116.873703 2.462075 0.000000
      vertex 116.873703 3.552098 0.000000
      vertex 117.010002 3.497351 0.000000
    endloop
  endfacet
  facet normal 0.991445 -0.130528 0.000000
    outer loop
      vertex 116.873703 2.462075 0.000000
      vertex 117.010002 3.497351 0.000000
      vertex 116.873703 2.462075 5.000000
    endloop
  endfacet
  facet normal 0.923878 -0.382686 0.000000
    outer loop
      vertex 116.873703 2.462075 0.000000
      vertex 116.873703 2.462075 5.000000
      vertex 116.474098 1.497351 5.000000
    endloop
  endfacet
  facet normal 0.991445 -0.130528 0.000000
    outer loop
      vertex 116.873703 2.462075 5.000000
      vertex 117.010002 3.497351 0.000000
      vertex 117.010002 3.497351 5.000000
    endloop
  endfacet
  facet normal 0.000000 0.000000 1.000000
    outer loop
      vertex 113.063583 3.497351 5.000000
      vertex 112.289246 3.834552 5.000000
      vertex 112.085831 1.339746 5.000000
    endloop
  endfacet
  facet normal 0.000000 0.000000 1.000000
    outer loop
      vertex 113.063583 3.497351 5.000000
      vertex 112.085831 1.339746 5.000000
      vertex 116.353165 1.339746 5.000000
    endloop
  endfacet
  facet normal 0.000000 0.000000 1.000000
    outer loop
      vertex 113.063583 3.497351 5.000000
      vertex 116.353165 1.339746 5.000000
      vertex 113.252380 3.497351 5.000000
    endloop
  endfacet
  facet normal 0.000000 0.000000 1.000000
    outer loop
      vertex 113.252380 3.497351 5.000000
      vertex 116.353165 1.339746 5.000000
      vertex 113.621338 4.858491 5.000000
    endloop
  endfacet
  facet normal 0.000000 0.000000 1.000000
    outer loop
      vertex 116.474098 1.497351 5.000000
      vertex 117.010002 3.497351 5.000000
      vertex 116.353165 1.339746 5.000000
    endloop
  endfacet
  facet normal 0.000000 0.000000 1.000000
    outer loop
      vertex 116.474098 1.497351 5.000000
      vertex 116.873703 2.462075 5.000000
      vertex 117.010002 3.497351 5.000000
    endloop
  endfacet
  facet normal 0.000000 0.000000 1.000000
    outer loop
      vertex 117.010002 3.497351 5.000000
      vertex 113.621338 4.858491 5.000000
      vertex 116.353165 1.339746 5.000000
    endloop
  endfacet
  facet normal 0.000000 0.000000 -1.000000
    outer loop
      vertex 116.873703 3.558312 0.000000
      vertex 117.010002 3.497351 0.000000
      vertex 116.873703 3.552098 0.000000
    endloop
  endfacet
  facet normal 0.000000 0.000000 1.000000
    outer loop
      vertex 113.063583 3.497351 5.000000
      vertex 113.010002 4.201174 5.000000
      vertex 112.289246 3.834552 5.000000
    endloop
  endfacet
  facet normal 0.000000 0.000000 -1.000000
    outer loop
      vertex 0.000000 50.497353 0.000000
      vertex 0.136297 50.442604 0.000000
      vertex 0.136297 50.436390 0.000000
    endloop
  endfacet
  facet normal 0.000000 0.000000 -1.000000
    outer loop
      vertex 0.000000 50.497353 0.000000
      vertex 0.136297 51.532627 0.000000
      vertex 0.136297 50.442604 0.000000
    endloop
  endfacet
  facet normal -0.991445 0.130526 0.000000
    outer loop
      vertex 0.000000 50.497353 0.000000
      vertex 0.000000 50.497353 5.000000
      vertex 0.136297 51.532627 5.000000
    endloop
  endfacet
  facet normal 0.000000 0.000000 1.000000
    outer loop
      vertex 6.118176 47.930889 5.000000
      vertex 6.779382 47.631290 5.000000
      vertex 6.828427 49.174080 5.000000
    endloop
  endfacet
  facet normal 0.000000 0.000000 1.000000
    outer loop
      vertex 6.118176 47.930889 5.000000
      vertex 6.828427 49.174080 5.000000
      vertex 6.828427 53.070297 5.000000
    endloop
  endfacet
  facet normal 0.000000 0.000000 1.000000
    outer loop
      vertex 6.118176 47.930889 5.000000
      vertex 6.828427 53.215771 5.000000
      vertex 6.313558 49.414963 5.000000
    endloop
  endfacet
  facet normal 0.000000 0.000000 1.000000
    outer loop
      vertex 6.828427 49.174080 5.000000
      vertex 7.015088 49.086754 5.000000
      vertex 6.828427 53.070297 5.000000
    endloop
  endfacet
  facet normal 0.000000 0.000000 -1.000000
    outer loop
      vertex 0.136297 50.442604 0.000000
      vertex 0.136297 51.532627 0.000000
      vertex 0.535898 52.497353 0.000000
    endloop
  endfacet
  facet normal -0.991445 0.130526 0.000000
    outer loop
      vertex 0.000000 50.497353 0.000000
      vertex 0.136297 51.532627 5.000000
      vertex 0.136297 51.532627 0.000000
    endloop
  endfacet
  facet normal 0.000000 0.000000 -1.000000
    outer loop
      vertex 0.136297 50.442604 0.000000
      vertex 0.535898 52.497353 0.000000
      vertex 1.171573 53.325779 0.000000
    endloop
  endfacet
  facet normal 0.000000 0.000000 -1.000000
    outer loop
      vertex 0.136297 50.442604 0.000000
      vertex 1.171573 53.325779 0.000000
      vertex 2.000000 53.961452 0.000000
    endloop
  endfacet
  facet normal -0.923880 0.382683 0.000000
    outer loop
      vertex 0.136297 51.532627 0.000000
      vertex 0.535898 52.497353 5.000000
      vertex 0.535898 52.497353 0.000000
    endloop
  endfacet
  facet normal 0.000000 0.000000 -1.000000
    outer loop
      vertex 3.298937 49.172253 0.000000
      vertex 0.136297 50.442604 0.000000
      vertex 4.000000 54.497353 0.000000
    endloop
  endfacet
  facet normal -0.923880 0.382683 0.000000
    outer loop
      vertex 0.136297 51.532627 0.000000
      vertex 0.136297 51.532627 5.000000
      vertex 0.535898 52.497353 5.000000
    endloop
  endfacet
  facet normal -0.793353 0.608762 0.000000
    outer loop
      vertex 0.535898 52.497353 0.000000
      vertex 0.535898 52.497353 5.000000
      vertex 1.171573 53.325779 5.000000
    endloop
  endfacet
  facet normal 0.000000 0.000000 -1.000000
    outer loop
      vertex 0.136297 50.442604 0.000000
      vertex 2.000000 53.961452 0.000000
      vertex 2.964724 54.361057 0.000000
    endloop
  endfacet
  facet normal -0.793353 0.608762 0.000000
    outer loop
      vertex 0.535898 52.497353 0.000000
      vertex 1.171573 53.325779 5.000000
      vertex 1.171573 53.325779 0.000000
    endloop
  endfacet
  facet normal -0.608761 0.793354 0.000000
    outer loop
      vertex 1.171573 53.325779 0.000000
      vertex 2.000000 53.961452 5.000000
      vertex 2.000000 53.961452 0.000000
    endloop
  endfacet
  facet normal 0.000000 0.000000 -1.000000
    outer loop
      vertex 0.136297 50.442604 0.000000
      vertex 2.964724 54.361057 0.000000
      vertex 4.000000 54.497353 0.000000
    endloop
  endfacet
  facet normal -0.382686 0.923878 0.000000
    outer loop
      vertex 2.000000 53.961452 0.000000
      vertex 2.964724 54.361057 5.000000
      vertex 2.964724 54.361057 0.000000
    endloop
  endfacet
  facet normal -0.130525 0.991445 0.000000
    outer loop
      vertex 2.964724 54.361057 0.000000
      vertex 4.000000 54.497353 5.000000
      vertex 4.000000 54.497353 0.000000
    endloop
  endfacet
  facet normal -0.608761 0.793354 0.000000
    outer loop
      vertex 1.171573 53.325779 0.000000
      vertex 1.171573 53.325779 5.000000
      vertex 2.000000 53.961452 5.000000
    endloop
  endfacet
  facet normal -0.382686 0.923878 0.000000
    outer loop
      vertex 2.000000 53.961452 0.000000
      vertex 2.000000 53.961452 5.000000
      vertex 2.964724 54.361057 5.000000
    endloop
  endfacet
  facet normal -0.130525 0.991445 0.000000
    outer loop
      vertex 2.964724 54.361057 0.000000
      vertex 2.964724 54.361057 5.000000
      vertex 4.000000 54.497353 5.000000
    endloop
  endfacet
  facet normal 0.000000 0.000000 -1.000000
    outer loop
      vertex 3.298937 49.172253 0.000000
      vertex 4.000000 54.497353 0.000000
      vertex 4.000000 50.497353 0.000000
    endloop
  endfacet
  facet normal 0.000000 0.000000 1.000000
    outer loop
      vertex 0.535898 52.497353 5.000000
      vertex 4.000000 52.497353 5.000000
      vertex 1.171573 53.325779 5.000000
    endloop
  endfacet
  facet normal 0.000000 0.000000 1.000000
    outer loop
      vertex 1.171573 53.325779 5.000000
      vertex 4.000000 52.497353 5.000000
      vertex 4.000000 54.497353 5.000000
    endloop
  endfacet
  facet normal 0.000000 0.000000 1.000000
    outer loop
      vertex 1.171573 53.325779 5.000000
      vertex 4.000000 54.497353 5.000000
      vertex 2.000000 53.961452 5.000000
    endloop
  endfacet
  facet normal 0.000000 0.000000 1.000000
    outer loop
      vertex 2.000000 53.961452 5.000000
      vertex 4.000000 54.497353 5.000000
      vertex 2.964724 54.361057 5.000000
    endloop
  endfacet
  facet normal 0.000000 0.000000 1.000000
    outer loop
      vertex 6.118176 47.930889 5.000000
      vertex 6.828427 53.070297 5.000000
      vertex 6.828427 53.215771 5.000000
    endloop
  endfacet
  facet normal 0.000000 0.000000 1.000000
    outer loop
      vertex 6.313558 49.414963 5.000000
      vertex 6.828427 53.215771 5.000000
      vertex 6.658618 53.155972 5.000000
    endloop
  endfacet
  facet normal 0.000000 0.000000 1.000000
    outer loop
      vertex 4.000000 54.497353 5.000000
      vertex 6.658618 53.155972 5.000000
      vertex 6.828427 53.215771 5.000000
    endloop
  endfacet
  facet normal 0.000000 0.000000 -1.000000
    outer loop
      vertex 113.216766 48.067879 0.000000
      vertex 113.010002 50.497353 0.000000
      vertex 113.536613 50.497353 0.000000
    endloop
  endfacet
  facet normal 0.000000 0.000000 -1.000000
    outer loop
      vertex 113.536613 50.497353 0.000000
      vertex 116.873703 51.532627 0.000000
      vertex 117.010002 50.497353 0.000000
    endloop
  endfacet
  facet normal 0.991445 0.130529 0.000000
    outer loop
      vertex 117.010002 50.497353 0.000000
      vertex 116.873703 51.532627 0.000000
      vertex 117.010002 50.497353 5.000000
    endloop
  endfacet
  facet normal 0.000000 0.000000 -1.000000
    outer loop
      vertex 113.010002 50.497353 0.000000
      vertex 113.010002 54.497353 0.000000
      vertex 113.536613 50.497353 0.000000
    endloop
  endfacet
  facet normal 0.000000 0.000000 -1.000000
    outer loop
      vertex 113.536613 50.497353 0.000000
      vertex 115.010002 53.961452 0.000000
      vertex 115.838425 53.325779 0.000000
    endloop
  endfacet
  facet normal 0.000000 0.000000 -1.000000
    outer loop
      vertex 113.536613 50.497353 0.000000
      vertex 116.474098 52.497353 0.000000
      vertex 116.873703 51.532627 0.000000
    endloop
  endfacet
  facet normal 0.923879 0.382685 0.000000
    outer loop
      vertex 116.873703 51.532627 0.000000
      vertex 116.474098 52.497353 0.000000
      vertex 116.873703 51.532627 5.000000
    endloop
  endfacet
  facet normal 0.000000 0.000000 -1.000000
    outer loop
      vertex 113.536613 50.497353 0.000000
      vertex 115.838425 53.325779 0.000000
      vertex 116.474098 52.497353 0.000000
    endloop
  endfacet
  facet normal 0.793354 0.608761 0.000000
    outer loop
      vertex 116.474098 52.497353 0.000000
      vertex 115.838425 53.325779 0.000000
      vertex 116.474098 52.497353 5.000000
    endloop
  endfacet
  facet normal 0.991445 0.130529 0.000000
    outer loop
      vertex 117.010002 50.497353 5.000000
      vertex 116.873703 51.532627 0.000000
      vertex 116.873703 51.532627 5.000000
    endloop
  endfacet
  facet normal 0.923879 0.382685 0.000000
    outer loop
      vertex 116.474098 52.497353 0.000000
      vertex 116.474098 52.497353 5.000000
      vertex 116.873703 51.532627 5.000000
    endloop
  endfacet
  facet normal 0.000000 0.000000 -1.000000
    outer loop
      vertex 113.536613 50.497353 0.000000
      vertex 113.010002 54.497353 0.000000
      vertex 114.045273 54.361057 0.000000
    endloop
  endfacet
  facet normal 0.000000 0.000000 -1.000000
    outer loop
      vertex 113.536613 50.497353 0.000000
      vertex 114.045273 54.361057 0.000000
      vertex 115.010002 53.961452 0.000000
    endloop
  endfacet
  facet normal 0.130526 0.991445 0.000000
    outer loop
      vertex 113.010002 54.497353 0.000000
      vertex 114.045273 54.361057 5.000000
      vertex 114.045273 54.361057 0.000000
    endloop
  endfacet
  facet normal 0.382684 0.923879 0.000000
    outer loop
      vertex 114.045273 54.361057 0.000000
      vertex 115.010002 53.961452 5.000000
      vertex 115.010002 53.961452 0.000000
    endloop
  endfacet
  facet normal 0.608763 0.793352 0.000000
    outer loop
      vertex 115.010002 53.961452 0.000000
      vertex 115.838425 53.325779 5.000000
      vertex 115.838425 53.325779 0.000000
    endloop
  endfacet
  facet normal 0.130526 0.991445 0.000000
    outer loop
      vertex 113.010002 54.497353 0.000000
      vertex 113.010002 54.497353 5.000000
      vertex 114.045273 54.361057 5.000000
    endloop
  endfacet
  facet normal 0.382684 0.923879 0.000000
    outer loop
      vertex 114.045273 54.361057 0.000000
      vertex 114.045273 54.361057 5.000000
      vertex 115.010002 53.961452 5.000000
    endloop
  endfacet
  facet normal 0.793354 0.608761 0.000000
    outer loop
      vertex 115.838425 53.325779 0.000000
      vertex 115.838425 53.325779 5.000000
      vertex 116.474098 52.497353 5.000000
    endloop
  endfacet
  facet normal 0.608763 0.793352 0.000000
    outer loop
      vertex 115.010002 53.961452 0.000000
      vertex 115.010002 53.961452 5.000000
      vertex 115.838425 53.325779 5.000000
    endloop
  endfacet
  facet normal 0.000000 0.000000 1.000000
    outer loop
      vertex 113.010002 52.497353 5.000000
      vertex 116.474098 52.497353 5.000000
      vertex 113.010002 54.497353 5.000000
    endloop
  endfacet
  facet normal 0.000000 0.000000 1.000000
    outer loop
      vertex 116.474098 52.497353 5.000000
      vertex 115.010002 53.961452 5.000000
      vertex 114.045273 54.361057 5.000000
    endloop
  endfacet
  facet normal 0.000000 0.000000 1.000000
    outer loop
      vertex 113.010002 54.497353 5.000000
      vertex 116.474098 52.497353 5.000000
      vertex 114.045273 54.361057 5.000000
    endloop
  endfacet
  facet normal 0.000000 0.000000 1.000000
    outer loop
      vertex 116.474098 52.497353 5.000000
      vertex 115.838425 53.325779 5.000000
      vertex 115.010002 53.961452 5.000000
    endloop
  endfacet
  facet normal 0.000000 0.965928 -0.258812
    outer loop
      vertex 6.570453 12.450705 7.829629
      vertex 6.559649 12.479094 7.935581
      vertex 6.805000 12.450705 7.829629
    endloop
  endfacet
  facet normal -0.000005 0.965925 -0.258822
    outer loop
      vertex 6.559649 12.479094 7.935581
      vertex 6.440147 12.581055 8.316103
      vertex 6.805000 12.450705 7.829629
    endloop
  endfacet
  facet normal -0.000000 0.965926 -0.258819
    outer loop
      vertex 6.805000 12.450705 7.829629
      vertex 6.440147 12.581055 8.316103
      vertex 6.805000 13.647224 12.295103
    endloop
  endfacet
  facet normal -0.000001 0.965926 -0.258819
    outer loop
      vertex 6.246086 12.675022 8.666795
      vertex 6.805000 13.647224 12.295103
      vertex 6.440147 12.581055 8.316103
    endloop
  endfacet
  facet normal -1.000000 0.000000 0.000000
    outer loop
      vertex 0.000000 11.051188 8.204628
      vertex 0.000000 2.791446 10.417820
      vertex 0.000000 11.142102 41.582893
    endloop
  endfacet
  facet normal -0.000002 0.965926 -0.258819
    outer loop
      vertex 6.246086 12.675022 8.666795
      vertex 6.000000 12.752630 8.956434
      vertex 6.000000 21.222719 40.567234
    endloop
  endfacet
  facet normal -0.000000 0.965926 -0.258819
    outer loop
      vertex 6.246086 12.675022 8.666795
      vertex 6.000000 21.222719 40.567234
      vertex 6.805000 13.647224 12.295103
    endloop
  endfacet
  facet normal -1.000000 0.000000 0.000000
    outer loop
      vertex 0.000000 11.051188 8.204628
      vertex 0.000000 18.167885 67.803474
      vertex 0.000000 12.450705 7.829629
    endloop
  endfacet
  facet normal -1.000000 0.000000 0.000000
    outer loop
      vertex 0.000000 11.051188 8.204628
      vertex 0.000000 11.142102 41.582893
      vertex 0.000000 18.167885 67.803474
    endloop
  endfacet
  facet normal -1.000000 0.000000 0.000000
    outer loop
      vertex 0.000000 12.450705 7.829629
      vertex 0.000000 18.167885 67.803474
      vertex 0.000000 21.222719 40.567234
    endloop
  endfacet
  facet normal -0.000001 0.965926 -0.258819
    outer loop
      vertex 6.805000 13.647224 12.295103
      vertex 6.000000 21.222719 40.567234
      vertex 5.666698 27.452869 63.818470
    endloop
  endfacet
  facet normal 0.000000 0.965926 -0.258819
    outer loop
      vertex 0.000000 21.222719 40.567234
      vertex 0.170371 27.804754 65.131729
      vertex 6.000000 21.222719 40.567234
    endloop
  endfacet
  facet normal 0.000002 0.965926 -0.258819
    outer loop
      vertex 6.805000 13.647224 12.295103
      vertex 5.666698 27.452869 63.818470
      vertex 5.984924 27.520462 64.070732
    endloop
  endfacet
  facet normal 0.000005 0.965926 -0.258819
    outer loop
      vertex 6.805000 13.647224 12.295103
      vertex 5.984924 27.520462 64.070732
      vertex 6.246086 27.602825 64.378120
    endloop
  endfacet
  facet normal -0.000008 0.965926 -0.258819
    outer loop
      vertex 6.805000 13.647224 12.295103
      vertex 6.246086 27.602825 64.378120
      vertex 6.440147 27.696793 64.728806
    endloop
  endfacet
  facet normal -0.000001 0.965926 -0.258819
    outer loop
      vertex 6.805000 13.647224 12.295103
      vertex 6.440147 27.696793 64.728806
      vertex 6.559649 27.798754 65.109329
    endloop
  endfacet
  facet normal 0.000182 0.965926 -0.258818
    outer loop
      vertex 6.805000 13.647224 12.295103
      vertex 6.559649 27.798754 65.109329
      vertex 6.570453 27.827143 65.215286
    endloop
  endfacet
  facet normal 0.000000 0.965926 -0.258819
    outer loop
      vertex 6.805000 13.647224 12.295103
      vertex 6.570453 27.827143 65.215286
      vertex 6.805000 27.827143 65.215286
    endloop
  endfacet
  facet normal -1.000000 0.000000 0.000000
    outer loop
      vertex 0.000000 21.222719 40.567234
      vertex 0.000000 18.167885 67.803474
      vertex 0.000000 27.827143 65.215286
    endloop
  endfacet
  facet normal -0.000001 0.965926 -0.258819
    outer loop
      vertex 6.000000 21.222719 40.567234
      vertex 0.170371 27.827143 65.215286
      vertex 3.333302 27.452869 63.818470
    endloop
  endfacet
  facet normal -0.000003 0.965926 -0.258819
    outer loop
      vertex 0.000000 21.222719 40.567234
      vertex 0.000000 27.827143 65.215286
      vertex 0.170371 27.804754 65.131729
    endloop
  endfacet
  facet normal 0.000029 0.965928 -0.258812
    outer loop
      vertex 6.000000 21.222719 40.567234
      vertex 0.170371 27.804754 65.131729
      vertex 0.170371 27.827143 65.215286
    endloop
  endfacet
  facet normal 0.000000 0.965926 -0.258819
    outer loop
      vertex 6.000000 21.222719 40.567234
      vertex 3.333302 27.452869 63.818470
      vertex 3.696365 27.402643 63.631023
    endloop
  endfacet
  facet normal 0.000003 0.965926 -0.258819
    outer loop
      vertex 6.000000 21.222719 40.567234
      vertex 4.090310 27.371714 63.515591
      vertex 4.500000 27.361269 63.476616
    endloop
  endfacet
  facet normal -0.000001 0.965926 -0.258819
    outer loop
      vertex 6.000000 21.222719 40.567234
      vertex 3.696365 27.402643 63.631023
      vertex 4.090310 27.371714 63.515591
    endloop
  endfacet
  facet normal -0.000003 0.965926 -0.258819
    outer loop
      vertex 6.000000 21.222719 40.567234
      vertex 4.500000 27.361269 63.476616
      vertex 4.909690 27.371714 63.515591
    endloop
  endfacet
  facet normal 0.000001 0.965926 -0.258819
    outer loop
      vertex 6.000000 21.222719 40.567234
      vertex 4.909690 27.371714 63.515591
      vertex 5.303635 27.402643 63.631023
    endloop
  endfacet
  facet normal -0.000000 0.965926 -0.258819
    outer loop
      vertex 6.000000 21.222719 40.567234
      vertex 5.303635 27.402643 63.631023
      vertex 5.666698 27.452869 63.818470
    endloop
  endfacet
  facet normal -0.000002 0.965924 -0.258824
    outer loop
      vertex 0.170371 27.827143 65.215286
      vertex 2.559853 27.696793 64.728806
      vertex 2.753914 27.602825 64.378120
    endloop
  endfacet
  facet normal -0.000001 0.965926 -0.258820
    outer loop
      vertex 0.170371 27.827143 65.215286
      vertex 2.440351 27.798754 65.109329
      vertex 2.559853 27.696793 64.728806
    endloop
  endfacet
  facet normal 0.000000 0.965931 -0.258801
    outer loop
      vertex 0.170371 27.827143 65.215286
      vertex 2.429547 27.827143 65.215286
      vertex 2.440351 27.798754 65.109329
    endloop
  endfacet
  facet normal 0.000001 0.965927 -0.258815
    outer loop
      vertex 0.170371 27.827143 65.215286
      vertex 3.015076 27.520462 64.070732
      vertex 3.333302 27.452869 63.818470
    endloop
  endfacet
  facet normal 0.000002 0.965927 -0.258814
    outer loop
      vertex 0.170371 27.827143 65.215286
      vertex 2.753914 27.602825 64.378120
      vertex 3.015076 27.520462 64.070732
    endloop
  endfacet
  facet normal 1.000000 0.000000 0.000000
    outer loop
      vertex 117.010002 11.051188 8.204628
      vertex 117.010002 20.073051 41.874699
      vertex 117.010002 2.791446 10.417820
    endloop
  endfacet
  facet normal 1.000000 0.000000 0.000000
    outer loop
      vertex 117.010002 27.827143 65.215286
      vertex 117.010002 6.398890 23.880983
      vertex 117.010002 2.791446 10.417820
    endloop
  endfacet
  facet normal 0.000000 0.965926 -0.258819
    outer loop
      vertex 110.205002 12.450705 7.829629
      vertex 110.205002 26.630623 60.749809
      vertex 110.439545 12.450705 7.829629
    endloop
  endfacet
  facet normal 0.000072 0.965926 -0.258819
    outer loop
      vertex 110.439545 12.450705 7.829629
      vertex 110.205002 26.630623 60.749809
      vertex 110.450348 12.479094 7.935581
    endloop
  endfacet
  facet normal -0.000005 0.965926 -0.258819
    outer loop
      vertex 110.450348 12.479094 7.935581
      vertex 110.205002 26.630623 60.749809
      vertex 110.569855 12.581055 8.316103
    endloop
  endfacet
  facet normal 0.000001 0.965926 -0.258819
    outer loop
      vertex 110.569855 12.581055 8.316103
      vertex 110.205002 26.630623 60.749809
      vertex 110.763916 12.675022 8.666795
    endloop
  endfacet
  facet normal 0.000001 0.965926 -0.258819
    outer loop
      vertex 110.763916 12.675022 8.666795
      vertex 110.205002 26.630623 60.749809
      vertex 111.010002 12.752631 8.956437
    endloop
  endfacet
  facet normal 1.000000 0.000000 0.000000
    outer loop
      vertex 117.010002 20.073051 41.874699
      vertex 117.010002 27.827143 65.215286
      vertex 117.010002 2.791446 10.417820
    endloop
  endfacet
  facet normal -0.000002 0.965926 -0.258819
    outer loop
      vertex 111.010002 12.752631 8.956437
      vertex 110.205002 26.630623 60.749809
      vertex 111.010002 21.222719 40.567234
    endloop
  endfacet
  facet normal 1.000000 0.000000 0.000000
    outer loop
      vertex 117.010002 27.827143 65.215286
      vertex 117.010002 18.167885 67.803474
      vertex 117.010002 6.398890 23.880983
    endloop
  endfacet
  facet normal 0.000000 0.965926 -0.258819
    outer loop
      vertex 111.010002 21.222719 40.567234
      vertex 117.010002 27.827143 65.215286
      vertex 117.010002 21.222719 40.567234
    endloop
  endfacet
  facet normal 1.000000 0.000000 0.000000
    outer loop
      vertex 117.010002 20.073051 41.874699
      vertex 117.010002 21.222719 40.567234
      vertex 117.010002 27.827143 65.215286
    endloop
  endfacet
  facet normal -0.000001 0.965926 -0.258819
    outer loop
      vertex 111.010002 21.222719 40.567234
      vertex 110.205002 26.630623 60.749809
      vertex 111.343300 27.452869 63.818470
    endloop
  endfacet
  facet normal 0.000000 0.965926 -0.258819
    outer loop
      vertex 111.010002 21.222719 40.567234
      vertex 111.343300 27.452869 63.818470
      vertex 111.706367 27.402643 63.631023
    endloop
  endfacet
  facet normal 0.000003 0.965926 -0.258819
    outer loop
      vertex 111.010002 21.222719 40.567234
      vertex 112.100311 27.371714 63.515591
      vertex 112.510002 27.361269 63.476616
    endloop
  endfacet
  facet normal -0.000001 0.965926 -0.258819
    outer loop
      vertex 111.010002 21.222719 40.567234
      vertex 111.706367 27.402643 63.631023
      vertex 112.100311 27.371714 63.515591
    endloop
  endfacet
  facet normal -0.000003 0.965926 -0.258819
    outer loop
      vertex 111.010002 21.222719 40.567234
      vertex 112.510002 27.361269 63.476616
      vertex 112.919693 27.371714 63.515591
    endloop
  endfacet
  facet normal 0.000001 0.965926 -0.258819
    outer loop
      vertex 111.010002 21.222719 40.567234
      vertex 112.919693 27.371714 63.515591
      vertex 113.313637 27.402643 63.631023
    endloop
  endfacet
  facet normal -0.000000 0.965926 -0.258819
    outer loop
      vertex 111.010002 21.222719 40.567234
      vertex 113.313637 27.402643 63.631023
      vertex 113.676697 27.452869 63.818470
    endloop
  endfacet
  facet normal 0.000003 0.965926 -0.258819
    outer loop
      vertex 111.010002 21.222719 40.567234
      vertex 113.676697 27.452869 63.818470
      vertex 113.994926 27.520462 64.070732
    endloop
  endfacet
  facet normal 0.000006 0.965926 -0.258820
    outer loop
      vertex 111.010002 21.222719 40.567234
      vertex 113.994926 27.520462 64.070732
      vertex 114.256088 27.602825 64.378120
    endloop
  endfacet
  facet normal -0.000011 0.965926 -0.258818
    outer loop
      vertex 111.010002 21.222719 40.567234
      vertex 114.256088 27.602825 64.378120
      vertex 114.450150 27.696793 64.728806
    endloop
  endfacet
  facet normal -0.000002 0.965926 -0.258819
    outer loop
      vertex 111.010002 21.222719 40.567234
      vertex 114.450150 27.696793 64.728806
      vertex 114.569649 27.798754 65.109329
    endloop
  endfacet
  facet normal 0.000001 0.965926 -0.258819
    outer loop
      vertex 111.010002 21.222719 40.567234
      vertex 114.569649 27.798754 65.109329
      vertex 117.010002 27.827143 65.215286
    endloop
  endfacet
  facet normal -0.000002 0.965926 -0.258819
    outer loop
      vertex 110.205002 26.630623 60.749809
      vertex 111.025078 27.520462 64.070732
      vertex 111.343300 27.452869 63.818470
    endloop
  endfacet
  facet normal 0.000007 0.965926 -0.258820
    outer loop
      vertex 110.205002 26.630623 60.749809
      vertex 110.569855 27.696793 64.728806
      vertex 110.763916 27.602825 64.378120
    endloop
  endfacet
  facet normal -0.000004 0.965926 -0.258818
    outer loop
      vertex 110.205002 26.630623 60.749809
      vertex 110.763916 27.602825 64.378120
      vertex 111.025078 27.520462 64.070732
    endloop
  endfacet
  facet normal -0.000005 0.965926 -0.258819
    outer loop
      vertex 110.205002 26.630623 60.749809
      vertex 110.205002 27.827143 65.215286
      vertex 110.569855 27.696793 64.728806
    endloop
  endfacet
  facet normal 0.000000 0.965931 -0.258801
    outer loop
      vertex 110.205002 27.827143 65.215286
      vertex 110.439545 27.827143 65.215286
      vertex 110.450348 27.798754 65.109329
    endloop
  endfacet
  facet normal -0.000010 0.965925 -0.258822
    outer loop
      vertex 110.569855 27.696793 64.728806
      vertex 110.205002 27.827143 65.215286
      vertex 110.450348 27.798754 65.109329
    endloop
  endfacet
  facet normal 0.000000 0.965931 -0.258801
    outer loop
      vertex 114.569649 27.798754 65.109329
      vertex 114.580452 27.827143 65.215286
      vertex 117.010002 27.827143 65.215286
    endloop
  endfacet
  facet normal 0.000000 -0.258819 -0.965926
    outer loop
      vertex 5.000000 3.692508 5.000000
      vertex 20.389999 1.497351 5.588191
      vertex 5.000000 1.497351 5.588191
    endloop
  endfacet
  facet normal 0.000000 0.965926 -0.258819
    outer loop
      vertex 6.000000 11.692508 5.000000
      vertex 6.000000 11.993486 6.123269
      vertex 7.683680 11.843431 5.563258
    endloop
  endfacet
  facet normal 0.000000 0.965926 -0.258818
    outer loop
      vertex 6.000000 11.993486 6.123269
      vertex 6.246086 12.071095 6.412908
      vertex 7.206924 12.004241 6.163407
    endloop
  endfacet
  facet normal 0.000000 0.965926 -0.258819
    outer loop
      vertex 6.000000 11.993486 6.123269
      vertex 7.206924 12.004241 6.163407
      vertex 7.683680 11.843431 5.563258
    endloop
  endfacet
  facet normal -0.000000 0.965926 -0.258819
    outer loop
      vertex 6.246086 12.071095 6.412908
      vertex 6.440147 12.165062 6.763599
      vertex 7.206924 12.004241 6.163407
    endloop
  endfacet
  facet normal -0.000001 0.965925 -0.258820
    outer loop
      vertex 7.206924 12.004241 6.163407
      vertex 6.440147 12.165062 6.763599
      vertex 6.907223 12.191508 6.862296
    endloop
  endfacet
  facet normal -0.000001 0.965926 -0.258820
    outer loop
      vertex 6.440147 12.165062 6.763599
      vertex 6.559649 12.267023 7.144122
      vertex 6.907223 12.191508 6.862296
    endloop
  endfacet
  facet normal -0.000000 0.965926 -0.258819
    outer loop
      vertex 6.559649 12.267023 7.144122
      vertex 6.600000 12.373058 7.539851
      vertex 6.907223 12.191508 6.862296
    endloop
  endfacet
  facet normal -0.000003 0.965926 -0.258820
    outer loop
      vertex 6.907223 12.191508 6.862296
      vertex 6.600000 12.373058 7.539851
      vertex 6.805000 12.392470 7.612296
    endloop
  endfacet
  facet normal -0.000002 0.965925 -0.258821
    outer loop
      vertex 6.600000 12.373058 7.539851
      vertex 6.570453 12.450705 7.829629
      vertex 6.805000 12.392470 7.612296
    endloop
  endfacet
  facet normal 0.000000 0.965926 -0.258819
    outer loop
      vertex 6.805000 12.392470 7.612296
      vertex 6.570453 12.450705 7.829629
      vertex 6.805000 12.450705 7.829629
    endloop
  endfacet
  facet normal 0.000000 0.965927 -0.258816
    outer loop
      vertex 6.000000 11.692508 5.000000
      vertex 8.305000 11.720038 5.102747
      vertex 8.561804 11.692508 5.000000
    endloop
  endfacet
  facet normal 0.000000 0.965926 -0.258818
    outer loop
      vertex 6.000000 11.692508 5.000000
      vertex 7.683680 11.843431 5.563258
      vertex 8.305000 11.720038 5.102747
    endloop
  endfacet
  facet normal 0.000000 -0.258819 -0.965926
    outer loop
      vertex 5.000000 3.692508 5.000000
      vertex 20.389999 3.692508 5.000000
      vertex 20.389999 1.497351 5.588191
    endloop
  endfacet
  facet normal 0.000000 -0.258819 -0.965926
    outer loop
      vertex 32.500000 3.692508 5.000000
      vertex 92.690002 1.497351 5.588191
      vertex 32.500000 1.497351 5.588191
    endloop
  endfacet
  facet normal 0.000000 0.258819 0.965926
    outer loop
      vertex 5.000000 29.121239 70.044914
      vertex 5.000000 19.461981 72.633102
      vertex 112.010002 19.461981 72.633102
    endloop
  endfacet
  facet normal 0.000000 0.965924 -0.258825
    outer loop
      vertex 6.570453 27.827143 65.215286
      vertex 6.600000 27.904789 65.505058
      vertex 6.805000 27.827143 65.215286
    endloop
  endfacet
  facet normal 0.000000 0.965924 -0.258825
    outer loop
      vertex 6.805000 27.827143 65.215286
      vertex 6.600000 27.904789 65.505058
      vertex 6.805000 27.885378 65.432617
    endloop
  endfacet
  facet normal 0.000003 0.965926 -0.258819
    outer loop
      vertex 6.600000 27.904789 65.505058
      vertex 6.559649 28.010824 65.900787
      vertex 6.805000 27.885378 65.432617
    endloop
  endfacet
  facet normal 0.000003 0.965926 -0.258818
    outer loop
      vertex 6.805000 27.885378 65.432617
      vertex 6.559649 28.010824 65.900787
      vertex 6.440147 28.112785 66.281311
    endloop
  endfacet
  facet normal 0.000001 0.965926 -0.258819
    outer loop
      vertex 6.805000 27.885378 65.432617
      vertex 6.440147 28.112785 66.281311
      vertex 6.907223 28.086340 66.182617
    endloop
  endfacet
  facet normal -0.000003 0.965925 -0.258824
    outer loop
      vertex 6.246086 28.206753 66.632004
      vertex 5.984924 28.289116 66.939384
      vertex 6.907223 28.086340 66.182617
    endloop
  endfacet
  facet normal 0.000001 0.965926 -0.258817
    outer loop
      vertex 6.246086 28.206753 66.632004
      vertex 6.907223 28.086340 66.182617
      vertex 6.440147 28.112785 66.281311
    endloop
  endfacet
  facet normal 0.000001 0.965926 -0.258819
    outer loop
      vertex 5.984924 28.289116 66.939384
      vertex 7.206924 28.273607 66.881508
      vertex 6.907223 28.086340 66.182617
    endloop
  endfacet
  facet normal 0.000000 0.965926 -0.258819
    outer loop
      vertex 5.984924 28.289116 66.939384
      vertex 5.666698 28.356710 67.191650
      vertex 7.683680 28.434416 67.481651
    endloop
  endfacet
  facet normal 0.000000 0.965925 -0.258820
    outer loop
      vertex 5.984924 28.289116 66.939384
      vertex 7.683680 28.434416 67.481651
      vertex 7.206924 28.273607 66.881508
    endloop
  endfacet
  facet normal -0.000001 0.965926 -0.258819
    outer loop
      vertex 5.000000 28.430775 67.468063
      vertex 5.000000 29.121239 70.044914
      vertex 5.303635 28.406937 67.379097
    endloop
  endfacet
  facet normal 0.000000 0.965926 -0.258818
    outer loop
      vertex 5.303635 28.406937 67.379097
      vertex 5.000000 29.121239 70.044914
      vertex 5.666698 28.356710 67.191650
    endloop
  endfacet
  facet normal -0.000000 0.965926 -0.258819
    outer loop
      vertex 5.666698 28.356710 67.191650
      vertex 5.000000 29.121239 70.044914
      vertex 7.683680 28.434416 67.481651
    endloop
  endfacet
  facet normal -0.000001 0.965926 -0.258819
    outer loop
      vertex 5.000000 29.121239 70.044914
      vertex 8.305000 28.557810 67.942162
      vertex 7.683680 28.434416 67.481651
    endloop
  endfacet
  facet normal 0.000000 0.965926 -0.258818
    outer loop
      vertex 5.000000 29.121239 70.044914
      vertex 9.028543 28.635378 68.231651
      vertex 8.305000 28.557810 67.942162
    endloop
  endfacet
  facet normal 0.000000 0.965926 -0.258818
    outer loop
      vertex 5.000000 29.121239 70.044914
      vertex 9.805000 28.661835 68.330391
      vertex 9.028543 28.635378 68.231651
    endloop
  endfacet
  facet normal 0.000000 0.965926 -0.258818
    outer loop
      vertex 5.000000 29.121239 70.044914
      vertex 112.010002 29.121239 70.044914
      vertex 9.805000 28.661835 68.330391
    endloop
  endfacet
  facet normal 0.000000 -0.258819 -0.965926
    outer loop
      vertex 32.500000 3.692508 5.000000
      vertex 92.690002 3.692508 5.000000
      vertex 92.690002 1.497351 5.588191
    endloop
  endfacet
  facet normal 0.000000 -0.258819 -0.965926
    outer loop
      vertex 112.010002 3.692508 5.000000
      vertex 98.900002 1.497351 5.588191
      vertex 98.900002 3.692508 5.000000
    endloop
  endfacet
  facet normal 0.000000 -0.258819 -0.965926
    outer loop
      vertex 112.010002 3.692508 5.000000
      vertex 112.010002 1.497351 5.588191
      vertex 98.900002 1.497351 5.588191
    endloop
  endfacet
  facet normal 0.000000 0.965927 -0.258816
    outer loop
      vertex 108.448196 11.692508 5.000000
      vertex 108.705002 11.720038 5.102747
      vertex 111.010002 11.692508 5.000000
    endloop
  endfacet
  facet normal -0.000000 0.965926 -0.258818
    outer loop
      vertex 108.705002 11.720038 5.102747
      vertex 109.326317 11.843431 5.563258
      vertex 111.010002 11.692508 5.000000
    endloop
  endfacet
  facet normal -0.000000 0.965926 -0.258819
    outer loop
      vertex 109.326317 11.843431 5.563258
      vertex 109.803078 12.004241 6.163407
      vertex 111.010002 11.692508 5.000000
    endloop
  endfacet
  facet normal -0.000000 0.965926 -0.258819
    outer loop
      vertex 111.010002 11.692508 5.000000
      vertex 110.763916 12.071095 6.412908
      vertex 111.010002 11.993485 6.123266
    endloop
  endfacet
  facet normal -0.000001 0.965926 -0.258819
    outer loop
      vertex 111.010002 11.692508 5.000000
      vertex 109.803078 12.004241 6.163407
      vertex 110.102776 12.191508 6.862296
    endloop
  endfacet
  facet normal 0.000002 0.965926 -0.258818
    outer loop
      vertex 110.569855 12.165062 6.763599
      vertex 110.763916 12.071095 6.412908
      vertex 110.102776 12.191508 6.862296
    endloop
  endfacet
  facet normal 0.000002 0.965926 -0.258818
    outer loop
      vertex 111.010002 11.692508 5.000000
      vertex 110.102776 12.191508 6.862296
      vertex 110.763916 12.071095 6.412908
    endloop
  endfacet
  facet normal 0.000001 0.965926 -0.258819
    outer loop
      vertex 110.569855 12.165062 6.763599
      vertex 110.102776 12.191508 6.862296
      vertex 110.205002 12.392470 7.612296
    endloop
  endfacet
  facet normal -0.000002 0.965925 -0.258821
    outer loop
      vertex 110.569855 12.165062 6.763599
      vertex 110.205002 12.392470 7.612296
      vertex 110.450348 12.267023 7.144122
    endloop
  endfacet
  facet normal 0.000003 0.965926 -0.258818
    outer loop
      vertex 110.450348 12.267023 7.144122
      vertex 110.205002 12.392470 7.612296
      vertex 110.410004 12.373058 7.539851
    endloop
  endfacet
  facet normal 0.000003 0.965926 -0.258819
    outer loop
      vertex 110.410004 12.373058 7.539851
      vertex 110.205002 12.392470 7.612296
      vertex 110.205002 12.450705 7.829629
    endloop
  endfacet
  facet normal 0.000000 0.965925 -0.258821
    outer loop
      vertex 110.410004 12.373058 7.539851
      vertex 110.205002 12.450705 7.829629
      vertex 110.439545 12.450705 7.829629
    endloop
  endfacet
  facet normal 0.000000 0.258819 0.965926
    outer loop
      vertex 5.000000 29.121239 70.044914
      vertex 112.010002 19.461981 72.633102
      vertex 112.010002 29.121239 70.044914
    endloop
  endfacet
  facet normal 0.000000 0.965926 -0.258818
    outer loop
      vertex 9.805000 28.661835 68.330391
      vertex 112.010002 29.121239 70.044914
      vertex 107.205002 28.661835 68.330391
    endloop
  endfacet
  facet normal -0.000000 0.965926 -0.258818
    outer loop
      vertex 107.205002 28.661835 68.330391
      vertex 112.010002 29.121239 70.044914
      vertex 107.981461 28.635378 68.231651
    endloop
  endfacet
  facet normal -0.000000 0.965926 -0.258818
    outer loop
      vertex 108.705002 28.557810 67.942162
      vertex 107.981461 28.635378 68.231651
      vertex 112.010002 29.121239 70.044914
    endloop
  endfacet
  facet normal 0.000000 0.965924 -0.258825
    outer loop
      vertex 110.205002 27.827143 65.215286
      vertex 110.205002 27.885378 65.432617
      vertex 110.439545 27.827143 65.215286
    endloop
  endfacet
  facet normal -0.000000 0.965924 -0.258826
    outer loop
      vertex 110.439545 27.827143 65.215286
      vertex 110.205002 27.885378 65.432617
      vertex 110.410004 27.904789 65.505058
    endloop
  endfacet
  facet normal -0.000002 0.965926 -0.258820
    outer loop
      vertex 110.205002 27.885378 65.432617
      vertex 110.102776 28.086340 66.182617
      vertex 110.410004 27.904789 65.505058
    endloop
  endfacet
  facet normal -0.000001 0.965926 -0.258819
    outer loop
      vertex 110.410004 27.904789 65.505058
      vertex 110.102776 28.086340 66.182617
      vertex 110.450348 28.010824 65.900787
    endloop
  endfacet
  facet normal -0.000001 0.965926 -0.258819
    outer loop
      vertex 110.102776 28.086340 66.182617
      vertex 110.569855 28.112785 66.281311
      vertex 110.450348 28.010824 65.900787
    endloop
  endfacet
  facet normal -0.000001 0.965926 -0.258820
    outer loop
      vertex 110.102776 28.086340 66.182617
      vertex 109.803078 28.273607 66.881508
      vertex 110.569855 28.112785 66.281311
    endloop
  endfacet
  facet normal 0.000000 0.965926 -0.258818
    outer loop
      vertex 110.569855 28.112785 66.281311
      vertex 109.803078 28.273607 66.881508
      vertex 110.763916 28.206753 66.632004
    endloop
  endfacet
  facet normal -0.000000 0.965925 -0.258821
    outer loop
      vertex 109.803078 28.273607 66.881508
      vertex 111.025078 28.289116 66.939384
      vertex 110.763916 28.206753 66.632004
    endloop
  endfacet
  facet normal -0.000000 0.965925 -0.258820
    outer loop
      vertex 109.326317 28.434416 67.481651
      vertex 111.025078 28.289116 66.939384
      vertex 109.803078 28.273607 66.881508
    endloop
  endfacet
  facet normal -0.000000 0.965926 -0.258819
    outer loop
      vertex 109.326317 28.434416 67.481651
      vertex 111.343300 28.356710 67.191650
      vertex 111.025078 28.289116 66.939384
    endloop
  endfacet
  facet normal 0.000001 0.965926 -0.258819
    outer loop
      vertex 108.705002 28.557810 67.942162
      vertex 112.010002 29.121239 70.044914
      vertex 109.326317 28.434416 67.481651
    endloop
  endfacet
  facet normal 0.000000 0.965926 -0.258819
    outer loop
      vertex 109.326317 28.434416 67.481651
      vertex 112.010002 29.121239 70.044914
      vertex 111.343300 28.356710 67.191650
    endloop
  endfacet
  facet normal -0.000000 0.965926 -0.258818
    outer loop
      vertex 111.343300 28.356710 67.191650
      vertex 112.010002 29.121239 70.044914
      vertex 111.706367 28.406937 67.379097
    endloop
  endfacet
  facet normal 0.000001 0.965926 -0.258819
    outer loop
      vertex 111.706367 28.406937 67.379097
      vertex 112.010002 29.121239 70.044914
      vertex 112.010002 28.430775 67.468063
    endloop
  endfacet
  facet normal -0.382683 -0.239118 -0.892399
    outer loop
      vertex 3.705905 4.350770 5.000000
      vertex 3.705905 1.541446 5.752756
      vertex 2.500000 1.670727 6.235238
    endloop
  endfacet
  facet normal -0.608761 -0.205335 -0.766320
    outer loop
      vertex 2.500000 6.280698 5.000000
      vertex 2.500000 1.670727 6.235238
      vertex 1.464466 1.876383 7.002756
    endloop
  endfacet
  facet normal -0.130526 -0.256605 -0.957662
    outer loop
      vertex 5.000000 3.692508 5.000000
      vertex 5.000000 1.497351 5.588191
      vertex 3.705905 1.541446 5.752756
    endloop
  endfacet
  facet normal -0.130527 -0.256605 -0.957662
    outer loop
      vertex 4.000000 4.201174 5.000000
      vertex 3.705905 1.541446 5.752756
      vertex 3.705905 4.350770 5.000000
    endloop
  endfacet
  facet normal -0.130526 -0.256605 -0.957662
    outer loop
      vertex 5.000000 3.692508 5.000000
      vertex 3.705905 1.541446 5.752756
      vertex 4.000000 4.201174 5.000000
    endloop
  endfacet
  facet normal -0.793353 -0.157559 -0.588018
    outer loop
      vertex 1.464466 9.350770 5.000000
      vertex 1.464466 1.876383 7.002756
      vertex 0.669873 2.144399 8.003005
    endloop
  endfacet
  facet normal -0.382683 -0.239118 -0.892399
    outer loop
      vertex 2.500000 6.280698 5.000000
      vertex 3.705905 4.350770 5.000000
      vertex 2.500000 1.670727 6.235238
    endloop
  endfacet
  facet normal -0.923880 -0.099046 -0.369644
    outer loop
      vertex 0.669873 10.404140 5.789814
      vertex 0.669873 2.144399 8.003005
      vertex 0.170371 2.456510 9.167820
    endloop
  endfacet
  facet normal -0.608761 -0.205335 -0.766320
    outer loop
      vertex 2.500000 6.280698 5.000000
      vertex 1.464466 1.876383 7.002756
      vertex 1.464466 9.350770 5.000000
    endloop
  endfacet
  facet normal -0.991445 -0.033783 -0.126079
    outer loop
      vertex 0.170371 10.716251 6.954628
      vertex 0.170371 2.456510 9.167820
      vertex 0.000000 2.791446 10.417820
    endloop
  endfacet
  facet normal -0.793353 -0.157559 -0.588018
    outer loop
      vertex 1.297297 10.192511 5.000000
      vertex 0.669873 2.144399 8.003005
      vertex 0.669873 10.404140 5.789814
    endloop
  endfacet
  facet normal -0.793353 -0.157559 -0.588018
    outer loop
      vertex 1.464466 9.350770 5.000000
      vertex 0.669873 2.144399 8.003005
      vertex 1.297297 10.192511 5.000000
    endloop
  endfacet
  facet normal -0.923880 -0.099046 -0.369644
    outer loop
      vertex 0.669873 10.404140 5.789814
      vertex 0.170371 2.456510 9.167820
      vertex 0.170371 10.716251 6.954628
    endloop
  endfacet
  facet normal -0.991445 -0.033783 -0.126079
    outer loop
      vertex 0.170371 10.716251 6.954628
      vertex 0.000000 2.791446 10.417820
      vertex 0.000000 11.051188 8.204628
    endloop
  endfacet
  facet normal 0.130527 -0.256605 -0.957662
    outer loop
      vertex 113.304092 4.350770 5.000000
      vertex 113.304092 1.541446 5.752756
      vertex 112.010002 1.497351 5.588191
    endloop
  endfacet
  facet normal 0.130529 -0.256605 -0.957662
    outer loop
      vertex 112.010002 3.692508 5.000000
      vertex 112.289246 3.834552 5.000000
      vertex 112.010002 1.497351 5.588191
    endloop
  endfacet
  facet normal 0.130525 -0.256604 -0.957662
    outer loop
      vertex 112.289246 3.834552 5.000000
      vertex 113.010002 4.201174 5.000000
      vertex 112.010002 1.497351 5.588191
    endloop
  endfacet
  facet normal 0.130529 -0.256606 -0.957661
    outer loop
      vertex 113.010002 4.201174 5.000000
      vertex 113.304092 4.350770 5.000000
      vertex 112.010002 1.497351 5.588191
    endloop
  endfacet
  facet normal 0.382682 -0.239118 -0.892400
    outer loop
      vertex 114.510002 6.280698 5.000000
      vertex 114.510002 1.670727 6.235238
      vertex 113.304092 1.541446 5.752756
    endloop
  endfacet
  facet normal 0.382684 -0.239118 -0.892399
    outer loop
      vertex 113.304092 4.350770 5.000000
      vertex 113.621338 4.858491 5.000000
      vertex 113.304092 1.541446 5.752756
    endloop
  endfacet
  facet normal 0.382681 -0.239118 -0.892400
    outer loop
      vertex 113.621338 4.858491 5.000000
      vertex 114.510002 6.280698 5.000000
      vertex 113.304092 1.541446 5.752756
    endloop
  endfacet
  facet normal 0.608763 -0.205335 -0.766319
    outer loop
      vertex 115.545532 9.350770 5.000000
      vertex 115.545532 1.876383 7.002756
      vertex 114.510002 1.670727 6.235238
    endloop
  endfacet
  facet normal 0.793353 -0.157559 -0.588019
    outer loop
      vertex 116.340126 10.404140 5.789814
      vertex 116.340126 2.144399 8.003005
      vertex 115.545532 1.876383 7.002756
    endloop
  endfacet
  facet normal 0.923879 -0.099046 -0.369645
    outer loop
      vertex 116.839630 10.716251 6.954628
      vertex 116.839630 2.456510 9.167820
      vertex 116.340126 2.144399 8.003005
    endloop
  endfacet
  facet normal 0.608763 -0.205335 -0.766319
    outer loop
      vertex 114.510002 6.280698 5.000000
      vertex 115.545532 9.350770 5.000000
      vertex 114.510002 1.670727 6.235238
    endloop
  endfacet
  facet normal 0.991445 -0.033783 -0.126079
    outer loop
      vertex 117.010002 11.051188 8.204628
      vertex 117.010002 2.791446 10.417820
      vertex 116.839630 2.456510 9.167820
    endloop
  endfacet
  facet normal 0.793355 -0.157558 -0.588016
    outer loop
      vertex 115.545532 9.350770 5.000000
      vertex 115.712700 10.192511 5.000000
      vertex 115.545532 1.876383 7.002756
    endloop
  endfacet
  facet normal 0.793353 -0.157559 -0.588019
    outer loop
      vertex 115.712700 10.192511 5.000000
      vertex 116.340126 10.404140 5.789814
      vertex 115.545532 1.876383 7.002756
    endloop
  endfacet
  facet normal 0.923879 -0.099046 -0.369645
    outer loop
      vertex 116.340126 10.404140 5.789814
      vertex 116.839630 10.716251 6.954628
      vertex 116.340126 2.144399 8.003005
    endloop
  endfacet
  facet normal 0.991445 -0.033783 -0.126080
    outer loop
      vertex 116.839630 10.716251 6.954628
      vertex 117.010002 11.051188 8.204628
      vertex 116.839630 2.456510 9.167820
    endloop
  endfacet
  facet normal -0.991445 0.033783 0.126079
    outer loop
      vertex 0.000000 27.827143 65.215286
      vertex 0.000000 18.167885 67.803474
      vertex 0.170371 18.502821 69.053474
    endloop
  endfacet
  facet normal -0.923879 0.099046 0.369645
    outer loop
      vertex 0.170371 28.162081 66.465286
      vertex 0.170371 18.502821 69.053474
      vertex 0.669873 18.814934 70.218285
    endloop
  endfacet
  facet normal -0.793354 0.157559 0.588018
    outer loop
      vertex 0.669873 28.474192 67.630096
      vertex 0.669873 18.814934 70.218285
      vertex 1.464466 19.082949 71.218536
    endloop
  endfacet
  facet normal -0.608761 0.205335 0.766321
    outer loop
      vertex 1.464466 28.742207 68.630348
      vertex 1.464466 19.082949 71.218536
      vertex 2.500000 19.288605 71.986053
    endloop
  endfacet
  facet normal -0.382684 0.239117 0.892399
    outer loop
      vertex 2.500000 28.947863 69.397865
      vertex 2.500000 19.288605 71.986053
      vertex 3.705905 19.417885 72.468536
    endloop
  endfacet
  facet normal -0.130527 0.256605 0.957662
    outer loop
      vertex 3.705905 29.077143 69.880348
      vertex 3.705905 19.417885 72.468536
      vertex 5.000000 19.461981 72.633102
    endloop
  endfacet
  facet normal -0.991445 0.033783 0.126079
    outer loop
      vertex 0.000000 27.827143 65.215286
      vertex 0.170371 18.502821 69.053474
      vertex 0.170371 28.162081 66.465286
    endloop
  endfacet
  facet normal -0.923879 0.099046 0.369645
    outer loop
      vertex 0.170371 28.162081 66.465286
      vertex 0.669873 18.814934 70.218285
      vertex 0.669873 28.474192 67.630096
    endloop
  endfacet
  facet normal -0.793354 0.157559 0.588018
    outer loop
      vertex 0.669873 28.474192 67.630096
      vertex 1.464466 19.082949 71.218536
      vertex 1.464466 28.742207 68.630348
    endloop
  endfacet
  facet normal -0.608761 0.205335 0.766321
    outer loop
      vertex 1.464466 28.742207 68.630348
      vertex 2.500000 19.288605 71.986053
      vertex 2.500000 28.947863 69.397865
    endloop
  endfacet
  facet normal -0.382684 0.239117 0.892399
    outer loop
      vertex 2.500000 28.947863 69.397865
      vertex 3.705905 19.417885 72.468536
      vertex 3.705905 29.077143 69.880348
    endloop
  endfacet
  facet normal -0.130527 0.256605 0.957662
    outer loop
      vertex 3.705905 29.077143 69.880348
      vertex 5.000000 19.461981 72.633102
      vertex 5.000000 29.121239 70.044914
    endloop
  endfacet
  facet normal 0.000000 0.965928 -0.258812
    outer loop
      vertex 0.000000 27.827143 65.215286
      vertex 0.170371 27.827143 65.215286
      vertex 0.170371 27.804754 65.131729
    endloop
  endfacet
  facet normal 0.000000 0.965926 -0.258820
    outer loop
      vertex 0.000000 27.827143 65.215286
      vertex 0.170371 28.162081 66.465286
      vertex 0.170371 27.827143 65.215286
    endloop
  endfacet
  facet normal 0.000000 0.965924 -0.258825
    outer loop
      vertex 0.170371 27.827143 65.215286
      vertex 2.400000 27.904789 65.505058
      vertex 2.429547 27.827143 65.215286
    endloop
  endfacet
  facet normal -0.000001 0.965926 -0.258819
    outer loop
      vertex 0.170371 27.827143 65.215286
      vertex 2.440351 28.010824 65.900787
      vertex 2.400000 27.904789 65.505058
    endloop
  endfacet
  facet normal -0.000001 0.965926 -0.258819
    outer loop
      vertex 0.170371 27.827143 65.215286
      vertex 2.559853 28.112785 66.281311
      vertex 2.440351 28.010824 65.900787
    endloop
  endfacet
  facet normal -0.000002 0.965926 -0.258817
    outer loop
      vertex 0.170371 27.827143 65.215286
      vertex 2.753914 28.206753 66.632004
      vertex 2.559853 28.112785 66.281311
    endloop
  endfacet
  facet normal 0.000001 0.965926 -0.258820
    outer loop
      vertex 0.170371 27.827143 65.215286
      vertex 0.170371 28.162081 66.465286
      vertex 0.669873 28.474192 67.630096
    endloop
  endfacet
  facet normal 0.000005 0.965925 -0.258821
    outer loop
      vertex 0.170371 27.827143 65.215286
      vertex 0.669873 28.474192 67.630096
      vertex 1.464466 28.742207 68.630348
    endloop
  endfacet
  facet normal -0.000000 0.965926 -0.258819
    outer loop
      vertex 0.170371 27.827143 65.215286
      vertex 1.464466 28.742207 68.630348
      vertex 2.500000 28.947863 69.397865
    endloop
  endfacet
  facet normal -0.000001 0.965926 -0.258818
    outer loop
      vertex 0.170371 27.827143 65.215286
      vertex 5.000000 29.121239 70.044914
      vertex 2.753914 28.206753 66.632004
    endloop
  endfacet
  facet normal -0.000013 0.965928 -0.258811
    outer loop
      vertex 2.753914 28.206753 66.632004
      vertex 5.000000 29.121239 70.044914
      vertex 3.015076 28.289116 66.939384
    endloop
  endfacet
  facet normal -0.000001 0.965926 -0.258818
    outer loop
      vertex 3.015076 28.289116 66.939384
      vertex 5.000000 29.121239 70.044914
      vertex 3.333302 28.356710 67.191650
    endloop
  endfacet
  facet normal 0.000001 0.965926 -0.258820
    outer loop
      vertex 0.170371 27.827143 65.215286
      vertex 2.500000 28.947863 69.397865
      vertex 3.705905 29.077143 69.880348
    endloop
  endfacet
  facet normal -0.000001 0.965926 -0.258819
    outer loop
      vertex 0.170371 27.827143 65.215286
      vertex 3.705905 29.077143 69.880348
      vertex 5.000000 29.121239 70.044914
    endloop
  endfacet
  facet normal -0.000001 0.965926 -0.258818
    outer loop
      vertex 3.333302 28.356710 67.191650
      vertex 5.000000 29.121239 70.044914
      vertex 3.696365 28.406937 67.379097
    endloop
  endfacet
  facet normal 0.000001 0.965926 -0.258819
    outer loop
      vertex 3.696365 28.406937 67.379097
      vertex 5.000000 29.121239 70.044914
      vertex 4.090310 28.437866 67.494530
    endloop
  endfacet
  facet normal -0.000001 0.965926 -0.258818
    outer loop
      vertex 4.090310 28.437866 67.494530
      vertex 5.000000 29.121239 70.044914
      vertex 4.500000 28.448309 67.533501
    endloop
  endfacet
  facet normal 0.000001 0.965926 -0.258819
    outer loop
      vertex 4.500000 28.448309 67.533501
      vertex 5.000000 29.121239 70.044914
      vertex 4.909690 28.437866 67.494530
    endloop
  endfacet
  facet normal -0.000001 0.965926 -0.258819
    outer loop
      vertex 4.909690 28.437866 67.494530
      vertex 5.000000 29.121239 70.044914
      vertex 5.000000 28.430775 67.468063
    endloop
  endfacet
  facet normal 0.991445 0.033783 0.126079
    outer loop
      vertex 116.839630 28.162081 66.465286
      vertex 116.839630 18.502821 69.053474
      vertex 117.010002 18.167885 67.803474
    endloop
  endfacet
  facet normal 0.130527 0.256605 0.957662
    outer loop
      vertex 112.010002 29.121239 70.044914
      vertex 112.010002 19.461981 72.633102
      vertex 113.304092 19.417885 72.468536
    endloop
  endfacet
  facet normal 0.923879 0.099046 0.369646
    outer loop
      vertex 116.340126 28.474192 67.630096
      vertex 116.340126 18.814934 70.218285
      vertex 116.839630 18.502821 69.053474
    endloop
  endfacet
  facet normal 0.793354 0.157559 0.588018
    outer loop
      vertex 115.545532 28.742207 68.630348
      vertex 115.545532 19.082949 71.218536
      vertex 116.340126 18.814934 70.218285
    endloop
  endfacet
  facet normal 0.382683 0.239118 0.892399
    outer loop
      vertex 113.304092 29.077143 69.880348
      vertex 113.304092 19.417885 72.468536
      vertex 114.510002 19.288605 71.986053
    endloop
  endfacet
  facet normal 0.608762 0.205335 0.766320
    outer loop
      vertex 114.510002 28.947863 69.397865
      vertex 114.510002 19.288605 71.986053
      vertex 115.545532 19.082949 71.218536
    endloop
  endfacet
  facet normal 0.991445 0.033783 0.126079
    outer loop
      vertex 117.010002 27.827143 65.215286
      vertex 116.839630 28.162081 66.465286
      vertex 117.010002 18.167885 67.803474
    endloop
  endfacet
  facet normal 0.923879 0.099046 0.369646
    outer loop
      vertex 116.839630 28.162081 66.465286
      vertex 116.340126 28.474192 67.630096
      vertex 116.839630 18.502821 69.053474
    endloop
  endfacet
  facet normal 0.130527 0.256605 0.957662
    outer loop
      vertex 112.010002 29.121239 70.044914
      vertex 113.304092 19.417885 72.468536
      vertex 113.304092 29.077143 69.880348
    endloop
  endfacet
  facet normal 0.793354 0.157559 0.588018
    outer loop
      vertex 116.340126 28.474192 67.630096
      vertex 115.545532 28.742207 68.630348
      vertex 116.340126 18.814934 70.218285
    endloop
  endfacet
  facet normal 0.608762 0.205335 0.766320
    outer loop
      vertex 114.510002 28.947863 69.397865
      vertex 115.545532 19.082949 71.218536
      vertex 115.545532 28.742207 68.630348
    endloop
  endfacet
  facet normal 0.382683 0.239118 0.892399
    outer loop
      vertex 113.304092 29.077143 69.880348
      vertex 114.510002 19.288605 71.986053
      vertex 114.510002 28.947863 69.397865
    endloop
  endfacet
  facet normal 0.000000 0.965924 -0.258825
    outer loop
      vertex 114.580452 27.827143 65.215286
      vertex 114.610001 27.904789 65.505058
      vertex 117.010002 27.827143 65.215286
    endloop
  endfacet
  facet normal 0.000001 0.965926 -0.258820
    outer loop
      vertex 114.610001 27.904789 65.505058
      vertex 116.839630 28.162081 66.465286
      vertex 117.010002 27.827143 65.215286
    endloop
  endfacet
  facet normal -0.000001 0.965926 -0.258818
    outer loop
      vertex 114.256088 28.206753 66.632004
      vertex 116.340126 28.474192 67.630096
      vertex 114.450150 28.112785 66.281311
    endloop
  endfacet
  facet normal -0.000001 0.965926 -0.258818
    outer loop
      vertex 112.919693 28.437866 67.494530
      vertex 114.510002 28.947863 69.397865
      vertex 113.313637 28.406937 67.379097
    endloop
  endfacet
  facet normal 0.000000 0.965926 -0.258819
    outer loop
      vertex 113.313637 28.406937 67.379097
      vertex 114.510002 28.947863 69.397865
      vertex 113.676697 28.356710 67.191650
    endloop
  endfacet
  facet normal 0.000002 0.965926 -0.258820
    outer loop
      vertex 114.256088 28.206753 66.632004
      vertex 113.994926 28.289116 66.939384
      vertex 115.545532 28.742207 68.630348
    endloop
  endfacet
  facet normal 0.000001 0.965926 -0.258819
    outer loop
      vertex 113.994926 28.289116 66.939384
      vertex 113.676697 28.356710 67.191650
      vertex 115.545532 28.742207 68.630348
    endloop
  endfacet
  facet normal 0.000000 0.965926 -0.258819
    outer loop
      vertex 114.610001 27.904789 65.505058
      vertex 114.569649 28.010824 65.900787
      vertex 116.839630 28.162081 66.465286
    endloop
  endfacet
  facet normal 0.000000 0.965926 -0.258819
    outer loop
      vertex 114.569649 28.010824 65.900787
      vertex 114.450150 28.112785 66.281311
      vertex 116.839630 28.162081 66.465286
    endloop
  endfacet
  facet normal 0.000000 0.965926 -0.258820
    outer loop
      vertex 114.450150 28.112785 66.281311
      vertex 116.340126 28.474192 67.630096
      vertex 116.839630 28.162081 66.465286
    endloop
  endfacet
  facet normal -0.000001 0.965926 -0.258818
    outer loop
      vertex 114.256088 28.206753 66.632004
      vertex 115.545532 28.742207 68.630348
      vertex 116.340126 28.474192 67.630096
    endloop
  endfacet
  facet normal 0.000001 0.965926 -0.258819
    outer loop
      vertex 112.010002 28.430775 67.468063
      vertex 112.010002 29.121239 70.044914
      vertex 112.100311 28.437866 67.494530
    endloop
  endfacet
  facet normal -0.000001 0.965926 -0.258819
    outer loop
      vertex 112.100311 28.437866 67.494530
      vertex 112.010002 29.121239 70.044914
      vertex 112.510002 28.448309 67.533501
    endloop
  endfacet
  facet normal 0.000001 0.965926 -0.258819
    outer loop
      vertex 112.919693 28.437866 67.494530
      vertex 112.510002 28.448309 67.533501
      vertex 113.304092 29.077143 69.880348
    endloop
  endfacet
  facet normal 0.000001 0.965926 -0.258818
    outer loop
      vertex 112.510002 28.448309 67.533501
      vertex 112.010002 29.121239 70.044914
      vertex 113.304092 29.077143 69.880348
    endloop
  endfacet
  facet normal -0.000000 0.965926 -0.258818
    outer loop
      vertex 112.919693 28.437866 67.494530
      vertex 113.304092 29.077143 69.880348
      vertex 114.510002 28.947863 69.397865
    endloop
  endfacet
  facet normal 0.000001 0.965926 -0.258819
    outer loop
      vertex 113.676697 28.356710 67.191650
      vertex 114.510002 28.947863 69.397865
      vertex 115.545532 28.742207 68.630348
    endloop
  endfacet
  facet normal 1.000000 0.000000 0.000000
    outer loop
      vertex 6.805000 8.191879 10.481256
      vertex 6.805000 6.018883 22.462776
      vertex 6.805000 3.169066 11.827115
    endloop
  endfacet
  facet normal 1.000000 0.000000 0.000000
    outer loop
      vertex 6.805000 7.756027 8.854628
      vertex 6.805000 12.450705 7.829629
      vertex 6.805000 8.191879 10.481256
    endloop
  endfacet
  facet normal 1.000000 0.000000 0.000000
    outer loop
      vertex 6.805000 7.756027 8.854628
      vertex 6.805000 12.392470 7.612296
      vertex 6.805000 12.450705 7.829629
    endloop
  endfacet
  facet normal 1.000000 0.000000 0.000000
    outer loop
      vertex 6.805000 8.191879 10.481256
      vertex 6.805000 13.647224 12.295103
      vertex 6.805000 6.018883 22.462776
    endloop
  endfacet
  facet normal 1.000000 0.000000 0.000000
    outer loop
      vertex 6.805000 12.450705 7.829629
      vertex 6.805000 13.647224 12.295103
      vertex 6.805000 8.191879 10.481256
    endloop
  endfacet
  facet normal 1.000000 0.000000 0.000000
    outer loop
      vertex 6.805000 13.647224 12.295103
      vertex 6.805000 22.813080 65.048317
      vertex 6.805000 6.018883 22.462776
    endloop
  endfacet
  facet normal 1.000000 0.000000 0.000000
    outer loop
      vertex 6.805000 22.813080 65.048317
      vertex 6.805000 17.790266 66.394180
      vertex 6.805000 6.018883 22.462776
    endloop
  endfacet
  facet normal 1.000000 0.000000 0.000000
    outer loop
      vertex 6.805000 13.647224 12.295103
      vertex 6.805000 23.248934 66.674950
      vertex 6.805000 22.813080 65.048317
    endloop
  endfacet
  facet normal 1.000000 0.000000 0.000000
    outer loop
      vertex 6.805000 13.647224 12.295103
      vertex 6.805000 27.827143 65.215286
      vertex 6.805000 23.248934 66.674950
    endloop
  endfacet
  facet normal 1.000000 0.000000 0.000000
    outer loop
      vertex 6.805000 23.248934 66.674950
      vertex 6.805000 27.827143 65.215286
      vertex 6.805000 27.885378 65.432617
    endloop
  endfacet
  facet normal -1.000000 0.000000 0.000000
    outer loop
      vertex 110.205002 7.756027 8.854628
      vertex 110.205002 12.450705 7.829629
      vertex 110.205002 12.392470 7.612296
    endloop
  endfacet
  facet normal -1.000000 0.000000 0.000000
    outer loop
      vertex 110.205002 8.191879 10.481256
      vertex 110.205002 3.169066 11.827115
      vertex 110.205002 17.790266 66.394180
    endloop
  endfacet
  facet normal -1.000000 0.000000 0.000000
    outer loop
      vertex 110.205002 7.756027 8.854628
      vertex 110.205002 8.191879 10.481256
      vertex 110.205002 26.630623 60.749809
    endloop
  endfacet
  facet normal -1.000000 0.000000 0.000000
    outer loop
      vertex 110.205002 7.756027 8.854628
      vertex 110.205002 26.630623 60.749809
      vertex 110.205002 12.450705 7.829629
    endloop
  endfacet
  facet normal -1.000000 0.000000 0.000000
    outer loop
      vertex 110.205002 8.191879 10.481256
      vertex 110.205002 17.790266 66.394180
      vertex 110.205002 26.630623 60.749809
    endloop
  endfacet
  facet normal -1.000000 0.000000 0.000000
    outer loop
      vertex 110.205002 26.630623 60.749809
      vertex 110.205002 17.790266 66.394180
      vertex 110.205002 22.813080 65.048317
    endloop
  endfacet
  facet normal -1.000000 0.000000 0.000000
    outer loop
      vertex 110.205002 22.813080 65.048317
      vertex 110.205002 23.248934 66.674950
      vertex 110.205002 27.827143 65.215286
    endloop
  endfacet
  facet normal -1.000000 0.000000 0.000000
    outer loop
      vertex 110.205002 26.630623 60.749809
      vertex 110.205002 22.813080 65.048317
      vertex 110.205002 27.827143 65.215286
    endloop
  endfacet
  facet normal -1.000000 0.000000 0.000000
    outer loop
      vertex 110.205002 23.248934 66.674950
      vertex 110.205002 27.885378 65.432617
      vertex 110.205002 27.827143 65.215286
    endloop
  endfacet
  facet normal 0.000000 0.258819 0.965926
    outer loop
      vertex 9.805000 10.550581 5.000000
      vertex 9.805000 1.956755 7.302709
      vertex 20.389999 10.550581 5.000000
    endloop
  endfacet
  facet normal 0.000000 0.258819 0.965926
    outer loop
      vertex 9.805000 1.956755 7.302709
      vertex 20.389999 1.956755 7.302709
      vertex 20.389999 10.550581 5.000000
    endloop
  endfacet
  facet normal 0.000000 0.258819 0.965926
    outer loop
      vertex 92.690002 10.550581 5.000000
      vertex 32.500000 10.550581 5.000000
      vertex 32.500000 1.956755 7.302709
    endloop
  endfacet
  facet normal 0.000000 -0.258820 -0.965926
    outer loop
      vertex 9.805000 28.661835 68.330391
      vertex 107.205002 19.002577 70.918587
      vertex 9.805000 19.002577 70.918587
    endloop
  endfacet
  facet normal 0.000000 0.258819 0.965926
    outer loop
      vertex 32.500000 1.956755 7.302709
      vertex 92.690002 1.956755 7.302709
      vertex 92.690002 10.550581 5.000000
    endloop
  endfacet
  facet normal 0.000000 0.258819 0.965926
    outer loop
      vertex 98.900002 10.550581 5.000000
      vertex 98.900002 1.956755 7.302709
      vertex 107.205002 1.956755 7.302709
    endloop
  endfacet
  facet normal 0.000000 0.258819 0.965926
    outer loop
      vertex 107.205002 10.550581 5.000000
      vertex 98.900002 10.550581 5.000000
      vertex 107.205002 1.956755 7.302709
    endloop
  endfacet
  facet normal 0.000000 -0.258820 -0.965926
    outer loop
      vertex 9.805000 28.661835 68.330391
      vertex 107.205002 28.661835 68.330391
      vertex 107.205002 19.002577 70.918587
    endloop
  endfacet
  facet normal 0.923880 0.099046 0.369643
    outer loop
      vertex 7.206924 12.004241 6.163407
      vertex 7.123328 2.397218 8.946539
      vertex 7.206924 2.344984 8.751597
    endloop
  endfacet
  facet normal 0.382684 0.239118 0.892399
    outer loop
      vertex 9.028543 10.945539 5.000000
      vertex 8.305000 2.060781 7.690938
      vertex 9.028543 1.983212 7.401448
    endloop
  endfacet
  facet normal 0.130526 0.256605 0.957662
    outer loop
      vertex 9.805000 10.550581 5.000000
      vertex 9.028543 1.983212 7.401448
      vertex 9.805000 1.956755 7.302709
    endloop
  endfacet
  facet normal 0.608761 0.205335 0.766321
    outer loop
      vertex 8.305000 11.720038 5.102747
      vertex 7.683680 2.184174 8.151448
      vertex 8.305000 2.060781 7.690938
    endloop
  endfacet
  facet normal 0.793353 0.157559 0.588018
    outer loop
      vertex 7.683680 11.843431 5.563258
      vertex 7.206924 2.344984 8.751597
      vertex 7.683680 2.184174 8.151448
    endloop
  endfacet
  facet normal 0.923880 0.099046 0.369643
    outer loop
      vertex 7.123328 7.420032 7.600680
      vertex 7.123328 2.397218 8.946539
      vertex 7.206924 12.004241 6.163407
    endloop
  endfacet
  facet normal 0.923880 0.099046 0.369644
    outer loop
      vertex 7.123328 7.420032 7.600680
      vertex 7.206924 12.004241 6.163407
      vertex 6.907223 7.555065 8.104628
    endloop
  endfacet
  facet normal 0.991445 0.033783 0.126079
    outer loop
      vertex 6.907223 7.555065 8.104628
      vertex 6.907223 12.191508 6.862296
      vertex 6.805000 7.756027 8.854628
    endloop
  endfacet
  facet normal 0.923880 0.099046 0.369644
    outer loop
      vertex 6.907223 7.555065 8.104628
      vertex 7.206924 12.004241 6.163407
      vertex 6.907223 12.191508 6.862296
    endloop
  endfacet
  facet normal 0.991445 0.033783 0.126079
    outer loop
      vertex 6.805000 7.756027 8.854628
      vertex 6.907223 12.191508 6.862296
      vertex 6.805000 12.392470 7.612296
    endloop
  endfacet
  facet normal 0.382684 0.239118 0.892399
    outer loop
      vertex 9.028543 10.945539 5.000000
      vertex 8.561804 11.692508 5.000000
      vertex 8.305000 2.060781 7.690938
    endloop
  endfacet
  facet normal 0.382683 0.239118 0.892399
    outer loop
      vertex 8.305000 11.720038 5.102747
      vertex 8.305000 2.060781 7.690938
      vertex 8.561804 11.692508 5.000000
    endloop
  endfacet
  facet normal 0.130526 0.256605 0.957662
    outer loop
      vertex 9.028543 10.945539 5.000000
      vertex 9.028543 1.983212 7.401448
      vertex 9.805000 10.550581 5.000000
    endloop
  endfacet
  facet normal 0.608761 0.205335 0.766321
    outer loop
      vertex 7.683680 11.843431 5.563258
      vertex 7.683680 2.184174 8.151448
      vertex 8.305000 11.720038 5.102747
    endloop
  endfacet
  facet normal 0.793353 0.157559 0.588018
    outer loop
      vertex 7.206924 12.004241 6.163407
      vertex 7.206924 2.344984 8.751597
      vertex 7.683680 11.843431 5.563258
    endloop
  endfacet
  facet normal -0.130526 0.256605 0.957662
    outer loop
      vertex 107.205002 10.550581 5.000000
      vertex 107.205002 1.956755 7.302709
      vertex 107.981461 1.983212 7.401448
    endloop
  endfacet
  facet normal -0.382684 0.239118 0.892399
    outer loop
      vertex 108.705002 11.720038 5.102747
      vertex 107.981461 1.983212 7.401448
      vertex 108.705002 2.060781 7.690938
    endloop
  endfacet
  facet normal -0.608765 0.205334 0.766318
    outer loop
      vertex 109.326317 11.843431 5.563258
      vertex 108.705002 2.060781 7.690938
      vertex 109.326317 2.184174 8.151448
    endloop
  endfacet
  facet normal -0.793350 0.157560 0.588022
    outer loop
      vertex 109.803078 12.004241 6.163407
      vertex 109.326317 2.184174 8.151448
      vertex 109.803078 2.344984 8.751597
    endloop
  endfacet
  facet normal -0.923881 0.099045 0.369642
    outer loop
      vertex 109.886673 7.420032 7.600680
      vertex 109.803078 2.344984 8.751597
      vertex 109.886673 2.397218 8.946539
    endloop
  endfacet
  facet normal -0.130526 0.256605 0.957662
    outer loop
      vertex 107.205002 10.550581 5.000000
      vertex 107.981461 1.983212 7.401448
      vertex 107.981461 10.945539 5.000000
    endloop
  endfacet
  facet normal -0.382684 0.239118 0.892399
    outer loop
      vertex 107.981461 10.945539 5.000000
      vertex 107.981461 1.983212 7.401448
      vertex 108.705002 11.720038 5.102747
    endloop
  endfacet
  facet normal -0.608765 0.205334 0.766318
    outer loop
      vertex 108.705002 11.720038 5.102747
      vertex 108.705002 2.060781 7.690938
      vertex 109.326317 11.843431 5.563258
    endloop
  endfacet
  facet normal -0.793350 0.157560 0.588022
    outer loop
      vertex 109.326317 11.843431 5.563258
      vertex 109.326317 2.184174 8.151448
      vertex 109.803078 12.004241 6.163407
    endloop
  endfacet
  facet normal -0.382681 0.239114 0.892401
    outer loop
      vertex 107.981461 10.945539 5.000000
      vertex 108.705002 11.720038 5.102747
      vertex 108.448196 11.692508 5.000000
    endloop
  endfacet
  facet normal -0.923881 0.099045 0.369641
    outer loop
      vertex 109.886673 7.420032 7.600680
      vertex 109.803078 12.004241 6.163407
      vertex 109.803078 2.344984 8.751597
    endloop
  endfacet
  facet normal -0.923881 0.099045 0.369639
    outer loop
      vertex 109.886673 7.420032 7.600680
      vertex 110.102776 7.555065 8.104628
      vertex 110.102776 12.191508 6.862296
    endloop
  endfacet
  facet normal -0.991444 0.033784 0.126083
    outer loop
      vertex 110.102776 7.555065 8.104628
      vertex 110.205002 7.756027 8.854628
      vertex 110.205002 12.392470 7.612296
    endloop
  endfacet
  facet normal -0.923881 0.099045 0.369640
    outer loop
      vertex 109.886673 7.420032 7.600680
      vertex 110.102776 12.191508 6.862296
      vertex 109.803078 12.004241 6.163407
    endloop
  endfacet
  facet normal -0.991444 0.033784 0.126083
    outer loop
      vertex 110.102776 7.555065 8.104628
      vertex 110.205002 12.392470 7.612296
      vertex 110.102776 12.191508 6.862296
    endloop
  endfacet
  facet normal 0.923878 -0.099047 -0.369648
    outer loop
      vertex 7.123328 23.584929 67.928894
      vertex 7.206924 18.614347 69.469696
      vertex 7.123328 18.562115 69.274757
    endloop
  endfacet
  facet normal 0.923881 -0.099045 -0.369640
    outer loop
      vertex 7.123328 23.584929 67.928894
      vertex 7.206924 28.273607 66.881508
      vertex 7.206924 18.614347 69.469696
    endloop
  endfacet
  facet normal 0.991445 -0.033783 -0.126079
    outer loop
      vertex 6.805000 23.248934 66.674950
      vertex 6.805000 27.885378 65.432617
      vertex 6.907223 23.449896 67.424950
    endloop
  endfacet
  facet normal 0.923879 -0.099046 -0.369645
    outer loop
      vertex 6.907223 23.449896 67.424950
      vertex 6.907223 28.086340 66.182617
      vertex 7.123328 23.584929 67.928894
    endloop
  endfacet
  facet normal 0.991445 -0.033783 -0.126079
    outer loop
      vertex 6.907223 23.449896 67.424950
      vertex 6.805000 27.885378 65.432617
      vertex 6.907223 28.086340 66.182617
    endloop
  endfacet
  facet normal 0.923880 -0.099045 -0.369643
    outer loop
      vertex 7.123328 23.584929 67.928894
      vertex 6.907223 28.086340 66.182617
      vertex 7.206924 28.273607 66.881508
    endloop
  endfacet
  facet normal 0.793354 -0.157559 -0.588017
    outer loop
      vertex 7.206924 28.273607 66.881508
      vertex 7.683680 18.775158 70.069847
      vertex 7.206924 18.614347 69.469696
    endloop
  endfacet
  facet normal 0.608761 -0.205335 -0.766321
    outer loop
      vertex 7.683680 28.434416 67.481651
      vertex 8.305000 18.898552 70.530357
      vertex 7.683680 18.775158 70.069847
    endloop
  endfacet
  facet normal 0.382684 -0.239118 -0.892399
    outer loop
      vertex 8.305000 28.557810 67.942162
      vertex 9.028543 18.976120 70.819847
      vertex 8.305000 18.898552 70.530357
    endloop
  endfacet
  facet normal 0.130526 -0.256605 -0.957662
    outer loop
      vertex 9.028543 28.635378 68.231651
      vertex 9.805000 19.002577 70.918587
      vertex 9.028543 18.976120 70.819847
    endloop
  endfacet
  facet normal 0.793351 -0.157560 -0.588022
    outer loop
      vertex 7.206924 28.273607 66.881508
      vertex 7.683680 28.434416 67.481651
      vertex 7.683680 18.775158 70.069847
    endloop
  endfacet
  facet normal 0.608761 -0.205335 -0.766321
    outer loop
      vertex 7.683680 28.434416 67.481651
      vertex 8.305000 28.557810 67.942162
      vertex 8.305000 18.898552 70.530357
    endloop
  endfacet
  facet normal 0.382684 -0.239118 -0.892399
    outer loop
      vertex 8.305000 28.557810 67.942162
      vertex 9.028543 28.635378 68.231651
      vertex 9.028543 18.976120 70.819847
    endloop
  endfacet
  facet normal 0.130526 -0.256605 -0.957662
    outer loop
      vertex 9.028543 28.635378 68.231651
      vertex 9.805000 28.661835 68.330391
      vertex 9.805000 19.002577 70.918587
    endloop
  endfacet
  facet normal -0.793351 -0.157560 -0.588021
    outer loop
      vertex 109.326317 28.434416 67.481651
      vertex 109.803078 18.614347 69.469696
      vertex 109.326317 18.775158 70.069847
    endloop
  endfacet
  facet normal -0.608764 -0.205335 -0.766318
    outer loop
      vertex 108.705002 28.557810 67.942162
      vertex 109.326317 18.775158 70.069847
      vertex 108.705002 18.898552 70.530357
    endloop
  endfacet
  facet normal -0.130526 -0.256605 -0.957662
    outer loop
      vertex 107.205002 28.661835 68.330391
      vertex 107.981461 18.976120 70.819847
      vertex 107.205002 19.002577 70.918587
    endloop
  endfacet
  facet normal -0.382685 -0.239118 -0.892398
    outer loop
      vertex 107.981461 28.635378 68.231651
      vertex 108.705002 18.898552 70.530357
      vertex 107.981461 18.976120 70.819847
    endloop
  endfacet
  facet normal -0.793347 -0.157561 -0.588026
    outer loop
      vertex 109.326317 28.434416 67.481651
      vertex 109.803078 28.273607 66.881508
      vertex 109.803078 18.614347 69.469696
    endloop
  endfacet
  facet normal -0.130526 -0.256605 -0.957662
    outer loop
      vertex 107.205002 28.661835 68.330391
      vertex 107.981461 28.635378 68.231651
      vertex 107.981461 18.976120 70.819847
    endloop
  endfacet
  facet normal -0.382685 -0.239118 -0.892398
    outer loop
      vertex 108.705002 28.557810 67.942162
      vertex 108.705002 18.898552 70.530357
      vertex 107.981461 28.635378 68.231651
    endloop
  endfacet
  facet normal -0.608764 -0.205335 -0.766318
    outer loop
      vertex 108.705002 28.557810 67.942162
      vertex 109.326317 28.434416 67.481651
      vertex 109.326317 18.775158 70.069847
    endloop
  endfacet
  facet normal -0.923886 -0.099042 -0.369629
    outer loop
      vertex 109.886673 23.584929 67.928894
      vertex 109.886673 18.562115 69.274757
      vertex 109.803078 28.273607 66.881508
    endloop
  endfacet
  facet normal -0.923878 -0.099046 -0.369647
    outer loop
      vertex 109.803078 28.273607 66.881508
      vertex 109.886673 18.562115 69.274757
      vertex 109.803078 18.614347 69.469696
    endloop
  endfacet
  facet normal -0.991444 -0.033784 -0.126083
    outer loop
      vertex 110.205002 23.248934 66.674950
      vertex 110.102776 23.449896 67.424950
      vertex 110.102776 28.086340 66.182617
    endloop
  endfacet
  facet normal -0.923881 -0.099045 -0.369641
    outer loop
      vertex 110.102776 23.449896 67.424950
      vertex 109.886673 23.584929 67.928894
      vertex 109.803078 28.273607 66.881508
    endloop
  endfacet
  facet normal -0.991444 -0.033784 -0.126083
    outer loop
      vertex 110.205002 23.248934 66.674950
      vertex 110.102776 28.086340 66.182617
      vertex 110.205002 27.885378 65.432617
    endloop
  endfacet
  facet normal -0.923881 -0.099045 -0.369639
    outer loop
      vertex 110.102776 23.449896 67.424950
      vertex 109.803078 28.273607 66.881508
      vertex 110.102776 28.086340 66.182617
    endloop
  endfacet
  facet normal 0.946930 0.083195 0.310487
    outer loop
      vertex 1.820749 7.449382 7.710216
      vertex 1.698815 2.519537 9.403042
      vertex 1.820749 2.426568 9.056075
    endloop
  endfacet
  facet normal 0.980785 0.050493 0.188443
    outer loop
      vertex 1.698815 7.542352 8.057183
      vertex 1.624810 2.615831 9.762414
      vertex 1.698815 2.519537 9.403042
    endloop
  endfacet
  facet normal 0.659345 0.194591 0.726222
    outer loop
      vertex 2.734592 7.141144 6.559854
      vertex 2.449390 2.183064 8.147305
      vertex 2.734592 2.118329 7.905713
    endloop
  endfacet
  facet normal 0.751840 0.170651 0.636879
    outer loop
      vertex 2.449390 7.205878 6.801446
      vertex 2.199275 2.256879 8.422789
      vertex 2.449390 2.183064 8.147305
    endloop
  endfacet
  facet normal 0.555571 0.215200 0.803138
    outer loop
      vertex 3.050000 7.086598 6.356286
      vertex 2.734592 2.118329 7.905713
      vertex 3.050000 2.063783 7.702145
    endloop
  endfacet
  facet normal 0.321439 0.245084 0.914664
    outer loop
      vertex 3.749425 7.011615 6.076446
      vertex 3.390218 2.020360 7.540084
      vertex 3.749425 1.988801 7.422305
    endloop
  endfacet
  facet normal 0.442289 0.232128 0.866312
    outer loop
      vertex 3.390218 7.043174 6.194225
      vertex 3.050000 2.063783 7.702145
      vertex 3.390218 2.020360 7.540084
    endloop
  endfacet
  facet normal 0.831470 0.143792 0.536640
    outer loop
      vertex 2.199275 7.279694 7.076930
      vertex 1.988526 2.338513 8.727449
      vertex 2.199275 2.256879 8.422789
    endloop
  endfacet
  facet normal 0.896873 0.114473 0.427218
    outer loop
      vertex 1.988526 7.361327 7.381590
      vertex 1.820749 2.426568 9.056075
      vertex 1.988526 2.338513 8.727449
    endloop
  endfacet
  facet normal 0.442289 0.232128 0.866312
    outer loop
      vertex 3.390218 7.043174 6.194225
      vertex 3.050000 7.086598 6.356286
      vertex 3.050000 2.063783 7.702145
    endloop
  endfacet
  facet normal 0.321439 0.245084 0.914664
    outer loop
      vertex 3.390218 7.043174 6.194225
      vertex 3.390218 2.020360 7.540084
      vertex 3.749425 7.011615 6.076446
    endloop
  endfacet
  facet normal 0.946930 0.083194 0.310486
    outer loop
      vertex 1.820749 7.449382 7.710216
      vertex 1.698815 7.542352 8.057183
      vertex 1.698815 2.519537 9.403042
    endloop
  endfacet
  facet normal 0.980785 0.050493 0.188443
    outer loop
      vertex 1.698815 7.542352 8.057183
      vertex 1.624810 7.638646 8.416554
      vertex 1.624810 2.615831 9.762414
    endloop
  endfacet
  facet normal 0.659346 0.194590 0.726222
    outer loop
      vertex 2.449390 7.205878 6.801446
      vertex 2.449390 2.183064 8.147305
      vertex 2.734592 7.141144 6.559854
    endloop
  endfacet
  facet normal 0.751840 0.170651 0.636879
    outer loop
      vertex 2.449390 7.205878 6.801446
      vertex 2.199275 7.279694 7.076930
      vertex 2.199275 2.256879 8.422789
    endloop
  endfacet
  facet normal 0.831470 0.143792 0.536640
    outer loop
      vertex 2.199275 7.279694 7.076930
      vertex 1.988526 7.361327 7.381590
      vertex 1.988526 2.338513 8.727449
    endloop
  endfacet
  facet normal 0.555571 0.215200 0.803138
    outer loop
      vertex 2.734592 7.141144 6.559854
      vertex 2.734592 2.118329 7.905713
      vertex 3.050000 7.086598 6.356286
    endloop
  endfacet
  facet normal 0.896873 0.114473 0.427218
    outer loop
      vertex 1.820749 7.449382 7.710216
      vertex 1.820749 2.426568 9.056075
      vertex 1.988526 7.361327 7.381590
    endloop
  endfacet
  facet normal 0.195090 0.253846 0.947366
    outer loop
      vertex 4.121474 6.992461 6.004962
      vertex 3.749425 1.988801 7.422305
      vertex 4.121474 1.969647 7.350821
    endloop
  endfacet
  facet normal 0.065403 0.258265 0.963858
    outer loop
      vertex 4.500000 6.986040 5.980998
      vertex 4.121474 1.969647 7.350821
      vertex 4.500000 1.963225 7.326857
    endloop
  endfacet
  facet normal -0.065403 0.258265 0.963858
    outer loop
      vertex 4.878526 6.992461 6.004962
      vertex 4.500000 1.963225 7.326857
      vertex 4.878526 1.969647 7.350821
    endloop
  endfacet
  facet normal -0.195091 0.253846 0.947366
    outer loop
      vertex 5.250575 7.011615 6.076446
      vertex 4.878526 1.969647 7.350821
      vertex 5.250575 1.988801 7.422305
    endloop
  endfacet
  facet normal -0.321439 0.245084 0.914664
    outer loop
      vertex 5.609782 7.043174 6.194225
      vertex 5.250575 1.988801 7.422305
      vertex 5.609782 2.020360 7.540084
    endloop
  endfacet
  facet normal -0.442289 0.232128 0.866312
    outer loop
      vertex 5.950000 7.086598 6.356286
      vertex 5.609782 2.020360 7.540084
      vertex 5.950000 2.063783 7.702145
    endloop
  endfacet
  facet normal -0.555570 0.215200 0.803138
    outer loop
      vertex 6.265408 7.141144 6.559854
      vertex 5.950000 2.063783 7.702145
      vertex 6.265408 2.118329 7.905713
    endloop
  endfacet
  facet normal -0.659345 0.194591 0.726222
    outer loop
      vertex 6.550610 7.205878 6.801446
      vertex 6.265408 2.118329 7.905713
      vertex 6.550610 2.183064 8.147305
    endloop
  endfacet
  facet normal -0.751841 0.170651 0.636878
    outer loop
      vertex 6.800725 7.279694 7.076930
      vertex 6.550610 2.183064 8.147305
      vertex 6.800725 2.256879 8.422789
    endloop
  endfacet
  facet normal -0.831469 0.143792 0.536640
    outer loop
      vertex 7.011474 7.361327 7.381590
      vertex 6.800725 2.256879 8.422789
      vertex 7.011474 2.338513 8.727449
    endloop
  endfacet
  facet normal -0.896872 0.114473 0.427219
    outer loop
      vertex 7.123328 7.420032 7.600680
      vertex 7.011474 2.338513 8.727449
      vertex 7.123328 2.397218 8.946539
    endloop
  endfacet
  facet normal 0.195090 0.253846 0.947366
    outer loop
      vertex 3.749425 7.011615 6.076446
      vertex 3.749425 1.988801 7.422305
      vertex 4.121474 6.992461 6.004962
    endloop
  endfacet
  facet normal 0.065403 0.258265 0.963858
    outer loop
      vertex 4.121474 6.992461 6.004962
      vertex 4.121474 1.969647 7.350821
      vertex 4.500000 6.986040 5.980998
    endloop
  endfacet
  facet normal -0.065403 0.258265 0.963858
    outer loop
      vertex 4.500000 6.986040 5.980998
      vertex 4.500000 1.963225 7.326857
      vertex 4.878526 6.992461 6.004962
    endloop
  endfacet
  facet normal -0.195090 0.253846 0.947366
    outer loop
      vertex 4.878526 6.992461 6.004962
      vertex 4.878526 1.969647 7.350821
      vertex 5.250575 7.011615 6.076446
    endloop
  endfacet
  facet normal -0.321439 0.245084 0.914664
    outer loop
      vertex 5.250575 7.011615 6.076446
      vertex 5.250575 1.988801 7.422305
      vertex 5.609782 7.043174 6.194225
    endloop
  endfacet
  facet normal -0.442289 0.232128 0.866312
    outer loop
      vertex 5.609782 7.043174 6.194225
      vertex 5.609782 2.020360 7.540084
      vertex 5.950000 7.086598 6.356286
    endloop
  endfacet
  facet normal -0.555570 0.215200 0.803138
    outer loop
      vertex 5.950000 7.086598 6.356286
      vertex 5.950000 2.063783 7.702145
      vertex 6.265408 7.141144 6.559854
    endloop
  endfacet
  facet normal -0.659346 0.194591 0.726222
    outer loop
      vertex 6.265408 7.141144 6.559854
      vertex 6.265408 2.118329 7.905713
      vertex 6.550610 7.205878 6.801446
    endloop
  endfacet
  facet normal -0.751840 0.170651 0.636879
    outer loop
      vertex 6.550610 7.205878 6.801446
      vertex 6.550610 2.183064 8.147305
      vertex 6.800725 7.279694 7.076930
    endloop
  endfacet
  facet normal -0.831469 0.143792 0.536640
    outer loop
      vertex 6.800725 7.279694 7.076930
      vertex 6.800725 2.256879 8.422789
      vertex 7.011474 7.361327 7.381590
    endloop
  endfacet
  facet normal -0.896872 0.114473 0.427219
    outer loop
      vertex 7.011474 7.361327 7.381590
      vertex 7.011474 2.338513 8.727449
      vertex 7.123328 7.420032 7.600680
    endloop
  endfacet
  facet normal 0.997859 0.016928 0.063174
    outer loop
      vertex 1.624810 7.638646 8.416554
      vertex 1.600000 2.713801 10.128042
      vertex 1.624810 2.615831 9.762414
    endloop
  endfacet
  facet normal 0.997859 -0.016928 -0.063175
    outer loop
      vertex 1.600000 7.736615 8.782183
      vertex 1.624810 2.811770 10.493670
      vertex 1.600000 2.713801 10.128042
    endloop
  endfacet
  facet normal 0.980785 -0.050493 -0.188443
    outer loop
      vertex 1.624810 7.834585 9.147811
      vertex 1.698815 2.908064 10.853042
      vertex 1.624810 2.811770 10.493670
    endloop
  endfacet
  facet normal 0.946930 -0.083195 -0.310486
    outer loop
      vertex 1.698815 7.930878 9.507183
      vertex 1.820749 3.001033 11.200009
      vertex 1.698815 2.908064 10.853042
    endloop
  endfacet
  facet normal 0.896872 -0.114473 -0.427219
    outer loop
      vertex 1.820749 8.023848 9.854150
      vertex 1.988526 3.089088 11.528634
      vertex 1.820749 3.001033 11.200009
    endloop
  endfacet
  facet normal 0.831470 -0.143792 -0.536640
    outer loop
      vertex 1.988526 8.111902 10.182775
      vertex 2.199275 3.170722 11.833295
      vertex 1.988526 3.089088 11.528634
    endloop
  endfacet
  facet normal 0.751840 -0.170651 -0.636879
    outer loop
      vertex 2.199275 8.193536 10.487436
      vertex 2.449390 3.244538 12.108779
      vertex 2.199275 3.170722 11.833295
    endloop
  endfacet
  facet normal 0.659346 -0.194591 -0.726222
    outer loop
      vertex 2.449390 8.267351 10.762919
      vertex 2.734592 3.309272 12.350371
      vertex 2.449390 3.244538 12.108779
    endloop
  endfacet
  facet normal 0.555570 -0.215200 -0.803138
    outer loop
      vertex 2.734592 8.332086 11.004512
      vertex 3.050000 3.363818 12.553939
      vertex 2.734592 3.309272 12.350371
    endloop
  endfacet
  facet normal 0.442290 -0.232128 -0.866312
    outer loop
      vertex 3.050000 8.386632 11.208080
      vertex 3.390218 3.407242 12.716000
      vertex 3.050000 3.363818 12.553939
    endloop
  endfacet
  facet normal 0.321438 -0.245084 -0.914665
    outer loop
      vertex 3.390218 8.430056 11.370140
      vertex 3.749425 3.438801 12.833778
      vertex 3.390218 3.407242 12.716000
    endloop
  endfacet
  facet normal 0.997859 0.016928 0.063174
    outer loop
      vertex 1.624810 7.638646 8.416554
      vertex 1.600000 7.736615 8.782183
      vertex 1.600000 2.713801 10.128042
    endloop
  endfacet
  facet normal 0.997859 -0.016928 -0.063174
    outer loop
      vertex 1.600000 7.736615 8.782183
      vertex 1.624810 7.834585 9.147811
      vertex 1.624810 2.811770 10.493670
    endloop
  endfacet
  facet normal 0.980785 -0.050493 -0.188443
    outer loop
      vertex 1.624810 7.834585 9.147811
      vertex 1.698815 7.930878 9.507183
      vertex 1.698815 2.908064 10.853042
    endloop
  endfacet
  facet normal 0.946930 -0.083195 -0.310487
    outer loop
      vertex 1.698815 7.930878 9.507183
      vertex 1.820749 8.023848 9.854150
      vertex 1.820749 3.001033 11.200009
    endloop
  endfacet
  facet normal 0.896873 -0.114473 -0.427218
    outer loop
      vertex 1.820749 8.023848 9.854150
      vertex 1.988526 8.111902 10.182775
      vertex 1.988526 3.089088 11.528634
    endloop
  endfacet
  facet normal 0.831470 -0.143792 -0.536640
    outer loop
      vertex 1.988526 8.111902 10.182775
      vertex 2.199275 8.193536 10.487436
      vertex 2.199275 3.170722 11.833295
    endloop
  endfacet
  facet normal 0.751839 -0.170652 -0.636880
    outer loop
      vertex 2.199275 8.193536 10.487436
      vertex 2.449390 8.267351 10.762919
      vertex 2.449390 3.244538 12.108779
    endloop
  endfacet
  facet normal 0.659346 -0.194591 -0.726222
    outer loop
      vertex 2.449390 8.267351 10.762919
      vertex 2.734592 8.332086 11.004512
      vertex 2.734592 3.309272 12.350371
    endloop
  endfacet
  facet normal 0.555572 -0.215200 -0.803137
    outer loop
      vertex 2.734592 8.332086 11.004512
      vertex 3.050000 8.386632 11.208080
      vertex 3.050000 3.363818 12.553939
    endloop
  endfacet
  facet normal 0.442288 -0.232128 -0.866313
    outer loop
      vertex 3.050000 8.386632 11.208080
      vertex 3.390218 8.430056 11.370140
      vertex 3.390218 3.407242 12.716000
    endloop
  endfacet
  facet normal 0.321440 -0.245083 -0.914664
    outer loop
      vertex 3.390218 8.430056 11.370140
      vertex 3.749425 8.461615 11.487920
      vertex 3.749425 3.438801 12.833778
    endloop
  endfacet
  facet normal -0.321438 -0.245084 -0.914665
    outer loop
      vertex 5.250575 8.461615 11.487920
      vertex 5.609782 3.407242 12.716000
      vertex 5.250575 3.438801 12.833778
    endloop
  endfacet
  facet normal -0.659346 -0.194591 -0.726222
    outer loop
      vertex 6.265408 8.332086 11.004512
      vertex 6.550610 3.244538 12.108779
      vertex 6.265408 3.309272 12.350371
    endloop
  endfacet
  facet normal -0.442290 -0.232128 -0.866312
    outer loop
      vertex 5.609782 8.430056 11.370140
      vertex 5.950000 3.363818 12.553939
      vertex 5.609782 3.407242 12.716000
    endloop
  endfacet
  facet normal -0.555569 -0.215200 -0.803138
    outer loop
      vertex 5.950000 8.386632 11.208080
      vertex 6.265408 3.309272 12.350371
      vertex 5.950000 3.363818 12.553939
    endloop
  endfacet
  facet normal -0.831445 -0.143802 -0.536675
    outer loop
      vertex 6.800725 8.193536 10.487436
      vertex 6.805000 3.169066 11.827115
      vertex 6.800725 3.170722 11.833295
    endloop
  endfacet
  facet normal -0.751841 -0.170651 -0.636878
    outer loop
      vertex 6.550610 8.267351 10.762919
      vertex 6.800725 3.170722 11.833295
      vertex 6.550610 3.244538 12.108779
    endloop
  endfacet
  facet normal -0.751839 -0.170651 -0.636880
    outer loop
      vertex 6.800725 8.193536 10.487436
      vertex 6.800725 3.170722 11.833295
      vertex 6.550610 8.267351 10.762919
    endloop
  endfacet
  facet normal -0.831487 -0.143786 -0.536615
    outer loop
      vertex 6.800725 8.193536 10.487436
      vertex 6.805000 8.191879 10.481256
      vertex 6.805000 3.169066 11.827115
    endloop
  endfacet
  facet normal -0.659346 -0.194591 -0.726222
    outer loop
      vertex 6.265408 8.332086 11.004512
      vertex 6.550610 8.267351 10.762919
      vertex 6.550610 3.244538 12.108779
    endloop
  endfacet
  facet normal 0.195090 -0.253846 -0.947366
    outer loop
      vertex 3.749425 8.461615 11.487920
      vertex 4.121474 3.457955 12.905262
      vertex 3.749425 3.438801 12.833778
    endloop
  endfacet
  facet normal 0.065404 -0.258265 -0.963858
    outer loop
      vertex 4.121474 8.480768 11.559403
      vertex 4.500000 3.464376 12.929227
      vertex 4.121474 3.457955 12.905262
    endloop
  endfacet
  facet normal -0.065404 -0.258265 -0.963858
    outer loop
      vertex 4.500000 8.487189 11.583367
      vertex 4.878526 3.457955 12.905262
      vertex 4.500000 3.464376 12.929227
    endloop
  endfacet
  facet normal -0.195091 -0.253846 -0.947366
    outer loop
      vertex 4.878526 8.480768 11.559403
      vertex 5.250575 3.438801 12.833778
      vertex 4.878526 3.457955 12.905262
    endloop
  endfacet
  facet normal 0.195090 -0.253846 -0.947366
    outer loop
      vertex 3.749425 8.461615 11.487920
      vertex 4.121474 8.480768 11.559403
      vertex 4.121474 3.457955 12.905262
    endloop
  endfacet
  facet normal 0.065402 -0.258265 -0.963858
    outer loop
      vertex 4.121474 8.480768 11.559403
      vertex 4.500000 8.487189 11.583367
      vertex 4.500000 3.464376 12.929227
    endloop
  endfacet
  facet normal -0.065402 -0.258265 -0.963858
    outer loop
      vertex 4.500000 8.487189 11.583367
      vertex 4.878526 8.480768 11.559403
      vertex 4.878526 3.457955 12.905262
    endloop
  endfacet
  facet normal -0.195090 -0.253846 -0.947366
    outer loop
      vertex 4.878526 8.480768 11.559403
      vertex 5.250575 8.461615 11.487920
      vertex 5.250575 3.438801 12.833778
    endloop
  endfacet
  facet normal -0.321440 -0.245084 -0.914664
    outer loop
      vertex 5.250575 8.461615 11.487920
      vertex 5.609782 8.430056 11.370140
      vertex 5.609782 3.407242 12.716000
    endloop
  endfacet
  facet normal -0.442288 -0.232128 -0.866313
    outer loop
      vertex 5.950000 8.386632 11.208080
      vertex 5.950000 3.363818 12.553939
      vertex 5.609782 8.430056 11.370140
    endloop
  endfacet
  facet normal -0.555571 -0.215200 -0.803137
    outer loop
      vertex 6.265408 8.332086 11.004512
      vertex 6.265408 3.309272 12.350371
      vertex 5.950000 8.386632 11.208080
    endloop
  endfacet
  facet normal -0.000002 -0.965926 0.258819
    outer loop
      vertex 1.820749 7.449382 7.710216
      vertex 1.820749 8.023848 9.854150
      vertex 1.698815 7.542352 8.057183
    endloop
  endfacet
  facet normal -0.000004 -0.965926 0.258819
    outer loop
      vertex 1.698815 7.542352 8.057183
      vertex 1.698815 7.930878 9.507183
      vertex 1.624810 7.638646 8.416554
    endloop
  endfacet
  facet normal 0.000019 -0.965926 0.258818
    outer loop
      vertex 1.624810 7.638646 8.416554
      vertex 1.624810 7.834585 9.147811
      vertex 1.600000 7.736615 8.782183
    endloop
  endfacet
  facet normal 0.000003 -0.965926 0.258818
    outer loop
      vertex 1.624810 7.638646 8.416554
      vertex 1.698815 7.930878 9.507183
      vertex 1.624810 7.834585 9.147811
    endloop
  endfacet
  facet normal -0.000001 -0.965926 0.258819
    outer loop
      vertex 3.390218 7.043174 6.194225
      vertex 3.391345 7.617760 8.338611
      vertex 3.050000 7.086598 6.356286
    endloop
  endfacet
  facet normal 0.000001 -0.965926 0.258819
    outer loop
      vertex 3.390218 7.043174 6.194225
      vertex 3.833316 7.478375 7.818417
      vertex 3.651472 7.517000 7.962567
    endloop
  endfacet
  facet normal 0.000001 -0.965926 0.258819
    outer loop
      vertex 3.390218 7.043174 6.194225
      vertex 3.502236 7.564065 8.138215
      vertex 3.391345 7.617760 8.338611
    endloop
  endfacet
  facet normal -0.000001 -0.965926 0.258819
    outer loop
      vertex 3.390218 7.043174 6.194225
      vertex 3.651472 7.517000 7.962567
      vertex 3.502236 7.564065 8.138215
    endloop
  endfacet
  facet normal 0.000002 -0.965926 0.258819
    outer loop
      vertex 3.050000 7.086598 6.356286
      vertex 3.391345 7.617760 8.338611
      vertex 3.323058 7.676023 8.556051
    endloop
  endfacet
  facet normal 0.000000 -0.965926 0.258819
    outer loop
      vertex 3.050000 7.086598 6.356286
      vertex 3.323058 7.676023 8.556051
      vertex 3.300000 7.736615 8.782183
    endloop
  endfacet
  facet normal -0.000002 -0.965926 0.258819
    outer loop
      vertex 1.820749 7.449382 7.710216
      vertex 1.988526 7.361327 7.381590
      vertex 1.988526 8.111902 10.182775
    endloop
  endfacet
  facet normal 0.000000 -0.965926 0.258819
    outer loop
      vertex 2.199275 7.279694 7.076930
      vertex 2.199275 8.193536 10.487436
      vertex 1.988526 7.361327 7.381590
    endloop
  endfacet
  facet normal 0.000001 -0.965926 0.258819
    outer loop
      vertex 2.449390 7.205878 6.801446
      vertex 2.449390 8.267351 10.762919
      vertex 2.199275 7.279694 7.076930
    endloop
  endfacet
  facet normal -0.000000 -0.965926 0.258819
    outer loop
      vertex 2.449390 7.205878 6.801446
      vertex 2.734592 7.141144 6.559854
      vertex 2.734592 8.332086 11.004512
    endloop
  endfacet
  facet normal -0.000000 -0.965926 0.258819
    outer loop
      vertex 2.734592 7.141144 6.559854
      vertex 3.050000 7.086598 6.356286
      vertex 3.050000 8.386632 11.208080
    endloop
  endfacet
  facet normal 0.000010 -0.965926 0.258818
    outer loop
      vertex 3.050000 7.086598 6.356286
      vertex 3.300000 7.736615 8.782183
      vertex 3.323058 7.797206 9.008314
    endloop
  endfacet
  facet normal -0.000001 -0.965926 0.258819
    outer loop
      vertex 3.050000 7.086598 6.356286
      vertex 3.323058 7.797206 9.008314
      vertex 3.390218 8.430056 11.370140
    endloop
  endfacet
  facet normal -0.000000 -0.965926 0.258819
    outer loop
      vertex 3.390218 7.043174 6.194225
      vertex 3.749425 7.011615 6.076446
      vertex 3.833316 7.478375 7.818417
    endloop
  endfacet
  facet normal 0.000001 -0.965926 0.258819
    outer loop
      vertex 3.749425 7.011615 6.076446
      vertex 4.121474 6.992461 6.004962
      vertex 4.265892 7.432000 7.645344
    endloop
  endfacet
  facet normal -0.000001 -0.965926 0.258819
    outer loop
      vertex 4.121474 6.992461 6.004962
      vertex 4.500000 6.986040 5.980998
      vertex 4.500000 7.426032 7.623072
    endloop
  endfacet
  facet normal 0.000001 -0.965926 0.258819
    outer loop
      vertex 4.500000 6.986040 5.980998
      vertex 4.878526 6.992461 6.004962
      vertex 4.734108 7.432000 7.645344
    endloop
  endfacet
  facet normal -0.000001 -0.965926 0.258819
    outer loop
      vertex 4.878526 6.992461 6.004962
      vertex 5.250575 7.011615 6.076446
      vertex 5.166684 7.478375 7.818417
    endloop
  endfacet
  facet normal 0.000000 -0.965926 0.258819
    outer loop
      vertex 5.250575 7.011615 6.076446
      vertex 5.609782 7.043174 6.194225
      vertex 5.497764 7.564065 8.138215
    endloop
  endfacet
  facet normal -0.000002 -0.965926 0.258819
    outer loop
      vertex 3.749425 7.011615 6.076446
      vertex 4.040780 7.449674 7.711304
      vertex 3.833316 7.478375 7.818417
    endloop
  endfacet
  facet normal -0.000000 -0.965926 0.258819
    outer loop
      vertex 3.749425 7.011615 6.076446
      vertex 4.265892 7.432000 7.645344
      vertex 4.040780 7.449674 7.711304
    endloop
  endfacet
  facet normal 0.000001 -0.965926 0.258819
    outer loop
      vertex 4.121474 6.992461 6.004962
      vertex 4.500000 7.426032 7.623072
      vertex 4.265892 7.432000 7.645344
    endloop
  endfacet
  facet normal -0.000001 -0.965926 0.258819
    outer loop
      vertex 4.500000 6.986040 5.980998
      vertex 4.734108 7.432000 7.645344
      vertex 4.500000 7.426032 7.623072
    endloop
  endfacet
  facet normal 0.000000 -0.965926 0.258819
    outer loop
      vertex 4.878526 6.992461 6.004962
      vertex 4.959220 7.449674 7.711304
      vertex 4.734108 7.432000 7.645344
    endloop
  endfacet
  facet normal 0.000002 -0.965926 0.258819
    outer loop
      vertex 4.878526 6.992461 6.004962
      vertex 5.166684 7.478375 7.818417
      vertex 4.959220 7.449674 7.711304
    endloop
  endfacet
  facet normal -0.000001 -0.965926 0.258819
    outer loop
      vertex 5.250575 7.011615 6.076446
      vertex 5.348528 7.517000 7.962567
      vertex 5.166684 7.478375 7.818417
    endloop
  endfacet
  facet normal 0.000001 -0.965926 0.258819
    outer loop
      vertex 5.250575 7.011615 6.076446
      vertex 5.497764 7.564065 8.138215
      vertex 5.348528 7.517000 7.962567
    endloop
  endfacet
  facet normal -0.000001 -0.965926 0.258819
    outer loop
      vertex 5.609782 7.043174 6.194225
      vertex 5.608655 7.617760 8.338611
      vertex 5.497764 7.564065 8.138215
    endloop
  endfacet
  facet normal -0.000003 -0.965926 0.258819
    outer loop
      vertex 5.609782 7.043174 6.194225
      vertex 5.676942 7.676023 8.556051
      vertex 5.608655 7.617760 8.338611
    endloop
  endfacet
  facet normal 0.000001 -0.965926 0.258819
    outer loop
      vertex 5.609782 7.043174 6.194225
      vertex 5.950000 7.086598 6.356286
      vertex 5.950000 8.386632 11.208080
    endloop
  endfacet
  facet normal -0.000001 -0.965926 0.258819
    outer loop
      vertex 6.800725 7.279694 7.076930
      vertex 7.011474 7.361327 7.381590
      vertex 7.123328 7.420032 7.600680
    endloop
  endfacet
  facet normal -0.000001 -0.965926 0.258819
    outer loop
      vertex 6.800725 7.279694 7.076930
      vertex 7.123328 7.420032 7.600680
      vertex 6.907223 7.555065 8.104628
    endloop
  endfacet
  facet normal 0.000000 -0.965926 0.258819
    outer loop
      vertex 5.950000 7.086598 6.356286
      vertex 6.265408 7.141144 6.559854
      vertex 6.265408 8.332086 11.004512
    endloop
  endfacet
  facet normal 0.000000 -0.965926 0.258819
    outer loop
      vertex 6.265408 7.141144 6.559854
      vertex 6.550610 7.205878 6.801446
      vertex 6.550610 8.267351 10.762919
    endloop
  endfacet
  facet normal -0.000000 -0.965926 0.258819
    outer loop
      vertex 6.800725 7.279694 7.076930
      vertex 6.907223 7.555065 8.104628
      vertex 6.805000 7.756027 8.854628
    endloop
  endfacet
  facet normal -0.000001 -0.965926 0.258819
    outer loop
      vertex 6.550610 7.205878 6.801446
      vertex 6.800725 7.279694 7.076930
      vertex 6.800725 8.193536 10.487436
    endloop
  endfacet
  facet normal 0.000000 -0.965926 0.258819
    outer loop
      vertex 5.609782 7.043174 6.194225
      vertex 5.950000 8.386632 11.208080
      vertex 5.676942 7.676023 8.556051
    endloop
  endfacet
  facet normal 0.000125 -0.965926 0.258819
    outer loop
      vertex 6.800725 7.279694 7.076930
      vertex 6.805000 7.756027 8.854628
      vertex 6.800725 8.193536 10.487436
    endloop
  endfacet
  facet normal 0.000000 -0.965926 0.258819
    outer loop
      vertex 1.698815 7.542352 8.057183
      vertex 1.820749 8.023848 9.854150
      vertex 1.698815 7.930878 9.507183
    endloop
  endfacet
  facet normal -0.000002 -0.965926 0.258819
    outer loop
      vertex 1.820749 7.449382 7.710216
      vertex 1.988526 8.111902 10.182775
      vertex 1.820749 8.023848 9.854150
    endloop
  endfacet
  facet normal -0.000000 -0.965926 0.258819
    outer loop
      vertex 1.988526 7.361327 7.381590
      vertex 2.199275 8.193536 10.487436
      vertex 1.988526 8.111902 10.182775
    endloop
  endfacet
  facet normal -0.000000 -0.965926 0.258819
    outer loop
      vertex 2.199275 7.279694 7.076930
      vertex 2.449390 8.267351 10.762919
      vertex 2.199275 8.193536 10.487436
    endloop
  endfacet
  facet normal 0.000000 -0.965926 0.258819
    outer loop
      vertex 2.449390 7.205878 6.801446
      vertex 2.734592 8.332086 11.004512
      vertex 2.449390 8.267351 10.762919
    endloop
  endfacet
  facet normal 0.000001 -0.965926 0.258819
    outer loop
      vertex 2.734592 7.141144 6.559854
      vertex 3.050000 8.386632 11.208080
      vertex 2.734592 8.332086 11.004512
    endloop
  endfacet
  facet normal -0.000000 -0.965926 0.258819
    outer loop
      vertex 3.050000 7.086598 6.356286
      vertex 3.390218 8.430056 11.370140
      vertex 3.050000 8.386632 11.208080
    endloop
  endfacet
  facet normal 0.000008 -0.965926 0.258819
    outer loop
      vertex 3.323058 7.797206 9.008314
      vertex 3.391345 7.855470 9.225756
      vertex 3.390218 8.430056 11.370140
    endloop
  endfacet
  facet normal 0.000001 -0.965926 0.258819
    outer loop
      vertex 3.391345 7.855470 9.225756
      vertex 3.502236 7.909166 9.426150
      vertex 3.390218 8.430056 11.370140
    endloop
  endfacet
  facet normal 0.000001 -0.965926 0.258819
    outer loop
      vertex 3.502236 7.909166 9.426150
      vertex 3.651472 7.956231 9.601798
      vertex 3.749425 8.461615 11.487920
    endloop
  endfacet
  facet normal 0.000000 -0.965926 0.258819
    outer loop
      vertex 3.502236 7.909166 9.426150
      vertex 3.749425 8.461615 11.487920
      vertex 3.390218 8.430056 11.370140
    endloop
  endfacet
  facet normal -0.000001 -0.965926 0.258819
    outer loop
      vertex 3.651472 7.956231 9.601798
      vertex 3.833316 7.994855 9.745949
      vertex 3.749425 8.461615 11.487920
    endloop
  endfacet
  facet normal -0.000002 -0.965926 0.258819
    outer loop
      vertex 3.833316 7.994855 9.745949
      vertex 4.040780 8.023556 9.853062
      vertex 4.121474 8.480768 11.559403
    endloop
  endfacet
  facet normal -0.000002 -0.965926 0.258819
    outer loop
      vertex 4.040780 8.023556 9.853062
      vertex 4.265892 8.041229 9.919022
      vertex 4.121474 8.480768 11.559403
    endloop
  endfacet
  facet normal 0.000001 -0.965926 0.258819
    outer loop
      vertex 4.265892 8.041229 9.919022
      vertex 4.500000 8.047197 9.941294
      vertex 4.500000 8.487189 11.583367
    endloop
  endfacet
  facet normal -0.000001 -0.965926 0.258819
    outer loop
      vertex 3.833316 7.994855 9.745949
      vertex 4.121474 8.480768 11.559403
      vertex 3.749425 8.461615 11.487920
    endloop
  endfacet
  facet normal -0.000000 -0.965926 0.258819
    outer loop
      vertex 4.265892 8.041229 9.919022
      vertex 4.500000 8.487189 11.583367
      vertex 4.121474 8.480768 11.559403
    endloop
  endfacet
  facet normal -0.000001 -0.965926 0.258819
    outer loop
      vertex 4.500000 8.047197 9.941294
      vertex 4.734108 8.041229 9.919022
      vertex 4.878526 8.480768 11.559403
    endloop
  endfacet
  facet normal 0.000002 -0.965926 0.258819
    outer loop
      vertex 4.734108 8.041229 9.919022
      vertex 4.959220 8.023556 9.853062
      vertex 5.250575 8.461615 11.487920
    endloop
  endfacet
  facet normal 0.000002 -0.965926 0.258819
    outer loop
      vertex 4.959220 8.023556 9.853062
      vertex 5.166684 7.994855 9.745949
      vertex 5.250575 8.461615 11.487920
    endloop
  endfacet
  facet normal 0.000001 -0.965926 0.258818
    outer loop
      vertex 5.348528 7.956231 9.601798
      vertex 5.609782 8.430056 11.370140
      vertex 5.166684 7.994855 9.745949
    endloop
  endfacet
  facet normal 0.000000 -0.965926 0.258819
    outer loop
      vertex 4.500000 8.047197 9.941294
      vertex 4.878526 8.480768 11.559403
      vertex 4.500000 8.487189 11.583367
    endloop
  endfacet
  facet normal 0.000001 -0.965926 0.258819
    outer loop
      vertex 4.734108 8.041229 9.919022
      vertex 5.250575 8.461615 11.487920
      vertex 4.878526 8.480768 11.559403
    endloop
  endfacet
  facet normal -0.000000 -0.965926 0.258819
    outer loop
      vertex 5.166684 7.994855 9.745949
      vertex 5.609782 8.430056 11.370140
      vertex 5.250575 8.461615 11.487920
    endloop
  endfacet
  facet normal 0.000137 -0.965929 0.258806
    outer loop
      vertex 5.676942 7.676023 8.556051
      vertex 5.950000 8.386632 11.208080
      vertex 5.700000 7.736615 8.782183
    endloop
  endfacet
  facet normal -0.000001 -0.965926 0.258819
    outer loop
      vertex 5.950000 7.086598 6.356286
      vertex 6.265408 8.332086 11.004512
      vertex 5.950000 8.386632 11.208080
    endloop
  endfacet
  facet normal -0.000000 -0.965926 0.258819
    outer loop
      vertex 6.265408 7.141144 6.559854
      vertex 6.550610 8.267351 10.762919
      vertex 6.265408 8.332086 11.004512
    endloop
  endfacet
  facet normal 0.000001 -0.965926 0.258819
    outer loop
      vertex 5.700000 7.736615 8.782183
      vertex 5.950000 8.386632 11.208080
      vertex 5.676942 7.797206 9.008314
    endloop
  endfacet
  facet normal -0.000005 -0.965926 0.258820
    outer loop
      vertex 5.676942 7.797206 9.008314
      vertex 5.950000 8.386632 11.208080
      vertex 5.608655 7.855470 9.225756
    endloop
  endfacet
  facet normal -0.000001 -0.965926 0.258819
    outer loop
      vertex 5.608655 7.855470 9.225756
      vertex 5.609782 8.430056 11.370140
      vertex 5.497764 7.909166 9.426150
    endloop
  endfacet
  facet normal -0.000001 -0.965926 0.258819
    outer loop
      vertex 5.348528 7.956231 9.601798
      vertex 5.497764 7.909166 9.426150
      vertex 5.609782 8.430056 11.370140
    endloop
  endfacet
  facet normal 0.000000 -0.965926 0.258819
    outer loop
      vertex 6.550610 7.205878 6.801446
      vertex 6.800725 8.193536 10.487436
      vertex 6.550610 8.267351 10.762919
    endloop
  endfacet
  facet normal -0.000092 -0.965926 0.258818
    outer loop
      vertex 6.805000 7.756027 8.854628
      vertex 6.805000 8.191879 10.481256
      vertex 6.800725 8.193536 10.487436
    endloop
  endfacet
  facet normal 0.000000 -0.965926 0.258819
    outer loop
      vertex 5.608655 7.855470 9.225756
      vertex 5.950000 8.386632 11.208080
      vertex 5.609782 8.430056 11.370140
    endloop
  endfacet
  facet normal 0.773010 0.164193 0.612777
    outer loop
      vertex 3.651472 7.517000 7.962567
      vertex 3.502236 10.751619 7.284112
      vertex 3.502236 7.564065 8.138215
    endloop
  endfacet
  facet normal 0.956940 0.075131 0.280394
    outer loop
      vertex 3.391345 7.617760 8.338611
      vertex 3.323058 10.863578 7.701949
      vertex 3.323058 7.676023 8.556051
    endloop
  endfacet
  facet normal 0.881922 0.122006 0.455333
    outer loop
      vertex 3.502236 7.564065 8.138215
      vertex 3.391345 10.805315 7.484508
      vertex 3.391345 7.617760 8.338611
    endloop
  endfacet
  facet normal 0.995185 0.025369 0.094677
    outer loop
      vertex 3.323058 7.676023 8.556051
      vertex 3.300000 10.924170 7.928080
      vertex 3.300000 7.736615 8.782183
    endloop
  endfacet
  facet normal 0.995185 -0.025369 -0.094677
    outer loop
      vertex 3.300000 7.736615 8.782183
      vertex 3.323058 10.984761 8.154211
      vertex 3.323058 7.797206 9.008314
    endloop
  endfacet
  facet normal 0.956941 -0.075131 -0.280393
    outer loop
      vertex 3.323058 7.797206 9.008314
      vertex 3.391345 11.043025 8.371653
      vertex 3.391345 7.855470 9.225756
    endloop
  endfacet
  facet normal 0.881921 -0.122007 -0.455335
    outer loop
      vertex 3.502236 11.096721 8.572047
      vertex 3.502236 7.909166 9.426150
      vertex 3.391345 7.855470 9.225756
    endloop
  endfacet
  facet normal 0.773010 0.164193 0.612777
    outer loop
      vertex 3.651472 7.517000 7.962567
      vertex 3.651472 10.704555 7.108465
      vertex 3.502236 10.751619 7.284112
    endloop
  endfacet
  facet normal 0.881922 0.122006 0.455334
    outer loop
      vertex 3.502236 7.564065 8.138215
      vertex 3.502236 10.751619 7.284112
      vertex 3.391345 10.805315 7.484508
    endloop
  endfacet
  facet normal 0.956940 0.075131 0.280394
    outer loop
      vertex 3.391345 7.617760 8.338611
      vertex 3.391345 10.805315 7.484508
      vertex 3.323058 10.863578 7.701949
    endloop
  endfacet
  facet normal 0.995185 0.025369 0.094677
    outer loop
      vertex 3.323058 7.676023 8.556051
      vertex 3.323058 10.863578 7.701949
      vertex 3.300000 10.924170 7.928080
    endloop
  endfacet
  facet normal 0.995185 -0.025369 -0.094678
    outer loop
      vertex 3.300000 7.736615 8.782183
      vertex 3.300000 10.924170 7.928080
      vertex 3.323058 10.984761 8.154211
    endloop
  endfacet
  facet normal 0.956941 -0.075131 -0.280393
    outer loop
      vertex 3.323058 7.797206 9.008314
      vertex 3.323058 10.984761 8.154211
      vertex 3.391345 11.043025 8.371653
    endloop
  endfacet
  facet normal 0.881921 -0.122007 -0.455335
    outer loop
      vertex 3.391345 11.043025 8.371653
      vertex 3.502236 11.096721 8.572047
      vertex 3.391345 7.855470 9.225756
    endloop
  endfacet
  facet normal 0.773010 -0.164193 -0.612777
    outer loop
      vertex 3.502236 11.096721 8.572047
      vertex 3.651472 11.143785 8.747695
      vertex 3.502236 7.909166 9.426150
    endloop
  endfacet
  facet normal 0.098017 0.257573 0.961275
    outer loop
      vertex 4.265892 7.432000 7.645344
      vertex 4.500000 7.426032 7.623072
      vertex 4.265892 10.619555 6.791241
    endloop
  endfacet
  facet normal 0.290284 0.247674 0.924333
    outer loop
      vertex 4.040780 7.449674 7.711304
      vertex 4.265892 7.432000 7.645344
      vertex 4.040780 10.637229 6.857201
    endloop
  endfacet
  facet normal -0.098017 0.257573 0.961275
    outer loop
      vertex 4.500000 7.426032 7.623072
      vertex 4.734108 7.432000 7.645344
      vertex 4.500000 10.613586 6.768969
    endloop
  endfacet
  facet normal -0.290284 0.247674 0.924333
    outer loop
      vertex 4.734108 7.432000 7.645344
      vertex 4.959220 7.449674 7.711304
      vertex 4.734108 10.619555 6.791241
    endloop
  endfacet
  facet normal 0.634393 0.200070 0.746671
    outer loop
      vertex 3.651472 7.517000 7.962567
      vertex 3.833316 7.478375 7.818417
      vertex 3.651472 10.704555 7.108465
    endloop
  endfacet
  facet normal 0.471397 0.228258 0.851871
    outer loop
      vertex 3.833316 7.478375 7.818417
      vertex 4.040780 7.449674 7.711304
      vertex 3.833316 10.665930 6.964314
    endloop
  endfacet
  facet normal -0.471397 0.228258 0.851870
    outer loop
      vertex 4.959220 7.449674 7.711304
      vertex 5.166684 7.478375 7.818417
      vertex 4.959220 10.637229 6.857201
    endloop
  endfacet
  facet normal -0.634393 0.200070 0.746671
    outer loop
      vertex 5.166684 7.478375 7.818417
      vertex 5.348528 7.517000 7.962567
      vertex 5.166684 10.665930 6.964314
    endloop
  endfacet
  facet normal -0.773010 0.164193 0.612777
    outer loop
      vertex 5.348528 7.517000 7.962567
      vertex 5.497764 7.564065 8.138215
      vertex 5.348528 10.704555 7.108465
    endloop
  endfacet
  facet normal 0.634393 0.200070 0.746671
    outer loop
      vertex 3.833316 7.478375 7.818417
      vertex 3.833316 10.665930 6.964314
      vertex 3.651472 10.704555 7.108465
    endloop
  endfacet
  facet normal 0.471396 0.228258 0.851871
    outer loop
      vertex 4.040780 7.449674 7.711304
      vertex 4.040780 10.637229 6.857201
      vertex 3.833316 10.665930 6.964314
    endloop
  endfacet
  facet normal 0.098018 0.257573 0.961275
    outer loop
      vertex 4.500000 7.426032 7.623072
      vertex 4.500000 10.613586 6.768969
      vertex 4.265892 10.619555 6.791241
    endloop
  endfacet
  facet normal 0.290285 0.247674 0.924333
    outer loop
      vertex 4.265892 7.432000 7.645344
      vertex 4.265892 10.619555 6.791241
      vertex 4.040780 10.637229 6.857201
    endloop
  endfacet
  facet normal -0.098018 0.257573 0.961275
    outer loop
      vertex 4.734108 7.432000 7.645344
      vertex 4.734108 10.619555 6.791241
      vertex 4.500000 10.613586 6.768969
    endloop
  endfacet
  facet normal -0.290285 0.247674 0.924333
    outer loop
      vertex 4.959220 7.449674 7.711304
      vertex 4.959220 10.637229 6.857201
      vertex 4.734108 10.619555 6.791241
    endloop
  endfacet
  facet normal -0.471397 0.228258 0.851871
    outer loop
      vertex 5.166684 7.478375 7.818417
      vertex 5.166684 10.665930 6.964314
      vertex 4.959220 10.637229 6.857201
    endloop
  endfacet
  facet normal -0.634393 0.200070 0.746671
    outer loop
      vertex 5.348528 7.517000 7.962567
      vertex 5.348528 10.704555 7.108465
      vertex 5.166684 10.665930 6.964314
    endloop
  endfacet
  facet normal -0.773010 0.164193 0.612777
    outer loop
      vertex 5.497764 7.564065 8.138215
      vertex 5.497764 10.751619 7.284112
      vertex 5.348528 10.704555 7.108465
    endloop
  endfacet
  facet normal -0.773009 -0.164193 -0.612778
    outer loop
      vertex 5.348528 11.143785 8.747695
      vertex 5.497764 11.096721 8.572047
      vertex 5.348528 7.956231 9.601798
    endloop
  endfacet
  facet normal -0.881922 0.122006 0.455333
    outer loop
      vertex 5.497764 7.564065 8.138215
      vertex 5.608655 7.617760 8.338611
      vertex 5.497764 10.751619 7.284112
    endloop
  endfacet
  facet normal -0.956940 0.075131 0.280394
    outer loop
      vertex 5.608655 7.617760 8.338611
      vertex 5.676942 7.676023 8.556051
      vertex 5.608655 10.805315 7.484508
    endloop
  endfacet
  facet normal -0.995185 0.025368 0.094676
    outer loop
      vertex 5.676942 7.676023 8.556051
      vertex 5.700000 7.736615 8.782183
      vertex 5.676942 10.863578 7.701949
    endloop
  endfacet
  facet normal -0.995185 -0.025368 -0.094676
    outer loop
      vertex 5.700000 7.736615 8.782183
      vertex 5.676942 7.797206 9.008314
      vertex 5.700000 10.924170 7.928080
    endloop
  endfacet
  facet normal -0.956941 -0.075131 -0.280393
    outer loop
      vertex 5.676942 7.797206 9.008314
      vertex 5.608655 7.855470 9.225756
      vertex 5.676942 10.984761 8.154211
    endloop
  endfacet
  facet normal -0.881921 -0.122007 -0.455335
    outer loop
      vertex 5.608655 11.043025 8.371653
      vertex 5.608655 7.855470 9.225756
      vertex 5.497764 7.909166 9.426150
    endloop
  endfacet
  facet normal -0.881922 0.122006 0.455334
    outer loop
      vertex 5.608655 7.617760 8.338611
      vertex 5.608655 10.805315 7.484508
      vertex 5.497764 10.751619 7.284112
    endloop
  endfacet
  facet normal -0.956940 0.075131 0.280394
    outer loop
      vertex 5.676942 7.676023 8.556051
      vertex 5.676942 10.863578 7.701949
      vertex 5.608655 10.805315 7.484508
    endloop
  endfacet
  facet normal -0.995185 0.025368 0.094676
    outer loop
      vertex 5.700000 7.736615 8.782183
      vertex 5.700000 10.924170 7.928080
      vertex 5.676942 10.863578 7.701949
    endloop
  endfacet
  facet normal -0.995185 -0.025369 -0.094677
    outer loop
      vertex 5.676942 7.797206 9.008314
      vertex 5.676942 10.984761 8.154211
      vertex 5.700000 10.924170 7.928080
    endloop
  endfacet
  facet normal -0.956941 -0.075131 -0.280393
    outer loop
      vertex 5.676942 10.984761 8.154211
      vertex 5.608655 7.855470 9.225756
      vertex 5.608655 11.043025 8.371653
    endloop
  endfacet
  facet normal -0.881921 -0.122007 -0.455335
    outer loop
      vertex 5.608655 11.043025 8.371653
      vertex 5.497764 7.909166 9.426150
      vertex 5.497764 11.096721 8.572047
    endloop
  endfacet
  facet normal 0.773010 -0.164193 -0.612777
    outer loop
      vertex 3.651472 11.143785 8.747695
      vertex 3.651472 7.956231 9.601798
      vertex 3.502236 7.909166 9.426150
    endloop
  endfacet
  facet normal 0.634394 -0.200070 -0.746670
    outer loop
      vertex 3.833316 11.182410 8.891846
      vertex 3.833316 7.994855 9.745949
      vertex 3.651472 7.956231 9.601798
    endloop
  endfacet
  facet normal 0.471394 -0.228258 -0.851872
    outer loop
      vertex 4.040780 11.211111 8.998959
      vertex 4.040780 8.023556 9.853062
      vertex 3.833316 7.994855 9.745949
    endloop
  endfacet
  facet normal 0.290284 -0.247674 -0.924334
    outer loop
      vertex 4.265892 11.228785 9.064919
      vertex 4.265892 8.041229 9.919022
      vertex 4.040780 8.023556 9.853062
    endloop
  endfacet
  facet normal 0.098018 -0.257573 -0.961275
    outer loop
      vertex 4.265892 8.041229 9.919022
      vertex 4.500000 11.234753 9.087191
      vertex 4.500000 8.047197 9.941294
    endloop
  endfacet
  facet normal -0.098018 -0.257573 -0.961275
    outer loop
      vertex 4.734108 11.228785 9.064919
      vertex 4.734108 8.041229 9.919022
      vertex 4.500000 8.047197 9.941294
    endloop
  endfacet
  facet normal -0.290284 -0.247674 -0.924334
    outer loop
      vertex 4.959220 11.211111 8.998959
      vertex 4.959220 8.023556 9.853062
      vertex 4.734108 8.041229 9.919022
    endloop
  endfacet
  facet normal -0.773010 -0.164193 -0.612777
    outer loop
      vertex 5.497764 11.096721 8.572047
      vertex 5.497764 7.909166 9.426150
      vertex 5.348528 7.956231 9.601798
    endloop
  endfacet
  facet normal -0.471395 -0.228258 -0.851872
    outer loop
      vertex 5.166684 11.182410 8.891846
      vertex 5.166684 7.994855 9.745949
      vertex 4.959220 8.023556 9.853062
    endloop
  endfacet
  facet normal -0.634394 -0.200070 -0.746670
    outer loop
      vertex 5.348528 11.143785 8.747695
      vertex 5.348528 7.956231 9.601798
      vertex 5.166684 7.994855 9.745949
    endloop
  endfacet
  facet normal 0.634395 -0.200070 -0.746669
    outer loop
      vertex 3.651472 11.143785 8.747695
      vertex 3.833316 11.182410 8.891846
      vertex 3.651472 7.956231 9.601798
    endloop
  endfacet
  facet normal 0.471395 -0.228258 -0.851872
    outer loop
      vertex 3.833316 11.182410 8.891846
      vertex 4.040780 11.211111 8.998959
      vertex 3.833316 7.994855 9.745949
    endloop
  endfacet
  facet normal 0.290284 -0.247674 -0.924334
    outer loop
      vertex 4.040780 11.211111 8.998959
      vertex 4.265892 11.228785 9.064919
      vertex 4.040780 8.023556 9.853062
    endloop
  endfacet
  facet normal 0.098018 -0.257573 -0.961275
    outer loop
      vertex 4.265892 11.228785 9.064919
      vertex 4.500000 11.234753 9.087191
      vertex 4.265892 8.041229 9.919022
    endloop
  endfacet
  facet normal -0.290284 -0.247674 -0.924334
    outer loop
      vertex 4.734108 11.228785 9.064919
      vertex 4.959220 11.211111 8.998959
      vertex 4.734108 8.041229 9.919022
    endloop
  endfacet
  facet normal -0.098018 -0.257573 -0.961275
    outer loop
      vertex 4.734108 11.228785 9.064919
      vertex 4.500000 8.047197 9.941294
      vertex 4.500000 11.234753 9.087191
    endloop
  endfacet
  facet normal -0.634395 -0.200070 -0.746669
    outer loop
      vertex 5.348528 11.143785 8.747695
      vertex 5.166684 7.994855 9.745949
      vertex 5.166684 11.182410 8.891846
    endloop
  endfacet
  facet normal -0.471395 -0.228258 -0.851871
    outer loop
      vertex 4.959220 11.211111 8.998959
      vertex 5.166684 11.182410 8.891846
      vertex 4.959220 8.023556 9.853062
    endloop
  endfacet
  facet normal 0.471397 0.228258 0.851871
    outer loop
      vertex 3.333302 10.472249 6.241490
      vertex 3.696365 10.422023 6.054042
      vertex 3.333302 10.521622 6.228261
    endloop
  endfacet
  facet normal 0.471397 0.228258 0.851871
    outer loop
      vertex 3.333302 10.521622 6.228261
      vertex 3.696365 10.422023 6.054042
      vertex 3.696365 10.471395 6.040812
    endloop
  endfacet
  facet normal 0.634393 0.200070 0.746671
    outer loop
      vertex 3.333302 10.472249 6.241490
      vertex 3.015076 10.589215 6.480524
      vertex 3.015076 10.539843 6.493753
    endloop
  endfacet
  facet normal 0.773011 0.164193 0.612777
    outer loop
      vertex 3.015076 10.539843 6.493753
      vertex 3.015076 10.589215 6.480524
      vertex 2.753914 10.671578 6.787908
    endloop
  endfacet
  facet normal 0.773010 0.164188 0.612779
    outer loop
      vertex 3.015076 10.539843 6.493753
      vertex 2.753914 10.671578 6.787908
      vertex 2.753914 10.622206 6.801136
    endloop
  endfacet
  facet normal 0.634393 0.200070 0.746671
    outer loop
      vertex 3.333302 10.472249 6.241490
      vertex 3.333302 10.521622 6.228261
      vertex 3.015076 10.589215 6.480524
    endloop
  endfacet
  facet normal -0.000001 0.965926 -0.258819
    outer loop
      vertex 3.333302 10.472249 6.241490
      vertex 3.651472 10.704555 7.108465
      vertex 3.696365 10.422023 6.054042
    endloop
  endfacet
  facet normal 0.881921 0.122002 0.455336
    outer loop
      vertex 2.753914 10.622206 6.801136
      vertex 2.753914 10.671578 6.787908
      vertex 2.559853 10.765546 7.138598
    endloop
  endfacet
  facet normal 0.881921 0.122006 0.455334
    outer loop
      vertex 2.753914 10.622206 6.801136
      vertex 2.559853 10.765546 7.138598
      vertex 2.559853 10.716173 7.151828
    endloop
  endfacet
  facet normal 0.956940 0.075131 0.280393
    outer loop
      vertex 2.559853 10.716173 7.151828
      vertex 2.559853 10.765546 7.138598
      vertex 2.440351 10.867507 7.519121
    endloop
  endfacet
  facet normal 0.956940 0.075131 0.280393
    outer loop
      vertex 2.559853 10.716173 7.151828
      vertex 2.440351 10.867507 7.519121
      vertex 2.440351 10.818134 7.532350
    endloop
  endfacet
  facet normal -0.000000 0.965926 -0.258819
    outer loop
      vertex 2.753914 10.622206 6.801136
      vertex 2.559853 10.716173 7.151828
      vertex 2.753914 11.226133 9.055023
    endloop
  endfacet
  facet normal 0.995185 0.025369 0.094677
    outer loop
      vertex 2.440351 10.818134 7.532350
      vertex 2.440351 10.867507 7.519121
      vertex 2.400000 10.973542 7.914851
    endloop
  endfacet
  facet normal 0.995185 0.025369 0.094677
    outer loop
      vertex 2.440351 10.818134 7.532350
      vertex 2.400000 10.973542 7.914851
      vertex 2.400000 10.924170 7.928080
    endloop
  endfacet
  facet normal -0.000002 0.965926 -0.258818
    outer loop
      vertex 2.440351 10.818134 7.532350
      vertex 2.400000 10.924170 7.928080
      vertex 2.440351 11.030205 8.323810
    endloop
  endfacet
  facet normal 0.000003 0.965926 -0.258819
    outer loop
      vertex 2.559853 10.716173 7.151828
      vertex 2.440351 10.818134 7.532350
      vertex 2.559853 11.132166 8.704332
    endloop
  endfacet
  facet normal -0.000000 0.965926 -0.258819
    outer loop
      vertex 3.333302 10.472249 6.241490
      vertex 3.015076 10.539843 6.493753
      vertex 3.323058 10.863578 7.701949
    endloop
  endfacet
  facet normal 0.000000 0.965926 -0.258820
    outer loop
      vertex 3.333302 10.472249 6.241490
      vertex 3.502236 10.751619 7.284112
      vertex 3.651472 10.704555 7.108465
    endloop
  endfacet
  facet normal -0.000001 0.965926 -0.258819
    outer loop
      vertex 3.333302 10.472249 6.241490
      vertex 3.391345 10.805315 7.484508
      vertex 3.502236 10.751619 7.284112
    endloop
  endfacet
  facet normal -0.000005 0.965926 -0.258819
    outer loop
      vertex 3.333302 10.472249 6.241490
      vertex 3.323058 10.863578 7.701949
      vertex 3.391345 10.805315 7.484508
    endloop
  endfacet
  facet normal -0.000001 0.965926 -0.258819
    outer loop
      vertex 3.015076 10.539843 6.493753
      vertex 3.300000 10.924170 7.928080
      vertex 3.323058 10.863578 7.701949
    endloop
  endfacet
  facet normal 0.000000 0.965926 -0.258819
    outer loop
      vertex 3.015076 10.539843 6.493753
      vertex 2.753914 10.622206 6.801136
      vertex 3.015076 11.308496 9.362407
    endloop
  endfacet
  facet normal 0.995185 -0.025369 -0.094677
    outer loop
      vertex 2.400000 10.924170 7.928080
      vertex 2.400000 10.973542 7.914851
      vertex 2.440351 11.079577 8.310580
    endloop
  endfacet
  facet normal -0.000005 0.965926 -0.258818
    outer loop
      vertex 2.440351 10.818134 7.532350
      vertex 2.440351 11.030205 8.323810
      vertex 2.559853 11.132166 8.704332
    endloop
  endfacet
  facet normal 0.995185 -0.025369 -0.094677
    outer loop
      vertex 2.400000 10.924170 7.928080
      vertex 2.440351 11.079577 8.310580
      vertex 2.440351 11.030205 8.323810
    endloop
  endfacet
  facet normal -0.000000 0.965926 -0.258819
    outer loop
      vertex 2.559853 10.716173 7.151828
      vertex 2.559853 11.132166 8.704332
      vertex 2.753914 11.226133 9.055023
    endloop
  endfacet
  facet normal 0.000000 0.965926 -0.258819
    outer loop
      vertex 2.753914 10.622206 6.801136
      vertex 2.753914 11.226133 9.055023
      vertex 3.015076 11.308496 9.362407
    endloop
  endfacet
  facet normal -0.000001 0.965926 -0.258819
    outer loop
      vertex 3.015076 10.539843 6.493753
      vertex 3.333302 11.376090 9.614670
      vertex 3.300000 10.924170 7.928080
    endloop
  endfacet
  facet normal 0.956940 -0.075131 -0.280393
    outer loop
      vertex 2.440351 11.030205 8.323810
      vertex 2.440351 11.079577 8.310580
      vertex 2.559853 11.181538 8.691103
    endloop
  endfacet
  facet normal 0.956940 -0.075132 -0.280393
    outer loop
      vertex 2.440351 11.030205 8.323810
      vertex 2.559853 11.181538 8.691103
      vertex 2.559853 11.132166 8.704332
    endloop
  endfacet
  facet normal 0.881921 -0.122009 -0.455334
    outer loop
      vertex 2.559853 11.132166 8.704332
      vertex 2.559853 11.181538 8.691103
      vertex 2.753914 11.275505 9.041794
    endloop
  endfacet
  facet normal 0.881921 -0.122009 -0.455334
    outer loop
      vertex 2.559853 11.132166 8.704332
      vertex 2.753914 11.275505 9.041794
      vertex 2.753914 11.226133 9.055023
    endloop
  endfacet
  facet normal 0.000000 0.965926 -0.258819
    outer loop
      vertex 3.015076 10.539843 6.493753
      vertex 3.015076 11.308496 9.362407
      vertex 3.333302 11.376090 9.614670
    endloop
  endfacet
  facet normal -0.000004 0.965926 -0.258819
    outer loop
      vertex 3.300000 10.924170 7.928080
      vertex 3.333302 11.376090 9.614670
      vertex 3.323058 10.984761 8.154211
    endloop
  endfacet
  facet normal -0.000007 0.965926 -0.258819
    outer loop
      vertex 3.323058 10.984761 8.154211
      vertex 3.333302 11.376090 9.614670
      vertex 3.391345 11.043025 8.371653
    endloop
  endfacet
  facet normal -0.000001 0.965926 -0.258819
    outer loop
      vertex 3.391345 11.043025 8.371653
      vertex 3.333302 11.376090 9.614670
      vertex 3.502236 11.096721 8.572047
    endloop
  endfacet
  facet normal 0.000004 0.965926 -0.258818
    outer loop
      vertex 3.502236 11.096721 8.572047
      vertex 3.333302 11.376090 9.614670
      vertex 3.651472 11.143785 8.747695
    endloop
  endfacet
  facet normal 0.290285 0.247674 0.924333
    outer loop
      vertex 4.090310 10.391093 5.938612
      vertex 3.696365 10.471395 6.040812
      vertex 3.696365 10.422023 6.054042
    endloop
  endfacet
  facet normal 0.290285 0.247674 0.924333
    outer loop
      vertex 4.090310 10.391093 5.938612
      vertex 4.090310 10.440466 5.925382
      vertex 3.696365 10.471395 6.040812
    endloop
  endfacet
  facet normal 0.098017 0.257573 0.961275
    outer loop
      vertex 4.090310 10.391093 5.938612
      vertex 4.500000 10.380650 5.899636
      vertex 4.090310 10.440466 5.925382
    endloop
  endfacet
  facet normal 0.098017 0.257573 0.961275
    outer loop
      vertex 4.090310 10.440466 5.925382
      vertex 4.500000 10.380650 5.899636
      vertex 4.500000 10.430022 5.886406
    endloop
  endfacet
  facet normal 0.000000 0.965926 -0.258819
    outer loop
      vertex 4.090310 10.391093 5.938612
      vertex 4.500000 10.613586 6.768969
      vertex 4.500000 10.380650 5.899636
    endloop
  endfacet
  facet normal 0.000000 0.965926 -0.258819
    outer loop
      vertex 4.090310 10.391093 5.938612
      vertex 3.696365 10.422023 6.054042
      vertex 4.040780 10.637229 6.857201
    endloop
  endfacet
  facet normal -0.000001 0.965926 -0.258819
    outer loop
      vertex 3.696365 10.422023 6.054042
      vertex 3.833316 10.665930 6.964314
      vertex 4.040780 10.637229 6.857201
    endloop
  endfacet
  facet normal -0.000001 0.965926 -0.258819
    outer loop
      vertex 3.651472 10.704555 7.108465
      vertex 3.833316 10.665930 6.964314
      vertex 3.696365 10.422023 6.054042
    endloop
  endfacet
  facet normal 0.000001 0.965926 -0.258819
    outer loop
      vertex 4.090310 10.391093 5.938612
      vertex 4.265892 10.619555 6.791241
      vertex 4.500000 10.613586 6.768969
    endloop
  endfacet
  facet normal 0.000002 0.965926 -0.258819
    outer loop
      vertex 4.090310 10.391093 5.938612
      vertex 4.040780 10.637229 6.857201
      vertex 4.265892 10.619555 6.791241
    endloop
  endfacet
  facet normal -0.098017 0.257573 0.961275
    outer loop
      vertex 4.500000 10.380650 5.899636
      vertex 4.909690 10.391093 5.938612
      vertex 4.500000 10.430022 5.886406
    endloop
  endfacet
  facet normal -0.098017 0.257573 0.961275
    outer loop
      vertex 4.500000 10.430022 5.886406
      vertex 4.909690 10.391093 5.938612
      vertex 4.909690 10.440466 5.925382
    endloop
  endfacet
  facet normal -0.000000 0.965926 -0.258819
    outer loop
      vertex 4.500000 10.380650 5.899636
      vertex 4.500000 10.613586 6.768969
      vertex 4.909690 10.391093 5.938612
    endloop
  endfacet
  facet normal -0.290285 0.247674 0.924333
    outer loop
      vertex 4.909690 10.391093 5.938612
      vertex 5.303635 10.422023 6.054042
      vertex 4.909690 10.440466 5.925382
    endloop
  endfacet
  facet normal -0.290285 0.247674 0.924333
    outer loop
      vertex 4.909690 10.440466 5.925382
      vertex 5.303635 10.422023 6.054042
      vertex 5.303635 10.471395 6.040812
    endloop
  endfacet
  facet normal -0.471397 0.228258 0.851871
    outer loop
      vertex 5.303635 10.422023 6.054042
      vertex 5.666698 10.472249 6.241490
      vertex 5.303635 10.471395 6.040812
    endloop
  endfacet
  facet normal -0.000001 0.965926 -0.258819
    outer loop
      vertex 4.500000 10.613586 6.768969
      vertex 4.734108 10.619555 6.791241
      vertex 4.909690 10.391093 5.938612
    endloop
  endfacet
  facet normal -0.000002 0.965926 -0.258819
    outer loop
      vertex 4.909690 10.391093 5.938612
      vertex 4.734108 10.619555 6.791241
      vertex 4.959220 10.637229 6.857201
    endloop
  endfacet
  facet normal -0.000000 0.965926 -0.258819
    outer loop
      vertex 4.909690 10.391093 5.938612
      vertex 4.959220 10.637229 6.857201
      vertex 5.303635 10.422023 6.054042
    endloop
  endfacet
  facet normal 0.000001 0.965926 -0.258819
    outer loop
      vertex 5.303635 10.422023 6.054042
      vertex 5.348528 10.704555 7.108465
      vertex 5.666698 10.472249 6.241490
    endloop
  endfacet
  facet normal 0.000001 0.965926 -0.258819
    outer loop
      vertex 5.303635 10.422023 6.054042
      vertex 4.959220 10.637229 6.857201
      vertex 5.166684 10.665930 6.964314
    endloop
  endfacet
  facet normal 0.000001 0.965926 -0.258819
    outer loop
      vertex 5.303635 10.422023 6.054042
      vertex 5.166684 10.665930 6.964314
      vertex 5.348528 10.704555 7.108465
    endloop
  endfacet
  facet normal -0.471397 0.228258 0.851871
    outer loop
      vertex 5.303635 10.471395 6.040812
      vertex 5.666698 10.472249 6.241490
      vertex 5.666698 10.521622 6.228261
    endloop
  endfacet
  facet normal -0.634393 0.200070 0.746671
    outer loop
      vertex 5.666698 10.472249 6.241490
      vertex 5.984924 10.539843 6.493753
      vertex 5.666698 10.521622 6.228261
    endloop
  endfacet
  facet normal -0.634393 0.200070 0.746671
    outer loop
      vertex 5.666698 10.521622 6.228261
      vertex 5.984924 10.539843 6.493753
      vertex 5.984924 10.589215 6.480524
    endloop
  endfacet
  facet normal -0.773010 0.164193 0.612777
    outer loop
      vertex 5.984924 10.539843 6.493753
      vertex 6.246086 10.622206 6.801136
      vertex 5.984924 10.589215 6.480524
    endloop
  endfacet
  facet normal -0.773009 0.164211 0.612774
    outer loop
      vertex 5.984924 10.589215 6.480524
      vertex 6.246086 10.622206 6.801136
      vertex 6.000000 10.593970 6.498268
    endloop
  endfacet
  facet normal -0.773010 0.164193 0.612777
    outer loop
      vertex 6.000000 10.593970 6.498268
      vertex 6.246086 10.622206 6.801136
      vertex 6.246086 12.071095 6.412908
    endloop
  endfacet
  facet normal -0.773010 0.164193 0.612777
    outer loop
      vertex 6.000000 10.593970 6.498268
      vertex 6.246086 12.071095 6.412908
      vertex 6.000000 11.993486 6.123269
    endloop
  endfacet
  facet normal -0.881921 0.122006 0.455334
    outer loop
      vertex 6.246086 10.622206 6.801136
      vertex 6.440147 12.165062 6.763599
      vertex 6.246086 12.071095 6.412908
    endloop
  endfacet
  facet normal -0.000000 0.965926 -0.258820
    outer loop
      vertex 5.666698 10.472249 6.241490
      vertex 5.348528 10.704555 7.108465
      vertex 5.497764 10.751619 7.284112
    endloop
  endfacet
  facet normal 0.000001 0.965926 -0.258819
    outer loop
      vertex 5.666698 10.472249 6.241490
      vertex 5.497764 10.751619 7.284112
      vertex 5.608655 10.805315 7.484508
    endloop
  endfacet
  facet normal 0.000005 0.965926 -0.258819
    outer loop
      vertex 5.666698 10.472249 6.241490
      vertex 5.608655 10.805315 7.484508
      vertex 5.676942 10.863578 7.701949
    endloop
  endfacet
  facet normal 0.000003 0.965926 -0.258819
    outer loop
      vertex 5.666698 10.472249 6.241490
      vertex 5.676942 10.863578 7.701949
      vertex 5.700000 10.924170 7.928080
    endloop
  endfacet
  facet normal 0.000000 0.965926 -0.258819
    outer loop
      vertex 5.666698 10.472249 6.241490
      vertex 5.984924 11.308496 9.362407
      vertex 5.984924 10.539843 6.493753
    endloop
  endfacet
  facet normal -0.000001 0.965926 -0.258819
    outer loop
      vertex 5.666698 10.472249 6.241490
      vertex 5.700000 10.924170 7.928080
      vertex 5.984924 11.308496 9.362407
    endloop
  endfacet
  facet normal -0.000000 0.965926 -0.258819
    outer loop
      vertex 5.984924 10.539843 6.493753
      vertex 6.246086 11.226133 9.055023
      vertex 6.246086 10.622206 6.801136
    endloop
  endfacet
  facet normal 0.000001 0.965926 -0.258819
    outer loop
      vertex 6.246086 10.622206 6.801136
      vertex 6.440147 11.132166 8.704332
      vertex 6.440147 10.716173 7.151828
    endloop
  endfacet
  facet normal -0.000006 0.965926 -0.258818
    outer loop
      vertex 6.440147 10.716173 7.151828
      vertex 6.559649 11.030205 8.323810
      vertex 6.559649 10.818134 7.532350
    endloop
  endfacet
  facet normal 0.000002 0.965926 -0.258818
    outer loop
      vertex 6.559649 10.818134 7.532350
      vertex 6.559649 11.030205 8.323810
      vertex 6.600000 10.924170 7.928080
    endloop
  endfacet
  facet normal 0.000000 0.965926 -0.258819
    outer loop
      vertex 6.246086 10.622206 6.801136
      vertex 6.246086 11.226133 9.055023
      vertex 6.440147 11.132166 8.704332
    endloop
  endfacet
  facet normal -0.000000 0.965926 -0.258819
    outer loop
      vertex 5.984924 10.539843 6.493753
      vertex 5.984924 11.308496 9.362407
      vertex 6.246086 11.226133 9.055023
    endloop
  endfacet
  facet normal 0.000002 0.965926 -0.258819
    outer loop
      vertex 6.440147 10.716173 7.151828
      vertex 6.440147 11.132166 8.704332
      vertex 6.559649 11.030205 8.323810
    endloop
  endfacet
  facet normal -0.881921 0.122006 0.455334
    outer loop
      vertex 6.246086 10.622206 6.801136
      vertex 6.440147 10.716173 7.151828
      vertex 6.440147 12.165062 6.763599
    endloop
  endfacet
  facet normal -0.956940 0.075131 0.280393
    outer loop
      vertex 6.440147 10.716173 7.151828
      vertex 6.559649 10.818134 7.532350
      vertex 6.559649 12.267023 7.144122
    endloop
  endfacet
  facet normal -0.995185 0.025369 0.094677
    outer loop
      vertex 6.559649 10.818134 7.532350
      vertex 6.600000 10.924170 7.928080
      vertex 6.600000 12.373058 7.539851
    endloop
  endfacet
  facet normal -0.956940 0.075131 0.280393
    outer loop
      vertex 6.440147 10.716173 7.151828
      vertex 6.559649 12.267023 7.144122
      vertex 6.440147 12.165062 6.763599
    endloop
  endfacet
  facet normal -0.995185 0.025369 0.094677
    outer loop
      vertex 6.559649 10.818134 7.532350
      vertex 6.600000 12.373058 7.539851
      vertex 6.559649 12.267023 7.144122
    endloop
  endfacet
  facet normal -0.995185 -0.025369 -0.094677
    outer loop
      vertex 6.600000 10.924170 7.928080
      vertex 6.570453 12.450705 7.829629
      vertex 6.600000 12.373058 7.539851
    endloop
  endfacet
  facet normal 0.000001 0.965926 -0.258819
    outer loop
      vertex 5.700000 10.924170 7.928080
      vertex 5.676942 10.984761 8.154211
      vertex 5.984924 11.308496 9.362407
    endloop
  endfacet
  facet normal 0.000007 0.965926 -0.258819
    outer loop
      vertex 5.676942 10.984761 8.154211
      vertex 5.608655 11.043025 8.371653
      vertex 5.666698 11.376090 9.614670
    endloop
  endfacet
  facet normal 0.000001 0.965926 -0.258819
    outer loop
      vertex 5.608655 11.043025 8.371653
      vertex 5.497764 11.096721 8.572047
      vertex 5.666698 11.376090 9.614670
    endloop
  endfacet
  facet normal -0.000004 0.965926 -0.258818
    outer loop
      vertex 5.348528 11.143785 8.747695
      vertex 5.666698 11.376090 9.614670
      vertex 5.497764 11.096721 8.572047
    endloop
  endfacet
  facet normal -0.000000 0.965926 -0.258819
    outer loop
      vertex 5.676942 10.984761 8.154211
      vertex 5.666698 11.376090 9.614670
      vertex 5.984924 11.308496 9.362407
    endloop
  endfacet
  facet normal -0.881921 -0.122006 -0.455335
    outer loop
      vertex 6.246086 11.226133 9.055023
      vertex 6.246086 12.675022 8.666795
      vertex 6.440147 11.132166 8.704332
    endloop
  endfacet
  facet normal -0.995185 -0.025369 -0.094677
    outer loop
      vertex 6.600000 10.924170 7.928080
      vertex 6.559649 11.030205 8.323810
      vertex 6.570453 12.450705 7.829629
    endloop
  endfacet
  facet normal -0.956940 -0.075131 -0.280393
    outer loop
      vertex 6.559649 11.030205 8.323810
      vertex 6.440147 11.132166 8.704332
      vertex 6.440147 12.581055 8.316103
    endloop
  endfacet
  facet normal -0.881922 -0.122007 -0.455334
    outer loop
      vertex 6.440147 11.132166 8.704332
      vertex 6.246086 12.675022 8.666795
      vertex 6.440147 12.581055 8.316103
    endloop
  endfacet
  facet normal -0.773010 -0.164193 -0.612777
    outer loop
      vertex 6.246086 11.226133 9.055023
      vertex 6.000000 12.752630 8.956434
      vertex 6.246086 12.675022 8.666795
    endloop
  endfacet
  facet normal -0.995185 -0.025369 -0.094679
    outer loop
      vertex 6.559649 11.030205 8.323810
      vertex 6.559649 12.479094 7.935581
      vertex 6.570453 12.450705 7.829629
    endloop
  endfacet
  facet normal -0.956940 -0.075131 -0.280394
    outer loop
      vertex 6.559649 11.030205 8.323810
      vertex 6.440147 12.581055 8.316103
      vertex 6.559649 12.479094 7.935581
    endloop
  endfacet
  facet normal 0.773011 -0.164196 -0.612776
    outer loop
      vertex 2.753914 11.226133 9.055023
      vertex 2.753914 11.275505 9.041794
      vertex 3.015076 11.357868 9.349177
    endloop
  endfacet
  facet normal 0.773011 -0.164196 -0.612776
    outer loop
      vertex 2.753914 11.226133 9.055023
      vertex 3.015076 11.357868 9.349177
      vertex 3.015076 11.308496 9.362407
    endloop
  endfacet
  facet normal 0.634394 -0.200073 -0.746670
    outer loop
      vertex 3.015076 11.308496 9.362407
      vertex 3.015076 11.357868 9.349177
      vertex 3.333302 11.425463 9.601440
    endloop
  endfacet
  facet normal 0.634393 -0.200070 -0.746671
    outer loop
      vertex 3.015076 11.308496 9.362407
      vertex 3.333302 11.425463 9.601440
      vertex 3.333302 11.376090 9.614670
    endloop
  endfacet
  facet normal 0.000001 0.965926 -0.258819
    outer loop
      vertex 3.651472 11.143785 8.747695
      vertex 3.333302 11.376090 9.614670
      vertex 3.696365 11.426316 9.802118
    endloop
  endfacet
  facet normal 0.471397 -0.228258 -0.851871
    outer loop
      vertex 3.333302 11.376090 9.614670
      vertex 3.333302 11.425463 9.601440
      vertex 3.696365 11.475689 9.788889
    endloop
  endfacet
  facet normal 0.471397 -0.228258 -0.851871
    outer loop
      vertex 3.333302 11.376090 9.614670
      vertex 3.696365 11.475689 9.788889
      vertex 3.696365 11.426316 9.802118
    endloop
  endfacet
  facet normal -0.000004 0.965926 -0.258819
    outer loop
      vertex 3.651472 11.143785 8.747695
      vertex 3.696365 11.426316 9.802118
      vertex 3.833316 11.182410 8.891846
    endloop
  endfacet
  facet normal -0.000000 0.965926 -0.258818
    outer loop
      vertex 3.833316 11.182410 8.891846
      vertex 3.696365 11.426316 9.802118
      vertex 4.040780 11.211111 8.998959
    endloop
  endfacet
  facet normal -0.000001 0.965926 -0.258818
    outer loop
      vertex 4.040780 11.211111 8.998959
      vertex 3.696365 11.426316 9.802118
      vertex 4.090310 11.457246 9.917548
    endloop
  endfacet
  facet normal 0.000002 0.965926 -0.258819
    outer loop
      vertex 4.040780 11.211111 8.998959
      vertex 4.090310 11.457246 9.917548
      vertex 4.265892 11.228785 9.064919
    endloop
  endfacet
  facet normal -0.000001 0.965926 -0.258819
    outer loop
      vertex 4.265892 11.228785 9.064919
      vertex 4.090310 11.457246 9.917548
      vertex 4.500000 11.234753 9.087191
    endloop
  endfacet
  facet normal 0.290284 -0.247674 -0.924333
    outer loop
      vertex 3.696365 11.426316 9.802118
      vertex 3.696365 11.475689 9.788889
      vertex 4.090310 11.506618 9.904319
    endloop
  endfacet
  facet normal 0.290284 -0.247674 -0.924333
    outer loop
      vertex 3.696365 11.426316 9.802118
      vertex 4.090310 11.506618 9.904319
      vertex 4.090310 11.457246 9.917548
    endloop
  endfacet
  facet normal 0.098017 -0.257573 -0.961275
    outer loop
      vertex 4.090310 11.457246 9.917548
      vertex 4.090310 11.506618 9.904319
      vertex 4.500000 11.517062 9.943295
    endloop
  endfacet
  facet normal -0.000000 0.965926 -0.258819
    outer loop
      vertex 4.500000 11.234753 9.087191
      vertex 4.090310 11.457246 9.917548
      vertex 4.500000 11.467690 9.956524
    endloop
  endfacet
  facet normal 0.098017 -0.257573 -0.961275
    outer loop
      vertex 4.090310 11.457246 9.917548
      vertex 4.500000 11.517062 9.943295
      vertex 4.500000 11.467690 9.956524
    endloop
  endfacet
  facet normal 0.000001 0.965926 -0.258819
    outer loop
      vertex 4.734108 11.228785 9.064919
      vertex 4.500000 11.234753 9.087191
      vertex 4.909690 11.457246 9.917548
    endloop
  endfacet
  facet normal -0.000002 0.965926 -0.258819
    outer loop
      vertex 4.734108 11.228785 9.064919
      vertex 4.909690 11.457246 9.917548
      vertex 4.959220 11.211111 8.998959
    endloop
  endfacet
  facet normal 0.000000 0.965926 -0.258818
    outer loop
      vertex 4.959220 11.211111 8.998959
      vertex 5.303635 11.426316 9.802118
      vertex 5.166684 11.182410 8.891846
    endloop
  endfacet
  facet normal 0.000004 0.965926 -0.258819
    outer loop
      vertex 5.348528 11.143785 8.747695
      vertex 5.166684 11.182410 8.891846
      vertex 5.303635 11.426316 9.802118
    endloop
  endfacet
  facet normal 0.000001 0.965926 -0.258818
    outer loop
      vertex 4.959220 11.211111 8.998959
      vertex 4.909690 11.457246 9.917548
      vertex 5.303635 11.426316 9.802118
    endloop
  endfacet
  facet normal -0.000001 0.965926 -0.258819
    outer loop
      vertex 5.348528 11.143785 8.747695
      vertex 5.303635 11.426316 9.802118
      vertex 5.666698 11.376090 9.614670
    endloop
  endfacet
  facet normal 0.000000 0.965926 -0.258819
    outer loop
      vertex 4.500000 11.234753 9.087191
      vertex 4.500000 11.467690 9.956524
      vertex 4.909690 11.457246 9.917548
    endloop
  endfacet
  facet normal -0.098017 -0.257573 -0.961275
    outer loop
      vertex 4.500000 11.467690 9.956524
      vertex 4.909690 11.506618 9.904319
      vertex 4.909690 11.457246 9.917548
    endloop
  endfacet
  facet normal -0.290284 -0.247674 -0.924333
    outer loop
      vertex 4.909690 11.457246 9.917548
      vertex 4.909690 11.506618 9.904319
      vertex 5.303635 11.475689 9.788889
    endloop
  endfacet
  facet normal -0.290284 -0.247674 -0.924333
    outer loop
      vertex 4.909690 11.457246 9.917548
      vertex 5.303635 11.475689 9.788889
      vertex 5.303635 11.426316 9.802118
    endloop
  endfacet
  facet normal -0.471397 -0.228258 -0.851871
    outer loop
      vertex 5.303635 11.426316 9.802118
      vertex 5.303635 11.475689 9.788889
      vertex 5.666698 11.425463 9.601440
    endloop
  endfacet
  facet normal -0.098017 -0.257573 -0.961275
    outer loop
      vertex 4.500000 11.467690 9.956524
      vertex 4.500000 11.517062 9.943295
      vertex 4.909690 11.506618 9.904319
    endloop
  endfacet
  facet normal -0.634393 -0.200073 -0.746670
    outer loop
      vertex 5.666698 11.376090 9.614670
      vertex 5.984924 11.357868 9.349177
      vertex 5.984924 11.308496 9.362407
    endloop
  endfacet
  facet normal -0.634394 -0.200070 -0.746671
    outer loop
      vertex 5.666698 11.376090 9.614670
      vertex 5.666698 11.425463 9.601440
      vertex 5.984924 11.357868 9.349177
    endloop
  endfacet
  facet normal -0.773012 -0.164195 -0.612774
    outer loop
      vertex 5.984924 11.308496 9.362407
      vertex 5.984924 11.357868 9.349177
      vertex 6.000000 11.353114 9.331433
    endloop
  endfacet
  facet normal -0.773011 -0.164197 -0.612775
    outer loop
      vertex 6.246086 11.226133 9.055023
      vertex 5.984924 11.308496 9.362407
      vertex 6.000000 11.353114 9.331433
    endloop
  endfacet
  facet normal -0.471397 -0.228258 -0.851871
    outer loop
      vertex 5.303635 11.426316 9.802118
      vertex 5.666698 11.425463 9.601440
      vertex 5.666698 11.376090 9.614670
    endloop
  endfacet
  facet normal -0.773010 -0.164193 -0.612777
    outer loop
      vertex 6.246086 11.226133 9.055023
      vertex 6.000000 11.353114 9.331433
      vertex 6.000000 12.752630 8.956434
    endloop
  endfacet
  facet normal 0.751841 0.170651 0.636878
    outer loop
      vertex 110.459389 7.205878 6.801446
      vertex 110.209274 2.256879 8.422789
      vertex 110.459389 2.183064 8.147305
    endloop
  endfacet
  facet normal 0.555572 0.215200 0.803137
    outer loop
      vertex 111.059998 7.086598 6.356286
      vertex 110.744591 2.118329 7.905713
      vertex 111.059998 2.063783 7.702145
    endloop
  endfacet
  facet normal 0.442289 0.232128 0.866312
    outer loop
      vertex 111.400215 7.043174 6.194225
      vertex 111.059998 2.063783 7.702145
      vertex 111.400215 2.020360 7.540084
    endloop
  endfacet
  facet normal 0.659344 0.194591 0.726223
    outer loop
      vertex 110.744591 7.141144 6.559854
      vertex 110.459389 2.183064 8.147305
      vertex 110.744591 2.118329 7.905713
    endloop
  endfacet
  facet normal 0.831472 0.143791 0.536636
    outer loop
      vertex 110.209274 7.279694 7.076930
      vertex 109.998528 2.338513 8.727449
      vertex 110.209274 2.256879 8.422789
    endloop
  endfacet
  facet normal 0.896872 0.114473 0.427219
    outer loop
      vertex 109.998528 7.361327 7.381590
      vertex 109.886673 2.397218 8.946539
      vertex 109.998528 2.338513 8.727449
    endloop
  endfacet
  facet normal 0.321439 0.245084 0.914665
    outer loop
      vertex 111.759422 7.011615 6.076446
      vertex 111.400215 2.020360 7.540084
      vertex 111.759422 1.988801 7.422305
    endloop
  endfacet
  facet normal 0.195088 0.253846 0.947366
    outer loop
      vertex 112.131477 6.992461 6.004962
      vertex 111.759422 1.988801 7.422305
      vertex 112.131477 1.969647 7.350821
    endloop
  endfacet
  facet normal 0.065403 0.258265 0.963858
    outer loop
      vertex 112.510002 6.986040 5.980998
      vertex 112.131477 1.969647 7.350821
      vertex 112.510002 1.963225 7.326857
    endloop
  endfacet
  facet normal -0.065403 0.258265 0.963858
    outer loop
      vertex 112.888527 6.992461 6.004962
      vertex 112.510002 1.963225 7.326857
      vertex 112.888527 1.969647 7.350821
    endloop
  endfacet
  facet normal -0.195092 0.253846 0.947366
    outer loop
      vertex 113.260574 7.011615 6.076446
      vertex 112.888527 1.969647 7.350821
      vertex 113.260574 1.988801 7.422305
    endloop
  endfacet
  facet normal 0.442290 0.232128 0.866312
    outer loop
      vertex 111.400215 7.043174 6.194225
      vertex 111.059998 7.086598 6.356286
      vertex 111.059998 2.063783 7.702145
    endloop
  endfacet
  facet normal 0.321439 0.245084 0.914665
    outer loop
      vertex 111.400215 7.043174 6.194225
      vertex 111.400215 2.020360 7.540084
      vertex 111.759422 7.011615 6.076446
    endloop
  endfacet
  facet normal 0.195087 0.253846 0.947366
    outer loop
      vertex 111.759422 7.011615 6.076446
      vertex 111.759422 1.988801 7.422305
      vertex 112.131477 6.992461 6.004962
    endloop
  endfacet
  facet normal 0.065403 0.258265 0.963858
    outer loop
      vertex 112.131477 6.992461 6.004962
      vertex 112.131477 1.969647 7.350821
      vertex 112.510002 6.986040 5.980998
    endloop
  endfacet
  facet normal -0.065403 0.258265 0.963858
    outer loop
      vertex 112.510002 6.986040 5.980998
      vertex 112.510002 1.963225 7.326857
      vertex 112.888527 6.992461 6.004962
    endloop
  endfacet
  facet normal -0.195091 0.253846 0.947366
    outer loop
      vertex 112.888527 6.992461 6.004962
      vertex 112.888527 1.969647 7.350821
      vertex 113.260574 7.011615 6.076446
    endloop
  endfacet
  facet normal 0.659345 0.194591 0.726222
    outer loop
      vertex 110.459389 7.205878 6.801446
      vertex 110.459389 2.183064 8.147305
      vertex 110.744591 7.141144 6.559854
    endloop
  endfacet
  facet normal 0.831472 0.143791 0.536636
    outer loop
      vertex 110.209274 7.279694 7.076930
      vertex 109.998528 7.361327 7.381590
      vertex 109.998528 2.338513 8.727449
    endloop
  endfacet
  facet normal 0.751841 0.170651 0.636878
    outer loop
      vertex 110.459389 7.205878 6.801446
      vertex 110.209274 7.279694 7.076930
      vertex 110.209274 2.256879 8.422789
    endloop
  endfacet
  facet normal 0.555572 0.215200 0.803137
    outer loop
      vertex 111.059998 7.086598 6.356286
      vertex 110.744591 7.141144 6.559854
      vertex 110.744591 2.118329 7.905713
    endloop
  endfacet
  facet normal 0.896872 0.114473 0.427219
    outer loop
      vertex 109.886673 7.420032 7.600680
      vertex 109.886673 2.397218 8.946539
      vertex 109.998528 7.361327 7.381590
    endloop
  endfacet
  facet normal -0.321439 0.245084 0.914665
    outer loop
      vertex 113.619781 7.043174 6.194225
      vertex 113.260574 1.988801 7.422305
      vertex 113.619781 2.020360 7.540084
    endloop
  endfacet
  facet normal -0.442289 0.232128 0.866312
    outer loop
      vertex 113.959999 7.086598 6.356286
      vertex 113.619781 2.020360 7.540084
      vertex 113.959999 2.063783 7.702145
    endloop
  endfacet
  facet normal -0.555572 0.215200 0.803137
    outer loop
      vertex 114.275406 7.141144 6.559854
      vertex 113.959999 2.063783 7.702145
      vertex 114.275406 2.118329 7.905713
    endloop
  endfacet
  facet normal -0.659344 0.194591 0.726223
    outer loop
      vertex 114.560608 7.205878 6.801446
      vertex 114.275406 2.118329 7.905713
      vertex 114.560608 2.183064 8.147305
    endloop
  endfacet
  facet normal -0.751841 0.170651 0.636878
    outer loop
      vertex 114.810722 7.279694 7.076930
      vertex 114.560608 2.183064 8.147305
      vertex 114.810722 2.256879 8.422789
    endloop
  endfacet
  facet normal -0.831463 0.143795 0.536649
    outer loop
      vertex 115.021477 7.361327 7.381590
      vertex 114.810722 2.256879 8.422789
      vertex 115.021477 2.338513 8.727449
    endloop
  endfacet
  facet normal -0.896880 0.114469 0.427204
    outer loop
      vertex 115.189247 7.449382 7.710216
      vertex 115.021477 2.338513 8.727449
      vertex 115.189247 2.426568 9.056075
    endloop
  endfacet
  facet normal -0.946925 0.083199 0.310501
    outer loop
      vertex 115.311188 7.542352 8.057183
      vertex 115.189247 2.426568 9.056075
      vertex 115.311188 2.519537 9.403042
    endloop
  endfacet
  facet normal -0.321439 0.245084 0.914665
    outer loop
      vertex 113.260574 7.011615 6.076446
      vertex 113.260574 1.988801 7.422305
      vertex 113.619781 7.043174 6.194225
    endloop
  endfacet
  facet normal -0.442290 0.232128 0.866312
    outer loop
      vertex 113.619781 7.043174 6.194225
      vertex 113.619781 2.020360 7.540084
      vertex 113.959999 7.086598 6.356286
    endloop
  endfacet
  facet normal -0.555572 0.215200 0.803137
    outer loop
      vertex 113.959999 7.086598 6.356286
      vertex 113.959999 2.063783 7.702145
      vertex 114.275406 7.141144 6.559854
    endloop
  endfacet
  facet normal -0.659345 0.194591 0.726222
    outer loop
      vertex 114.275406 7.141144 6.559854
      vertex 114.275406 2.118329 7.905713
      vertex 114.560608 7.205878 6.801446
    endloop
  endfacet
  facet normal -0.751841 0.170651 0.636878
    outer loop
      vertex 114.560608 7.205878 6.801446
      vertex 114.560608 2.183064 8.147305
      vertex 114.810722 7.279694 7.076930
    endloop
  endfacet
  facet normal -0.831463 0.143795 0.536649
    outer loop
      vertex 114.810722 7.279694 7.076930
      vertex 114.810722 2.256879 8.422789
      vertex 115.021477 7.361327 7.381590
    endloop
  endfacet
  facet normal -0.896880 0.114469 0.427205
    outer loop
      vertex 115.021477 7.361327 7.381590
      vertex 115.021477 2.338513 8.727449
      vertex 115.189247 7.449382 7.710216
    endloop
  endfacet
  facet normal -0.946925 0.083198 0.310501
    outer loop
      vertex 115.189247 7.449382 7.710216
      vertex 115.189247 2.426568 9.056075
      vertex 115.311188 7.542352 8.057183
    endloop
  endfacet
  facet normal -0.980785 0.050493 0.188443
    outer loop
      vertex 115.311188 7.542352 8.057183
      vertex 115.311188 2.519537 9.403042
      vertex 115.385193 7.638646 8.416554
    endloop
  endfacet
  facet normal -0.997859 0.016928 0.063177
    outer loop
      vertex 115.385193 7.638646 8.416554
      vertex 115.385193 2.615831 9.762414
      vertex 115.410004 7.736615 8.782183
    endloop
  endfacet
  facet normal 0.831617 -0.143735 -0.536427
    outer loop
      vertex 110.205002 8.191879 10.481256
      vertex 110.209274 3.170722 11.833295
      vertex 110.205002 3.169066 11.827115
    endloop
  endfacet
  facet normal 0.751841 -0.170651 -0.636878
    outer loop
      vertex 110.209274 8.193536 10.487436
      vertex 110.459389 3.244538 12.108779
      vertex 110.209274 3.170722 11.833295
    endloop
  endfacet
  facet normal 0.659345 -0.194591 -0.726222
    outer loop
      vertex 110.459389 8.267351 10.762919
      vertex 110.744591 3.309272 12.350371
      vertex 110.459389 3.244538 12.108779
    endloop
  endfacet
  facet normal 0.555571 -0.215200 -0.803137
    outer loop
      vertex 110.744591 8.332086 11.004512
      vertex 111.059998 3.363818 12.553939
      vertex 110.744591 3.309272 12.350371
    endloop
  endfacet
  facet normal 0.442290 -0.232127 -0.866312
    outer loop
      vertex 111.059998 8.386632 11.208080
      vertex 111.400215 3.407242 12.716000
      vertex 111.059998 3.363818 12.553939
    endloop
  endfacet
  facet normal 0.321438 -0.245084 -0.914665
    outer loop
      vertex 111.400215 8.430056 11.370140
      vertex 111.759422 3.438801 12.833778
      vertex 111.400215 3.407242 12.716000
    endloop
  endfacet
  facet normal 0.831659 -0.143719 -0.536366
    outer loop
      vertex 110.209274 8.193536 10.487436
      vertex 110.209274 3.170722 11.833295
      vertex 110.205002 8.191879 10.481256
    endloop
  endfacet
  facet normal 0.751840 -0.170651 -0.636879
    outer loop
      vertex 110.209274 8.193536 10.487436
      vertex 110.459389 8.267351 10.762919
      vertex 110.459389 3.244538 12.108779
    endloop
  endfacet
  facet normal 0.659345 -0.194591 -0.726222
    outer loop
      vertex 110.459389 8.267351 10.762919
      vertex 110.744591 8.332086 11.004512
      vertex 110.744591 3.309272 12.350371
    endloop
  endfacet
  facet normal 0.555573 -0.215200 -0.803136
    outer loop
      vertex 110.744591 8.332086 11.004512
      vertex 111.059998 8.386632 11.208080
      vertex 111.059998 3.363818 12.553939
    endloop
  endfacet
  facet normal 0.442288 -0.232128 -0.866313
    outer loop
      vertex 111.059998 8.386632 11.208080
      vertex 111.400215 8.430056 11.370140
      vertex 111.400215 3.407242 12.716000
    endloop
  endfacet
  facet normal 0.195088 -0.253846 -0.947366
    outer loop
      vertex 111.759422 8.461615 11.487920
      vertex 112.131477 3.457955 12.905262
      vertex 111.759422 3.438801 12.833778
    endloop
  endfacet
  facet normal 0.065404 -0.258265 -0.963858
    outer loop
      vertex 112.131477 8.480768 11.559403
      vertex 112.510002 3.464376 12.929227
      vertex 112.131477 3.457955 12.905262
    endloop
  endfacet
  facet normal -0.065404 -0.258265 -0.963858
    outer loop
      vertex 112.510002 8.487189 11.583367
      vertex 112.888527 3.457955 12.905262
      vertex 112.510002 3.464376 12.929227
    endloop
  endfacet
  facet normal -0.195092 -0.253846 -0.947366
    outer loop
      vertex 112.888527 8.480768 11.559403
      vertex 113.260574 3.438801 12.833778
      vertex 112.888527 3.457955 12.905262
    endloop
  endfacet
  facet normal 0.321440 -0.245083 -0.914664
    outer loop
      vertex 111.400215 8.430056 11.370140
      vertex 111.759422 8.461615 11.487920
      vertex 111.759422 3.438801 12.833778
    endloop
  endfacet
  facet normal 0.195087 -0.253846 -0.947366
    outer loop
      vertex 111.759422 8.461615 11.487920
      vertex 112.131477 8.480768 11.559403
      vertex 112.131477 3.457955 12.905262
    endloop
  endfacet
  facet normal 0.065402 -0.258265 -0.963858
    outer loop
      vertex 112.131477 8.480768 11.559403
      vertex 112.510002 8.487189 11.583367
      vertex 112.510002 3.464376 12.929227
    endloop
  endfacet
  facet normal -0.065402 -0.258265 -0.963858
    outer loop
      vertex 112.510002 8.487189 11.583367
      vertex 112.888527 8.480768 11.559403
      vertex 112.888527 3.457955 12.905262
    endloop
  endfacet
  facet normal -0.195091 -0.253846 -0.947366
    outer loop
      vertex 112.888527 8.480768 11.559403
      vertex 113.260574 8.461615 11.487920
      vertex 113.260574 3.438801 12.833778
    endloop
  endfacet
  facet normal -0.896879 -0.114469 -0.427205
    outer loop
      vertex 115.021477 8.111902 10.182775
      vertex 115.189247 3.001033 11.200009
      vertex 115.021477 3.089088 11.528634
    endloop
  endfacet
  facet normal -0.831463 -0.143795 -0.536649
    outer loop
      vertex 114.810722 8.193536 10.487436
      vertex 115.021477 3.089088 11.528634
      vertex 114.810722 3.170722 11.833295
    endloop
  endfacet
  facet normal -0.980785 0.050493 0.188443
    outer loop
      vertex 115.385193 7.638646 8.416554
      vertex 115.311188 2.519537 9.403042
      vertex 115.385193 2.615831 9.762414
    endloop
  endfacet
  facet normal -0.997859 0.016928 0.063177
    outer loop
      vertex 115.410004 7.736615 8.782183
      vertex 115.385193 2.615831 9.762414
      vertex 115.410004 2.713801 10.128042
    endloop
  endfacet
  facet normal -0.997859 -0.016928 -0.063177
    outer loop
      vertex 115.385193 7.834585 9.147811
      vertex 115.410004 2.713801 10.128042
      vertex 115.385193 2.811770 10.493670
    endloop
  endfacet
  facet normal -0.980785 -0.050493 -0.188443
    outer loop
      vertex 115.311188 7.930878 9.507183
      vertex 115.385193 2.811770 10.493670
      vertex 115.311188 2.908064 10.853042
    endloop
  endfacet
  facet normal -0.946925 -0.083198 -0.310501
    outer loop
      vertex 115.189247 8.023848 9.854150
      vertex 115.311188 2.908064 10.853042
      vertex 115.189247 3.001033 11.200009
    endloop
  endfacet
  facet normal -0.321438 -0.245084 -0.914665
    outer loop
      vertex 113.260574 8.461615 11.487920
      vertex 113.619781 3.407242 12.716000
      vertex 113.260574 3.438801 12.833778
    endloop
  endfacet
  facet normal -0.442290 -0.232128 -0.866312
    outer loop
      vertex 113.619781 8.430056 11.370140
      vertex 113.959999 3.363818 12.553939
      vertex 113.619781 3.407242 12.716000
    endloop
  endfacet
  facet normal -0.555571 -0.215200 -0.803137
    outer loop
      vertex 113.959999 8.386632 11.208080
      vertex 114.275406 3.309272 12.350371
      vertex 113.959999 3.363818 12.553939
    endloop
  endfacet
  facet normal -0.751841 -0.170651 -0.636878
    outer loop
      vertex 114.560608 8.267351 10.762919
      vertex 114.810722 3.170722 11.833295
      vertex 114.560608 3.244538 12.108779
    endloop
  endfacet
  facet normal -0.659345 -0.194591 -0.726222
    outer loop
      vertex 114.275406 8.332086 11.004512
      vertex 114.560608 3.244538 12.108779
      vertex 114.275406 3.309272 12.350371
    endloop
  endfacet
  facet normal -0.896880 -0.114469 -0.427204
    outer loop
      vertex 115.189247 8.023848 9.854150
      vertex 115.189247 3.001033 11.200009
      vertex 115.021477 8.111902 10.182775
    endloop
  endfacet
  facet normal -0.831463 -0.143795 -0.536649
    outer loop
      vertex 115.021477 8.111902 10.182775
      vertex 115.021477 3.089088 11.528634
      vertex 114.810722 8.193536 10.487436
    endloop
  endfacet
  facet normal -0.659345 -0.194591 -0.726222
    outer loop
      vertex 114.560608 8.267351 10.762919
      vertex 114.560608 3.244538 12.108779
      vertex 114.275406 8.332086 11.004512
    endloop
  endfacet
  facet normal -0.751840 -0.170651 -0.636879
    outer loop
      vertex 114.560608 8.267351 10.762919
      vertex 114.810722 8.193536 10.487436
      vertex 114.810722 3.170722 11.833295
    endloop
  endfacet
  facet normal -0.997859 -0.016928 -0.063177
    outer loop
      vertex 115.410004 7.736615 8.782183
      vertex 115.410004 2.713801 10.128042
      vertex 115.385193 7.834585 9.147811
    endloop
  endfacet
  facet normal -0.980785 -0.050493 -0.188443
    outer loop
      vertex 115.385193 7.834585 9.147811
      vertex 115.385193 2.811770 10.493670
      vertex 115.311188 7.930878 9.507183
    endloop
  endfacet
  facet normal -0.946925 -0.083199 -0.310501
    outer loop
      vertex 115.311188 7.930878 9.507183
      vertex 115.311188 2.908064 10.853042
      vertex 115.189247 8.023848 9.854150
    endloop
  endfacet
  facet normal -0.321440 -0.245084 -0.914664
    outer loop
      vertex 113.260574 8.461615 11.487920
      vertex 113.619781 8.430056 11.370140
      vertex 113.619781 3.407242 12.716000
    endloop
  endfacet
  facet normal -0.555573 -0.215200 -0.803136
    outer loop
      vertex 113.959999 8.386632 11.208080
      vertex 114.275406 8.332086 11.004512
      vertex 114.275406 3.309272 12.350371
    endloop
  endfacet
  facet normal -0.442288 -0.232128 -0.866313
    outer loop
      vertex 113.959999 8.386632 11.208080
      vertex 113.959999 3.363818 12.553939
      vertex 113.619781 8.430056 11.370140
    endloop
  endfacet
  facet normal -0.000000 -0.965926 0.258819
    outer loop
      vertex 111.400215 7.043174 6.194225
      vertex 111.759422 7.011615 6.076446
      vertex 111.843315 7.478375 7.818417
    endloop
  endfacet
  facet normal 0.000001 -0.965926 0.258819
    outer loop
      vertex 111.759422 7.011615 6.076446
      vertex 112.131477 6.992461 6.004962
      vertex 112.275894 7.432000 7.645344
    endloop
  endfacet
  facet normal -0.000001 -0.965926 0.258819
    outer loop
      vertex 112.131477 6.992461 6.004962
      vertex 112.510002 6.986040 5.980998
      vertex 112.510002 7.426032 7.623072
    endloop
  endfacet
  facet normal 0.000001 -0.965926 0.258819
    outer loop
      vertex 112.510002 6.986040 5.980998
      vertex 112.888527 6.992461 6.004962
      vertex 112.744110 7.432000 7.645344
    endloop
  endfacet
  facet normal -0.000001 -0.965926 0.258819
    outer loop
      vertex 112.888527 6.992461 6.004962
      vertex 113.260574 7.011615 6.076446
      vertex 113.176682 7.478375 7.818417
    endloop
  endfacet
  facet normal 0.000001 -0.965926 0.258819
    outer loop
      vertex 110.209274 7.279694 7.076930
      vertex 110.102776 7.555065 8.104628
      vertex 109.998528 7.361327 7.381590
    endloop
  endfacet
  facet normal 0.000001 -0.965926 0.258819
    outer loop
      vertex 109.886673 7.420032 7.600680
      vertex 109.998528 7.361327 7.381590
      vertex 110.102776 7.555065 8.104628
    endloop
  endfacet
  facet normal -0.000001 -0.965926 0.258819
    outer loop
      vertex 111.400215 7.043174 6.194225
      vertex 111.401344 7.617760 8.338611
      vertex 111.059998 7.086598 6.356286
    endloop
  endfacet
  facet normal -0.000001 -0.965926 0.258819
    outer loop
      vertex 111.400215 7.043174 6.194225
      vertex 111.661469 7.517000 7.962567
      vertex 111.512238 7.564065 8.138215
    endloop
  endfacet
  facet normal 0.000001 -0.965926 0.258819
    outer loop
      vertex 111.400215 7.043174 6.194225
      vertex 111.512238 7.564065 8.138215
      vertex 111.401344 7.617760 8.338611
    endloop
  endfacet
  facet normal 0.000002 -0.965926 0.258819
    outer loop
      vertex 111.059998 7.086598 6.356286
      vertex 111.401344 7.617760 8.338611
      vertex 111.333061 7.676023 8.556051
    endloop
  endfacet
  facet normal 0.000000 -0.965926 0.258819
    outer loop
      vertex 111.059998 7.086598 6.356286
      vertex 111.333061 7.676023 8.556051
      vertex 111.309998 7.736615 8.782183
    endloop
  endfacet
  facet normal 0.000000 -0.965926 0.258819
    outer loop
      vertex 110.209274 7.279694 7.076930
      vertex 110.205002 7.756027 8.854628
      vertex 110.102776 7.555065 8.104628
    endloop
  endfacet
  facet normal 0.000001 -0.965926 0.258819
    outer loop
      vertex 110.459389 7.205878 6.801446
      vertex 110.459389 8.267351 10.762919
      vertex 110.209274 7.279694 7.076930
    endloop
  endfacet
  facet normal -0.000000 -0.965926 0.258819
    outer loop
      vertex 110.459389 7.205878 6.801446
      vertex 110.744591 7.141144 6.559854
      vertex 110.744591 8.332086 11.004512
    endloop
  endfacet
  facet normal -0.000000 -0.965926 0.258819
    outer loop
      vertex 111.059998 7.086598 6.356286
      vertex 111.059998 8.386632 11.208080
      vertex 110.744591 7.141144 6.559854
    endloop
  endfacet
  facet normal 0.000010 -0.965926 0.258818
    outer loop
      vertex 111.059998 7.086598 6.356286
      vertex 111.309998 7.736615 8.782183
      vertex 111.333061 7.797206 9.008314
    endloop
  endfacet
  facet normal -0.000125 -0.965926 0.258819
    outer loop
      vertex 110.209274 7.279694 7.076930
      vertex 110.209274 8.193536 10.487436
      vertex 110.205002 7.756027 8.854628
    endloop
  endfacet
  facet normal -0.000001 -0.965926 0.258819
    outer loop
      vertex 111.059998 7.086598 6.356286
      vertex 111.333061 7.797206 9.008314
      vertex 111.400215 8.430056 11.370140
    endloop
  endfacet
  facet normal 0.000001 -0.965926 0.258819
    outer loop
      vertex 111.400215 7.043174 6.194225
      vertex 111.843315 7.478375 7.818417
      vertex 111.661469 7.517000 7.962567
    endloop
  endfacet
  facet normal -0.000002 -0.965926 0.258819
    outer loop
      vertex 111.759422 7.011615 6.076446
      vertex 112.050781 7.449674 7.711304
      vertex 111.843315 7.478375 7.818417
    endloop
  endfacet
  facet normal 0.000001 -0.965926 0.258819
    outer loop
      vertex 112.131477 6.992461 6.004962
      vertex 112.510002 7.426032 7.623072
      vertex 112.275894 7.432000 7.645344
    endloop
  endfacet
  facet normal -0.000000 -0.965926 0.258819
    outer loop
      vertex 111.759422 7.011615 6.076446
      vertex 112.275894 7.432000 7.645344
      vertex 112.050781 7.449674 7.711304
    endloop
  endfacet
  facet normal -0.000001 -0.965926 0.258819
    outer loop
      vertex 112.510002 6.986040 5.980998
      vertex 112.744110 7.432000 7.645344
      vertex 112.510002 7.426032 7.623072
    endloop
  endfacet
  facet normal 0.000000 -0.965926 0.258819
    outer loop
      vertex 112.888527 6.992461 6.004962
      vertex 112.969223 7.449674 7.711304
      vertex 112.744110 7.432000 7.645344
    endloop
  endfacet
  facet normal 0.000002 -0.965926 0.258819
    outer loop
      vertex 112.888527 6.992461 6.004962
      vertex 113.176682 7.478375 7.818417
      vertex 112.969223 7.449674 7.711304
    endloop
  endfacet
  facet normal -0.000001 -0.965926 0.258819
    outer loop
      vertex 113.260574 7.011615 6.076446
      vertex 113.358528 7.517000 7.962567
      vertex 113.176682 7.478375 7.818417
    endloop
  endfacet
  facet normal 0.000000 -0.965926 0.258819
    outer loop
      vertex 113.260574 7.011615 6.076446
      vertex 113.619781 7.043174 6.194225
      vertex 113.507767 7.564065 8.138215
    endloop
  endfacet
  facet normal 0.000001 -0.965926 0.258819
    outer loop
      vertex 113.260574 7.011615 6.076446
      vertex 113.507767 7.564065 8.138215
      vertex 113.358528 7.517000 7.962567
    endloop
  endfacet
  facet normal -0.000001 -0.965926 0.258819
    outer loop
      vertex 113.619781 7.043174 6.194225
      vertex 113.618652 7.617760 8.338611
      vertex 113.507767 7.564065 8.138215
    endloop
  endfacet
  facet normal -0.000003 -0.965926 0.258819
    outer loop
      vertex 113.619781 7.043174 6.194225
      vertex 113.686943 7.676023 8.556051
      vertex 113.618652 7.617760 8.338611
    endloop
  endfacet
  facet normal 0.000001 -0.965926 0.258819
    outer loop
      vertex 113.619781 7.043174 6.194225
      vertex 113.959999 7.086598 6.356286
      vertex 113.959999 8.386632 11.208080
    endloop
  endfacet
  facet normal 0.000000 -0.965926 0.258819
    outer loop
      vertex 113.959999 7.086598 6.356286
      vertex 114.275406 7.141144 6.559854
      vertex 114.275406 8.332086 11.004512
    endloop
  endfacet
  facet normal 0.000000 -0.965926 0.258819
    outer loop
      vertex 114.275406 7.141144 6.559854
      vertex 114.560608 7.205878 6.801446
      vertex 114.560608 8.267351 10.762919
    endloop
  endfacet
  facet normal -0.000001 -0.965926 0.258819
    outer loop
      vertex 114.560608 7.205878 6.801446
      vertex 114.810722 7.279694 7.076930
      vertex 114.810722 8.193536 10.487436
    endloop
  endfacet
  facet normal -0.000000 -0.965926 0.258819
    outer loop
      vertex 114.810722 7.279694 7.076930
      vertex 115.021477 7.361327 7.381590
      vertex 115.021477 8.111902 10.182775
    endloop
  endfacet
  facet normal 0.000002 -0.965926 0.258819
    outer loop
      vertex 115.021477 7.361327 7.381590
      vertex 115.189247 7.449382 7.710216
      vertex 115.189247 8.023848 9.854150
    endloop
  endfacet
  facet normal 0.000000 -0.965926 0.258819
    outer loop
      vertex 113.619781 7.043174 6.194225
      vertex 113.959999 8.386632 11.208080
      vertex 113.686943 7.676023 8.556051
    endloop
  endfacet
  facet normal 0.000002 -0.965926 0.258819
    outer loop
      vertex 115.189247 7.449382 7.710216
      vertex 115.311188 7.542352 8.057183
      vertex 115.311188 7.930878 9.507183
    endloop
  endfacet
  facet normal 0.000006 -0.965926 0.258818
    outer loop
      vertex 115.311188 7.542352 8.057183
      vertex 115.385193 7.638646 8.416554
      vertex 115.385193 7.834585 9.147811
    endloop
  endfacet
  facet normal -0.000019 -0.965926 0.258818
    outer loop
      vertex 115.385193 7.638646 8.416554
      vertex 115.410004 7.736615 8.782183
      vertex 115.385193 7.834585 9.147811
    endloop
  endfacet
  facet normal -0.000001 -0.965926 0.258819
    outer loop
      vertex 115.311188 7.542352 8.057183
      vertex 115.385193 7.834585 9.147811
      vertex 115.311188 7.930878 9.507183
    endloop
  endfacet
  facet normal 0.000000 -0.965926 0.258819
    outer loop
      vertex 115.189247 7.449382 7.710216
      vertex 115.311188 7.930878 9.507183
      vertex 115.189247 8.023848 9.854150
    endloop
  endfacet
  facet normal -0.000000 -0.965926 0.258819
    outer loop
      vertex 110.209274 7.279694 7.076930
      vertex 110.459389 8.267351 10.762919
      vertex 110.209274 8.193536 10.487436
    endloop
  endfacet
  facet normal 0.000000 -0.965926 0.258819
    outer loop
      vertex 110.459389 7.205878 6.801446
      vertex 110.744591 8.332086 11.004512
      vertex 110.459389 8.267351 10.762919
    endloop
  endfacet
  facet normal 0.000092 -0.965926 0.258818
    outer loop
      vertex 110.205002 7.756027 8.854628
      vertex 110.209274 8.193536 10.487436
      vertex 110.205002 8.191879 10.481256
    endloop
  endfacet
  facet normal 0.000001 -0.965926 0.258819
    outer loop
      vertex 110.744591 7.141144 6.559854
      vertex 111.059998 8.386632 11.208080
      vertex 110.744591 8.332086 11.004512
    endloop
  endfacet
  facet normal -0.000000 -0.965926 0.258819
    outer loop
      vertex 111.059998 7.086598 6.356286
      vertex 111.400215 8.430056 11.370140
      vertex 111.059998 8.386632 11.208080
    endloop
  endfacet
  facet normal 0.000008 -0.965926 0.258819
    outer loop
      vertex 111.333061 7.797206 9.008314
      vertex 111.401344 7.855470 9.225756
      vertex 111.400215 8.430056 11.370140
    endloop
  endfacet
  facet normal 0.000001 -0.965926 0.258819
    outer loop
      vertex 111.401344 7.855470 9.225756
      vertex 111.512238 7.909166 9.426150
      vertex 111.400215 8.430056 11.370140
    endloop
  endfacet
  facet normal 0.000001 -0.965926 0.258819
    outer loop
      vertex 111.512238 7.909166 9.426150
      vertex 111.661469 7.956231 9.601798
      vertex 111.759422 8.461615 11.487920
    endloop
  endfacet
  facet normal -0.000001 -0.965926 0.258819
    outer loop
      vertex 111.661469 7.956231 9.601798
      vertex 111.843315 7.994855 9.745949
      vertex 111.759422 8.461615 11.487920
    endloop
  endfacet
  facet normal 0.000000 -0.965926 0.258819
    outer loop
      vertex 111.512238 7.909166 9.426150
      vertex 111.759422 8.461615 11.487920
      vertex 111.400215 8.430056 11.370140
    endloop
  endfacet
  facet normal -0.000002 -0.965926 0.258819
    outer loop
      vertex 111.843315 7.994855 9.745949
      vertex 112.050781 8.023556 9.853062
      vertex 112.131477 8.480768 11.559403
    endloop
  endfacet
  facet normal -0.000002 -0.965926 0.258819
    outer loop
      vertex 112.050781 8.023556 9.853062
      vertex 112.275894 8.041229 9.919022
      vertex 112.131477 8.480768 11.559403
    endloop
  endfacet
  facet normal 0.000001 -0.965926 0.258819
    outer loop
      vertex 112.275894 8.041229 9.919022
      vertex 112.510002 8.047197 9.941294
      vertex 112.510002 8.487189 11.583367
    endloop
  endfacet
  facet normal -0.000001 -0.965926 0.258819
    outer loop
      vertex 111.843315 7.994855 9.745949
      vertex 112.131477 8.480768 11.559403
      vertex 111.759422 8.461615 11.487920
    endloop
  endfacet
  facet normal -0.000000 -0.965926 0.258819
    outer loop
      vertex 112.275894 8.041229 9.919022
      vertex 112.510002 8.487189 11.583367
      vertex 112.131477 8.480768 11.559403
    endloop
  endfacet
  facet normal -0.000001 -0.965926 0.258819
    outer loop
      vertex 112.744110 8.041229 9.919022
      vertex 112.888527 8.480768 11.559403
      vertex 112.510002 8.047197 9.941294
    endloop
  endfacet
  facet normal 0.000002 -0.965926 0.258819
    outer loop
      vertex 112.744110 8.041229 9.919022
      vertex 112.969223 8.023556 9.853062
      vertex 113.260574 8.461615 11.487920
    endloop
  endfacet
  facet normal 0.000002 -0.965926 0.258819
    outer loop
      vertex 112.969223 8.023556 9.853062
      vertex 113.176682 7.994855 9.745949
      vertex 113.260574 8.461615 11.487920
    endloop
  endfacet
  facet normal 0.000000 -0.965926 0.258819
    outer loop
      vertex 112.510002 8.047197 9.941294
      vertex 112.888527 8.480768 11.559403
      vertex 112.510002 8.487189 11.583367
    endloop
  endfacet
  facet normal -0.000000 -0.965926 0.258819
    outer loop
      vertex 113.176682 7.994855 9.745949
      vertex 113.619781 8.430056 11.370140
      vertex 113.260574 8.461615 11.487920
    endloop
  endfacet
  facet normal 0.000001 -0.965926 0.258819
    outer loop
      vertex 112.744110 8.041229 9.919022
      vertex 113.260574 8.461615 11.487920
      vertex 112.888527 8.480768 11.559403
    endloop
  endfacet
  facet normal 0.000136 -0.965929 0.258806
    outer loop
      vertex 113.686943 7.676023 8.556051
      vertex 113.959999 8.386632 11.208080
      vertex 113.709999 7.736615 8.782183
    endloop
  endfacet
  facet normal -0.000001 -0.965926 0.258819
    outer loop
      vertex 113.959999 7.086598 6.356286
      vertex 114.275406 8.332086 11.004512
      vertex 113.959999 8.386632 11.208080
    endloop
  endfacet
  facet normal 0.000001 -0.965926 0.258819
    outer loop
      vertex 113.709999 7.736615 8.782183
      vertex 113.959999 8.386632 11.208080
      vertex 113.686943 7.797206 9.008314
    endloop
  endfacet
  facet normal -0.000005 -0.965926 0.258820
    outer loop
      vertex 113.686943 7.797206 9.008314
      vertex 113.959999 8.386632 11.208080
      vertex 113.618652 7.855470 9.225756
    endloop
  endfacet
  facet normal -0.000001 -0.965926 0.258819
    outer loop
      vertex 113.618652 7.855470 9.225756
      vertex 113.619781 8.430056 11.370140
      vertex 113.507767 7.909166 9.426150
    endloop
  endfacet
  facet normal -0.000001 -0.965926 0.258819
    outer loop
      vertex 113.507767 7.909166 9.426150
      vertex 113.619781 8.430056 11.370140
      vertex 113.358528 7.956231 9.601798
    endloop
  endfacet
  facet normal 0.000000 -0.965926 0.258819
    outer loop
      vertex 114.560608 7.205878 6.801446
      vertex 114.810722 8.193536 10.487436
      vertex 114.560608 8.267351 10.762919
    endloop
  endfacet
  facet normal -0.000000 -0.965926 0.258819
    outer loop
      vertex 114.275406 7.141144 6.559854
      vertex 114.560608 8.267351 10.762919
      vertex 114.275406 8.332086 11.004512
    endloop
  endfacet
  facet normal 0.000000 -0.965926 0.258819
    outer loop
      vertex 114.810722 7.279694 7.076930
      vertex 115.021477 8.111902 10.182775
      vertex 114.810722 8.193536 10.487436
    endloop
  endfacet
  facet normal 0.000002 -0.965926 0.258819
    outer loop
      vertex 115.021477 7.361327 7.381590
      vertex 115.189247 8.023848 9.854150
      vertex 115.021477 8.111902 10.182775
    endloop
  endfacet
  facet normal 0.000001 -0.965926 0.258818
    outer loop
      vertex 113.176682 7.994855 9.745949
      vertex 113.358528 7.956231 9.601798
      vertex 113.619781 8.430056 11.370140
    endloop
  endfacet
  facet normal 0.000000 -0.965926 0.258819
    outer loop
      vertex 113.618652 7.855470 9.225756
      vertex 113.959999 8.386632 11.208080
      vertex 113.619781 8.430056 11.370140
    endloop
  endfacet
  facet normal 0.098018 0.257573 0.961275
    outer loop
      vertex 112.275894 7.432000 7.645344
      vertex 112.510002 7.426032 7.623072
      vertex 112.275894 10.619555 6.791241
    endloop
  endfacet
  facet normal 0.290283 0.247674 0.924334
    outer loop
      vertex 112.275894 7.432000 7.645344
      vertex 112.050781 10.637229 6.857201
      vertex 112.050781 7.449674 7.711304
    endloop
  endfacet
  facet normal -0.098018 0.257573 0.961275
    outer loop
      vertex 112.510002 7.426032 7.623072
      vertex 112.744110 7.432000 7.645344
      vertex 112.510002 10.613586 6.768969
    endloop
  endfacet
  facet normal -0.290283 0.247674 0.924334
    outer loop
      vertex 112.744110 7.432000 7.645344
      vertex 112.969223 7.449674 7.711304
      vertex 112.744110 10.619555 6.791241
    endloop
  endfacet
  facet normal 0.881919 0.122007 0.455338
    outer loop
      vertex 111.512238 7.564065 8.138215
      vertex 111.401344 10.805315 7.484508
      vertex 111.401344 7.617760 8.338611
    endloop
  endfacet
  facet normal 0.956945 0.075128 0.280380
    outer loop
      vertex 111.401344 7.617760 8.338611
      vertex 111.333061 10.863578 7.701949
      vertex 111.333061 7.676023 8.556051
    endloop
  endfacet
  facet normal 0.995182 0.025375 0.094702
    outer loop
      vertex 111.333061 7.676023 8.556051
      vertex 111.309998 10.924170 7.928080
      vertex 111.309998 7.736615 8.782183
    endloop
  endfacet
  facet normal 0.995182 -0.025375 -0.094702
    outer loop
      vertex 111.309998 7.736615 8.782183
      vertex 111.333061 10.984761 8.154211
      vertex 111.333061 7.797206 9.008314
    endloop
  endfacet
  facet normal 0.956945 -0.075127 -0.280379
    outer loop
      vertex 111.333061 7.797206 9.008314
      vertex 111.401344 11.043025 8.371653
      vertex 111.401344 7.855470 9.225756
    endloop
  endfacet
  facet normal 0.881919 -0.122008 -0.455339
    outer loop
      vertex 111.512238 11.096721 8.572047
      vertex 111.512238 7.909166 9.426150
      vertex 111.401344 7.855470 9.225756
    endloop
  endfacet
  facet normal 0.881919 0.122008 0.455338
    outer loop
      vertex 111.512238 7.564065 8.138215
      vertex 111.512238 10.751619 7.284112
      vertex 111.401344 10.805315 7.484508
    endloop
  endfacet
  facet normal 0.956945 0.075127 0.280379
    outer loop
      vertex 111.401344 7.617760 8.338611
      vertex 111.401344 10.805315 7.484508
      vertex 111.333061 10.863578 7.701949
    endloop
  endfacet
  facet normal 0.995182 0.025375 0.094702
    outer loop
      vertex 111.333061 7.676023 8.556051
      vertex 111.333061 10.863578 7.701949
      vertex 111.309998 10.924170 7.928080
    endloop
  endfacet
  facet normal 0.995182 -0.025375 -0.094702
    outer loop
      vertex 111.309998 7.736615 8.782183
      vertex 111.309998 10.924170 7.928080
      vertex 111.333061 10.984761 8.154211
    endloop
  endfacet
  facet normal 0.956945 -0.075127 -0.280379
    outer loop
      vertex 111.333061 7.797206 9.008314
      vertex 111.333061 10.984761 8.154211
      vertex 111.401344 11.043025 8.371653
    endloop
  endfacet
  facet normal 0.881919 -0.122008 -0.455339
    outer loop
      vertex 111.401344 11.043025 8.371653
      vertex 111.512238 11.096721 8.572047
      vertex 111.401344 7.855470 9.225756
    endloop
  endfacet
  facet normal 0.634387 0.200071 0.746676
    outer loop
      vertex 111.843315 7.478375 7.818417
      vertex 111.661469 10.704555 7.108465
      vertex 111.661469 7.517000 7.962567
    endloop
  endfacet
  facet normal 0.471394 0.228258 0.851872
    outer loop
      vertex 111.843315 7.478375 7.818417
      vertex 112.050781 7.449674 7.711304
      vertex 111.843315 10.665930 6.964314
    endloop
  endfacet
  facet normal 0.773020 0.164190 0.612766
    outer loop
      vertex 111.512238 7.564065 8.138215
      vertex 111.661469 7.517000 7.962567
      vertex 111.512238 10.751619 7.284112
    endloop
  endfacet
  facet normal -0.471407 0.228257 0.851865
    outer loop
      vertex 112.969223 7.449674 7.711304
      vertex 113.176682 7.478375 7.818417
      vertex 112.969223 10.637229 6.857201
    endloop
  endfacet
  facet normal -0.634387 0.200071 0.746676
    outer loop
      vertex 113.176682 7.478375 7.818417
      vertex 113.358528 7.517000 7.962567
      vertex 113.176682 10.665930 6.964314
    endloop
  endfacet
  facet normal 0.471393 0.228258 0.851872
    outer loop
      vertex 112.050781 7.449674 7.711304
      vertex 112.050781 10.637229 6.857201
      vertex 111.843315 10.665930 6.964314
    endloop
  endfacet
  facet normal 0.634387 0.200071 0.746676
    outer loop
      vertex 111.843315 7.478375 7.818417
      vertex 111.843315 10.665930 6.964314
      vertex 111.661469 10.704555 7.108465
    endloop
  endfacet
  facet normal 0.098018 0.257573 0.961275
    outer loop
      vertex 112.510002 7.426032 7.623072
      vertex 112.510002 10.613586 6.768969
      vertex 112.275894 10.619555 6.791241
    endloop
  endfacet
  facet normal 0.290283 0.247674 0.924334
    outer loop
      vertex 112.275894 7.432000 7.645344
      vertex 112.275894 10.619555 6.791241
      vertex 112.050781 10.637229 6.857201
    endloop
  endfacet
  facet normal 0.773020 0.164190 0.612766
    outer loop
      vertex 111.661469 7.517000 7.962567
      vertex 111.661469 10.704555 7.108465
      vertex 111.512238 10.751619 7.284112
    endloop
  endfacet
  facet normal -0.098018 0.257573 0.961275
    outer loop
      vertex 112.744110 7.432000 7.645344
      vertex 112.744110 10.619555 6.791241
      vertex 112.510002 10.613586 6.768969
    endloop
  endfacet
  facet normal -0.290283 0.247674 0.924334
    outer loop
      vertex 112.969223 7.449674 7.711304
      vertex 112.969223 10.637229 6.857201
      vertex 112.744110 10.619555 6.791241
    endloop
  endfacet
  facet normal -0.471407 0.228257 0.851865
    outer loop
      vertex 113.176682 7.478375 7.818417
      vertex 113.176682 10.665930 6.964314
      vertex 112.969223 10.637229 6.857201
    endloop
  endfacet
  facet normal -0.634387 0.200071 0.746676
    outer loop
      vertex 113.358528 7.517000 7.962567
      vertex 113.358528 10.704555 7.108465
      vertex 113.176682 10.665930 6.964314
    endloop
  endfacet
  facet normal 0.773019 -0.164190 -0.612766
    outer loop
      vertex 111.512238 11.096721 8.572047
      vertex 111.661469 11.143785 8.747695
      vertex 111.512238 7.909166 9.426150
    endloop
  endfacet
  facet normal -0.773004 0.164195 0.612785
    outer loop
      vertex 113.358528 7.517000 7.962567
      vertex 113.507767 7.564065 8.138215
      vertex 113.358528 10.704555 7.108465
    endloop
  endfacet
  facet normal -0.881933 0.122001 0.455313
    outer loop
      vertex 113.507767 7.564065 8.138215
      vertex 113.618652 7.617760 8.338611
      vertex 113.507767 10.751619 7.284112
    endloop
  endfacet
  facet normal -0.956936 0.075135 0.280409
    outer loop
      vertex 113.618652 7.617760 8.338611
      vertex 113.686943 7.676023 8.556051
      vertex 113.618652 10.805315 7.484508
    endloop
  endfacet
  facet normal -0.995185 0.025367 0.094671
    outer loop
      vertex 113.686943 7.676023 8.556051
      vertex 113.709999 7.736615 8.782183
      vertex 113.686943 10.863578 7.701949
    endloop
  endfacet
  facet normal -0.995185 -0.025367 -0.094671
    outer loop
      vertex 113.709999 7.736615 8.782183
      vertex 113.686943 7.797206 9.008314
      vertex 113.709999 10.924170 7.928080
    endloop
  endfacet
  facet normal -0.881932 -0.122001 -0.455315
    outer loop
      vertex 113.618652 11.043025 8.371653
      vertex 113.618652 7.855470 9.225756
      vertex 113.507767 7.909166 9.426150
    endloop
  endfacet
  facet normal -0.956936 -0.075135 -0.280407
    outer loop
      vertex 113.686943 7.797206 9.008314
      vertex 113.618652 7.855470 9.225756
      vertex 113.686943 10.984761 8.154211
    endloop
  endfacet
  facet normal -0.773004 0.164195 0.612785
    outer loop
      vertex 113.507767 7.564065 8.138215
      vertex 113.507767 10.751619 7.284112
      vertex 113.358528 10.704555 7.108465
    endloop
  endfacet
  facet normal -0.881932 0.122001 0.455314
    outer loop
      vertex 113.618652 7.617760 8.338611
      vertex 113.618652 10.805315 7.484508
      vertex 113.507767 10.751619 7.284112
    endloop
  endfacet
  facet normal -0.956936 0.075135 0.280408
    outer loop
      vertex 113.686943 7.676023 8.556051
      vertex 113.686943 10.863578 7.701949
      vertex 113.618652 10.805315 7.484508
    endloop
  endfacet
  facet normal -0.995185 0.025367 0.094671
    outer loop
      vertex 113.709999 7.736615 8.782183
      vertex 113.709999 10.924170 7.928080
      vertex 113.686943 10.863578 7.701949
    endloop
  endfacet
  facet normal -0.995185 -0.025367 -0.094671
    outer loop
      vertex 113.686943 7.797206 9.008314
      vertex 113.686943 10.984761 8.154211
      vertex 113.709999 10.924170 7.928080
    endloop
  endfacet
  facet normal -0.956936 -0.075135 -0.280407
    outer loop
      vertex 113.686943 10.984761 8.154211
      vertex 113.618652 7.855470 9.225756
      vertex 113.618652 11.043025 8.371653
    endloop
  endfacet
  facet normal -0.881932 -0.122001 -0.455315
    outer loop
      vertex 113.618652 11.043025 8.371653
      vertex 113.507767 7.909166 9.426150
      vertex 113.507767 11.096721 8.572047
    endloop
  endfacet
  facet normal -0.773004 -0.164195 -0.612785
    outer loop
      vertex 113.507767 11.096721 8.572047
      vertex 113.358528 7.956231 9.601798
      vertex 113.358528 11.143785 8.747695
    endloop
  endfacet
  facet normal 0.773020 -0.164190 -0.612766
    outer loop
      vertex 111.661469 11.143785 8.747695
      vertex 111.661469 7.956231 9.601798
      vertex 111.512238 7.909166 9.426150
    endloop
  endfacet
  facet normal 0.634388 -0.200071 -0.746675
    outer loop
      vertex 111.843315 11.182410 8.891846
      vertex 111.843315 7.994855 9.745949
      vertex 111.661469 7.956231 9.601798
    endloop
  endfacet
  facet normal 0.471391 -0.228259 -0.851873
    outer loop
      vertex 112.050781 11.211111 8.998959
      vertex 112.050781 8.023556 9.853062
      vertex 111.843315 7.994855 9.745949
    endloop
  endfacet
  facet normal 0.290282 -0.247675 -0.924334
    outer loop
      vertex 112.275894 11.228785 9.064919
      vertex 112.275894 8.041229 9.919022
      vertex 112.050781 8.023556 9.853062
    endloop
  endfacet
  facet normal 0.098018 -0.257573 -0.961275
    outer loop
      vertex 112.275894 8.041229 9.919022
      vertex 112.510002 11.234753 9.087191
      vertex 112.510002 8.047197 9.941294
    endloop
  endfacet
  facet normal -0.098018 -0.257573 -0.961275
    outer loop
      vertex 112.744110 11.228785 9.064919
      vertex 112.744110 8.041229 9.919022
      vertex 112.510002 8.047197 9.941294
    endloop
  endfacet
  facet normal -0.290282 -0.247675 -0.924334
    outer loop
      vertex 112.969223 11.211111 8.998959
      vertex 112.969223 8.023556 9.853062
      vertex 112.744110 8.041229 9.919022
    endloop
  endfacet
  facet normal -0.471405 -0.228257 -0.851866
    outer loop
      vertex 113.176682 11.182410 8.891846
      vertex 113.176682 7.994855 9.745949
      vertex 112.969223 8.023556 9.853062
    endloop
  endfacet
  facet normal -0.634388 -0.200071 -0.746675
    outer loop
      vertex 113.358528 11.143785 8.747695
      vertex 113.358528 7.956231 9.601798
      vertex 113.176682 7.994855 9.745949
    endloop
  endfacet
  facet normal 0.634389 -0.200071 -0.746674
    outer loop
      vertex 111.661469 11.143785 8.747695
      vertex 111.843315 11.182410 8.891846
      vertex 111.661469 7.956231 9.601798
    endloop
  endfacet
  facet normal 0.471392 -0.228259 -0.851873
    outer loop
      vertex 111.843315 11.182410 8.891846
      vertex 112.050781 11.211111 8.998959
      vertex 111.843315 7.994855 9.745949
    endloop
  endfacet
  facet normal 0.290282 -0.247675 -0.924334
    outer loop
      vertex 112.050781 11.211111 8.998959
      vertex 112.275894 11.228785 9.064919
      vertex 112.050781 8.023556 9.853062
    endloop
  endfacet
  facet normal 0.098018 -0.257573 -0.961275
    outer loop
      vertex 112.275894 11.228785 9.064919
      vertex 112.510002 11.234753 9.087191
      vertex 112.275894 8.041229 9.919022
    endloop
  endfacet
  facet normal -0.290282 -0.247675 -0.924334
    outer loop
      vertex 112.744110 11.228785 9.064919
      vertex 112.969223 11.211111 8.998959
      vertex 112.744110 8.041229 9.919022
    endloop
  endfacet
  facet normal -0.098018 -0.257573 -0.961275
    outer loop
      vertex 112.744110 11.228785 9.064919
      vertex 112.510002 8.047197 9.941294
      vertex 112.510002 11.234753 9.087191
    endloop
  endfacet
  facet normal -0.471405 -0.228257 -0.851866
    outer loop
      vertex 112.969223 11.211111 8.998959
      vertex 113.176682 11.182410 8.891846
      vertex 112.969223 8.023556 9.853062
    endloop
  endfacet
  facet normal -0.634389 -0.200071 -0.746674
    outer loop
      vertex 113.176682 11.182410 8.891846
      vertex 113.358528 11.143785 8.747695
      vertex 113.176682 7.994855 9.745949
    endloop
  endfacet
  facet normal -0.773004 -0.164195 -0.612784
    outer loop
      vertex 113.507767 11.096721 8.572047
      vertex 113.507767 7.909166 9.426150
      vertex 113.358528 7.956231 9.601798
    endloop
  endfacet
  facet normal 0.471391 0.228259 0.851873
    outer loop
      vertex 111.343300 10.472249 6.241490
      vertex 111.706367 10.422023 6.054042
      vertex 111.343300 10.521622 6.228261
    endloop
  endfacet
  facet normal 0.772966 0.164207 0.612830
    outer loop
      vertex 111.025078 10.539843 6.493753
      vertex 111.025078 10.589215 6.480524
      vertex 111.010002 10.593969 6.498265
    endloop
  endfacet
  facet normal 0.773010 0.164225 0.612769
    outer loop
      vertex 111.025078 10.539843 6.493753
      vertex 111.010002 10.593969 6.498265
      vertex 110.763916 10.622206 6.801136
    endloop
  endfacet
  facet normal 0.634399 0.200069 0.746666
    outer loop
      vertex 111.343300 10.472249 6.241490
      vertex 111.343300 10.521622 6.228261
      vertex 111.025078 10.589215 6.480524
    endloop
  endfacet
  facet normal 0.634399 0.200069 0.746666
    outer loop
      vertex 111.343300 10.472249 6.241490
      vertex 111.025078 10.589215 6.480524
      vertex 111.025078 10.539843 6.493753
    endloop
  endfacet
  facet normal 0.773013 0.164192 0.612774
    outer loop
      vertex 111.010002 10.593969 6.498265
      vertex 111.010002 11.993485 6.123266
      vertex 110.763916 10.622206 6.801136
    endloop
  endfacet
  facet normal 0.881921 0.122007 0.455335
    outer loop
      vertex 110.763916 10.622206 6.801136
      vertex 110.763916 12.071095 6.412908
      vertex 110.569855 10.716173 7.151828
    endloop
  endfacet
  facet normal 0.773013 0.164192 0.612774
    outer loop
      vertex 110.763916 10.622206 6.801136
      vertex 111.010002 11.993485 6.123266
      vertex 110.763916 12.071095 6.412908
    endloop
  endfacet
  facet normal 0.881921 0.122007 0.455335
    outer loop
      vertex 110.569855 10.716173 7.151828
      vertex 110.763916 12.071095 6.412908
      vertex 110.569855 12.165062 6.763599
    endloop
  endfacet
  facet normal 0.290286 0.247674 0.924333
    outer loop
      vertex 111.706367 10.422023 6.054042
      vertex 112.100311 10.391093 5.938612
      vertex 111.706367 10.471395 6.040812
    endloop
  endfacet
  facet normal 0.471391 0.228259 0.851873
    outer loop
      vertex 111.343300 10.521622 6.228261
      vertex 111.706367 10.422023 6.054042
      vertex 111.706367 10.471395 6.040812
    endloop
  endfacet
  facet normal 0.290286 0.247674 0.924333
    outer loop
      vertex 111.706367 10.471395 6.040812
      vertex 112.100311 10.391093 5.938612
      vertex 112.100311 10.440466 5.925382
    endloop
  endfacet
  facet normal 0.098016 0.257573 0.961275
    outer loop
      vertex 112.100311 10.391093 5.938612
      vertex 112.510002 10.380650 5.899636
      vertex 112.100311 10.440466 5.925382
    endloop
  endfacet
  facet normal 0.098016 0.257573 0.961275
    outer loop
      vertex 112.100311 10.440466 5.925382
      vertex 112.510002 10.380650 5.899636
      vertex 112.510002 10.430022 5.886406
    endloop
  endfacet
  facet normal 0.000000 0.965926 -0.258819
    outer loop
      vertex 112.100311 10.391093 5.938612
      vertex 112.510002 10.613586 6.768969
      vertex 112.510002 10.380650 5.899636
    endloop
  endfacet
  facet normal -0.000001 0.965926 -0.258819
    outer loop
      vertex 111.343300 10.472249 6.241490
      vertex 111.661469 10.704555 7.108465
      vertex 111.706367 10.422023 6.054042
    endloop
  endfacet
  facet normal 0.000000 0.965926 -0.258819
    outer loop
      vertex 111.706367 10.422023 6.054042
      vertex 112.050781 10.637229 6.857201
      vertex 112.100311 10.391093 5.938612
    endloop
  endfacet
  facet normal -0.000001 0.965926 -0.258819
    outer loop
      vertex 111.706367 10.422023 6.054042
      vertex 111.661469 10.704555 7.108465
      vertex 111.843315 10.665930 6.964314
    endloop
  endfacet
  facet normal -0.000001 0.965926 -0.258819
    outer loop
      vertex 111.706367 10.422023 6.054042
      vertex 111.843315 10.665930 6.964314
      vertex 112.050781 10.637229 6.857201
    endloop
  endfacet
  facet normal 0.000001 0.965926 -0.258819
    outer loop
      vertex 112.100311 10.391093 5.938612
      vertex 112.275894 10.619555 6.791241
      vertex 112.510002 10.613586 6.768969
    endloop
  endfacet
  facet normal 0.000002 0.965926 -0.258819
    outer loop
      vertex 112.100311 10.391093 5.938612
      vertex 112.050781 10.637229 6.857201
      vertex 112.275894 10.619555 6.791241
    endloop
  endfacet
  facet normal -0.098016 0.257573 0.961275
    outer loop
      vertex 112.510002 10.380650 5.899636
      vertex 112.919693 10.391093 5.938612
      vertex 112.510002 10.430022 5.886406
    endloop
  endfacet
  facet normal -0.098016 0.257573 0.961275
    outer loop
      vertex 112.510002 10.430022 5.886406
      vertex 112.919693 10.391093 5.938612
      vertex 112.919693 10.440466 5.925382
    endloop
  endfacet
  facet normal -0.000000 0.965926 -0.258819
    outer loop
      vertex 112.510002 10.380650 5.899636
      vertex 112.510002 10.613586 6.768969
      vertex 112.919693 10.391093 5.938612
    endloop
  endfacet
  facet normal -0.290286 0.247674 0.924333
    outer loop
      vertex 112.919693 10.391093 5.938612
      vertex 113.313637 10.422023 6.054042
      vertex 112.919693 10.440466 5.925382
    endloop
  endfacet
  facet normal -0.290286 0.247674 0.924333
    outer loop
      vertex 112.919693 10.440466 5.925382
      vertex 113.313637 10.422023 6.054042
      vertex 113.313637 10.471395 6.040812
    endloop
  endfacet
  facet normal -0.000001 0.965926 -0.258819
    outer loop
      vertex 112.919693 10.391093 5.938612
      vertex 112.510002 10.613586 6.768969
      vertex 112.744110 10.619555 6.791241
    endloop
  endfacet
  facet normal -0.000002 0.965926 -0.258819
    outer loop
      vertex 112.919693 10.391093 5.938612
      vertex 112.744110 10.619555 6.791241
      vertex 112.969223 10.637229 6.857201
    endloop
  endfacet
  facet normal -0.000000 0.965926 -0.258819
    outer loop
      vertex 112.919693 10.391093 5.938612
      vertex 112.969223 10.637229 6.857201
      vertex 113.313637 10.422023 6.054042
    endloop
  endfacet
  facet normal 0.000001 0.965926 -0.258819
    outer loop
      vertex 113.313637 10.422023 6.054042
      vertex 112.969223 10.637229 6.857201
      vertex 113.176682 10.665930 6.964314
    endloop
  endfacet
  facet normal 0.000001 0.965926 -0.258819
    outer loop
      vertex 113.313637 10.422023 6.054042
      vertex 113.176682 10.665930 6.964314
      vertex 113.358528 10.704555 7.108465
    endloop
  endfacet
  facet normal 0.000003 0.965926 -0.258819
    outer loop
      vertex 110.569855 10.716173 7.151828
      vertex 110.450348 10.818134 7.532350
      vertex 110.569855 11.132166 8.704332
    endloop
  endfacet
  facet normal -0.000002 0.965926 -0.258818
    outer loop
      vertex 110.450348 10.818134 7.532350
      vertex 110.410004 10.924170 7.928080
      vertex 110.450348 11.030205 8.323810
    endloop
  endfacet
  facet normal -0.000000 0.965926 -0.258819
    outer loop
      vertex 111.343300 10.472249 6.241490
      vertex 111.025078 10.539843 6.493753
      vertex 111.333061 10.863578 7.701949
    endloop
  endfacet
  facet normal 0.000000 0.965926 -0.258820
    outer loop
      vertex 111.343300 10.472249 6.241490
      vertex 111.512238 10.751619 7.284112
      vertex 111.661469 10.704555 7.108465
    endloop
  endfacet
  facet normal -0.000001 0.965926 -0.258819
    outer loop
      vertex 111.343300 10.472249 6.241490
      vertex 111.401344 10.805315 7.484508
      vertex 111.512238 10.751619 7.284112
    endloop
  endfacet
  facet normal -0.000001 0.965926 -0.258819
    outer loop
      vertex 111.025078 10.539843 6.493753
      vertex 111.309998 10.924170 7.928080
      vertex 111.333061 10.863578 7.701949
    endloop
  endfacet
  facet normal -0.000005 0.965926 -0.258819
    outer loop
      vertex 111.343300 10.472249 6.241490
      vertex 111.333061 10.863578 7.701949
      vertex 111.401344 10.805315 7.484508
    endloop
  endfacet
  facet normal 0.000000 0.965926 -0.258819
    outer loop
      vertex 111.025078 10.539843 6.493753
      vertex 110.763916 10.622206 6.801136
      vertex 111.025078 11.308496 9.362407
    endloop
  endfacet
  facet normal -0.000000 0.965926 -0.258819
    outer loop
      vertex 110.763916 10.622206 6.801136
      vertex 110.569855 10.716173 7.151828
      vertex 110.763916 11.226133 9.055023
    endloop
  endfacet
  facet normal -0.000005 0.965926 -0.258818
    outer loop
      vertex 110.450348 10.818134 7.532350
      vertex 110.450348 11.030205 8.323810
      vertex 110.569855 11.132166 8.704332
    endloop
  endfacet
  facet normal -0.000000 0.965926 -0.258819
    outer loop
      vertex 110.569855 10.716173 7.151828
      vertex 110.569855 11.132166 8.704332
      vertex 110.763916 11.226133 9.055023
    endloop
  endfacet
  facet normal 0.000000 0.965926 -0.258819
    outer loop
      vertex 110.763916 10.622206 6.801136
      vertex 110.763916 11.226133 9.055023
      vertex 111.025078 11.308496 9.362407
    endloop
  endfacet
  facet normal -0.000001 0.965926 -0.258819
    outer loop
      vertex 111.025078 10.539843 6.493753
      vertex 111.343300 11.376090 9.614670
      vertex 111.309998 10.924170 7.928080
    endloop
  endfacet
  facet normal 0.956937 0.075134 0.280404
    outer loop
      vertex 110.569855 10.716173 7.151828
      vertex 110.569855 12.165062 6.763599
      vertex 110.450348 10.818134 7.532350
    endloop
  endfacet
  facet normal 0.995186 0.025365 0.094662
    outer loop
      vertex 110.450348 10.818134 7.532350
      vertex 110.450348 12.267023 7.144122
      vertex 110.410004 10.924170 7.928080
    endloop
  endfacet
  facet normal 0.995186 -0.025365 -0.094662
    outer loop
      vertex 110.410004 10.924170 7.928080
      vertex 110.410004 12.373058 7.539851
      vertex 110.450348 11.030205 8.323810
    endloop
  endfacet
  facet normal 0.956937 0.075134 0.280404
    outer loop
      vertex 110.450348 10.818134 7.532350
      vertex 110.569855 12.165062 6.763599
      vertex 110.450348 12.267023 7.144122
    endloop
  endfacet
  facet normal 0.995186 0.025365 0.094662
    outer loop
      vertex 110.410004 10.924170 7.928080
      vertex 110.450348 12.267023 7.144122
      vertex 110.410004 12.373058 7.539851
    endloop
  endfacet
  facet normal 0.956937 -0.075134 -0.280403
    outer loop
      vertex 110.450348 11.030205 8.323810
      vertex 110.450348 12.479094 7.935581
      vertex 110.569855 11.132166 8.704332
    endloop
  endfacet
  facet normal 0.000000 0.965926 -0.258819
    outer loop
      vertex 111.025078 10.539843 6.493753
      vertex 111.025078 11.308496 9.362407
      vertex 111.343300 11.376090 9.614670
    endloop
  endfacet
  facet normal -0.000004 0.965926 -0.258819
    outer loop
      vertex 111.309998 10.924170 7.928080
      vertex 111.343300 11.376090 9.614670
      vertex 111.333061 10.984761 8.154211
    endloop
  endfacet
  facet normal -0.000007 0.965926 -0.258819
    outer loop
      vertex 111.333061 10.984761 8.154211
      vertex 111.343300 11.376090 9.614670
      vertex 111.401344 11.043025 8.371653
    endloop
  endfacet
  facet normal -0.000001 0.965926 -0.258819
    outer loop
      vertex 111.401344 11.043025 8.371653
      vertex 111.343300 11.376090 9.614670
      vertex 111.512238 11.096721 8.572047
    endloop
  endfacet
  facet normal 0.000004 0.965926 -0.258818
    outer loop
      vertex 111.512238 11.096721 8.572047
      vertex 111.343300 11.376090 9.614670
      vertex 111.661469 11.143785 8.747695
    endloop
  endfacet
  facet normal 0.881921 -0.122007 -0.455335
    outer loop
      vertex 110.569855 11.132166 8.704332
      vertex 110.569855 12.581055 8.316103
      vertex 110.763916 11.226133 9.055023
    endloop
  endfacet
  facet normal 0.773013 -0.164192 -0.612773
    outer loop
      vertex 110.763916 11.226133 9.055023
      vertex 110.763916 12.675022 8.666795
      vertex 111.010002 11.353115 9.331436
    endloop
  endfacet
  facet normal 0.995187 -0.025362 -0.094657
    outer loop
      vertex 110.450348 11.030205 8.323810
      vertex 110.410004 12.373058 7.539851
      vertex 110.439545 12.450705 7.829629
    endloop
  endfacet
  facet normal 0.995185 -0.025368 -0.094675
    outer loop
      vertex 110.450348 11.030205 8.323810
      vertex 110.439545 12.450705 7.829629
      vertex 110.450348 12.479094 7.935581
    endloop
  endfacet
  facet normal 0.956937 -0.075134 -0.280404
    outer loop
      vertex 110.569855 11.132166 8.704332
      vertex 110.450348 12.479094 7.935581
      vertex 110.569855 12.581055 8.316103
    endloop
  endfacet
  facet normal 0.881921 -0.122006 -0.455335
    outer loop
      vertex 110.763916 11.226133 9.055023
      vertex 110.569855 12.581055 8.316103
      vertex 110.763916 12.675022 8.666795
    endloop
  endfacet
  facet normal 0.773013 -0.164192 -0.612773
    outer loop
      vertex 110.763916 12.675022 8.666795
      vertex 111.010002 12.752631 8.956437
      vertex 111.010002 11.353115 9.331436
    endloop
  endfacet
  facet normal -0.471399 0.228258 0.851869
    outer loop
      vertex 113.313637 10.422023 6.054042
      vertex 113.676697 10.472249 6.241490
      vertex 113.313637 10.471395 6.040812
    endloop
  endfacet
  facet normal -0.471399 0.228258 0.851869
    outer loop
      vertex 113.313637 10.471395 6.040812
      vertex 113.676697 10.472249 6.241490
      vertex 113.676697 10.521622 6.228261
    endloop
  endfacet
  facet normal 0.000001 0.965926 -0.258819
    outer loop
      vertex 113.313637 10.422023 6.054042
      vertex 113.358528 10.704555 7.108465
      vertex 113.676697 10.472249 6.241490
    endloop
  endfacet
  facet normal -0.634390 0.200071 0.746674
    outer loop
      vertex 113.676697 10.472249 6.241490
      vertex 113.994926 10.539843 6.493753
      vertex 113.676697 10.521622 6.228261
    endloop
  endfacet
  facet normal -0.634390 0.200071 0.746674
    outer loop
      vertex 113.676697 10.521622 6.228261
      vertex 113.994926 10.539843 6.493753
      vertex 113.994926 10.589215 6.480524
    endloop
  endfacet
  facet normal -0.773010 0.164193 0.612777
    outer loop
      vertex 113.994926 10.539843 6.493753
      vertex 114.256088 10.622206 6.801136
      vertex 113.994926 10.589215 6.480524
    endloop
  endfacet
  facet normal -0.773011 0.164187 0.612778
    outer loop
      vertex 113.994926 10.589215 6.480524
      vertex 114.256088 10.622206 6.801136
      vertex 114.256088 10.671578 6.787908
    endloop
  endfacet
  facet normal -0.000000 0.965926 -0.258820
    outer loop
      vertex 113.676697 10.472249 6.241490
      vertex 113.358528 10.704555 7.108465
      vertex 113.507767 10.751619 7.284112
    endloop
  endfacet
  facet normal 0.000001 0.965926 -0.258819
    outer loop
      vertex 113.676697 10.472249 6.241490
      vertex 113.507767 10.751619 7.284112
      vertex 113.618652 10.805315 7.484508
    endloop
  endfacet
  facet normal 0.000005 0.965926 -0.258819
    outer loop
      vertex 113.676697 10.472249 6.241490
      vertex 113.618652 10.805315 7.484508
      vertex 113.686943 10.863578 7.701949
    endloop
  endfacet
  facet normal 0.000003 0.965926 -0.258819
    outer loop
      vertex 113.676697 10.472249 6.241490
      vertex 113.686943 10.863578 7.701949
      vertex 113.709999 10.924170 7.928080
    endloop
  endfacet
  facet normal 0.000000 0.965926 -0.258819
    outer loop
      vertex 113.676697 10.472249 6.241490
      vertex 113.994926 11.308496 9.362407
      vertex 113.994926 10.539843 6.493753
    endloop
  endfacet
  facet normal -0.000001 0.965926 -0.258819
    outer loop
      vertex 113.676697 10.472249 6.241490
      vertex 113.709999 10.924170 7.928080
      vertex 113.994926 11.308496 9.362407
    endloop
  endfacet
  facet normal -0.000000 0.965926 -0.258819
    outer loop
      vertex 113.994926 10.539843 6.493753
      vertex 114.256088 11.226133 9.055023
      vertex 114.256088 10.622206 6.801136
    endloop
  endfacet
  facet normal -0.881921 0.122003 0.455336
    outer loop
      vertex 114.256088 10.622206 6.801136
      vertex 114.450150 10.716173 7.151828
      vertex 114.256088 10.671578 6.787908
    endloop
  endfacet
  facet normal -0.881921 0.122007 0.455335
    outer loop
      vertex 114.256088 10.671578 6.787908
      vertex 114.450150 10.716173 7.151828
      vertex 114.450150 10.765546 7.138598
    endloop
  endfacet
  facet normal -0.956942 0.075130 0.280387
    outer loop
      vertex 114.450150 10.716173 7.151828
      vertex 114.569649 10.818134 7.532350
      vertex 114.450150 10.765546 7.138598
    endloop
  endfacet
  facet normal 0.000001 0.965926 -0.258819
    outer loop
      vertex 114.256088 10.622206 6.801136
      vertex 114.450150 11.132166 8.704332
      vertex 114.450150 10.716173 7.151828
    endloop
  endfacet
  facet normal -0.956942 0.075130 0.280387
    outer loop
      vertex 114.450150 10.765546 7.138598
      vertex 114.569649 10.818134 7.532350
      vertex 114.569649 10.867507 7.519121
    endloop
  endfacet
  facet normal -0.000006 0.965926 -0.258818
    outer loop
      vertex 114.450150 10.716173 7.151828
      vertex 114.569649 11.030205 8.323810
      vertex 114.569649 10.818134 7.532350
    endloop
  endfacet
  facet normal -0.995185 0.025369 0.094679
    outer loop
      vertex 114.569649 10.818134 7.532350
      vertex 114.610001 10.924170 7.928080
      vertex 114.569649 10.867507 7.519121
    endloop
  endfacet
  facet normal -0.995185 0.025369 0.094679
    outer loop
      vertex 114.569649 10.867507 7.519121
      vertex 114.610001 10.924170 7.928080
      vertex 114.610001 10.973542 7.914851
    endloop
  endfacet
  facet normal 0.000002 0.965926 -0.258818
    outer loop
      vertex 114.569649 10.818134 7.532350
      vertex 114.569649 11.030205 8.323810
      vertex 114.610001 10.924170 7.928080
    endloop
  endfacet
  facet normal -0.000000 0.965926 -0.258819
    outer loop
      vertex 113.994926 10.539843 6.493753
      vertex 113.994926 11.308496 9.362407
      vertex 114.256088 11.226133 9.055023
    endloop
  endfacet
  facet normal 0.000002 0.965926 -0.258819
    outer loop
      vertex 114.450150 10.716173 7.151828
      vertex 114.450150 11.132166 8.704332
      vertex 114.569649 11.030205 8.323810
    endloop
  endfacet
  facet normal 0.000000 0.965926 -0.258819
    outer loop
      vertex 114.256088 10.622206 6.801136
      vertex 114.256088 11.226133 9.055023
      vertex 114.450150 11.132166 8.704332
    endloop
  endfacet
  facet normal -0.995184 -0.025369 -0.094680
    outer loop
      vertex 114.610001 10.924170 7.928080
      vertex 114.569649 11.030205 8.323810
      vertex 114.610001 10.973542 7.914851
    endloop
  endfacet
  facet normal -0.995184 -0.025369 -0.094680
    outer loop
      vertex 114.610001 10.973542 7.914851
      vertex 114.569649 11.030205 8.323810
      vertex 114.569649 11.079577 8.310580
    endloop
  endfacet
  facet normal 0.000001 0.965926 -0.258819
    outer loop
      vertex 113.709999 10.924170 7.928080
      vertex 113.686943 10.984761 8.154211
      vertex 113.994926 11.308496 9.362407
    endloop
  endfacet
  facet normal 0.000007 0.965926 -0.258819
    outer loop
      vertex 113.686943 10.984761 8.154211
      vertex 113.618652 11.043025 8.371653
      vertex 113.676697 11.376090 9.614670
    endloop
  endfacet
  facet normal -0.000004 0.965926 -0.258818
    outer loop
      vertex 113.507767 11.096721 8.572047
      vertex 113.358528 11.143785 8.747695
      vertex 113.676697 11.376090 9.614670
    endloop
  endfacet
  facet normal 0.000001 0.965926 -0.258819
    outer loop
      vertex 113.618652 11.043025 8.371653
      vertex 113.507767 11.096721 8.572047
      vertex 113.676697 11.376090 9.614670
    endloop
  endfacet
  facet normal -0.000000 0.965926 -0.258819
    outer loop
      vertex 113.686943 10.984761 8.154211
      vertex 113.676697 11.376090 9.614670
      vertex 113.994926 11.308496 9.362407
    endloop
  endfacet
  facet normal -0.956942 -0.075129 -0.280387
    outer loop
      vertex 114.569649 11.030205 8.323810
      vertex 114.450150 11.132166 8.704332
      vertex 114.569649 11.079577 8.310580
    endloop
  endfacet
  facet normal -0.956942 -0.075131 -0.280387
    outer loop
      vertex 114.569649 11.079577 8.310580
      vertex 114.450150 11.132166 8.704332
      vertex 114.450150 11.181538 8.691103
    endloop
  endfacet
  facet normal -0.881921 -0.122009 -0.455335
    outer loop
      vertex 114.256088 11.226133 9.055023
      vertex 114.256088 11.275505 9.041794
      vertex 114.450150 11.181538 8.691103
    endloop
  endfacet
  facet normal -0.881921 -0.122009 -0.455335
    outer loop
      vertex 114.256088 11.226133 9.055023
      vertex 114.450150 11.181538 8.691103
      vertex 114.450150 11.132166 8.704332
    endloop
  endfacet
  facet normal 0.773011 -0.164196 -0.612776
    outer loop
      vertex 110.763916 11.226133 9.055023
      vertex 111.025078 11.357868 9.349177
      vertex 111.025078 11.308496 9.362407
    endloop
  endfacet
  facet normal 0.772961 -0.163608 -0.612995
    outer loop
      vertex 110.763916 11.226133 9.055023
      vertex 111.010002 11.353115 9.331436
      vertex 111.025078 11.357868 9.349177
    endloop
  endfacet
  facet normal 0.634399 -0.200072 -0.746665
    outer loop
      vertex 111.025078 11.308496 9.362407
      vertex 111.025078 11.357868 9.349177
      vertex 111.343300 11.425463 9.601440
    endloop
  endfacet
  facet normal 0.634399 -0.200069 -0.746666
    outer loop
      vertex 111.025078 11.308496 9.362407
      vertex 111.343300 11.425463 9.601440
      vertex 111.343300 11.376090 9.614670
    endloop
  endfacet
  facet normal 0.471391 -0.228259 -0.851873
    outer loop
      vertex 111.343300 11.376090 9.614670
      vertex 111.343300 11.425463 9.601440
      vertex 111.706367 11.475689 9.788889
    endloop
  endfacet
  facet normal -0.000004 0.965926 -0.258819
    outer loop
      vertex 111.661469 11.143785 8.747695
      vertex 111.706367 11.426316 9.802118
      vertex 111.843315 11.182410 8.891846
    endloop
  endfacet
  facet normal -0.000000 0.965926 -0.258818
    outer loop
      vertex 111.843315 11.182410 8.891846
      vertex 111.706367 11.426316 9.802118
      vertex 112.050781 11.211111 8.998959
    endloop
  endfacet
  facet normal 0.000001 0.965926 -0.258819
    outer loop
      vertex 111.661469 11.143785 8.747695
      vertex 111.343300 11.376090 9.614670
      vertex 111.706367 11.426316 9.802118
    endloop
  endfacet
  facet normal -0.000001 0.965926 -0.258818
    outer loop
      vertex 112.050781 11.211111 8.998959
      vertex 111.706367 11.426316 9.802118
      vertex 112.100311 11.457246 9.917548
    endloop
  endfacet
  facet normal 0.000002 0.965926 -0.258819
    outer loop
      vertex 112.050781 11.211111 8.998959
      vertex 112.100311 11.457246 9.917548
      vertex 112.275894 11.228785 9.064919
    endloop
  endfacet
  facet normal -0.000001 0.965926 -0.258819
    outer loop
      vertex 112.275894 11.228785 9.064919
      vertex 112.100311 11.457246 9.917548
      vertex 112.510002 11.234753 9.087191
    endloop
  endfacet
  facet normal 0.471391 -0.228259 -0.851873
    outer loop
      vertex 111.343300 11.376090 9.614670
      vertex 111.706367 11.475689 9.788889
      vertex 111.706367 11.426316 9.802118
    endloop
  endfacet
  facet normal 0.290285 -0.247674 -0.924333
    outer loop
      vertex 111.706367 11.426316 9.802118
      vertex 111.706367 11.475689 9.788889
      vertex 112.100311 11.506618 9.904319
    endloop
  endfacet
  facet normal 0.290285 -0.247674 -0.924333
    outer loop
      vertex 111.706367 11.426316 9.802118
      vertex 112.100311 11.506618 9.904319
      vertex 112.100311 11.457246 9.917548
    endloop
  endfacet
  facet normal -0.000000 0.965926 -0.258819
    outer loop
      vertex 112.100311 11.457246 9.917548
      vertex 112.510002 11.467690 9.956524
      vertex 112.510002 11.234753 9.087191
    endloop
  endfacet
  facet normal 0.098016 -0.257573 -0.961275
    outer loop
      vertex 112.100311 11.457246 9.917548
      vertex 112.100311 11.506618 9.904319
      vertex 112.510002 11.517062 9.943295
    endloop
  endfacet
  facet normal 0.098016 -0.257573 -0.961275
    outer loop
      vertex 112.100311 11.457246 9.917548
      vertex 112.510002 11.517062 9.943295
      vertex 112.510002 11.467690 9.956524
    endloop
  endfacet
  facet normal 0.000001 0.965926 -0.258819
    outer loop
      vertex 112.744110 11.228785 9.064919
      vertex 112.510002 11.234753 9.087191
      vertex 112.919693 11.457246 9.917548
    endloop
  endfacet
  facet normal -0.000002 0.965926 -0.258819
    outer loop
      vertex 112.744110 11.228785 9.064919
      vertex 112.919693 11.457246 9.917548
      vertex 112.969223 11.211111 8.998959
    endloop
  endfacet
  facet normal 0.000004 0.965926 -0.258819
    outer loop
      vertex 113.176682 11.182410 8.891846
      vertex 113.313637 11.426316 9.802118
      vertex 113.358528 11.143785 8.747695
    endloop
  endfacet
  facet normal 0.000000 0.965926 -0.258818
    outer loop
      vertex 112.969223 11.211111 8.998959
      vertex 113.313637 11.426316 9.802118
      vertex 113.176682 11.182410 8.891846
    endloop
  endfacet
  facet normal 0.000001 0.965926 -0.258818
    outer loop
      vertex 112.969223 11.211111 8.998959
      vertex 112.919693 11.457246 9.917548
      vertex 113.313637 11.426316 9.802118
    endloop
  endfacet
  facet normal 0.000000 0.965926 -0.258819
    outer loop
      vertex 112.510002 11.234753 9.087191
      vertex 112.510002 11.467690 9.956524
      vertex 112.919693 11.457246 9.917548
    endloop
  endfacet
  facet normal -0.098016 -0.257573 -0.961275
    outer loop
      vertex 112.510002 11.467690 9.956524
      vertex 112.919693 11.506618 9.904319
      vertex 112.919693 11.457246 9.917548
    endloop
  endfacet
  facet normal -0.290285 -0.247674 -0.924333
    outer loop
      vertex 112.919693 11.457246 9.917548
      vertex 112.919693 11.506618 9.904319
      vertex 113.313637 11.475689 9.788889
    endloop
  endfacet
  facet normal -0.290285 -0.247674 -0.924333
    outer loop
      vertex 112.919693 11.457246 9.917548
      vertex 113.313637 11.475689 9.788889
      vertex 113.313637 11.426316 9.802118
    endloop
  endfacet
  facet normal -0.098016 -0.257573 -0.961275
    outer loop
      vertex 112.510002 11.467690 9.956524
      vertex 112.510002 11.517062 9.943295
      vertex 112.919693 11.506618 9.904319
    endloop
  endfacet
  facet normal -0.000001 0.965926 -0.258819
    outer loop
      vertex 113.358528 11.143785 8.747695
      vertex 113.313637 11.426316 9.802118
      vertex 113.676697 11.376090 9.614670
    endloop
  endfacet
  facet normal -0.634390 -0.200071 -0.746673
    outer loop
      vertex 113.676697 11.376090 9.614670
      vertex 113.676697 11.425463 9.601440
      vertex 113.994926 11.357868 9.349177
    endloop
  endfacet
  facet normal -0.773011 -0.164196 -0.612776
    outer loop
      vertex 114.256088 11.226133 9.055023
      vertex 113.994926 11.308496 9.362407
      vertex 114.256088 11.275505 9.041794
    endloop
  endfacet
  facet normal -0.773011 -0.164196 -0.612776
    outer loop
      vertex 114.256088 11.275505 9.041794
      vertex 113.994926 11.308496 9.362407
      vertex 113.994926 11.357868 9.349177
    endloop
  endfacet
  facet normal -0.634390 -0.200074 -0.746673
    outer loop
      vertex 113.676697 11.376090 9.614670
      vertex 113.994926 11.357868 9.349177
      vertex 113.994926 11.308496 9.362407
    endloop
  endfacet
  facet normal -0.471399 -0.228258 -0.851869
    outer loop
      vertex 113.313637 11.426316 9.802118
      vertex 113.313637 11.475689 9.788889
      vertex 113.676697 11.425463 9.601440
    endloop
  endfacet
  facet normal -0.471399 -0.228258 -0.851869
    outer loop
      vertex 113.313637 11.426316 9.802118
      vertex 113.676697 11.425463 9.601440
      vertex 113.676697 11.376090 9.614670
    endloop
  endfacet
  facet normal 0.659345 0.194590 0.726222
    outer loop
      vertex 2.734592 22.672874 64.525063
      vertex 2.449390 17.714794 66.112511
      vertex 2.734592 17.650061 65.870918
    endloop
  endfacet
  facet normal 0.751847 0.170649 0.636872
    outer loop
      vertex 2.449390 22.737608 64.766655
      vertex 2.199275 17.788610 66.388000
      vertex 2.449390 17.714794 66.112511
    endloop
  endfacet
  facet normal 0.442281 0.232129 0.866316
    outer loop
      vertex 3.390218 22.574903 64.159431
      vertex 3.050000 17.595514 65.667351
      vertex 3.390218 17.552090 65.505295
    endloop
  endfacet
  facet normal 0.321447 0.245082 0.914662
    outer loop
      vertex 3.749425 22.543344 64.041656
      vertex 3.390218 17.552090 65.505295
      vertex 3.749425 17.520531 65.387512
    endloop
  endfacet
  facet normal 0.555570 0.215200 0.803138
    outer loop
      vertex 3.050000 22.618328 64.321495
      vertex 2.734592 17.650061 65.870918
      vertex 3.050000 17.595514 65.667351
    endloop
  endfacet
  facet normal 0.946929 0.083196 0.310490
    outer loop
      vertex 1.820749 22.981113 65.675423
      vertex 1.698815 18.051268 67.368248
      vertex 1.820749 17.958298 67.021286
    endloop
  endfacet
  facet normal 0.980786 0.050493 0.188441
    outer loop
      vertex 1.698815 23.074081 66.022392
      vertex 1.624810 18.147562 67.727623
      vertex 1.698815 18.051268 67.368248
    endloop
  endfacet
  facet normal 0.997859 0.016927 0.063174
    outer loop
      vertex 1.624810 23.170376 66.381767
      vertex 1.600000 18.245531 68.093254
      vertex 1.624810 18.147562 67.727623
    endloop
  endfacet
  facet normal 0.997859 -0.016928 -0.063175
    outer loop
      vertex 1.600000 23.268345 66.747391
      vertex 1.624810 18.343500 68.458878
      vertex 1.600000 18.245531 68.093254
    endloop
  endfacet
  facet normal 0.831466 0.143794 0.536644
    outer loop
      vertex 2.199275 22.811424 65.042137
      vertex 1.988526 17.870243 66.692657
      vertex 2.199275 17.788610 66.388000
    endloop
  endfacet
  facet normal 0.896874 0.114472 0.427215
    outer loop
      vertex 1.988526 22.893057 65.346802
      vertex 1.820749 17.958298 67.021286
      vertex 1.988526 17.870243 66.692657
    endloop
  endfacet
  facet normal 0.195081 0.253847 0.947368
    outer loop
      vertex 4.121474 22.524191 63.970173
      vertex 3.749425 17.520531 65.387512
      vertex 4.121474 17.501377 65.316032
    endloop
  endfacet
  facet normal 0.065402 0.258266 0.963858
    outer loop
      vertex 4.500000 22.517771 63.946205
      vertex 4.121474 17.501377 65.316032
      vertex 4.500000 17.494955 65.292068
    endloop
  endfacet
  facet normal -0.065402 0.258265 0.963858
    outer loop
      vertex 4.878526 22.524191 63.970173
      vertex 4.500000 17.494955 65.292068
      vertex 4.878526 17.501377 65.316032
    endloop
  endfacet
  facet normal -0.195081 0.253846 0.947368
    outer loop
      vertex 5.250575 22.543344 64.041656
      vertex 4.878526 17.501377 65.316032
      vertex 5.250575 17.520531 65.387512
    endloop
  endfacet
  facet normal -0.321447 0.245084 0.914662
    outer loop
      vertex 5.609782 22.574903 64.159431
      vertex 5.250575 17.520531 65.387512
      vertex 5.609782 17.552090 65.505295
    endloop
  endfacet
  facet normal -0.442281 0.232128 0.866317
    outer loop
      vertex 5.950000 22.618328 64.321495
      vertex 5.609782 17.552090 65.505295
      vertex 5.950000 17.595514 65.667351
    endloop
  endfacet
  facet normal -0.555570 0.215200 0.803138
    outer loop
      vertex 6.265408 22.672874 64.525063
      vertex 5.950000 17.595514 65.667351
      vertex 6.265408 17.650061 65.870918
    endloop
  endfacet
  facet normal -0.659345 0.194590 0.726222
    outer loop
      vertex 6.550610 22.737608 64.766655
      vertex 6.265408 17.650061 65.870918
      vertex 6.550610 17.714794 66.112511
    endloop
  endfacet
  facet normal -0.751847 0.170650 0.636871
    outer loop
      vertex 6.800725 22.811424 65.042137
      vertex 6.550610 17.714794 66.112511
      vertex 6.800725 17.788610 66.388000
    endloop
  endfacet
  facet normal -0.831440 0.143804 0.536682
    outer loop
      vertex 6.805000 22.813080 65.048317
      vertex 6.800725 17.788610 66.388000
      vertex 6.805000 17.790266 66.394180
    endloop
  endfacet
  facet normal 0.980786 -0.050493 -0.188441
    outer loop
      vertex 1.624810 23.366316 67.113022
      vertex 1.698815 18.439795 68.818253
      vertex 1.624810 18.343500 68.458878
    endloop
  endfacet
  facet normal 0.946929 -0.083196 -0.310490
    outer loop
      vertex 1.698815 23.462608 67.472389
      vertex 1.820749 18.532764 69.165215
      vertex 1.698815 18.439795 68.818253
    endloop
  endfacet
  facet normal 0.896874 -0.114472 -0.427215
    outer loop
      vertex 1.820749 23.555578 67.819359
      vertex 1.988526 18.620819 69.493843
      vertex 1.820749 18.532764 69.165215
    endloop
  endfacet
  facet normal 0.831472 -0.143791 -0.536636
    outer loop
      vertex 1.988526 23.643633 68.147987
      vertex 2.199275 18.702452 69.798508
      vertex 1.988526 18.620819 69.493843
    endloop
  endfacet
  facet normal 0.751838 -0.170652 -0.636881
    outer loop
      vertex 2.199275 23.725267 68.452644
      vertex 2.449390 18.776268 70.073990
      vertex 2.199275 18.702452 69.798508
    endloop
  endfacet
  facet normal -0.896869 -0.114474 -0.427225
    outer loop
      vertex 7.011474 23.643633 68.147987
      vertex 7.123328 18.562115 69.274757
      vertex 7.011474 18.620819 69.493843
    endloop
  endfacet
  facet normal -0.751839 -0.170652 -0.636880
    outer loop
      vertex 6.550610 23.799082 68.728127
      vertex 6.800725 18.702452 69.798508
      vertex 6.550610 18.776268 70.073990
    endloop
  endfacet
  facet normal -0.831472 -0.143792 -0.536636
    outer loop
      vertex 6.800725 23.725267 68.452644
      vertex 7.011474 18.620819 69.493843
      vertex 6.800725 18.702452 69.798508
    endloop
  endfacet
  facet normal 0.321429 0.245085 0.914667
    outer loop
      vertex 3.390218 22.574903 64.159431
      vertex 3.390218 17.552090 65.505295
      vertex 3.749425 22.543344 64.041656
    endloop
  endfacet
  facet normal 0.659345 0.194590 0.726222
    outer loop
      vertex 2.734592 22.672874 64.525063
      vertex 2.449390 22.737608 64.766655
      vertex 2.449390 17.714794 66.112511
    endloop
  endfacet
  facet normal 0.751838 0.170652 0.636881
    outer loop
      vertex 2.199275 22.811424 65.042137
      vertex 2.199275 17.788610 66.388000
      vertex 2.449390 22.737608 64.766655
    endloop
  endfacet
  facet normal 0.831472 0.143791 0.536636
    outer loop
      vertex 2.199275 22.811424 65.042137
      vertex 1.988526 22.893057 65.346802
      vertex 1.988526 17.870243 66.692657
    endloop
  endfacet
  facet normal 0.555570 0.215200 0.803138
    outer loop
      vertex 2.734592 22.672874 64.525063
      vertex 2.734592 17.650061 65.870918
      vertex 3.050000 22.618328 64.321495
    endloop
  endfacet
  facet normal 0.442296 0.232126 0.866309
    outer loop
      vertex 3.050000 22.618328 64.321495
      vertex 3.050000 17.595514 65.667351
      vertex 3.390218 22.574903 64.159431
    endloop
  endfacet
  facet normal 0.946931 0.083194 0.310485
    outer loop
      vertex 1.820749 22.981113 65.675423
      vertex 1.698815 23.074081 66.022392
      vertex 1.698815 18.051268 67.368248
    endloop
  endfacet
  facet normal 0.980786 0.050493 0.188441
    outer loop
      vertex 1.698815 23.074081 66.022392
      vertex 1.624810 23.170376 66.381767
      vertex 1.624810 18.147562 67.727623
    endloop
  endfacet
  facet normal 0.997859 0.016928 0.063175
    outer loop
      vertex 1.624810 23.170376 66.381767
      vertex 1.600000 23.268345 66.747391
      vertex 1.600000 18.245531 68.093254
    endloop
  endfacet
  facet normal 0.997859 -0.016927 -0.063174
    outer loop
      vertex 1.600000 23.268345 66.747391
      vertex 1.624810 23.366316 67.113022
      vertex 1.624810 18.343500 68.458878
    endloop
  endfacet
  facet normal 0.980785 -0.050494 -0.188445
    outer loop
      vertex 1.624810 23.366316 67.113022
      vertex 1.698815 23.462608 67.472389
      vertex 1.698815 18.439795 68.818253
    endloop
  endfacet
  facet normal 0.896871 0.114474 0.427222
    outer loop
      vertex 1.820749 22.981113 65.675423
      vertex 1.820749 17.958298 67.021286
      vertex 1.988526 22.893057 65.346802
    endloop
  endfacet
  facet normal 0.000001 -0.965926 0.258819
    outer loop
      vertex 3.050000 22.618328 64.321495
      vertex 3.390218 22.574903 64.159431
      vertex 3.391345 23.149490 66.303818
    endloop
  endfacet
  facet normal -0.000003 -0.965926 0.258819
    outer loop
      vertex 3.390218 22.574903 64.159431
      vertex 3.502236 23.095795 66.103424
      vertex 3.391345 23.149490 66.303818
    endloop
  endfacet
  facet normal 0.000005 -0.965926 0.258818
    outer loop
      vertex 3.390218 22.574903 64.159431
      vertex 3.833316 23.010105 65.783623
      vertex 3.651472 23.048731 65.927780
    endloop
  endfacet
  facet normal -0.000001 -0.965926 0.258819
    outer loop
      vertex 3.390218 22.574903 64.159431
      vertex 3.651472 23.048731 65.927780
      vertex 3.502236 23.095795 66.103424
    endloop
  endfacet
  facet normal 0.000005 -0.965926 0.258818
    outer loop
      vertex 3.050000 22.618328 64.321495
      vertex 3.391345 23.149490 66.303818
      vertex 3.323058 23.207754 66.521263
    endloop
  endfacet
  facet normal 0.000016 -0.965926 0.258819
    outer loop
      vertex 1.820749 22.981113 65.675423
      vertex 1.820749 23.555578 67.819359
      vertex 1.698815 23.074081 66.022392
    endloop
  endfacet
  facet normal 0.000002 -0.965926 0.258820
    outer loop
      vertex 1.698815 23.074081 66.022392
      vertex 1.698815 23.462608 67.472389
      vertex 1.624810 23.170376 66.381767
    endloop
  endfacet
  facet normal -0.000003 -0.965926 0.258820
    outer loop
      vertex 1.624810 23.170376 66.381767
      vertex 1.624810 23.366316 67.113022
      vertex 1.600000 23.268345 66.747391
    endloop
  endfacet
  facet normal -0.000002 -0.965926 0.258820
    outer loop
      vertex 1.624810 23.170376 66.381767
      vertex 1.698815 23.462608 67.472389
      vertex 1.624810 23.366316 67.113022
    endloop
  endfacet
  facet normal -0.000005 -0.965926 0.258820
    outer loop
      vertex 1.698815 23.074081 66.022392
      vertex 1.820749 23.555578 67.819359
      vertex 1.698815 23.462608 67.472389
    endloop
  endfacet
  facet normal -0.000016 -0.965926 0.258819
    outer loop
      vertex 1.820749 22.981113 65.675423
      vertex 1.988526 22.893057 65.346802
      vertex 1.988526 23.643633 68.147987
    endloop
  endfacet
  facet normal 0.000009 -0.965926 0.258819
    outer loop
      vertex 2.199275 22.811424 65.042137
      vertex 2.199275 23.725267 68.452644
      vertex 1.988526 22.893057 65.346802
    endloop
  endfacet
  facet normal 0.000003 -0.965926 0.258819
    outer loop
      vertex 2.734592 22.672874 64.525063
      vertex 2.734592 23.863817 68.969719
      vertex 2.449390 22.737608 64.766655
    endloop
  endfacet
  facet normal -0.000004 -0.965926 0.258819
    outer loop
      vertex 2.199275 22.811424 65.042137
      vertex 2.449390 22.737608 64.766655
      vertex 2.449390 23.799082 68.728127
    endloop
  endfacet
  facet normal -0.000002 -0.965926 0.258819
    outer loop
      vertex 2.734592 22.672874 64.525063
      vertex 3.050000 22.618328 64.321495
      vertex 3.050000 23.918362 69.173286
    endloop
  endfacet
  facet normal -0.000001 -0.965926 0.258819
    outer loop
      vertex 3.050000 22.618328 64.321495
      vertex 3.323058 23.207754 66.521263
      vertex 3.300000 23.268345 66.747391
    endloop
  endfacet
  facet normal 0.000418 -0.965937 0.258779
    outer loop
      vertex 3.050000 22.618328 64.321495
      vertex 3.300000 23.268345 66.747391
      vertex 3.323058 23.328938 66.973526
    endloop
  endfacet
  facet normal 0.000000 -0.965926 0.258819
    outer loop
      vertex 3.050000 22.618328 64.321495
      vertex 3.323058 23.328938 66.973526
      vertex 3.390218 23.961786 69.335350
    endloop
  endfacet
  facet normal -0.000005 -0.965926 0.258819
    outer loop
      vertex 1.820749 22.981113 65.675423
      vertex 1.988526 23.643633 68.147987
      vertex 1.820749 23.555578 67.819359
    endloop
  endfacet
  facet normal 0.000009 -0.965926 0.258819
    outer loop
      vertex 1.988526 22.893057 65.346802
      vertex 2.199275 23.725267 68.452644
      vertex 1.988526 23.643633 68.147987
    endloop
  endfacet
  facet normal -0.000003 -0.965926 0.258819
    outer loop
      vertex 2.199275 22.811424 65.042137
      vertex 2.449390 23.799082 68.728127
      vertex 2.199275 23.725267 68.452644
    endloop
  endfacet
  facet normal 0.000003 -0.965926 0.258819
    outer loop
      vertex 2.449390 22.737608 64.766655
      vertex 2.734592 23.863817 68.969719
      vertex 2.449390 23.799082 68.728127
    endloop
  endfacet
  facet normal -0.000004 -0.965926 0.258819
    outer loop
      vertex 2.734592 22.672874 64.525063
      vertex 3.050000 23.918362 69.173286
      vertex 2.734592 23.863817 68.969719
    endloop
  endfacet
  facet normal -0.000001 -0.965926 0.258819
    outer loop
      vertex 3.050000 22.618328 64.321495
      vertex 3.390218 23.961786 69.335350
      vertex 3.050000 23.918362 69.173286
    endloop
  endfacet
  facet normal -0.000006 -0.965926 0.258819
    outer loop
      vertex 3.323058 23.328938 66.973526
      vertex 3.391345 23.387199 67.190964
      vertex 3.390218 23.961786 69.335350
    endloop
  endfacet
  facet normal 0.000003 -0.965926 0.258819
    outer loop
      vertex 3.391345 23.387199 67.190964
      vertex 3.502236 23.440895 67.391357
      vertex 3.390218 23.961786 69.335350
    endloop
  endfacet
  facet normal 0.065411 0.258265 0.963857
    outer loop
      vertex 4.121474 22.524191 63.970173
      vertex 4.121474 17.501377 65.316032
      vertex 4.500000 22.517771 63.946205
    endloop
  endfacet
  facet normal 0.195090 0.253845 0.947366
    outer loop
      vertex 3.749425 22.543344 64.041656
      vertex 3.749425 17.520531 65.387512
      vertex 4.121474 22.524191 63.970173
    endloop
  endfacet
  facet normal -0.065411 0.258265 0.963857
    outer loop
      vertex 4.500000 22.517771 63.946205
      vertex 4.500000 17.494955 65.292068
      vertex 4.878526 22.524191 63.970173
    endloop
  endfacet
  facet normal -0.195090 0.253846 0.947366
    outer loop
      vertex 4.878526 22.524191 63.970173
      vertex 4.878526 17.501377 65.316032
      vertex 5.250575 22.543344 64.041656
    endloop
  endfacet
  facet normal -0.321429 0.245084 0.914668
    outer loop
      vertex 5.250575 22.543344 64.041656
      vertex 5.250575 17.520531 65.387512
      vertex 5.609782 22.574903 64.159431
    endloop
  endfacet
  facet normal -0.442296 0.232128 0.866309
    outer loop
      vertex 5.609782 22.574903 64.159431
      vertex 5.609782 17.552090 65.505295
      vertex 5.950000 22.618328 64.321495
    endloop
  endfacet
  facet normal -0.555570 0.215200 0.803138
    outer loop
      vertex 5.950000 22.618328 64.321495
      vertex 5.950000 17.595514 65.667351
      vertex 6.265408 22.672874 64.525063
    endloop
  endfacet
  facet normal -0.659345 0.194590 0.726222
    outer loop
      vertex 6.265408 22.672874 64.525063
      vertex 6.265408 17.650061 65.870918
      vertex 6.550610 22.737608 64.766655
    endloop
  endfacet
  facet normal -0.751839 0.170651 0.636881
    outer loop
      vertex 6.550610 22.737608 64.766655
      vertex 6.550610 17.714794 66.112511
      vertex 6.800725 22.811424 65.042137
    endloop
  endfacet
  facet normal -0.831440 0.143804 0.536682
    outer loop
      vertex 6.800725 22.811424 65.042137
      vertex 6.800725 17.788610 66.388000
      vertex 6.805000 22.813080 65.048317
    endloop
  endfacet
  facet normal -0.000003 -0.965925 0.258820
    outer loop
      vertex 3.390218 22.574903 64.159431
      vertex 3.749425 22.543344 64.041656
      vertex 3.833316 23.010105 65.783623
    endloop
  endfacet
  facet normal 0.000001 -0.965926 0.258820
    outer loop
      vertex 3.749425 22.543344 64.041656
      vertex 4.121474 22.524191 63.970173
      vertex 4.265892 22.963730 65.610550
    endloop
  endfacet
  facet normal 0.000005 -0.965926 0.258818
    outer loop
      vertex 4.121474 22.524191 63.970173
      vertex 4.500000 22.517771 63.946205
      vertex 4.500000 22.957762 65.588280
    endloop
  endfacet
  facet normal -0.000005 -0.965926 0.258819
    outer loop
      vertex 4.500000 22.517771 63.946205
      vertex 4.878526 22.524191 63.970173
      vertex 4.734108 22.963730 65.610550
    endloop
  endfacet
  facet normal -0.000001 -0.965926 0.258820
    outer loop
      vertex 4.878526 22.524191 63.970173
      vertex 5.250575 22.543344 64.041656
      vertex 5.166684 23.010105 65.783623
    endloop
  endfacet
  facet normal -0.000008 -0.965925 0.258821
    outer loop
      vertex 3.749425 22.543344 64.041656
      vertex 4.040780 22.981403 65.676514
      vertex 3.833316 23.010105 65.783623
    endloop
  endfacet
  facet normal 0.000006 -0.965926 0.258818
    outer loop
      vertex 3.749425 22.543344 64.041656
      vertex 4.265892 22.963730 65.610550
      vertex 4.040780 22.981403 65.676514
    endloop
  endfacet
  facet normal -0.000003 -0.965926 0.258820
    outer loop
      vertex 4.121474 22.524191 63.970173
      vertex 4.500000 22.957762 65.588280
      vertex 4.265892 22.963730 65.610550
    endloop
  endfacet
  facet normal 0.000003 -0.965926 0.258818
    outer loop
      vertex 4.500000 22.517771 63.946205
      vertex 4.734108 22.963730 65.610550
      vertex 4.500000 22.957762 65.588280
    endloop
  endfacet
  facet normal -0.000006 -0.965926 0.258819
    outer loop
      vertex 4.878526 22.524191 63.970173
      vertex 4.959220 22.981403 65.676514
      vertex 4.734108 22.963730 65.610550
    endloop
  endfacet
  facet normal 0.000010 -0.965926 0.258819
    outer loop
      vertex 4.878526 22.524191 63.970173
      vertex 5.166684 23.010105 65.783623
      vertex 4.959220 22.981403 65.676514
    endloop
  endfacet
  facet normal 0.000003 -0.965926 0.258819
    outer loop
      vertex 5.250575 22.543344 64.041656
      vertex 5.609782 22.574903 64.159431
      vertex 5.497764 23.095795 66.103424
    endloop
  endfacet
  facet normal -0.000007 -0.965926 0.258820
    outer loop
      vertex 5.250575 22.543344 64.041656
      vertex 5.348528 23.048731 65.927780
      vertex 5.166684 23.010105 65.783623
    endloop
  endfacet
  facet normal 0.000001 -0.965926 0.258820
    outer loop
      vertex 5.250575 22.543344 64.041656
      vertex 5.497764 23.095795 66.103424
      vertex 5.348528 23.048731 65.927780
    endloop
  endfacet
  facet normal 0.000003 -0.965926 0.258819
    outer loop
      vertex 5.609782 22.574903 64.159431
      vertex 5.608655 23.149490 66.303818
      vertex 5.497764 23.095795 66.103424
    endloop
  endfacet
  facet normal -0.000008 -0.965926 0.258819
    outer loop
      vertex 5.609782 22.574903 64.159431
      vertex 5.676942 23.207754 66.521263
      vertex 5.608655 23.149490 66.303818
    endloop
  endfacet
  facet normal -0.000066 -0.965926 0.258819
    outer loop
      vertex 6.800725 22.811424 65.042137
      vertex 6.805000 22.813080 65.048317
      vertex 6.805000 23.248934 66.674950
    endloop
  endfacet
  facet normal -0.000001 -0.965926 0.258819
    outer loop
      vertex 5.609782 22.574903 64.159431
      vertex 5.950000 22.618328 64.321495
      vertex 5.950000 23.918362 69.173286
    endloop
  endfacet
  facet normal 0.000002 -0.965926 0.258819
    outer loop
      vertex 5.950000 22.618328 64.321495
      vertex 6.265408 22.672874 64.525063
      vertex 6.265408 23.863817 68.969719
    endloop
  endfacet
  facet normal 0.000001 -0.965926 0.258819
    outer loop
      vertex 5.609782 22.574903 64.159431
      vertex 5.950000 23.918362 69.173286
      vertex 5.676942 23.207754 66.521263
    endloop
  endfacet
  facet normal -0.000003 -0.965926 0.258819
    outer loop
      vertex 6.265408 22.672874 64.525063
      vertex 6.550610 22.737608 64.766655
      vertex 6.550610 23.799082 68.728127
    endloop
  endfacet
  facet normal 0.000004 -0.965926 0.258819
    outer loop
      vertex 6.550610 22.737608 64.766655
      vertex 6.800725 22.811424 65.042137
      vertex 6.800725 23.725267 68.452644
    endloop
  endfacet
  facet normal -0.000338 -0.965926 0.258819
    outer loop
      vertex 6.800725 22.811424 65.042137
      vertex 6.805000 23.248934 66.674950
      vertex 6.800725 23.725267 68.452644
    endloop
  endfacet
  facet normal -0.000119 -0.965923 0.258830
    outer loop
      vertex 5.676942 23.207754 66.521263
      vertex 5.950000 23.918362 69.173286
      vertex 5.700000 23.268345 66.747391
    endloop
  endfacet
  facet normal 0.000004 -0.965926 0.258819
    outer loop
      vertex 5.950000 22.618328 64.321495
      vertex 6.265408 23.863817 68.969719
      vertex 5.950000 23.918362 69.173286
    endloop
  endfacet
  facet normal -0.000003 -0.965926 0.258819
    outer loop
      vertex 6.265408 22.672874 64.525063
      vertex 6.550610 23.799082 68.728127
      vertex 6.265408 23.863817 68.969719
    endloop
  endfacet
  facet normal 0.000002 -0.965926 0.258819
    outer loop
      vertex 5.700000 23.268345 66.747391
      vertex 5.950000 23.918362 69.173286
      vertex 5.676942 23.328938 66.973526
    endloop
  endfacet
  facet normal 0.000004 -0.965926 0.258819
    outer loop
      vertex 5.676942 23.328938 66.973526
      vertex 5.950000 23.918362 69.173286
      vertex 5.608655 23.387199 67.190964
    endloop
  endfacet
  facet normal -0.000003 -0.965926 0.258819
    outer loop
      vertex 5.608655 23.387199 67.190964
      vertex 5.609782 23.961786 69.335350
      vertex 5.497764 23.440895 67.391357
    endloop
  endfacet
  facet normal 0.000003 -0.965926 0.258819
    outer loop
      vertex 6.550610 22.737608 64.766655
      vertex 6.800725 23.725267 68.452644
      vertex 6.550610 23.799082 68.728127
    endloop
  endfacet
  facet normal -0.000005 -0.965926 0.258820
    outer loop
      vertex 6.805000 23.248934 66.674950
      vertex 6.907223 23.449896 67.424950
      vertex 6.800725 23.725267 68.452644
    endloop
  endfacet
  facet normal 0.000009 -0.965926 0.258817
    outer loop
      vertex 6.907223 23.449896 67.424950
      vertex 7.123328 23.584929 67.928894
      vertex 7.011474 23.643633 68.147987
    endloop
  endfacet
  facet normal -0.000008 -0.965926 0.258820
    outer loop
      vertex 6.907223 23.449896 67.424950
      vertex 7.011474 23.643633 68.147987
      vertex 6.800725 23.725267 68.452644
    endloop
  endfacet
  facet normal 0.946931 -0.083194 -0.310485
    outer loop
      vertex 1.698815 23.462608 67.472389
      vertex 1.820749 23.555578 67.819359
      vertex 1.820749 18.532764 69.165215
    endloop
  endfacet
  facet normal 0.659346 -0.194591 -0.726221
    outer loop
      vertex 2.449390 23.799082 68.728127
      vertex 2.734592 18.841003 70.315582
      vertex 2.449390 18.776268 70.073990
    endloop
  endfacet
  facet normal 0.555569 -0.215201 -0.803139
    outer loop
      vertex 2.734592 23.863817 68.969719
      vertex 3.050000 18.895548 70.519150
      vertex 2.734592 18.841003 70.315582
    endloop
  endfacet
  facet normal 0.442281 -0.232129 -0.866316
    outer loop
      vertex 3.050000 23.918362 69.173286
      vertex 3.390218 18.938972 70.681206
      vertex 3.050000 18.895548 70.519150
    endloop
  endfacet
  facet normal 0.321447 -0.245082 -0.914662
    outer loop
      vertex 3.390218 23.961786 69.335350
      vertex 3.749425 18.970531 70.798988
      vertex 3.390218 18.938972 70.681206
    endloop
  endfacet
  facet normal 0.896874 -0.114472 -0.427215
    outer loop
      vertex 1.820749 23.555578 67.819359
      vertex 1.988526 23.643633 68.147987
      vertex 1.988526 18.620819 69.493843
    endloop
  endfacet
  facet normal 0.831467 -0.143794 -0.536644
    outer loop
      vertex 1.988526 23.643633 68.147987
      vertex 2.199275 23.725267 68.452644
      vertex 2.199275 18.702452 69.798508
    endloop
  endfacet
  facet normal 0.751838 -0.170652 -0.636881
    outer loop
      vertex 2.199275 23.725267 68.452644
      vertex 2.449390 23.799082 68.728127
      vertex 2.449390 18.776268 70.073990
    endloop
  endfacet
  facet normal 0.659346 -0.194591 -0.726221
    outer loop
      vertex 2.449390 23.799082 68.728127
      vertex 2.734592 23.863817 68.969719
      vertex 2.734592 18.841003 70.315582
    endloop
  endfacet
  facet normal 0.555569 -0.215201 -0.803139
    outer loop
      vertex 2.734592 23.863817 68.969719
      vertex 3.050000 23.918362 69.173286
      vertex 3.050000 18.895548 70.519150
    endloop
  endfacet
  facet normal 0.442296 -0.232126 -0.866309
    outer loop
      vertex 3.050000 23.918362 69.173286
      vertex 3.390218 23.961786 69.335350
      vertex 3.390218 18.938972 70.681206
    endloop
  endfacet
  facet normal 0.321429 -0.245085 -0.914667
    outer loop
      vertex 3.390218 23.961786 69.335350
      vertex 3.749425 23.993345 69.453125
      vertex 3.749425 18.970531 70.798988
    endloop
  endfacet
  facet normal -0.000000 -0.965926 0.258820
    outer loop
      vertex 3.502236 23.440895 67.391357
      vertex 3.651472 23.487961 67.567009
      vertex 3.749425 23.993345 69.453125
    endloop
  endfacet
  facet normal 0.000003 -0.965926 0.258819
    outer loop
      vertex 3.502236 23.440895 67.391357
      vertex 3.749425 23.993345 69.453125
      vertex 3.390218 23.961786 69.335350
    endloop
  endfacet
  facet normal -0.321447 -0.245084 -0.914662
    outer loop
      vertex 5.250575 23.993345 69.453125
      vertex 5.609782 18.938972 70.681206
      vertex 5.250575 18.970531 70.798988
    endloop
  endfacet
  facet normal -0.659346 -0.194591 -0.726221
    outer loop
      vertex 6.265408 23.863817 68.969719
      vertex 6.550610 18.776268 70.073990
      vertex 6.265408 18.841003 70.315582
    endloop
  endfacet
  facet normal -0.442281 -0.232128 -0.866317
    outer loop
      vertex 5.609782 23.961786 69.335350
      vertex 5.950000 18.895548 70.519150
      vertex 5.609782 18.938972 70.681206
    endloop
  endfacet
  facet normal -0.555569 -0.215201 -0.803139
    outer loop
      vertex 5.950000 23.918362 69.173286
      vertex 6.265408 18.841003 70.315582
      vertex 5.950000 18.895548 70.519150
    endloop
  endfacet
  facet normal -0.896875 -0.114472 -0.427213
    outer loop
      vertex 7.123328 23.584929 67.928894
      vertex 7.123328 18.562115 69.274757
      vertex 7.011474 23.643633 68.147987
    endloop
  endfacet
  facet normal -0.751838 -0.170652 -0.636881
    outer loop
      vertex 6.800725 23.725267 68.452644
      vertex 6.800725 18.702452 69.798508
      vertex 6.550610 23.799082 68.728127
    endloop
  endfacet
  facet normal -0.831467 -0.143793 -0.536644
    outer loop
      vertex 6.800725 23.725267 68.452644
      vertex 7.011474 23.643633 68.147987
      vertex 7.011474 18.620819 69.493843
    endloop
  endfacet
  facet normal 0.195081 -0.253847 -0.947367
    outer loop
      vertex 3.749425 23.993345 69.453125
      vertex 4.121474 18.989685 70.870468
      vertex 3.749425 18.970531 70.798988
    endloop
  endfacet
  facet normal 0.065402 -0.258264 -0.963858
    outer loop
      vertex 4.121474 24.012499 69.524612
      vertex 4.500000 18.996107 70.894432
      vertex 4.121474 18.989685 70.870468
    endloop
  endfacet
  facet normal -0.065402 -0.258264 -0.963858
    outer loop
      vertex 4.500000 24.018921 69.548576
      vertex 4.878526 18.989685 70.870468
      vertex 4.500000 18.996107 70.894432
    endloop
  endfacet
  facet normal -0.195081 -0.253846 -0.947368
    outer loop
      vertex 4.878526 24.012499 69.524612
      vertex 5.250575 18.970531 70.798988
      vertex 4.878526 18.989685 70.870468
    endloop
  endfacet
  facet normal 0.195099 -0.253845 -0.947364
    outer loop
      vertex 3.749425 23.993345 69.453125
      vertex 4.121474 24.012499 69.524612
      vertex 4.121474 18.989685 70.870468
    endloop
  endfacet
  facet normal 0.065402 -0.258264 -0.963858
    outer loop
      vertex 4.121474 24.012499 69.524612
      vertex 4.500000 24.018921 69.548576
      vertex 4.500000 18.996107 70.894432
    endloop
  endfacet
  facet normal -0.065402 -0.258264 -0.963858
    outer loop
      vertex 4.500000 24.018921 69.548576
      vertex 4.878526 24.012499 69.524612
      vertex 4.878526 18.989685 70.870468
    endloop
  endfacet
  facet normal -0.195100 -0.253846 -0.947364
    outer loop
      vertex 4.878526 24.012499 69.524612
      vertex 5.250575 23.993345 69.453125
      vertex 5.250575 18.970531 70.798988
    endloop
  endfacet
  facet normal 0.000004 -0.965926 0.258819
    outer loop
      vertex 3.651472 23.487961 67.567009
      vertex 3.833316 23.526587 67.711159
      vertex 3.749425 23.993345 69.453125
    endloop
  endfacet
  facet normal 0.000001 -0.965926 0.258818
    outer loop
      vertex 3.833316 23.526587 67.711159
      vertex 4.040780 23.555286 67.818268
      vertex 4.121474 24.012499 69.524612
    endloop
  endfacet
  facet normal -0.000006 -0.965926 0.258819
    outer loop
      vertex 4.040780 23.555286 67.818268
      vertex 4.265892 23.572960 67.884232
      vertex 4.121474 24.012499 69.524612
    endloop
  endfacet
  facet normal 0.000003 -0.965926 0.258819
    outer loop
      vertex 4.265892 23.572960 67.884232
      vertex 4.500000 23.578928 67.906502
      vertex 4.500000 24.018921 69.548576
    endloop
  endfacet
  facet normal -0.000003 -0.965926 0.258819
    outer loop
      vertex 4.500000 23.578928 67.906502
      vertex 4.734108 23.572960 67.884232
      vertex 4.878526 24.012499 69.524612
    endloop
  endfacet
  facet normal 0.000006 -0.965926 0.258818
    outer loop
      vertex 4.959220 23.555286 67.818268
      vertex 5.250575 23.993345 69.453125
      vertex 4.734108 23.572960 67.884232
    endloop
  endfacet
  facet normal -0.000000 -0.965926 0.258819
    outer loop
      vertex 4.959220 23.555286 67.818268
      vertex 5.166684 23.526587 67.711159
      vertex 5.250575 23.993345 69.453125
    endloop
  endfacet
  facet normal -0.000004 -0.965926 0.258820
    outer loop
      vertex 5.166684 23.526587 67.711159
      vertex 5.348528 23.487961 67.567009
      vertex 5.609782 23.961786 69.335350
    endloop
  endfacet
  facet normal -0.000003 -0.965926 0.258819
    outer loop
      vertex 5.166684 23.526587 67.711159
      vertex 5.609782 23.961786 69.335350
      vertex 5.250575 23.993345 69.453125
    endloop
  endfacet
  facet normal -0.442296 -0.232128 -0.866309
    outer loop
      vertex 5.950000 23.918362 69.173286
      vertex 5.950000 18.895548 70.519150
      vertex 5.609782 23.961786 69.335350
    endloop
  endfacet
  facet normal -0.555569 -0.215201 -0.803139
    outer loop
      vertex 5.950000 23.918362 69.173286
      vertex 6.265408 23.863817 68.969719
      vertex 6.265408 18.841003 70.315582
    endloop
  endfacet
  facet normal -0.321429 -0.245084 -0.914668
    outer loop
      vertex 5.250575 23.993345 69.453125
      vertex 5.609782 23.961786 69.335350
      vertex 5.609782 18.938972 70.681206
    endloop
  endfacet
  facet normal -0.659346 -0.194591 -0.726221
    outer loop
      vertex 6.265408 23.863817 68.969719
      vertex 6.550610 23.799082 68.728127
      vertex 6.550610 18.776268 70.073990
    endloop
  endfacet
  facet normal -0.000000 -0.965926 0.258819
    outer loop
      vertex 5.348528 23.487961 67.567009
      vertex 5.497764 23.440895 67.391357
      vertex 5.609782 23.961786 69.335350
    endloop
  endfacet
  facet normal 0.000001 -0.965926 0.258819
    outer loop
      vertex 5.608655 23.387199 67.190964
      vertex 5.950000 23.918362 69.173286
      vertex 5.609782 23.961786 69.335350
    endloop
  endfacet
  facet normal -0.000004 -0.965926 0.258819
    outer loop
      vertex 3.833316 23.526587 67.711159
      vertex 4.121474 24.012499 69.524612
      vertex 3.749425 23.993345 69.453125
    endloop
  endfacet
  facet normal 0.000002 -0.965926 0.258819
    outer loop
      vertex 4.265892 23.572960 67.884232
      vertex 4.500000 24.018921 69.548576
      vertex 4.121474 24.012499 69.524612
    endloop
  endfacet
  facet normal -0.000002 -0.965926 0.258819
    outer loop
      vertex 4.500000 23.578928 67.906502
      vertex 4.878526 24.012499 69.524612
      vertex 4.500000 24.018921 69.548576
    endloop
  endfacet
  facet normal 0.000004 -0.965926 0.258819
    outer loop
      vertex 4.734108 23.572960 67.884232
      vertex 5.250575 23.993345 69.453125
      vertex 4.878526 24.012499 69.524612
    endloop
  endfacet
  facet normal 0.773004 0.164195 0.612785
    outer loop
      vertex 3.651472 23.048731 65.927780
      vertex 3.502236 26.283350 65.249321
      vertex 3.502236 23.095795 66.103424
    endloop
  endfacet
  facet normal 0.773004 0.164195 0.612785
    outer loop
      vertex 3.651472 23.048731 65.927780
      vertex 3.651472 26.236286 65.073677
      vertex 3.502236 26.283350 65.249321
    endloop
  endfacet
  facet normal 0.956942 0.075130 0.280389
    outer loop
      vertex 3.391345 23.149490 66.303818
      vertex 3.391345 26.337046 65.449715
      vertex 3.323058 26.395309 65.667160
    endloop
  endfacet
  facet normal 0.881920 0.122007 0.455336
    outer loop
      vertex 3.502236 23.095795 66.103424
      vertex 3.502236 26.283350 65.249321
      vertex 3.391345 26.337046 65.449715
    endloop
  endfacet
  facet normal 0.881920 0.122007 0.455336
    outer loop
      vertex 3.502236 23.095795 66.103424
      vertex 3.391345 26.337046 65.449715
      vertex 3.391345 23.149490 66.303818
    endloop
  endfacet
  facet normal 0.956942 0.075130 0.280389
    outer loop
      vertex 3.391345 23.149490 66.303818
      vertex 3.323058 26.395309 65.667160
      vertex 3.323058 23.207754 66.521263
    endloop
  endfacet
  facet normal 0.995185 0.025369 0.094679
    outer loop
      vertex 3.323058 23.207754 66.521263
      vertex 3.300000 26.455900 65.893288
      vertex 3.300000 23.268345 66.747391
    endloop
  endfacet
  facet normal 0.995185 -0.025368 -0.094676
    outer loop
      vertex 3.300000 23.268345 66.747391
      vertex 3.323058 26.516493 66.119423
      vertex 3.323058 23.328938 66.973526
    endloop
  endfacet
  facet normal 0.956939 -0.075132 -0.280398
    outer loop
      vertex 3.323058 23.328938 66.973526
      vertex 3.391345 26.574755 66.336861
      vertex 3.391345 23.387199 67.190964
    endloop
  endfacet
  facet normal 0.881920 -0.122007 -0.455336
    outer loop
      vertex 3.391345 23.387199 67.190964
      vertex 3.502236 26.628450 66.537254
      vertex 3.502236 23.440895 67.391357
    endloop
  endfacet
  facet normal 0.773017 -0.164191 -0.612769
    outer loop
      vertex 3.502236 23.440895 67.391357
      vertex 3.651472 26.675516 66.712906
      vertex 3.651472 23.487961 67.567009
    endloop
  endfacet
  facet normal 0.995185 0.025369 0.094679
    outer loop
      vertex 3.323058 23.207754 66.521263
      vertex 3.323058 26.395309 65.667160
      vertex 3.300000 26.455900 65.893288
    endloop
  endfacet
  facet normal 0.995185 -0.025368 -0.094676
    outer loop
      vertex 3.300000 23.268345 66.747391
      vertex 3.300000 26.455900 65.893288
      vertex 3.323058 26.516493 66.119423
    endloop
  endfacet
  facet normal 0.956939 -0.075132 -0.280398
    outer loop
      vertex 3.323058 23.328938 66.973526
      vertex 3.323058 26.516493 66.119423
      vertex 3.391345 26.574755 66.336861
    endloop
  endfacet
  facet normal 0.881920 -0.122007 -0.455336
    outer loop
      vertex 3.391345 23.387199 67.190964
      vertex 3.391345 26.574755 66.336861
      vertex 3.502236 26.628450 66.537254
    endloop
  endfacet
  facet normal 0.773017 -0.164191 -0.612769
    outer loop
      vertex 3.502236 23.440895 67.391357
      vertex 3.502236 26.628450 66.537254
      vertex 3.651472 26.675516 66.712906
    endloop
  endfacet
  facet normal 0.471383 0.228260 0.851877
    outer loop
      vertex 3.833316 23.010105 65.783623
      vertex 4.040780 22.981403 65.676514
      vertex 3.833316 26.197660 64.929520
    endloop
  endfacet
  facet normal 0.634411 0.200066 0.746656
    outer loop
      vertex 3.651472 23.048731 65.927780
      vertex 3.833316 23.010105 65.783623
      vertex 3.651472 26.236286 65.073677
    endloop
  endfacet
  facet normal 0.290298 0.247673 0.924329
    outer loop
      vertex 4.040780 22.981403 65.676514
      vertex 4.265892 22.963730 65.610550
      vertex 4.040780 26.168959 64.822411
    endloop
  endfacet
  facet normal 0.098010 0.257573 0.961275
    outer loop
      vertex 4.265892 22.963730 65.610550
      vertex 4.500000 22.957762 65.588280
      vertex 4.265892 26.151285 64.756447
    endloop
  endfacet
  facet normal -0.098010 0.257573 0.961275
    outer loop
      vertex 4.500000 22.957762 65.588280
      vertex 4.734108 22.963730 65.610550
      vertex 4.500000 26.145317 64.734177
    endloop
  endfacet
  facet normal -0.290298 0.247673 0.924329
    outer loop
      vertex 4.734108 22.963730 65.610550
      vertex 4.959220 22.981403 65.676514
      vertex 4.734108 26.151285 64.756447
    endloop
  endfacet
  facet normal -0.471384 0.228260 0.851877
    outer loop
      vertex 4.959220 22.981403 65.676514
      vertex 5.166684 23.010105 65.783623
      vertex 4.959220 26.168959 64.822411
    endloop
  endfacet
  facet normal -0.634411 0.200066 0.746656
    outer loop
      vertex 5.166684 23.010105 65.783623
      vertex 5.348528 23.048731 65.927780
      vertex 5.166684 26.197660 64.929520
    endloop
  endfacet
  facet normal -0.773003 0.164195 0.612785
    outer loop
      vertex 5.348528 23.048731 65.927780
      vertex 5.497764 23.095795 66.103424
      vertex 5.348528 26.236286 65.073677
    endloop
  endfacet
  facet normal 0.471383 0.228260 0.851877
    outer loop
      vertex 4.040780 22.981403 65.676514
      vertex 4.040780 26.168959 64.822411
      vertex 3.833316 26.197660 64.929520
    endloop
  endfacet
  facet normal 0.290298 0.247673 0.924329
    outer loop
      vertex 4.265892 22.963730 65.610550
      vertex 4.265892 26.151285 64.756447
      vertex 4.040780 26.168959 64.822411
    endloop
  endfacet
  facet normal 0.098010 0.257573 0.961275
    outer loop
      vertex 4.500000 22.957762 65.588280
      vertex 4.500000 26.145317 64.734177
      vertex 4.265892 26.151285 64.756447
    endloop
  endfacet
  facet normal 0.634411 0.200066 0.746656
    outer loop
      vertex 3.833316 23.010105 65.783623
      vertex 3.833316 26.197660 64.929520
      vertex 3.651472 26.236286 65.073677
    endloop
  endfacet
  facet normal -0.098010 0.257573 0.961275
    outer loop
      vertex 4.734108 22.963730 65.610550
      vertex 4.734108 26.151285 64.756447
      vertex 4.500000 26.145317 64.734177
    endloop
  endfacet
  facet normal -0.290298 0.247673 0.924329
    outer loop
      vertex 4.959220 22.981403 65.676514
      vertex 4.959220 26.168959 64.822411
      vertex 4.734108 26.151285 64.756447
    endloop
  endfacet
  facet normal -0.471384 0.228260 0.851877
    outer loop
      vertex 5.166684 23.010105 65.783623
      vertex 5.166684 26.197660 64.929520
      vertex 4.959220 26.168959 64.822411
    endloop
  endfacet
  facet normal -0.634411 0.200066 0.746656
    outer loop
      vertex 5.348528 23.048731 65.927780
      vertex 5.348528 26.236286 65.073677
      vertex 5.166684 26.197660 64.929520
    endloop
  endfacet
  facet normal -0.773003 0.164195 0.612785
    outer loop
      vertex 5.497764 23.095795 66.103424
      vertex 5.497764 26.283350 65.249321
      vertex 5.348528 26.236286 65.073677
    endloop
  endfacet
  facet normal -0.881920 0.122007 0.455336
    outer loop
      vertex 5.608655 23.149490 66.303818
      vertex 5.608655 26.337046 65.449715
      vertex 5.497764 26.283350 65.249321
    endloop
  endfacet
  facet normal 0.634393 -0.200070 -0.746671
    outer loop
      vertex 3.651472 23.487961 67.567009
      vertex 3.833316 26.714140 66.857056
      vertex 3.833316 23.526587 67.711159
    endloop
  endfacet
  facet normal 0.471382 -0.228260 -0.851878
    outer loop
      vertex 3.833316 23.526587 67.711159
      vertex 4.040780 26.742842 66.964165
      vertex 4.040780 23.555286 67.818268
    endloop
  endfacet
  facet normal 0.290298 -0.247673 -0.924329
    outer loop
      vertex 4.040780 23.555286 67.818268
      vertex 4.265892 26.760515 67.030128
      vertex 4.265892 23.572960 67.884232
    endloop
  endfacet
  facet normal 0.098010 -0.257573 -0.961275
    outer loop
      vertex 4.265892 23.572960 67.884232
      vertex 4.500000 26.766483 67.052399
      vertex 4.500000 23.578928 67.906502
    endloop
  endfacet
  facet normal -0.773017 -0.164191 -0.612770
    outer loop
      vertex 5.348528 23.487961 67.567009
      vertex 5.497764 26.628450 66.537254
      vertex 5.497764 23.440895 67.391357
    endloop
  endfacet
  facet normal -0.471382 -0.228260 -0.851878
    outer loop
      vertex 4.959220 23.555286 67.818268
      vertex 5.166684 26.714140 66.857056
      vertex 5.166684 23.526587 67.711159
    endloop
  endfacet
  facet normal -0.634393 -0.200070 -0.746671
    outer loop
      vertex 5.166684 23.526587 67.711159
      vertex 5.348528 26.675516 66.712906
      vertex 5.348528 23.487961 67.567009
    endloop
  endfacet
  facet normal -0.098010 -0.257573 -0.961275
    outer loop
      vertex 4.500000 23.578928 67.906502
      vertex 4.734108 26.760515 67.030128
      vertex 4.734108 23.572960 67.884232
    endloop
  endfacet
  facet normal -0.290298 -0.247673 -0.924329
    outer loop
      vertex 4.959220 23.555286 67.818268
      vertex 4.734108 23.572960 67.884232
      vertex 4.959220 26.742842 66.964165
    endloop
  endfacet
  facet normal -0.881920 0.122007 0.455336
    outer loop
      vertex 5.497764 23.095795 66.103424
      vertex 5.608655 23.149490 66.303818
      vertex 5.497764 26.283350 65.249321
    endloop
  endfacet
  facet normal -0.956942 0.075130 0.280389
    outer loop
      vertex 5.608655 23.149490 66.303818
      vertex 5.676942 23.207754 66.521263
      vertex 5.608655 26.337046 65.449715
    endloop
  endfacet
  facet normal -0.995185 0.025369 0.094678
    outer loop
      vertex 5.676942 23.207754 66.521263
      vertex 5.700000 23.268345 66.747391
      vertex 5.676942 26.395309 65.667160
    endloop
  endfacet
  facet normal -0.995185 -0.025368 -0.094675
    outer loop
      vertex 5.700000 23.268345 66.747391
      vertex 5.676942 23.328938 66.973526
      vertex 5.700000 26.455900 65.893288
    endloop
  endfacet
  facet normal -0.956939 -0.075132 -0.280398
    outer loop
      vertex 5.676942 23.328938 66.973526
      vertex 5.608655 23.387199 67.190964
      vertex 5.676942 26.516493 66.119423
    endloop
  endfacet
  facet normal -0.881920 -0.122007 -0.455336
    outer loop
      vertex 5.608655 23.387199 67.190964
      vertex 5.497764 23.440895 67.391357
      vertex 5.608655 26.574755 66.336861
    endloop
  endfacet
  facet normal -0.956942 0.075130 0.280389
    outer loop
      vertex 5.676942 23.207754 66.521263
      vertex 5.676942 26.395309 65.667160
      vertex 5.608655 26.337046 65.449715
    endloop
  endfacet
  facet normal -0.995185 0.025369 0.094678
    outer loop
      vertex 5.700000 23.268345 66.747391
      vertex 5.700000 26.455900 65.893288
      vertex 5.676942 26.395309 65.667160
    endloop
  endfacet
  facet normal -0.995185 -0.025368 -0.094675
    outer loop
      vertex 5.676942 23.328938 66.973526
      vertex 5.676942 26.516493 66.119423
      vertex 5.700000 26.455900 65.893288
    endloop
  endfacet
  facet normal -0.956939 -0.075132 -0.280398
    outer loop
      vertex 5.608655 23.387199 67.190964
      vertex 5.608655 26.574755 66.336861
      vertex 5.676942 26.516493 66.119423
    endloop
  endfacet
  facet normal -0.773017 -0.164191 -0.612770
    outer loop
      vertex 5.348528 23.487961 67.567009
      vertex 5.348528 26.675516 66.712906
      vertex 5.497764 26.628450 66.537254
    endloop
  endfacet
  facet normal 0.634391 -0.200070 -0.746672
    outer loop
      vertex 3.651472 23.487961 67.567009
      vertex 3.651472 26.675516 66.712906
      vertex 3.833316 26.714140 66.857056
    endloop
  endfacet
  facet normal 0.471383 -0.228260 -0.851877
    outer loop
      vertex 3.833316 23.526587 67.711159
      vertex 3.833316 26.714140 66.857056
      vertex 4.040780 26.742842 66.964165
    endloop
  endfacet
  facet normal 0.290298 -0.247673 -0.924329
    outer loop
      vertex 4.040780 23.555286 67.818268
      vertex 4.040780 26.742842 66.964165
      vertex 4.265892 26.760515 67.030128
    endloop
  endfacet
  facet normal 0.098010 -0.257573 -0.961275
    outer loop
      vertex 4.265892 23.572960 67.884232
      vertex 4.265892 26.760515 67.030128
      vertex 4.500000 26.766483 67.052399
    endloop
  endfacet
  facet normal -0.098010 -0.257573 -0.961275
    outer loop
      vertex 4.500000 23.578928 67.906502
      vertex 4.500000 26.766483 67.052399
      vertex 4.734108 26.760515 67.030128
    endloop
  endfacet
  facet normal -0.290298 -0.247673 -0.924329
    outer loop
      vertex 4.734108 23.572960 67.884232
      vertex 4.734108 26.760515 67.030128
      vertex 4.959220 26.742842 66.964165
    endloop
  endfacet
  facet normal -0.634391 -0.200070 -0.746672
    outer loop
      vertex 5.166684 23.526587 67.711159
      vertex 5.166684 26.714140 66.857056
      vertex 5.348528 26.675516 66.712906
    endloop
  endfacet
  facet normal -0.471384 -0.228260 -0.851877
    outer loop
      vertex 4.959220 23.555286 67.818268
      vertex 4.959220 26.742842 66.964165
      vertex 5.166684 26.714140 66.857056
    endloop
  endfacet
  facet normal -0.881920 -0.122007 -0.455336
    outer loop
      vertex 5.497764 23.440895 67.391357
      vertex 5.497764 26.628450 66.537254
      vertex 5.608655 26.574755 66.336861
    endloop
  endfacet
  facet normal 0.000001 0.965926 -0.258818
    outer loop
      vertex 3.333302 26.003981 64.206696
      vertex 3.651472 26.236286 65.073677
      vertex 3.696365 25.953754 64.019249
    endloop
  endfacet
  facet normal -0.000001 0.965926 -0.258819
    outer loop
      vertex 2.559853 26.247904 65.117035
      vertex 2.753914 26.757864 67.020233
      vertex 2.753914 26.153936 64.766342
    endloop
  endfacet
  facet normal -0.000005 0.965926 -0.258818
    outer loop
      vertex 3.015076 26.071573 64.458961
      vertex 3.323058 26.395309 65.667160
      vertex 3.333302 26.003981 64.206696
    endloop
  endfacet
  facet normal 0.000002 0.965926 -0.258818
    outer loop
      vertex 3.333302 26.003981 64.206696
      vertex 3.502236 26.283350 65.249321
      vertex 3.651472 26.236286 65.073677
    endloop
  endfacet
  facet normal 0.000004 0.965926 -0.258819
    outer loop
      vertex 3.333302 26.003981 64.206696
      vertex 3.391345 26.337046 65.449715
      vertex 3.502236 26.283350 65.249321
    endloop
  endfacet
  facet normal -0.000005 0.965926 -0.258818
    outer loop
      vertex 3.333302 26.003981 64.206696
      vertex 3.323058 26.395309 65.667160
      vertex 3.391345 26.337046 65.449715
    endloop
  endfacet
  facet normal 0.000002 0.965926 -0.258819
    outer loop
      vertex 3.015076 26.071573 64.458961
      vertex 2.753914 26.153936 64.766342
      vertex 3.015076 26.840227 67.327614
    endloop
  endfacet
  facet normal -0.000000 0.965926 -0.258819
    outer loop
      vertex 3.015076 26.071573 64.458961
      vertex 3.300000 26.455900 65.893288
      vertex 3.323058 26.395309 65.667160
    endloop
  endfacet
  facet normal 0.471393 0.228257 0.851873
    outer loop
      vertex 3.333302 26.003981 64.206696
      vertex 3.696365 25.953754 64.019249
      vertex 3.696365 27.402643 63.631023
    endloop
  endfacet
  facet normal 0.773008 0.164194 0.612780
    outer loop
      vertex 3.015076 26.071573 64.458961
      vertex 3.015076 27.520462 64.070732
      vertex 2.753914 26.153936 64.766342
    endloop
  endfacet
  facet normal 0.634397 0.200068 0.746668
    outer loop
      vertex 3.015076 26.071573 64.458961
      vertex 3.333302 26.003981 64.206696
      vertex 3.333302 27.452869 63.818470
    endloop
  endfacet
  facet normal 0.634391 0.200071 0.746672
    outer loop
      vertex 3.015076 26.071573 64.458961
      vertex 3.333302 27.452869 63.818470
      vertex 3.015076 27.520462 64.070732
    endloop
  endfacet
  facet normal 0.471393 0.228257 0.851873
    outer loop
      vertex 3.333302 26.003981 64.206696
      vertex 3.696365 27.402643 63.631023
      vertex 3.333302 27.452869 63.818470
    endloop
  endfacet
  facet normal 0.773015 0.164189 0.612772
    outer loop
      vertex 2.753914 26.153936 64.766342
      vertex 3.015076 27.520462 64.070732
      vertex 2.753914 27.602825 64.378120
    endloop
  endfacet
  facet normal 0.881922 0.122004 0.455333
    outer loop
      vertex 2.559853 26.247904 65.117035
      vertex 2.753914 26.153936 64.766342
      vertex 2.753914 27.602825 64.378120
    endloop
  endfacet
  facet normal 0.956941 0.075131 0.280392
    outer loop
      vertex 2.559853 26.247904 65.117035
      vertex 2.559853 27.696793 64.728806
      vertex 2.440351 26.349865 65.497559
    endloop
  endfacet
  facet normal 0.000001 0.965926 -0.258819
    outer loop
      vertex 2.559853 26.247904 65.117035
      vertex 2.440351 26.349865 65.497559
      vertex 2.559853 26.663897 66.669540
    endloop
  endfacet
  facet normal 0.881918 0.122008 0.455340
    outer loop
      vertex 2.559853 26.247904 65.117035
      vertex 2.753914 27.602825 64.378120
      vertex 2.559853 27.696793 64.728806
    endloop
  endfacet
  facet normal 0.995185 0.025369 0.094678
    outer loop
      vertex 2.440351 26.349865 65.497559
      vertex 2.429547 27.827143 65.215286
      vertex 2.400000 26.455900 65.893288
    endloop
  endfacet
  facet normal 0.000000 0.965926 -0.258819
    outer loop
      vertex 2.440351 26.349865 65.497559
      vertex 2.400000 26.455900 65.893288
      vertex 2.440351 26.561935 66.289017
    endloop
  endfacet
  facet normal -0.000001 0.965926 -0.258819
    outer loop
      vertex 2.440351 26.349865 65.497559
      vertex 2.440351 26.561935 66.289017
      vertex 2.559853 26.663897 66.669540
    endloop
  endfacet
  facet normal 0.000002 0.965926 -0.258819
    outer loop
      vertex 2.559853 26.247904 65.117035
      vertex 2.559853 26.663897 66.669540
      vertex 2.753914 26.757864 67.020233
    endloop
  endfacet
  facet normal 0.995185 -0.025369 -0.094677
    outer loop
      vertex 2.400000 26.455900 65.893288
      vertex 2.400000 27.904789 65.505058
      vertex 2.440351 26.561935 66.289017
    endloop
  endfacet
  facet normal 0.956941 -0.075131 -0.280392
    outer loop
      vertex 2.440351 26.561935 66.289017
      vertex 2.440351 28.010824 65.900787
      vertex 2.559853 26.663897 66.669540
    endloop
  endfacet
  facet normal 0.881922 -0.122006 -0.455333
    outer loop
      vertex 2.559853 26.663897 66.669540
      vertex 2.559853 28.112785 66.281311
      vertex 2.753914 26.757864 67.020233
    endloop
  endfacet
  facet normal -0.000003 0.965926 -0.258819
    outer loop
      vertex 2.753914 26.153936 64.766342
      vertex 2.753914 26.757864 67.020233
      vertex 3.015076 26.840227 67.327614
    endloop
  endfacet
  facet normal 0.000000 0.965926 -0.258819
    outer loop
      vertex 3.015076 26.071573 64.458961
      vertex 3.333302 26.907822 67.579880
      vertex 3.300000 26.455900 65.893288
    endloop
  endfacet
  facet normal -0.000000 0.965926 -0.258819
    outer loop
      vertex 3.015076 26.071573 64.458961
      vertex 3.015076 26.840227 67.327614
      vertex 3.333302 26.907822 67.579880
    endloop
  endfacet
  facet normal 0.000009 0.965926 -0.258819
    outer loop
      vertex 3.300000 26.455900 65.893288
      vertex 3.333302 26.907822 67.579880
      vertex 3.323058 26.516493 66.119423
    endloop
  endfacet
  facet normal 0.000007 0.965926 -0.258819
    outer loop
      vertex 3.323058 26.516493 66.119423
      vertex 3.333302 26.907822 67.579880
      vertex 3.391345 26.574755 66.336861
    endloop
  endfacet
  facet normal -0.000002 0.965926 -0.258820
    outer loop
      vertex 3.391345 26.574755 66.336861
      vertex 3.333302 26.907822 67.579880
      vertex 3.502236 26.628450 66.537254
    endloop
  endfacet
  facet normal 0.000000 0.965926 -0.258820
    outer loop
      vertex 3.502236 26.628450 66.537254
      vertex 3.333302 26.907822 67.579880
      vertex 3.651472 26.675516 66.712906
    endloop
  endfacet
  facet normal 0.000000 0.965926 -0.258820
    outer loop
      vertex 3.651472 26.675516 66.712906
      vertex 3.333302 26.907822 67.579880
      vertex 3.696365 26.958048 67.767326
    endloop
  endfacet
  facet normal 0.000002 0.965926 -0.258817
    outer loop
      vertex 4.090310 25.922825 63.903820
      vertex 3.696365 25.953754 64.019249
      vertex 4.040780 26.168959 64.822411
    endloop
  endfacet
  facet normal -0.000005 0.965926 -0.258818
    outer loop
      vertex 3.651472 26.236286 65.073677
      vertex 3.833316 26.197660 64.929520
      vertex 3.696365 25.953754 64.019249
    endloop
  endfacet
  facet normal 0.000009 0.965926 -0.258820
    outer loop
      vertex 3.696365 25.953754 64.019249
      vertex 3.833316 26.197660 64.929520
      vertex 4.040780 26.168959 64.822411
    endloop
  endfacet
  facet normal 0.000003 0.965926 -0.258819
    outer loop
      vertex 4.090310 25.922825 63.903820
      vertex 4.500000 26.145317 64.734177
      vertex 4.500000 25.912380 63.864845
    endloop
  endfacet
  facet normal 0.000003 0.965926 -0.258819
    outer loop
      vertex 4.090310 25.922825 63.903820
      vertex 4.265892 26.151285 64.756447
      vertex 4.500000 26.145317 64.734177
    endloop
  endfacet
  facet normal -0.000006 0.965926 -0.258818
    outer loop
      vertex 4.090310 25.922825 63.903820
      vertex 4.040780 26.168959 64.822411
      vertex 4.265892 26.151285 64.756447
    endloop
  endfacet
  facet normal -0.000003 0.965926 -0.258819
    outer loop
      vertex 4.500000 25.912380 63.864845
      vertex 4.500000 26.145317 64.734177
      vertex 4.909690 25.922825 63.903820
    endloop
  endfacet
  facet normal -0.000003 0.965926 -0.258819
    outer loop
      vertex 4.909690 25.922825 63.903820
      vertex 4.500000 26.145317 64.734177
      vertex 4.734108 26.151285 64.756447
    endloop
  endfacet
  facet normal 0.000006 0.965926 -0.258818
    outer loop
      vertex 4.909690 25.922825 63.903820
      vertex 4.734108 26.151285 64.756447
      vertex 4.959220 26.168959 64.822411
    endloop
  endfacet
  facet normal -0.000002 0.965926 -0.258817
    outer loop
      vertex 4.909690 25.922825 63.903820
      vertex 4.959220 26.168959 64.822411
      vertex 5.303635 25.953754 64.019249
    endloop
  endfacet
  facet normal -0.000009 0.965926 -0.258820
    outer loop
      vertex 5.303635 25.953754 64.019249
      vertex 4.959220 26.168959 64.822411
      vertex 5.166684 26.197660 64.929520
    endloop
  endfacet
  facet normal -0.000001 0.965926 -0.258818
    outer loop
      vertex 5.303635 25.953754 64.019249
      vertex 5.348528 26.236286 65.073677
      vertex 5.666698 26.003981 64.206696
    endloop
  endfacet
  facet normal 0.000005 0.965926 -0.258818
    outer loop
      vertex 5.303635 25.953754 64.019249
      vertex 5.166684 26.197660 64.929520
      vertex 5.348528 26.236286 65.073677
    endloop
  endfacet
  facet normal 0.290282 0.247675 0.924334
    outer loop
      vertex 4.090310 25.922825 63.903820
      vertex 4.090310 27.371714 63.515591
      vertex 3.696365 25.953754 64.019249
    endloop
  endfacet
  facet normal 0.098015 0.257573 0.961275
    outer loop
      vertex 4.090310 25.922825 63.903820
      vertex 4.500000 25.912380 63.864845
      vertex 4.500000 27.361269 63.476616
    endloop
  endfacet
  facet normal 0.290291 0.247672 0.924332
    outer loop
      vertex 3.696365 25.953754 64.019249
      vertex 4.090310 27.371714 63.515591
      vertex 3.696365 27.402643 63.631023
    endloop
  endfacet
  facet normal 0.098015 0.257573 0.961275
    outer loop
      vertex 4.090310 25.922825 63.903820
      vertex 4.500000 27.361269 63.476616
      vertex 4.090310 27.371714 63.515591
    endloop
  endfacet
  facet normal -0.098015 0.257573 0.961275
    outer loop
      vertex 4.500000 25.912380 63.864845
      vertex 4.909690 25.922825 63.903820
      vertex 4.909690 27.371714 63.515591
    endloop
  endfacet
  facet normal -0.290282 0.247673 0.924335
    outer loop
      vertex 4.909690 25.922825 63.903820
      vertex 5.303635 25.953754 64.019249
      vertex 5.303635 27.402643 63.631023
    endloop
  endfacet
  facet normal -0.098015 0.257573 0.961275
    outer loop
      vertex 4.500000 25.912380 63.864845
      vertex 4.909690 27.371714 63.515591
      vertex 4.500000 27.361269 63.476616
    endloop
  endfacet
  facet normal -0.290291 0.247674 0.924332
    outer loop
      vertex 4.909690 25.922825 63.903820
      vertex 5.303635 27.402643 63.631023
      vertex 4.909690 27.371714 63.515591
    endloop
  endfacet
  facet normal -0.471393 0.228257 0.851873
    outer loop
      vertex 5.303635 25.953754 64.019249
      vertex 5.666698 27.452869 63.818470
      vertex 5.303635 27.402643 63.631023
    endloop
  endfacet
  facet normal -0.000002 0.965926 -0.258818
    outer loop
      vertex 5.348528 26.236286 65.073677
      vertex 5.497764 26.283350 65.249321
      vertex 5.666698 26.003981 64.206696
    endloop
  endfacet
  facet normal -0.000004 0.965926 -0.258819
    outer loop
      vertex 5.666698 26.003981 64.206696
      vertex 5.497764 26.283350 65.249321
      vertex 5.608655 26.337046 65.449715
    endloop
  endfacet
  facet normal 0.000005 0.965926 -0.258818
    outer loop
      vertex 5.666698 26.003981 64.206696
      vertex 5.608655 26.337046 65.449715
      vertex 5.676942 26.395309 65.667160
    endloop
  endfacet
  facet normal -0.000012 0.965926 -0.258818
    outer loop
      vertex 5.666698 26.003981 64.206696
      vertex 5.676942 26.395309 65.667160
      vertex 5.700000 26.455900 65.893288
    endloop
  endfacet
  facet normal 0.000006 0.965926 -0.258819
    outer loop
      vertex 5.666698 26.003981 64.206696
      vertex 5.984924 26.840227 67.327614
      vertex 5.984924 26.071573 64.458961
    endloop
  endfacet
  facet normal -0.000003 0.965926 -0.258819
    outer loop
      vertex 5.984924 26.071573 64.458961
      vertex 6.246086 26.757864 67.020233
      vertex 6.246086 26.153936 64.766342
    endloop
  endfacet
  facet normal 0.000002 0.965926 -0.258819
    outer loop
      vertex 6.246086 26.153936 64.766342
      vertex 6.440147 26.663897 66.669540
      vertex 6.440147 26.247904 65.117035
    endloop
  endfacet
  facet normal -0.000001 0.965926 -0.258819
    outer loop
      vertex 6.440147 26.247904 65.117035
      vertex 6.559649 26.561935 66.289017
      vertex 6.559649 26.349865 65.497559
    endloop
  endfacet
  facet normal -0.471393 0.228257 0.851873
    outer loop
      vertex 5.303635 25.953754 64.019249
      vertex 5.666698 26.003981 64.206696
      vertex 5.666698 27.452869 63.818470
    endloop
  endfacet
  facet normal -0.634397 0.200069 0.746668
    outer loop
      vertex 5.666698 26.003981 64.206696
      vertex 5.984924 26.071573 64.458961
      vertex 5.984924 27.520462 64.070732
    endloop
  endfacet
  facet normal -0.773008 0.164191 0.612780
    outer loop
      vertex 5.984924 26.071573 64.458961
      vertex 6.246086 26.153936 64.766342
      vertex 6.246086 27.602825 64.378120
    endloop
  endfacet
  facet normal -0.634391 0.200069 0.746673
    outer loop
      vertex 5.666698 26.003981 64.206696
      vertex 5.984924 27.520462 64.070732
      vertex 5.666698 27.452869 63.818470
    endloop
  endfacet
  facet normal -0.773015 0.164192 0.612771
    outer loop
      vertex 5.984924 26.071573 64.458961
      vertex 6.246086 27.602825 64.378120
      vertex 5.984924 27.520462 64.070732
    endloop
  endfacet
  facet normal -0.881918 0.122006 0.455341
    outer loop
      vertex 6.246086 26.153936 64.766342
      vertex 6.440147 27.696793 64.728806
      vertex 6.246086 27.602825 64.378120
    endloop
  endfacet
  facet normal -0.881922 0.122006 0.455333
    outer loop
      vertex 6.246086 26.153936 64.766342
      vertex 6.440147 26.247904 65.117035
      vertex 6.440147 27.696793 64.728806
    endloop
  endfacet
  facet normal -0.000006 0.965926 -0.258818
    outer loop
      vertex 5.666698 26.003981 64.206696
      vertex 5.700000 26.455900 65.893288
      vertex 5.984924 26.840227 67.327614
    endloop
  endfacet
  facet normal -0.956941 0.075131 0.280392
    outer loop
      vertex 6.440147 26.247904 65.117035
      vertex 6.559649 26.349865 65.497559
      vertex 6.559649 27.798754 65.109329
    endloop
  endfacet
  facet normal -0.956941 0.075131 0.280392
    outer loop
      vertex 6.440147 26.247904 65.117035
      vertex 6.559649 27.798754 65.109329
      vertex 6.440147 27.696793 64.728806
    endloop
  endfacet
  facet normal -0.995185 0.025369 0.094677
    outer loop
      vertex 6.559649 26.349865 65.497559
      vertex 6.600000 26.455900 65.893288
      vertex 6.600000 27.904789 65.505058
    endloop
  endfacet
  facet normal 0.000006 0.965926 -0.258820
    outer loop
      vertex 3.651472 26.675516 66.712906
      vertex 3.696365 26.958048 67.767326
      vertex 3.833316 26.714140 66.857056
    endloop
  endfacet
  facet normal -0.000008 0.965925 -0.258822
    outer loop
      vertex 3.833316 26.714140 66.857056
      vertex 3.696365 26.958048 67.767326
      vertex 4.040780 26.742842 66.964165
    endloop
  endfacet
  facet normal 0.000006 0.965926 -0.258818
    outer loop
      vertex 4.040780 26.742842 66.964165
      vertex 4.090310 26.988977 67.882759
      vertex 4.265892 26.760515 67.030128
    endloop
  endfacet
  facet normal -0.000003 0.965926 -0.258820
    outer loop
      vertex 4.265892 26.760515 67.030128
      vertex 4.090310 26.988977 67.882759
      vertex 4.500000 26.766483 67.052399
    endloop
  endfacet
  facet normal 0.000001 0.965926 -0.258818
    outer loop
      vertex 4.040780 26.742842 66.964165
      vertex 3.696365 26.958048 67.767326
      vertex 4.090310 26.988977 67.882759
    endloop
  endfacet
  facet normal -0.000001 0.965926 -0.258819
    outer loop
      vertex 4.500000 26.766483 67.052399
      vertex 4.090310 26.988977 67.882759
      vertex 4.500000 26.999420 67.921730
    endloop
  endfacet
  facet normal 0.000008 0.965925 -0.258822
    outer loop
      vertex 5.166684 26.714140 66.857056
      vertex 4.959220 26.742842 66.964165
      vertex 5.303635 26.958048 67.767326
    endloop
  endfacet
  facet normal -0.000006 0.965926 -0.258820
    outer loop
      vertex 5.166684 26.714140 66.857056
      vertex 5.303635 26.958048 67.767326
      vertex 5.348528 26.675516 66.712906
    endloop
  endfacet
  facet normal 0.000003 0.965926 -0.258820
    outer loop
      vertex 4.500000 26.766483 67.052399
      vertex 4.909690 26.988977 67.882759
      vertex 4.734108 26.760515 67.030128
    endloop
  endfacet
  facet normal -0.000006 0.965926 -0.258818
    outer loop
      vertex 4.734108 26.760515 67.030128
      vertex 4.909690 26.988977 67.882759
      vertex 4.959220 26.742842 66.964165
    endloop
  endfacet
  facet normal -0.000000 0.965926 -0.258820
    outer loop
      vertex 5.348528 26.675516 66.712906
      vertex 5.303635 26.958048 67.767326
      vertex 5.666698 26.907822 67.579880
    endloop
  endfacet
  facet normal 0.000001 0.965926 -0.258819
    outer loop
      vertex 4.500000 26.766483 67.052399
      vertex 4.500000 26.999420 67.921730
      vertex 4.909690 26.988977 67.882759
    endloop
  endfacet
  facet normal -0.000001 0.965926 -0.258818
    outer loop
      vertex 4.959220 26.742842 66.964165
      vertex 4.909690 26.988977 67.882759
      vertex 5.303635 26.958048 67.767326
    endloop
  endfacet
  facet normal 0.000002 0.965926 -0.258819
    outer loop
      vertex 5.984924 26.071573 64.458961
      vertex 5.984924 26.840227 67.327614
      vertex 6.246086 26.757864 67.020233
    endloop
  endfacet
  facet normal -0.000001 0.965926 -0.258819
    outer loop
      vertex 6.246086 26.153936 64.766342
      vertex 6.246086 26.757864 67.020233
      vertex 6.440147 26.663897 66.669540
    endloop
  endfacet
  facet normal -0.000002 0.965926 -0.258819
    outer loop
      vertex 5.700000 26.455900 65.893288
      vertex 5.676942 26.516493 66.119423
      vertex 5.984924 26.840227 67.327614
    endloop
  endfacet
  facet normal -0.000007 0.965926 -0.258819
    outer loop
      vertex 5.676942 26.516493 66.119423
      vertex 5.608655 26.574755 66.336861
      vertex 5.666698 26.907822 67.579880
    endloop
  endfacet
  facet normal 0.000002 0.965926 -0.258820
    outer loop
      vertex 5.608655 26.574755 66.336861
      vertex 5.497764 26.628450 66.537254
      vertex 5.666698 26.907822 67.579880
    endloop
  endfacet
  facet normal -0.000000 0.965926 -0.258820
    outer loop
      vertex 5.348528 26.675516 66.712906
      vertex 5.666698 26.907822 67.579880
      vertex 5.497764 26.628450 66.537254
    endloop
  endfacet
  facet normal -0.881922 -0.122006 -0.455333
    outer loop
      vertex 6.440147 26.663897 66.669540
      vertex 6.246086 26.757864 67.020233
      vertex 6.246086 28.206753 66.632004
    endloop
  endfacet
  facet normal 0.000000 0.965926 -0.258819
    outer loop
      vertex 6.559649 26.349865 65.497559
      vertex 6.559649 26.561935 66.289017
      vertex 6.600000 26.455900 65.893288
    endloop
  endfacet
  facet normal 0.000001 0.965926 -0.258819
    outer loop
      vertex 6.440147 26.247904 65.117035
      vertex 6.440147 26.663897 66.669540
      vertex 6.559649 26.561935 66.289017
    endloop
  endfacet
  facet normal -0.995185 -0.025369 -0.094677
    outer loop
      vertex 6.600000 26.455900 65.893288
      vertex 6.559649 26.561935 66.289017
      vertex 6.559649 28.010824 65.900787
    endloop
  endfacet
  facet normal -0.956941 -0.075131 -0.280392
    outer loop
      vertex 6.559649 26.561935 66.289017
      vertex 6.440147 26.663897 66.669540
      vertex 6.440147 28.112785 66.281311
    endloop
  endfacet
  facet normal -0.000000 0.965926 -0.258819
    outer loop
      vertex 5.676942 26.516493 66.119423
      vertex 5.666698 26.907822 67.579880
      vertex 5.984924 26.840227 67.327614
    endloop
  endfacet
  facet normal 0.956941 0.075131 0.280392
    outer loop
      vertex 2.440351 26.349865 65.497559
      vertex 2.559853 27.696793 64.728806
      vertex 2.440351 27.798754 65.109329
    endloop
  endfacet
  facet normal 0.995185 0.025368 0.094675
    outer loop
      vertex 2.440351 26.349865 65.497559
      vertex 2.440351 27.798754 65.109329
      vertex 2.429547 27.827143 65.215286
    endloop
  endfacet
  facet normal 0.995185 0.025369 0.094678
    outer loop
      vertex 2.400000 26.455900 65.893288
      vertex 2.429547 27.827143 65.215286
      vertex 2.400000 27.904789 65.505058
    endloop
  endfacet
  facet normal 0.995185 -0.025369 -0.094677
    outer loop
      vertex 2.440351 26.561935 66.289017
      vertex 2.400000 27.904789 65.505058
      vertex 2.440351 28.010824 65.900787
    endloop
  endfacet
  facet normal 0.956941 -0.075131 -0.280392
    outer loop
      vertex 2.559853 26.663897 66.669540
      vertex 2.440351 28.010824 65.900787
      vertex 2.559853 28.112785 66.281311
    endloop
  endfacet
  facet normal 0.881922 -0.122006 -0.455333
    outer loop
      vertex 2.753914 26.757864 67.020233
      vertex 2.559853 28.112785 66.281311
      vertex 2.753914 28.206753 66.632004
    endloop
  endfacet
  facet normal 0.773008 -0.164194 -0.612780
    outer loop
      vertex 2.753914 26.757864 67.020233
      vertex 2.753914 28.206753 66.632004
      vertex 3.015076 26.840227 67.327614
    endloop
  endfacet
  facet normal 0.634398 -0.200069 -0.746667
    outer loop
      vertex 3.015076 26.840227 67.327614
      vertex 3.015076 28.289116 66.939384
      vertex 3.333302 26.907822 67.579880
    endloop
  endfacet
  facet normal 0.471393 -0.228259 -0.851872
    outer loop
      vertex 3.333302 26.907822 67.579880
      vertex 3.333302 28.356710 67.191650
      vertex 3.696365 26.958048 67.767326
    endloop
  endfacet
  facet normal 0.773008 -0.164194 -0.612780
    outer loop
      vertex 3.015076 26.840227 67.327614
      vertex 2.753914 28.206753 66.632004
      vertex 3.015076 28.289116 66.939384
    endloop
  endfacet
  facet normal 0.634398 -0.200069 -0.746667
    outer loop
      vertex 3.333302 26.907822 67.579880
      vertex 3.015076 28.289116 66.939384
      vertex 3.333302 28.356710 67.191650
    endloop
  endfacet
  facet normal 0.471393 -0.228259 -0.851872
    outer loop
      vertex 3.696365 26.958048 67.767326
      vertex 3.333302 28.356710 67.191650
      vertex 3.696365 28.406937 67.379097
    endloop
  endfacet
  facet normal -0.995185 0.025368 0.094675
    outer loop
      vertex 6.559649 26.349865 65.497559
      vertex 6.570453 27.827143 65.215286
      vertex 6.559649 27.798754 65.109329
    endloop
  endfacet
  facet normal -0.995185 0.025369 0.094678
    outer loop
      vertex 6.559649 26.349865 65.497559
      vertex 6.600000 27.904789 65.505058
      vertex 6.570453 27.827143 65.215286
    endloop
  endfacet
  facet normal -0.995185 -0.025369 -0.094677
    outer loop
      vertex 6.600000 26.455900 65.893288
      vertex 6.559649 28.010824 65.900787
      vertex 6.600000 27.904789 65.505058
    endloop
  endfacet
  facet normal 0.290291 -0.247674 -0.924332
    outer loop
      vertex 3.696365 26.958048 67.767326
      vertex 3.696365 28.406937 67.379097
      vertex 4.090310 26.988977 67.882759
    endloop
  endfacet
  facet normal 0.098005 -0.257574 -0.961276
    outer loop
      vertex 4.090310 26.988977 67.882759
      vertex 4.090310 28.437866 67.494530
      vertex 4.500000 26.999420 67.921730
    endloop
  endfacet
  facet normal 0.290291 -0.247674 -0.924332
    outer loop
      vertex 4.090310 26.988977 67.882759
      vertex 3.696365 28.406937 67.379097
      vertex 4.090310 28.437866 67.494530
    endloop
  endfacet
  facet normal 0.098005 -0.257574 -0.961276
    outer loop
      vertex 4.500000 26.999420 67.921730
      vertex 4.090310 28.437866 67.494530
      vertex 4.500000 28.448309 67.533501
    endloop
  endfacet
  facet normal -0.098005 -0.257574 -0.961276
    outer loop
      vertex 4.909690 26.988977 67.882759
      vertex 4.500000 26.999420 67.921730
      vertex 4.500000 28.448309 67.533501
    endloop
  endfacet
  facet normal -0.290291 -0.247677 -0.924331
    outer loop
      vertex 4.909690 26.988977 67.882759
      vertex 5.000000 28.430775 67.468063
      vertex 5.303635 26.958048 67.767326
    endloop
  endfacet
  facet normal -0.471393 -0.228259 -0.851872
    outer loop
      vertex 5.303635 26.958048 67.767326
      vertex 5.303635 28.406937 67.379097
      vertex 5.666698 26.907822 67.579880
    endloop
  endfacet
  facet normal -0.098005 -0.257574 -0.961276
    outer loop
      vertex 4.909690 26.988977 67.882759
      vertex 4.500000 28.448309 67.533501
      vertex 4.909690 28.437866 67.494530
    endloop
  endfacet
  facet normal -0.290330 -0.247671 -0.924320
    outer loop
      vertex 4.909690 26.988977 67.882759
      vertex 4.909690 28.437866 67.494530
      vertex 5.000000 28.430775 67.468063
    endloop
  endfacet
  facet normal -0.290279 -0.247675 -0.924335
    outer loop
      vertex 5.303635 26.958048 67.767326
      vertex 5.000000 28.430775 67.468063
      vertex 5.303635 28.406937 67.379097
    endloop
  endfacet
  facet normal -0.881922 -0.122006 -0.455333
    outer loop
      vertex 6.440147 26.663897 66.669540
      vertex 6.246086 28.206753 66.632004
      vertex 6.440147 28.112785 66.281311
    endloop
  endfacet
  facet normal -0.773008 -0.164194 -0.612780
    outer loop
      vertex 6.246086 26.757864 67.020233
      vertex 5.984924 28.289116 66.939384
      vertex 6.246086 28.206753 66.632004
    endloop
  endfacet
  facet normal -0.956941 -0.075131 -0.280392
    outer loop
      vertex 6.559649 26.561935 66.289017
      vertex 6.440147 28.112785 66.281311
      vertex 6.559649 28.010824 65.900787
    endloop
  endfacet
  facet normal -0.634398 -0.200069 -0.746667
    outer loop
      vertex 5.984924 26.840227 67.327614
      vertex 5.666698 26.907822 67.579880
      vertex 5.666698 28.356710 67.191650
    endloop
  endfacet
  facet normal -0.773008 -0.164194 -0.612780
    outer loop
      vertex 6.246086 26.757864 67.020233
      vertex 5.984924 26.840227 67.327614
      vertex 5.984924 28.289116 66.939384
    endloop
  endfacet
  facet normal -0.634398 -0.200069 -0.746667
    outer loop
      vertex 5.984924 26.840227 67.327614
      vertex 5.666698 28.356710 67.191650
      vertex 5.984924 28.289116 66.939384
    endloop
  endfacet
  facet normal -0.471393 -0.228259 -0.851872
    outer loop
      vertex 5.666698 26.907822 67.579880
      vertex 5.303635 28.406937 67.379097
      vertex 5.666698 28.356710 67.191650
    endloop
  endfacet
  facet normal 0.751848 0.170649 0.636871
    outer loop
      vertex 110.459389 22.737608 64.766655
      vertex 110.209274 17.788610 66.388000
      vertex 110.459389 17.714794 66.112511
    endloop
  endfacet
  facet normal 0.442281 0.232129 0.866316
    outer loop
      vertex 111.400215 22.574903 64.159431
      vertex 111.059998 17.595514 65.667351
      vertex 111.400215 17.552090 65.505295
    endloop
  endfacet
  facet normal 0.659345 0.194590 0.726223
    outer loop
      vertex 110.744591 22.672874 64.525063
      vertex 110.459389 17.714794 66.112511
      vertex 110.744591 17.650061 65.870918
    endloop
  endfacet
  facet normal 0.555571 0.215199 0.803137
    outer loop
      vertex 111.059998 22.618328 64.321495
      vertex 110.744591 17.650061 65.870918
      vertex 111.059998 17.595514 65.667351
    endloop
  endfacet
  facet normal 0.321446 0.245082 0.914662
    outer loop
      vertex 111.759422 22.543344 64.041656
      vertex 111.400215 17.552090 65.505295
      vertex 111.759422 17.520531 65.387512
    endloop
  endfacet
  facet normal 0.195078 0.253847 0.947368
    outer loop
      vertex 112.131477 22.524191 63.970173
      vertex 111.759422 17.520531 65.387512
      vertex 112.131477 17.501377 65.316032
    endloop
  endfacet
  facet normal 0.065402 0.258266 0.963858
    outer loop
      vertex 112.510002 22.517771 63.946205
      vertex 112.131477 17.501377 65.316032
      vertex 112.510002 17.494955 65.292068
    endloop
  endfacet
  facet normal -0.065402 0.258265 0.963858
    outer loop
      vertex 112.888527 22.524191 63.970173
      vertex 112.510002 17.494955 65.292068
      vertex 112.888527 17.501377 65.316032
    endloop
  endfacet
  facet normal -0.195082 0.253846 0.947368
    outer loop
      vertex 113.260574 22.543344 64.041656
      vertex 112.888527 17.501377 65.316032
      vertex 113.260574 17.520531 65.387512
    endloop
  endfacet
  facet normal 0.831612 0.143738 0.536434
    outer loop
      vertex 110.209274 22.811424 65.042137
      vertex 110.205002 17.790266 66.394180
      vertex 110.209274 17.788610 66.388000
    endloop
  endfacet
  facet normal -0.321446 0.245084 0.914662
    outer loop
      vertex 113.619781 22.574903 64.159431
      vertex 113.260574 17.520531 65.387512
      vertex 113.619781 17.552090 65.505295
    endloop
  endfacet
  facet normal -0.442281 0.232128 0.866316
    outer loop
      vertex 113.959999 22.618328 64.321495
      vertex 113.619781 17.552090 65.505295
      vertex 113.959999 17.595514 65.667351
    endloop
  endfacet
  facet normal -0.555571 0.215199 0.803137
    outer loop
      vertex 114.275406 22.672874 64.525063
      vertex 113.959999 17.595514 65.667351
      vertex 114.275406 17.650061 65.870918
    endloop
  endfacet
  facet normal -0.659345 0.194590 0.726223
    outer loop
      vertex 114.560608 22.737608 64.766655
      vertex 114.275406 17.650061 65.870918
      vertex 114.560608 17.714794 66.112511
    endloop
  endfacet
  facet normal -0.751848 0.170649 0.636870
    outer loop
      vertex 114.810722 22.811424 65.042137
      vertex 114.560608 17.714794 66.112511
      vertex 114.810722 17.788610 66.388000
    endloop
  endfacet
  facet normal -0.831460 0.143796 0.536654
    outer loop
      vertex 115.021477 22.893057 65.346802
      vertex 114.810722 17.788610 66.388000
      vertex 115.021477 17.870243 66.692657
    endloop
  endfacet
  facet normal -0.896881 0.114469 0.427201
    outer loop
      vertex 115.189247 22.981113 65.675423
      vertex 115.021477 17.870243 66.692657
      vertex 115.189247 17.958298 67.021286
    endloop
  endfacet
  facet normal -0.946924 0.083199 0.310505
    outer loop
      vertex 115.311188 23.074081 66.022392
      vertex 115.189247 17.958298 67.021286
      vertex 115.311188 18.051268 67.368248
    endloop
  endfacet
  facet normal -0.980786 0.050493 0.188441
    outer loop
      vertex 115.385193 23.170376 66.381767
      vertex 115.311188 18.051268 67.368248
      vertex 115.385193 18.147562 67.727623
    endloop
  endfacet
  facet normal -0.997859 0.016928 0.063176
    outer loop
      vertex 115.410004 23.268345 66.747391
      vertex 115.385193 18.147562 67.727623
      vertex 115.410004 18.245531 68.093254
    endloop
  endfacet
  facet normal -0.997859 -0.016928 -0.063178
    outer loop
      vertex 115.385193 23.366316 67.113022
      vertex 115.410004 18.245531 68.093254
      vertex 115.385193 18.343500 68.458878
    endloop
  endfacet
  facet normal 0.896869 -0.114475 -0.427224
    outer loop
      vertex 109.886673 23.584929 67.928894
      vertex 109.998528 18.620819 69.493843
      vertex 109.886673 18.562115 69.274757
    endloop
  endfacet
  facet normal 0.831475 -0.143790 -0.536632
    outer loop
      vertex 109.998528 23.643633 68.147987
      vertex 110.209274 18.702452 69.798508
      vertex 109.998528 18.620819 69.493843
    endloop
  endfacet
  facet normal 0.751839 -0.170652 -0.636880
    outer loop
      vertex 110.209274 23.725267 68.452644
      vertex 110.459389 18.776268 70.073990
      vertex 110.209274 18.702452 69.798508
    endloop
  endfacet
  facet normal -0.896881 -0.114468 -0.427202
    outer loop
      vertex 115.021477 23.643633 68.147987
      vertex 115.189247 18.532764 69.165215
      vertex 115.021477 18.620819 69.493843
    endloop
  endfacet
  facet normal -0.751839 -0.170652 -0.636880
    outer loop
      vertex 114.560608 23.799082 68.728127
      vertex 114.810722 18.702452 69.798508
      vertex 114.560608 18.776268 70.073990
    endloop
  endfacet
  facet normal -0.831466 -0.143794 -0.536645
    outer loop
      vertex 114.810722 23.725267 68.452644
      vertex 115.021477 18.620819 69.493843
      vertex 114.810722 18.702452 69.798508
    endloop
  endfacet
  facet normal -0.980786 -0.050493 -0.188441
    outer loop
      vertex 115.311188 23.462608 67.472389
      vertex 115.385193 18.343500 68.458878
      vertex 115.311188 18.439795 68.818253
    endloop
  endfacet
  facet normal -0.946924 -0.083199 -0.310505
    outer loop
      vertex 115.189247 23.555578 67.819359
      vertex 115.311188 18.439795 68.818253
      vertex 115.189247 18.532764 69.165215
    endloop
  endfacet
  facet normal 0.321429 0.245085 0.914668
    outer loop
      vertex 111.400215 22.574903 64.159431
      vertex 111.400215 17.552090 65.505295
      vertex 111.759422 22.543344 64.041656
    endloop
  endfacet
  facet normal 0.659345 0.194590 0.726223
    outer loop
      vertex 110.744591 22.672874 64.525063
      vertex 110.459389 22.737608 64.766655
      vertex 110.459389 17.714794 66.112511
    endloop
  endfacet
  facet normal 0.831612 0.143738 0.536434
    outer loop
      vertex 110.209274 22.811424 65.042137
      vertex 110.205002 22.813080 65.048317
      vertex 110.205002 17.790266 66.394180
    endloop
  endfacet
  facet normal 0.751839 0.170652 0.636880
    outer loop
      vertex 110.459389 22.737608 64.766655
      vertex 110.209274 22.811424 65.042137
      vertex 110.209274 17.788610 66.388000
    endloop
  endfacet
  facet normal 0.555571 0.215199 0.803137
    outer loop
      vertex 111.059998 22.618328 64.321495
      vertex 110.744591 22.672874 64.525063
      vertex 110.744591 17.650061 65.870918
    endloop
  endfacet
  facet normal 0.442297 0.232126 0.866309
    outer loop
      vertex 111.059998 22.618328 64.321495
      vertex 111.059998 17.595514 65.667351
      vertex 111.400215 22.574903 64.159431
    endloop
  endfacet
  facet normal 0.065411 0.258265 0.963857
    outer loop
      vertex 112.131477 22.524191 63.970173
      vertex 112.131477 17.501377 65.316032
      vertex 112.510002 22.517771 63.946205
    endloop
  endfacet
  facet normal 0.195087 0.253846 0.947367
    outer loop
      vertex 111.759422 22.543344 64.041656
      vertex 111.759422 17.520531 65.387512
      vertex 112.131477 22.524191 63.970173
    endloop
  endfacet
  facet normal -0.065411 0.258265 0.963857
    outer loop
      vertex 112.510002 22.517771 63.946205
      vertex 112.510002 17.494955 65.292068
      vertex 112.888527 22.524191 63.970173
    endloop
  endfacet
  facet normal -0.195091 0.253846 0.947366
    outer loop
      vertex 112.888527 22.524191 63.970173
      vertex 112.888527 17.501377 65.316032
      vertex 113.260574 22.543344 64.041656
    endloop
  endfacet
  facet normal 0.000066 -0.965926 0.258819
    outer loop
      vertex 110.209274 22.811424 65.042137
      vertex 110.205002 23.248934 66.674950
      vertex 110.205002 22.813080 65.048317
    endloop
  endfacet
  facet normal 0.000001 -0.965926 0.258819
    outer loop
      vertex 111.059998 22.618328 64.321495
      vertex 111.400215 22.574903 64.159431
      vertex 111.401344 23.149490 66.303818
    endloop
  endfacet
  facet normal -0.000001 -0.965926 0.258819
    outer loop
      vertex 111.400215 22.574903 64.159431
      vertex 111.661469 23.048731 65.927780
      vertex 111.512238 23.095795 66.103424
    endloop
  endfacet
  facet normal -0.000003 -0.965926 0.258819
    outer loop
      vertex 111.400215 22.574903 64.159431
      vertex 111.512238 23.095795 66.103424
      vertex 111.401344 23.149490 66.303818
    endloop
  endfacet
  facet normal 0.000005 -0.965926 0.258818
    outer loop
      vertex 111.059998 22.618328 64.321495
      vertex 111.401344 23.149490 66.303818
      vertex 111.333061 23.207754 66.521263
    endloop
  endfacet
  facet normal -0.000003 -0.965925 0.258820
    outer loop
      vertex 111.400215 22.574903 64.159431
      vertex 111.759422 22.543344 64.041656
      vertex 111.843315 23.010105 65.783623
    endloop
  endfacet
  facet normal 0.000001 -0.965926 0.258820
    outer loop
      vertex 111.759422 22.543344 64.041656
      vertex 112.131477 22.524191 63.970173
      vertex 112.275894 22.963730 65.610550
    endloop
  endfacet
  facet normal 0.000005 -0.965926 0.258818
    outer loop
      vertex 112.131477 22.524191 63.970173
      vertex 112.510002 22.517771 63.946205
      vertex 112.510002 22.957762 65.588280
    endloop
  endfacet
  facet normal -0.000005 -0.965926 0.258819
    outer loop
      vertex 112.510002 22.517771 63.946205
      vertex 112.888527 22.524191 63.970173
      vertex 112.744110 22.963730 65.610550
    endloop
  endfacet
  facet normal -0.000001 -0.965926 0.258820
    outer loop
      vertex 112.888527 22.524191 63.970173
      vertex 113.260574 22.543344 64.041656
      vertex 113.176682 23.010105 65.783623
    endloop
  endfacet
  facet normal -0.000008 -0.965925 0.258821
    outer loop
      vertex 111.759422 22.543344 64.041656
      vertex 112.050781 22.981403 65.676514
      vertex 111.843315 23.010105 65.783623
    endloop
  endfacet
  facet normal 0.000006 -0.965926 0.258818
    outer loop
      vertex 111.759422 22.543344 64.041656
      vertex 112.275894 22.963730 65.610550
      vertex 112.050781 22.981403 65.676514
    endloop
  endfacet
  facet normal -0.000003 -0.965926 0.258820
    outer loop
      vertex 112.131477 22.524191 63.970173
      vertex 112.510002 22.957762 65.588280
      vertex 112.275894 22.963730 65.610550
    endloop
  endfacet
  facet normal 0.000005 -0.965926 0.258818
    outer loop
      vertex 111.400215 22.574903 64.159431
      vertex 111.843315 23.010105 65.783623
      vertex 111.661469 23.048731 65.927780
    endloop
  endfacet
  facet normal 0.000003 -0.965926 0.258818
    outer loop
      vertex 112.510002 22.517771 63.946205
      vertex 112.744110 22.963730 65.610550
      vertex 112.510002 22.957762 65.588280
    endloop
  endfacet
  facet normal -0.000006 -0.965926 0.258819
    outer loop
      vertex 112.888527 22.524191 63.970173
      vertex 112.969223 22.981403 65.676514
      vertex 112.744110 22.963730 65.610550
    endloop
  endfacet
  facet normal 0.000010 -0.965926 0.258819
    outer loop
      vertex 112.888527 22.524191 63.970173
      vertex 113.176682 23.010105 65.783623
      vertex 112.969223 22.981403 65.676514
    endloop
  endfacet
  facet normal -0.000007 -0.965926 0.258820
    outer loop
      vertex 113.260574 22.543344 64.041656
      vertex 113.358528 23.048731 65.927780
      vertex 113.176682 23.010105 65.783623
    endloop
  endfacet
  facet normal -0.000004 -0.965926 0.258819
    outer loop
      vertex 110.459389 22.737608 64.766655
      vertex 110.459389 23.799082 68.728127
      vertex 110.209274 22.811424 65.042137
    endloop
  endfacet
  facet normal 0.000338 -0.965926 0.258819
    outer loop
      vertex 110.209274 22.811424 65.042137
      vertex 110.209274 23.725267 68.452644
      vertex 110.205002 23.248934 66.674950
    endloop
  endfacet
  facet normal 0.000003 -0.965926 0.258819
    outer loop
      vertex 110.744591 22.672874 64.525063
      vertex 110.744591 23.863817 68.969719
      vertex 110.459389 22.737608 64.766655
    endloop
  endfacet
  facet normal -0.000002 -0.965926 0.258819
    outer loop
      vertex 111.059998 22.618328 64.321495
      vertex 111.059998 23.918362 69.173286
      vertex 110.744591 22.672874 64.525063
    endloop
  endfacet
  facet normal -0.000001 -0.965926 0.258819
    outer loop
      vertex 111.059998 22.618328 64.321495
      vertex 111.333061 23.207754 66.521263
      vertex 111.309998 23.268345 66.747391
    endloop
  endfacet
  facet normal 0.000428 -0.965937 0.258778
    outer loop
      vertex 111.059998 22.618328 64.321495
      vertex 111.309998 23.268345 66.747391
      vertex 111.333061 23.328938 66.973526
    endloop
  endfacet
  facet normal 0.000000 -0.965926 0.258819
    outer loop
      vertex 111.059998 22.618328 64.321495
      vertex 111.333061 23.328938 66.973526
      vertex 111.400215 23.961786 69.335350
    endloop
  endfacet
  facet normal 0.000005 -0.965926 0.258820
    outer loop
      vertex 110.205002 23.248934 66.674950
      vertex 110.209274 23.725267 68.452644
      vertex 110.102776 23.449896 67.424950
    endloop
  endfacet
  facet normal -0.000003 -0.965926 0.258819
    outer loop
      vertex 110.209274 22.811424 65.042137
      vertex 110.459389 23.799082 68.728127
      vertex 110.209274 23.725267 68.452644
    endloop
  endfacet
  facet normal 0.000003 -0.965926 0.258819
    outer loop
      vertex 110.459389 22.737608 64.766655
      vertex 110.744591 23.863817 68.969719
      vertex 110.459389 23.799082 68.728127
    endloop
  endfacet
  facet normal -0.000001 -0.965925 0.258821
    outer loop
      vertex 110.102776 23.449896 67.424950
      vertex 110.209274 23.725267 68.452644
      vertex 109.886673 23.584929 67.928894
    endloop
  endfacet
  facet normal -0.000004 -0.965926 0.258819
    outer loop
      vertex 110.744591 22.672874 64.525063
      vertex 111.059998 23.918362 69.173286
      vertex 110.744591 23.863817 68.969719
    endloop
  endfacet
  facet normal -0.000001 -0.965926 0.258819
    outer loop
      vertex 111.059998 22.618328 64.321495
      vertex 111.400215 23.961786 69.335350
      vertex 111.059998 23.918362 69.173286
    endloop
  endfacet
  facet normal -0.000006 -0.965926 0.258819
    outer loop
      vertex 111.333061 23.328938 66.973526
      vertex 111.401344 23.387199 67.190964
      vertex 111.400215 23.961786 69.335350
    endloop
  endfacet
  facet normal 0.000003 -0.965926 0.258819
    outer loop
      vertex 111.401344 23.387199 67.190964
      vertex 111.512238 23.440895 67.391357
      vertex 111.400215 23.961786 69.335350
    endloop
  endfacet
  facet normal -0.321429 0.245084 0.914668
    outer loop
      vertex 113.260574 22.543344 64.041656
      vertex 113.260574 17.520531 65.387512
      vertex 113.619781 22.574903 64.159431
    endloop
  endfacet
  facet normal -0.442297 0.232127 0.866309
    outer loop
      vertex 113.619781 22.574903 64.159431
      vertex 113.619781 17.552090 65.505295
      vertex 113.959999 22.618328 64.321495
    endloop
  endfacet
  facet normal -0.555571 0.215199 0.803137
    outer loop
      vertex 113.959999 22.618328 64.321495
      vertex 113.959999 17.595514 65.667351
      vertex 114.275406 22.672874 64.525063
    endloop
  endfacet
  facet normal -0.659345 0.194590 0.726223
    outer loop
      vertex 114.275406 22.672874 64.525063
      vertex 114.275406 17.650061 65.870918
      vertex 114.560608 22.737608 64.766655
    endloop
  endfacet
  facet normal -0.751839 0.170651 0.636880
    outer loop
      vertex 114.560608 22.737608 64.766655
      vertex 114.560608 17.714794 66.112511
      vertex 114.810722 22.811424 65.042137
    endloop
  endfacet
  facet normal -0.831466 0.143794 0.536645
    outer loop
      vertex 114.810722 22.811424 65.042137
      vertex 114.810722 17.788610 66.388000
      vertex 115.021477 22.893057 65.346802
    endloop
  endfacet
  facet normal -0.896878 0.114470 0.427209
    outer loop
      vertex 115.021477 22.893057 65.346802
      vertex 115.021477 17.870243 66.692657
      vertex 115.189247 22.981113 65.675423
    endloop
  endfacet
  facet normal -0.946926 0.083198 0.310500
    outer loop
      vertex 115.189247 22.981113 65.675423
      vertex 115.189247 17.958298 67.021286
      vertex 115.311188 23.074081 66.022392
    endloop
  endfacet
  facet normal -0.980786 0.050493 0.188441
    outer loop
      vertex 115.311188 23.074081 66.022392
      vertex 115.311188 18.051268 67.368248
      vertex 115.385193 23.170376 66.381767
    endloop
  endfacet
  facet normal -0.997859 0.016928 0.063178
    outer loop
      vertex 115.385193 23.170376 66.381767
      vertex 115.385193 18.147562 67.727623
      vertex 115.410004 23.268345 66.747391
    endloop
  endfacet
  facet normal -0.997859 -0.016928 -0.063176
    outer loop
      vertex 115.410004 23.268345 66.747391
      vertex 115.410004 18.245531 68.093254
      vertex 115.385193 23.366316 67.113022
    endloop
  endfacet
  facet normal -0.980785 -0.050494 -0.188445
    outer loop
      vertex 115.385193 23.366316 67.113022
      vertex 115.385193 18.343500 68.458878
      vertex 115.311188 23.462608 67.472389
    endloop
  endfacet
  facet normal -0.946926 -0.083198 -0.310499
    outer loop
      vertex 115.311188 23.462608 67.472389
      vertex 115.311188 18.439795 68.818253
      vertex 115.189247 23.555578 67.819359
    endloop
  endfacet
  facet normal 0.000003 -0.965926 0.258819
    outer loop
      vertex 113.260574 22.543344 64.041656
      vertex 113.619781 22.574903 64.159431
      vertex 113.507767 23.095795 66.103424
    endloop
  endfacet
  facet normal 0.000001 -0.965926 0.258820
    outer loop
      vertex 113.260574 22.543344 64.041656
      vertex 113.507767 23.095795 66.103424
      vertex 113.358528 23.048731 65.927780
    endloop
  endfacet
  facet normal 0.000003 -0.965926 0.258819
    outer loop
      vertex 113.619781 22.574903 64.159431
      vertex 113.618652 23.149490 66.303818
      vertex 113.507767 23.095795 66.103424
    endloop
  endfacet
  facet normal -0.000008 -0.965926 0.258819
    outer loop
      vertex 113.619781 22.574903 64.159431
      vertex 113.686943 23.207754 66.521263
      vertex 113.618652 23.149490 66.303818
    endloop
  endfacet
  facet normal -0.000001 -0.965926 0.258819
    outer loop
      vertex 113.619781 22.574903 64.159431
      vertex 113.959999 22.618328 64.321495
      vertex 113.959999 23.918362 69.173286
    endloop
  endfacet
  facet normal 0.000002 -0.965926 0.258819
    outer loop
      vertex 113.959999 22.618328 64.321495
      vertex 114.275406 22.672874 64.525063
      vertex 114.275406 23.863817 68.969719
    endloop
  endfacet
  facet normal 0.000001 -0.965926 0.258819
    outer loop
      vertex 113.619781 22.574903 64.159431
      vertex 113.959999 23.918362 69.173286
      vertex 113.686943 23.207754 66.521263
    endloop
  endfacet
  facet normal -0.000003 -0.965926 0.258819
    outer loop
      vertex 114.275406 22.672874 64.525063
      vertex 114.560608 22.737608 64.766655
      vertex 114.560608 23.799082 68.728127
    endloop
  endfacet
  facet normal 0.000004 -0.965926 0.258819
    outer loop
      vertex 114.560608 22.737608 64.766655
      vertex 114.810722 22.811424 65.042137
      vertex 114.810722 23.725267 68.452644
    endloop
  endfacet
  facet normal -0.000010 -0.965926 0.258819
    outer loop
      vertex 114.810722 22.811424 65.042137
      vertex 115.021477 22.893057 65.346802
      vertex 115.021477 23.643633 68.147987
    endloop
  endfacet
  facet normal 0.000017 -0.965926 0.258819
    outer loop
      vertex 115.021477 22.893057 65.346802
      vertex 115.189247 22.981113 65.675423
      vertex 115.189247 23.555578 67.819359
    endloop
  endfacet
  facet normal -0.000118 -0.965923 0.258830
    outer loop
      vertex 113.686943 23.207754 66.521263
      vertex 113.959999 23.918362 69.173286
      vertex 113.709999 23.268345 66.747391
    endloop
  endfacet
  facet normal 0.000004 -0.965926 0.258819
    outer loop
      vertex 113.959999 22.618328 64.321495
      vertex 114.275406 23.863817 68.969719
      vertex 113.959999 23.918362 69.173286
    endloop
  endfacet
  facet normal 0.000002 -0.965926 0.258819
    outer loop
      vertex 113.709999 23.268345 66.747391
      vertex 113.959999 23.918362 69.173286
      vertex 113.686943 23.328938 66.973526
    endloop
  endfacet
  facet normal 0.000004 -0.965926 0.258819
    outer loop
      vertex 113.686943 23.328938 66.973526
      vertex 113.959999 23.918362 69.173286
      vertex 113.618652 23.387199 67.190964
    endloop
  endfacet
  facet normal -0.000003 -0.965926 0.258819
    outer loop
      vertex 113.618652 23.387199 67.190964
      vertex 113.619781 23.961786 69.335350
      vertex 113.507767 23.440895 67.391357
    endloop
  endfacet
  facet normal -0.000009 -0.965926 0.258819
    outer loop
      vertex 114.810722 22.811424 65.042137
      vertex 115.021477 23.643633 68.147987
      vertex 114.810722 23.725267 68.452644
    endloop
  endfacet
  facet normal 0.000007 -0.965926 0.258819
    outer loop
      vertex 115.021477 22.893057 65.346802
      vertex 115.189247 23.555578 67.819359
      vertex 115.021477 23.643633 68.147987
    endloop
  endfacet
  facet normal -0.000003 -0.965926 0.258819
    outer loop
      vertex 114.275406 22.672874 64.525063
      vertex 114.560608 23.799082 68.728127
      vertex 114.275406 23.863817 68.969719
    endloop
  endfacet
  facet normal 0.000003 -0.965926 0.258819
    outer loop
      vertex 114.560608 22.737608 64.766655
      vertex 114.810722 23.725267 68.452644
      vertex 114.560608 23.799082 68.728127
    endloop
  endfacet
  facet normal -0.000020 -0.965926 0.258820
    outer loop
      vertex 115.189247 22.981113 65.675423
      vertex 115.311188 23.074081 66.022392
      vertex 115.311188 23.462608 67.472389
    endloop
  endfacet
  facet normal -0.000004 -0.965926 0.258820
    outer loop
      vertex 115.311188 23.074081 66.022392
      vertex 115.385193 23.170376 66.381767
      vertex 115.385193 23.366316 67.113022
    endloop
  endfacet
  facet normal 0.000003 -0.965926 0.258820
    outer loop
      vertex 115.385193 23.170376 66.381767
      vertex 115.410004 23.268345 66.747391
      vertex 115.385193 23.366316 67.113022
    endloop
  endfacet
  facet normal 0.000001 -0.965926 0.258820
    outer loop
      vertex 115.311188 23.074081 66.022392
      vertex 115.385193 23.366316 67.113022
      vertex 115.311188 23.462608 67.472389
    endloop
  endfacet
  facet normal 0.000001 -0.965926 0.258819
    outer loop
      vertex 115.189247 22.981113 65.675423
      vertex 115.311188 23.462608 67.472389
      vertex 115.189247 23.555578 67.819359
    endloop
  endfacet
  facet normal 0.659345 -0.194591 -0.726222
    outer loop
      vertex 110.459389 23.799082 68.728127
      vertex 110.744591 18.841003 70.315582
      vertex 110.459389 18.776268 70.073990
    endloop
  endfacet
  facet normal 0.555571 -0.215201 -0.803138
    outer loop
      vertex 110.744591 23.863817 68.969719
      vertex 111.059998 18.895548 70.519150
      vertex 110.744591 18.841003 70.315582
    endloop
  endfacet
  facet normal 0.442281 -0.232129 -0.866316
    outer loop
      vertex 111.059998 23.918362 69.173286
      vertex 111.400215 18.938972 70.681206
      vertex 111.059998 18.895548 70.519150
    endloop
  endfacet
  facet normal 0.321446 -0.245082 -0.914662
    outer loop
      vertex 111.400215 23.961786 69.335350
      vertex 111.759422 18.970531 70.798988
      vertex 111.400215 18.938972 70.681206
    endloop
  endfacet
  facet normal 0.896875 -0.114471 -0.427213
    outer loop
      vertex 109.886673 23.584929 67.928894
      vertex 109.998528 23.643633 68.147987
      vertex 109.998528 18.620819 69.493843
    endloop
  endfacet
  facet normal 0.831469 -0.143793 -0.536640
    outer loop
      vertex 109.998528 23.643633 68.147987
      vertex 110.209274 23.725267 68.452644
      vertex 110.209274 18.702452 69.798508
    endloop
  endfacet
  facet normal 0.751839 -0.170652 -0.636880
    outer loop
      vertex 110.209274 23.725267 68.452644
      vertex 110.459389 23.799082 68.728127
      vertex 110.459389 18.776268 70.073990
    endloop
  endfacet
  facet normal 0.195078 -0.253847 -0.947368
    outer loop
      vertex 111.759422 23.993345 69.453125
      vertex 112.131477 18.989685 70.870468
      vertex 111.759422 18.970531 70.798988
    endloop
  endfacet
  facet normal 0.065402 -0.258264 -0.963858
    outer loop
      vertex 112.131477 24.012499 69.524612
      vertex 112.510002 18.996107 70.894432
      vertex 112.131477 18.989685 70.870468
    endloop
  endfacet
  facet normal -0.065402 -0.258264 -0.963858
    outer loop
      vertex 112.510002 24.018921 69.548576
      vertex 112.888527 18.989685 70.870468
      vertex 112.510002 18.996107 70.894432
    endloop
  endfacet
  facet normal -0.195082 -0.253846 -0.947368
    outer loop
      vertex 112.888527 24.012499 69.524612
      vertex 113.260574 18.970531 70.798988
      vertex 112.888527 18.989685 70.870468
    endloop
  endfacet
  facet normal 0.659345 -0.194591 -0.726222
    outer loop
      vertex 110.459389 23.799082 68.728127
      vertex 110.744591 23.863817 68.969719
      vertex 110.744591 18.841003 70.315582
    endloop
  endfacet
  facet normal 0.555571 -0.215201 -0.803138
    outer loop
      vertex 110.744591 23.863817 68.969719
      vertex 111.059998 23.918362 69.173286
      vertex 111.059998 18.895548 70.519150
    endloop
  endfacet
  facet normal 0.442297 -0.232126 -0.866309
    outer loop
      vertex 111.059998 23.918362 69.173286
      vertex 111.400215 23.961786 69.335350
      vertex 111.400215 18.938972 70.681206
    endloop
  endfacet
  facet normal 0.000070 -0.965936 0.258779
    outer loop
      vertex 109.886673 23.584929 67.928894
      vertex 110.209274 23.725267 68.452644
      vertex 109.998528 23.643633 68.147987
    endloop
  endfacet
  facet normal 0.321429 -0.245085 -0.914668
    outer loop
      vertex 111.400215 23.961786 69.335350
      vertex 111.759422 23.993345 69.453125
      vertex 111.759422 18.970531 70.798988
    endloop
  endfacet
  facet normal 0.195097 -0.253845 -0.947365
    outer loop
      vertex 111.759422 23.993345 69.453125
      vertex 112.131477 24.012499 69.524612
      vertex 112.131477 18.989685 70.870468
    endloop
  endfacet
  facet normal 0.065402 -0.258264 -0.963858
    outer loop
      vertex 112.131477 24.012499 69.524612
      vertex 112.510002 24.018921 69.548576
      vertex 112.510002 18.996107 70.894432
    endloop
  endfacet
  facet normal -0.065402 -0.258264 -0.963858
    outer loop
      vertex 112.510002 24.018921 69.548576
      vertex 112.888527 24.012499 69.524612
      vertex 112.888527 18.989685 70.870468
    endloop
  endfacet
  facet normal -0.195101 -0.253846 -0.947364
    outer loop
      vertex 112.888527 24.012499 69.524612
      vertex 113.260574 23.993345 69.453125
      vertex 113.260574 18.970531 70.798988
    endloop
  endfacet
  facet normal -0.000000 -0.965926 0.258820
    outer loop
      vertex 111.512238 23.440895 67.391357
      vertex 111.661469 23.487961 67.567009
      vertex 111.759422 23.993345 69.453125
    endloop
  endfacet
  facet normal 0.000004 -0.965926 0.258819
    outer loop
      vertex 111.661469 23.487961 67.567009
      vertex 111.843315 23.526587 67.711159
      vertex 111.759422 23.993345 69.453125
    endloop
  endfacet
  facet normal 0.000001 -0.965926 0.258818
    outer loop
      vertex 111.843315 23.526587 67.711159
      vertex 112.050781 23.555286 67.818268
      vertex 112.131477 24.012499 69.524612
    endloop
  endfacet
  facet normal -0.000006 -0.965926 0.258819
    outer loop
      vertex 112.050781 23.555286 67.818268
      vertex 112.275894 23.572960 67.884232
      vertex 112.131477 24.012499 69.524612
    endloop
  endfacet
  facet normal 0.000003 -0.965926 0.258819
    outer loop
      vertex 112.275894 23.572960 67.884232
      vertex 112.510002 23.578928 67.906502
      vertex 112.510002 24.018921 69.548576
    endloop
  endfacet
  facet normal 0.000003 -0.965926 0.258819
    outer loop
      vertex 111.512238 23.440895 67.391357
      vertex 111.759422 23.993345 69.453125
      vertex 111.400215 23.961786 69.335350
    endloop
  endfacet
  facet normal -0.000003 -0.965926 0.258819
    outer loop
      vertex 112.510002 23.578928 67.906502
      vertex 112.744110 23.572960 67.884232
      vertex 112.888527 24.012499 69.524612
    endloop
  endfacet
  facet normal -0.000000 -0.965926 0.258819
    outer loop
      vertex 113.176682 23.526587 67.711159
      vertex 113.260574 23.993345 69.453125
      vertex 112.969223 23.555286 67.818268
    endloop
  endfacet
  facet normal 0.000006 -0.965926 0.258818
    outer loop
      vertex 112.969223 23.555286 67.818268
      vertex 113.260574 23.993345 69.453125
      vertex 112.744110 23.572960 67.884232
    endloop
  endfacet
  facet normal -0.000003 -0.965926 0.258819
    outer loop
      vertex 113.176682 23.526587 67.711159
      vertex 113.619781 23.961786 69.335350
      vertex 113.260574 23.993345 69.453125
    endloop
  endfacet
  facet normal -0.321446 -0.245084 -0.914662
    outer loop
      vertex 113.260574 23.993345 69.453125
      vertex 113.619781 18.938972 70.681206
      vertex 113.260574 18.970531 70.798988
    endloop
  endfacet
  facet normal -0.442281 -0.232128 -0.866316
    outer loop
      vertex 113.619781 23.961786 69.335350
      vertex 113.959999 18.895548 70.519150
      vertex 113.619781 18.938972 70.681206
    endloop
  endfacet
  facet normal -0.555571 -0.215201 -0.803138
    outer loop
      vertex 113.959999 23.918362 69.173286
      vertex 114.275406 18.841003 70.315582
      vertex 113.959999 18.895548 70.519150
    endloop
  endfacet
  facet normal -0.659345 -0.194591 -0.726222
    outer loop
      vertex 114.275406 23.863817 68.969719
      vertex 114.560608 18.776268 70.073990
      vertex 114.275406 18.841003 70.315582
    endloop
  endfacet
  facet normal -0.896881 -0.114468 -0.427202
    outer loop
      vertex 115.189247 23.555578 67.819359
      vertex 115.189247 18.532764 69.165215
      vertex 115.021477 23.643633 68.147987
    endloop
  endfacet
  facet normal -0.831460 -0.143796 -0.536653
    outer loop
      vertex 115.021477 23.643633 68.147987
      vertex 115.021477 18.620819 69.493843
      vertex 114.810722 23.725267 68.452644
    endloop
  endfacet
  facet normal -0.751839 -0.170652 -0.636880
    outer loop
      vertex 114.810722 23.725267 68.452644
      vertex 114.810722 18.702452 69.798508
      vertex 114.560608 23.799082 68.728127
    endloop
  endfacet
  facet normal -0.555571 -0.215201 -0.803138
    outer loop
      vertex 113.959999 23.918362 69.173286
      vertex 114.275406 23.863817 68.969719
      vertex 114.275406 18.841003 70.315582
    endloop
  endfacet
  facet normal -0.442297 -0.232127 -0.866309
    outer loop
      vertex 113.959999 23.918362 69.173286
      vertex 113.959999 18.895548 70.519150
      vertex 113.619781 23.961786 69.335350
    endloop
  endfacet
  facet normal -0.321429 -0.245084 -0.914668
    outer loop
      vertex 113.260574 23.993345 69.453125
      vertex 113.619781 23.961786 69.335350
      vertex 113.619781 18.938972 70.681206
    endloop
  endfacet
  facet normal -0.659345 -0.194591 -0.726222
    outer loop
      vertex 114.560608 23.799082 68.728127
      vertex 114.560608 18.776268 70.073990
      vertex 114.275406 23.863817 68.969719
    endloop
  endfacet
  facet normal -0.000004 -0.965926 0.258820
    outer loop
      vertex 113.176682 23.526587 67.711159
      vertex 113.358528 23.487961 67.567009
      vertex 113.619781 23.961786 69.335350
    endloop
  endfacet
  facet normal -0.000000 -0.965926 0.258819
    outer loop
      vertex 113.507767 23.440895 67.391357
      vertex 113.619781 23.961786 69.335350
      vertex 113.358528 23.487961 67.567009
    endloop
  endfacet
  facet normal 0.000001 -0.965926 0.258819
    outer loop
      vertex 113.618652 23.387199 67.190964
      vertex 113.959999 23.918362 69.173286
      vertex 113.619781 23.961786 69.335350
    endloop
  endfacet
  facet normal -0.000004 -0.965926 0.258819
    outer loop
      vertex 111.843315 23.526587 67.711159
      vertex 112.131477 24.012499 69.524612
      vertex 111.759422 23.993345 69.453125
    endloop
  endfacet
  facet normal 0.000002 -0.965926 0.258819
    outer loop
      vertex 112.275894 23.572960 67.884232
      vertex 112.510002 24.018921 69.548576
      vertex 112.131477 24.012499 69.524612
    endloop
  endfacet
  facet normal -0.000002 -0.965926 0.258819
    outer loop
      vertex 112.510002 23.578928 67.906502
      vertex 112.888527 24.012499 69.524612
      vertex 112.510002 24.018921 69.548576
    endloop
  endfacet
  facet normal 0.000004 -0.965926 0.258819
    outer loop
      vertex 112.744110 23.572960 67.884232
      vertex 113.260574 23.993345 69.453125
      vertex 112.888527 24.012499 69.524612
    endloop
  endfacet
  facet normal 0.881918 0.122008 0.455341
    outer loop
      vertex 111.512238 23.095795 66.103424
      vertex 111.512238 26.283350 65.249321
      vertex 111.401344 26.337046 65.449715
    endloop
  endfacet
  facet normal 0.956946 0.075126 0.280374
    outer loop
      vertex 111.401344 23.149490 66.303818
      vertex 111.401344 26.337046 65.449715
      vertex 111.333061 26.395309 65.667160
    endloop
  endfacet
  facet normal 0.471380 0.228260 0.851879
    outer loop
      vertex 111.843315 23.010105 65.783623
      vertex 112.050781 22.981403 65.676514
      vertex 111.843315 26.197660 64.929520
    endloop
  endfacet
  facet normal 0.634405 0.200067 0.746661
    outer loop
      vertex 111.843315 23.010105 65.783623
      vertex 111.661469 26.236286 65.073677
      vertex 111.661469 23.048731 65.927780
    endloop
  endfacet
  facet normal 0.773013 0.164192 0.612774
    outer loop
      vertex 111.512238 23.095795 66.103424
      vertex 111.661469 23.048731 65.927780
      vertex 111.512238 26.283350 65.249321
    endloop
  endfacet
  facet normal 0.290297 0.247674 0.924330
    outer loop
      vertex 112.050781 22.981403 65.676514
      vertex 112.275894 22.963730 65.610550
      vertex 112.050781 26.168959 64.822411
    endloop
  endfacet
  facet normal 0.098010 0.257573 0.961275
    outer loop
      vertex 112.275894 22.963730 65.610550
      vertex 112.510002 22.957762 65.588280
      vertex 112.275894 26.151285 64.756447
    endloop
  endfacet
  facet normal -0.098010 0.257573 0.961275
    outer loop
      vertex 112.510002 22.957762 65.588280
      vertex 112.744110 22.963730 65.610550
      vertex 112.510002 26.145317 64.734177
    endloop
  endfacet
  facet normal -0.290297 0.247674 0.924330
    outer loop
      vertex 112.744110 22.963730 65.610550
      vertex 112.969223 22.981403 65.676514
      vertex 112.744110 26.151285 64.756447
    endloop
  endfacet
  facet normal -0.471394 0.228258 0.851872
    outer loop
      vertex 112.969223 22.981403 65.676514
      vertex 113.176682 23.010105 65.783623
      vertex 112.969223 26.168959 64.822411
    endloop
  endfacet
  facet normal -0.634405 0.200067 0.746661
    outer loop
      vertex 113.176682 23.010105 65.783623
      vertex 113.358528 23.048731 65.927780
      vertex 113.176682 26.197660 64.929520
    endloop
  endfacet
  facet normal 0.471380 0.228260 0.851879
    outer loop
      vertex 112.050781 22.981403 65.676514
      vertex 112.050781 26.168959 64.822411
      vertex 111.843315 26.197660 64.929520
    endloop
  endfacet
  facet normal 0.290297 0.247674 0.924330
    outer loop
      vertex 112.275894 22.963730 65.610550
      vertex 112.275894 26.151285 64.756447
      vertex 112.050781 26.168959 64.822411
    endloop
  endfacet
  facet normal 0.098010 0.257573 0.961275
    outer loop
      vertex 112.510002 22.957762 65.588280
      vertex 112.510002 26.145317 64.734177
      vertex 112.275894 26.151285 64.756447
    endloop
  endfacet
  facet normal 0.773013 0.164192 0.612774
    outer loop
      vertex 111.661469 23.048731 65.927780
      vertex 111.661469 26.236286 65.073677
      vertex 111.512238 26.283350 65.249321
    endloop
  endfacet
  facet normal 0.634405 0.200067 0.746661
    outer loop
      vertex 111.843315 23.010105 65.783623
      vertex 111.843315 26.197660 64.929520
      vertex 111.661469 26.236286 65.073677
    endloop
  endfacet
  facet normal -0.098010 0.257573 0.961275
    outer loop
      vertex 112.744110 22.963730 65.610550
      vertex 112.744110 26.151285 64.756447
      vertex 112.510002 26.145317 64.734177
    endloop
  endfacet
  facet normal -0.290297 0.247674 0.924330
    outer loop
      vertex 112.969223 22.981403 65.676514
      vertex 112.969223 26.168959 64.822411
      vertex 112.744110 26.151285 64.756447
    endloop
  endfacet
  facet normal -0.471394 0.228258 0.851872
    outer loop
      vertex 113.176682 23.010105 65.783623
      vertex 113.176682 26.197660 64.929520
      vertex 112.969223 26.168959 64.822411
    endloop
  endfacet
  facet normal -0.634405 0.200067 0.746661
    outer loop
      vertex 113.358528 23.048731 65.927780
      vertex 113.358528 26.236286 65.073677
      vertex 113.176682 26.197660 64.929520
    endloop
  endfacet
  facet normal 0.881918 0.122008 0.455341
    outer loop
      vertex 111.512238 23.095795 66.103424
      vertex 111.401344 26.337046 65.449715
      vertex 111.401344 23.149490 66.303818
    endloop
  endfacet
  facet normal 0.956946 0.075126 0.280374
    outer loop
      vertex 111.401344 23.149490 66.303818
      vertex 111.333061 26.395309 65.667160
      vertex 111.333061 23.207754 66.521263
    endloop
  endfacet
  facet normal 0.995182 0.025376 0.094703
    outer loop
      vertex 111.333061 23.207754 66.521263
      vertex 111.309998 26.455900 65.893288
      vertex 111.309998 23.268345 66.747391
    endloop
  endfacet
  facet normal 0.995182 -0.025375 -0.094700
    outer loop
      vertex 111.309998 23.268345 66.747391
      vertex 111.333061 26.516493 66.119423
      vertex 111.333061 23.328938 66.973526
    endloop
  endfacet
  facet normal 0.956944 -0.075129 -0.280383
    outer loop
      vertex 111.333061 23.328938 66.973526
      vertex 111.401344 26.574755 66.336861
      vertex 111.401344 23.387199 67.190964
    endloop
  endfacet
  facet normal 0.881918 -0.122008 -0.455341
    outer loop
      vertex 111.401344 23.387199 67.190964
      vertex 111.512238 26.628450 66.537254
      vertex 111.512238 23.440895 67.391357
    endloop
  endfacet
  facet normal 0.995182 0.025376 0.094703
    outer loop
      vertex 111.333061 23.207754 66.521263
      vertex 111.333061 26.395309 65.667160
      vertex 111.309998 26.455900 65.893288
    endloop
  endfacet
  facet normal 0.995182 -0.025375 -0.094700
    outer loop
      vertex 111.309998 23.268345 66.747391
      vertex 111.309998 26.455900 65.893288
      vertex 111.333061 26.516493 66.119423
    endloop
  endfacet
  facet normal 0.956944 -0.075129 -0.280383
    outer loop
      vertex 111.333061 23.328938 66.973526
      vertex 111.333061 26.516493 66.119423
      vertex 111.401344 26.574755 66.336861
    endloop
  endfacet
  facet normal 0.881918 -0.122008 -0.455341
    outer loop
      vertex 111.401344 23.387199 67.190964
      vertex 111.401344 26.574755 66.336861
      vertex 111.512238 26.628450 66.537254
    endloop
  endfacet
  facet normal 0.773027 -0.164188 -0.612758
    outer loop
      vertex 111.512238 23.440895 67.391357
      vertex 111.661469 26.675516 66.712906
      vertex 111.661469 23.487961 67.567009
    endloop
  endfacet
  facet normal 0.634387 -0.200071 -0.746676
    outer loop
      vertex 111.661469 23.487961 67.567009
      vertex 111.843315 26.714140 66.857056
      vertex 111.843315 23.526587 67.711159
    endloop
  endfacet
  facet normal 0.471379 -0.228261 -0.851880
    outer loop
      vertex 111.843315 23.526587 67.711159
      vertex 112.050781 26.742842 66.964165
      vertex 112.050781 23.555286 67.818268
    endloop
  endfacet
  facet normal 0.290297 -0.247674 -0.924330
    outer loop
      vertex 112.050781 23.555286 67.818268
      vertex 112.275894 26.760515 67.030128
      vertex 112.275894 23.572960 67.884232
    endloop
  endfacet
  facet normal 0.098010 -0.257573 -0.961275
    outer loop
      vertex 112.275894 23.572960 67.884232
      vertex 112.510002 26.766483 67.052399
      vertex 112.510002 23.578928 67.906502
    endloop
  endfacet
  facet normal -0.471392 -0.228259 -0.851873
    outer loop
      vertex 113.176682 23.526587 67.711159
      vertex 112.969223 23.555286 67.818268
      vertex 113.176682 26.714140 66.857056
    endloop
  endfacet
  facet normal -0.634387 -0.200071 -0.746676
    outer loop
      vertex 113.176682 23.526587 67.711159
      vertex 113.358528 26.675516 66.712906
      vertex 113.358528 23.487961 67.567009
    endloop
  endfacet
  facet normal -0.098010 -0.257573 -0.961275
    outer loop
      vertex 112.510002 23.578928 67.906502
      vertex 112.744110 26.760515 67.030128
      vertex 112.744110 23.572960 67.884232
    endloop
  endfacet
  facet normal -0.290297 -0.247674 -0.924330
    outer loop
      vertex 112.969223 23.555286 67.818268
      vertex 112.744110 23.572960 67.884232
      vertex 112.969223 26.742842 66.964165
    endloop
  endfacet
  facet normal 0.773027 -0.164188 -0.612758
    outer loop
      vertex 111.512238 23.440895 67.391357
      vertex 111.512238 26.628450 66.537254
      vertex 111.661469 26.675516 66.712906
    endloop
  endfacet
  facet normal 0.634385 -0.200072 -0.746677
    outer loop
      vertex 111.661469 23.487961 67.567009
      vertex 111.661469 26.675516 66.712906
      vertex 111.843315 26.714140 66.857056
    endloop
  endfacet
  facet normal 0.471380 -0.228260 -0.851879
    outer loop
      vertex 111.843315 23.526587 67.711159
      vertex 111.843315 26.714140 66.857056
      vertex 112.050781 26.742842 66.964165
    endloop
  endfacet
  facet normal 0.290297 -0.247674 -0.924330
    outer loop
      vertex 112.050781 23.555286 67.818268
      vertex 112.050781 26.742842 66.964165
      vertex 112.275894 26.760515 67.030128
    endloop
  endfacet
  facet normal 0.098010 -0.257573 -0.961275
    outer loop
      vertex 112.275894 23.572960 67.884232
      vertex 112.275894 26.760515 67.030128
      vertex 112.510002 26.766483 67.052399
    endloop
  endfacet
  facet normal -0.098010 -0.257573 -0.961275
    outer loop
      vertex 112.510002 23.578928 67.906502
      vertex 112.510002 26.766483 67.052399
      vertex 112.744110 26.760515 67.030128
    endloop
  endfacet
  facet normal -0.290297 -0.247674 -0.924330
    outer loop
      vertex 112.744110 23.572960 67.884232
      vertex 112.744110 26.760515 67.030128
      vertex 112.969223 26.742842 66.964165
    endloop
  endfacet
  facet normal -0.471394 -0.228258 -0.851872
    outer loop
      vertex 112.969223 23.555286 67.818268
      vertex 112.969223 26.742842 66.964165
      vertex 113.176682 26.714140 66.857056
    endloop
  endfacet
  facet normal -0.634385 -0.200072 -0.746677
    outer loop
      vertex 113.176682 23.526587 67.711159
      vertex 113.176682 26.714140 66.857056
      vertex 113.358528 26.675516 66.712906
    endloop
  endfacet
  facet normal -0.772997 0.164197 0.612792
    outer loop
      vertex 113.358528 23.048731 65.927780
      vertex 113.507767 23.095795 66.103424
      vertex 113.358528 26.236286 65.073677
    endloop
  endfacet
  facet normal -0.772997 0.164197 0.612792
    outer loop
      vertex 113.507767 23.095795 66.103424
      vertex 113.507767 26.283350 65.249321
      vertex 113.358528 26.236286 65.073677
    endloop
  endfacet
  facet normal -0.881931 0.122002 0.455316
    outer loop
      vertex 113.618652 23.149490 66.303818
      vertex 113.618652 26.337046 65.449715
      vertex 113.507767 26.283350 65.249321
    endloop
  endfacet
  facet normal -0.881931 0.122002 0.455316
    outer loop
      vertex 113.507767 23.095795 66.103424
      vertex 113.618652 23.149490 66.303818
      vertex 113.507767 26.283350 65.249321
    endloop
  endfacet
  facet normal -0.956937 0.075134 0.280403
    outer loop
      vertex 113.618652 23.149490 66.303818
      vertex 113.686943 23.207754 66.521263
      vertex 113.618652 26.337046 65.449715
    endloop
  endfacet
  facet normal -0.995185 0.025367 0.094672
    outer loop
      vertex 113.686943 23.207754 66.521263
      vertex 113.709999 23.268345 66.747391
      vertex 113.686943 26.395309 65.667160
    endloop
  endfacet
  facet normal -0.995186 -0.025366 -0.094669
    outer loop
      vertex 113.709999 23.268345 66.747391
      vertex 113.686943 23.328938 66.973526
      vertex 113.709999 26.455900 65.893288
    endloop
  endfacet
  facet normal -0.956935 -0.075136 -0.280412
    outer loop
      vertex 113.686943 23.328938 66.973526
      vertex 113.618652 23.387199 67.190964
      vertex 113.686943 26.516493 66.119423
    endloop
  endfacet
  facet normal -0.881931 -0.122002 -0.455316
    outer loop
      vertex 113.618652 23.387199 67.190964
      vertex 113.507767 23.440895 67.391357
      vertex 113.618652 26.574755 66.336861
    endloop
  endfacet
  facet normal -0.773011 -0.164193 -0.612777
    outer loop
      vertex 113.507767 23.440895 67.391357
      vertex 113.358528 23.487961 67.567009
      vertex 113.507767 26.628450 66.537254
    endloop
  endfacet
  facet normal -0.956937 0.075134 0.280403
    outer loop
      vertex 113.686943 23.207754 66.521263
      vertex 113.686943 26.395309 65.667160
      vertex 113.618652 26.337046 65.449715
    endloop
  endfacet
  facet normal -0.995185 0.025367 0.094672
    outer loop
      vertex 113.709999 23.268345 66.747391
      vertex 113.709999 26.455900 65.893288
      vertex 113.686943 26.395309 65.667160
    endloop
  endfacet
  facet normal -0.995186 -0.025366 -0.094669
    outer loop
      vertex 113.686943 23.328938 66.973526
      vertex 113.686943 26.516493 66.119423
      vertex 113.709999 26.455900 65.893288
    endloop
  endfacet
  facet normal -0.956935 -0.075136 -0.280412
    outer loop
      vertex 113.618652 23.387199 67.190964
      vertex 113.618652 26.574755 66.336861
      vertex 113.686943 26.516493 66.119423
    endloop
  endfacet
  facet normal -0.881931 -0.122002 -0.455316
    outer loop
      vertex 113.507767 23.440895 67.391357
      vertex 113.507767 26.628450 66.537254
      vertex 113.618652 26.574755 66.336861
    endloop
  endfacet
  facet normal -0.773011 -0.164193 -0.612777
    outer loop
      vertex 113.358528 23.487961 67.567009
      vertex 113.358528 26.675516 66.712906
      vertex 113.507767 26.628450 66.537254
    endloop
  endfacet
  facet normal -0.000005 0.965926 -0.258818
    outer loop
      vertex 111.025078 26.071573 64.458961
      vertex 111.333061 26.395309 65.667160
      vertex 111.343300 26.003981 64.206696
    endloop
  endfacet
  facet normal 0.000002 0.965926 -0.258818
    outer loop
      vertex 111.343300 26.003981 64.206696
      vertex 111.512238 26.283350 65.249321
      vertex 111.661469 26.236286 65.073677
    endloop
  endfacet
  facet normal 0.000004 0.965926 -0.258819
    outer loop
      vertex 111.343300 26.003981 64.206696
      vertex 111.401344 26.337046 65.449715
      vertex 111.512238 26.283350 65.249321
    endloop
  endfacet
  facet normal -0.000005 0.965926 -0.258818
    outer loop
      vertex 111.343300 26.003981 64.206696
      vertex 111.333061 26.395309 65.667160
      vertex 111.401344 26.337046 65.449715
    endloop
  endfacet
  facet normal 0.000002 0.965926 -0.258819
    outer loop
      vertex 111.025078 26.071573 64.458961
      vertex 110.763916 26.153936 64.766342
      vertex 111.025078 26.840227 67.327614
    endloop
  endfacet
  facet normal -0.000001 0.965926 -0.258819
    outer loop
      vertex 110.569855 26.247904 65.117035
      vertex 110.763916 26.757864 67.020233
      vertex 110.763916 26.153936 64.766342
    endloop
  endfacet
  facet normal -0.000000 0.965926 -0.258819
    outer loop
      vertex 111.025078 26.071573 64.458961
      vertex 111.309998 26.455900 65.893288
      vertex 111.333061 26.395309 65.667160
    endloop
  endfacet
  facet normal 0.773008 0.164194 0.612780
    outer loop
      vertex 111.025078 26.071573 64.458961
      vertex 111.025078 27.520462 64.070732
      vertex 110.763916 26.153936 64.766342
    endloop
  endfacet
  facet normal 0.634403 0.200066 0.746664
    outer loop
      vertex 111.025078 26.071573 64.458961
      vertex 111.343300 26.003981 64.206696
      vertex 111.343300 27.452869 63.818470
    endloop
  endfacet
  facet normal 0.634397 0.200069 0.746668
    outer loop
      vertex 111.025078 26.071573 64.458961
      vertex 111.343300 27.452869 63.818470
      vertex 111.025078 27.520462 64.070732
    endloop
  endfacet
  facet normal 0.471388 0.228258 0.851876
    outer loop
      vertex 111.343300 26.003981 64.206696
      vertex 111.706367 27.402643 63.631023
      vertex 111.343300 27.452869 63.818470
    endloop
  endfacet
  facet normal 0.773015 0.164189 0.612772
    outer loop
      vertex 110.763916 26.153936 64.766342
      vertex 111.025078 27.520462 64.070732
      vertex 110.763916 27.602825 64.378120
    endloop
  endfacet
  facet normal 0.956937 0.075134 0.280403
    outer loop
      vertex 110.569855 26.247904 65.117035
      vertex 110.569855 27.696793 64.728806
      vertex 110.450348 26.349865 65.497559
    endloop
  endfacet
  facet normal 0.000001 0.965926 -0.258819
    outer loop
      vertex 110.569855 26.247904 65.117035
      vertex 110.450348 26.349865 65.497559
      vertex 110.569855 26.663897 66.669540
    endloop
  endfacet
  facet normal 0.995186 0.025365 0.094662
    outer loop
      vertex 110.450348 26.349865 65.497559
      vertex 110.439545 27.827143 65.215286
      vertex 110.410004 26.455900 65.893288
    endloop
  endfacet
  facet normal 0.881922 0.122004 0.455334
    outer loop
      vertex 110.569855 26.247904 65.117035
      vertex 110.763916 26.153936 64.766342
      vertex 110.763916 27.602825 64.378120
    endloop
  endfacet
  facet normal 0.881918 0.122008 0.455341
    outer loop
      vertex 110.569855 26.247904 65.117035
      vertex 110.763916 27.602825 64.378120
      vertex 110.569855 27.696793 64.728806
    endloop
  endfacet
  facet normal 0.000002 0.965926 -0.258817
    outer loop
      vertex 111.706367 25.953754 64.019249
      vertex 112.050781 26.168959 64.822411
      vertex 112.100311 25.922825 63.903820
    endloop
  endfacet
  facet normal 0.000001 0.965926 -0.258818
    outer loop
      vertex 111.343300 26.003981 64.206696
      vertex 111.661469 26.236286 65.073677
      vertex 111.706367 25.953754 64.019249
    endloop
  endfacet
  facet normal -0.000005 0.965926 -0.258818
    outer loop
      vertex 111.706367 25.953754 64.019249
      vertex 111.661469 26.236286 65.073677
      vertex 111.843315 26.197660 64.929520
    endloop
  endfacet
  facet normal 0.000009 0.965926 -0.258820
    outer loop
      vertex 111.706367 25.953754 64.019249
      vertex 111.843315 26.197660 64.929520
      vertex 112.050781 26.168959 64.822411
    endloop
  endfacet
  facet normal 0.000003 0.965926 -0.258819
    outer loop
      vertex 112.100311 25.922825 63.903820
      vertex 112.510002 26.145317 64.734177
      vertex 112.510002 25.912380 63.864845
    endloop
  endfacet
  facet normal -0.000006 0.965926 -0.258818
    outer loop
      vertex 112.100311 25.922825 63.903820
      vertex 112.050781 26.168959 64.822411
      vertex 112.275894 26.151285 64.756447
    endloop
  endfacet
  facet normal 0.000003 0.965926 -0.258819
    outer loop
      vertex 112.100311 25.922825 63.903820
      vertex 112.275894 26.151285 64.756447
      vertex 112.510002 26.145317 64.734177
    endloop
  endfacet
  facet normal -0.000003 0.965926 -0.258819
    outer loop
      vertex 112.510002 25.912380 63.864845
      vertex 112.510002 26.145317 64.734177
      vertex 112.919693 25.922825 63.903820
    endloop
  endfacet
  facet normal -0.000003 0.965926 -0.258819
    outer loop
      vertex 112.919693 25.922825 63.903820
      vertex 112.510002 26.145317 64.734177
      vertex 112.744110 26.151285 64.756447
    endloop
  endfacet
  facet normal 0.000006 0.965926 -0.258818
    outer loop
      vertex 112.919693 25.922825 63.903820
      vertex 112.744110 26.151285 64.756447
      vertex 112.969223 26.168959 64.822411
    endloop
  endfacet
  facet normal -0.000002 0.965926 -0.258817
    outer loop
      vertex 112.919693 25.922825 63.903820
      vertex 112.969223 26.168959 64.822411
      vertex 113.313637 25.953754 64.019249
    endloop
  endfacet
  facet normal -0.000009 0.965926 -0.258820
    outer loop
      vertex 113.313637 25.953754 64.019249
      vertex 112.969223 26.168959 64.822411
      vertex 113.176682 26.197660 64.929520
    endloop
  endfacet
  facet normal 0.000005 0.965926 -0.258818
    outer loop
      vertex 113.313637 25.953754 64.019249
      vertex 113.176682 26.197660 64.929520
      vertex 113.358528 26.236286 65.073677
    endloop
  endfacet
  facet normal 0.290283 0.247675 0.924334
    outer loop
      vertex 111.706367 25.953754 64.019249
      vertex 112.100311 25.922825 63.903820
      vertex 112.100311 27.371714 63.515591
    endloop
  endfacet
  facet normal 0.471388 0.228258 0.851876
    outer loop
      vertex 111.343300 26.003981 64.206696
      vertex 111.706367 25.953754 64.019249
      vertex 111.706367 27.402643 63.631023
    endloop
  endfacet
  facet normal 0.098015 0.257573 0.961275
    outer loop
      vertex 112.100311 25.922825 63.903820
      vertex 112.510002 25.912380 63.864845
      vertex 112.510002 27.361269 63.476616
    endloop
  endfacet
  facet normal 0.290292 0.247672 0.924332
    outer loop
      vertex 111.706367 25.953754 64.019249
      vertex 112.100311 27.371714 63.515591
      vertex 111.706367 27.402643 63.631023
    endloop
  endfacet
  facet normal 0.098015 0.257573 0.961275
    outer loop
      vertex 112.100311 25.922825 63.903820
      vertex 112.510002 27.361269 63.476616
      vertex 112.100311 27.371714 63.515591
    endloop
  endfacet
  facet normal -0.098015 0.257573 0.961275
    outer loop
      vertex 112.510002 25.912380 63.864845
      vertex 112.919693 25.922825 63.903820
      vertex 112.919693 27.371714 63.515591
    endloop
  endfacet
  facet normal -0.290283 0.247673 0.924334
    outer loop
      vertex 112.919693 25.922825 63.903820
      vertex 113.313637 25.953754 64.019249
      vertex 113.313637 27.402643 63.631023
    endloop
  endfacet
  facet normal -0.098015 0.257573 0.961275
    outer loop
      vertex 112.510002 25.912380 63.864845
      vertex 112.919693 27.371714 63.515591
      vertex 112.510002 27.361269 63.476616
    endloop
  endfacet
  facet normal -0.290292 0.247674 0.924331
    outer loop
      vertex 112.919693 25.922825 63.903820
      vertex 113.313637 27.402643 63.631023
      vertex 112.919693 27.371714 63.515591
    endloop
  endfacet
  facet normal 0.000000 0.965926 -0.258819
    outer loop
      vertex 110.450348 26.349865 65.497559
      vertex 110.410004 26.455900 65.893288
      vertex 110.450348 26.561935 66.289017
    endloop
  endfacet
  facet normal -0.000001 0.965926 -0.258819
    outer loop
      vertex 110.450348 26.349865 65.497559
      vertex 110.450348 26.561935 66.289017
      vertex 110.569855 26.663897 66.669540
    endloop
  endfacet
  facet normal 0.995186 -0.025365 -0.094662
    outer loop
      vertex 110.410004 26.455900 65.893288
      vertex 110.410004 27.904789 65.505058
      vertex 110.450348 26.561935 66.289017
    endloop
  endfacet
  facet normal 0.956937 -0.075134 -0.280403
    outer loop
      vertex 110.450348 26.561935 66.289017
      vertex 110.450348 28.010824 65.900787
      vertex 110.569855 26.663897 66.669540
    endloop
  endfacet
  facet normal 0.000002 0.965926 -0.258819
    outer loop
      vertex 110.569855 26.247904 65.117035
      vertex 110.569855 26.663897 66.669540
      vertex 110.763916 26.757864 67.020233
    endloop
  endfacet
  facet normal -0.000003 0.965926 -0.258819
    outer loop
      vertex 110.763916 26.153936 64.766342
      vertex 110.763916 26.757864 67.020233
      vertex 111.025078 26.840227 67.327614
    endloop
  endfacet
  facet normal 0.000000 0.965926 -0.258819
    outer loop
      vertex 111.025078 26.071573 64.458961
      vertex 111.343300 26.907822 67.579880
      vertex 111.309998 26.455900 65.893288
    endloop
  endfacet
  facet normal -0.000000 0.965926 -0.258819
    outer loop
      vertex 111.025078 26.071573 64.458961
      vertex 111.025078 26.840227 67.327614
      vertex 111.343300 26.907822 67.579880
    endloop
  endfacet
  facet normal 0.000009 0.965926 -0.258819
    outer loop
      vertex 111.309998 26.455900 65.893288
      vertex 111.343300 26.907822 67.579880
      vertex 111.333061 26.516493 66.119423
    endloop
  endfacet
  facet normal 0.000007 0.965926 -0.258819
    outer loop
      vertex 111.333061 26.516493 66.119423
      vertex 111.343300 26.907822 67.579880
      vertex 111.401344 26.574755 66.336861
    endloop
  endfacet
  facet normal -0.000002 0.965926 -0.258820
    outer loop
      vertex 111.401344 26.574755 66.336861
      vertex 111.343300 26.907822 67.579880
      vertex 111.512238 26.628450 66.537254
    endloop
  endfacet
  facet normal 0.000000 0.965926 -0.258820
    outer loop
      vertex 111.512238 26.628450 66.537254
      vertex 111.343300 26.907822 67.579880
      vertex 111.661469 26.675516 66.712906
    endloop
  endfacet
  facet normal 0.881922 -0.122007 -0.455334
    outer loop
      vertex 110.569855 26.663897 66.669540
      vertex 110.569855 28.112785 66.281311
      vertex 110.763916 26.757864 67.020233
    endloop
  endfacet
  facet normal 0.000006 0.965926 -0.258820
    outer loop
      vertex 111.661469 26.675516 66.712906
      vertex 111.706367 26.958048 67.767326
      vertex 111.843315 26.714140 66.857056
    endloop
  endfacet
  facet normal -0.000008 0.965925 -0.258822
    outer loop
      vertex 111.843315 26.714140 66.857056
      vertex 111.706367 26.958048 67.767326
      vertex 112.050781 26.742842 66.964165
    endloop
  endfacet
  facet normal 0.000000 0.965926 -0.258820
    outer loop
      vertex 111.343300 26.907822 67.579880
      vertex 111.706367 26.958048 67.767326
      vertex 111.661469 26.675516 66.712906
    endloop
  endfacet
  facet normal 0.000006 0.965926 -0.258818
    outer loop
      vertex 112.050781 26.742842 66.964165
      vertex 112.100311 26.988977 67.882759
      vertex 112.275894 26.760515 67.030128
    endloop
  endfacet
  facet normal -0.000003 0.965926 -0.258820
    outer loop
      vertex 112.275894 26.760515 67.030128
      vertex 112.100311 26.988977 67.882759
      vertex 112.510002 26.766483 67.052399
    endloop
  endfacet
  facet normal 0.000001 0.965926 -0.258818
    outer loop
      vertex 112.050781 26.742842 66.964165
      vertex 111.706367 26.958048 67.767326
      vertex 112.100311 26.988977 67.882759
    endloop
  endfacet
  facet normal -0.000001 0.965926 -0.258819
    outer loop
      vertex 112.100311 26.988977 67.882759
      vertex 112.510002 26.999420 67.921730
      vertex 112.510002 26.766483 67.052399
    endloop
  endfacet
  facet normal 0.000008 0.965925 -0.258822
    outer loop
      vertex 113.176682 26.714140 66.857056
      vertex 112.969223 26.742842 66.964165
      vertex 113.313637 26.958048 67.767326
    endloop
  endfacet
  facet normal -0.000006 0.965926 -0.258820
    outer loop
      vertex 113.176682 26.714140 66.857056
      vertex 113.313637 26.958048 67.767326
      vertex 113.358528 26.675516 66.712906
    endloop
  endfacet
  facet normal 0.000003 0.965926 -0.258820
    outer loop
      vertex 112.510002 26.766483 67.052399
      vertex 112.919693 26.988977 67.882759
      vertex 112.744110 26.760515 67.030128
    endloop
  endfacet
  facet normal -0.000006 0.965926 -0.258818
    outer loop
      vertex 112.744110 26.760515 67.030128
      vertex 112.919693 26.988977 67.882759
      vertex 112.969223 26.742842 66.964165
    endloop
  endfacet
  facet normal 0.000001 0.965926 -0.258819
    outer loop
      vertex 112.510002 26.766483 67.052399
      vertex 112.510002 26.999420 67.921730
      vertex 112.919693 26.988977 67.882759
    endloop
  endfacet
  facet normal -0.000001 0.965926 -0.258818
    outer loop
      vertex 112.969223 26.742842 66.964165
      vertex 112.919693 26.988977 67.882759
      vertex 113.313637 26.958048 67.767326
    endloop
  endfacet
  facet normal -0.000001 0.965926 -0.258818
    outer loop
      vertex 113.313637 25.953754 64.019249
      vertex 113.358528 26.236286 65.073677
      vertex 113.676697 26.003981 64.206696
    endloop
  endfacet
  facet normal -0.000002 0.965926 -0.258818
    outer loop
      vertex 113.676697 26.003981 64.206696
      vertex 113.358528 26.236286 65.073677
      vertex 113.507767 26.283350 65.249321
    endloop
  endfacet
  facet normal -0.000004 0.965926 -0.258819
    outer loop
      vertex 113.676697 26.003981 64.206696
      vertex 113.507767 26.283350 65.249321
      vertex 113.618652 26.337046 65.449715
    endloop
  endfacet
  facet normal 0.000005 0.965926 -0.258818
    outer loop
      vertex 113.676697 26.003981 64.206696
      vertex 113.618652 26.337046 65.449715
      vertex 113.686943 26.395309 65.667160
    endloop
  endfacet
  facet normal -0.000012 0.965926 -0.258818
    outer loop
      vertex 113.676697 26.003981 64.206696
      vertex 113.686943 26.395309 65.667160
      vertex 113.709999 26.455900 65.893288
    endloop
  endfacet
  facet normal 0.000006 0.965926 -0.258819
    outer loop
      vertex 113.676697 26.003981 64.206696
      vertex 113.994926 26.840227 67.327614
      vertex 113.994926 26.071573 64.458961
    endloop
  endfacet
  facet normal -0.000003 0.965926 -0.258819
    outer loop
      vertex 113.994926 26.071573 64.458961
      vertex 114.256088 26.757864 67.020233
      vertex 114.256088 26.153936 64.766342
    endloop
  endfacet
  facet normal 0.000002 0.965926 -0.258819
    outer loop
      vertex 114.256088 26.153936 64.766342
      vertex 114.450150 26.663897 66.669540
      vertex 114.450150 26.247904 65.117035
    endloop
  endfacet
  facet normal -0.000001 0.965926 -0.258819
    outer loop
      vertex 114.450150 26.247904 65.117035
      vertex 114.569649 26.561935 66.289017
      vertex 114.569649 26.349865 65.497559
    endloop
  endfacet
  facet normal -0.471396 0.228257 0.851872
    outer loop
      vertex 113.313637 25.953754 64.019249
      vertex 113.676697 26.003981 64.206696
      vertex 113.676697 27.452869 63.818470
    endloop
  endfacet
  facet normal -0.634393 0.200070 0.746671
    outer loop
      vertex 113.676697 26.003981 64.206696
      vertex 113.994926 26.071573 64.458961
      vertex 113.994926 27.520462 64.070732
    endloop
  endfacet
  facet normal -0.773008 0.164191 0.612780
    outer loop
      vertex 113.994926 26.071573 64.458961
      vertex 114.256088 26.153936 64.766342
      vertex 114.256088 27.602825 64.378120
    endloop
  endfacet
  facet normal -0.471396 0.228257 0.851872
    outer loop
      vertex 113.313637 25.953754 64.019249
      vertex 113.676697 27.452869 63.818470
      vertex 113.313637 27.402643 63.631023
    endloop
  endfacet
  facet normal -0.634388 0.200069 0.746675
    outer loop
      vertex 113.676697 26.003981 64.206696
      vertex 113.994926 27.520462 64.070732
      vertex 113.676697 27.452869 63.818470
    endloop
  endfacet
  facet normal -0.773015 0.164192 0.612771
    outer loop
      vertex 113.994926 26.071573 64.458961
      vertex 114.256088 27.602825 64.378120
      vertex 113.994926 27.520462 64.070732
    endloop
  endfacet
  facet normal -0.881918 0.122006 0.455341
    outer loop
      vertex 114.256088 26.153936 64.766342
      vertex 114.450150 27.696793 64.728806
      vertex 114.256088 27.602825 64.378120
    endloop
  endfacet
  facet normal -0.000006 0.965926 -0.258818
    outer loop
      vertex 113.676697 26.003981 64.206696
      vertex 113.709999 26.455900 65.893288
      vertex 113.994926 26.840227 67.327614
    endloop
  endfacet
  facet normal -0.881922 0.122007 0.455334
    outer loop
      vertex 114.256088 26.153936 64.766342
      vertex 114.450150 26.247904 65.117035
      vertex 114.450150 27.696793 64.728806
    endloop
  endfacet
  facet normal -0.956943 0.075129 0.280386
    outer loop
      vertex 114.450150 26.247904 65.117035
      vertex 114.569649 26.349865 65.497559
      vertex 114.569649 27.798754 65.109329
    endloop
  endfacet
  facet normal -0.956943 0.075129 0.280386
    outer loop
      vertex 114.450150 26.247904 65.117035
      vertex 114.569649 27.798754 65.109329
      vertex 114.450150 27.696793 64.728806
    endloop
  endfacet
  facet normal -0.995184 0.025369 0.094680
    outer loop
      vertex 114.569649 26.349865 65.497559
      vertex 114.610001 26.455900 65.893288
      vertex 114.610001 27.904789 65.505058
    endloop
  endfacet
  facet normal 0.000002 0.965926 -0.258819
    outer loop
      vertex 113.994926 26.071573 64.458961
      vertex 113.994926 26.840227 67.327614
      vertex 114.256088 26.757864 67.020233
    endloop
  endfacet
  facet normal -0.000002 0.965926 -0.258819
    outer loop
      vertex 113.709999 26.455900 65.893288
      vertex 113.686943 26.516493 66.119423
      vertex 113.994926 26.840227 67.327614
    endloop
  endfacet
  facet normal -0.000000 0.965926 -0.258820
    outer loop
      vertex 113.507767 26.628450 66.537254
      vertex 113.358528 26.675516 66.712906
      vertex 113.676697 26.907822 67.579880
    endloop
  endfacet
  facet normal -0.000007 0.965926 -0.258819
    outer loop
      vertex 113.686943 26.516493 66.119423
      vertex 113.618652 26.574755 66.336861
      vertex 113.676697 26.907822 67.579880
    endloop
  endfacet
  facet normal 0.000002 0.965926 -0.258820
    outer loop
      vertex 113.618652 26.574755 66.336861
      vertex 113.507767 26.628450 66.537254
      vertex 113.676697 26.907822 67.579880
    endloop
  endfacet
  facet normal 0.000001 0.965926 -0.258819
    outer loop
      vertex 114.450150 26.247904 65.117035
      vertex 114.450150 26.663897 66.669540
      vertex 114.569649 26.561935 66.289017
    endloop
  endfacet
  facet normal 0.000000 0.965926 -0.258819
    outer loop
      vertex 114.569649 26.349865 65.497559
      vertex 114.569649 26.561935 66.289017
      vertex 114.610001 26.455900 65.893288
    endloop
  endfacet
  facet normal -0.000001 0.965926 -0.258819
    outer loop
      vertex 114.256088 26.153936 64.766342
      vertex 114.256088 26.757864 67.020233
      vertex 114.450150 26.663897 66.669540
    endloop
  endfacet
  facet normal -0.995184 -0.025369 -0.094680
    outer loop
      vertex 114.610001 26.455900 65.893288
      vertex 114.569649 26.561935 66.289017
      vertex 114.569649 28.010824 65.900787
    endloop
  endfacet
  facet normal -0.956943 -0.075129 -0.280386
    outer loop
      vertex 114.569649 26.561935 66.289017
      vertex 114.450150 26.663897 66.669540
      vertex 114.450150 28.112785 66.281311
    endloop
  endfacet
  facet normal -0.881922 -0.122007 -0.455334
    outer loop
      vertex 114.450150 26.663897 66.669540
      vertex 114.256088 26.757864 67.020233
      vertex 114.256088 28.206753 66.632004
    endloop
  endfacet
  facet normal -0.000000 0.965926 -0.258819
    outer loop
      vertex 113.686943 26.516493 66.119423
      vertex 113.676697 26.907822 67.579880
      vertex 113.994926 26.840227 67.327614
    endloop
  endfacet
  facet normal -0.000000 0.965926 -0.258820
    outer loop
      vertex 113.313637 26.958048 67.767326
      vertex 113.676697 26.907822 67.579880
      vertex 113.358528 26.675516 66.712906
    endloop
  endfacet
  facet normal 0.956937 0.075134 0.280403
    outer loop
      vertex 110.450348 26.349865 65.497559
      vertex 110.569855 27.696793 64.728806
      vertex 110.450348 27.798754 65.109329
    endloop
  endfacet
  facet normal 0.995185 0.025367 0.094671
    outer loop
      vertex 110.450348 26.349865 65.497559
      vertex 110.450348 27.798754 65.109329
      vertex 110.439545 27.827143 65.215286
    endloop
  endfacet
  facet normal 0.995187 0.025364 0.094659
    outer loop
      vertex 110.410004 26.455900 65.893288
      vertex 110.439545 27.827143 65.215286
      vertex 110.410004 27.904789 65.505058
    endloop
  endfacet
  facet normal 0.995186 -0.025365 -0.094662
    outer loop
      vertex 110.450348 26.561935 66.289017
      vertex 110.410004 27.904789 65.505058
      vertex 110.450348 28.010824 65.900787
    endloop
  endfacet
  facet normal 0.956937 -0.075134 -0.280403
    outer loop
      vertex 110.569855 26.663897 66.669540
      vertex 110.450348 28.010824 65.900787
      vertex 110.569855 28.112785 66.281311
    endloop
  endfacet
  facet normal 0.881922 -0.122007 -0.455334
    outer loop
      vertex 110.763916 26.757864 67.020233
      vertex 110.569855 28.112785 66.281311
      vertex 110.763916 28.206753 66.632004
    endloop
  endfacet
  facet normal 0.773008 -0.164194 -0.612780
    outer loop
      vertex 110.763916 26.757864 67.020233
      vertex 110.763916 28.206753 66.632004
      vertex 111.025078 26.840227 67.327614
    endloop
  endfacet
  facet normal 0.634403 -0.200068 -0.746663
    outer loop
      vertex 111.025078 26.840227 67.327614
      vertex 111.025078 28.289116 66.939384
      vertex 111.343300 26.907822 67.579880
    endloop
  endfacet
  facet normal 0.471388 -0.228260 -0.851875
    outer loop
      vertex 111.343300 26.907822 67.579880
      vertex 111.343300 28.356710 67.191650
      vertex 111.706367 26.958048 67.767326
    endloop
  endfacet
  facet normal 0.773008 -0.164194 -0.612780
    outer loop
      vertex 111.025078 26.840227 67.327614
      vertex 110.763916 28.206753 66.632004
      vertex 111.025078 28.289116 66.939384
    endloop
  endfacet
  facet normal 0.634403 -0.200068 -0.746663
    outer loop
      vertex 111.343300 26.907822 67.579880
      vertex 111.025078 28.289116 66.939384
      vertex 111.343300 28.356710 67.191650
    endloop
  endfacet
  facet normal 0.290292 -0.247674 -0.924331
    outer loop
      vertex 111.706367 26.958048 67.767326
      vertex 111.706367 28.406937 67.379097
      vertex 112.100311 26.988977 67.882759
    endloop
  endfacet
  facet normal 0.098005 -0.257574 -0.961276
    outer loop
      vertex 112.100311 26.988977 67.882759
      vertex 112.100311 28.437866 67.494530
      vertex 112.510002 26.999420 67.921730
    endloop
  endfacet
  facet normal 0.471388 -0.228260 -0.851875
    outer loop
      vertex 111.706367 26.958048 67.767326
      vertex 111.343300 28.356710 67.191650
      vertex 111.706367 28.406937 67.379097
    endloop
  endfacet
  facet normal 0.290279 -0.247679 -0.924334
    outer loop
      vertex 112.100311 26.988977 67.882759
      vertex 111.706367 28.406937 67.379097
      vertex 112.010002 28.430775 67.468063
    endloop
  endfacet
  facet normal 0.290333 -0.247671 -0.924319
    outer loop
      vertex 112.100311 26.988977 67.882759
      vertex 112.010002 28.430775 67.468063
      vertex 112.100311 28.437866 67.494530
    endloop
  endfacet
  facet normal 0.098005 -0.257574 -0.961276
    outer loop
      vertex 112.510002 26.999420 67.921730
      vertex 112.100311 28.437866 67.494530
      vertex 112.510002 28.448309 67.533501
    endloop
  endfacet
  facet normal -0.098005 -0.257574 -0.961276
    outer loop
      vertex 112.919693 26.988977 67.882759
      vertex 112.510002 26.999420 67.921730
      vertex 112.510002 28.448309 67.533501
    endloop
  endfacet
  facet normal -0.290292 -0.247674 -0.924331
    outer loop
      vertex 113.313637 26.958048 67.767326
      vertex 112.919693 26.988977 67.882759
      vertex 112.919693 28.437866 67.494530
    endloop
  endfacet
  facet normal -0.098005 -0.257574 -0.961276
    outer loop
      vertex 112.919693 26.988977 67.882759
      vertex 112.510002 28.448309 67.533501
      vertex 112.919693 28.437866 67.494530
    endloop
  endfacet
  facet normal -0.290292 -0.247674 -0.924331
    outer loop
      vertex 113.313637 26.958048 67.767326
      vertex 112.919693 28.437866 67.494530
      vertex 113.313637 28.406937 67.379097
    endloop
  endfacet
  facet normal -0.995185 0.025367 0.094671
    outer loop
      vertex 114.569649 26.349865 65.497559
      vertex 114.580452 27.827143 65.215286
      vertex 114.569649 27.798754 65.109329
    endloop
  endfacet
  facet normal -0.995184 0.025369 0.094683
    outer loop
      vertex 114.569649 26.349865 65.497559
      vertex 114.610001 27.904789 65.505058
      vertex 114.580452 27.827143 65.215286
    endloop
  endfacet
  facet normal -0.995184 -0.025369 -0.094680
    outer loop
      vertex 114.610001 26.455900 65.893288
      vertex 114.569649 28.010824 65.900787
      vertex 114.610001 27.904789 65.505058
    endloop
  endfacet
  facet normal -0.773008 -0.164194 -0.612780
    outer loop
      vertex 114.256088 26.757864 67.020233
      vertex 113.994926 28.289116 66.939384
      vertex 114.256088 28.206753 66.632004
    endloop
  endfacet
  facet normal -0.956943 -0.075129 -0.280386
    outer loop
      vertex 114.569649 26.561935 66.289017
      vertex 114.450150 28.112785 66.281311
      vertex 114.569649 28.010824 65.900787
    endloop
  endfacet
  facet normal -0.881922 -0.122007 -0.455334
    outer loop
      vertex 114.450150 26.663897 66.669540
      vertex 114.256088 28.206753 66.632004
      vertex 114.450150 28.112785 66.281311
    endloop
  endfacet
  facet normal -0.634394 -0.200070 -0.746670
    outer loop
      vertex 113.994926 26.840227 67.327614
      vertex 113.676697 26.907822 67.579880
      vertex 113.676697 28.356710 67.191650
    endloop
  endfacet
  facet normal -0.773008 -0.164194 -0.612780
    outer loop
      vertex 114.256088 26.757864 67.020233
      vertex 113.994926 26.840227 67.327614
      vertex 113.994926 28.289116 66.939384
    endloop
  endfacet
  facet normal -0.471396 -0.228259 -0.851871
    outer loop
      vertex 113.313637 26.958048 67.767326
      vertex 113.313637 28.406937 67.379097
      vertex 113.676697 26.907822 67.579880
    endloop
  endfacet
  facet normal -0.471396 -0.228259 -0.851871
    outer loop
      vertex 113.676697 26.907822 67.579880
      vertex 113.313637 28.406937 67.379097
      vertex 113.676697 28.356710 67.191650
    endloop
  endfacet
  facet normal -0.634394 -0.200070 -0.746670
    outer loop
      vertex 113.994926 26.840227 67.327614
      vertex 113.676697 28.356710 67.191650
      vertex 113.994926 28.289116 66.939384
    endloop
  endfacet
  facet normal 0.000000 -0.965926 0.258819
    outer loop
      vertex 0.000000 10.192511 5.000000
      vertex 1.297297 10.192511 5.000000
      vertex 0.669873 10.404140 5.789814
    endloop
  endfacet
  facet normal -0.000000 -0.965926 0.258819
    outer loop
      vertex 0.000000 10.192511 5.000000
      vertex 0.669873 10.404140 5.789814
      vertex 0.170371 10.716251 6.954628
    endloop
  endfacet
  facet normal -0.000000 -0.965926 0.258819
    outer loop
      vertex 0.000000 10.192511 5.000000
      vertex 0.170371 10.716251 6.954628
      vertex 0.000000 11.051188 8.204628
    endloop
  endfacet
  facet normal -1.000000 0.000000 0.000000
    outer loop
      vertex 0.000000 10.192511 5.000000
      vertex 0.000000 11.051188 8.204628
      vertex 0.000000 12.450705 7.829629
    endloop
  endfacet
  facet normal -0.000004 -0.965926 0.258819
    outer loop
      vertex 2.559853 10.765546 7.138598
      vertex 2.753914 11.275505 9.041794
      vertex 2.440351 10.867507 7.519121
    endloop
  endfacet
  facet normal 0.000001 -0.965926 0.258819
    outer loop
      vertex 3.333302 10.521622 6.228261
      vertex 3.696365 10.471395 6.040812
      vertex 3.333302 11.425463 9.601440
    endloop
  endfacet
  facet normal -0.000000 -0.965926 0.258819
    outer loop
      vertex 3.015076 10.589215 6.480524
      vertex 3.015076 11.357868 9.349177
      vertex 2.753914 10.671578 6.787908
    endloop
  endfacet
  facet normal -0.000001 -0.965926 0.258819
    outer loop
      vertex 2.753914 10.671578 6.787908
      vertex 3.015076 11.357868 9.349177
      vertex 2.559853 10.765546 7.138598
    endloop
  endfacet
  facet normal 0.000000 -0.965926 0.258819
    outer loop
      vertex 3.333302 10.521622 6.228261
      vertex 3.333302 11.425463 9.601440
      vertex 3.015076 10.589215 6.480524
    endloop
  endfacet
  facet normal -0.000001 -0.965926 0.258818
    outer loop
      vertex 2.440351 10.867507 7.519121
      vertex 2.559853 11.181538 8.691103
      vertex 2.400000 10.973542 7.914851
    endloop
  endfacet
  facet normal -0.000005 -0.965926 0.258819
    outer loop
      vertex 2.400000 10.973542 7.914851
      vertex 2.559853 11.181538 8.691103
      vertex 2.440351 11.079577 8.310580
    endloop
  endfacet
  facet normal 0.000003 -0.965926 0.258818
    outer loop
      vertex 2.440351 10.867507 7.519121
      vertex 2.753914 11.275505 9.041794
      vertex 2.559853 11.181538 8.691103
    endloop
  endfacet
  facet normal 0.000000 -0.965926 0.258819
    outer loop
      vertex 2.559853 10.765546 7.138598
      vertex 3.015076 11.357868 9.349177
      vertex 2.753914 11.275505 9.041794
    endloop
  endfacet
  facet normal 0.000003 -0.965926 0.258819
    outer loop
      vertex 3.015076 10.589215 6.480524
      vertex 3.333302 11.425463 9.601440
      vertex 3.015076 11.357868 9.349177
    endloop
  endfacet
  facet normal -0.000000 -0.965926 0.258819
    outer loop
      vertex 4.090310 10.440466 5.925382
      vertex 3.333302 11.425463 9.601440
      vertex 3.696365 10.471395 6.040812
    endloop
  endfacet
  facet normal -0.000000 -0.965926 0.258819
    outer loop
      vertex 4.090310 10.440466 5.925382
      vertex 4.500000 10.430022 5.886406
      vertex 3.333302 11.425463 9.601440
    endloop
  endfacet
  facet normal 0.000000 -0.965926 0.258819
    outer loop
      vertex 4.500000 10.430022 5.886406
      vertex 4.909690 10.440466 5.925382
      vertex 3.333302 11.425463 9.601440
    endloop
  endfacet
  facet normal 0.000000 -0.965926 0.258819
    outer loop
      vertex 4.909690 10.440466 5.925382
      vertex 5.303635 10.471395 6.040812
      vertex 3.333302 11.425463 9.601440
    endloop
  endfacet
  facet normal -0.000001 -0.965926 0.258819
    outer loop
      vertex 5.303635 10.471395 6.040812
      vertex 5.666698 10.521622 6.228261
      vertex 3.333302 11.425463 9.601440
    endloop
  endfacet
  facet normal -0.000001 -0.965926 0.258819
    outer loop
      vertex 5.666698 10.521622 6.228261
      vertex 3.696365 11.475689 9.788889
      vertex 3.333302 11.425463 9.601440
    endloop
  endfacet
  facet normal 0.000000 -0.965926 0.258819
    outer loop
      vertex 5.666698 10.521622 6.228261
      vertex 4.090310 11.506618 9.904319
      vertex 3.696365 11.475689 9.788889
    endloop
  endfacet
  facet normal 0.000000 -0.965926 0.258819
    outer loop
      vertex 5.666698 10.521622 6.228261
      vertex 4.500000 11.517062 9.943295
      vertex 4.090310 11.506618 9.904319
    endloop
  endfacet
  facet normal -0.000000 -0.965926 0.258819
    outer loop
      vertex 5.666698 10.521622 6.228261
      vertex 4.909690 11.506618 9.904319
      vertex 4.500000 11.517062 9.943295
    endloop
  endfacet
  facet normal -0.000001 -0.965926 0.258819
    outer loop
      vertex 5.666698 10.521622 6.228261
      vertex 5.303635 11.475689 9.788889
      vertex 4.909690 11.506618 9.904319
    endloop
  endfacet
  facet normal -0.000000 -0.965926 0.258819
    outer loop
      vertex 5.666698 10.521622 6.228261
      vertex 5.984924 10.589215 6.480524
      vertex 5.984924 11.357868 9.349177
    endloop
  endfacet
  facet normal 0.000041 -0.965926 0.258819
    outer loop
      vertex 5.984924 10.589215 6.480524
      vertex 6.000000 10.593970 6.498268
      vertex 6.000000 11.353114 9.331433
    endloop
  endfacet
  facet normal 1.000000 0.000000 0.000000
    outer loop
      vertex 6.000000 10.593970 6.498268
      vertex 6.000000 11.993486 6.123269
      vertex 6.000000 12.752630 8.956434
    endloop
  endfacet
  facet normal -0.000002 -0.965926 0.258819
    outer loop
      vertex 5.666698 10.521622 6.228261
      vertex 5.984924 11.357868 9.349177
      vertex 5.666698 11.425463 9.601440
    endloop
  endfacet
  facet normal 0.000028 -0.965926 0.258819
    outer loop
      vertex 5.984924 10.589215 6.480524
      vertex 6.000000 11.353114 9.331433
      vertex 5.984924 11.357868 9.349177
    endloop
  endfacet
  facet normal 0.000001 -0.965926 0.258819
    outer loop
      vertex 5.666698 10.521622 6.228261
      vertex 5.666698 11.425463 9.601440
      vertex 5.303635 11.475689 9.788889
    endloop
  endfacet
  facet normal 1.000000 0.000000 0.000000
    outer loop
      vertex 6.000000 10.593970 6.498268
      vertex 6.000000 12.752630 8.956434
      vertex 6.000000 11.353114 9.331433
    endloop
  endfacet
  facet normal -1.000000 0.000000 0.000000
    outer loop
      vertex 0.000000 10.192511 5.000000
      vertex 0.000000 12.450705 7.829629
      vertex 0.000000 50.497353 5.000000
    endloop
  endfacet
  facet normal 1.000000 0.000000 0.000000
    outer loop
      vertex 6.000000 11.692508 5.000000
      vertex 6.000000 52.497353 5.000000
      vertex 6.000000 11.993486 6.123269
    endloop
  endfacet
  facet normal 1.000000 0.000000 0.000000
    outer loop
      vertex 6.000000 11.993486 6.123269
      vertex 6.000000 52.497353 5.000000
      vertex 6.000000 12.752630 8.956434
    endloop
  endfacet
  facet normal -1.000000 0.000000 0.000000
    outer loop
      vertex 0.000000 12.450705 7.829629
      vertex 0.000000 21.222719 40.567234
      vertex 0.000000 50.497353 5.000000
    endloop
  endfacet
  facet normal 1.000000 0.000000 0.000000
    outer loop
      vertex 6.000000 12.752630 8.956434
      vertex 6.000000 52.497353 5.000000
      vertex 6.000000 21.222719 40.567234
    endloop
  endfacet
  facet normal 0.000000 0.750970 0.660336
    outer loop
      vertex 0.000000 21.222719 40.567234
      vertex 6.000000 21.222719 40.567234
      vertex 0.000000 52.497353 5.000000
    endloop
  endfacet
  facet normal -1.000000 0.000000 0.000000
    outer loop
      vertex 0.000000 21.222719 40.567234
      vertex 0.000000 52.497353 5.000000
      vertex 0.000000 50.497353 5.000000
    endloop
  endfacet
  facet normal 0.000000 0.750970 0.660336
    outer loop
      vertex 6.000000 21.222719 40.567234
      vertex 0.535898 52.497353 5.000000
      vertex 0.000000 52.497353 5.000000
    endloop
  endfacet
  facet normal 0.000000 0.750970 0.660336
    outer loop
      vertex 6.000000 21.222719 40.567234
      vertex 4.000000 52.497353 5.000000
      vertex 0.535898 52.497353 5.000000
    endloop
  endfacet
  facet normal 0.000000 0.750970 0.660336
    outer loop
      vertex 6.000000 21.222719 40.567234
      vertex 6.000000 52.497353 5.000000
      vertex 4.000000 52.497353 5.000000
    endloop
  endfacet
  facet normal 0.000000 0.000000 -1.000000
    outer loop
      vertex 0.000000 50.497353 5.000000
      vertex 0.000000 52.497353 5.000000
      vertex 0.136297 51.532627 5.000000
    endloop
  endfacet
  facet normal 0.000000 0.000000 -1.000000
    outer loop
      vertex 0.136297 51.532627 5.000000
      vertex 0.000000 52.497353 5.000000
      vertex 0.535898 52.497353 5.000000
    endloop
  endfacet
  facet normal 0.000000 -0.965926 0.258819
    outer loop
      vertex 111.343300 10.521622 6.228261
      vertex 111.010002 11.353115 9.331436
      vertex 111.025078 10.589215 6.480524
    endloop
  endfacet
  facet normal 0.000001 -0.965926 0.258819
    outer loop
      vertex 111.343300 10.521622 6.228261
      vertex 111.706367 10.471395 6.040812
      vertex 111.010002 11.353115 9.331436
    endloop
  endfacet
  facet normal -0.000021 -0.965926 0.258819
    outer loop
      vertex 111.025078 10.589215 6.480524
      vertex 111.010002 11.353115 9.331436
      vertex 111.010002 10.593969 6.498265
    endloop
  endfacet
  facet normal -0.000032 -0.965928 0.258813
    outer loop
      vertex 111.706367 10.471395 6.040812
      vertex 111.025078 11.357868 9.349177
      vertex 111.010002 11.353115 9.331436
    endloop
  endfacet
  facet normal -1.000000 0.000000 0.000000
    outer loop
      vertex 111.010002 10.593969 6.498265
      vertex 111.010002 11.353115 9.331436
      vertex 111.010002 11.993485 6.123266
    endloop
  endfacet
  facet normal 0.000002 -0.965926 0.258819
    outer loop
      vertex 111.706367 10.471395 6.040812
      vertex 111.343300 11.425463 9.601440
      vertex 111.025078 11.357868 9.349177
    endloop
  endfacet
  facet normal -0.000000 -0.965926 0.258819
    outer loop
      vertex 111.706367 10.471395 6.040812
      vertex 112.100311 10.440466 5.925382
      vertex 112.510002 11.517062 9.943295
    endloop
  endfacet
  facet normal -0.000000 -0.965926 0.258819
    outer loop
      vertex 112.100311 10.440466 5.925382
      vertex 112.510002 10.430022 5.886406
      vertex 112.510002 11.517062 9.943295
    endloop
  endfacet
  facet normal 0.000000 -0.965926 0.258819
    outer loop
      vertex 112.510002 10.430022 5.886406
      vertex 112.919693 10.440466 5.925382
      vertex 112.919693 11.506618 9.904319
    endloop
  endfacet
  facet normal 0.000000 -0.965926 0.258819
    outer loop
      vertex 112.919693 10.440466 5.925382
      vertex 113.313637 10.471395 6.040812
      vertex 113.313637 11.475689 9.788889
    endloop
  endfacet
  facet normal -0.000001 -0.965926 0.258819
    outer loop
      vertex 111.706367 10.471395 6.040812
      vertex 111.706367 11.475689 9.788889
      vertex 111.343300 11.425463 9.601440
    endloop
  endfacet
  facet normal 0.000001 -0.965926 0.258819
    outer loop
      vertex 111.706367 10.471395 6.040812
      vertex 112.100311 11.506618 9.904319
      vertex 111.706367 11.475689 9.788889
    endloop
  endfacet
  facet normal 0.000000 -0.965926 0.258819
    outer loop
      vertex 111.706367 10.471395 6.040812
      vertex 112.510002 11.517062 9.943295
      vertex 112.100311 11.506618 9.904319
    endloop
  endfacet
  facet normal -0.000000 -0.965926 0.258819
    outer loop
      vertex 112.510002 10.430022 5.886406
      vertex 112.919693 11.506618 9.904319
      vertex 112.510002 11.517062 9.943295
    endloop
  endfacet
  facet normal -0.000001 -0.965926 0.258819
    outer loop
      vertex 112.919693 10.440466 5.925382
      vertex 113.313637 11.475689 9.788889
      vertex 112.919693 11.506618 9.904319
    endloop
  endfacet
  facet normal -1.000000 0.000000 0.000000
    outer loop
      vertex 111.010002 11.993485 6.123266
      vertex 111.010002 11.353115 9.331436
      vertex 111.010002 12.752631 8.956437
    endloop
  endfacet
  facet normal 0.000000 -0.965926 0.258819
    outer loop
      vertex 115.712700 10.192511 5.000000
      vertex 117.010002 10.192511 5.000000
      vertex 116.340126 10.404140 5.789814
    endloop
  endfacet
  facet normal 0.000000 0.000000 0.000000
    outer loop
      vertex 117.010002 10.192511 5.000000
      vertex 116.340126 10.404140 5.789814
      vertex 117.010002 10.192511 5.000000
    endloop
  endfacet
  facet normal 0.000000 -0.965926 0.258819
    outer loop
      vertex 117.010002 10.192511 5.000000
      vertex 116.839630 10.716251 6.954628
      vertex 116.340126 10.404140 5.789814
    endloop
  endfacet
  facet normal 0.000000 -0.965926 0.258819
    outer loop
      vertex 117.010002 10.192511 5.000000
      vertex 117.010002 11.051188 8.204628
      vertex 116.839630 10.716251 6.954628
    endloop
  endfacet
  facet normal -0.000001 -0.965926 0.258819
    outer loop
      vertex 113.313637 10.471395 6.040812
      vertex 113.676697 10.521622 6.228261
      vertex 113.676697 11.425463 9.601440
    endloop
  endfacet
  facet normal -0.000000 -0.965926 0.258819
    outer loop
      vertex 113.676697 10.521622 6.228261
      vertex 113.994926 10.589215 6.480524
      vertex 113.994926 11.357868 9.349177
    endloop
  endfacet
  facet normal 0.000000 -0.965926 0.258819
    outer loop
      vertex 113.994926 10.589215 6.480524
      vertex 114.256088 10.671578 6.787908
      vertex 114.256088 11.275505 9.041794
    endloop
  endfacet
  facet normal 0.000001 -0.965926 0.258819
    outer loop
      vertex 114.256088 10.671578 6.787908
      vertex 114.450150 10.765546 7.138598
      vertex 114.569649 11.079577 8.310580
    endloop
  endfacet
  facet normal 0.000010 -0.965926 0.258817
    outer loop
      vertex 114.450150 10.765546 7.138598
      vertex 114.569649 10.867507 7.519121
      vertex 114.610001 10.973542 7.914851
    endloop
  endfacet
  facet normal 0.000003 -0.965926 0.258819
    outer loop
      vertex 114.256088 10.671578 6.787908
      vertex 114.569649 11.079577 8.310580
      vertex 114.450150 11.181538 8.691103
    endloop
  endfacet
  facet normal 0.000002 -0.965926 0.258819
    outer loop
      vertex 114.450150 10.765546 7.138598
      vertex 114.610001 10.973542 7.914851
      vertex 114.569649 11.079577 8.310580
    endloop
  endfacet
  facet normal -0.000001 -0.965926 0.258819
    outer loop
      vertex 114.256088 10.671578 6.787908
      vertex 114.450150 11.181538 8.691103
      vertex 114.256088 11.275505 9.041794
    endloop
  endfacet
  facet normal 0.000001 -0.965926 0.258819
    outer loop
      vertex 113.313637 10.471395 6.040812
      vertex 113.676697 11.425463 9.601440
      vertex 113.313637 11.475689 9.788889
    endloop
  endfacet
  facet normal -0.000002 -0.965926 0.258819
    outer loop
      vertex 113.676697 10.521622 6.228261
      vertex 113.994926 11.357868 9.349177
      vertex 113.676697 11.425463 9.601440
    endloop
  endfacet
  facet normal -0.000000 -0.965926 0.258819
    outer loop
      vertex 113.994926 10.589215 6.480524
      vertex 114.256088 11.275505 9.041794
      vertex 113.994926 11.357868 9.349177
    endloop
  endfacet
  facet normal 0.000000 0.000000 0.000000
    outer loop
      vertex 117.010002 10.192511 5.000000
      vertex 117.010002 10.192511 5.000000
      vertex 117.010002 50.497353 5.000000
    endloop
  endfacet
  facet normal -1.000000 0.000000 0.000000
    outer loop
      vertex 111.010002 11.692508 5.000000
      vertex 111.010002 11.993485 6.123266
      vertex 111.010002 52.497353 5.000000
    endloop
  endfacet
  facet normal -1.000000 0.000000 0.000000
    outer loop
      vertex 111.010002 11.993485 6.123266
      vertex 111.010002 12.752631 8.956437
      vertex 111.010002 52.497353 5.000000
    endloop
  endfacet
  facet normal 1.000000 0.000000 0.000000
    outer loop
      vertex 117.010002 10.192511 5.000000
      vertex 117.010002 50.497353 5.000000
      vertex 117.010002 11.051188 8.204628
    endloop
  endfacet
  facet normal 0.000000 0.000000 0.000000
    outer loop
      vertex 117.010002 11.051188 8.204628
      vertex 117.010002 20.073051 41.874699
      vertex 117.010002 20.073051 41.874699
    endloop
  endfacet
  facet normal 1.000000 0.000000 0.000000
    outer loop
      vertex 117.010002 11.051188 8.204628
      vertex 117.010002 50.497353 5.000000
      vertex 117.010002 20.073051 41.874699
    endloop
  endfacet
  facet normal 0.000000 0.000000 0.000000
    outer loop
      vertex 117.010002 20.073051 41.874699
      vertex 117.010002 21.222719 40.567234
      vertex 117.010002 20.073051 41.874699
    endloop
  endfacet
  facet normal -1.000000 0.000000 0.000000
    outer loop
      vertex 111.010002 12.752631 8.956437
      vertex 111.010002 21.222719 40.567234
      vertex 111.010002 52.497353 5.000000
    endloop
  endfacet
  facet normal 1.000000 0.000000 0.000000
    outer loop
      vertex 117.010002 20.073051 41.874699
      vertex 117.010002 50.497353 5.000000
      vertex 117.010002 21.222719 40.567234
    endloop
  endfacet
  facet normal 0.000000 0.750970 0.660336
    outer loop
      vertex 111.010002 21.222719 40.567234
      vertex 117.010002 21.222719 40.567234
      vertex 117.010002 52.497353 5.000000
    endloop
  endfacet
  facet normal 0.000000 0.750970 0.660336
    outer loop
      vertex 111.010002 21.222719 40.567234
      vertex 113.010002 52.497353 5.000000
      vertex 111.010002 52.497353 5.000000
    endloop
  endfacet
  facet normal 0.000000 0.750970 0.660336
    outer loop
      vertex 111.010002 21.222719 40.567234
      vertex 116.474098 52.497353 5.000000
      vertex 113.010002 52.497353 5.000000
    endloop
  endfacet
  facet normal 0.000000 0.750970 0.660336
    outer loop
      vertex 111.010002 21.222719 40.567234
      vertex 117.010002 52.497353 5.000000
      vertex 116.474098 52.497353 5.000000
    endloop
  endfacet
  facet normal 1.000000 0.000000 0.000000
    outer loop
      vertex 117.010002 21.222719 40.567234
      vertex 117.010002 50.497353 5.000000
      vertex 117.010002 52.497353 5.000000
    endloop
  endfacet
  facet normal 0.000000 0.000000 -1.000000
    outer loop
      vertex 117.010002 50.497353 5.000000
      vertex 116.873703 51.532627 5.000000
      vertex 117.010002 52.497353 5.000000
    endloop
  endfacet
  facet normal 0.000000 0.000000 -1.000000
    outer loop
      vertex 116.873703 51.532627 5.000000
      vertex 116.474098 52.497353 5.000000
      vertex 117.010002 52.497353 5.000000
    endloop
  endfacet
  facet normal 0.000000 -0.965926 0.258819
    outer loop
      vertex 1.171573 0.668924 2.496458
      vertex 2.000000 0.033249 0.124089
      vertex 2.080271 0.000000 0.000000
    endloop
  endfacet
  facet normal 0.000000 -0.965926 0.258819
    outer loop
      vertex 2.080271 0.000000 0.000000
      vertex 4.000000 0.000000 0.000000
      vertex 4.439172 1.339746 5.000000
    endloop
  endfacet
  facet normal -0.000000 -0.965926 0.258819
    outer loop
      vertex 2.080271 0.000000 0.000000
      vertex 4.439172 1.339746 5.000000
      vertex 1.171573 0.668924 2.496458
    endloop
  endfacet
  facet normal 0.000000 -0.965926 0.258819
    outer loop
      vertex 1.171573 0.668924 2.496458
      vertex 4.439172 1.339746 5.000000
      vertex 0.656833 1.339746 5.000000
    endloop
  endfacet
  facet normal 0.000000 -0.965926 0.258819
    outer loop
      vertex 2.500000 1.670727 6.235238
      vertex 3.705905 1.541446 5.752756
      vertex 3.390218 2.020360 7.540084
    endloop
  endfacet
  facet normal -0.000000 -0.965926 0.258819
    outer loop
      vertex 0.669873 2.144399 8.003005
      vertex 1.464466 1.876383 7.002756
      vertex 2.199275 2.256879 8.422789
    endloop
  endfacet
  facet normal 0.000000 -0.965926 0.258819
    outer loop
      vertex 0.669873 2.144399 8.003005
      vertex 1.820749 2.426568 9.056075
      vertex 0.170371 2.456510 9.167820
    endloop
  endfacet
  facet normal -0.000000 -0.965926 0.258820
    outer loop
      vertex 0.669873 2.144399 8.003005
      vertex 2.199275 2.256879 8.422789
      vertex 1.988526 2.338513 8.727449
    endloop
  endfacet
  facet normal 0.000000 -0.965926 0.258819
    outer loop
      vertex 0.669873 2.144399 8.003005
      vertex 1.988526 2.338513 8.727449
      vertex 1.820749 2.426568 9.056075
    endloop
  endfacet
  facet normal 0.000000 -0.965926 0.258819
    outer loop
      vertex 2.500000 1.670727 6.235238
      vertex 2.734592 2.118329 7.905713
      vertex 1.464466 1.876383 7.002756
    endloop
  endfacet
  facet normal 0.000000 -0.965926 0.258819
    outer loop
      vertex 1.464466 1.876383 7.002756
      vertex 2.449390 2.183064 8.147305
      vertex 2.199275 2.256879 8.422789
    endloop
  endfacet
  facet normal -0.000000 -0.965926 0.258819
    outer loop
      vertex 1.464466 1.876383 7.002756
      vertex 2.734592 2.118329 7.905713
      vertex 2.449390 2.183064 8.147305
    endloop
  endfacet
  facet normal -0.000000 -0.965926 0.258819
    outer loop
      vertex 2.500000 1.670727 6.235238
      vertex 3.050000 2.063783 7.702145
      vertex 2.734592 2.118329 7.905713
    endloop
  endfacet
  facet normal 0.000000 -0.965926 0.258819
    outer loop
      vertex 2.500000 1.670727 6.235238
      vertex 3.390218 2.020360 7.540084
      vertex 3.050000 2.063783 7.702145
    endloop
  endfacet
  facet normal 0.000000 -0.965926 0.258819
    outer loop
      vertex 3.705905 1.541446 5.752756
      vertex 3.749425 1.988801 7.422305
      vertex 3.390218 2.020360 7.540084
    endloop
  endfacet
  facet normal -0.000000 -0.965926 0.258819
    outer loop
      vertex 3.705905 1.541446 5.752756
      vertex 5.000000 1.497351 5.588191
      vertex 4.500000 1.963225 7.326857
    endloop
  endfacet
  facet normal 0.000000 -0.965926 0.258819
    outer loop
      vertex 4.500000 1.963225 7.326857
      vertex 5.000000 1.497351 5.588191
      vertex 4.878526 1.969647 7.350821
    endloop
  endfacet
  facet normal 0.000000 -0.965926 0.258819
    outer loop
      vertex 4.878526 1.969647 7.350821
      vertex 5.000000 1.497351 5.588191
      vertex 5.250575 1.988801 7.422305
    endloop
  endfacet
  facet normal -0.000000 -0.965926 0.258819
    outer loop
      vertex 3.705905 1.541446 5.752756
      vertex 4.121474 1.969647 7.350821
      vertex 3.749425 1.988801 7.422305
    endloop
  endfacet
  facet normal -0.000000 -0.965926 0.258819
    outer loop
      vertex 3.705905 1.541446 5.752756
      vertex 4.500000 1.963225 7.326857
      vertex 4.121474 1.969647 7.350821
    endloop
  endfacet
  facet normal -0.000000 -0.965926 0.258819
    outer loop
      vertex 5.250575 1.988801 7.422305
      vertex 5.000000 1.497351 5.588191
      vertex 5.609782 2.020360 7.540084
    endloop
  endfacet
  facet normal -0.000000 -0.965926 0.258819
    outer loop
      vertex 5.609782 2.020360 7.540084
      vertex 5.000000 1.497351 5.588191
      vertex 5.950000 2.063783 7.702145
    endloop
  endfacet
  facet normal 0.000000 -0.965926 0.258819
    outer loop
      vertex 5.950000 2.063783 7.702145
      vertex 5.000000 1.497351 5.588191
      vertex 8.305000 2.060781 7.690938
    endloop
  endfacet
  facet normal 0.000000 -0.965926 0.258819
    outer loop
      vertex 5.950000 2.063783 7.702145
      vertex 8.305000 2.060781 7.690938
      vertex 6.265408 2.118329 7.905713
    endloop
  endfacet
  facet normal 0.000000 -0.965926 0.258819
    outer loop
      vertex 6.265408 2.118329 7.905713
      vertex 7.683680 2.184174 8.151448
      vertex 6.550610 2.183064 8.147305
    endloop
  endfacet
  facet normal 0.000000 -0.965926 0.258819
    outer loop
      vertex 6.550610 2.183064 8.147305
      vertex 7.683680 2.184174 8.151448
      vertex 6.800725 2.256879 8.422789
    endloop
  endfacet
  facet normal 0.000000 -0.965926 0.258819
    outer loop
      vertex 6.800725 2.256879 8.422789
      vertex 7.683680 2.184174 8.151448
      vertex 7.011474 2.338513 8.727449
    endloop
  endfacet
  facet normal 0.000000 -0.965926 0.258819
    outer loop
      vertex 7.011474 2.338513 8.727449
      vertex 7.683680 2.184174 8.151448
      vertex 7.206924 2.344984 8.751597
    endloop
  endfacet
  facet normal 0.000000 -0.965926 0.258819
    outer loop
      vertex 7.011474 2.338513 8.727449
      vertex 7.206924 2.344984 8.751597
      vertex 7.123328 2.397218 8.946539
    endloop
  endfacet
  facet normal 0.000000 -0.965926 0.258819
    outer loop
      vertex 4.439172 1.339746 5.000000
      vertex 4.000000 0.000000 0.000000
      vertex 20.389999 1.339746 5.000000
    endloop
  endfacet
  facet normal 0.000000 -0.965926 0.258819
    outer loop
      vertex 9.028543 1.983212 7.401448
      vertex 5.000000 1.497351 5.588191
      vertex 9.805000 1.956755 7.302709
    endloop
  endfacet
  facet normal -0.000000 -0.965926 0.258819
    outer loop
      vertex 9.028543 1.983212 7.401448
      vertex 8.305000 2.060781 7.690938
      vertex 5.000000 1.497351 5.588191
    endloop
  endfacet
  facet normal 0.000000 -0.965926 0.258819
    outer loop
      vertex 6.265408 2.118329 7.905713
      vertex 8.305000 2.060781 7.690938
      vertex 7.683680 2.184174 8.151448
    endloop
  endfacet
  facet normal 0.000000 -0.965926 0.258819
    outer loop
      vertex 9.805000 1.956755 7.302709
      vertex 5.000000 1.497351 5.588191
      vertex 20.389999 1.956755 7.302709
    endloop
  endfacet
  facet normal 0.000000 -0.965926 0.258819
    outer loop
      vertex 1.820749 2.426568 9.056075
      vertex 1.698815 2.519537 9.403042
      vertex 0.170371 2.456510 9.167820
    endloop
  endfacet
  facet normal 0.000000 -0.965926 0.258819
    outer loop
      vertex 1.698815 2.519537 9.403042
      vertex 1.624810 2.615831 9.762414
      vertex 0.170371 2.456510 9.167820
    endloop
  endfacet
  facet normal 0.000000 -0.965926 0.258819
    outer loop
      vertex 0.170371 2.456510 9.167820
      vertex 1.624810 2.615831 9.762414
      vertex 0.000000 2.791446 10.417820
    endloop
  endfacet
  facet normal -0.000000 -0.965926 0.258819
    outer loop
      vertex 0.000000 2.791446 10.417820
      vertex 1.624810 2.615831 9.762414
      vertex 1.600000 2.713801 10.128042
    endloop
  endfacet
  facet normal 0.000000 -0.965926 0.258820
    outer loop
      vertex 0.000000 2.791446 10.417820
      vertex 1.600000 2.713801 10.128042
      vertex 1.624810 2.811770 10.493670
    endloop
  endfacet
  facet normal 0.000000 -0.965926 0.258819
    outer loop
      vertex 0.000000 2.791446 10.417820
      vertex 1.624810 2.811770 10.493670
      vertex 1.698815 2.908064 10.853042
    endloop
  endfacet
  facet normal 0.000000 -0.965926 0.258818
    outer loop
      vertex 0.000000 2.791446 10.417820
      vertex 1.698815 2.908064 10.853042
      vertex 1.820749 3.001033 11.200009
    endloop
  endfacet
  facet normal -0.000000 -0.965926 0.258820
    outer loop
      vertex 0.000000 2.791446 10.417820
      vertex 1.820749 3.001033 11.200009
      vertex 1.988526 3.089088 11.528634
    endloop
  endfacet
  facet normal -0.000000 -0.965926 0.258819
    outer loop
      vertex 6.265408 3.309272 12.350371
      vertex 6.805000 6.018883 22.462776
      vertex 5.950000 3.363818 12.553939
    endloop
  endfacet
  facet normal -0.000041 -0.965926 0.258819
    outer loop
      vertex 6.800725 3.170722 11.833295
      vertex 6.805000 3.169066 11.827115
      vertex 6.805000 6.018883 22.462776
    endloop
  endfacet
  facet normal 0.000001 -0.965926 0.258819
    outer loop
      vertex 6.800725 3.170722 11.833295
      vertex 6.805000 6.018883 22.462776
      vertex 6.550610 3.244538 12.108779
    endloop
  endfacet
  facet normal 0.000000 -0.965926 0.258819
    outer loop
      vertex 6.265408 3.309272 12.350371
      vertex 6.550610 3.244538 12.108779
      vertex 6.805000 6.018883 22.462776
    endloop
  endfacet
  facet normal 0.000000 -0.965926 0.258819
    outer loop
      vertex 3.749425 3.438801 12.833778
      vertex 4.121474 3.457955 12.905262
      vertex 6.805000 6.018883 22.462776
    endloop
  endfacet
  facet normal -0.000000 -0.965926 0.258819
    outer loop
      vertex 4.121474 3.457955 12.905262
      vertex 4.500000 3.464376 12.929227
      vertex 6.805000 6.018883 22.462776
    endloop
  endfacet
  facet normal 0.000000 -0.965926 0.258819
    outer loop
      vertex 4.500000 3.464376 12.929227
      vertex 4.878526 3.457955 12.905262
      vertex 6.805000 6.018883 22.462776
    endloop
  endfacet
  facet normal -0.000000 -0.965926 0.258819
    outer loop
      vertex 4.878526 3.457955 12.905262
      vertex 5.250575 3.438801 12.833778
      vertex 6.805000 6.018883 22.462776
    endloop
  endfacet
  facet normal -0.000000 -0.965926 0.258819
    outer loop
      vertex 5.250575 3.438801 12.833778
      vertex 5.609782 3.407242 12.716000
      vertex 6.805000 6.018883 22.462776
    endloop
  endfacet
  facet normal 0.000000 -0.965926 0.258819
    outer loop
      vertex 5.609782 3.407242 12.716000
      vertex 5.950000 3.363818 12.553939
      vertex 6.805000 6.018883 22.462776
    endloop
  endfacet
  facet normal -0.000000 -0.965926 0.258819
    outer loop
      vertex 20.389999 1.238532 4.622265
      vertex 20.389999 1.339746 5.000000
      vertex 4.000000 0.000000 0.000000
    endloop
  endfacet
  facet normal 0.000000 -0.965926 0.258819
    outer loop
      vertex 20.389999 1.238532 4.622265
      vertex 4.000000 0.000000 0.000000
      vertex 26.290001 1.238532 4.622265
    endloop
  endfacet
  facet normal 0.000000 -0.965926 0.258819
    outer loop
      vertex 26.290001 1.238532 4.622265
      vertex 4.000000 0.000000 0.000000
      vertex 32.500000 1.238532 4.622265
    endloop
  endfacet
  facet normal 0.000000 -0.965926 0.258819
    outer loop
      vertex 5.000000 1.497351 5.588191
      vertex 20.389999 1.497351 5.588191
      vertex 20.389999 1.956755 7.302709
    endloop
  endfacet
  facet normal 0.000000 -0.965926 0.258819
    outer loop
      vertex 0.000000 2.791446 10.417820
      vertex 1.988526 3.089088 11.528634
      vertex 0.000000 11.142102 41.582893
    endloop
  endfacet
  facet normal 0.000001 -0.965926 0.258819
    outer loop
      vertex 1.988526 3.089088 11.528634
      vertex 2.199275 3.170722 11.833295
      vertex 0.000000 11.142102 41.582893
    endloop
  endfacet
  facet normal -0.000001 -0.965926 0.258819
    outer loop
      vertex 2.199275 3.170722 11.833295
      vertex 2.449390 3.244538 12.108779
      vertex 0.000000 11.142102 41.582893
    endloop
  endfacet
  facet normal -0.000000 -0.965926 0.258819
    outer loop
      vertex 2.449390 3.244538 12.108779
      vertex 2.734592 3.309272 12.350371
      vertex 0.000000 11.142102 41.582893
    endloop
  endfacet
  facet normal 0.000000 -0.965926 0.258819
    outer loop
      vertex 2.734592 3.309272 12.350371
      vertex 3.050000 3.363818 12.553939
      vertex 0.000000 11.142102 41.582893
    endloop
  endfacet
  facet normal -0.000000 -0.965926 0.258819
    outer loop
      vertex 3.050000 3.363818 12.553939
      vertex 3.390218 3.407242 12.716000
      vertex 0.000000 11.142102 41.582893
    endloop
  endfacet
  facet normal 0.000000 -0.965926 0.258819
    outer loop
      vertex 3.390218 3.407242 12.716000
      vertex 3.749425 3.438801 12.833778
      vertex 0.000000 11.142102 41.582893
    endloop
  endfacet
  facet normal 0.000000 -0.965926 0.258819
    outer loop
      vertex 3.749425 3.438801 12.833778
      vertex 6.805000 6.018883 22.462776
      vertex 0.000000 11.142102 41.582893
    endloop
  endfacet
  facet normal 0.000000 -0.965926 0.258819
    outer loop
      vertex 32.500000 1.238532 4.622265
      vertex 4.000000 0.000000 0.000000
      vertex 92.690002 1.238532 4.622265
    endloop
  endfacet
  facet normal 0.000000 -0.965926 0.258819
    outer loop
      vertex 32.500000 1.238532 4.622265
      vertex 92.690002 1.339746 5.000000
      vertex 32.500000 1.339746 5.000000
    endloop
  endfacet
  facet normal 0.000000 -0.965926 0.258819
    outer loop
      vertex 32.500000 1.497351 5.588191
      vertex 92.690002 1.956755 7.302709
      vertex 32.500000 1.956755 7.302709
    endloop
  endfacet
  facet normal -0.000000 -0.965926 0.258819
    outer loop
      vertex 5.609782 17.552090 65.505295
      vertex 0.000000 11.142102 41.582893
      vertex 6.805000 6.018883 22.462776
    endloop
  endfacet
  facet normal 0.000005 -0.965926 0.258819
    outer loop
      vertex 5.609782 17.552090 65.505295
      vertex 6.805000 6.018883 22.462776
      vertex 5.950000 17.595514 65.667351
    endloop
  endfacet
  facet normal 0.000002 -0.965926 0.258819
    outer loop
      vertex 5.950000 17.595514 65.667351
      vertex 6.805000 6.018883 22.462776
      vertex 6.265408 17.650061 65.870918
    endloop
  endfacet
  facet normal -0.000003 -0.965926 0.258819
    outer loop
      vertex 6.265408 17.650061 65.870918
      vertex 6.805000 6.018883 22.462776
      vertex 6.550610 17.714794 66.112511
    endloop
  endfacet
  facet normal -0.000004 -0.965926 0.258819
    outer loop
      vertex 6.805000 6.018883 22.462776
      vertex 6.800725 17.788610 66.388000
      vertex 6.550610 17.714794 66.112511
    endloop
  endfacet
  facet normal -0.000067 -0.965926 0.258819
    outer loop
      vertex 6.805000 6.018883 22.462776
      vertex 6.805000 17.790266 66.394180
      vertex 6.800725 17.788610 66.388000
    endloop
  endfacet
  facet normal 0.000003 -0.965926 0.258819
    outer loop
      vertex 2.734592 17.650061 65.870918
      vertex 2.449390 17.714794 66.112511
      vertex 0.000000 11.142102 41.582893
    endloop
  endfacet
  facet normal 0.000000 -0.965926 0.258819
    outer loop
      vertex 0.000000 18.167885 67.803474
      vertex 0.000000 11.142102 41.582893
      vertex 2.199275 17.788610 66.388000
    endloop
  endfacet
  facet normal 0.000003 -0.965926 0.258819
    outer loop
      vertex 2.449390 17.714794 66.112511
      vertex 2.199275 17.788610 66.388000
      vertex 0.000000 11.142102 41.582893
    endloop
  endfacet
  facet normal -0.000005 -0.965926 0.258820
    outer loop
      vertex 3.390218 17.552090 65.505295
      vertex 3.050000 17.595514 65.667351
      vertex 0.000000 11.142102 41.582893
    endloop
  endfacet
  facet normal -0.000002 -0.965926 0.258819
    outer loop
      vertex 2.734592 17.650061 65.870918
      vertex 0.000000 11.142102 41.582893
      vertex 3.050000 17.595514 65.667351
    endloop
  endfacet
  facet normal 0.000002 -0.965926 0.258819
    outer loop
      vertex 3.390218 17.552090 65.505295
      vertex 0.000000 11.142102 41.582893
      vertex 3.749425 17.520531 65.387512
    endloop
  endfacet
  facet normal -0.000002 -0.965926 0.258819
    outer loop
      vertex 3.749425 17.520531 65.387512
      vertex 0.000000 11.142102 41.582893
      vertex 4.121474 17.501377 65.316032
    endloop
  endfacet
  facet normal -0.000002 -0.965926 0.258819
    outer loop
      vertex 4.121474 17.501377 65.316032
      vertex 0.000000 11.142102 41.582893
      vertex 4.500000 17.494955 65.292068
    endloop
  endfacet
  facet normal 0.000002 -0.965926 0.258819
    outer loop
      vertex 4.500000 17.494955 65.292068
      vertex 0.000000 11.142102 41.582893
      vertex 4.878526 17.501377 65.316032
    endloop
  endfacet
  facet normal 0.000002 -0.965926 0.258819
    outer loop
      vertex 4.878526 17.501377 65.316032
      vertex 0.000000 11.142102 41.582893
      vertex 5.250575 17.520531 65.387512
    endloop
  endfacet
  facet normal -0.000002 -0.965926 0.258820
    outer loop
      vertex 5.250575 17.520531 65.387512
      vertex 0.000000 11.142102 41.582893
      vertex 5.609782 17.552090 65.505295
    endloop
  endfacet
  facet normal -0.000002 -0.965927 0.258815
    outer loop
      vertex 0.000000 18.167885 67.803474
      vertex 1.988526 17.870243 66.692657
      vertex 1.820749 17.958298 67.021286
    endloop
  endfacet
  facet normal 0.000002 -0.965924 0.258824
    outer loop
      vertex 0.000000 18.167885 67.803474
      vertex 1.820749 17.958298 67.021286
      vertex 1.698815 18.051268 67.368248
    endloop
  endfacet
  facet normal 0.000001 -0.965926 0.258820
    outer loop
      vertex 0.000000 18.167885 67.803474
      vertex 2.199275 17.788610 66.388000
      vertex 1.988526 17.870243 66.692657
    endloop
  endfacet
  facet normal 0.000001 -0.965926 0.258820
    outer loop
      vertex 0.000000 18.167885 67.803474
      vertex 1.698815 18.051268 67.368248
      vertex 1.624810 18.147562 67.727623
    endloop
  endfacet
  facet normal 0.000001 -0.965927 0.258815
    outer loop
      vertex 0.000000 18.167885 67.803474
      vertex 1.624810 18.147562 67.727623
      vertex 1.600000 18.245531 68.093254
    endloop
  endfacet
  facet normal 0.000000 -0.965926 0.258819
    outer loop
      vertex 0.000000 18.167885 67.803474
      vertex 1.624810 18.343500 68.458878
      vertex 0.170371 18.502821 69.053474
    endloop
  endfacet
  facet normal -0.000000 -0.965925 0.258820
    outer loop
      vertex 0.000000 18.167885 67.803474
      vertex 1.600000 18.245531 68.093254
      vertex 1.624810 18.343500 68.458878
    endloop
  endfacet
  facet normal 0.000001 -0.965926 0.258819
    outer loop
      vertex 1.624810 18.343500 68.458878
      vertex 1.698815 18.439795 68.818253
      vertex 0.170371 18.502821 69.053474
    endloop
  endfacet
  facet normal 0.000001 -0.965925 0.258823
    outer loop
      vertex 0.170371 18.502821 69.053474
      vertex 1.698815 18.439795 68.818253
      vertex 1.820749 18.532764 69.165215
    endloop
  endfacet
  facet normal 0.000002 -0.965925 0.258821
    outer loop
      vertex 0.170371 18.502821 69.053474
      vertex 1.820749 18.532764 69.165215
      vertex 0.669873 18.814934 70.218285
    endloop
  endfacet
  facet normal -0.000002 -0.965926 0.258817
    outer loop
      vertex 0.669873 18.814934 70.218285
      vertex 1.820749 18.532764 69.165215
      vertex 1.988526 18.620819 69.493843
    endloop
  endfacet
  facet normal -0.000003 -0.965927 0.258815
    outer loop
      vertex 0.669873 18.814934 70.218285
      vertex 1.988526 18.620819 69.493843
      vertex 2.199275 18.702452 69.798508
    endloop
  endfacet
  facet normal -0.000002 -0.965926 0.258819
    outer loop
      vertex 0.669873 18.814934 70.218285
      vertex 2.199275 18.702452 69.798508
      vertex 1.464466 19.082949 71.218536
    endloop
  endfacet
  facet normal 0.000002 -0.965925 0.258821
    outer loop
      vertex 2.199275 18.702452 69.798508
      vertex 2.449390 18.776268 70.073990
      vertex 1.464466 19.082949 71.218536
    endloop
  endfacet
  facet normal 0.000002 -0.965925 0.258821
    outer loop
      vertex 2.449390 18.776268 70.073990
      vertex 2.734592 18.841003 70.315582
      vertex 1.464466 19.082949 71.218536
    endloop
  endfacet
  facet normal 0.000000 -0.965926 0.258819
    outer loop
      vertex 2.734592 18.841003 70.315582
      vertex 2.500000 19.288605 71.986053
      vertex 1.464466 19.082949 71.218536
    endloop
  endfacet
  facet normal -0.000004 -0.965926 0.258819
    outer loop
      vertex 2.734592 18.841003 70.315582
      vertex 3.050000 18.895548 70.519150
      vertex 2.500000 19.288605 71.986053
    endloop
  endfacet
  facet normal 0.000004 -0.965925 0.258821
    outer loop
      vertex 3.050000 18.895548 70.519150
      vertex 3.390218 18.938972 70.681206
      vertex 2.500000 19.288605 71.986053
    endloop
  endfacet
  facet normal -0.000002 -0.965926 0.258819
    outer loop
      vertex 3.390218 18.938972 70.681206
      vertex 3.749425 18.970531 70.798988
      vertex 3.705905 19.417885 72.468536
    endloop
  endfacet
  facet normal -0.000000 -0.965926 0.258818
    outer loop
      vertex 3.390218 18.938972 70.681206
      vertex 3.705905 19.417885 72.468536
      vertex 2.500000 19.288605 71.986053
    endloop
  endfacet
  facet normal -0.000007 -0.965926 0.258818
    outer loop
      vertex 7.123328 18.562115 69.274757
      vertex 7.206924 18.614347 69.469696
      vertex 7.011474 18.620819 69.493843
    endloop
  endfacet
  facet normal 0.000003 -0.965927 0.258815
    outer loop
      vertex 7.011474 18.620819 69.493843
      vertex 7.683680 18.775158 70.069847
      vertex 6.800725 18.702452 69.798508
    endloop
  endfacet
  facet normal -0.000006 -0.965924 0.258825
    outer loop
      vertex 7.011474 18.620819 69.493843
      vertex 7.206924 18.614347 69.469696
      vertex 7.683680 18.775158 70.069847
    endloop
  endfacet
  facet normal -0.000000 -0.965925 0.258822
    outer loop
      vertex 6.265408 18.841003 70.315582
      vertex 6.550610 18.776268 70.073990
      vertex 7.683680 18.775158 70.069847
    endloop
  endfacet
  facet normal -0.000000 -0.965925 0.258823
    outer loop
      vertex 6.550610 18.776268 70.073990
      vertex 6.800725 18.702452 69.798508
      vertex 7.683680 18.775158 70.069847
    endloop
  endfacet
  facet normal 0.000002 -0.965926 0.258819
    outer loop
      vertex 3.705905 19.417885 72.468536
      vertex 3.749425 18.970531 70.798988
      vertex 4.121474 18.989685 70.870468
    endloop
  endfacet
  facet normal 0.000002 -0.965926 0.258819
    outer loop
      vertex 3.705905 19.417885 72.468536
      vertex 4.121474 18.989685 70.870468
      vertex 4.500000 18.996107 70.894432
    endloop
  endfacet
  facet normal -0.000002 -0.965926 0.258819
    outer loop
      vertex 4.500000 18.996107 70.894432
      vertex 4.878526 18.989685 70.870468
      vertex 5.000000 19.461981 72.633102
    endloop
  endfacet
  facet normal -0.000002 -0.965926 0.258819
    outer loop
      vertex 5.250575 18.970531 70.798988
      vertex 5.000000 19.461981 72.633102
      vertex 4.878526 18.989685 70.870468
    endloop
  endfacet
  facet normal 0.000002 -0.965926 0.258819
    outer loop
      vertex 5.250575 18.970531 70.798988
      vertex 5.609782 18.938972 70.681206
      vertex 5.000000 19.461981 72.633102
    endloop
  endfacet
  facet normal 0.000001 -0.965926 0.258818
    outer loop
      vertex 3.705905 19.417885 72.468536
      vertex 4.500000 18.996107 70.894432
      vertex 5.000000 19.461981 72.633102
    endloop
  endfacet
  facet normal -0.000006 -0.965926 0.258817
    outer loop
      vertex 5.950000 18.895548 70.519150
      vertex 5.000000 19.461981 72.633102
      vertex 5.609782 18.938972 70.681206
    endloop
  endfacet
  facet normal 0.000000 -0.965927 0.258814
    outer loop
      vertex 6.265408 18.841003 70.315582
      vertex 8.305000 18.898552 70.530357
      vertex 5.950000 18.895548 70.519150
    endloop
  endfacet
  facet normal 0.000000 -0.965926 0.258820
    outer loop
      vertex 5.950000 18.895548 70.519150
      vertex 8.305000 18.898552 70.530357
      vertex 5.000000 19.461981 72.633102
    endloop
  endfacet
  facet normal -0.000000 -0.965925 0.258821
    outer loop
      vertex 6.265408 18.841003 70.315582
      vertex 7.683680 18.775158 70.069847
      vertex 8.305000 18.898552 70.530357
    endloop
  endfacet
  facet normal -0.000000 -0.965926 0.258818
    outer loop
      vertex 5.000000 19.461981 72.633102
      vertex 8.305000 18.898552 70.530357
      vertex 9.028543 18.976120 70.819847
    endloop
  endfacet
  facet normal -0.000000 -0.965926 0.258819
    outer loop
      vertex 5.000000 19.461981 72.633102
      vertex 9.028543 18.976120 70.819847
      vertex 9.805000 19.002577 70.918587
    endloop
  endfacet
  facet normal 0.000000 -0.965926 0.258820
    outer loop
      vertex 5.000000 19.461981 72.633102
      vertex 9.805000 19.002577 70.918587
      vertex 112.010002 19.461981 72.633102
    endloop
  endfacet
  facet normal 0.000000 -0.965926 0.258819
    outer loop
      vertex 92.690002 1.238532 4.622265
      vertex 4.000000 0.000000 0.000000
      vertex 113.010002 0.000000 0.000000
    endloop
  endfacet
  facet normal 0.000000 -0.965926 0.258819
    outer loop
      vertex 32.500000 1.238532 4.622265
      vertex 92.690002 1.238532 4.622265
      vertex 92.690002 1.339746 5.000000
    endloop
  endfacet
  facet normal 0.000000 -0.965926 0.258819
    outer loop
      vertex 32.500000 1.497351 5.588191
      vertex 92.690002 1.497351 5.588191
      vertex 92.690002 1.956755 7.302709
    endloop
  endfacet
  facet normal 0.000000 -0.965926 0.258819
    outer loop
      vertex 92.690002 1.238532 4.622265
      vertex 113.010002 0.000000 0.000000
      vertex 98.900002 1.238532 4.622265
    endloop
  endfacet
  facet normal 0.000000 -0.965926 0.258819
    outer loop
      vertex 98.900002 1.497351 5.588191
      vertex 107.205002 1.956755 7.302709
      vertex 98.900002 1.956755 7.302709
    endloop
  endfacet
  facet normal 0.000000 -0.965926 0.258819
    outer loop
      vertex 98.900002 1.238532 4.622265
      vertex 113.010002 0.000000 0.000000
      vertex 112.085831 1.339746 5.000000
    endloop
  endfacet
  facet normal 0.000000 -0.965926 0.258819
    outer loop
      vertex 98.900002 1.238532 4.622265
      vertex 112.085831 1.339746 5.000000
      vertex 98.900002 1.339746 5.000000
    endloop
  endfacet
  facet normal 0.000000 -0.965926 0.258819
    outer loop
      vertex 107.205002 1.956755 7.302709
      vertex 98.900002 1.497351 5.588191
      vertex 112.010002 1.497351 5.588191
    endloop
  endfacet
  facet normal -0.000000 -0.965926 0.258819
    outer loop
      vertex 107.205002 1.956755 7.302709
      vertex 112.010002 1.497351 5.588191
      vertex 107.981461 1.983212 7.401448
    endloop
  endfacet
  facet normal 0.000000 -0.965926 0.258819
    outer loop
      vertex 107.981461 1.983212 7.401448
      vertex 112.010002 1.497351 5.588191
      vertex 108.705002 2.060781 7.690938
    endloop
  endfacet
  facet normal -0.000000 -0.965926 0.258819
    outer loop
      vertex 108.705002 2.060781 7.690938
      vertex 110.744591 2.118329 7.905713
      vertex 109.326317 2.184174 8.151448
    endloop
  endfacet
  facet normal 0.000000 -0.965926 0.258819
    outer loop
      vertex 114.929726 0.000000 0.000000
      vertex 115.010002 0.033249 0.124089
      vertex 113.010002 0.000000 0.000000
    endloop
  endfacet
  facet normal -0.000000 -0.965926 0.258819
    outer loop
      vertex 113.010002 0.000000 0.000000
      vertex 115.010002 0.033249 0.124089
      vertex 116.353165 1.339746 5.000000
    endloop
  endfacet
  facet normal 0.000000 -0.965926 0.258819
    outer loop
      vertex 113.010002 0.000000 0.000000
      vertex 116.353165 1.339746 5.000000
      vertex 112.085831 1.339746 5.000000
    endloop
  endfacet
  facet normal 0.000000 -0.965926 0.258819
    outer loop
      vertex 115.010002 0.033249 0.124089
      vertex 115.838425 0.668924 2.496458
      vertex 116.353165 1.339746 5.000000
    endloop
  endfacet
  facet normal 0.000000 -0.965926 0.258819
    outer loop
      vertex 112.010002 1.497351 5.588191
      vertex 113.304092 1.541446 5.752756
      vertex 112.510002 1.963225 7.326857
    endloop
  endfacet
  facet normal -0.000000 -0.965926 0.258819
    outer loop
      vertex 112.010002 1.497351 5.588191
      vertex 112.131477 1.969647 7.350821
      vertex 111.759422 1.988801 7.422305
    endloop
  endfacet
  facet normal -0.000000 -0.965926 0.258819
    outer loop
      vertex 112.010002 1.497351 5.588191
      vertex 112.510002 1.963225 7.326857
      vertex 112.131477 1.969647 7.350821
    endloop
  endfacet
  facet normal -0.000000 -0.965926 0.258819
    outer loop
      vertex 108.705002 2.060781 7.690938
      vertex 112.010002 1.497351 5.588191
      vertex 111.059998 2.063783 7.702145
    endloop
  endfacet
  facet normal -0.000000 -0.965926 0.258819
    outer loop
      vertex 108.705002 2.060781 7.690938
      vertex 111.059998 2.063783 7.702145
      vertex 110.744591 2.118329 7.905713
    endloop
  endfacet
  facet normal 0.000000 -0.965926 0.258819
    outer loop
      vertex 112.010002 1.497351 5.588191
      vertex 111.400215 2.020360 7.540084
      vertex 111.059998 2.063783 7.702145
    endloop
  endfacet
  facet normal -0.000000 -0.965926 0.258819
    outer loop
      vertex 109.326317 2.184174 8.151448
      vertex 110.209274 2.256879 8.422789
      vertex 109.998528 2.338513 8.727449
    endloop
  endfacet
  facet normal -0.000000 -0.965926 0.258819
    outer loop
      vertex 109.326317 2.184174 8.151448
      vertex 110.459389 2.183064 8.147305
      vertex 110.209274 2.256879 8.422789
    endloop
  endfacet
  facet normal -0.000000 -0.965926 0.258819
    outer loop
      vertex 109.326317 2.184174 8.151448
      vertex 110.744591 2.118329 7.905713
      vertex 110.459389 2.183064 8.147305
    endloop
  endfacet
  facet normal -0.000000 -0.965926 0.258819
    outer loop
      vertex 109.326317 2.184174 8.151448
      vertex 109.998528 2.338513 8.727449
      vertex 109.803078 2.344984 8.751597
    endloop
  endfacet
  facet normal -0.000000 -0.965926 0.258819
    outer loop
      vertex 109.803078 2.344984 8.751597
      vertex 109.998528 2.338513 8.727449
      vertex 109.886673 2.397218 8.946539
    endloop
  endfacet
  facet normal 0.000000 -0.965926 0.258819
    outer loop
      vertex 112.010002 1.497351 5.588191
      vertex 111.759422 1.988801 7.422305
      vertex 111.400215 2.020360 7.540084
    endloop
  endfacet
  facet normal 0.000000 -0.965926 0.258819
    outer loop
      vertex 112.510002 1.963225 7.326857
      vertex 113.304092 1.541446 5.752756
      vertex 112.888527 1.969647 7.350821
    endloop
  endfacet
  facet normal 0.000000 -0.965926 0.258819
    outer loop
      vertex 112.888527 1.969647 7.350821
      vertex 113.304092 1.541446 5.752756
      vertex 113.260574 1.988801 7.422305
    endloop
  endfacet
  facet normal -0.000000 -0.965926 0.258819
    outer loop
      vertex 113.304092 1.541446 5.752756
      vertex 114.510002 1.670727 6.235238
      vertex 113.619781 2.020360 7.540084
    endloop
  endfacet
  facet normal -0.000000 -0.965926 0.258819
    outer loop
      vertex 113.260574 1.988801 7.422305
      vertex 113.304092 1.541446 5.752756
      vertex 113.619781 2.020360 7.540084
    endloop
  endfacet
  facet normal -0.000000 -0.965926 0.258819
    outer loop
      vertex 114.510002 1.670727 6.235238
      vertex 113.959999 2.063783 7.702145
      vertex 113.619781 2.020360 7.540084
    endloop
  endfacet
  facet normal 0.000000 -0.965926 0.258819
    outer loop
      vertex 114.510002 1.670727 6.235238
      vertex 114.275406 2.118329 7.905713
      vertex 113.959999 2.063783 7.702145
    endloop
  endfacet
  facet normal -0.000000 -0.965926 0.258819
    outer loop
      vertex 114.510002 1.670727 6.235238
      vertex 115.545532 1.876383 7.002756
      vertex 114.275406 2.118329 7.905713
    endloop
  endfacet
  facet normal 0.000000 -0.965926 0.258819
    outer loop
      vertex 114.275406 2.118329 7.905713
      vertex 115.545532 1.876383 7.002756
      vertex 114.560608 2.183064 8.147305
    endloop
  endfacet
  facet normal -0.000000 -0.965926 0.258819
    outer loop
      vertex 114.560608 2.183064 8.147305
      vertex 115.545532 1.876383 7.002756
      vertex 114.810722 2.256879 8.422789
    endloop
  endfacet
  facet normal 0.000000 -0.965926 0.258819
    outer loop
      vertex 114.810722 2.256879 8.422789
      vertex 115.545532 1.876383 7.002756
      vertex 116.340126 2.144399 8.003005
    endloop
  endfacet
  facet normal 0.000000 -0.965926 0.258820
    outer loop
      vertex 114.810722 2.256879 8.422789
      vertex 116.340126 2.144399 8.003005
      vertex 115.021477 2.338513 8.727449
    endloop
  endfacet
  facet normal -0.000000 -0.965926 0.258819
    outer loop
      vertex 115.021477 2.338513 8.727449
      vertex 116.340126 2.144399 8.003005
      vertex 115.189247 2.426568 9.056075
    endloop
  endfacet
  facet normal -0.000000 -0.965926 0.258819
    outer loop
      vertex 115.189247 2.426568 9.056075
      vertex 116.340126 2.144399 8.003005
      vertex 116.839630 2.456510 9.167820
    endloop
  endfacet
  facet normal -0.000000 -0.965926 0.258819
    outer loop
      vertex 115.189247 2.426568 9.056075
      vertex 116.839630 2.456510 9.167820
      vertex 115.311188 2.519537 9.403042
    endloop
  endfacet
  facet normal -0.000000 -0.965926 0.258819
    outer loop
      vertex 115.311188 2.519537 9.403042
      vertex 116.839630 2.456510 9.167820
      vertex 115.385193 2.615831 9.762414
    endloop
  endfacet
  facet normal 0.000000 -0.965926 0.258819
    outer loop
      vertex 115.385193 2.615831 9.762414
      vertex 117.010002 2.791446 10.417820
      vertex 115.410004 2.713801 10.128042
    endloop
  endfacet
  facet normal -0.000000 -0.965926 0.258819
    outer loop
      vertex 115.385193 2.615831 9.762414
      vertex 116.839630 2.456510 9.167820
      vertex 117.010002 2.791446 10.417820
    endloop
  endfacet
  facet normal -0.000000 -0.965926 0.258820
    outer loop
      vertex 115.410004 2.713801 10.128042
      vertex 117.010002 2.791446 10.417820
      vertex 115.385193 2.811770 10.493670
    endloop
  endfacet
  facet normal -0.000000 -0.965926 0.258819
    outer loop
      vertex 115.385193 2.811770 10.493670
      vertex 117.010002 2.791446 10.417820
      vertex 115.311188 2.908064 10.853042
    endloop
  endfacet
  facet normal -0.000000 -0.965926 0.258818
    outer loop
      vertex 115.311188 2.908064 10.853042
      vertex 117.010002 2.791446 10.417820
      vertex 115.189247 3.001033 11.200009
    endloop
  endfacet
  facet normal 0.000000 -0.965926 0.258820
    outer loop
      vertex 115.189247 3.001033 11.200009
      vertex 117.010002 2.791446 10.417820
      vertex 115.021477 3.089088 11.528634
    endloop
  endfacet
  facet normal -0.000001 -0.965926 0.258819
    outer loop
      vertex 115.021477 3.089088 11.528634
      vertex 117.010002 6.398890 23.880983
      vertex 114.810722 3.170722 11.833295
    endloop
  endfacet
  facet normal -0.000000 -0.965926 0.258819
    outer loop
      vertex 115.021477 3.089088 11.528634
      vertex 117.010002 2.791446 10.417820
      vertex 117.010002 6.398890 23.880983
    endloop
  endfacet
  facet normal -0.000000 -0.965926 0.258819
    outer loop
      vertex 112.131477 3.457955 12.905262
      vertex 112.510002 3.464376 12.929227
      vertex 117.010002 6.398890 23.880983
    endloop
  endfacet
  facet normal 0.000000 -0.965926 0.258819
    outer loop
      vertex 112.510002 3.464376 12.929227
      vertex 112.888527 3.457955 12.905262
      vertex 117.010002 6.398890 23.880983
    endloop
  endfacet
  facet normal 0.000000 -0.965926 0.258819
    outer loop
      vertex 113.619781 3.407242 12.716000
      vertex 113.959999 3.363818 12.553939
      vertex 117.010002 6.398890 23.880983
    endloop
  endfacet
  facet normal -0.000000 -0.965926 0.258819
    outer loop
      vertex 113.959999 3.363818 12.553939
      vertex 114.275406 3.309272 12.350371
      vertex 117.010002 6.398890 23.880983
    endloop
  endfacet
  facet normal -0.000000 -0.965926 0.258819
    outer loop
      vertex 112.888527 3.457955 12.905262
      vertex 113.260574 3.438801 12.833778
      vertex 117.010002 6.398890 23.880983
    endloop
  endfacet
  facet normal -0.000000 -0.965926 0.258819
    outer loop
      vertex 113.619781 3.407242 12.716000
      vertex 117.010002 6.398890 23.880983
      vertex 113.260574 3.438801 12.833778
    endloop
  endfacet
  facet normal 0.000000 -0.965926 0.258819
    outer loop
      vertex 114.560608 3.244538 12.108779
      vertex 117.010002 6.398890 23.880983
      vertex 114.275406 3.309272 12.350371
    endloop
  endfacet
  facet normal 0.000000 -0.965926 0.258819
    outer loop
      vertex 114.810722 3.170722 11.833295
      vertex 117.010002 6.398890 23.880983
      vertex 114.560608 3.244538 12.108779
    endloop
  endfacet
  facet normal 0.000041 -0.965926 0.258819
    outer loop
      vertex 110.205002 3.169066 11.827115
      vertex 110.209274 3.170722 11.833295
      vertex 110.205002 17.790266 66.394180
    endloop
  endfacet
  facet normal -0.000001 -0.965926 0.258819
    outer loop
      vertex 110.209274 3.170722 11.833295
      vertex 110.459389 3.244538 12.108779
      vertex 110.205002 17.790266 66.394180
    endloop
  endfacet
  facet normal -0.000000 -0.965926 0.258819
    outer loop
      vertex 110.459389 3.244538 12.108779
      vertex 110.744591 3.309272 12.350371
      vertex 110.205002 17.790266 66.394180
    endloop
  endfacet
  facet normal 0.000000 -0.965926 0.258819
    outer loop
      vertex 110.205002 17.790266 66.394180
      vertex 110.744591 3.309272 12.350371
      vertex 111.059998 3.363818 12.553939
    endloop
  endfacet
  facet normal -0.000000 -0.965926 0.258819
    outer loop
      vertex 110.205002 17.790266 66.394180
      vertex 111.059998 3.363818 12.553939
      vertex 111.400215 3.407242 12.716000
    endloop
  endfacet
  facet normal 0.000000 -0.965926 0.258819
    outer loop
      vertex 110.205002 17.790266 66.394180
      vertex 111.400215 3.407242 12.716000
      vertex 111.759422 3.438801 12.833778
    endloop
  endfacet
  facet normal 0.000000 -0.965926 0.258819
    outer loop
      vertex 111.759422 3.438801 12.833778
      vertex 112.131477 3.457955 12.905262
      vertex 110.205002 17.790266 66.394180
    endloop
  endfacet
  facet normal -0.000000 -0.965926 0.258819
    outer loop
      vertex 112.131477 3.457955 12.905262
      vertex 117.010002 6.398890 23.880983
      vertex 110.205002 17.790266 66.394180
    endloop
  endfacet
  facet normal 0.000000 -0.965926 0.258820
    outer loop
      vertex 112.010002 19.461981 72.633102
      vertex 9.805000 19.002577 70.918587
      vertex 107.205002 19.002577 70.918587
    endloop
  endfacet
  facet normal 0.000005 -0.965926 0.258820
    outer loop
      vertex 110.459389 17.714794 66.112511
      vertex 110.209274 17.788610 66.388000
      vertex 117.010002 6.398890 23.880983
    endloop
  endfacet
  facet normal 0.000004 -0.965926 0.258820
    outer loop
      vertex 110.459389 17.714794 66.112511
      vertex 117.010002 6.398890 23.880983
      vertex 110.744591 17.650061 65.870918
    endloop
  endfacet
  facet normal -0.000002 -0.965926 0.258819
    outer loop
      vertex 110.744591 17.650061 65.870918
      vertex 117.010002 6.398890 23.880983
      vertex 111.059998 17.595514 65.667351
    endloop
  endfacet
  facet normal -0.000006 -0.965926 0.258818
    outer loop
      vertex 111.400215 17.552090 65.505295
      vertex 111.059998 17.595514 65.667351
      vertex 117.010002 6.398890 23.880983
    endloop
  endfacet
  facet normal 0.000087 -0.965922 0.258832
    outer loop
      vertex 110.205002 17.790266 66.394180
      vertex 117.010002 6.398890 23.880983
      vertex 110.209274 17.788610 66.388000
    endloop
  endfacet
  facet normal 0.000002 -0.965926 0.258819
    outer loop
      vertex 111.400215 17.552090 65.505295
      vertex 117.010002 6.398890 23.880983
      vertex 111.759422 17.520531 65.387512
    endloop
  endfacet
  facet normal -0.000002 -0.965926 0.258819
    outer loop
      vertex 111.759422 17.520531 65.387512
      vertex 117.010002 6.398890 23.880983
      vertex 112.131477 17.501377 65.316032
    endloop
  endfacet
  facet normal -0.000002 -0.965926 0.258819
    outer loop
      vertex 112.131477 17.501377 65.316032
      vertex 117.010002 6.398890 23.880983
      vertex 112.510002 17.494955 65.292068
    endloop
  endfacet
  facet normal 0.000002 -0.965926 0.258819
    outer loop
      vertex 112.510002 17.494955 65.292068
      vertex 117.010002 6.398890 23.880983
      vertex 112.888527 17.501377 65.316032
    endloop
  endfacet
  facet normal 0.000002 -0.965926 0.258819
    outer loop
      vertex 112.888527 17.501377 65.316032
      vertex 117.010002 6.398890 23.880983
      vertex 113.260574 17.520531 65.387512
    endloop
  endfacet
  facet normal -0.000002 -0.965926 0.258819
    outer loop
      vertex 113.260574 17.520531 65.387512
      vertex 117.010002 6.398890 23.880983
      vertex 113.619781 17.552090 65.505295
    endloop
  endfacet
  facet normal 0.000005 -0.965926 0.258819
    outer loop
      vertex 113.619781 17.552090 65.505295
      vertex 117.010002 6.398890 23.880983
      vertex 113.959999 17.595514 65.667351
    endloop
  endfacet
  facet normal 0.000002 -0.965926 0.258819
    outer loop
      vertex 113.959999 17.595514 65.667351
      vertex 117.010002 6.398890 23.880983
      vertex 114.275406 17.650061 65.870918
    endloop
  endfacet
  facet normal -0.000003 -0.965926 0.258819
    outer loop
      vertex 114.275406 17.650061 65.870918
      vertex 117.010002 6.398890 23.880983
      vertex 114.560608 17.714794 66.112511
    endloop
  endfacet
  facet normal -0.000004 -0.965926 0.258819
    outer loop
      vertex 114.560608 17.714794 66.112511
      vertex 117.010002 6.398890 23.880983
      vertex 114.810722 17.788610 66.388000
    endloop
  endfacet
  facet normal -0.000000 -0.965926 0.258819
    outer loop
      vertex 114.810722 17.788610 66.388000
      vertex 117.010002 6.398890 23.880983
      vertex 117.010002 18.167885 67.803474
    endloop
  endfacet
  facet normal 0.000000 -0.965925 0.258821
    outer loop
      vertex 109.326317 18.775158 70.069847
      vertex 110.744591 18.841003 70.315582
      vertex 108.705002 18.898552 70.530357
    endloop
  endfacet
  facet normal 0.000000 -0.965926 0.258819
    outer loop
      vertex 112.010002 19.461981 72.633102
      vertex 107.205002 19.002577 70.918587
      vertex 107.981461 18.976120 70.819847
    endloop
  endfacet
  facet normal 0.000000 -0.965926 0.258818
    outer loop
      vertex 112.010002 19.461981 72.633102
      vertex 107.981461 18.976120 70.819847
      vertex 108.705002 18.898552 70.530357
    endloop
  endfacet
  facet normal -0.000001 -0.965926 0.258820
    outer loop
      vertex 114.810722 17.788610 66.388000
      vertex 117.010002 18.167885 67.803474
      vertex 115.021477 17.870243 66.692657
    endloop
  endfacet
  facet normal 0.000002 -0.965927 0.258815
    outer loop
      vertex 115.021477 17.870243 66.692657
      vertex 117.010002 18.167885 67.803474
      vertex 115.189247 17.958298 67.021286
    endloop
  endfacet
  facet normal -0.000002 -0.965924 0.258824
    outer loop
      vertex 115.189247 17.958298 67.021286
      vertex 117.010002 18.167885 67.803474
      vertex 115.311188 18.051268 67.368248
    endloop
  endfacet
  facet normal -0.000001 -0.965926 0.258820
    outer loop
      vertex 115.311188 18.051268 67.368248
      vertex 117.010002 18.167885 67.803474
      vertex 115.385193 18.147562 67.727623
    endloop
  endfacet
  facet normal -0.000001 -0.965927 0.258815
    outer loop
      vertex 115.385193 18.147562 67.727623
      vertex 117.010002 18.167885 67.803474
      vertex 115.410004 18.245531 68.093254
    endloop
  endfacet
  facet normal 0.000007 -0.965926 0.258818
    outer loop
      vertex 109.886673 18.562115 69.274757
      vertex 109.998528 18.620819 69.493843
      vertex 109.803078 18.614347 69.469696
    endloop
  endfacet
  facet normal 0.000006 -0.965924 0.258825
    outer loop
      vertex 109.326317 18.775158 70.069847
      vertex 109.803078 18.614347 69.469696
      vertex 109.998528 18.620819 69.493843
    endloop
  endfacet
  facet normal -0.000003 -0.965927 0.258815
    outer loop
      vertex 109.326317 18.775158 70.069847
      vertex 109.998528 18.620819 69.493843
      vertex 110.209274 18.702452 69.798508
    endloop
  endfacet
  facet normal 0.000000 -0.965925 0.258823
    outer loop
      vertex 109.326317 18.775158 70.069847
      vertex 110.209274 18.702452 69.798508
      vertex 110.459389 18.776268 70.073990
    endloop
  endfacet
  facet normal 0.000000 -0.965925 0.258822
    outer loop
      vertex 109.326317 18.775158 70.069847
      vertex 110.459389 18.776268 70.073990
      vertex 110.744591 18.841003 70.315582
    endloop
  endfacet
  facet normal -0.000000 -0.965927 0.258814
    outer loop
      vertex 108.705002 18.898552 70.530357
      vertex 110.744591 18.841003 70.315582
      vertex 111.059998 18.895548 70.519150
    endloop
  endfacet
  facet normal -0.000000 -0.965926 0.258820
    outer loop
      vertex 112.010002 19.461981 72.633102
      vertex 108.705002 18.898552 70.530357
      vertex 111.059998 18.895548 70.519150
    endloop
  endfacet
  facet normal 0.000006 -0.965926 0.258817
    outer loop
      vertex 112.010002 19.461981 72.633102
      vertex 111.059998 18.895548 70.519150
      vertex 111.400215 18.938972 70.681206
    endloop
  endfacet
  facet normal -0.000002 -0.965926 0.258819
    outer loop
      vertex 112.010002 19.461981 72.633102
      vertex 111.400215 18.938972 70.681206
      vertex 111.759422 18.970531 70.798988
    endloop
  endfacet
  facet normal 0.000002 -0.965926 0.258819
    outer loop
      vertex 112.010002 19.461981 72.633102
      vertex 111.759422 18.970531 70.798988
      vertex 112.131477 18.989685 70.870468
    endloop
  endfacet
  facet normal 0.000002 -0.965926 0.258819
    outer loop
      vertex 112.010002 19.461981 72.633102
      vertex 112.131477 18.989685 70.870468
      vertex 112.510002 18.996107 70.894432
    endloop
  endfacet
  facet normal -0.000002 -0.965926 0.258819
    outer loop
      vertex 112.510002 18.996107 70.894432
      vertex 112.888527 18.989685 70.870468
      vertex 113.304092 19.417885 72.468536
    endloop
  endfacet
  facet normal -0.000002 -0.965926 0.258819
    outer loop
      vertex 112.888527 18.989685 70.870468
      vertex 113.260574 18.970531 70.798988
      vertex 113.304092 19.417885 72.468536
    endloop
  endfacet
  facet normal -0.000001 -0.965926 0.258818
    outer loop
      vertex 112.010002 19.461981 72.633102
      vertex 112.510002 18.996107 70.894432
      vertex 113.304092 19.417885 72.468536
    endloop
  endfacet
  facet normal 0.000000 -0.965925 0.258820
    outer loop
      vertex 115.410004 18.245531 68.093254
      vertex 117.010002 18.167885 67.803474
      vertex 115.385193 18.343500 68.458878
    endloop
  endfacet
  facet normal -0.000001 -0.965926 0.258819
    outer loop
      vertex 115.385193 18.343500 68.458878
      vertex 116.839630 18.502821 69.053474
      vertex 115.311188 18.439795 68.818253
    endloop
  endfacet
  facet normal -0.000001 -0.965925 0.258823
    outer loop
      vertex 115.311188 18.439795 68.818253
      vertex 116.839630 18.502821 69.053474
      vertex 115.189247 18.532764 69.165215
    endloop
  endfacet
  facet normal -0.000000 -0.965926 0.258819
    outer loop
      vertex 115.385193 18.343500 68.458878
      vertex 117.010002 18.167885 67.803474
      vertex 116.839630 18.502821 69.053474
    endloop
  endfacet
  facet normal 0.000002 -0.965926 0.258817
    outer loop
      vertex 115.021477 18.620819 69.493843
      vertex 115.189247 18.532764 69.165215
      vertex 116.340126 18.814934 70.218285
    endloop
  endfacet
  facet normal 0.000003 -0.965927 0.258815
    outer loop
      vertex 115.021477 18.620819 69.493843
      vertex 116.340126 18.814934 70.218285
      vertex 114.810722 18.702452 69.798508
    endloop
  endfacet
  facet normal -0.000002 -0.965925 0.258821
    outer loop
      vertex 115.189247 18.532764 69.165215
      vertex 116.839630 18.502821 69.053474
      vertex 116.340126 18.814934 70.218285
    endloop
  endfacet
  facet normal 0.000002 -0.965926 0.258819
    outer loop
      vertex 113.304092 19.417885 72.468536
      vertex 113.260574 18.970531 70.798988
      vertex 113.619781 18.938972 70.681206
    endloop
  endfacet
  facet normal -0.000004 -0.965925 0.258821
    outer loop
      vertex 113.959999 18.895548 70.519150
      vertex 114.510002 19.288605 71.986053
      vertex 113.619781 18.938972 70.681206
    endloop
  endfacet
  facet normal 0.000004 -0.965926 0.258819
    outer loop
      vertex 113.959999 18.895548 70.519150
      vertex 114.275406 18.841003 70.315582
      vertex 114.510002 19.288605 71.986053
    endloop
  endfacet
  facet normal -0.000002 -0.965925 0.258821
    outer loop
      vertex 114.275406 18.841003 70.315582
      vertex 114.560608 18.776268 70.073990
      vertex 115.545532 19.082949 71.218536
    endloop
  endfacet
  facet normal -0.000002 -0.965925 0.258821
    outer loop
      vertex 114.560608 18.776268 70.073990
      vertex 114.810722 18.702452 69.798508
      vertex 115.545532 19.082949 71.218536
    endloop
  endfacet
  facet normal -0.000000 -0.965926 0.258819
    outer loop
      vertex 114.275406 18.841003 70.315582
      vertex 115.545532 19.082949 71.218536
      vertex 114.510002 19.288605 71.986053
    endloop
  endfacet
  facet normal 0.000000 -0.965926 0.258818
    outer loop
      vertex 113.304092 19.417885 72.468536
      vertex 113.619781 18.938972 70.681206
      vertex 114.510002 19.288605 71.986053
    endloop
  endfacet
  facet normal 0.000002 -0.965926 0.258819
    outer loop
      vertex 114.810722 18.702452 69.798508
      vertex 116.340126 18.814934 70.218285
      vertex 115.545532 19.082949 71.218536
    endloop
  endfacet
  facet normal 1.000000 0.000000 0.000000
    outer loop
      vertex 20.389999 1.238532 4.622265
      vertex 20.389999 3.692508 5.000000
      vertex 20.389999 1.339746 5.000000
    endloop
  endfacet
  facet normal 1.000000 0.000000 0.000000
    outer loop
      vertex 20.389999 1.238532 4.622265
      vertex 20.389999 11.863716 1.775255
      vertex 20.389999 3.692508 5.000000
    endloop
  endfacet
  facet normal 1.000000 0.000000 0.000000
    outer loop
      vertex 20.389999 10.550581 5.000000
      vertex 20.389999 1.956755 7.302709
      vertex 20.389999 1.497351 5.588191
    endloop
  endfacet
  facet normal 1.000000 0.000000 0.000000
    outer loop
      vertex 20.389999 3.692508 5.000000
      vertex 20.389999 10.550581 5.000000
      vertex 20.389999 1.497351 5.588191
    endloop
  endfacet
  facet normal 0.000000 0.258819 0.965926
    outer loop
      vertex 20.389999 1.238532 4.622265
      vertex 26.290001 1.238532 4.622265
      vertex 20.389999 11.863716 1.775255
    endloop
  endfacet
  facet normal 1.000000 0.000000 0.000000
    outer loop
      vertex 20.389999 11.863716 1.775255
      vertex 20.389999 10.550581 5.000000
      vertex 20.389999 3.692508 5.000000
    endloop
  endfacet
  facet normal 1.000000 0.000000 0.000000
    outer loop
      vertex 20.389999 11.863716 1.775255
      vertex 20.389999 12.727783 5.000000
      vertex 20.389999 10.550581 5.000000
    endloop
  endfacet
  facet normal 0.000000 0.258819 0.965926
    outer loop
      vertex 26.290001 1.238532 4.622265
      vertex 26.290001 11.863716 1.775255
      vertex 20.389999 11.863716 1.775255
    endloop
  endfacet
  facet normal 0.000000 -0.965926 0.258819
    outer loop
      vertex 20.389999 11.863716 1.775255
      vertex 26.312891 12.727783 5.000000
      vertex 20.389999 12.727783 5.000000
    endloop
  endfacet
  facet normal 0.000000 -0.965926 0.258819
    outer loop
      vertex 20.389999 11.863716 1.775255
      vertex 26.290001 11.863716 1.775255
      vertex 26.312891 12.727783 5.000000
    endloop
  endfacet
  facet normal 0.000000 -0.965926 0.258819
    outer loop
      vertex 26.540001 11.863716 1.775255
      vertex 26.312891 12.727783 5.000000
      vertex 26.290001 11.863716 1.775255
    endloop
  endfacet
  facet normal 0.000000 0.258819 0.965926
    outer loop
      vertex 26.290001 1.238532 4.622265
      vertex 26.540001 11.863716 1.775255
      vertex 26.290001 11.863716 1.775255
    endloop
  endfacet
  facet normal 0.000000 0.258819 0.965926
    outer loop
      vertex 26.290001 1.238532 4.622265
      vertex 32.500000 11.863716 1.775255
      vertex 26.540001 11.863716 1.775255
    endloop
  endfacet
  facet normal 0.000000 -0.965926 0.258819
    outer loop
      vertex 26.540001 11.863716 1.775255
      vertex 32.500000 12.727783 5.000000
      vertex 26.312891 12.727783 5.000000
    endloop
  endfacet
  facet normal -1.000000 0.000000 0.000000
    outer loop
      vertex 32.500000 3.692508 5.000000
      vertex 32.500000 1.497351 5.588191
      vertex 32.500000 1.956755 7.302709
    endloop
  endfacet
  facet normal 0.000000 0.258819 0.965926
    outer loop
      vertex 26.290001 1.238532 4.622265
      vertex 32.500000 1.238532 4.622265
      vertex 32.500000 11.863716 1.775255
    endloop
  endfacet
  facet normal -1.000000 0.000000 0.000000
    outer loop
      vertex 32.500000 1.238532 4.622265
      vertex 32.500000 1.339746 5.000000
      vertex 32.500000 11.863716 1.775255
    endloop
  endfacet
  facet normal -1.000000 0.000000 0.000000
    outer loop
      vertex 32.500000 11.863716 1.775255
      vertex 32.500000 1.339746 5.000000
      vertex 32.500000 3.692508 5.000000
    endloop
  endfacet
  facet normal -1.000000 0.000000 0.000000
    outer loop
      vertex 32.500000 11.863716 1.775255
      vertex 32.500000 3.692508 5.000000
      vertex 32.500000 1.956755 7.302709
    endloop
  endfacet
  facet normal -1.000000 0.000000 0.000000
    outer loop
      vertex 32.500000 11.863716 1.775255
      vertex 32.500000 1.956755 7.302709
      vertex 32.500000 10.550581 5.000000
    endloop
  endfacet
  facet normal -1.000000 0.000000 0.000000
    outer loop
      vertex 32.500000 11.863716 1.775255
      vertex 32.500000 10.550581 5.000000
      vertex 32.500000 12.727783 5.000000
    endloop
  endfacet
  facet normal 0.000000 -0.965926 0.258819
    outer loop
      vertex 26.540001 11.863716 1.775255
      vertex 32.500000 11.863716 1.775255
      vertex 32.500000 12.727783 5.000000
    endloop
  endfacet
  facet normal 1.000000 0.000000 0.000000
    outer loop
      vertex 92.690002 1.238532 4.622265
      vertex 92.690002 3.692508 5.000000
      vertex 92.690002 1.339746 5.000000
    endloop
  endfacet
  facet normal 1.000000 0.000000 0.000000
    outer loop
      vertex 92.690002 1.238532 4.622265
      vertex 92.690002 11.863716 1.775255
      vertex 92.690002 3.692508 5.000000
    endloop
  endfacet
  facet normal 1.000000 0.000000 0.000000
    outer loop
      vertex 92.690002 1.497351 5.588191
      vertex 92.690002 10.550581 5.000000
      vertex 92.690002 1.956755 7.302709
    endloop
  endfacet
  facet normal 1.000000 0.000000 0.000000
    outer loop
      vertex 92.690002 3.692508 5.000000
      vertex 92.690002 10.550581 5.000000
      vertex 92.690002 1.497351 5.588191
    endloop
  endfacet
  facet normal -1.000000 0.000000 0.000000
    outer loop
      vertex 98.900002 1.238532 4.622265
      vertex 98.900002 1.339746 5.000000
      vertex 98.900002 3.692508 5.000000
    endloop
  endfacet
  facet normal -1.000000 0.000000 0.000000
    outer loop
      vertex 98.900002 3.692508 5.000000
      vertex 98.900002 1.497351 5.588191
      vertex 98.900002 1.956755 7.302709
    endloop
  endfacet
  facet normal 0.000000 0.258819 0.965926
    outer loop
      vertex 92.690002 1.238532 4.622265
      vertex 98.900002 1.238532 4.622265
      vertex 98.900002 11.863716 1.775255
    endloop
  endfacet
  facet normal -1.000000 0.000000 0.000000
    outer loop
      vertex 98.900002 1.238532 4.622265
      vertex 98.900002 3.692508 5.000000
      vertex 98.900002 10.550581 5.000000
    endloop
  endfacet
  facet normal -1.000000 0.000000 0.000000
    outer loop
      vertex 98.900002 10.550581 5.000000
      vertex 98.900002 3.692508 5.000000
      vertex 98.900002 1.956755 7.302709
    endloop
  endfacet
  facet normal 0.000000 0.258819 0.965926
    outer loop
      vertex 92.690002 1.238532 4.622265
      vertex 98.900002 11.863716 1.775255
      vertex 92.690002 11.863716 1.775255
    endloop
  endfacet
  facet normal 1.000000 0.000000 0.000000
    outer loop
      vertex 92.690002 11.863716 1.775255
      vertex 92.690002 10.550581 5.000000
      vertex 92.690002 3.692508 5.000000
    endloop
  endfacet
  facet normal 1.000000 0.000000 0.000000
    outer loop
      vertex 92.690002 11.863716 1.775255
      vertex 92.690002 12.727783 5.000000
      vertex 92.690002 10.550581 5.000000
    endloop
  endfacet
  facet normal 0.000000 -0.965926 0.258819
    outer loop
      vertex 92.690002 11.863716 1.775255
      vertex 98.900002 12.727783 5.000000
      vertex 92.690002 12.727783 5.000000
    endloop
  endfacet
  facet normal -1.000000 0.000000 0.000000
    outer loop
      vertex 98.900002 1.238532 4.622265
      vertex 98.900002 10.550581 5.000000
      vertex 98.900002 11.863716 1.775255
    endloop
  endfacet
  facet normal 0.000000 -0.965926 0.258819
    outer loop
      vertex 92.690002 11.863716 1.775255
      vertex 98.900002 11.863716 1.775255
      vertex 98.900002 12.727783 5.000000
    endloop
  endfacet
  facet normal -1.000000 0.000000 0.000000
    outer loop
      vertex 98.900002 11.863716 1.775255
      vertex 98.900002 10.550581 5.000000
      vertex 98.900002 12.727783 5.000000
    endloop
  endfacet
endsolid casemaker
