solid casemaker
  facet normal -1.000000 0.000000 0.000000
    outer loop
      vertex 0.000000 2.000000 0.000000
      vertex 0.000000 25.299999 5.700000
      vertex 0.000000 25.299999 2.300000
    endloop
  endfacet
  facet normal 0.000000 0.000000 -1.000000
    outer loop
      vertex 0.000000 2.000000 0.000000
      vertex 0.068148 61.956032 0.000000
      vertex 2.000000 2.000000 0.000000
    endloop
  endfacet
  facet normal -1.000000 0.000000 0.000000
    outer loop
      vertex 0.000000 2.000000 0.000000
      vertex 0.000000 25.299999 2.300000
      vertex 0.000000 38.700001 2.300000
    endloop
  endfacet
  facet normal -1.000000 0.000000 0.000000
    outer loop
      vertex 0.000000 2.000000 0.000000
      vertex 0.000000 62.000000 26.600000
      vertex 0.000000 25.299999 5.700000
    endloop
  endfacet
  facet normal 0.000000 0.000000 -1.000000
    outer loop
      vertex 2.000000 2.000000 0.000000
      vertex 0.068148 61.956032 0.000000
      vertex 91.000000 2.000000 0.000000
    endloop
  endfacet
  facet normal -1.000000 0.000000 0.000000
    outer loop
      vertex 0.000000 2.000000 0.000000
      vertex 0.000000 2.000000 26.600000
      vertex 0.000000 62.000000 26.600000
    endloop
  endfacet
  facet normal 0.000000 0.000000 1.000000
    outer loop
      vertex 0.000000 2.000000 26.600000
      vertex 2.000000 2.000000 26.600000
      vertex 2.000000 60.709679 26.600000
    endloop
  endfacet
  facet normal -1.000000 0.000000 0.000000
    outer loop
      vertex 0.000000 2.000000 0.000000
      vertex 0.000000 38.700001 2.300000
      vertex 0.000000 62.000000 0.000000
    endloop
  endfacet
  facet normal 0.000000 0.000000 -1.000000
    outer loop
      vertex 0.000000 2.000000 0.000000
      vertex 0.000000 62.000000 0.000000
      vertex 0.068148 61.956032 0.000000
    endloop
  endfacet
  facet normal -1.000000 0.000000 0.000000
    outer loop
      vertex 0.000000 62.000000 0.000000
      vertex 0.000000 38.700001 2.300000
      vertex 0.000000 38.700001 5.700000
    endloop
  endfacet
  facet normal -1.000000 0.000000 0.000000
    outer loop
      vertex 0.000000 62.000000 26.600000
      vertex 0.000000 38.700001 5.700000
      vertex 0.000000 25.299999 5.700000
    endloop
  endfacet
  facet normal 0.000000 0.000000 -1.000000
    outer loop
      vertex 0.068148 61.956032 0.000000
      vertex 0.068148 62.000000 0.000000
      vertex 2.000000 62.000000 0.000000
    endloop
  endfacet
  facet normal -1.000000 0.000000 0.000000
    outer loop
      vertex 0.000000 62.000000 0.000000
      vertex 0.000000 38.700001 5.700000
      vertex 0.000000 62.000000 26.600000
    endloop
  endfacet
  facet normal 0.000000 0.000000 -1.000000
    outer loop
      vertex 0.068148 61.956032 0.000000
      vertex 2.000000 62.000000 0.000000
      vertex 92.931854 2.043967 0.000000
    endloop
  endfacet
  facet normal 0.000000 0.000000 1.000000
    outer loop
      vertex 0.000000 2.000000 26.600000
      vertex 2.000000 60.709679 26.600000
      vertex 0.000000 62.000000 26.600000
    endloop
  endfacet
  facet normal 0.000000 0.000000 -1.000000
    outer loop
      vertex 0.068148 61.956032 0.000000
      vertex 92.931854 2.043967 0.000000
      vertex 91.000000 2.000000 0.000000
    endloop
  endfacet
  facet normal 0.000000 0.000000 -1.000000
    outer loop
      vertex 91.000000 2.000000 0.000000
      vertex 92.931854 2.043967 0.000000
      vertex 92.931854 2.000000 0.000000
    endloop
  endfacet
  facet normal 1.000000 0.000000 0.000000
    outer loop
      vertex 93.000000 2.000000 0.000000
      vertex 93.000000 22.500000 6.100000
      vertex 93.000000 5.500000 6.100000
    endloop
  endfacet
  facet normal 1.000000 0.000000 0.000000
    outer loop
      vertex 93.000000 2.000000 0.000000
      vertex 93.000000 5.500000 6.100000
      vertex 93.000000 5.500000 20.600000
    endloop
  endfacet
  facet normal 0.000000 0.000000 -1.000000
    outer loop
      vertex 93.000000 2.000000 0.000000
      vertex 92.931854 2.043967 0.000000
      vertex 93.000000 62.000000 0.000000
    endloop
  endfacet
  facet normal 1.000000 0.000000 0.000000
    outer loop
      vertex 93.000000 2.000000 0.000000
      vertex 93.000000 37.000000 6.100000
      vertex 93.000000 22.500000 6.100000
    endloop
  endfacet
  facet normal 1.000000 0.000000 0.000000
    outer loop
      vertex 93.000000 2.000000 0.000000
      vertex 93.000000 5.500000 20.600000
      vertex 93.000000 2.000000 26.600000
    endloop
  endfacet
  facet normal 1.000000 0.000000 0.000000
    outer loop
      vertex 93.000000 2.000000 26.600000
      vertex 93.000000 5.500000 20.600000
      vertex 93.000000 22.500000 20.600000
    endloop
  endfacet
  facet normal 1.000000 0.000000 0.000000
    outer loop
      vertex 93.000000 2.000000 26.600000
      vertex 93.000000 22.500000 20.600000
      vertex 93.000000 22.500000 23.100000
    endloop
  endfacet
  facet normal 0.000000 0.000000 1.000000
    outer loop
      vertex 91.000000 3.290323 26.600000
      vertex 93.000000 2.000000 26.600000
      vertex 93.000000 62.000000 26.600000
    endloop
  endfacet
  facet normal 1.000000 0.000000 0.000000
    outer loop
      vertex 93.000000 2.000000 26.600000
      vertex 93.000000 22.500000 23.100000
      vertex 93.000000 62.000000 26.600000
    endloop
  endfacet
  facet normal 0.000000 0.000000 -1.000000
    outer loop
      vertex 2.000000 62.000000 0.000000
      vertex 91.000000 62.000000 0.000000
      vertex 92.931854 2.043967 0.000000
    endloop
  endfacet
  facet normal 1.000000 0.000000 0.000000
    outer loop
      vertex 93.000000 2.000000 0.000000
      vertex 93.000000 62.000000 0.000000
      vertex 93.000000 37.000000 6.100000
    endloop
  endfacet
  facet normal 0.000000 0.000000 -1.000000
    outer loop
      vertex 92.931854 2.043967 0.000000
      vertex 91.000000 62.000000 0.000000
      vertex 93.000000 62.000000 0.000000
    endloop
  endfacet
  facet normal 1.000000 0.000000 0.000000
    outer loop
      vertex 93.000000 62.000000 0.000000
      vertex 93.000000 39.500000 6.100000
      vertex 93.000000 37.000000 6.100000
    endloop
  endfacet
  facet normal 1.000000 0.000000 0.000000
    outer loop
      vertex 93.000000 37.000000 6.100000
      vertex 93.000000 39.500000 6.100000
      vertex 93.000000 39.500000 23.100000
    endloop
  endfacet
  facet normal 1.000000 0.000000 0.000000
    outer loop
      vertex 93.000000 62.000000 0.000000
      vertex 93.000000 54.000000 6.100000
      vertex 93.000000 39.500000 6.100000
    endloop
  endfacet
  facet normal 1.000000 0.000000 0.000000
    outer loop
      vertex 93.000000 62.000000 0.000000
      vertex 93.000000 62.000000 26.600000
      vertex 93.000000 54.000000 6.100000
    endloop
  endfacet
  facet normal 1.000000 0.000000 0.000000
    outer loop
      vertex 93.000000 37.000000 6.100000
      vertex 93.000000 39.500000 23.100000
      vertex 93.000000 37.000000 23.100000
    endloop
  endfacet
  facet normal 1.000000 0.000000 0.000000
    outer loop
      vertex 93.000000 62.000000 26.600000
      vertex 93.000000 22.500000 23.100000
      vertex 93.000000 37.000000 23.100000
    endloop
  endfacet
  facet normal 0.000000 0.000000 1.000000
    outer loop
      vertex 91.000000 3.290323 26.600000
      vertex 93.000000 62.000000 26.600000
      vertex 91.000000 62.000000 26.600000
    endloop
  endfacet
  facet normal 1.000000 0.000000 0.000000
    outer loop
      vertex 93.000000 62.000000 26.600000
      vertex 93.000000 37.000000 23.100000
      vertex 93.000000 39.500000 23.100000
    endloop
  endfacet
  facet normal 1.000000 0.000000 0.000000
    outer loop
      vertex 93.000000 62.000000 26.600000
      vertex 93.000000 54.000000 23.100000
      vertex 93.000000 54.000000 6.100000
    endloop
  endfacet
  facet normal 1.000000 0.000000 0.000000
    outer loop
      vertex 93.000000 62.000000 26.600000
      vertex 93.000000 39.500000 23.100000
      vertex 93.000000 54.000000 23.100000
    endloop
  endfacet
  facet normal 0.000000 -1.000000 0.000000
    outer loop
      vertex 2.000000 0.000000 0.000000
      vertex 19.000000 0.000000 6.100000
      vertex 10.000000 0.000000 6.100000
    endloop
  endfacet
  facet normal 0.000000 -1.000000 0.000000
    outer loop
      vertex 2.000000 0.000000 0.000000
      vertex 28.500000 0.000000 4.500000
      vertex 19.000000 0.000000 6.100000
    endloop
  endfacet
  facet normal 0.000000 -1.000000 0.000000
    outer loop
      vertex 2.000000 0.000000 0.000000
      vertex 10.000000 0.000000 6.100000
      vertex 2.000000 0.000000 26.600000
    endloop
  endfacet
  facet normal 0.000000 -1.000000 0.000000
    outer loop
      vertex 19.000000 0.000000 6.100000
      vertex 28.500000 0.000000 12.500000
      vertex 19.000000 0.000000 10.300000
    endloop
  endfacet
  facet normal 0.000000 -1.000000 0.000000
    outer loop
      vertex 2.000000 0.000000 0.000000
      vertex 44.500000 0.000000 4.500000
      vertex 28.500000 0.000000 4.500000
    endloop
  endfacet
  facet normal 0.000000 0.000000 -1.000000
    outer loop
      vertex 2.000000 0.000000 0.000000
      vertex 2.000000 2.000000 0.000000
      vertex 91.000000 2.000000 0.000000
    endloop
  endfacet
  facet normal 0.000000 -1.000000 0.000000
    outer loop
      vertex 2.000000 0.000000 0.000000
      vertex 91.000000 0.000000 0.000000
      vertex 44.500000 0.000000 4.500000
    endloop
  endfacet
  facet normal 0.000000 -1.000000 0.000000
    outer loop
      vertex 19.000000 0.000000 6.100000
      vertex 28.500000 0.000000 4.500000
      vertex 28.500000 0.000000 12.500000
    endloop
  endfacet
  facet normal 0.000000 -1.000000 0.000000
    outer loop
      vertex 2.000000 0.000000 26.600000
      vertex 10.000000 0.000000 6.100000
      vertex 10.000000 0.000000 10.300000
    endloop
  endfacet
  facet normal 0.000000 -1.000000 0.000000
    outer loop
      vertex 2.000000 0.000000 26.600000
      vertex 10.000000 0.000000 10.300000
      vertex 19.000000 0.000000 10.300000
    endloop
  endfacet
  facet normal 0.000000 -1.000000 0.000000
    outer loop
      vertex 2.000000 0.000000 26.600000
      vertex 19.000000 0.000000 10.300000
      vertex 28.500000 0.000000 12.500000
    endloop
  endfacet
  facet normal 0.000000 -1.000000 0.000000
    outer loop
      vertex 2.000000 0.000000 26.600000
      vertex 28.500000 0.000000 12.500000
      vertex 44.500000 0.000000 12.500000
    endloop
  endfacet
  facet normal 0.000000 -1.000000 0.000000
    outer loop
      vertex 2.000000 0.000000 26.600000
      vertex 44.500000 0.000000 12.500000
      vertex 53.500000 0.000000 13.100000
    endloop
  endfacet
  facet normal 0.000000 -1.000000 0.000000
    outer loop
      vertex 2.000000 0.000000 26.600000
      vertex 53.500000 0.000000 13.100000
      vertex 61.500000 0.000000 13.100000
    endloop
  endfacet
  facet normal 0.000000 0.000000 1.000000
    outer loop
      vertex 2.000000 0.000000 26.600000
      vertex 91.000000 0.000000 26.600000
      vertex 2.000000 2.000000 26.600000
    endloop
  endfacet
  facet normal 0.000000 0.000000 -1.000000
    outer loop
      vertex 2.000000 62.000000 0.000000
      vertex 2.000000 64.000000 0.000000
      vertex 91.000000 64.000000 0.000000
    endloop
  endfacet
  facet normal 0.000000 1.000000 0.000000
    outer loop
      vertex 2.000000 64.000000 0.000000
      vertex 2.000000 64.000000 26.600000
      vertex 91.000000 64.000000 26.600000
    endloop
  endfacet
  facet normal 0.000000 0.000000 1.000000
    outer loop
      vertex 2.000000 62.000000 26.600000
      vertex 91.000000 62.000000 26.600000
      vertex 2.000000 64.000000 26.600000
    endloop
  endfacet
  facet normal 0.000000 0.000000 -1.000000
    outer loop
      vertex 2.000000 0.000000 0.000000
      vertex 91.000000 2.000000 0.000000
      vertex 91.000000 0.000000 0.000000
    endloop
  endfacet
  facet normal 0.000000 -1.000000 0.000000
    outer loop
      vertex 91.000000 0.000000 0.000000
      vertex 53.500000 0.000000 6.100000
      vertex 44.500000 0.000000 4.500000
    endloop
  endfacet
  facet normal 0.000000 -1.000000 0.000000
    outer loop
      vertex 91.000000 0.000000 0.000000
      vertex 61.500000 0.000000 6.100000
      vertex 53.500000 0.000000 6.100000
    endloop
  endfacet
  facet normal 0.000000 -1.000000 0.000000
    outer loop
      vertex 44.500000 0.000000 4.500000
      vertex 53.500000 0.000000 6.100000
      vertex 53.500000 0.000000 13.100000
    endloop
  endfacet
  facet normal 0.000000 -1.000000 0.000000
    outer loop
      vertex 53.500000 0.000000 13.100000
      vertex 44.500000 0.000000 12.500000
      vertex 44.500000 0.000000 4.500000
    endloop
  endfacet
  facet normal 0.000000 -1.000000 0.000000
    outer loop
      vertex 91.000000 0.000000 0.000000
      vertex 91.000000 0.000000 26.600000
      vertex 61.500000 0.000000 6.100000
    endloop
  endfacet
  facet normal 0.000000 -1.000000 0.000000
    outer loop
      vertex 2.000000 0.000000 26.600000
      vertex 61.500000 0.000000 13.100000
      vertex 91.000000 0.000000 26.600000
    endloop
  endfacet
  facet normal 0.000000 0.000000 1.000000
    outer loop
      vertex 2.000000 2.000000 26.600000
      vertex 91.000000 0.000000 26.600000
      vertex 91.000000 2.000000 26.600000
    endloop
  endfacet
  facet normal 0.000000 -1.000000 0.000000
    outer loop
      vertex 91.000000 0.000000 26.600000
      vertex 61.500000 0.000000 13.100000
      vertex 61.500000 0.000000 6.100000
    endloop
  endfacet
  facet normal 0.000000 0.000000 -1.000000
    outer loop
      vertex 2.000000 62.000000 0.000000
      vertex 91.000000 64.000000 0.000000
      vertex 91.000000 62.000000 0.000000
    endloop
  endfacet
  facet normal 0.000000 1.000000 0.000000
    outer loop
      vertex 2.000000 64.000000 0.000000
      vertex 91.000000 64.000000 26.600000
      vertex 91.000000 64.000000 0.000000
    endloop
  endfacet
  facet normal 0.000000 0.000000 1.000000
    outer loop
      vertex 2.000000 64.000000 26.600000
      vertex 91.000000 62.000000 26.600000
      vertex 91.000000 64.000000 26.600000
    endloop
  endfacet
  facet normal 0.000000 0.000000 -1.000000
    outer loop
      vertex 0.585786 0.585786 0.000000
      vertex 2.000000 2.000000 0.000000
      vertex 1.000000 0.267949 0.000000
    endloop
  endfacet
  facet normal 0.000000 0.000000 -1.000000
    outer loop
      vertex 0.068148 1.482362 0.000000
      vertex 0.000000 2.000000 0.000000
      vertex 2.000000 2.000000 0.000000
    endloop
  endfacet
  facet normal 0.000000 0.000000 -1.000000
    outer loop
      vertex 0.585786 0.585786 0.000000
      vertex 0.267949 1.000000 0.000000
      vertex 2.000000 2.000000 0.000000
    endloop
  endfacet
  facet normal 0.000000 0.000000 -1.000000
    outer loop
      vertex 0.267949 1.000000 0.000000
      vertex 0.068148 1.482362 0.000000
      vertex 2.000000 2.000000 0.000000
    endloop
  endfacet
  facet normal 0.000000 0.000000 -1.000000
    outer loop
      vertex 1.000000 0.267949 0.000000
      vertex 2.000000 2.000000 0.000000
      vertex 1.482362 0.068148 0.000000
    endloop
  endfacet
  facet normal 0.000000 0.000000 -1.000000
    outer loop
      vertex 1.482362 0.068148 0.000000
      vertex 2.000000 2.000000 0.000000
      vertex 2.000000 0.000000 0.000000
    endloop
  endfacet
  facet normal -0.608761 -0.793353 0.000000
    outer loop
      vertex 0.585786 0.585786 0.000000
      vertex 1.000000 0.267949 0.000000
      vertex 0.585786 0.585786 26.600000
    endloop
  endfacet
  facet normal -0.793353 -0.608761 0.000000
    outer loop
      vertex 0.585786 0.585786 0.000000
      vertex 0.267949 1.000000 26.600000
      vertex 0.267949 1.000000 0.000000
    endloop
  endfacet
  facet normal -0.382683 -0.923880 0.000000
    outer loop
      vertex 1.000000 0.267949 0.000000
      vertex 1.482362 0.068148 0.000000
      vertex 1.000000 0.267949 26.600000
    endloop
  endfacet
  facet normal -0.923880 -0.382683 0.000000
    outer loop
      vertex 0.267949 1.000000 0.000000
      vertex 0.068148 1.482362 26.600000
      vertex 0.068148 1.482362 0.000000
    endloop
  endfacet
  facet normal -0.991445 -0.130526 0.000000
    outer loop
      vertex 0.068148 1.482362 0.000000
      vertex 0.000000 2.000000 26.600000
      vertex 0.000000 2.000000 0.000000
    endloop
  endfacet
  facet normal -0.130526 -0.991445 0.000000
    outer loop
      vertex 1.482362 0.068148 0.000000
      vertex 2.000000 0.000000 0.000000
      vertex 1.482362 0.068148 26.600000
    endloop
  endfacet
  facet normal -0.793353 -0.608761 0.000000
    outer loop
      vertex 0.585786 0.585786 0.000000
      vertex 0.585786 0.585786 26.600000
      vertex 0.267949 1.000000 26.600000
    endloop
  endfacet
  facet normal -0.608761 -0.793353 0.000000
    outer loop
      vertex 1.000000 0.267949 0.000000
      vertex 1.000000 0.267949 26.600000
      vertex 0.585786 0.585786 26.600000
    endloop
  endfacet
  facet normal -0.382683 -0.923880 0.000000
    outer loop
      vertex 1.482362 0.068148 0.000000
      vertex 1.482362 0.068148 26.600000
      vertex 1.000000 0.267949 26.600000
    endloop
  endfacet
  facet normal -0.923880 -0.382683 0.000000
    outer loop
      vertex 0.267949 1.000000 0.000000
      vertex 0.267949 1.000000 26.600000
      vertex 0.068148 1.482362 26.600000
    endloop
  endfacet
  facet normal -0.991445 -0.130526 0.000000
    outer loop
      vertex 0.068148 1.482362 0.000000
      vertex 0.068148 1.482362 26.600000
      vertex 0.000000 2.000000 26.600000
    endloop
  endfacet
  facet normal -0.130526 -0.991445 0.000000
    outer loop
      vertex 2.000000 0.000000 0.000000
      vertex 2.000000 0.000000 26.600000
      vertex 1.482362 0.068148 26.600000
    endloop
  endfacet
  facet normal 0.000000 0.000000 1.000000
    outer loop
      vertex 0.585786 0.585786 26.600000
      vertex 1.000000 0.267949 26.600000
      vertex 0.000000 2.000000 26.600000
    endloop
  endfacet
  facet normal 0.000000 0.000000 1.000000
    outer loop
      vertex 1.000000 0.267949 26.600000
      vertex 1.482362 0.068148 26.600000
      vertex 0.000000 2.000000 26.600000
    endloop
  endfacet
  facet normal 0.000000 0.000000 1.000000
    outer loop
      vertex 0.585786 0.585786 26.600000
      vertex 0.000000 2.000000 26.600000
      vertex 0.267949 1.000000 26.600000
    endloop
  endfacet
  facet normal 0.000000 0.000000 1.000000
    outer loop
      vertex 0.267949 1.000000 26.600000
      vertex 0.000000 2.000000 26.600000
      vertex 0.068148 1.482362 26.600000
    endloop
  endfacet
  facet normal 0.000000 0.000000 1.000000
    outer loop
      vertex 1.482362 0.068148 26.600000
      vertex 2.000000 2.000000 26.600000
      vertex 0.000000 2.000000 26.600000
    endloop
  endfacet
  facet normal 0.000000 0.000000 1.000000
    outer loop
      vertex 1.482362 0.068148 26.600000
      vertex 2.000000 0.000000 26.600000
      vertex 2.000000 2.000000 26.600000
    endloop
  endfacet
  facet normal 0.000000 0.000000 -1.000000
    outer loop
      vertex 91.000000 0.000000 0.000000
      vertex 92.931854 2.000000 0.000000
      vertex 91.517639 0.068148 0.000000
    endloop
  endfacet
  facet normal 0.000000 0.000000 -1.000000
    outer loop
      vertex 91.517639 0.068148 0.000000
      vertex 92.931854 2.000000 0.000000
      vertex 92.000000 0.267949 0.000000
    endloop
  endfacet
  facet normal 0.000000 0.000000 -1.000000
    outer loop
      vertex 92.000000 0.267949 0.000000
      vertex 92.931854 2.000000 0.000000
      vertex 92.414215 0.585786 0.000000
    endloop
  endfacet
  facet normal 0.000000 0.000000 -1.000000
    outer loop
      vertex 91.000000 0.000000 0.000000
      vertex 91.000000 2.000000 0.000000
      vertex 92.931854 2.000000 0.000000
    endloop
  endfacet
  facet normal 0.000000 0.000000 -1.000000
    outer loop
      vertex 92.414215 0.585786 0.000000
      vertex 92.931854 2.000000 0.000000
      vertex 92.732048 1.000000 0.000000
    endloop
  endfacet
  facet normal 0.000000 0.000000 -1.000000
    outer loop
      vertex 92.732048 1.000000 0.000000
      vertex 92.931854 2.000000 0.000000
      vertex 92.931854 1.482362 0.000000
    endloop
  endfacet
  facet normal 0.000000 0.000000 -1.000000
    outer loop
      vertex 92.931854 1.482362 0.000000
      vertex 92.931854 2.000000 0.000000
      vertex 93.000000 2.000000 0.000000
    endloop
  endfacet
  facet normal 0.000000 0.000000 -1.000000
    outer loop
      vertex 93.000000 2.000000 0.000000
      vertex 92.931854 2.000000 0.000000
      vertex 92.931854 2.043967 0.000000
    endloop
  endfacet
  facet normal 0.130526 -0.991445 0.000000
    outer loop
      vertex 91.000000 0.000000 0.000000
      vertex 91.517639 0.068148 0.000000
      vertex 91.000000 0.000000 26.600000
    endloop
  endfacet
  facet normal 0.382684 -0.923879 0.000000
    outer loop
      vertex 91.517639 0.068148 0.000000
      vertex 92.000000 0.267949 0.000000
      vertex 91.517639 0.068148 26.600000
    endloop
  endfacet
  facet normal 0.608760 -0.793354 0.000000
    outer loop
      vertex 92.000000 0.267949 0.000000
      vertex 92.414215 0.585786 0.000000
      vertex 92.000000 0.267949 26.600000
    endloop
  endfacet
  facet normal 0.793357 -0.608756 0.000000
    outer loop
      vertex 92.414215 0.585786 0.000000
      vertex 92.732048 1.000000 0.000000
      vertex 92.414215 0.585786 26.600000
    endloop
  endfacet
  facet normal 0.923876 -0.382692 0.000000
    outer loop
      vertex 92.732048 1.000000 0.000000
      vertex 92.931854 1.482362 0.000000
      vertex 92.732048 1.000000 26.600000
    endloop
  endfacet
  facet normal 0.991446 -0.130521 0.000000
    outer loop
      vertex 92.931854 1.482362 0.000000
      vertex 93.000000 2.000000 0.000000
      vertex 92.931854 1.482362 26.600000
    endloop
  endfacet
  facet normal 0.130526 -0.991445 0.000000
    outer loop
      vertex 91.517639 0.068148 0.000000
      vertex 91.517639 0.068148 26.600000
      vertex 91.000000 0.000000 26.600000
    endloop
  endfacet
  facet normal 0.382684 -0.923879 0.000000
    outer loop
      vertex 92.000000 0.267949 0.000000
      vertex 92.000000 0.267949 26.600000
      vertex 91.517639 0.068148 26.600000
    endloop
  endfacet
  facet normal 0.608760 -0.793354 0.000000
    outer loop
      vertex 92.414215 0.585786 0.000000
      vertex 92.414215 0.585786 26.600000
      vertex 92.000000 0.267949 26.600000
    endloop
  endfacet
  facet normal 0.793357 -0.608756 0.000000
    outer loop
      vertex 92.732048 1.000000 0.000000
      vertex 92.732048 1.000000 26.600000
      vertex 92.414215 0.585786 26.600000
    endloop
  endfacet
  facet normal 0.923876 -0.382692 0.000000
    outer loop
      vertex 92.931854 1.482362 0.000000
      vertex 92.931854 1.482362 26.600000
      vertex 92.732048 1.000000 26.600000
    endloop
  endfacet
  facet normal 0.991446 -0.130521 0.000000
    outer loop
      vertex 93.000000 2.000000 0.000000
      vertex 93.000000 2.000000 26.600000
      vertex 92.931854 1.482362 26.600000
    endloop
  endfacet
  facet normal 0.000000 0.000000 1.000000
    outer loop
      vertex 91.000000 0.000000 26.600000
      vertex 91.517639 0.068148 26.600000
      vertex 91.000000 2.000000 26.600000
    endloop
  endfacet
  facet normal 0.000000 0.000000 1.000000
    outer loop
      vertex 91.517639 0.068148 26.600000
      vertex 92.000000 0.267949 26.600000
      vertex 91.000000 3.290323 26.600000
    endloop
  endfacet
  facet normal 0.000000 0.000000 1.000000
    outer loop
      vertex 91.517639 0.068148 26.600000
      vertex 91.000000 3.290323 26.600000
      vertex 91.000000 2.000000 26.600000
    endloop
  endfacet
  facet normal 0.000000 0.000000 1.000000
    outer loop
      vertex 92.000000 0.267949 26.600000
      vertex 92.414215 0.585786 26.600000
      vertex 91.000000 3.290323 26.600000
    endloop
  endfacet
  facet normal 0.000000 0.000000 1.000000
    outer loop
      vertex 92.414215 0.585786 26.600000
      vertex 92.732048 1.000000 26.600000
      vertex 91.000000 3.290323 26.600000
    endloop
  endfacet
  facet normal 0.000000 0.000000 1.000000
    outer loop
      vertex 92.732048 1.000000 26.600000
      vertex 92.931854 1.482362 26.600000
      vertex 91.000000 3.290323 26.600000
    endloop
  endfacet
  facet normal 0.000000 0.000000 1.000000
    outer loop
      vertex 92.931854 1.482362 26.600000
      vertex 93.000000 2.000000 26.600000
      vertex 91.000000 3.290323 26.600000
    endloop
  endfacet
  facet normal 0.000000 0.000000 -1.000000
    outer loop
      vertex 0.068148 61.956032 0.000000
      vertex 0.000000 62.000000 0.000000
      vertex 0.068148 62.000000 0.000000
    endloop
  endfacet
  facet normal 0.000000 0.000000 -1.000000
    outer loop
      vertex 0.000000 62.000000 0.000000
      vertex 0.068148 62.517639 0.000000
      vertex 0.068148 62.000000 0.000000
    endloop
  endfacet
  facet normal 0.000000 0.000000 -1.000000
    outer loop
      vertex 0.068148 62.000000 0.000000
      vertex 0.068148 62.517639 0.000000
      vertex 0.267949 63.000000 0.000000
    endloop
  endfacet
  facet normal 0.000000 0.000000 -1.000000
    outer loop
      vertex 0.068148 62.000000 0.000000
      vertex 0.267949 63.000000 0.000000
      vertex 0.585786 63.414215 0.000000
    endloop
  endfacet
  facet normal 0.000000 0.000000 -1.000000
    outer loop
      vertex 0.068148 62.000000 0.000000
      vertex 2.000000 64.000000 0.000000
      vertex 2.000000 62.000000 0.000000
    endloop
  endfacet
  facet normal 0.000000 0.000000 -1.000000
    outer loop
      vertex 0.068148 62.000000 0.000000
      vertex 0.585786 63.414215 0.000000
      vertex 1.000000 63.732052 0.000000
    endloop
  endfacet
  facet normal 0.000000 0.000000 -1.000000
    outer loop
      vertex 0.068148 62.000000 0.000000
      vertex 1.000000 63.732052 0.000000
      vertex 1.482362 63.931850 0.000000
    endloop
  endfacet
  facet normal 0.000000 0.000000 -1.000000
    outer loop
      vertex 0.068148 62.000000 0.000000
      vertex 1.482362 63.931850 0.000000
      vertex 2.000000 64.000000 0.000000
    endloop
  endfacet
  facet normal -0.991445 0.130526 0.000000
    outer loop
      vertex 0.000000 62.000000 0.000000
      vertex 0.068148 62.517639 26.600000
      vertex 0.068148 62.517639 0.000000
    endloop
  endfacet
  facet normal -0.923879 0.382684 0.000000
    outer loop
      vertex 0.068148 62.517639 0.000000
      vertex 0.267949 63.000000 26.600000
      vertex 0.267949 63.000000 0.000000
    endloop
  endfacet
  facet normal -0.793354 0.608760 0.000000
    outer loop
      vertex 0.267949 63.000000 0.000000
      vertex 0.585786 63.414215 26.600000
      vertex 0.585786 63.414215 0.000000
    endloop
  endfacet
  facet normal -0.608761 0.793354 0.000000
    outer loop
      vertex 0.585786 63.414215 0.000000
      vertex 1.000000 63.732052 26.600000
      vertex 1.000000 63.732052 0.000000
    endloop
  endfacet
  facet normal -0.382680 0.923881 0.000000
    outer loop
      vertex 1.000000 63.732052 0.000000
      vertex 1.482362 63.931850 26.600000
      vertex 1.482362 63.931850 0.000000
    endloop
  endfacet
  facet normal -0.130528 0.991445 0.000000
    outer loop
      vertex 1.482362 63.931850 0.000000
      vertex 2.000000 64.000000 26.600000
      vertex 2.000000 64.000000 0.000000
    endloop
  endfacet
  facet normal -0.991445 0.130526 0.000000
    outer loop
      vertex 0.000000 62.000000 0.000000
      vertex 0.000000 62.000000 26.600000
      vertex 0.068148 62.517639 26.600000
    endloop
  endfacet
  facet normal -0.923879 0.382684 0.000000
    outer loop
      vertex 0.068148 62.517639 0.000000
      vertex 0.068148 62.517639 26.600000
      vertex 0.267949 63.000000 26.600000
    endloop
  endfacet
  facet normal -0.793354 0.608760 0.000000
    outer loop
      vertex 0.267949 63.000000 0.000000
      vertex 0.267949 63.000000 26.600000
      vertex 0.585786 63.414215 26.600000
    endloop
  endfacet
  facet normal -0.608761 0.793354 0.000000
    outer loop
      vertex 0.585786 63.414215 0.000000
      vertex 0.585786 63.414215 26.600000
      vertex 1.000000 63.732052 26.600000
    endloop
  endfacet
  facet normal -0.382680 0.923881 0.000000
    outer loop
      vertex 1.000000 63.732052 0.000000
      vertex 1.000000 63.732052 26.600000
      vertex 1.482362 63.931850 26.600000
    endloop
  endfacet
  facet normal -0.130528 0.991445 0.000000
    outer loop
      vertex 1.482362 63.931850 0.000000
      vertex 1.482362 63.931850 26.600000
      vertex 2.000000 64.000000 26.600000
    endloop
  endfacet
  facet normal 0.000000 0.000000 1.000000
    outer loop
      vertex 2.000000 60.709679 26.600000
      vertex 0.068148 62.517639 26.600000
      vertex 0.000000 62.000000 26.600000
    endloop
  endfacet
  facet normal 0.000000 0.000000 1.000000
    outer loop
      vertex 2.000000 60.709679 26.600000
      vertex 0.267949 63.000000 26.600000
      vertex 0.068148 62.517639 26.600000
    endloop
  endfacet
  facet normal 0.000000 0.000000 1.000000
    outer loop
      vertex 2.000000 60.709679 26.600000
      vertex 0.585786 63.414215 26.600000
      vertex 0.267949 63.000000 26.600000
    endloop
  endfacet
  facet normal 0.000000 0.000000 1.000000
    outer loop
      vertex 2.000000 60.709679 26.600000
      vertex 1.000000 63.732052 26.600000
      vertex 0.585786 63.414215 26.600000
    endloop
  endfacet
  facet normal 0.000000 0.000000 1.000000
    outer loop
      vertex 2.000000 60.709679 26.600000
      vertex 2.000000 62.000000 26.600000
      vertex 1.482362 63.931850 26.600000
    endloop
  endfacet
  facet normal 0.000000 0.000000 1.000000
    outer loop
      vertex 2.000000 60.709679 26.600000
      vertex 1.482362 63.931850 26.600000
      vertex 1.000000 63.732052 26.600000
    endloop
  endfacet
  facet normal 0.000000 0.000000 1.000000
    outer loop
      vertex 2.000000 62.000000 26.600000
      vertex 2.000000 64.000000 26.600000
      vertex 1.482362 63.931850 26.600000
    endloop
  endfacet
  facet normal 0.000000 0.000000 -1.000000
    outer loop
      vertex 91.000000 62.000000 0.000000
      vertex 91.000000 64.000000 0.000000
      vertex 91.517639 63.931850 0.000000
    endloop
  endfacet
  facet normal 0.000000 0.000000 -1.000000
    outer loop
      vertex 91.000000 62.000000 0.000000
      vertex 91.517639 63.931850 0.000000
      vertex 92.000000 63.732052 0.000000
    endloop
  endfacet
  facet normal 0.000000 0.000000 -1.000000
    outer loop
      vertex 91.000000 62.000000 0.000000
      vertex 92.732048 63.000000 0.000000
      vertex 92.931854 62.517639 0.000000
    endloop
  endfacet
  facet normal 0.000000 0.000000 -1.000000
    outer loop
      vertex 91.000000 62.000000 0.000000
      vertex 92.414215 63.414215 0.000000
      vertex 92.732048 63.000000 0.000000
    endloop
  endfacet
  facet normal 0.000000 0.000000 -1.000000
    outer loop
      vertex 91.000000 62.000000 0.000000
      vertex 92.931854 62.517639 0.000000
      vertex 93.000000 62.000000 0.000000
    endloop
  endfacet
  facet normal 0.000000 0.000000 -1.000000
    outer loop
      vertex 91.000000 62.000000 0.000000
      vertex 92.000000 63.732052 0.000000
      vertex 92.414215 63.414215 0.000000
    endloop
  endfacet
  facet normal 0.130528 0.991445 0.000000
    outer loop
      vertex 91.000000 64.000000 0.000000
      vertex 91.517639 63.931850 26.600000
      vertex 91.517639 63.931850 0.000000
    endloop
  endfacet
  facet normal 0.991446 0.130521 0.000000
    outer loop
      vertex 93.000000 62.000000 0.000000
      vertex 92.931854 62.517639 0.000000
      vertex 93.000000 62.000000 26.600000
    endloop
  endfacet
  facet normal 0.923876 0.382693 0.000000
    outer loop
      vertex 92.931854 62.517639 0.000000
      vertex 92.732048 63.000000 0.000000
      vertex 92.931854 62.517639 26.600000
    endloop
  endfacet
  facet normal 0.382680 0.923881 0.000000
    outer loop
      vertex 91.517639 63.931850 0.000000
      vertex 92.000000 63.732052 26.600000
      vertex 92.000000 63.732052 0.000000
    endloop
  endfacet
  facet normal 0.793358 0.608755 0.000000
    outer loop
      vertex 92.414215 63.414215 0.000000
      vertex 92.732048 63.000000 26.600000
      vertex 92.732048 63.000000 0.000000
    endloop
  endfacet
  facet normal 0.608759 0.793355 0.000000
    outer loop
      vertex 92.000000 63.732052 0.000000
      vertex 92.414215 63.414215 26.600000
      vertex 92.414215 63.414215 0.000000
    endloop
  endfacet
  facet normal 0.130528 0.991445 0.000000
    outer loop
      vertex 91.000000 64.000000 0.000000
      vertex 91.000000 64.000000 26.600000
      vertex 91.517639 63.931850 26.600000
    endloop
  endfacet
  facet normal 0.991446 0.130521 0.000000
    outer loop
      vertex 92.931854 62.517639 0.000000
      vertex 92.931854 62.517639 26.600000
      vertex 93.000000 62.000000 26.600000
    endloop
  endfacet
  facet normal 0.923876 0.382693 0.000000
    outer loop
      vertex 92.732048 63.000000 0.000000
      vertex 92.732048 63.000000 26.600000
      vertex 92.931854 62.517639 26.600000
    endloop
  endfacet
  facet normal 0.382680 0.923881 0.000000
    outer loop
      vertex 91.517639 63.931850 0.000000
      vertex 91.517639 63.931850 26.600000
      vertex 92.000000 63.732052 26.600000
    endloop
  endfacet
  facet normal 0.608759 0.793355 0.000000
    outer loop
      vertex 92.000000 63.732052 0.000000
      vertex 92.000000 63.732052 26.600000
      vertex 92.414215 63.414215 26.600000
    endloop
  endfacet
  facet normal 0.793358 0.608755 0.000000
    outer loop
      vertex 92.414215 63.414215 0.000000
      vertex 92.414215 63.414215 26.600000
      vertex 92.732048 63.000000 26.600000
    endloop
  endfacet
  facet normal 0.000000 0.000000 1.000000
    outer loop
      vertex 91.000000 62.000000 26.600000
      vertex 91.517639 63.931850 26.600000
      vertex 91.000000 64.000000 26.600000
    endloop
  endfacet
  facet normal 0.000000 0.000000 1.000000
    outer loop
      vertex 91.000000 62.000000 26.600000
      vertex 93.000000 62.000000 26.600000
      vertex 91.517639 63.931850 26.600000
    endloop
  endfacet
  facet normal 0.000000 0.000000 1.000000
    outer loop
      vertex 93.000000 62.000000 26.600000
      vertex 92.931854 62.517639 26.600000
      vertex 92.732048 63.000000 26.600000
    endloop
  endfacet
  facet normal 0.000000 0.000000 1.000000
    outer loop
      vertex 93.000000 62.000000 26.600000
      vertex 92.732048 63.000000 26.600000
      vertex 92.414215 63.414215 26.600000
    endloop
  endfacet
  facet normal 0.000000 0.000000 1.000000
    outer loop
      vertex 91.517639 63.931850 26.600000
      vertex 93.000000 62.000000 26.600000
      vertex 92.000000 63.732052 26.600000
    endloop
  endfacet
  facet normal 0.000000 0.000000 1.000000
    outer loop
      vertex 93.000000 62.000000 26.600000
      vertex 92.414215 63.414215 26.600000
      vertex 92.000000 63.732052 26.600000
    endloop
  endfacet
  facet normal 0.000000 0.000000 1.000000
    outer loop
      vertex 2.000000 2.000000 2.000000
      vertex 5.421326 6.111074 2.000000
      vertex 5.190301 6.543292 2.000000
    endloop
  endfacet
  facet normal 0.000000 0.000000 1.000000
    outer loop
      vertex 2.000000 2.000000 2.000000
      vertex 5.190301 6.543292 2.000000
      vertex 5.048037 7.012274 2.000000
    endloop
  endfacet
  facet normal 0.000000 0.000000 1.000000
    outer loop
      vertex 2.000000 2.000000 2.000000
      vertex 5.048037 7.012274 2.000000
      vertex 5.000000 7.500000 2.000000
    endloop
  endfacet
  facet normal 0.000000 0.000000 1.000000
    outer loop
      vertex 2.000000 2.000000 2.000000
      vertex 5.000000 7.500000 2.000000
      vertex 5.048037 7.987726 2.000000
    endloop
  endfacet
  facet normal 0.000000 0.000000 1.000000
    outer loop
      vertex 2.000000 2.000000 2.000000
      vertex 6.111074 5.421326 2.000000
      vertex 5.732233 5.732233 2.000000
    endloop
  endfacet
  facet normal 0.000000 0.000000 1.000000
    outer loop
      vertex 2.000000 2.000000 2.000000
      vertex 6.543292 5.190301 2.000000
      vertex 6.111074 5.421326 2.000000
    endloop
  endfacet
  facet normal 0.000000 0.000000 1.000000
    outer loop
      vertex 2.000000 2.000000 2.000000
      vertex 5.732233 5.732233 2.000000
      vertex 5.421326 6.111074 2.000000
    endloop
  endfacet
  facet normal 0.000000 0.000000 1.000000
    outer loop
      vertex 2.000000 2.000000 2.000000
      vertex 7.012274 5.048037 2.000000
      vertex 6.543292 5.190301 2.000000
    endloop
  endfacet
  facet normal 0.000000 0.000000 1.000000
    outer loop
      vertex 2.000000 2.000000 2.000000
      vertex 7.500000 5.000000 2.000000
      vertex 7.012274 5.048037 2.000000
    endloop
  endfacet
  facet normal 0.000000 0.000000 1.000000
    outer loop
      vertex 2.000000 2.000000 2.000000
      vertex 5.048037 7.987726 2.000000
      vertex 5.190301 8.456709 2.000000
    endloop
  endfacet
  facet normal 0.000000 1.000000 0.000000
    outer loop
      vertex 2.000000 2.000000 2.000000
      vertex 10.000000 2.000000 6.100000
      vertex 19.000000 2.000000 6.100000
    endloop
  endfacet
  facet normal 0.000000 1.000000 0.000000
    outer loop
      vertex 2.000000 2.000000 2.000000
      vertex 10.000000 2.000000 10.300000
      vertex 10.000000 2.000000 6.100000
    endloop
  endfacet
  facet normal 0.000000 1.000000 0.000000
    outer loop
      vertex 2.000000 2.000000 2.000000
      vertex 19.000000 2.000000 6.100000
      vertex 28.500000 2.000000 4.500000
    endloop
  endfacet
  facet normal 0.000000 1.000000 0.000000
    outer loop
      vertex 2.000000 2.000000 2.000000
      vertex 2.000000 2.000000 26.600000
      vertex 10.000000 2.000000 10.300000
    endloop
  endfacet
  facet normal 0.000000 1.000000 0.000000
    outer loop
      vertex 19.000000 2.000000 6.100000
      vertex 19.000000 2.000000 10.300000
      vertex 28.500000 2.000000 4.500000
    endloop
  endfacet
  facet normal 1.000000 0.000000 0.000000
    outer loop
      vertex 2.000000 2.000000 2.000000
      vertex 2.000000 38.700001 2.300000
      vertex 2.000000 25.299999 2.300000
    endloop
  endfacet
  facet normal 0.000000 0.000000 1.000000
    outer loop
      vertex 2.000000 2.000000 2.000000
      vertex 5.190301 8.456709 2.000000
      vertex 7.500000 54.000000 2.000000
    endloop
  endfacet
  facet normal 0.000000 0.000000 1.000000
    outer loop
      vertex 5.190301 8.456709 2.000000
      vertex 5.421326 8.888926 2.000000
      vertex 7.500000 54.000000 2.000000
    endloop
  endfacet
  facet normal 1.000000 0.000000 0.000000
    outer loop
      vertex 2.000000 2.000000 2.000000
      vertex 2.000000 25.299999 2.300000
      vertex 2.000000 25.299999 5.700000
    endloop
  endfacet
  facet normal 0.000000 0.000000 1.000000
    outer loop
      vertex 5.421326 8.888926 2.000000
      vertex 5.732233 9.267767 2.000000
      vertex 7.500000 54.000000 2.000000
    endloop
  endfacet
  facet normal 0.000000 0.000000 1.000000
    outer loop
      vertex 5.732233 9.267767 2.000000
      vertex 6.111074 9.578674 2.000000
      vertex 7.500000 54.000000 2.000000
    endloop
  endfacet
  facet normal 0.000000 0.000000 1.000000
    outer loop
      vertex 6.111074 9.578674 2.000000
      vertex 6.543292 9.809699 2.000000
      vertex 7.500000 54.000000 2.000000
    endloop
  endfacet
  facet normal 0.000000 0.000000 1.000000
    outer loop
      vertex 6.543292 9.809699 2.000000
      vertex 7.012274 9.951963 2.000000
      vertex 7.500000 54.000000 2.000000
    endloop
  endfacet
  facet normal 0.000000 0.000000 1.000000
    outer loop
      vertex 7.012274 9.951963 2.000000
      vertex 7.500000 10.000000 2.000000
      vertex 7.500000 54.000000 2.000000
    endloop
  endfacet
  facet normal 0.000000 0.000000 1.000000
    outer loop
      vertex 7.987726 9.951963 2.000000
      vertex 7.500000 54.000000 2.000000
      vertex 7.500000 10.000000 2.000000
    endloop
  endfacet
  facet normal 0.000000 0.000000 1.000000
    outer loop
      vertex 7.987726 9.951963 2.000000
      vertex 8.456709 9.809699 2.000000
      vertex 7.500000 54.000000 2.000000
    endloop
  endfacet
  facet normal 1.000000 0.000000 0.000000
    outer loop
      vertex 2.000000 2.000000 2.000000
      vertex 2.000000 25.299999 5.700000
      vertex 2.000000 60.709679 26.600000
    endloop
  endfacet
  facet normal 0.000000 0.000000 1.000000
    outer loop
      vertex 8.456709 5.190301 2.000000
      vertex 64.543289 5.190301 2.000000
      vertex 8.888926 5.421326 2.000000
    endloop
  endfacet
  facet normal 0.000000 0.000000 1.000000
    outer loop
      vertex 8.888926 5.421326 2.000000
      vertex 64.111076 5.421326 2.000000
      vertex 9.267767 5.732233 2.000000
    endloop
  endfacet
  facet normal 0.000000 0.000000 1.000000
    outer loop
      vertex 9.267767 5.732233 2.000000
      vertex 63.732231 5.732233 2.000000
      vertex 9.578674 6.111074 2.000000
    endloop
  endfacet
  facet normal 0.000000 0.000000 1.000000
    outer loop
      vertex 9.578674 6.111074 2.000000
      vertex 63.421326 6.111074 2.000000
      vertex 9.809699 6.543292 2.000000
    endloop
  endfacet
  facet normal 0.000000 0.000000 1.000000
    outer loop
      vertex 9.809699 6.543292 2.000000
      vertex 63.190300 6.543292 2.000000
      vertex 9.951963 7.012274 2.000000
    endloop
  endfacet
  facet normal 0.000000 0.000000 1.000000
    outer loop
      vertex 9.951963 7.012274 2.000000
      vertex 63.048038 7.012274 2.000000
      vertex 10.000000 7.500000 2.000000
    endloop
  endfacet
  facet normal 0.000000 0.000000 1.000000
    outer loop
      vertex 10.000000 7.500000 2.000000
      vertex 63.000000 7.500000 2.000000
      vertex 9.951963 7.987726 2.000000
    endloop
  endfacet
  facet normal 0.000000 0.000000 1.000000
    outer loop
      vertex 2.000000 2.000000 2.000000
      vertex 91.000000 2.000000 2.000000
      vertex 7.500000 5.000000 2.000000
    endloop
  endfacet
  facet normal 0.000000 1.000000 0.000000
    outer loop
      vertex 2.000000 2.000000 2.000000
      vertex 28.500000 2.000000 4.500000
      vertex 44.500000 2.000000 4.500000
    endloop
  endfacet
  facet normal 0.000000 0.000000 1.000000
    outer loop
      vertex 9.951963 7.987726 2.000000
      vertex 63.048038 7.987726 2.000000
      vertex 9.809699 8.456709 2.000000
    endloop
  endfacet
  facet normal 0.000000 0.000000 1.000000
    outer loop
      vertex 9.809699 8.456709 2.000000
      vertex 63.190300 8.456709 2.000000
      vertex 9.578674 8.888926 2.000000
    endloop
  endfacet
  facet normal 0.000000 0.000000 1.000000
    outer loop
      vertex 9.578674 8.888926 2.000000
      vertex 63.421326 8.888926 2.000000
      vertex 9.267767 9.267767 2.000000
    endloop
  endfacet
  facet normal 0.000000 0.000000 1.000000
    outer loop
      vertex 9.267767 9.267767 2.000000
      vertex 63.732231 9.267767 2.000000
      vertex 8.888926 9.578674 2.000000
    endloop
  endfacet
  facet normal 0.000000 0.000000 1.000000
    outer loop
      vertex 8.456709 9.809699 2.000000
      vertex 8.888926 9.578674 2.000000
      vertex 64.111076 9.578674 2.000000
    endloop
  endfacet
  facet normal 0.000000 0.000000 1.000000
    outer loop
      vertex 7.500000 5.000000 2.000000
      vertex 91.000000 2.000000 2.000000
      vertex 7.987726 5.048037 2.000000
    endloop
  endfacet
  facet normal 0.000000 0.000000 1.000000
    outer loop
      vertex 7.987726 5.048037 2.000000
      vertex 91.000000 2.000000 2.000000
      vertex 8.456709 5.190301 2.000000
    endloop
  endfacet
  facet normal 0.000000 1.000000 0.000000
    outer loop
      vertex 2.000000 2.000000 2.000000
      vertex 44.500000 2.000000 4.500000
      vertex 91.000000 2.000000 2.000000
    endloop
  endfacet
  facet normal 0.000000 0.000000 1.000000
    outer loop
      vertex 9.267767 5.732233 2.000000
      vertex 64.111076 5.421326 2.000000
      vertex 63.732231 5.732233 2.000000
    endloop
  endfacet
  facet normal 0.000000 0.000000 1.000000
    outer loop
      vertex 9.578674 6.111074 2.000000
      vertex 63.732231 5.732233 2.000000
      vertex 63.421326 6.111074 2.000000
    endloop
  endfacet
  facet normal 0.000000 0.000000 1.000000
    outer loop
      vertex 8.456709 5.190301 2.000000
      vertex 65.012276 5.048037 2.000000
      vertex 64.543289 5.190301 2.000000
    endloop
  endfacet
  facet normal 0.000000 0.000000 1.000000
    outer loop
      vertex 8.888926 5.421326 2.000000
      vertex 64.543289 5.190301 2.000000
      vertex 64.111076 5.421326 2.000000
    endloop
  endfacet
  facet normal 0.000000 0.000000 1.000000
    outer loop
      vertex 9.809699 6.543292 2.000000
      vertex 63.421326 6.111074 2.000000
      vertex 63.190300 6.543292 2.000000
    endloop
  endfacet
  facet normal 0.000000 0.000000 1.000000
    outer loop
      vertex 9.951963 7.012274 2.000000
      vertex 63.190300 6.543292 2.000000
      vertex 63.048038 7.012274 2.000000
    endloop
  endfacet
  facet normal 0.000000 0.000000 1.000000
    outer loop
      vertex 10.000000 7.500000 2.000000
      vertex 63.048038 7.012274 2.000000
      vertex 63.000000 7.500000 2.000000
    endloop
  endfacet
  facet normal 0.000000 0.000000 1.000000
    outer loop
      vertex 9.951963 7.987726 2.000000
      vertex 63.000000 7.500000 2.000000
      vertex 63.048038 7.987726 2.000000
    endloop
  endfacet
  facet normal 0.000000 0.000000 1.000000
    outer loop
      vertex 9.809699 8.456709 2.000000
      vertex 63.048038 7.987726 2.000000
      vertex 63.190300 8.456709 2.000000
    endloop
  endfacet
  facet normal 0.000000 0.000000 1.000000
    outer loop
      vertex 9.578674 8.888926 2.000000
      vertex 63.190300 8.456709 2.000000
      vertex 63.421326 8.888926 2.000000
    endloop
  endfacet
  facet normal 0.000000 0.000000 1.000000
    outer loop
      vertex 9.267767 9.267767 2.000000
      vertex 63.421326 8.888926 2.000000
      vertex 63.732231 9.267767 2.000000
    endloop
  endfacet
  facet normal 0.000000 0.000000 1.000000
    outer loop
      vertex 8.888926 9.578674 2.000000
      vertex 63.732231 9.267767 2.000000
      vertex 64.111076 9.578674 2.000000
    endloop
  endfacet
  facet normal 0.000000 0.000000 1.000000
    outer loop
      vertex 8.456709 9.809699 2.000000
      vertex 64.111076 9.578674 2.000000
      vertex 64.543289 9.809699 2.000000
    endloop
  endfacet
  facet normal 0.000000 1.000000 0.000000
    outer loop
      vertex 19.000000 2.000000 10.300000
      vertex 28.500000 2.000000 12.500000
      vertex 28.500000 2.000000 4.500000
    endloop
  endfacet
  facet normal 0.000000 0.000000 1.000000
    outer loop
      vertex 8.456709 9.809699 2.000000
      vertex 64.543289 9.809699 2.000000
      vertex 7.500000 54.000000 2.000000
    endloop
  endfacet
  facet normal 0.000000 0.000000 1.000000
    outer loop
      vertex 7.500000 54.000000 2.000000
      vertex 64.543289 9.809699 2.000000
      vertex 65.012276 9.951963 2.000000
    endloop
  endfacet
  facet normal 0.000000 0.000000 1.000000
    outer loop
      vertex 7.500000 54.000000 2.000000
      vertex 65.012276 9.951963 2.000000
      vertex 65.500000 10.000000 2.000000
    endloop
  endfacet
  facet normal 0.000000 0.000000 1.000000
    outer loop
      vertex 7.500000 54.000000 2.000000
      vertex 65.500000 10.000000 2.000000
      vertex 65.987724 9.951963 2.000000
    endloop
  endfacet
  facet normal 0.000000 1.000000 0.000000
    outer loop
      vertex 2.000000 2.000000 26.600000
      vertex 19.000000 2.000000 10.300000
      vertex 10.000000 2.000000 10.300000
    endloop
  endfacet
  facet normal 1.000000 0.000000 0.000000
    outer loop
      vertex 2.000000 2.000000 2.000000
      vertex 2.000000 12.000000 22.418182
      vertex 2.000000 2.000000 26.600000
    endloop
  endfacet
  facet normal 1.000000 0.000000 0.000000
    outer loop
      vertex 2.000000 2.000000 2.000000
      vertex 2.000000 18.000000 22.418182
      vertex 2.000000 12.000000 22.418182
    endloop
  endfacet
  facet normal 0.000000 1.000000 0.000000
    outer loop
      vertex 2.000000 2.000000 26.600000
      vertex 28.500000 2.000000 12.500000
      vertex 19.000000 2.000000 10.300000
    endloop
  endfacet
  facet normal 1.000000 0.000000 0.000000
    outer loop
      vertex 2.000000 2.000000 26.600000
      vertex 2.000000 12.000000 22.418182
      vertex 2.000000 12.000000 23.400000
    endloop
  endfacet
  facet normal 1.000000 0.000000 0.000000
    outer loop
      vertex 2.000000 2.000000 26.600000
      vertex 2.000000 12.000000 23.400000
      vertex 2.000000 12.000000 25.600000
    endloop
  endfacet
  facet normal 1.000000 0.000000 0.000000
    outer loop
      vertex 2.000000 2.000000 2.000000
      vertex 2.000000 60.709679 26.600000
      vertex 2.000000 18.000000 22.418182
    endloop
  endfacet
  facet normal 1.000000 0.000000 0.000000
    outer loop
      vertex 2.000000 2.000000 26.600000
      vertex 2.000000 12.000000 25.600000
      vertex 2.000000 60.709679 26.600000
    endloop
  endfacet
  facet normal 1.000000 0.000000 0.000000
    outer loop
      vertex 2.000000 60.709679 26.600000
      vertex 2.000000 12.000000 25.600000
      vertex 2.000000 18.000000 25.600000
    endloop
  endfacet
  facet normal 0.000000 1.000000 0.000000
    outer loop
      vertex 2.000000 2.000000 26.600000
      vertex 44.500000 2.000000 12.500000
      vertex 28.500000 2.000000 12.500000
    endloop
  endfacet
  facet normal 0.000000 1.000000 0.000000
    outer loop
      vertex 2.000000 2.000000 26.600000
      vertex 53.500000 2.000000 13.100000
      vertex 44.500000 2.000000 12.500000
    endloop
  endfacet
  facet normal 0.000000 1.000000 0.000000
    outer loop
      vertex 2.000000 2.000000 26.600000
      vertex 67.333344 2.000000 22.418182
      vertex 53.500000 2.000000 13.100000
    endloop
  endfacet
  facet normal 0.000000 1.000000 0.000000
    outer loop
      vertex 2.000000 2.000000 26.600000
      vertex 67.333336 2.000000 22.799999
      vertex 67.333344 2.000000 22.418182
    endloop
  endfacet
  facet normal 0.000000 1.000000 0.000000
    outer loop
      vertex 2.000000 2.000000 26.600000
      vertex 67.333336 2.000000 25.600000
      vertex 67.333336 2.000000 22.799999
    endloop
  endfacet
  facet normal 1.000000 0.000000 0.000000
    outer loop
      vertex 2.000000 2.000000 2.000000
      vertex 2.000000 62.000000 2.000000
      vertex 2.000000 38.700001 2.300000
    endloop
  endfacet
  facet normal 0.000000 0.000000 1.000000
    outer loop
      vertex 2.000000 2.000000 2.000000
      vertex 5.421326 55.111073 2.000000
      vertex 5.190301 55.543293 2.000000
    endloop
  endfacet
  facet normal 0.000000 0.000000 1.000000
    outer loop
      vertex 2.000000 2.000000 2.000000
      vertex 5.190301 55.543293 2.000000
      vertex 5.048037 56.012276 2.000000
    endloop
  endfacet
  facet normal 0.000000 0.000000 1.000000
    outer loop
      vertex 2.000000 2.000000 2.000000
      vertex 6.543292 54.190300 2.000000
      vertex 6.111074 54.421326 2.000000
    endloop
  endfacet
  facet normal 0.000000 0.000000 1.000000
    outer loop
      vertex 2.000000 2.000000 2.000000
      vertex 7.012274 54.048038 2.000000
      vertex 6.543292 54.190300 2.000000
    endloop
  endfacet
  facet normal 0.000000 0.000000 1.000000
    outer loop
      vertex 2.000000 2.000000 2.000000
      vertex 7.500000 54.000000 2.000000
      vertex 7.012274 54.048038 2.000000
    endloop
  endfacet
  facet normal 0.000000 0.000000 1.000000
    outer loop
      vertex 2.000000 2.000000 2.000000
      vertex 6.111074 54.421326 2.000000
      vertex 5.732233 54.732231 2.000000
    endloop
  endfacet
  facet normal 0.000000 0.000000 1.000000
    outer loop
      vertex 2.000000 2.000000 2.000000
      vertex 5.732233 54.732231 2.000000
      vertex 5.421326 55.111073 2.000000
    endloop
  endfacet
  facet normal 0.000000 0.000000 1.000000
    outer loop
      vertex 2.000000 2.000000 2.000000
      vertex 5.048037 56.012276 2.000000
      vertex 5.000000 56.500000 2.000000
    endloop
  endfacet
  facet normal 0.000000 0.000000 1.000000
    outer loop
      vertex 2.000000 2.000000 2.000000
      vertex 5.000000 56.500000 2.000000
      vertex 2.000000 62.000000 2.000000
    endloop
  endfacet
  facet normal 1.000000 0.000000 0.000000
    outer loop
      vertex 2.000000 62.000000 2.000000
      vertex 2.000000 38.700001 5.700000
      vertex 2.000000 38.700001 2.300000
    endloop
  endfacet
  facet normal 1.000000 0.000000 0.000000
    outer loop
      vertex 2.000000 60.709679 26.600000
      vertex 2.000000 25.299999 5.700000
      vertex 2.000000 38.700001 5.700000
    endloop
  endfacet
  facet normal 0.000000 0.000000 1.000000
    outer loop
      vertex 5.000000 56.500000 2.000000
      vertex 5.048037 56.987724 2.000000
      vertex 2.000000 62.000000 2.000000
    endloop
  endfacet
  facet normal 0.000000 0.000000 1.000000
    outer loop
      vertex 5.048037 56.987724 2.000000
      vertex 5.190301 57.456707 2.000000
      vertex 2.000000 62.000000 2.000000
    endloop
  endfacet
  facet normal 0.000000 0.000000 1.000000
    outer loop
      vertex 5.190301 57.456707 2.000000
      vertex 5.421326 57.888927 2.000000
      vertex 2.000000 62.000000 2.000000
    endloop
  endfacet
  facet normal 0.000000 0.000000 1.000000
    outer loop
      vertex 5.421326 57.888927 2.000000
      vertex 5.732233 58.267769 2.000000
      vertex 2.000000 62.000000 2.000000
    endloop
  endfacet
  facet normal 0.000000 0.000000 1.000000
    outer loop
      vertex 5.732233 58.267769 2.000000
      vertex 6.111074 58.578674 2.000000
      vertex 2.000000 62.000000 2.000000
    endloop
  endfacet
  facet normal 0.000000 0.000000 1.000000
    outer loop
      vertex 2.000000 62.000000 2.000000
      vertex 6.111074 58.578674 2.000000
      vertex 6.543292 58.809700 2.000000
    endloop
  endfacet
  facet normal 0.000000 0.000000 1.000000
    outer loop
      vertex 2.000000 62.000000 2.000000
      vertex 6.543292 58.809700 2.000000
      vertex 7.012274 58.951962 2.000000
    endloop
  endfacet
  facet normal 0.000000 0.000000 1.000000
    outer loop
      vertex 2.000000 62.000000 2.000000
      vertex 7.012274 58.951962 2.000000
      vertex 7.500000 59.000000 2.000000
    endloop
  endfacet
  facet normal 1.000000 0.000000 0.000000
    outer loop
      vertex 2.000000 62.000000 2.000000
      vertex 2.000000 60.709679 26.600000
      vertex 2.000000 38.700001 5.700000
    endloop
  endfacet
  facet normal 0.000000 0.000000 1.000000
    outer loop
      vertex 7.500000 54.000000 2.000000
      vertex 91.000000 2.000000 2.000000
      vertex 7.987726 54.048038 2.000000
    endloop
  endfacet
  facet normal 0.000000 0.000000 1.000000
    outer loop
      vertex 7.987726 54.048038 2.000000
      vertex 91.000000 2.000000 2.000000
      vertex 8.456709 54.190300 2.000000
    endloop
  endfacet
  facet normal 0.000000 0.000000 1.000000
    outer loop
      vertex 8.456709 54.190300 2.000000
      vertex 91.000000 2.000000 2.000000
      vertex 8.888926 54.421326 2.000000
    endloop
  endfacet
  facet normal 0.000000 0.000000 1.000000
    outer loop
      vertex 8.888926 54.421326 2.000000
      vertex 91.000000 2.000000 2.000000
      vertex 9.267767 54.732231 2.000000
    endloop
  endfacet
  facet normal 0.000000 0.000000 1.000000
    outer loop
      vertex 9.267767 54.732231 2.000000
      vertex 91.000000 2.000000 2.000000
      vertex 9.578674 55.111073 2.000000
    endloop
  endfacet
  facet normal 0.000000 0.000000 1.000000
    outer loop
      vertex 9.578674 55.111073 2.000000
      vertex 91.000000 2.000000 2.000000
      vertex 9.809699 55.543293 2.000000
    endloop
  endfacet
  facet normal 0.000000 0.000000 1.000000
    outer loop
      vertex 9.809699 55.543293 2.000000
      vertex 91.000000 2.000000 2.000000
      vertex 9.951963 56.012276 2.000000
    endloop
  endfacet
  facet normal 0.000000 0.000000 1.000000
    outer loop
      vertex 9.951963 56.012276 2.000000
      vertex 91.000000 2.000000 2.000000
      vertex 10.000000 56.500000 2.000000
    endloop
  endfacet
  facet normal 0.000000 0.000000 1.000000
    outer loop
      vertex 10.000000 56.500000 2.000000
      vertex 91.000000 2.000000 2.000000
      vertex 9.951963 56.987724 2.000000
    endloop
  endfacet
  facet normal 0.000000 0.000000 1.000000
    outer loop
      vertex 9.951963 56.987724 2.000000
      vertex 63.048038 56.987724 2.000000
      vertex 9.809699 57.456707 2.000000
    endloop
  endfacet
  facet normal 0.000000 0.000000 1.000000
    outer loop
      vertex 9.809699 57.456707 2.000000
      vertex 63.190300 57.456707 2.000000
      vertex 9.578674 57.888927 2.000000
    endloop
  endfacet
  facet normal 0.000000 0.000000 1.000000
    outer loop
      vertex 9.578674 57.888927 2.000000
      vertex 63.421326 57.888927 2.000000
      vertex 9.267767 58.267769 2.000000
    endloop
  endfacet
  facet normal 0.000000 0.000000 1.000000
    outer loop
      vertex 9.267767 58.267769 2.000000
      vertex 63.732231 58.267769 2.000000
      vertex 8.888926 58.578674 2.000000
    endloop
  endfacet
  facet normal 0.000000 0.000000 1.000000
    outer loop
      vertex 2.000000 62.000000 2.000000
      vertex 7.500000 59.000000 2.000000
      vertex 91.000000 62.000000 2.000000
    endloop
  endfacet
  facet normal 0.000000 0.000000 1.000000
    outer loop
      vertex 9.951963 56.987724 2.000000
      vertex 63.732231 54.732231 2.000000
      vertex 63.421326 55.111073 2.000000
    endloop
  endfacet
  facet normal 0.000000 0.000000 1.000000
    outer loop
      vertex 9.951963 56.987724 2.000000
      vertex 63.421326 55.111073 2.000000
      vertex 63.190300 55.543293 2.000000
    endloop
  endfacet
  facet normal 0.000000 0.000000 1.000000
    outer loop
      vertex 9.951963 56.987724 2.000000
      vertex 64.111076 54.421326 2.000000
      vertex 63.732231 54.732231 2.000000
    endloop
  endfacet
  facet normal 0.000000 0.000000 1.000000
    outer loop
      vertex 9.951963 56.987724 2.000000
      vertex 64.543289 54.190300 2.000000
      vertex 64.111076 54.421326 2.000000
    endloop
  endfacet
  facet normal 0.000000 0.000000 1.000000
    outer loop
      vertex 7.987726 58.951962 2.000000
      vertex 91.000000 62.000000 2.000000
      vertex 7.500000 59.000000 2.000000
    endloop
  endfacet
  facet normal 0.000000 0.000000 1.000000
    outer loop
      vertex 7.987726 58.951962 2.000000
      vertex 8.456709 58.809700 2.000000
      vertex 91.000000 62.000000 2.000000
    endloop
  endfacet
  facet normal 0.000000 0.000000 1.000000
    outer loop
      vertex 8.456709 58.809700 2.000000
      vertex 8.888926 58.578674 2.000000
      vertex 91.000000 62.000000 2.000000
    endloop
  endfacet
  facet normal 0.000000 0.000000 1.000000
    outer loop
      vertex 9.951963 56.987724 2.000000
      vertex 63.190300 55.543293 2.000000
      vertex 63.048038 56.012276 2.000000
    endloop
  endfacet
  facet normal 0.000000 0.000000 1.000000
    outer loop
      vertex 9.951963 56.987724 2.000000
      vertex 63.048038 56.012276 2.000000
      vertex 63.000000 56.500000 2.000000
    endloop
  endfacet
  facet normal 0.000000 0.000000 1.000000
    outer loop
      vertex 9.951963 56.987724 2.000000
      vertex 63.000000 56.500000 2.000000
      vertex 63.048038 56.987724 2.000000
    endloop
  endfacet
  facet normal 0.000000 0.000000 1.000000
    outer loop
      vertex 9.809699 57.456707 2.000000
      vertex 63.048038 56.987724 2.000000
      vertex 63.190300 57.456707 2.000000
    endloop
  endfacet
  facet normal 0.000000 0.000000 1.000000
    outer loop
      vertex 9.578674 57.888927 2.000000
      vertex 63.190300 57.456707 2.000000
      vertex 63.421326 57.888927 2.000000
    endloop
  endfacet
  facet normal 0.000000 0.000000 1.000000
    outer loop
      vertex 9.267767 58.267769 2.000000
      vertex 63.421326 57.888927 2.000000
      vertex 63.732231 58.267769 2.000000
    endloop
  endfacet
  facet normal 0.000000 0.000000 1.000000
    outer loop
      vertex 8.888926 58.578674 2.000000
      vertex 63.732231 58.267769 2.000000
      vertex 64.111076 58.578674 2.000000
    endloop
  endfacet
  facet normal 0.000000 0.000000 1.000000
    outer loop
      vertex 8.888926 58.578674 2.000000
      vertex 64.111076 58.578674 2.000000
      vertex 64.543289 58.809700 2.000000
    endloop
  endfacet
  facet normal 0.000000 0.000000 1.000000
    outer loop
      vertex 8.888926 58.578674 2.000000
      vertex 64.543289 58.809700 2.000000
      vertex 65.012276 58.951962 2.000000
    endloop
  endfacet
  facet normal 1.000000 0.000000 0.000000
    outer loop
      vertex 2.000000 60.709679 26.600000
      vertex 2.000000 18.000000 23.400000
      vertex 2.000000 18.000000 22.418182
    endloop
  endfacet
  facet normal 1.000000 0.000000 0.000000
    outer loop
      vertex 2.000000 60.709679 26.600000
      vertex 2.000000 18.000000 25.600000
      vertex 2.000000 18.000000 23.400000
    endloop
  endfacet
  facet normal 1.000000 0.000000 0.000000
    outer loop
      vertex 2.000000 62.000000 2.000000
      vertex 2.000000 62.000000 26.600000
      vertex 2.000000 60.709679 26.600000
    endloop
  endfacet
  facet normal 0.000000 -1.000000 0.000000
    outer loop
      vertex 2.000000 62.000000 2.000000
      vertex 29.333334 62.000000 22.418182
      vertex 2.000000 62.000000 26.600000
    endloop
  endfacet
  facet normal 0.000000 -1.000000 0.000000
    outer loop
      vertex 2.000000 62.000000 2.000000
      vertex 35.333328 62.000000 22.418182
      vertex 29.333334 62.000000 22.418182
    endloop
  endfacet
  facet normal 0.000000 -1.000000 0.000000
    outer loop
      vertex 2.000000 62.000000 26.600000
      vertex 29.333334 62.000000 22.418182
      vertex 29.333330 62.000000 23.400000
    endloop
  endfacet
  facet normal 0.000000 -1.000000 0.000000
    outer loop
      vertex 2.000000 62.000000 26.600000
      vertex 29.333330 62.000000 23.400000
      vertex 29.333334 62.000000 25.600000
    endloop
  endfacet
  facet normal 0.000000 -1.000000 0.000000
    outer loop
      vertex 2.000000 62.000000 26.600000
      vertex 29.333334 62.000000 25.600000
      vertex 35.333332 62.000000 25.600000
    endloop
  endfacet
  facet normal 0.000000 -1.000000 0.000000
    outer loop
      vertex 2.000000 62.000000 2.000000
      vertex 57.666672 62.000000 22.418182
      vertex 35.333328 62.000000 22.418182
    endloop
  endfacet
  facet normal 0.000000 -1.000000 0.000000
    outer loop
      vertex 2.000000 62.000000 2.000000
      vertex 63.666672 62.000000 22.418182
      vertex 57.666672 62.000000 22.418182
    endloop
  endfacet
  facet normal 0.000000 -1.000000 0.000000
    outer loop
      vertex 29.333330 62.000000 23.400000
      vertex 29.333334 62.000000 23.400000
      vertex 29.333334 62.000000 25.600000
    endloop
  endfacet
  facet normal 0.000000 -1.000000 0.000000
    outer loop
      vertex 2.000000 62.000000 26.600000
      vertex 35.333332 62.000000 25.600000
      vertex 57.666668 62.000000 25.600000
    endloop
  endfacet
  facet normal 0.000000 -1.000000 0.000000
    outer loop
      vertex 35.333328 62.000000 22.418182
      vertex 35.333332 62.000000 22.799999
      vertex 35.333328 62.000000 22.799999
    endloop
  endfacet
  facet normal 0.000000 -1.000000 0.000000
    outer loop
      vertex 35.333328 62.000000 22.418182
      vertex 57.666668 62.000000 22.799999
      vertex 35.333332 62.000000 22.799999
    endloop
  endfacet
  facet normal 0.000000 -1.000000 0.000000
    outer loop
      vertex 35.333332 62.000000 25.600000
      vertex 35.333332 62.000000 22.799999
      vertex 57.666668 62.000000 25.600000
    endloop
  endfacet
  facet normal 0.000000 -1.000000 0.000000
    outer loop
      vertex 2.000000 62.000000 26.600000
      vertex 57.666668 62.000000 25.600000
      vertex 63.666668 62.000000 25.600000
    endloop
  endfacet
  facet normal 0.000000 0.000000 1.000000
    outer loop
      vertex 8.456709 5.190301 2.000000
      vertex 91.000000 2.000000 2.000000
      vertex 65.012276 5.048037 2.000000
    endloop
  endfacet
  facet normal 0.000000 1.000000 0.000000
    outer loop
      vertex 44.500000 2.000000 4.500000
      vertex 53.500000 2.000000 6.100000
      vertex 61.500000 2.000000 6.100000
    endloop
  endfacet
  facet normal 0.000000 1.000000 0.000000
    outer loop
      vertex 91.000000 2.000000 2.000000
      vertex 44.500000 2.000000 4.500000
      vertex 61.500000 2.000000 6.100000
    endloop
  endfacet
  facet normal 0.000000 1.000000 0.000000
    outer loop
      vertex 44.500000 2.000000 4.500000
      vertex 44.500000 2.000000 12.500000
      vertex 53.500000 2.000000 6.100000
    endloop
  endfacet
  facet normal 0.000000 1.000000 0.000000
    outer loop
      vertex 53.500000 2.000000 13.100000
      vertex 53.500000 2.000000 6.100000
      vertex 44.500000 2.000000 12.500000
    endloop
  endfacet
  facet normal 0.000000 0.000000 1.000000
    outer loop
      vertex 7.500000 54.000000 2.000000
      vertex 66.888924 9.578674 2.000000
      vertex 91.000000 2.000000 2.000000
    endloop
  endfacet
  facet normal 0.000000 0.000000 1.000000
    outer loop
      vertex 7.500000 54.000000 2.000000
      vertex 66.456711 9.809699 2.000000
      vertex 66.888924 9.578674 2.000000
    endloop
  endfacet
  facet normal 0.000000 0.000000 1.000000
    outer loop
      vertex 7.500000 54.000000 2.000000
      vertex 65.987724 9.951963 2.000000
      vertex 66.456711 9.809699 2.000000
    endloop
  endfacet
  facet normal 0.000000 0.000000 1.000000
    outer loop
      vertex 65.012276 5.048037 2.000000
      vertex 91.000000 2.000000 2.000000
      vertex 65.500000 5.000000 2.000000
    endloop
  endfacet
  facet normal 0.000000 0.000000 1.000000
    outer loop
      vertex 65.500000 5.000000 2.000000
      vertex 91.000000 2.000000 2.000000
      vertex 65.987724 5.048037 2.000000
    endloop
  endfacet
  facet normal 0.000000 0.000000 1.000000
    outer loop
      vertex 65.987724 5.048037 2.000000
      vertex 91.000000 2.000000 2.000000
      vertex 66.456711 5.190301 2.000000
    endloop
  endfacet
  facet normal 0.000000 0.000000 1.000000
    outer loop
      vertex 66.456711 5.190301 2.000000
      vertex 91.000000 2.000000 2.000000
      vertex 66.888924 5.421326 2.000000
    endloop
  endfacet
  facet normal 0.000000 0.000000 1.000000
    outer loop
      vertex 66.888924 5.421326 2.000000
      vertex 91.000000 2.000000 2.000000
      vertex 67.267769 5.732233 2.000000
    endloop
  endfacet
  facet normal 0.000000 0.000000 1.000000
    outer loop
      vertex 67.267769 5.732233 2.000000
      vertex 91.000000 2.000000 2.000000
      vertex 67.578674 6.111074 2.000000
    endloop
  endfacet
  facet normal 0.000000 0.000000 1.000000
    outer loop
      vertex 67.578674 6.111074 2.000000
      vertex 91.000000 2.000000 2.000000
      vertex 67.809700 6.543292 2.000000
    endloop
  endfacet
  facet normal 0.000000 0.000000 1.000000
    outer loop
      vertex 67.809700 8.456709 2.000000
      vertex 91.000000 2.000000 2.000000
      vertex 67.578674 8.888926 2.000000
    endloop
  endfacet
  facet normal 0.000000 0.000000 1.000000
    outer loop
      vertex 67.267769 9.267767 2.000000
      vertex 91.000000 2.000000 2.000000
      vertex 66.888924 9.578674 2.000000
    endloop
  endfacet
  facet normal 0.000000 0.000000 1.000000
    outer loop
      vertex 67.578674 8.888926 2.000000
      vertex 91.000000 2.000000 2.000000
      vertex 67.267769 9.267767 2.000000
    endloop
  endfacet
  facet normal 0.000000 0.000000 1.000000
    outer loop
      vertex 67.809700 6.543292 2.000000
      vertex 91.000000 2.000000 2.000000
      vertex 67.951965 7.012274 2.000000
    endloop
  endfacet
  facet normal 0.000000 0.000000 1.000000
    outer loop
      vertex 67.951965 7.012274 2.000000
      vertex 91.000000 2.000000 2.000000
      vertex 68.000000 7.500000 2.000000
    endloop
  endfacet
  facet normal 0.000000 0.000000 1.000000
    outer loop
      vertex 68.000000 7.500000 2.000000
      vertex 91.000000 2.000000 2.000000
      vertex 67.951965 7.987726 2.000000
    endloop
  endfacet
  facet normal 0.000000 0.000000 1.000000
    outer loop
      vertex 67.951965 7.987726 2.000000
      vertex 91.000000 2.000000 2.000000
      vertex 67.809700 8.456709 2.000000
    endloop
  endfacet
  facet normal -1.000000 0.000000 0.000000
    outer loop
      vertex 91.000000 2.000000 2.000000
      vertex 91.000000 5.500000 6.100000
      vertex 91.000000 22.500000 6.100000
    endloop
  endfacet
  facet normal 0.000000 1.000000 0.000000
    outer loop
      vertex 91.000000 2.000000 2.000000
      vertex 61.500000 2.000000 6.100000
      vertex 61.500000 2.000000 13.100000
    endloop
  endfacet
  facet normal 0.000000 1.000000 0.000000
    outer loop
      vertex 91.000000 2.000000 2.000000
      vertex 61.500000 2.000000 13.100000
      vertex 73.333344 2.000000 22.418182
    endloop
  endfacet
  facet normal -1.000000 0.000000 0.000000
    outer loop
      vertex 91.000000 2.000000 2.000000
      vertex 91.000000 5.500000 20.600000
      vertex 91.000000 5.500000 6.100000
    endloop
  endfacet
  facet normal -1.000000 0.000000 0.000000
    outer loop
      vertex 91.000000 2.000000 2.000000
      vertex 91.000000 22.500000 6.100000
      vertex 91.000000 37.000000 6.100000
    endloop
  endfacet
  facet normal -1.000000 0.000000 0.000000
    outer loop
      vertex 91.000000 2.000000 2.000000
      vertex 91.000000 37.000000 6.100000
      vertex 91.000000 39.500000 6.100000
    endloop
  endfacet
  facet normal 0.000000 1.000000 0.000000
    outer loop
      vertex 53.500000 2.000000 13.100000
      vertex 67.333344 2.000000 22.418182
      vertex 61.500000 2.000000 13.100000
    endloop
  endfacet
  facet normal 0.000000 1.000000 0.000000
    outer loop
      vertex 61.500000 2.000000 13.100000
      vertex 67.333344 2.000000 22.418182
      vertex 73.333344 2.000000 22.418182
    endloop
  endfacet
  facet normal 0.000000 1.000000 0.000000
    outer loop
      vertex 2.000000 2.000000 26.600000
      vertex 73.333336 2.000000 25.600000
      vertex 67.333336 2.000000 25.600000
    endloop
  endfacet
  facet normal 0.000000 1.000000 0.000000
    outer loop
      vertex 2.000000 2.000000 26.600000
      vertex 91.000000 2.000000 26.600000
      vertex 73.333336 2.000000 25.600000
    endloop
  endfacet
  facet normal 0.000000 1.000000 0.000000
    outer loop
      vertex 67.333336 2.000000 22.799999
      vertex 67.333344 2.000000 22.799999
      vertex 67.333344 2.000000 22.418182
    endloop
  endfacet
  facet normal 0.000000 1.000000 0.000000
    outer loop
      vertex 91.000000 2.000000 2.000000
      vertex 73.333344 2.000000 22.418182
      vertex 76.666656 2.000000 22.418182
    endloop
  endfacet
  facet normal 0.000000 1.000000 0.000000
    outer loop
      vertex 91.000000 2.000000 2.000000
      vertex 76.666656 2.000000 22.418182
      vertex 82.666656 2.000000 22.418182
    endloop
  endfacet
  facet normal 0.000000 1.000000 0.000000
    outer loop
      vertex 91.000000 2.000000 2.000000
      vertex 82.666656 2.000000 22.418182
      vertex 82.666664 2.000000 22.799999
    endloop
  endfacet
  facet normal -1.000000 0.000000 0.000000
    outer loop
      vertex 91.000000 2.000000 2.000000
      vertex 91.000000 3.290323 26.600000
      vertex 91.000000 5.500000 20.600000
    endloop
  endfacet
  facet normal 0.000000 1.000000 0.000000
    outer loop
      vertex 91.000000 2.000000 2.000000
      vertex 82.666664 2.000000 22.799999
      vertex 82.666664 2.000000 25.600000
    endloop
  endfacet
  facet normal 0.000000 1.000000 0.000000
    outer loop
      vertex 91.000000 2.000000 2.000000
      vertex 82.666664 2.000000 25.600000
      vertex 91.000000 2.000000 26.600000
    endloop
  endfacet
  facet normal -1.000000 0.000000 0.000000
    outer loop
      vertex 91.000000 2.000000 2.000000
      vertex 91.000000 2.000000 26.600000
      vertex 91.000000 3.290323 26.600000
    endloop
  endfacet
  facet normal 0.000000 1.000000 0.000000
    outer loop
      vertex 73.333344 2.000000 22.418182
      vertex 76.666656 2.000000 23.400000
      vertex 76.666656 2.000000 22.418182
    endloop
  endfacet
  facet normal 0.000000 1.000000 0.000000
    outer loop
      vertex 73.333344 2.000000 22.418182
      vertex 73.333344 2.000000 23.400000
      vertex 76.666656 2.000000 23.400000
    endloop
  endfacet
  facet normal 0.000000 1.000000 0.000000
    outer loop
      vertex 73.333336 2.000000 23.400000
      vertex 73.333336 2.000000 25.600000
      vertex 73.333344 2.000000 23.400000
    endloop
  endfacet
  facet normal 0.000000 1.000000 0.000000
    outer loop
      vertex 73.333344 2.000000 23.400000
      vertex 73.333336 2.000000 25.600000
      vertex 76.666656 2.000000 23.400000
    endloop
  endfacet
  facet normal 0.000000 1.000000 0.000000
    outer loop
      vertex 76.666656 2.000000 23.400000
      vertex 73.333336 2.000000 25.600000
      vertex 76.666664 2.000000 23.400000
    endloop
  endfacet
  facet normal 0.000000 1.000000 0.000000
    outer loop
      vertex 73.333336 2.000000 25.600000
      vertex 76.666664 2.000000 25.600000
      vertex 76.666664 2.000000 23.400000
    endloop
  endfacet
  facet normal 0.000000 1.000000 0.000000
    outer loop
      vertex 91.000000 2.000000 26.600000
      vertex 76.666664 2.000000 25.600000
      vertex 73.333336 2.000000 25.600000
    endloop
  endfacet
  facet normal 0.000000 1.000000 0.000000
    outer loop
      vertex 82.666656 2.000000 22.418182
      vertex 82.666656 2.000000 22.799999
      vertex 82.666664 2.000000 22.799999
    endloop
  endfacet
  facet normal 0.000000 1.000000 0.000000
    outer loop
      vertex 91.000000 2.000000 26.600000
      vertex 82.666664 2.000000 25.600000
      vertex 76.666664 2.000000 25.600000
    endloop
  endfacet
  facet normal -1.000000 0.000000 0.000000
    outer loop
      vertex 91.000000 3.290323 26.600000
      vertex 91.000000 22.500000 23.100000
      vertex 91.000000 5.500000 20.600000
    endloop
  endfacet
  facet normal -1.000000 0.000000 0.000000
    outer loop
      vertex 91.000000 5.500000 20.600000
      vertex 91.000000 22.500000 23.100000
      vertex 91.000000 22.500000 20.600000
    endloop
  endfacet
  facet normal -1.000000 0.000000 0.000000
    outer loop
      vertex 91.000000 3.290323 26.600000
      vertex 91.000000 37.000000 23.100000
      vertex 91.000000 22.500000 23.100000
    endloop
  endfacet
  facet normal -1.000000 0.000000 0.000000
    outer loop
      vertex 91.000000 3.290323 26.600000
      vertex 91.000000 39.500000 23.100000
      vertex 91.000000 37.000000 23.100000
    endloop
  endfacet
  facet normal 0.000000 0.000000 1.000000
    outer loop
      vertex 9.951963 56.987724 2.000000
      vertex 91.000000 2.000000 2.000000
      vertex 65.500000 54.000000 2.000000
    endloop
  endfacet
  facet normal 0.000000 0.000000 1.000000
    outer loop
      vertex 9.951963 56.987724 2.000000
      vertex 65.012276 54.048038 2.000000
      vertex 64.543289 54.190300 2.000000
    endloop
  endfacet
  facet normal 0.000000 0.000000 1.000000
    outer loop
      vertex 9.951963 56.987724 2.000000
      vertex 65.500000 54.000000 2.000000
      vertex 65.012276 54.048038 2.000000
    endloop
  endfacet
  facet normal 0.000000 0.000000 1.000000
    outer loop
      vertex 8.888926 58.578674 2.000000
      vertex 65.012276 58.951962 2.000000
      vertex 91.000000 62.000000 2.000000
    endloop
  endfacet
  facet normal 0.000000 -1.000000 0.000000
    outer loop
      vertex 2.000000 62.000000 2.000000
      vertex 91.000000 62.000000 2.000000
      vertex 91.000000 62.000000 26.600000
    endloop
  endfacet
  facet normal 0.000000 0.000000 1.000000
    outer loop
      vertex 91.000000 2.000000 2.000000
      vertex 65.987724 54.048038 2.000000
      vertex 65.500000 54.000000 2.000000
    endloop
  endfacet
  facet normal 0.000000 0.000000 1.000000
    outer loop
      vertex 91.000000 2.000000 2.000000
      vertex 66.456711 54.190300 2.000000
      vertex 65.987724 54.048038 2.000000
    endloop
  endfacet
  facet normal 0.000000 0.000000 1.000000
    outer loop
      vertex 91.000000 2.000000 2.000000
      vertex 66.888924 54.421326 2.000000
      vertex 66.456711 54.190300 2.000000
    endloop
  endfacet
  facet normal 0.000000 0.000000 1.000000
    outer loop
      vertex 91.000000 2.000000 2.000000
      vertex 67.267769 54.732231 2.000000
      vertex 66.888924 54.421326 2.000000
    endloop
  endfacet
  facet normal 0.000000 0.000000 1.000000
    outer loop
      vertex 91.000000 2.000000 2.000000
      vertex 67.578674 55.111073 2.000000
      vertex 67.267769 54.732231 2.000000
    endloop
  endfacet
  facet normal 0.000000 0.000000 1.000000
    outer loop
      vertex 91.000000 2.000000 2.000000
      vertex 67.809700 55.543293 2.000000
      vertex 67.578674 55.111073 2.000000
    endloop
  endfacet
  facet normal 0.000000 0.000000 1.000000
    outer loop
      vertex 91.000000 2.000000 2.000000
      vertex 67.951965 56.012276 2.000000
      vertex 67.809700 55.543293 2.000000
    endloop
  endfacet
  facet normal 0.000000 0.000000 1.000000
    outer loop
      vertex 91.000000 2.000000 2.000000
      vertex 68.000000 56.500000 2.000000
      vertex 67.951965 56.012276 2.000000
    endloop
  endfacet
  facet normal -1.000000 0.000000 0.000000
    outer loop
      vertex 91.000000 2.000000 2.000000
      vertex 91.000000 39.500000 6.100000
      vertex 91.000000 62.000000 2.000000
    endloop
  endfacet
  facet normal 0.000000 0.000000 1.000000
    outer loop
      vertex 91.000000 2.000000 2.000000
      vertex 91.000000 62.000000 2.000000
      vertex 68.000000 56.500000 2.000000
    endloop
  endfacet
  facet normal -1.000000 0.000000 0.000000
    outer loop
      vertex 91.000000 37.000000 23.100000
      vertex 91.000000 39.500000 6.100000
      vertex 91.000000 37.000000 6.100000
    endloop
  endfacet
  facet normal 0.000000 0.000000 1.000000
    outer loop
      vertex 65.012276 58.951962 2.000000
      vertex 65.500000 59.000000 2.000000
      vertex 91.000000 62.000000 2.000000
    endloop
  endfacet
  facet normal 0.000000 0.000000 1.000000
    outer loop
      vertex 65.987724 58.951962 2.000000
      vertex 91.000000 62.000000 2.000000
      vertex 65.500000 59.000000 2.000000
    endloop
  endfacet
  facet normal 0.000000 0.000000 1.000000
    outer loop
      vertex 65.987724 58.951962 2.000000
      vertex 66.456711 58.809700 2.000000
      vertex 91.000000 62.000000 2.000000
    endloop
  endfacet
  facet normal 0.000000 0.000000 1.000000
    outer loop
      vertex 66.456711 58.809700 2.000000
      vertex 66.888924 58.578674 2.000000
      vertex 91.000000 62.000000 2.000000
    endloop
  endfacet
  facet normal 0.000000 0.000000 1.000000
    outer loop
      vertex 67.809700 57.456707 2.000000
      vertex 91.000000 62.000000 2.000000
      vertex 67.578674 57.888927 2.000000
    endloop
  endfacet
  facet normal 0.000000 0.000000 1.000000
    outer loop
      vertex 67.578674 57.888927 2.000000
      vertex 91.000000 62.000000 2.000000
      vertex 67.267769 58.267769 2.000000
    endloop
  endfacet
  facet normal 0.000000 0.000000 1.000000
    outer loop
      vertex 67.267769 58.267769 2.000000
      vertex 91.000000 62.000000 2.000000
      vertex 66.888924 58.578674 2.000000
    endloop
  endfacet
  facet normal 0.000000 0.000000 1.000000
    outer loop
      vertex 68.000000 56.500000 2.000000
      vertex 91.000000 62.000000 2.000000
      vertex 67.951965 56.987724 2.000000
    endloop
  endfacet
  facet normal 0.000000 0.000000 1.000000
    outer loop
      vertex 67.951965 56.987724 2.000000
      vertex 91.000000 62.000000 2.000000
      vertex 67.809700 57.456707 2.000000
    endloop
  endfacet
  facet normal -1.000000 0.000000 0.000000
    outer loop
      vertex 91.000000 62.000000 2.000000
      vertex 91.000000 39.500000 6.100000
      vertex 91.000000 54.000000 6.100000
    endloop
  endfacet
  facet normal -1.000000 0.000000 0.000000
    outer loop
      vertex 91.000000 62.000000 2.000000
      vertex 91.000000 54.000000 6.100000
      vertex 91.000000 54.000000 23.100000
    endloop
  endfacet
  facet normal 0.000000 -1.000000 0.000000
    outer loop
      vertex 2.000000 62.000000 2.000000
      vertex 91.000000 62.000000 26.600000
      vertex 63.666672 62.000000 22.418182
    endloop
  endfacet
  facet normal 0.000000 -1.000000 0.000000
    outer loop
      vertex 35.333328 62.000000 22.418182
      vertex 57.666672 62.000000 22.418182
      vertex 57.666668 62.000000 22.799999
    endloop
  endfacet
  facet normal 0.000000 -1.000000 0.000000
    outer loop
      vertex 57.666672 62.000000 22.799999
      vertex 57.666668 62.000000 22.799999
      vertex 57.666672 62.000000 22.418182
    endloop
  endfacet
  facet normal 0.000000 -1.000000 0.000000
    outer loop
      vertex 35.333332 62.000000 22.799999
      vertex 57.666668 62.000000 22.799999
      vertex 57.666668 62.000000 25.600000
    endloop
  endfacet
  facet normal 0.000000 -1.000000 0.000000
    outer loop
      vertex 2.000000 62.000000 26.600000
      vertex 63.666668 62.000000 25.600000
      vertex 91.000000 62.000000 26.600000
    endloop
  endfacet
  facet normal 0.000000 -1.000000 0.000000
    outer loop
      vertex 63.666668 62.000000 25.600000
      vertex 63.666668 62.000000 23.400000
      vertex 63.666672 62.000000 23.400000
    endloop
  endfacet
  facet normal -1.000000 0.000000 0.000000
    outer loop
      vertex 91.000000 39.500000 6.100000
      vertex 91.000000 37.000000 23.100000
      vertex 91.000000 39.500000 23.100000
    endloop
  endfacet
  facet normal -1.000000 0.000000 0.000000
    outer loop
      vertex 91.000000 3.290323 26.600000
      vertex 91.000000 62.000000 26.600000
      vertex 91.000000 39.500000 23.100000
    endloop
  endfacet
  facet normal -1.000000 0.000000 0.000000
    outer loop
      vertex 91.000000 62.000000 2.000000
      vertex 91.000000 54.000000 23.100000
      vertex 91.000000 62.000000 26.600000
    endloop
  endfacet
  facet normal 0.000000 -1.000000 0.000000
    outer loop
      vertex 91.000000 62.000000 26.600000
      vertex 63.666672 62.000000 23.400000
      vertex 63.666672 62.000000 22.418182
    endloop
  endfacet
  facet normal 0.000000 -1.000000 0.000000
    outer loop
      vertex 91.000000 62.000000 26.600000
      vertex 63.666668 62.000000 25.600000
      vertex 63.666672 62.000000 23.400000
    endloop
  endfacet
  facet normal -1.000000 0.000000 0.000000
    outer loop
      vertex 91.000000 62.000000 26.600000
      vertex 91.000000 54.000000 23.100000
      vertex 91.000000 39.500000 23.100000
    endloop
  endfacet
  facet normal -0.773011 -0.634393 0.000000
    outer loop
      vertex 5.732233 5.732233 2.000000
      vertex 5.421326 6.111074 5.000000
      vertex 5.421326 6.111074 2.000000
    endloop
  endfacet
  facet normal -0.881921 -0.471397 0.000000
    outer loop
      vertex 5.421326 6.111074 2.000000
      vertex 5.190301 6.543292 5.000000
      vertex 5.190301 6.543292 2.000000
    endloop
  endfacet
  facet normal -0.956940 -0.290285 0.000000
    outer loop
      vertex 5.190301 6.543292 2.000000
      vertex 5.048037 7.012274 5.000000
      vertex 5.048037 7.012274 2.000000
    endloop
  endfacet
  facet normal -0.995185 -0.098017 0.000000
    outer loop
      vertex 5.048037 7.012274 2.000000
      vertex 5.000000 7.500000 5.000000
      vertex 5.000000 7.500000 2.000000
    endloop
  endfacet
  facet normal -0.995185 0.098017 0.000000
    outer loop
      vertex 5.000000 7.500000 2.000000
      vertex 5.048037 7.987726 5.000000
      vertex 5.048037 7.987726 2.000000
    endloop
  endfacet
  facet normal -0.471397 -0.881921 0.000000
    outer loop
      vertex 6.111074 5.421326 2.000000
      vertex 6.543292 5.190301 2.000000
      vertex 6.111074 5.421326 5.000000
    endloop
  endfacet
  facet normal -0.634393 -0.773011 0.000000
    outer loop
      vertex 5.732233 5.732233 2.000000
      vertex 6.111074 5.421326 2.000000
      vertex 5.732233 5.732233 5.000000
    endloop
  endfacet
  facet normal -0.290285 -0.956940 0.000000
    outer loop
      vertex 6.543292 5.190301 2.000000
      vertex 7.012274 5.048037 2.000000
      vertex 6.543292 5.190301 5.000000
    endloop
  endfacet
  facet normal -0.098017 -0.995185 0.000000
    outer loop
      vertex 7.012274 5.048037 2.000000
      vertex 7.500000 5.000000 2.000000
      vertex 7.012274 5.048037 5.000000
    endloop
  endfacet
  facet normal 0.098017 -0.995185 0.000000
    outer loop
      vertex 7.500000 5.000000 2.000000
      vertex 7.987726 5.048037 2.000000
      vertex 7.500000 5.000000 5.000000
    endloop
  endfacet
  facet normal 0.290284 -0.956940 0.000000
    outer loop
      vertex 7.987726 5.048037 2.000000
      vertex 8.456709 5.190301 2.000000
      vertex 7.987726 5.048037 5.000000
    endloop
  endfacet
  facet normal 0.471398 -0.881921 0.000000
    outer loop
      vertex 8.456709 5.190301 2.000000
      vertex 8.888926 5.421326 2.000000
      vertex 8.456709 5.190301 5.000000
    endloop
  endfacet
  facet normal 0.634393 -0.773011 0.000000
    outer loop
      vertex 8.888926 5.421326 2.000000
      vertex 9.267767 5.732233 2.000000
      vertex 8.888926 5.421326 5.000000
    endloop
  endfacet
  facet normal 0.773010 -0.634394 0.000000
    outer loop
      vertex 9.267767 5.732233 2.000000
      vertex 9.578674 6.111074 2.000000
      vertex 9.267767 5.732233 5.000000
    endloop
  endfacet
  facet normal 0.881921 -0.471397 0.000000
    outer loop
      vertex 9.578674 6.111074 2.000000
      vertex 9.809699 6.543292 2.000000
      vertex 9.578674 6.111074 5.000000
    endloop
  endfacet
  facet normal 0.956940 -0.290285 0.000000
    outer loop
      vertex 9.809699 6.543292 2.000000
      vertex 9.951963 7.012274 2.000000
      vertex 9.809699 6.543292 5.000000
    endloop
  endfacet
  facet normal 0.995185 -0.098017 0.000000
    outer loop
      vertex 9.951963 7.012274 2.000000
      vertex 10.000000 7.500000 2.000000
      vertex 9.951963 7.012274 5.000000
    endloop
  endfacet
  facet normal 0.995185 0.098017 0.000000
    outer loop
      vertex 10.000000 7.500000 2.000000
      vertex 9.951963 7.987726 2.000000
      vertex 10.000000 7.500000 5.000000
    endloop
  endfacet
  facet normal -0.773011 -0.634393 0.000000
    outer loop
      vertex 5.732233 5.732233 2.000000
      vertex 5.732233 5.732233 5.000000
      vertex 5.421326 6.111074 5.000000
    endloop
  endfacet
  facet normal -0.881921 -0.471397 0.000000
    outer loop
      vertex 5.421326 6.111074 2.000000
      vertex 5.421326 6.111074 5.000000
      vertex 5.190301 6.543292 5.000000
    endloop
  endfacet
  facet normal -0.956940 -0.290285 0.000000
    outer loop
      vertex 5.190301 6.543292 2.000000
      vertex 5.190301 6.543292 5.000000
      vertex 5.048037 7.012274 5.000000
    endloop
  endfacet
  facet normal -0.995185 -0.098017 0.000000
    outer loop
      vertex 5.048037 7.012274 2.000000
      vertex 5.048037 7.012274 5.000000
      vertex 5.000000 7.500000 5.000000
    endloop
  endfacet
  facet normal -0.995185 0.098017 0.000000
    outer loop
      vertex 5.000000 7.500000 2.000000
      vertex 5.000000 7.500000 5.000000
      vertex 5.048037 7.987726 5.000000
    endloop
  endfacet
  facet normal 0.000000 0.000000 1.000000
    outer loop
      vertex 5.048037 7.012274 5.000000
      vertex 5.048037 7.987726 5.000000
      vertex 5.000000 7.500000 5.000000
    endloop
  endfacet
  facet normal 0.000000 0.000000 1.000000
    outer loop
      vertex 5.421326 6.111074 5.000000
      vertex 5.421326 8.888926 5.000000
      vertex 5.190301 6.543292 5.000000
    endloop
  endfacet
  facet normal 0.000000 0.000000 1.000000
    outer loop
      vertex 5.190301 6.543292 5.000000
      vertex 5.190301 8.456709 5.000000
      vertex 5.048037 7.012274 5.000000
    endloop
  endfacet
  facet normal 0.000000 0.000000 1.000000
    outer loop
      vertex 5.732233 5.732233 5.000000
      vertex 5.732233 9.267767 5.000000
      vertex 5.421326 6.111074 5.000000
    endloop
  endfacet
  facet normal 0.000000 0.000000 1.000000
    outer loop
      vertex 5.048037 7.012274 5.000000
      vertex 5.190301 8.456709 5.000000
      vertex 5.048037 7.987726 5.000000
    endloop
  endfacet
  facet normal 0.000000 0.000000 1.000000
    outer loop
      vertex 5.190301 6.543292 5.000000
      vertex 5.421326 8.888926 5.000000
      vertex 5.190301 8.456709 5.000000
    endloop
  endfacet
  facet normal -0.471397 -0.881921 0.000000
    outer loop
      vertex 6.543292 5.190301 2.000000
      vertex 6.543292 5.190301 5.000000
      vertex 6.111074 5.421326 5.000000
    endloop
  endfacet
  facet normal -0.634393 -0.773011 0.000000
    outer loop
      vertex 6.111074 5.421326 2.000000
      vertex 6.111074 5.421326 5.000000
      vertex 5.732233 5.732233 5.000000
    endloop
  endfacet
  facet normal -0.290285 -0.956940 0.000000
    outer loop
      vertex 7.012274 5.048037 2.000000
      vertex 7.012274 5.048037 5.000000
      vertex 6.543292 5.190301 5.000000
    endloop
  endfacet
  facet normal -0.098017 -0.995185 0.000000
    outer loop
      vertex 7.500000 5.000000 2.000000
      vertex 7.500000 5.000000 5.000000
      vertex 7.012274 5.048037 5.000000
    endloop
  endfacet
  facet normal 0.098017 -0.995185 0.000000
    outer loop
      vertex 7.987726 5.048037 2.000000
      vertex 7.987726 5.048037 5.000000
      vertex 7.500000 5.000000 5.000000
    endloop
  endfacet
  facet normal 0.290284 -0.956940 0.000000
    outer loop
      vertex 8.456709 5.190301 2.000000
      vertex 8.456709 5.190301 5.000000
      vertex 7.987726 5.048037 5.000000
    endloop
  endfacet
  facet normal 0.471398 -0.881921 0.000000
    outer loop
      vertex 8.888926 5.421326 2.000000
      vertex 8.888926 5.421326 5.000000
      vertex 8.456709 5.190301 5.000000
    endloop
  endfacet
  facet normal 0.634393 -0.773011 0.000000
    outer loop
      vertex 9.267767 5.732233 2.000000
      vertex 9.267767 5.732233 5.000000
      vertex 8.888926 5.421326 5.000000
    endloop
  endfacet
  facet normal 0.773010 -0.634394 0.000000
    outer loop
      vertex 9.578674 6.111074 2.000000
      vertex 9.578674 6.111074 5.000000
      vertex 9.267767 5.732233 5.000000
    endloop
  endfacet
  facet normal 0.881921 -0.471397 0.000000
    outer loop
      vertex 9.809699 6.543292 2.000000
      vertex 9.809699 6.543292 5.000000
      vertex 9.578674 6.111074 5.000000
    endloop
  endfacet
  facet normal 0.956940 -0.290285 0.000000
    outer loop
      vertex 9.951963 7.012274 2.000000
      vertex 9.951963 7.012274 5.000000
      vertex 9.809699 6.543292 5.000000
    endloop
  endfacet
  facet normal 0.995185 -0.098017 0.000000
    outer loop
      vertex 10.000000 7.500000 2.000000
      vertex 10.000000 7.500000 5.000000
      vertex 9.951963 7.012274 5.000000
    endloop
  endfacet
  facet normal 0.995185 0.098017 0.000000
    outer loop
      vertex 9.951963 7.987726 2.000000
      vertex 9.951963 7.987726 5.000000
      vertex 10.000000 7.500000 5.000000
    endloop
  endfacet
  facet normal 0.000000 0.000000 1.000000
    outer loop
      vertex 6.111074 5.421326 5.000000
      vertex 6.543292 5.190301 5.000000
      vertex 6.482420 6.912500 5.000000
    endloop
  endfacet
  facet normal 0.000000 0.000000 1.000000
    outer loop
      vertex 6.543292 5.190301 5.000000
      vertex 7.012274 5.048037 5.000000
      vertex 6.912500 6.482420 5.000000
    endloop
  endfacet
  facet normal 0.000000 0.000000 1.000000
    outer loop
      vertex 7.012274 5.048037 5.000000
      vertex 7.195888 6.365037 5.000000
      vertex 6.912500 6.482420 5.000000
    endloop
  endfacet
  facet normal 0.000000 0.000000 1.000000
    outer loop
      vertex 7.012274 5.048037 5.000000
      vertex 7.500000 6.325000 5.000000
      vertex 7.195888 6.365037 5.000000
    endloop
  endfacet
  facet normal 0.000000 0.000000 1.000000
    outer loop
      vertex 7.012274 5.048037 5.000000
      vertex 7.500000 5.000000 5.000000
      vertex 7.500000 6.325000 5.000000
    endloop
  endfacet
  facet normal 0.000000 0.000000 1.000000
    outer loop
      vertex 7.500000 5.000000 5.000000
      vertex 7.987726 5.048037 5.000000
      vertex 7.500000 6.325000 5.000000
    endloop
  endfacet
  facet normal 0.000000 0.000000 1.000000
    outer loop
      vertex 7.987726 5.048037 5.000000
      vertex 7.804112 6.365037 5.000000
      vertex 7.500000 6.325000 5.000000
    endloop
  endfacet
  facet normal 0.000000 0.000000 1.000000
    outer loop
      vertex 7.987726 5.048037 5.000000
      vertex 8.087500 6.482420 5.000000
      vertex 7.804112 6.365037 5.000000
    endloop
  endfacet
  facet normal 0.000000 0.000000 1.000000
    outer loop
      vertex 7.987726 5.048037 5.000000
      vertex 8.456709 5.190301 5.000000
      vertex 8.087500 6.482420 5.000000
    endloop
  endfacet
  facet normal 0.000000 0.000000 1.000000
    outer loop
      vertex 5.732233 5.732233 5.000000
      vertex 6.111074 5.421326 5.000000
      vertex 6.111074 9.578674 5.000000
    endloop
  endfacet
  facet normal 0.000000 0.000000 1.000000
    outer loop
      vertex 6.111074 5.421326 5.000000
      vertex 6.482420 6.912500 5.000000
      vertex 6.365037 7.195888 5.000000
    endloop
  endfacet
  facet normal 0.000000 0.000000 1.000000
    outer loop
      vertex 6.111074 5.421326 5.000000
      vertex 6.365037 7.195888 5.000000
      vertex 6.325000 7.500000 5.000000
    endloop
  endfacet
  facet normal 0.000000 0.000000 1.000000
    outer loop
      vertex 6.543292 5.190301 5.000000
      vertex 6.912500 6.482420 5.000000
      vertex 6.669149 6.669149 5.000000
    endloop
  endfacet
  facet normal 0.000000 0.000000 1.000000
    outer loop
      vertex 6.543292 5.190301 5.000000
      vertex 6.669149 6.669149 5.000000
      vertex 6.482420 6.912500 5.000000
    endloop
  endfacet
  facet normal 0.000000 0.000000 1.000000
    outer loop
      vertex 6.111074 5.421326 5.000000
      vertex 6.325000 7.500000 5.000000
      vertex 6.543292 9.809699 5.000000
    endloop
  endfacet
  facet normal 0.000000 0.000000 1.000000
    outer loop
      vertex 8.456709 5.190301 5.000000
      vertex 8.330851 6.669149 5.000000
      vertex 8.087500 6.482420 5.000000
    endloop
  endfacet
  facet normal 0.000000 0.000000 1.000000
    outer loop
      vertex 8.456709 5.190301 5.000000
      vertex 8.517580 6.912500 5.000000
      vertex 8.330851 6.669149 5.000000
    endloop
  endfacet
  facet normal 0.000000 0.000000 1.000000
    outer loop
      vertex 8.456709 5.190301 5.000000
      vertex 8.634963 7.195888 5.000000
      vertex 8.517580 6.912500 5.000000
    endloop
  endfacet
  facet normal 0.000000 0.000000 1.000000
    outer loop
      vertex 8.456709 5.190301 5.000000
      vertex 8.675000 7.500000 5.000000
      vertex 8.634963 7.195888 5.000000
    endloop
  endfacet
  facet normal 0.000000 0.000000 1.000000
    outer loop
      vertex 8.456709 5.190301 5.000000
      vertex 8.888926 9.578674 5.000000
      vertex 8.675000 7.500000 5.000000
    endloop
  endfacet
  facet normal 0.000000 0.000000 1.000000
    outer loop
      vertex 8.456709 5.190301 5.000000
      vertex 8.888926 5.421326 5.000000
      vertex 8.888926 9.578674 5.000000
    endloop
  endfacet
  facet normal 0.000000 0.000000 1.000000
    outer loop
      vertex 8.888926 5.421326 5.000000
      vertex 9.267767 5.732233 5.000000
      vertex 9.267767 9.267767 5.000000
    endloop
  endfacet
  facet normal 0.000000 0.000000 1.000000
    outer loop
      vertex 9.267767 5.732233 5.000000
      vertex 9.578674 6.111074 5.000000
      vertex 9.578674 8.888926 5.000000
    endloop
  endfacet
  facet normal 0.000000 0.000000 1.000000
    outer loop
      vertex 9.267767 5.732233 5.000000
      vertex 9.578674 8.888926 5.000000
      vertex 9.267767 9.267767 5.000000
    endloop
  endfacet
  facet normal 0.000000 0.000000 1.000000
    outer loop
      vertex 9.578674 6.111074 5.000000
      vertex 9.809699 6.543292 5.000000
      vertex 9.809699 8.456709 5.000000
    endloop
  endfacet
  facet normal 0.000000 0.000000 1.000000
    outer loop
      vertex 9.809699 6.543292 5.000000
      vertex 9.951963 7.012274 5.000000
      vertex 9.951963 7.987726 5.000000
    endloop
  endfacet
  facet normal 0.000000 0.000000 1.000000
    outer loop
      vertex 9.578674 6.111074 5.000000
      vertex 9.809699 8.456709 5.000000
      vertex 9.578674 8.888926 5.000000
    endloop
  endfacet
  facet normal 0.000000 0.000000 1.000000
    outer loop
      vertex 9.951963 7.012274 5.000000
      vertex 10.000000 7.500000 5.000000
      vertex 9.951963 7.987726 5.000000
    endloop
  endfacet
  facet normal 0.000000 0.000000 1.000000
    outer loop
      vertex 9.809699 6.543292 5.000000
      vertex 9.951963 7.987726 5.000000
      vertex 9.809699 8.456709 5.000000
    endloop
  endfacet
  facet normal -0.956940 0.290284 0.000000
    outer loop
      vertex 5.048037 7.987726 2.000000
      vertex 5.190301 8.456709 5.000000
      vertex 5.190301 8.456709 2.000000
    endloop
  endfacet
  facet normal -0.881921 0.471398 0.000000
    outer loop
      vertex 5.190301 8.456709 2.000000
      vertex 5.421326 8.888926 5.000000
      vertex 5.421326 8.888926 2.000000
    endloop
  endfacet
  facet normal -0.773011 0.634393 0.000000
    outer loop
      vertex 5.421326 8.888926 2.000000
      vertex 5.732233 9.267767 5.000000
      vertex 5.732233 9.267767 2.000000
    endloop
  endfacet
  facet normal -0.634394 0.773010 0.000000
    outer loop
      vertex 5.732233 9.267767 2.000000
      vertex 6.111074 9.578674 5.000000
      vertex 6.111074 9.578674 2.000000
    endloop
  endfacet
  facet normal -0.471397 0.881921 0.000000
    outer loop
      vertex 6.111074 9.578674 2.000000
      vertex 6.543292 9.809699 5.000000
      vertex 6.543292 9.809699 2.000000
    endloop
  endfacet
  facet normal -0.290285 0.956940 0.000000
    outer loop
      vertex 6.543292 9.809699 2.000000
      vertex 7.012274 9.951963 5.000000
      vertex 7.012274 9.951963 2.000000
    endloop
  endfacet
  facet normal -0.098017 0.995185 0.000000
    outer loop
      vertex 7.012274 9.951963 2.000000
      vertex 7.500000 10.000000 5.000000
      vertex 7.500000 10.000000 2.000000
    endloop
  endfacet
  facet normal 0.098017 0.995185 0.000000
    outer loop
      vertex 7.987726 9.951963 2.000000
      vertex 7.500000 10.000000 2.000000
      vertex 7.987726 9.951963 5.000000
    endloop
  endfacet
  facet normal 0.290284 0.956940 0.000000
    outer loop
      vertex 7.987726 9.951963 2.000000
      vertex 8.456709 9.809699 5.000000
      vertex 8.456709 9.809699 2.000000
    endloop
  endfacet
  facet normal 0.956940 0.290284 0.000000
    outer loop
      vertex 9.951963 7.987726 2.000000
      vertex 9.809699 8.456709 2.000000
      vertex 9.951963 7.987726 5.000000
    endloop
  endfacet
  facet normal 0.881921 0.471397 0.000000
    outer loop
      vertex 9.809699 8.456709 2.000000
      vertex 9.578674 8.888926 2.000000
      vertex 9.809699 8.456709 5.000000
    endloop
  endfacet
  facet normal 0.634394 0.773010 0.000000
    outer loop
      vertex 9.267767 9.267767 2.000000
      vertex 8.888926 9.578674 2.000000
      vertex 9.267767 9.267767 5.000000
    endloop
  endfacet
  facet normal 0.471397 0.881921 0.000000
    outer loop
      vertex 8.456709 9.809699 2.000000
      vertex 8.888926 9.578674 5.000000
      vertex 8.888926 9.578674 2.000000
    endloop
  endfacet
  facet normal 0.773010 0.634394 0.000000
    outer loop
      vertex 9.578674 8.888926 2.000000
      vertex 9.267767 9.267767 2.000000
      vertex 9.578674 8.888926 5.000000
    endloop
  endfacet
  facet normal -0.956940 0.290284 0.000000
    outer loop
      vertex 5.048037 7.987726 2.000000
      vertex 5.048037 7.987726 5.000000
      vertex 5.190301 8.456709 5.000000
    endloop
  endfacet
  facet normal -0.881921 0.471398 0.000000
    outer loop
      vertex 5.190301 8.456709 2.000000
      vertex 5.190301 8.456709 5.000000
      vertex 5.421326 8.888926 5.000000
    endloop
  endfacet
  facet normal -0.773011 0.634393 0.000000
    outer loop
      vertex 5.421326 8.888926 2.000000
      vertex 5.421326 8.888926 5.000000
      vertex 5.732233 9.267767 5.000000
    endloop
  endfacet
  facet normal 0.000000 0.000000 1.000000
    outer loop
      vertex 5.421326 6.111074 5.000000
      vertex 5.732233 9.267767 5.000000
      vertex 5.421326 8.888926 5.000000
    endloop
  endfacet
  facet normal -0.634394 0.773010 0.000000
    outer loop
      vertex 5.732233 9.267767 2.000000
      vertex 5.732233 9.267767 5.000000
      vertex 6.111074 9.578674 5.000000
    endloop
  endfacet
  facet normal -0.471397 0.881921 0.000000
    outer loop
      vertex 6.111074 9.578674 2.000000
      vertex 6.111074 9.578674 5.000000
      vertex 6.543292 9.809699 5.000000
    endloop
  endfacet
  facet normal -0.290285 0.956940 0.000000
    outer loop
      vertex 6.543292 9.809699 2.000000
      vertex 6.543292 9.809699 5.000000
      vertex 7.012274 9.951963 5.000000
    endloop
  endfacet
  facet normal -0.098017 0.995185 0.000000
    outer loop
      vertex 7.012274 9.951963 2.000000
      vertex 7.012274 9.951963 5.000000
      vertex 7.500000 10.000000 5.000000
    endloop
  endfacet
  facet normal 0.098017 0.995185 0.000000
    outer loop
      vertex 7.500000 10.000000 2.000000
      vertex 7.500000 10.000000 5.000000
      vertex 7.987726 9.951963 5.000000
    endloop
  endfacet
  facet normal 0.290284 0.956940 0.000000
    outer loop
      vertex 7.987726 9.951963 2.000000
      vertex 7.987726 9.951963 5.000000
      vertex 8.456709 9.809699 5.000000
    endloop
  endfacet
  facet normal 0.471397 0.881921 0.000000
    outer loop
      vertex 8.456709 9.809699 2.000000
      vertex 8.456709 9.809699 5.000000
      vertex 8.888926 9.578674 5.000000
    endloop
  endfacet
  facet normal 0.956940 0.290284 0.000000
    outer loop
      vertex 9.951963 7.987726 5.000000
      vertex 9.809699 8.456709 2.000000
      vertex 9.809699 8.456709 5.000000
    endloop
  endfacet
  facet normal 0.881921 0.471397 0.000000
    outer loop
      vertex 9.578674 8.888926 2.000000
      vertex 9.578674 8.888926 5.000000
      vertex 9.809699 8.456709 5.000000
    endloop
  endfacet
  facet normal 0.634394 0.773010 0.000000
    outer loop
      vertex 8.888926 9.578674 2.000000
      vertex 8.888926 9.578674 5.000000
      vertex 9.267767 9.267767 5.000000
    endloop
  endfacet
  facet normal 0.773010 0.634394 0.000000
    outer loop
      vertex 9.267767 9.267767 2.000000
      vertex 9.267767 9.267767 5.000000
      vertex 9.578674 8.888926 5.000000
    endloop
  endfacet
  facet normal 0.000000 0.000000 1.000000
    outer loop
      vertex 5.732233 5.732233 5.000000
      vertex 6.111074 9.578674 5.000000
      vertex 5.732233 9.267767 5.000000
    endloop
  endfacet
  facet normal 0.000000 0.000000 1.000000
    outer loop
      vertex 6.111074 5.421326 5.000000
      vertex 6.543292 9.809699 5.000000
      vertex 6.111074 9.578674 5.000000
    endloop
  endfacet
  facet normal 0.000000 0.000000 1.000000
    outer loop
      vertex 6.325000 7.500000 5.000000
      vertex 6.365037 7.804112 5.000000
      vertex 6.543292 9.809699 5.000000
    endloop
  endfacet
  facet normal 0.000000 0.000000 1.000000
    outer loop
      vertex 6.365037 7.804112 5.000000
      vertex 6.482420 8.087500 5.000000
      vertex 6.543292 9.809699 5.000000
    endloop
  endfacet
  facet normal 0.000000 0.000000 1.000000
    outer loop
      vertex 6.482420 8.087500 5.000000
      vertex 6.669149 8.330851 5.000000
      vertex 6.543292 9.809699 5.000000
    endloop
  endfacet
  facet normal 0.000000 0.000000 1.000000
    outer loop
      vertex 6.669149 8.330851 5.000000
      vertex 6.912500 8.517580 5.000000
      vertex 6.543292 9.809699 5.000000
    endloop
  endfacet
  facet normal 0.000000 0.000000 1.000000
    outer loop
      vertex 6.912500 8.517580 5.000000
      vertex 7.012274 9.951963 5.000000
      vertex 6.543292 9.809699 5.000000
    endloop
  endfacet
  facet normal 0.000000 0.000000 1.000000
    outer loop
      vertex 6.912500 8.517580 5.000000
      vertex 7.195888 8.634963 5.000000
      vertex 7.012274 9.951963 5.000000
    endloop
  endfacet
  facet normal 0.000000 0.000000 1.000000
    outer loop
      vertex 7.195888 8.634963 5.000000
      vertex 7.500000 8.675000 5.000000
      vertex 7.012274 9.951963 5.000000
    endloop
  endfacet
  facet normal 0.000000 0.000000 1.000000
    outer loop
      vertex 8.634963 7.804112 5.000000
      vertex 8.888926 9.578674 5.000000
      vertex 8.517580 8.087500 5.000000
    endloop
  endfacet
  facet normal 0.000000 0.000000 1.000000
    outer loop
      vertex 8.330851 8.330851 5.000000
      vertex 8.456709 9.809699 5.000000
      vertex 8.087500 8.517580 5.000000
    endloop
  endfacet
  facet normal 0.000000 0.000000 1.000000
    outer loop
      vertex 8.330851 8.330851 5.000000
      vertex 8.517580 8.087500 5.000000
      vertex 8.456709 9.809699 5.000000
    endloop
  endfacet
  facet normal 0.000000 0.000000 1.000000
    outer loop
      vertex 7.500000 8.675000 5.000000
      vertex 7.804112 8.634963 5.000000
      vertex 7.987726 9.951963 5.000000
    endloop
  endfacet
  facet normal 0.000000 0.000000 1.000000
    outer loop
      vertex 7.804112 8.634963 5.000000
      vertex 8.087500 8.517580 5.000000
      vertex 7.987726 9.951963 5.000000
    endloop
  endfacet
  facet normal 0.000000 0.000000 1.000000
    outer loop
      vertex 7.012274 9.951963 5.000000
      vertex 7.500000 8.675000 5.000000
      vertex 7.500000 10.000000 5.000000
    endloop
  endfacet
  facet normal 0.000000 0.000000 1.000000
    outer loop
      vertex 7.500000 8.675000 5.000000
      vertex 7.987726 9.951963 5.000000
      vertex 7.500000 10.000000 5.000000
    endloop
  endfacet
  facet normal 0.000000 0.000000 1.000000
    outer loop
      vertex 8.087500 8.517580 5.000000
      vertex 8.456709 9.809699 5.000000
      vertex 7.987726 9.951963 5.000000
    endloop
  endfacet
  facet normal 0.000000 0.000000 1.000000
    outer loop
      vertex 8.517580 8.087500 5.000000
      vertex 8.888926 9.578674 5.000000
      vertex 8.456709 9.809699 5.000000
    endloop
  endfacet
  facet normal 0.000000 0.000000 1.000000
    outer loop
      vertex 8.888926 5.421326 5.000000
      vertex 9.267767 9.267767 5.000000
      vertex 8.888926 9.578674 5.000000
    endloop
  endfacet
  facet normal 0.000000 0.000000 1.000000
    outer loop
      vertex 8.675000 7.500000 5.000000
      vertex 8.888926 9.578674 5.000000
      vertex 8.634963 7.804112 5.000000
    endloop
  endfacet
  facet normal -0.382683 -0.923880 0.000000
    outer loop
      vertex 6.912500 6.482420 5.000000
      vertex 7.195888 6.365037 5.000000
      vertex 7.195888 6.365037 6.400000
    endloop
  endfacet
  facet normal -0.608761 -0.793353 0.000000
    outer loop
      vertex 6.912500 6.482420 5.000000
      vertex 6.912500 6.482420 6.400000
      vertex 6.669149 6.669149 5.000000
    endloop
  endfacet
  facet normal -0.793353 -0.608761 0.000000
    outer loop
      vertex 6.482420 6.912500 5.000000
      vertex 6.669149 6.669149 5.000000
      vertex 6.669149 6.669149 6.400000
    endloop
  endfacet
  facet normal -0.923880 -0.382683 0.000000
    outer loop
      vertex 6.482420 6.912500 5.000000
      vertex 6.482420 6.912500 6.400000
      vertex 6.365037 7.195888 5.000000
    endloop
  endfacet
  facet normal -0.991445 -0.130526 0.000000
    outer loop
      vertex 6.365037 7.195888 5.000000
      vertex 6.365037 7.195888 6.400000
      vertex 6.325000 7.500000 5.000000
    endloop
  endfacet
  facet normal -0.991445 0.130526 0.000000
    outer loop
      vertex 6.325000 7.500000 5.000000
      vertex 6.325000 7.500000 6.400000
      vertex 6.365037 7.804112 5.000000
    endloop
  endfacet
  facet normal -0.923879 0.382684 0.000000
    outer loop
      vertex 6.365037 7.804112 5.000000
      vertex 6.365037 7.804112 6.400000
      vertex 6.482420 8.087500 5.000000
    endloop
  endfacet
  facet normal -0.130526 -0.991445 0.000000
    outer loop
      vertex 7.195888 6.365037 5.000000
      vertex 7.500000 6.325000 5.000000
      vertex 7.500000 6.325000 6.400000
    endloop
  endfacet
  facet normal 0.130526 -0.991445 0.000000
    outer loop
      vertex 7.500000 6.325000 5.000000
      vertex 7.804112 6.365037 5.000000
      vertex 7.804112 6.365037 6.400000
    endloop
  endfacet
  facet normal 0.382684 -0.923879 0.000000
    outer loop
      vertex 7.804112 6.365037 5.000000
      vertex 8.087500 6.482420 5.000000
      vertex 8.087500 6.482420 6.400000
    endloop
  endfacet
  facet normal 0.608761 -0.793354 0.000000
    outer loop
      vertex 8.087500 6.482420 5.000000
      vertex 8.330851 6.669149 5.000000
      vertex 8.330851 6.669149 6.400000
    endloop
  endfacet
  facet normal 0.793353 -0.608761 0.000000
    outer loop
      vertex 8.330851 6.669149 5.000000
      vertex 8.517580 6.912500 5.000000
      vertex 8.517580 6.912500 6.400000
    endloop
  endfacet
  facet normal 0.923880 -0.382683 0.000000
    outer loop
      vertex 8.517580 6.912500 5.000000
      vertex 8.634963 7.195888 5.000000
      vertex 8.634963 7.195888 6.400000
    endloop
  endfacet
  facet normal 0.991445 -0.130526 0.000000
    outer loop
      vertex 8.634963 7.195888 5.000000
      vertex 8.675000 7.500000 5.000000
      vertex 8.675000 7.500000 6.400000
    endloop
  endfacet
  facet normal 0.991445 0.130526 0.000000
    outer loop
      vertex 8.675000 7.500000 5.000000
      vertex 8.634963 7.804112 5.000000
      vertex 8.634963 7.804112 6.400000
    endloop
  endfacet
  facet normal 0.923879 0.382684 0.000000
    outer loop
      vertex 8.634963 7.804112 5.000000
      vertex 8.517580 8.087500 5.000000
      vertex 8.517580 8.087500 6.400000
    endloop
  endfacet
  facet normal -0.382683 -0.923880 0.000000
    outer loop
      vertex 6.912500 6.482420 5.000000
      vertex 7.195888 6.365037 6.400000
      vertex 6.912500 6.482420 6.400000
    endloop
  endfacet
  facet normal -0.608761 -0.793353 0.000000
    outer loop
      vertex 6.669149 6.669149 5.000000
      vertex 6.912500 6.482420 6.400000
      vertex 6.669149 6.669149 6.400000
    endloop
  endfacet
  facet normal -0.793353 -0.608761 0.000000
    outer loop
      vertex 6.482420 6.912500 5.000000
      vertex 6.669149 6.669149 6.400000
      vertex 6.482420 6.912500 6.400000
    endloop
  endfacet
  facet normal -0.923880 -0.382683 0.000000
    outer loop
      vertex 6.365037 7.195888 5.000000
      vertex 6.482420 6.912500 6.400000
      vertex 6.365037 7.195888 6.400000
    endloop
  endfacet
  facet normal -0.991445 -0.130526 0.000000
    outer loop
      vertex 6.325000 7.500000 5.000000
      vertex 6.365037 7.195888 6.400000
      vertex 6.325000 7.500000 6.400000
    endloop
  endfacet
  facet normal -0.991445 0.130526 0.000000
    outer loop
      vertex 6.365037 7.804112 5.000000
      vertex 6.325000 7.500000 6.400000
      vertex 6.365037 7.804112 6.400000
    endloop
  endfacet
  facet normal -0.923879 0.382684 0.000000
    outer loop
      vertex 6.365037 7.804112 6.400000
      vertex 6.482420 8.087500 6.400000
      vertex 6.482420 8.087500 5.000000
    endloop
  endfacet
  facet normal 0.000000 0.000000 1.000000
    outer loop
      vertex 6.482420 6.912500 6.400000
      vertex 6.482420 8.087500 6.400000
      vertex 6.365037 7.195888 6.400000
    endloop
  endfacet
  facet normal 0.000000 0.000000 1.000000
    outer loop
      vertex 6.365037 7.195888 6.400000
      vertex 6.365037 7.804112 6.400000
      vertex 6.325000 7.500000 6.400000
    endloop
  endfacet
  facet normal 0.000000 0.000000 1.000000
    outer loop
      vertex 6.365037 7.195888 6.400000
      vertex 6.482420 8.087500 6.400000
      vertex 6.365037 7.804112 6.400000
    endloop
  endfacet
  facet normal 0.000000 0.000000 1.000000
    outer loop
      vertex 6.912500 6.482420 6.400000
      vertex 6.912500 8.517580 6.400000
      vertex 6.669149 6.669149 6.400000
    endloop
  endfacet
  facet normal 0.000000 0.000000 1.000000
    outer loop
      vertex 6.482420 6.912500 6.400000
      vertex 6.669149 6.669149 6.400000
      vertex 6.669149 8.330851 6.400000
    endloop
  endfacet
  facet normal 0.000000 0.000000 1.000000
    outer loop
      vertex 6.912500 6.482420 6.400000
      vertex 7.195888 6.365037 6.400000
      vertex 7.195888 8.634963 6.400000
    endloop
  endfacet
  facet normal 0.000000 0.000000 1.000000
    outer loop
      vertex 6.482420 6.912500 6.400000
      vertex 6.669149 8.330851 6.400000
      vertex 6.482420 8.087500 6.400000
    endloop
  endfacet
  facet normal 0.000000 0.000000 1.000000
    outer loop
      vertex 6.669149 6.669149 6.400000
      vertex 6.912500 8.517580 6.400000
      vertex 6.669149 8.330851 6.400000
    endloop
  endfacet
  facet normal 0.000000 0.000000 1.000000
    outer loop
      vertex 6.912500 6.482420 6.400000
      vertex 7.195888 8.634963 6.400000
      vertex 6.912500 8.517580 6.400000
    endloop
  endfacet
  facet normal -0.130526 -0.991445 0.000000
    outer loop
      vertex 7.195888 6.365037 5.000000
      vertex 7.500000 6.325000 6.400000
      vertex 7.195888 6.365037 6.400000
    endloop
  endfacet
  facet normal 0.130526 -0.991445 0.000000
    outer loop
      vertex 7.500000 6.325000 5.000000
      vertex 7.804112 6.365037 6.400000
      vertex 7.500000 6.325000 6.400000
    endloop
  endfacet
  facet normal 0.382684 -0.923879 0.000000
    outer loop
      vertex 7.804112 6.365037 5.000000
      vertex 8.087500 6.482420 6.400000
      vertex 7.804112 6.365037 6.400000
    endloop
  endfacet
  facet normal 0.608761 -0.793354 0.000000
    outer loop
      vertex 8.087500 6.482420 5.000000
      vertex 8.330851 6.669149 6.400000
      vertex 8.087500 6.482420 6.400000
    endloop
  endfacet
  facet normal 0.793353 -0.608761 0.000000
    outer loop
      vertex 8.330851 6.669149 5.000000
      vertex 8.517580 6.912500 6.400000
      vertex 8.330851 6.669149 6.400000
    endloop
  endfacet
  facet normal 0.923880 -0.382683 0.000000
    outer loop
      vertex 8.517580 6.912500 5.000000
      vertex 8.634963 7.195888 6.400000
      vertex 8.517580 6.912500 6.400000
    endloop
  endfacet
  facet normal 0.991445 -0.130526 0.000000
    outer loop
      vertex 8.634963 7.195888 5.000000
      vertex 8.675000 7.500000 6.400000
      vertex 8.634963 7.195888 6.400000
    endloop
  endfacet
  facet normal 0.991445 0.130526 0.000000
    outer loop
      vertex 8.675000 7.500000 5.000000
      vertex 8.634963 7.804112 6.400000
      vertex 8.675000 7.500000 6.400000
    endloop
  endfacet
  facet normal 0.923879 0.382684 0.000000
    outer loop
      vertex 8.634963 7.804112 5.000000
      vertex 8.517580 8.087500 6.400000
      vertex 8.634963 7.804112 6.400000
    endloop
  endfacet
  facet normal 0.000000 0.000000 1.000000
    outer loop
      vertex 7.195888 6.365037 6.400000
      vertex 7.500000 6.325000 6.400000
      vertex 7.500000 8.675000 6.400000
    endloop
  endfacet
  facet normal 0.000000 0.000000 1.000000
    outer loop
      vertex 7.500000 6.325000 6.400000
      vertex 7.804112 6.365037 6.400000
      vertex 7.804112 8.634963 6.400000
    endloop
  endfacet
  facet normal 0.000000 0.000000 1.000000
    outer loop
      vertex 7.195888 6.365037 6.400000
      vertex 7.500000 8.675000 6.400000
      vertex 7.195888 8.634963 6.400000
    endloop
  endfacet
  facet normal 0.000000 0.000000 1.000000
    outer loop
      vertex 7.500000 6.325000 6.400000
      vertex 7.804112 8.634963 6.400000
      vertex 7.500000 8.675000 6.400000
    endloop
  endfacet
  facet normal 0.000000 0.000000 1.000000
    outer loop
      vertex 7.804112 6.365037 6.400000
      vertex 8.087500 8.517580 6.400000
      vertex 7.804112 8.634963 6.400000
    endloop
  endfacet
  facet normal 0.000000 0.000000 1.000000
    outer loop
      vertex 7.804112 6.365037 6.400000
      vertex 8.087500 6.482420 6.400000
      vertex 8.087500 8.517580 6.400000
    endloop
  endfacet
  facet normal 0.000000 0.000000 1.000000
    outer loop
      vertex 8.087500 6.482420 6.400000
      vertex 8.330851 6.669149 6.400000
      vertex 8.330851 8.330851 6.400000
    endloop
  endfacet
  facet normal 0.000000 0.000000 1.000000
    outer loop
      vertex 8.330851 6.669149 6.400000
      vertex 8.517580 6.912500 6.400000
      vertex 8.517580 8.087500 6.400000
    endloop
  endfacet
  facet normal 0.000000 0.000000 1.000000
    outer loop
      vertex 8.517580 6.912500 6.400000
      vertex 8.634963 7.195888 6.400000
      vertex 8.634963 7.804112 6.400000
    endloop
  endfacet
  facet normal 0.000000 0.000000 1.000000
    outer loop
      vertex 8.087500 6.482420 6.400000
      vertex 8.330851 8.330851 6.400000
      vertex 8.087500 8.517580 6.400000
    endloop
  endfacet
  facet normal 0.000000 0.000000 1.000000
    outer loop
      vertex 8.330851 6.669149 6.400000
      vertex 8.517580 8.087500 6.400000
      vertex 8.330851 8.330851 6.400000
    endloop
  endfacet
  facet normal 0.000000 0.000000 1.000000
    outer loop
      vertex 8.517580 6.912500 6.400000
      vertex 8.634963 7.804112 6.400000
      vertex 8.517580 8.087500 6.400000
    endloop
  endfacet
  facet normal 0.000000 0.000000 1.000000
    outer loop
      vertex 8.634963 7.195888 6.400000
      vertex 8.675000 7.500000 6.400000
      vertex 8.634963 7.804112 6.400000
    endloop
  endfacet
  facet normal -0.793354 0.608761 0.000000
    outer loop
      vertex 6.482420 8.087500 5.000000
      vertex 6.482420 8.087500 6.400000
      vertex 6.669149 8.330851 5.000000
    endloop
  endfacet
  facet normal -0.608761 0.793353 0.000000
    outer loop
      vertex 6.669149 8.330851 5.000000
      vertex 6.669149 8.330851 6.400000
      vertex 6.912500 8.517580 5.000000
    endloop
  endfacet
  facet normal -0.382683 0.923880 0.000000
    outer loop
      vertex 6.912500 8.517580 5.000000
      vertex 6.912500 8.517580 6.400000
      vertex 7.195888 8.634963 5.000000
    endloop
  endfacet
  facet normal -0.130526 0.991445 0.000000
    outer loop
      vertex 7.195888 8.634963 5.000000
      vertex 7.195888 8.634963 6.400000
      vertex 7.500000 8.675000 5.000000
    endloop
  endfacet
  facet normal 0.130526 0.991445 0.000000
    outer loop
      vertex 7.500000 8.675000 5.000000
      vertex 7.500000 8.675000 6.400000
      vertex 7.804112 8.634963 5.000000
    endloop
  endfacet
  facet normal 0.382684 0.923879 0.000000
    outer loop
      vertex 7.804112 8.634963 5.000000
      vertex 7.804112 8.634963 6.400000
      vertex 8.087500 8.517580 5.000000
    endloop
  endfacet
  facet normal 0.608761 0.793354 0.000000
    outer loop
      vertex 8.330851 8.330851 5.000000
      vertex 8.087500 8.517580 5.000000
      vertex 8.087500 8.517580 6.400000
    endloop
  endfacet
  facet normal 0.793354 0.608761 0.000000
    outer loop
      vertex 8.330851 8.330851 5.000000
      vertex 8.330851 8.330851 6.400000
      vertex 8.517580 8.087500 5.000000
    endloop
  endfacet
  facet normal -0.793354 0.608761 0.000000
    outer loop
      vertex 6.669149 8.330851 5.000000
      vertex 6.482420 8.087500 6.400000
      vertex 6.669149 8.330851 6.400000
    endloop
  endfacet
  facet normal -0.608761 0.793353 0.000000
    outer loop
      vertex 6.912500 8.517580 5.000000
      vertex 6.669149 8.330851 6.400000
      vertex 6.912500 8.517580 6.400000
    endloop
  endfacet
  facet normal -0.382683 0.923880 0.000000
    outer loop
      vertex 7.195888 8.634963 5.000000
      vertex 6.912500 8.517580 6.400000
      vertex 7.195888 8.634963 6.400000
    endloop
  endfacet
  facet normal -0.130526 0.991445 0.000000
    outer loop
      vertex 7.500000 8.675000 5.000000
      vertex 7.195888 8.634963 6.400000
      vertex 7.500000 8.675000 6.400000
    endloop
  endfacet
  facet normal 0.130526 0.991445 0.000000
    outer loop
      vertex 7.804112 8.634963 5.000000
      vertex 7.500000 8.675000 6.400000
      vertex 7.804112 8.634963 6.400000
    endloop
  endfacet
  facet normal 0.608761 0.793354 0.000000
    outer loop
      vertex 8.330851 8.330851 5.000000
      vertex 8.087500 8.517580 6.400000
      vertex 8.330851 8.330851 6.400000
    endloop
  endfacet
  facet normal 0.793354 0.608761 0.000000
    outer loop
      vertex 8.517580 8.087500 5.000000
      vertex 8.330851 8.330851 6.400000
      vertex 8.517580 8.087500 6.400000
    endloop
  endfacet
  facet normal 0.382684 0.923879 0.000000
    outer loop
      vertex 8.087500 8.517580 5.000000
      vertex 7.804112 8.634963 6.400000
      vertex 8.087500 8.517580 6.400000
    endloop
  endfacet
  facet normal -0.773011 -0.634393 0.000000
    outer loop
      vertex 5.732233 54.732231 2.000000
      vertex 5.421326 55.111073 5.000000
      vertex 5.421326 55.111073 2.000000
    endloop
  endfacet
  facet normal -0.881922 -0.471394 0.000000
    outer loop
      vertex 5.421326 55.111073 2.000000
      vertex 5.190301 55.543293 5.000000
      vertex 5.190301 55.543293 2.000000
    endloop
  endfacet
  facet normal -0.956940 -0.290285 0.000000
    outer loop
      vertex 5.190301 55.543293 2.000000
      vertex 5.048037 56.012276 5.000000
      vertex 5.048037 56.012276 2.000000
    endloop
  endfacet
  facet normal -0.471398 -0.881921 0.000000
    outer loop
      vertex 6.111074 54.421326 2.000000
      vertex 6.543292 54.190300 2.000000
      vertex 6.111074 54.421326 5.000000
    endloop
  endfacet
  facet normal -0.634391 -0.773012 0.000000
    outer loop
      vertex 5.732233 54.732231 2.000000
      vertex 6.111074 54.421326 2.000000
      vertex 5.732233 54.732231 5.000000
    endloop
  endfacet
  facet normal -0.290279 -0.956942 0.000000
    outer loop
      vertex 6.543292 54.190300 2.000000
      vertex 7.012274 54.048038 2.000000
      vertex 6.543292 54.190300 5.000000
    endloop
  endfacet
  facet normal -0.098021 -0.995184 0.000000
    outer loop
      vertex 7.012274 54.048038 2.000000
      vertex 7.500000 54.000000 2.000000
      vertex 7.012274 54.048038 5.000000
    endloop
  endfacet
  facet normal 0.098021 -0.995184 0.000000
    outer loop
      vertex 7.500000 54.000000 2.000000
      vertex 7.987726 54.048038 2.000000
      vertex 7.500000 54.000000 5.000000
    endloop
  endfacet
  facet normal 0.290279 -0.956942 0.000000
    outer loop
      vertex 7.987726 54.048038 2.000000
      vertex 8.456709 54.190300 2.000000
      vertex 7.987726 54.048038 5.000000
    endloop
  endfacet
  facet normal 0.471398 -0.881920 0.000000
    outer loop
      vertex 8.456709 54.190300 2.000000
      vertex 8.888926 54.421326 2.000000
      vertex 8.456709 54.190300 5.000000
    endloop
  endfacet
  facet normal 0.634391 -0.773012 0.000000
    outer loop
      vertex 8.888926 54.421326 2.000000
      vertex 9.267767 54.732231 2.000000
      vertex 8.888926 54.421326 5.000000
    endloop
  endfacet
  facet normal 0.773010 -0.634394 0.000000
    outer loop
      vertex 9.267767 54.732231 2.000000
      vertex 9.578674 55.111073 2.000000
      vertex 9.267767 54.732231 5.000000
    endloop
  endfacet
  facet normal 0.881923 -0.471394 0.000000
    outer loop
      vertex 9.578674 55.111073 2.000000
      vertex 9.809699 55.543293 2.000000
      vertex 9.578674 55.111073 5.000000
    endloop
  endfacet
  facet normal 0.956940 -0.290285 0.000000
    outer loop
      vertex 9.809699 55.543293 2.000000
      vertex 9.951963 56.012276 2.000000
      vertex 9.809699 55.543293 5.000000
    endloop
  endfacet
  facet normal -0.773011 -0.634393 0.000000
    outer loop
      vertex 5.732233 54.732231 2.000000
      vertex 5.732233 54.732231 5.000000
      vertex 5.421326 55.111073 5.000000
    endloop
  endfacet
  facet normal -0.881922 -0.471394 0.000000
    outer loop
      vertex 5.421326 55.111073 2.000000
      vertex 5.421326 55.111073 5.000000
      vertex 5.190301 55.543293 5.000000
    endloop
  endfacet
  facet normal -0.956940 -0.290285 0.000000
    outer loop
      vertex 5.190301 55.543293 2.000000
      vertex 5.190301 55.543293 5.000000
      vertex 5.048037 56.012276 5.000000
    endloop
  endfacet
  facet normal -0.471398 -0.881921 0.000000
    outer loop
      vertex 6.543292 54.190300 2.000000
      vertex 6.543292 54.190300 5.000000
      vertex 6.111074 54.421326 5.000000
    endloop
  endfacet
  facet normal -0.634391 -0.773012 0.000000
    outer loop
      vertex 6.111074 54.421326 2.000000
      vertex 6.111074 54.421326 5.000000
      vertex 5.732233 54.732231 5.000000
    endloop
  endfacet
  facet normal -0.290279 -0.956942 0.000000
    outer loop
      vertex 7.012274 54.048038 2.000000
      vertex 7.012274 54.048038 5.000000
      vertex 6.543292 54.190300 5.000000
    endloop
  endfacet
  facet normal -0.098021 -0.995184 0.000000
    outer loop
      vertex 7.500000 54.000000 2.000000
      vertex 7.500000 54.000000 5.000000
      vertex 7.012274 54.048038 5.000000
    endloop
  endfacet
  facet normal 0.098021 -0.995184 0.000000
    outer loop
      vertex 7.987726 54.048038 2.000000
      vertex 7.987726 54.048038 5.000000
      vertex 7.500000 54.000000 5.000000
    endloop
  endfacet
  facet normal 0.290279 -0.956942 0.000000
    outer loop
      vertex 8.456709 54.190300 2.000000
      vertex 8.456709 54.190300 5.000000
      vertex 7.987726 54.048038 5.000000
    endloop
  endfacet
  facet normal 0.471398 -0.881920 0.000000
    outer loop
      vertex 8.888926 54.421326 2.000000
      vertex 8.888926 54.421326 5.000000
      vertex 8.456709 54.190300 5.000000
    endloop
  endfacet
  facet normal 0.634391 -0.773012 0.000000
    outer loop
      vertex 9.267767 54.732231 2.000000
      vertex 9.267767 54.732231 5.000000
      vertex 8.888926 54.421326 5.000000
    endloop
  endfacet
  facet normal 0.773010 -0.634394 0.000000
    outer loop
      vertex 9.578674 55.111073 2.000000
      vertex 9.578674 55.111073 5.000000
      vertex 9.267767 54.732231 5.000000
    endloop
  endfacet
  facet normal 0.881923 -0.471394 0.000000
    outer loop
      vertex 9.809699 55.543293 2.000000
      vertex 9.809699 55.543293 5.000000
      vertex 9.578674 55.111073 5.000000
    endloop
  endfacet
  facet normal 0.956940 -0.290285 0.000000
    outer loop
      vertex 9.809699 55.543293 5.000000
      vertex 9.951963 56.012276 2.000000
      vertex 9.951963 56.012276 5.000000
    endloop
  endfacet
  facet normal 0.000000 0.000000 1.000000
    outer loop
      vertex 6.111074 54.421326 5.000000
      vertex 6.543292 54.190300 5.000000
      vertex 6.482420 55.912498 5.000000
    endloop
  endfacet
  facet normal 0.000000 0.000000 1.000000
    outer loop
      vertex 6.543292 54.190300 5.000000
      vertex 7.012274 54.048038 5.000000
      vertex 6.912500 55.482422 5.000000
    endloop
  endfacet
  facet normal 0.000000 0.000000 1.000000
    outer loop
      vertex 7.012274 54.048038 5.000000
      vertex 7.195888 55.365036 5.000000
      vertex 6.912500 55.482422 5.000000
    endloop
  endfacet
  facet normal 0.000000 0.000000 1.000000
    outer loop
      vertex 7.012274 54.048038 5.000000
      vertex 7.500000 55.325001 5.000000
      vertex 7.195888 55.365036 5.000000
    endloop
  endfacet
  facet normal 0.000000 0.000000 1.000000
    outer loop
      vertex 5.732233 54.732231 5.000000
      vertex 6.111074 54.421326 5.000000
      vertex 6.111074 58.578674 5.000000
    endloop
  endfacet
  facet normal 0.000000 0.000000 1.000000
    outer loop
      vertex 6.111074 54.421326 5.000000
      vertex 6.482420 55.912498 5.000000
      vertex 6.365037 56.195889 5.000000
    endloop
  endfacet
  facet normal 0.000000 0.000000 1.000000
    outer loop
      vertex 6.111074 54.421326 5.000000
      vertex 6.365037 56.195889 5.000000
      vertex 6.325000 56.500000 5.000000
    endloop
  endfacet
  facet normal 0.000000 0.000000 1.000000
    outer loop
      vertex 6.543292 54.190300 5.000000
      vertex 6.912500 55.482422 5.000000
      vertex 6.669149 55.669151 5.000000
    endloop
  endfacet
  facet normal 0.000000 0.000000 1.000000
    outer loop
      vertex 6.543292 54.190300 5.000000
      vertex 6.669149 55.669151 5.000000
      vertex 6.482420 55.912498 5.000000
    endloop
  endfacet
  facet normal 0.000000 0.000000 1.000000
    outer loop
      vertex 7.012274 54.048038 5.000000
      vertex 7.500000 54.000000 5.000000
      vertex 7.500000 55.325001 5.000000
    endloop
  endfacet
  facet normal 0.000000 0.000000 1.000000
    outer loop
      vertex 7.500000 54.000000 5.000000
      vertex 7.987726 54.048038 5.000000
      vertex 7.500000 55.325001 5.000000
    endloop
  endfacet
  facet normal 0.000000 0.000000 1.000000
    outer loop
      vertex 7.987726 54.048038 5.000000
      vertex 7.804112 55.365036 5.000000
      vertex 7.500000 55.325001 5.000000
    endloop
  endfacet
  facet normal 0.000000 0.000000 1.000000
    outer loop
      vertex 7.987726 54.048038 5.000000
      vertex 8.087500 55.482422 5.000000
      vertex 7.804112 55.365036 5.000000
    endloop
  endfacet
  facet normal 0.000000 0.000000 1.000000
    outer loop
      vertex 7.987726 54.048038 5.000000
      vertex 8.456709 54.190300 5.000000
      vertex 8.087500 55.482422 5.000000
    endloop
  endfacet
  facet normal 0.000000 0.000000 1.000000
    outer loop
      vertex 8.456709 54.190300 5.000000
      vertex 8.330851 55.669151 5.000000
      vertex 8.087500 55.482422 5.000000
    endloop
  endfacet
  facet normal 0.000000 0.000000 1.000000
    outer loop
      vertex 8.456709 54.190300 5.000000
      vertex 8.517580 55.912498 5.000000
      vertex 8.330851 55.669151 5.000000
    endloop
  endfacet
  facet normal 0.000000 0.000000 1.000000
    outer loop
      vertex 8.456709 54.190300 5.000000
      vertex 8.634963 56.195889 5.000000
      vertex 8.517580 55.912498 5.000000
    endloop
  endfacet
  facet normal 0.000000 0.000000 1.000000
    outer loop
      vertex 8.456709 54.190300 5.000000
      vertex 8.675000 56.500000 5.000000
      vertex 8.634963 56.195889 5.000000
    endloop
  endfacet
  facet normal 0.000000 0.000000 1.000000
    outer loop
      vertex 8.456709 54.190300 5.000000
      vertex 8.888926 54.421326 5.000000
      vertex 8.888926 58.578674 5.000000
    endloop
  endfacet
  facet normal 0.000000 0.000000 1.000000
    outer loop
      vertex 8.888926 54.421326 5.000000
      vertex 9.267767 54.732231 5.000000
      vertex 9.267767 58.267769 5.000000
    endloop
  endfacet
  facet normal 0.000000 0.000000 1.000000
    outer loop
      vertex 9.267767 54.732231 5.000000
      vertex 9.578674 55.111073 5.000000
      vertex 9.578674 57.888927 5.000000
    endloop
  endfacet
  facet normal -0.995185 -0.098017 0.000000
    outer loop
      vertex 5.048037 56.012276 2.000000
      vertex 5.000000 56.500000 5.000000
      vertex 5.000000 56.500000 2.000000
    endloop
  endfacet
  facet normal -0.995185 0.098017 0.000000
    outer loop
      vertex 5.000000 56.500000 2.000000
      vertex 5.048037 56.987724 5.000000
      vertex 5.048037 56.987724 2.000000
    endloop
  endfacet
  facet normal -0.956940 0.290285 0.000000
    outer loop
      vertex 5.048037 56.987724 2.000000
      vertex 5.190301 57.456707 5.000000
      vertex 5.190301 57.456707 2.000000
    endloop
  endfacet
  facet normal -0.881922 0.471394 0.000000
    outer loop
      vertex 5.190301 57.456707 2.000000
      vertex 5.421326 57.888927 5.000000
      vertex 5.421326 57.888927 2.000000
    endloop
  endfacet
  facet normal -0.773011 0.634393 0.000000
    outer loop
      vertex 5.421326 57.888927 2.000000
      vertex 5.732233 58.267769 5.000000
      vertex 5.732233 58.267769 2.000000
    endloop
  endfacet
  facet normal -0.634391 0.773012 0.000000
    outer loop
      vertex 5.732233 58.267769 2.000000
      vertex 6.111074 58.578674 5.000000
      vertex 6.111074 58.578674 2.000000
    endloop
  endfacet
  facet normal -0.471398 0.881921 0.000000
    outer loop
      vertex 6.111074 58.578674 2.000000
      vertex 6.543292 58.809700 5.000000
      vertex 6.543292 58.809700 2.000000
    endloop
  endfacet
  facet normal -0.290279 0.956942 0.000000
    outer loop
      vertex 6.543292 58.809700 2.000000
      vertex 7.012274 58.951962 5.000000
      vertex 7.012274 58.951962 2.000000
    endloop
  endfacet
  facet normal -0.098021 0.995184 0.000000
    outer loop
      vertex 7.012274 58.951962 2.000000
      vertex 7.500000 59.000000 5.000000
      vertex 7.500000 59.000000 2.000000
    endloop
  endfacet
  facet normal 0.098021 0.995184 0.000000
    outer loop
      vertex 7.987726 58.951962 2.000000
      vertex 7.500000 59.000000 2.000000
      vertex 7.987726 58.951962 5.000000
    endloop
  endfacet
  facet normal 0.290279 0.956942 0.000000
    outer loop
      vertex 7.987726 58.951962 2.000000
      vertex 8.456709 58.809700 5.000000
      vertex 8.456709 58.809700 2.000000
    endloop
  endfacet
  facet normal 0.995185 -0.098017 0.000000
    outer loop
      vertex 9.951963 56.012276 2.000000
      vertex 10.000000 56.500000 2.000000
      vertex 9.951963 56.012276 5.000000
    endloop
  endfacet
  facet normal 0.995185 0.098017 0.000000
    outer loop
      vertex 10.000000 56.500000 2.000000
      vertex 9.951963 56.987724 2.000000
      vertex 10.000000 56.500000 5.000000
    endloop
  endfacet
  facet normal 0.956940 0.290285 0.000000
    outer loop
      vertex 9.951963 56.987724 2.000000
      vertex 9.809699 57.456707 2.000000
      vertex 9.951963 56.987724 5.000000
    endloop
  endfacet
  facet normal 0.881923 0.471394 0.000000
    outer loop
      vertex 9.809699 57.456707 2.000000
      vertex 9.578674 57.888927 2.000000
      vertex 9.809699 57.456707 5.000000
    endloop
  endfacet
  facet normal 0.634391 0.773012 0.000000
    outer loop
      vertex 9.267767 58.267769 2.000000
      vertex 8.888926 58.578674 2.000000
      vertex 9.267767 58.267769 5.000000
    endloop
  endfacet
  facet normal 0.471398 0.881920 0.000000
    outer loop
      vertex 8.456709 58.809700 2.000000
      vertex 8.888926 58.578674 5.000000
      vertex 8.888926 58.578674 2.000000
    endloop
  endfacet
  facet normal 0.773010 0.634394 0.000000
    outer loop
      vertex 9.578674 57.888927 2.000000
      vertex 9.267767 58.267769 2.000000
      vertex 9.578674 57.888927 5.000000
    endloop
  endfacet
  facet normal -0.995185 -0.098017 0.000000
    outer loop
      vertex 5.048037 56.012276 2.000000
      vertex 5.048037 56.012276 5.000000
      vertex 5.000000 56.500000 5.000000
    endloop
  endfacet
  facet normal -0.995185 0.098017 0.000000
    outer loop
      vertex 5.000000 56.500000 2.000000
      vertex 5.000000 56.500000 5.000000
      vertex 5.048037 56.987724 5.000000
    endloop
  endfacet
  facet normal -0.956940 0.290285 0.000000
    outer loop
      vertex 5.048037 56.987724 2.000000
      vertex 5.048037 56.987724 5.000000
      vertex 5.190301 57.456707 5.000000
    endloop
  endfacet
  facet normal -0.881922 0.471394 0.000000
    outer loop
      vertex 5.190301 57.456707 2.000000
      vertex 5.190301 57.456707 5.000000
      vertex 5.421326 57.888927 5.000000
    endloop
  endfacet
  facet normal -0.773011 0.634393 0.000000
    outer loop
      vertex 5.421326 57.888927 2.000000
      vertex 5.421326 57.888927 5.000000
      vertex 5.732233 58.267769 5.000000
    endloop
  endfacet
  facet normal 0.000000 0.000000 1.000000
    outer loop
      vertex 5.048037 56.012276 5.000000
      vertex 5.048037 56.987724 5.000000
      vertex 5.000000 56.500000 5.000000
    endloop
  endfacet
  facet normal 0.000000 0.000000 1.000000
    outer loop
      vertex 5.421326 55.111073 5.000000
      vertex 5.421326 57.888927 5.000000
      vertex 5.190301 55.543293 5.000000
    endloop
  endfacet
  facet normal 0.000000 0.000000 1.000000
    outer loop
      vertex 5.190301 55.543293 5.000000
      vertex 5.190301 57.456707 5.000000
      vertex 5.048037 56.012276 5.000000
    endloop
  endfacet
  facet normal 0.000000 0.000000 1.000000
    outer loop
      vertex 5.732233 54.732231 5.000000
      vertex 5.732233 58.267769 5.000000
      vertex 5.421326 55.111073 5.000000
    endloop
  endfacet
  facet normal 0.000000 0.000000 1.000000
    outer loop
      vertex 5.048037 56.012276 5.000000
      vertex 5.190301 57.456707 5.000000
      vertex 5.048037 56.987724 5.000000
    endloop
  endfacet
  facet normal 0.000000 0.000000 1.000000
    outer loop
      vertex 5.190301 55.543293 5.000000
      vertex 5.421326 57.888927 5.000000
      vertex 5.190301 57.456707 5.000000
    endloop
  endfacet
  facet normal 0.000000 0.000000 1.000000
    outer loop
      vertex 5.421326 55.111073 5.000000
      vertex 5.732233 58.267769 5.000000
      vertex 5.421326 57.888927 5.000000
    endloop
  endfacet
  facet normal -0.634391 0.773012 0.000000
    outer loop
      vertex 5.732233 58.267769 2.000000
      vertex 5.732233 58.267769 5.000000
      vertex 6.111074 58.578674 5.000000
    endloop
  endfacet
  facet normal -0.471398 0.881921 0.000000
    outer loop
      vertex 6.111074 58.578674 2.000000
      vertex 6.111074 58.578674 5.000000
      vertex 6.543292 58.809700 5.000000
    endloop
  endfacet
  facet normal -0.290279 0.956942 0.000000
    outer loop
      vertex 6.543292 58.809700 2.000000
      vertex 6.543292 58.809700 5.000000
      vertex 7.012274 58.951962 5.000000
    endloop
  endfacet
  facet normal -0.098021 0.995184 0.000000
    outer loop
      vertex 7.012274 58.951962 2.000000
      vertex 7.012274 58.951962 5.000000
      vertex 7.500000 59.000000 5.000000
    endloop
  endfacet
  facet normal 0.098021 0.995184 0.000000
    outer loop
      vertex 7.500000 59.000000 2.000000
      vertex 7.500000 59.000000 5.000000
      vertex 7.987726 58.951962 5.000000
    endloop
  endfacet
  facet normal 0.290279 0.956942 0.000000
    outer loop
      vertex 7.987726 58.951962 2.000000
      vertex 7.987726 58.951962 5.000000
      vertex 8.456709 58.809700 5.000000
    endloop
  endfacet
  facet normal 0.471398 0.881920 0.000000
    outer loop
      vertex 8.456709 58.809700 2.000000
      vertex 8.456709 58.809700 5.000000
      vertex 8.888926 58.578674 5.000000
    endloop
  endfacet
  facet normal 0.995185 -0.098017 0.000000
    outer loop
      vertex 10.000000 56.500000 2.000000
      vertex 10.000000 56.500000 5.000000
      vertex 9.951963 56.012276 5.000000
    endloop
  endfacet
  facet normal 0.995185 0.098017 0.000000
    outer loop
      vertex 9.951963 56.987724 2.000000
      vertex 9.951963 56.987724 5.000000
      vertex 10.000000 56.500000 5.000000
    endloop
  endfacet
  facet normal 0.956940 0.290285 0.000000
    outer loop
      vertex 9.809699 57.456707 2.000000
      vertex 9.809699 57.456707 5.000000
      vertex 9.951963 56.987724 5.000000
    endloop
  endfacet
  facet normal 0.881923 0.471394 0.000000
    outer loop
      vertex 9.578674 57.888927 2.000000
      vertex 9.578674 57.888927 5.000000
      vertex 9.809699 57.456707 5.000000
    endloop
  endfacet
  facet normal 0.634391 0.773012 0.000000
    outer loop
      vertex 8.888926 58.578674 2.000000
      vertex 8.888926 58.578674 5.000000
      vertex 9.267767 58.267769 5.000000
    endloop
  endfacet
  facet normal 0.773010 0.634394 0.000000
    outer loop
      vertex 9.267767 58.267769 2.000000
      vertex 9.267767 58.267769 5.000000
      vertex 9.578674 57.888927 5.000000
    endloop
  endfacet
  facet normal 0.000000 0.000000 1.000000
    outer loop
      vertex 6.111074 54.421326 5.000000
      vertex 6.325000 56.500000 5.000000
      vertex 6.543292 58.809700 5.000000
    endloop
  endfacet
  facet normal 0.000000 0.000000 1.000000
    outer loop
      vertex 5.732233 54.732231 5.000000
      vertex 6.111074 58.578674 5.000000
      vertex 5.732233 58.267769 5.000000
    endloop
  endfacet
  facet normal 0.000000 0.000000 1.000000
    outer loop
      vertex 6.111074 54.421326 5.000000
      vertex 6.543292 58.809700 5.000000
      vertex 6.111074 58.578674 5.000000
    endloop
  endfacet
  facet normal 0.000000 0.000000 1.000000
    outer loop
      vertex 6.325000 56.500000 5.000000
      vertex 6.365037 56.804111 5.000000
      vertex 6.543292 58.809700 5.000000
    endloop
  endfacet
  facet normal 0.000000 0.000000 1.000000
    outer loop
      vertex 6.365037 56.804111 5.000000
      vertex 6.482420 57.087502 5.000000
      vertex 6.543292 58.809700 5.000000
    endloop
  endfacet
  facet normal 0.000000 0.000000 1.000000
    outer loop
      vertex 6.482420 57.087502 5.000000
      vertex 6.669149 57.330849 5.000000
      vertex 6.543292 58.809700 5.000000
    endloop
  endfacet
  facet normal 0.000000 0.000000 1.000000
    outer loop
      vertex 6.669149 57.330849 5.000000
      vertex 6.912500 57.517578 5.000000
      vertex 6.543292 58.809700 5.000000
    endloop
  endfacet
  facet normal 0.000000 0.000000 1.000000
    outer loop
      vertex 8.456709 54.190300 5.000000
      vertex 8.888926 58.578674 5.000000
      vertex 8.675000 56.500000 5.000000
    endloop
  endfacet
  facet normal 0.000000 0.000000 1.000000
    outer loop
      vertex 8.634963 56.804111 5.000000
      vertex 8.888926 58.578674 5.000000
      vertex 8.517580 57.087502 5.000000
    endloop
  endfacet
  facet normal 0.000000 0.000000 1.000000
    outer loop
      vertex 8.330851 57.330849 5.000000
      vertex 8.456709 58.809700 5.000000
      vertex 8.087500 57.517578 5.000000
    endloop
  endfacet
  facet normal 0.000000 0.000000 1.000000
    outer loop
      vertex 8.330851 57.330849 5.000000
      vertex 8.517580 57.087502 5.000000
      vertex 8.456709 58.809700 5.000000
    endloop
  endfacet
  facet normal 0.000000 0.000000 1.000000
    outer loop
      vertex 6.912500 57.517578 5.000000
      vertex 7.012274 58.951962 5.000000
      vertex 6.543292 58.809700 5.000000
    endloop
  endfacet
  facet normal 0.000000 0.000000 1.000000
    outer loop
      vertex 6.912500 57.517578 5.000000
      vertex 7.195888 57.634964 5.000000
      vertex 7.012274 58.951962 5.000000
    endloop
  endfacet
  facet normal 0.000000 0.000000 1.000000
    outer loop
      vertex 7.195888 57.634964 5.000000
      vertex 7.500000 57.674999 5.000000
      vertex 7.012274 58.951962 5.000000
    endloop
  endfacet
  facet normal 0.000000 0.000000 1.000000
    outer loop
      vertex 7.500000 57.674999 5.000000
      vertex 7.804112 57.634964 5.000000
      vertex 7.987726 58.951962 5.000000
    endloop
  endfacet
  facet normal 0.000000 0.000000 1.000000
    outer loop
      vertex 7.804112 57.634964 5.000000
      vertex 8.087500 57.517578 5.000000
      vertex 7.987726 58.951962 5.000000
    endloop
  endfacet
  facet normal 0.000000 0.000000 1.000000
    outer loop
      vertex 7.500000 57.674999 5.000000
      vertex 7.500000 59.000000 5.000000
      vertex 7.012274 58.951962 5.000000
    endloop
  endfacet
  facet normal 0.000000 0.000000 1.000000
    outer loop
      vertex 7.500000 57.674999 5.000000
      vertex 7.987726 58.951962 5.000000
      vertex 7.500000 59.000000 5.000000
    endloop
  endfacet
  facet normal 0.000000 0.000000 1.000000
    outer loop
      vertex 8.087500 57.517578 5.000000
      vertex 8.456709 58.809700 5.000000
      vertex 7.987726 58.951962 5.000000
    endloop
  endfacet
  facet normal 0.000000 0.000000 1.000000
    outer loop
      vertex 8.517580 57.087502 5.000000
      vertex 8.888926 58.578674 5.000000
      vertex 8.456709 58.809700 5.000000
    endloop
  endfacet
  facet normal 0.000000 0.000000 1.000000
    outer loop
      vertex 9.267767 54.732231 5.000000
      vertex 9.578674 57.888927 5.000000
      vertex 9.267767 58.267769 5.000000
    endloop
  endfacet
  facet normal 0.000000 0.000000 1.000000
    outer loop
      vertex 9.578674 55.111073 5.000000
      vertex 9.809699 55.543293 5.000000
      vertex 9.809699 57.456707 5.000000
    endloop
  endfacet
  facet normal 0.000000 0.000000 1.000000
    outer loop
      vertex 9.809699 55.543293 5.000000
      vertex 9.951963 56.012276 5.000000
      vertex 9.951963 56.987724 5.000000
    endloop
  endfacet
  facet normal 0.000000 0.000000 1.000000
    outer loop
      vertex 9.578674 55.111073 5.000000
      vertex 9.809699 57.456707 5.000000
      vertex 9.578674 57.888927 5.000000
    endloop
  endfacet
  facet normal 0.000000 0.000000 1.000000
    outer loop
      vertex 9.951963 56.012276 5.000000
      vertex 10.000000 56.500000 5.000000
      vertex 9.951963 56.987724 5.000000
    endloop
  endfacet
  facet normal 0.000000 0.000000 1.000000
    outer loop
      vertex 9.809699 55.543293 5.000000
      vertex 9.951963 56.987724 5.000000
      vertex 9.809699 57.456707 5.000000
    endloop
  endfacet
  facet normal 0.000000 0.000000 1.000000
    outer loop
      vertex 8.888926 54.421326 5.000000
      vertex 9.267767 58.267769 5.000000
      vertex 8.888926 58.578674 5.000000
    endloop
  endfacet
  facet normal 0.000000 0.000000 1.000000
    outer loop
      vertex 8.675000 56.500000 5.000000
      vertex 8.888926 58.578674 5.000000
      vertex 8.634963 56.804111 5.000000
    endloop
  endfacet
  facet normal -0.382691 -0.923876 0.000000
    outer loop
      vertex 6.912500 55.482422 5.000000
      vertex 7.195888 55.365036 5.000000
      vertex 7.195888 55.365036 6.400000
    endloop
  endfacet
  facet normal -0.608761 -0.793353 0.000000
    outer loop
      vertex 6.912500 55.482422 5.000000
      vertex 6.912500 55.482422 6.400000
      vertex 6.669149 55.669151 5.000000
    endloop
  endfacet
  facet normal -0.793349 -0.608767 0.000000
    outer loop
      vertex 6.482420 55.912498 5.000000
      vertex 6.669149 55.669151 5.000000
      vertex 6.669149 55.669151 6.400000
    endloop
  endfacet
  facet normal -0.130520 -0.991446 0.000000
    outer loop
      vertex 7.195888 55.365036 5.000000
      vertex 7.500000 55.325001 5.000000
      vertex 7.500000 55.325001 6.400000
    endloop
  endfacet
  facet normal 0.130520 -0.991446 0.000000
    outer loop
      vertex 7.500000 55.325001 5.000000
      vertex 7.804112 55.365036 5.000000
      vertex 7.804112 55.365036 6.400000
    endloop
  endfacet
  facet normal 0.382692 -0.923876 0.000000
    outer loop
      vertex 7.804112 55.365036 5.000000
      vertex 8.087500 55.482422 5.000000
      vertex 8.087500 55.482422 6.400000
    endloop
  endfacet
  facet normal 0.608761 -0.793354 0.000000
    outer loop
      vertex 8.087500 55.482422 5.000000
      vertex 8.330851 55.669151 5.000000
      vertex 8.330851 55.669151 6.400000
    endloop
  endfacet
  facet normal 0.793349 -0.608767 0.000000
    outer loop
      vertex 8.330851 55.669151 5.000000
      vertex 8.517580 55.912498 5.000000
      vertex 8.517580 55.912498 6.400000
    endloop
  endfacet
  facet normal -0.382691 -0.923876 0.000000
    outer loop
      vertex 6.912500 55.482422 5.000000
      vertex 7.195888 55.365036 6.400000
      vertex 6.912500 55.482422 6.400000
    endloop
  endfacet
  facet normal -0.608761 -0.793353 0.000000
    outer loop
      vertex 6.669149 55.669151 5.000000
      vertex 6.912500 55.482422 6.400000
      vertex 6.669149 55.669151 6.400000
    endloop
  endfacet
  facet normal -0.793349 -0.608767 0.000000
    outer loop
      vertex 6.482420 55.912498 5.000000
      vertex 6.669149 55.669151 6.400000
      vertex 6.482420 55.912498 6.400000
    endloop
  endfacet
  facet normal -0.130520 -0.991446 0.000000
    outer loop
      vertex 7.195888 55.365036 5.000000
      vertex 7.500000 55.325001 6.400000
      vertex 7.195888 55.365036 6.400000
    endloop
  endfacet
  facet normal 0.130520 -0.991446 0.000000
    outer loop
      vertex 7.500000 55.325001 5.000000
      vertex 7.804112 55.365036 6.400000
      vertex 7.500000 55.325001 6.400000
    endloop
  endfacet
  facet normal 0.382692 -0.923876 0.000000
    outer loop
      vertex 7.804112 55.365036 5.000000
      vertex 8.087500 55.482422 6.400000
      vertex 7.804112 55.365036 6.400000
    endloop
  endfacet
  facet normal 0.608761 -0.793354 0.000000
    outer loop
      vertex 8.087500 55.482422 5.000000
      vertex 8.330851 55.669151 6.400000
      vertex 8.087500 55.482422 6.400000
    endloop
  endfacet
  facet normal 0.793349 -0.608767 0.000000
    outer loop
      vertex 8.330851 55.669151 5.000000
      vertex 8.517580 55.912498 6.400000
      vertex 8.330851 55.669151 6.400000
    endloop
  endfacet
  facet normal -0.923881 -0.382681 0.000000
    outer loop
      vertex 6.482420 55.912498 5.000000
      vertex 6.482420 55.912498 6.400000
      vertex 6.365037 56.195889 5.000000
    endloop
  endfacet
  facet normal -0.991445 -0.130527 0.000000
    outer loop
      vertex 6.365037 56.195889 5.000000
      vertex 6.365037 56.195889 6.400000
      vertex 6.325000 56.500000 5.000000
    endloop
  endfacet
  facet normal -0.991445 0.130527 0.000000
    outer loop
      vertex 6.325000 56.500000 5.000000
      vertex 6.325000 56.500000 6.400000
      vertex 6.365037 56.804111 5.000000
    endloop
  endfacet
  facet normal -0.923881 0.382681 0.000000
    outer loop
      vertex 6.365037 56.804111 5.000000
      vertex 6.365037 56.804111 6.400000
      vertex 6.482420 57.087502 5.000000
    endloop
  endfacet
  facet normal -0.793349 0.608767 0.000000
    outer loop
      vertex 6.482420 57.087502 5.000000
      vertex 6.482420 57.087502 6.400000
      vertex 6.669149 57.330849 5.000000
    endloop
  endfacet
  facet normal -0.608761 0.793353 0.000000
    outer loop
      vertex 6.669149 57.330849 5.000000
      vertex 6.669149 57.330849 6.400000
      vertex 6.912500 57.517578 5.000000
    endloop
  endfacet
  facet normal -0.382691 0.923876 0.000000
    outer loop
      vertex 6.912500 57.517578 5.000000
      vertex 6.912500 57.517578 6.400000
      vertex 7.195888 57.634964 5.000000
    endloop
  endfacet
  facet normal 0.923881 -0.382681 0.000000
    outer loop
      vertex 8.517580 55.912498 5.000000
      vertex 8.634963 56.195889 5.000000
      vertex 8.634963 56.195889 6.400000
    endloop
  endfacet
  facet normal 0.991445 -0.130527 0.000000
    outer loop
      vertex 8.634963 56.195889 5.000000
      vertex 8.675000 56.500000 5.000000
      vertex 8.675000 56.500000 6.400000
    endloop
  endfacet
  facet normal 0.991445 0.130527 0.000000
    outer loop
      vertex 8.675000 56.500000 5.000000
      vertex 8.634963 56.804111 5.000000
      vertex 8.634963 56.804111 6.400000
    endloop
  endfacet
  facet normal 0.923881 0.382681 0.000000
    outer loop
      vertex 8.634963 56.804111 5.000000
      vertex 8.517580 57.087502 5.000000
      vertex 8.517580 57.087502 6.400000
    endloop
  endfacet
  facet normal -0.130520 0.991446 0.000000
    outer loop
      vertex 7.195888 57.634964 5.000000
      vertex 7.195888 57.634964 6.400000
      vertex 7.500000 57.674999 5.000000
    endloop
  endfacet
  facet normal 0.130520 0.991446 0.000000
    outer loop
      vertex 7.500000 57.674999 5.000000
      vertex 7.500000 57.674999 6.400000
      vertex 7.804112 57.634964 5.000000
    endloop
  endfacet
  facet normal 0.382692 0.923876 0.000000
    outer loop
      vertex 7.804112 57.634964 5.000000
      vertex 7.804112 57.634964 6.400000
      vertex 8.087500 57.517578 5.000000
    endloop
  endfacet
  facet normal 0.608761 0.793354 0.000000
    outer loop
      vertex 8.330851 57.330849 5.000000
      vertex 8.087500 57.517578 5.000000
      vertex 8.087500 57.517578 6.400000
    endloop
  endfacet
  facet normal 0.793349 0.608767 0.000000
    outer loop
      vertex 8.330851 57.330849 5.000000
      vertex 8.330851 57.330849 6.400000
      vertex 8.517580 57.087502 5.000000
    endloop
  endfacet
  facet normal -0.923881 -0.382681 0.000000
    outer loop
      vertex 6.482420 55.912498 6.400000
      vertex 6.365037 56.195889 6.400000
      vertex 6.365037 56.195889 5.000000
    endloop
  endfacet
  facet normal -0.991445 -0.130527 0.000000
    outer loop
      vertex 6.325000 56.500000 5.000000
      vertex 6.365037 56.195889 6.400000
      vertex 6.325000 56.500000 6.400000
    endloop
  endfacet
  facet normal -0.991445 0.130527 0.000000
    outer loop
      vertex 6.365037 56.804111 5.000000
      vertex 6.325000 56.500000 6.400000
      vertex 6.365037 56.804111 6.400000
    endloop
  endfacet
  facet normal -0.923881 0.382681 0.000000
    outer loop
      vertex 6.482420 57.087502 5.000000
      vertex 6.365037 56.804111 6.400000
      vertex 6.482420 57.087502 6.400000
    endloop
  endfacet
  facet normal 0.000000 0.000000 1.000000
    outer loop
      vertex 6.482420 55.912498 6.400000
      vertex 6.482420 57.087502 6.400000
      vertex 6.365037 56.195889 6.400000
    endloop
  endfacet
  facet normal 0.000000 0.000000 1.000000
    outer loop
      vertex 6.365037 56.195889 6.400000
      vertex 6.365037 56.804111 6.400000
      vertex 6.325000 56.500000 6.400000
    endloop
  endfacet
  facet normal 0.000000 0.000000 1.000000
    outer loop
      vertex 6.365037 56.195889 6.400000
      vertex 6.482420 57.087502 6.400000
      vertex 6.365037 56.804111 6.400000
    endloop
  endfacet
  facet normal 0.000000 0.000000 1.000000
    outer loop
      vertex 6.912500 55.482422 6.400000
      vertex 6.912500 57.517578 6.400000
      vertex 6.669149 55.669151 6.400000
    endloop
  endfacet
  facet normal 0.000000 0.000000 1.000000
    outer loop
      vertex 6.482420 55.912498 6.400000
      vertex 6.669149 55.669151 6.400000
      vertex 6.669149 57.330849 6.400000
    endloop
  endfacet
  facet normal 0.000000 0.000000 1.000000
    outer loop
      vertex 6.912500 55.482422 6.400000
      vertex 7.195888 55.365036 6.400000
      vertex 7.195888 57.634964 6.400000
    endloop
  endfacet
  facet normal 0.000000 0.000000 1.000000
    outer loop
      vertex 6.482420 55.912498 6.400000
      vertex 6.669149 57.330849 6.400000
      vertex 6.482420 57.087502 6.400000
    endloop
  endfacet
  facet normal 0.000000 0.000000 1.000000
    outer loop
      vertex 6.669149 55.669151 6.400000
      vertex 6.912500 57.517578 6.400000
      vertex 6.669149 57.330849 6.400000
    endloop
  endfacet
  facet normal 0.000000 0.000000 1.000000
    outer loop
      vertex 6.912500 55.482422 6.400000
      vertex 7.195888 57.634964 6.400000
      vertex 6.912500 57.517578 6.400000
    endloop
  endfacet
  facet normal -0.793349 0.608767 0.000000
    outer loop
      vertex 6.669149 57.330849 5.000000
      vertex 6.482420 57.087502 6.400000
      vertex 6.669149 57.330849 6.400000
    endloop
  endfacet
  facet normal -0.608761 0.793353 0.000000
    outer loop
      vertex 6.912500 57.517578 5.000000
      vertex 6.669149 57.330849 6.400000
      vertex 6.912500 57.517578 6.400000
    endloop
  endfacet
  facet normal -0.382691 0.923876 0.000000
    outer loop
      vertex 7.195888 57.634964 5.000000
      vertex 6.912500 57.517578 6.400000
      vertex 7.195888 57.634964 6.400000
    endloop
  endfacet
  facet normal 0.923881 -0.382681 0.000000
    outer loop
      vertex 8.517580 55.912498 5.000000
      vertex 8.634963 56.195889 6.400000
      vertex 8.517580 55.912498 6.400000
    endloop
  endfacet
  facet normal 0.991445 -0.130527 0.000000
    outer loop
      vertex 8.634963 56.195889 5.000000
      vertex 8.675000 56.500000 6.400000
      vertex 8.634963 56.195889 6.400000
    endloop
  endfacet
  facet normal 0.991445 0.130527 0.000000
    outer loop
      vertex 8.675000 56.500000 5.000000
      vertex 8.634963 56.804111 6.400000
      vertex 8.675000 56.500000 6.400000
    endloop
  endfacet
  facet normal 0.923881 0.382681 0.000000
    outer loop
      vertex 8.634963 56.804111 5.000000
      vertex 8.517580 57.087502 6.400000
      vertex 8.634963 56.804111 6.400000
    endloop
  endfacet
  facet normal 0.000000 0.000000 1.000000
    outer loop
      vertex 7.195888 55.365036 6.400000
      vertex 7.500000 55.325001 6.400000
      vertex 7.500000 57.674999 6.400000
    endloop
  endfacet
  facet normal 0.000000 0.000000 1.000000
    outer loop
      vertex 7.500000 55.325001 6.400000
      vertex 7.804112 55.365036 6.400000
      vertex 7.804112 57.634964 6.400000
    endloop
  endfacet
  facet normal 0.000000 0.000000 1.000000
    outer loop
      vertex 7.195888 55.365036 6.400000
      vertex 7.500000 57.674999 6.400000
      vertex 7.195888 57.634964 6.400000
    endloop
  endfacet
  facet normal 0.000000 0.000000 1.000000
    outer loop
      vertex 7.500000 55.325001 6.400000
      vertex 7.804112 57.634964 6.400000
      vertex 7.500000 57.674999 6.400000
    endloop
  endfacet
  facet normal 0.000000 0.000000 1.000000
    outer loop
      vertex 7.804112 55.365036 6.400000
      vertex 8.087500 57.517578 6.400000
      vertex 7.804112 57.634964 6.400000
    endloop
  endfacet
  facet normal 0.000000 0.000000 1.000000
    outer loop
      vertex 7.804112 55.365036 6.400000
      vertex 8.087500 55.482422 6.400000
      vertex 8.087500 57.517578 6.400000
    endloop
  endfacet
  facet normal 0.000000 0.000000 1.000000
    outer loop
      vertex 8.087500 55.482422 6.400000
      vertex 8.330851 55.669151 6.400000
      vertex 8.330851 57.330849 6.400000
    endloop
  endfacet
  facet normal 0.000000 0.000000 1.000000
    outer loop
      vertex 8.330851 55.669151 6.400000
      vertex 8.517580 55.912498 6.400000
      vertex 8.517580 57.087502 6.400000
    endloop
  endfacet
  facet normal 0.000000 0.000000 1.000000
    outer loop
      vertex 8.517580 55.912498 6.400000
      vertex 8.634963 56.195889 6.400000
      vertex 8.634963 56.804111 6.400000
    endloop
  endfacet
  facet normal 0.000000 0.000000 1.000000
    outer loop
      vertex 8.087500 55.482422 6.400000
      vertex 8.330851 57.330849 6.400000
      vertex 8.087500 57.517578 6.400000
    endloop
  endfacet
  facet normal 0.000000 0.000000 1.000000
    outer loop
      vertex 8.330851 55.669151 6.400000
      vertex 8.517580 57.087502 6.400000
      vertex 8.330851 57.330849 6.400000
    endloop
  endfacet
  facet normal 0.000000 0.000000 1.000000
    outer loop
      vertex 8.517580 55.912498 6.400000
      vertex 8.634963 56.804111 6.400000
      vertex 8.517580 57.087502 6.400000
    endloop
  endfacet
  facet normal 0.000000 0.000000 1.000000
    outer loop
      vertex 8.634963 56.195889 6.400000
      vertex 8.675000 56.500000 6.400000
      vertex 8.634963 56.804111 6.400000
    endloop
  endfacet
  facet normal -0.130520 0.991446 0.000000
    outer loop
      vertex 7.500000 57.674999 5.000000
      vertex 7.195888 57.634964 6.400000
      vertex 7.500000 57.674999 6.400000
    endloop
  endfacet
  facet normal 0.130520 0.991446 0.000000
    outer loop
      vertex 7.804112 57.634964 5.000000
      vertex 7.500000 57.674999 6.400000
      vertex 7.804112 57.634964 6.400000
    endloop
  endfacet
  facet normal 0.608761 0.793354 0.000000
    outer loop
      vertex 8.330851 57.330849 5.000000
      vertex 8.087500 57.517578 6.400000
      vertex 8.330851 57.330849 6.400000
    endloop
  endfacet
  facet normal 0.793349 0.608767 0.000000
    outer loop
      vertex 8.517580 57.087502 5.000000
      vertex 8.330851 57.330849 6.400000
      vertex 8.517580 57.087502 6.400000
    endloop
  endfacet
  facet normal 0.382692 0.923876 0.000000
    outer loop
      vertex 8.087500 57.517578 5.000000
      vertex 7.804112 57.634964 6.400000
      vertex 8.087500 57.517578 6.400000
    endloop
  endfacet
  facet normal -0.773012 -0.634391 0.000000
    outer loop
      vertex 63.732231 5.732233 2.000000
      vertex 63.421326 6.111074 5.000000
      vertex 63.421326 6.111074 2.000000
    endloop
  endfacet
  facet normal -0.634389 -0.773014 0.000000
    outer loop
      vertex 63.732231 5.732233 2.000000
      vertex 64.111076 5.421326 2.000000
      vertex 63.732231 5.732233 5.000000
    endloop
  endfacet
  facet normal -0.956942 -0.290279 0.000000
    outer loop
      vertex 63.190300 6.543292 2.000000
      vertex 63.048038 7.012274 5.000000
      vertex 63.048038 7.012274 2.000000
    endloop
  endfacet
  facet normal -0.881921 -0.471398 0.000000
    outer loop
      vertex 63.190300 6.543292 2.000000
      vertex 63.421326 6.111074 2.000000
      vertex 63.190300 6.543292 5.000000
    endloop
  endfacet
  facet normal -0.995184 -0.098021 0.000000
    outer loop
      vertex 63.048038 7.012274 2.000000
      vertex 63.000000 7.500000 5.000000
      vertex 63.000000 7.500000 2.000000
    endloop
  endfacet
  facet normal -0.995184 0.098021 0.000000
    outer loop
      vertex 63.000000 7.500000 2.000000
      vertex 63.048038 7.987726 5.000000
      vertex 63.048038 7.987726 2.000000
    endloop
  endfacet
  facet normal -0.471401 -0.881919 0.000000
    outer loop
      vertex 64.111076 5.421326 2.000000
      vertex 64.543289 5.190301 2.000000
      vertex 64.111076 5.421326 5.000000
    endloop
  endfacet
  facet normal -0.290283 -0.956941 0.000000
    outer loop
      vertex 64.543289 5.190301 2.000000
      vertex 65.012276 5.048037 2.000000
      vertex 64.543289 5.190301 5.000000
    endloop
  endfacet
  facet normal -0.098017 -0.995185 0.000000
    outer loop
      vertex 65.012276 5.048037 2.000000
      vertex 65.500000 5.000000 2.000000
      vertex 65.012276 5.048037 5.000000
    endloop
  endfacet
  facet normal 0.098017 -0.995185 0.000000
    outer loop
      vertex 65.500000 5.000000 2.000000
      vertex 65.987724 5.048037 2.000000
      vertex 65.500000 5.000000 5.000000
    endloop
  endfacet
  facet normal 0.290283 -0.956941 0.000000
    outer loop
      vertex 65.987724 5.048037 2.000000
      vertex 66.456711 5.190301 2.000000
      vertex 65.987724 5.048037 5.000000
    endloop
  endfacet
  facet normal 0.471401 -0.881919 0.000000
    outer loop
      vertex 66.456711 5.190301 2.000000
      vertex 66.888924 5.421326 2.000000
      vertex 66.456711 5.190301 5.000000
    endloop
  endfacet
  facet normal 0.634389 -0.773014 0.000000
    outer loop
      vertex 66.888924 5.421326 2.000000
      vertex 67.267769 5.732233 2.000000
      vertex 66.888924 5.421326 5.000000
    endloop
  endfacet
  facet normal 0.773012 -0.634391 0.000000
    outer loop
      vertex 67.267769 5.732233 2.000000
      vertex 67.578674 6.111074 2.000000
      vertex 67.267769 5.732233 5.000000
    endloop
  endfacet
  facet normal 0.881921 -0.471398 0.000000
    outer loop
      vertex 67.578674 6.111074 2.000000
      vertex 67.809700 6.543292 2.000000
      vertex 67.578674 6.111074 5.000000
    endloop
  endfacet
  facet normal 0.956940 -0.290286 0.000000
    outer loop
      vertex 67.809700 6.543292 2.000000
      vertex 67.951965 7.012274 2.000000
      vertex 67.809700 6.543292 5.000000
    endloop
  endfacet
  facet normal 0.995185 -0.098013 0.000000
    outer loop
      vertex 67.951965 7.012274 2.000000
      vertex 68.000000 7.500000 2.000000
      vertex 67.951965 7.012274 5.000000
    endloop
  endfacet
  facet normal 0.995185 0.098013 0.000000
    outer loop
      vertex 68.000000 7.500000 2.000000
      vertex 67.951965 7.987726 2.000000
      vertex 68.000000 7.500000 5.000000
    endloop
  endfacet
  facet normal -0.773012 -0.634391 0.000000
    outer loop
      vertex 63.732231 5.732233 2.000000
      vertex 63.732231 5.732233 5.000000
      vertex 63.421326 6.111074 5.000000
    endloop
  endfacet
  facet normal -0.956942 -0.290279 0.000000
    outer loop
      vertex 63.190300 6.543292 2.000000
      vertex 63.190300 6.543292 5.000000
      vertex 63.048038 7.012274 5.000000
    endloop
  endfacet
  facet normal -0.881921 -0.471398 0.000000
    outer loop
      vertex 63.421326 6.111074 2.000000
      vertex 63.421326 6.111074 5.000000
      vertex 63.190300 6.543292 5.000000
    endloop
  endfacet
  facet normal -0.995184 -0.098021 0.000000
    outer loop
      vertex 63.048038 7.012274 2.000000
      vertex 63.048038 7.012274 5.000000
      vertex 63.000000 7.500000 5.000000
    endloop
  endfacet
  facet normal -0.995184 0.098021 0.000000
    outer loop
      vertex 63.000000 7.500000 2.000000
      vertex 63.000000 7.500000 5.000000
      vertex 63.048038 7.987726 5.000000
    endloop
  endfacet
  facet normal 0.000000 0.000000 1.000000
    outer loop
      vertex 63.190300 6.543292 5.000000
      vertex 63.190300 8.456709 5.000000
      vertex 63.048038 7.012274 5.000000
    endloop
  endfacet
  facet normal 0.000000 0.000000 1.000000
    outer loop
      vertex 63.048038 7.012274 5.000000
      vertex 63.048038 7.987726 5.000000
      vertex 63.000000 7.500000 5.000000
    endloop
  endfacet
  facet normal 0.000000 0.000000 1.000000
    outer loop
      vertex 63.048038 7.012274 5.000000
      vertex 63.190300 8.456709 5.000000
      vertex 63.048038 7.987726 5.000000
    endloop
  endfacet
  facet normal 0.000000 0.000000 1.000000
    outer loop
      vertex 63.190300 6.543292 5.000000
      vertex 63.421326 6.111074 5.000000
      vertex 63.421326 8.888926 5.000000
    endloop
  endfacet
  facet normal 0.000000 0.000000 1.000000
    outer loop
      vertex 63.732231 5.732233 5.000000
      vertex 63.732231 9.267767 5.000000
      vertex 63.421326 6.111074 5.000000
    endloop
  endfacet
  facet normal 0.000000 0.000000 1.000000
    outer loop
      vertex 63.190300 6.543292 5.000000
      vertex 63.421326 8.888926 5.000000
      vertex 63.190300 8.456709 5.000000
    endloop
  endfacet
  facet normal -0.471401 -0.881919 0.000000
    outer loop
      vertex 64.543289 5.190301 2.000000
      vertex 64.543289 5.190301 5.000000
      vertex 64.111076 5.421326 5.000000
    endloop
  endfacet
  facet normal -0.634389 -0.773014 0.000000
    outer loop
      vertex 64.111076 5.421326 2.000000
      vertex 64.111076 5.421326 5.000000
      vertex 63.732231 5.732233 5.000000
    endloop
  endfacet
  facet normal -0.290283 -0.956941 0.000000
    outer loop
      vertex 65.012276 5.048037 2.000000
      vertex 65.012276 5.048037 5.000000
      vertex 64.543289 5.190301 5.000000
    endloop
  endfacet
  facet normal -0.098017 -0.995185 0.000000
    outer loop
      vertex 65.500000 5.000000 2.000000
      vertex 65.500000 5.000000 5.000000
      vertex 65.012276 5.048037 5.000000
    endloop
  endfacet
  facet normal 0.098017 -0.995185 0.000000
    outer loop
      vertex 65.987724 5.048037 2.000000
      vertex 65.987724 5.048037 5.000000
      vertex 65.500000 5.000000 5.000000
    endloop
  endfacet
  facet normal 0.290283 -0.956941 0.000000
    outer loop
      vertex 66.456711 5.190301 2.000000
      vertex 66.456711 5.190301 5.000000
      vertex 65.987724 5.048037 5.000000
    endloop
  endfacet
  facet normal 0.471401 -0.881919 0.000000
    outer loop
      vertex 66.888924 5.421326 2.000000
      vertex 66.888924 5.421326 5.000000
      vertex 66.456711 5.190301 5.000000
    endloop
  endfacet
  facet normal 0.634389 -0.773014 0.000000
    outer loop
      vertex 67.267769 5.732233 2.000000
      vertex 67.267769 5.732233 5.000000
      vertex 66.888924 5.421326 5.000000
    endloop
  endfacet
  facet normal 0.773012 -0.634391 0.000000
    outer loop
      vertex 67.578674 6.111074 2.000000
      vertex 67.578674 6.111074 5.000000
      vertex 67.267769 5.732233 5.000000
    endloop
  endfacet
  facet normal 0.881921 -0.471398 0.000000
    outer loop
      vertex 67.809700 6.543292 2.000000
      vertex 67.809700 6.543292 5.000000
      vertex 67.578674 6.111074 5.000000
    endloop
  endfacet
  facet normal 0.956940 -0.290286 0.000000
    outer loop
      vertex 67.951965 7.012274 2.000000
      vertex 67.951965 7.012274 5.000000
      vertex 67.809700 6.543292 5.000000
    endloop
  endfacet
  facet normal 0.995185 -0.098013 0.000000
    outer loop
      vertex 68.000000 7.500000 2.000000
      vertex 68.000000 7.500000 5.000000
      vertex 67.951965 7.012274 5.000000
    endloop
  endfacet
  facet normal 0.995185 0.098013 0.000000
    outer loop
      vertex 67.951965 7.987726 2.000000
      vertex 67.951965 7.987726 5.000000
      vertex 68.000000 7.500000 5.000000
    endloop
  endfacet
  facet normal 0.000000 0.000000 1.000000
    outer loop
      vertex 64.111076 5.421326 5.000000
      vertex 64.543289 5.190301 5.000000
      vertex 64.482422 6.912500 5.000000
    endloop
  endfacet
  facet normal 0.000000 0.000000 1.000000
    outer loop
      vertex 65.012276 5.048037 5.000000
      vertex 65.500000 5.000000 5.000000
      vertex 65.500000 6.325000 5.000000
    endloop
  endfacet
  facet normal 0.000000 0.000000 1.000000
    outer loop
      vertex 64.543289 5.190301 5.000000
      vertex 65.012276 5.048037 5.000000
      vertex 64.912498 6.482420 5.000000
    endloop
  endfacet
  facet normal 0.000000 0.000000 1.000000
    outer loop
      vertex 65.012276 5.048037 5.000000
      vertex 65.195885 6.365037 5.000000
      vertex 64.912498 6.482420 5.000000
    endloop
  endfacet
  facet normal 0.000000 0.000000 1.000000
    outer loop
      vertex 65.012276 5.048037 5.000000
      vertex 65.500000 6.325000 5.000000
      vertex 65.195885 6.365037 5.000000
    endloop
  endfacet
  facet normal 0.000000 0.000000 1.000000
    outer loop
      vertex 65.500000 5.000000 5.000000
      vertex 65.987724 5.048037 5.000000
      vertex 65.500000 6.325000 5.000000
    endloop
  endfacet
  facet normal 0.000000 0.000000 1.000000
    outer loop
      vertex 65.987724 5.048037 5.000000
      vertex 65.804115 6.365037 5.000000
      vertex 65.500000 6.325000 5.000000
    endloop
  endfacet
  facet normal 0.000000 0.000000 1.000000
    outer loop
      vertex 65.987724 5.048037 5.000000
      vertex 66.087502 6.482420 5.000000
      vertex 65.804115 6.365037 5.000000
    endloop
  endfacet
  facet normal 0.000000 0.000000 1.000000
    outer loop
      vertex 65.987724 5.048037 5.000000
      vertex 66.456711 5.190301 5.000000
      vertex 66.087502 6.482420 5.000000
    endloop
  endfacet
  facet normal 0.000000 0.000000 1.000000
    outer loop
      vertex 64.543289 5.190301 5.000000
      vertex 64.669151 6.669149 5.000000
      vertex 64.482422 6.912500 5.000000
    endloop
  endfacet
  facet normal 0.000000 0.000000 1.000000
    outer loop
      vertex 64.111076 5.421326 5.000000
      vertex 64.365036 7.195888 5.000000
      vertex 64.324997 7.500000 5.000000
    endloop
  endfacet
  facet normal 0.000000 0.000000 1.000000
    outer loop
      vertex 63.732231 5.732233 5.000000
      vertex 64.111076 5.421326 5.000000
      vertex 64.111076 9.578674 5.000000
    endloop
  endfacet
  facet normal 0.000000 0.000000 1.000000
    outer loop
      vertex 64.111076 5.421326 5.000000
      vertex 64.482422 6.912500 5.000000
      vertex 64.365036 7.195888 5.000000
    endloop
  endfacet
  facet normal 0.000000 0.000000 1.000000
    outer loop
      vertex 64.543289 5.190301 5.000000
      vertex 64.912498 6.482420 5.000000
      vertex 64.669151 6.669149 5.000000
    endloop
  endfacet
  facet normal 0.000000 0.000000 1.000000
    outer loop
      vertex 64.111076 5.421326 5.000000
      vertex 64.324997 7.500000 5.000000
      vertex 64.543289 9.809699 5.000000
    endloop
  endfacet
  facet normal 0.000000 0.000000 1.000000
    outer loop
      vertex 66.456711 5.190301 5.000000
      vertex 66.330849 6.669149 5.000000
      vertex 66.087502 6.482420 5.000000
    endloop
  endfacet
  facet normal 0.000000 0.000000 1.000000
    outer loop
      vertex 66.456711 5.190301 5.000000
      vertex 66.517578 6.912500 5.000000
      vertex 66.330849 6.669149 5.000000
    endloop
  endfacet
  facet normal 0.000000 0.000000 1.000000
    outer loop
      vertex 66.456711 5.190301 5.000000
      vertex 66.634964 7.195888 5.000000
      vertex 66.517578 6.912500 5.000000
    endloop
  endfacet
  facet normal 0.000000 0.000000 1.000000
    outer loop
      vertex 66.456711 5.190301 5.000000
      vertex 66.675003 7.500000 5.000000
      vertex 66.634964 7.195888 5.000000
    endloop
  endfacet
  facet normal 0.000000 0.000000 1.000000
    outer loop
      vertex 66.456711 5.190301 5.000000
      vertex 66.888924 5.421326 5.000000
      vertex 66.888924 9.578674 5.000000
    endloop
  endfacet
  facet normal 0.000000 0.000000 1.000000
    outer loop
      vertex 66.456711 5.190301 5.000000
      vertex 66.888924 9.578674 5.000000
      vertex 66.675003 7.500000 5.000000
    endloop
  endfacet
  facet normal 0.000000 0.000000 1.000000
    outer loop
      vertex 66.888924 5.421326 5.000000
      vertex 67.267769 5.732233 5.000000
      vertex 67.267769 9.267767 5.000000
    endloop
  endfacet
  facet normal 0.000000 0.000000 1.000000
    outer loop
      vertex 67.267769 5.732233 5.000000
      vertex 67.578674 6.111074 5.000000
      vertex 67.578674 8.888926 5.000000
    endloop
  endfacet
  facet normal 0.000000 0.000000 1.000000
    outer loop
      vertex 67.267769 5.732233 5.000000
      vertex 67.578674 8.888926 5.000000
      vertex 67.267769 9.267767 5.000000
    endloop
  endfacet
  facet normal 0.000000 0.000000 1.000000
    outer loop
      vertex 67.578674 6.111074 5.000000
      vertex 67.809700 6.543292 5.000000
      vertex 67.809700 8.456709 5.000000
    endloop
  endfacet
  facet normal 0.000000 0.000000 1.000000
    outer loop
      vertex 67.809700 6.543292 5.000000
      vertex 67.951965 7.012274 5.000000
      vertex 67.951965 7.987726 5.000000
    endloop
  endfacet
  facet normal 0.000000 0.000000 1.000000
    outer loop
      vertex 67.809700 6.543292 5.000000
      vertex 67.951965 7.987726 5.000000
      vertex 67.809700 8.456709 5.000000
    endloop
  endfacet
  facet normal 0.000000 0.000000 1.000000
    outer loop
      vertex 67.578674 6.111074 5.000000
      vertex 67.809700 8.456709 5.000000
      vertex 67.578674 8.888926 5.000000
    endloop
  endfacet
  facet normal 0.000000 0.000000 1.000000
    outer loop
      vertex 67.951965 7.012274 5.000000
      vertex 68.000000 7.500000 5.000000
      vertex 67.951965 7.987726 5.000000
    endloop
  endfacet
  facet normal -0.956942 0.290279 0.000000
    outer loop
      vertex 63.048038 7.987726 2.000000
      vertex 63.190300 8.456709 5.000000
      vertex 63.190300 8.456709 2.000000
    endloop
  endfacet
  facet normal -0.881920 0.471398 0.000000
    outer loop
      vertex 63.190300 8.456709 2.000000
      vertex 63.421326 8.888926 5.000000
      vertex 63.421326 8.888926 2.000000
    endloop
  endfacet
  facet normal -0.773012 0.634391 0.000000
    outer loop
      vertex 63.421326 8.888926 2.000000
      vertex 63.732231 9.267767 5.000000
      vertex 63.732231 9.267767 2.000000
    endloop
  endfacet
  facet normal -0.634390 0.773013 0.000000
    outer loop
      vertex 63.732231 9.267767 2.000000
      vertex 64.111076 9.578674 5.000000
      vertex 64.111076 9.578674 2.000000
    endloop
  endfacet
  facet normal -0.471400 0.881919 0.000000
    outer loop
      vertex 64.111076 9.578674 2.000000
      vertex 64.543289 9.809699 5.000000
      vertex 64.543289 9.809699 2.000000
    endloop
  endfacet
  facet normal -0.290283 0.956941 0.000000
    outer loop
      vertex 64.543289 9.809699 2.000000
      vertex 65.012276 9.951963 5.000000
      vertex 65.012276 9.951963 2.000000
    endloop
  endfacet
  facet normal -0.098017 0.995185 0.000000
    outer loop
      vertex 65.012276 9.951963 2.000000
      vertex 65.500000 10.000000 5.000000
      vertex 65.500000 10.000000 2.000000
    endloop
  endfacet
  facet normal 0.098017 0.995185 0.000000
    outer loop
      vertex 65.987724 9.951963 2.000000
      vertex 65.500000 10.000000 2.000000
      vertex 65.987724 9.951963 5.000000
    endloop
  endfacet
  facet normal 0.290283 0.956941 0.000000
    outer loop
      vertex 65.987724 9.951963 2.000000
      vertex 66.456711 9.809699 5.000000
      vertex 66.456711 9.809699 2.000000
    endloop
  endfacet
  facet normal 0.471400 0.881919 0.000000
    outer loop
      vertex 66.456711 9.809699 2.000000
      vertex 66.888924 9.578674 5.000000
      vertex 66.888924 9.578674 2.000000
    endloop
  endfacet
  facet normal 0.956940 0.290286 0.000000
    outer loop
      vertex 67.951965 7.987726 2.000000
      vertex 67.809700 8.456709 2.000000
      vertex 67.951965 7.987726 5.000000
    endloop
  endfacet
  facet normal 0.881920 0.471398 0.000000
    outer loop
      vertex 67.809700 8.456709 2.000000
      vertex 67.578674 8.888926 2.000000
      vertex 67.809700 8.456709 5.000000
    endloop
  endfacet
  facet normal 0.634390 0.773013 0.000000
    outer loop
      vertex 67.267769 9.267767 2.000000
      vertex 66.888924 9.578674 2.000000
      vertex 67.267769 9.267767 5.000000
    endloop
  endfacet
  facet normal 0.773012 0.634391 0.000000
    outer loop
      vertex 67.578674 8.888926 2.000000
      vertex 67.267769 9.267767 2.000000
      vertex 67.578674 8.888926 5.000000
    endloop
  endfacet
  facet normal -0.956942 0.290279 0.000000
    outer loop
      vertex 63.048038 7.987726 2.000000
      vertex 63.048038 7.987726 5.000000
      vertex 63.190300 8.456709 5.000000
    endloop
  endfacet
  facet normal -0.881920 0.471398 0.000000
    outer loop
      vertex 63.190300 8.456709 2.000000
      vertex 63.190300 8.456709 5.000000
      vertex 63.421326 8.888926 5.000000
    endloop
  endfacet
  facet normal -0.773012 0.634391 0.000000
    outer loop
      vertex 63.421326 8.888926 2.000000
      vertex 63.421326 8.888926 5.000000
      vertex 63.732231 9.267767 5.000000
    endloop
  endfacet
  facet normal -0.634390 0.773013 0.000000
    outer loop
      vertex 63.732231 9.267767 2.000000
      vertex 63.732231 9.267767 5.000000
      vertex 64.111076 9.578674 5.000000
    endloop
  endfacet
  facet normal 0.000000 0.000000 1.000000
    outer loop
      vertex 63.421326 6.111074 5.000000
      vertex 63.732231 9.267767 5.000000
      vertex 63.421326 8.888926 5.000000
    endloop
  endfacet
  facet normal 0.000000 0.000000 1.000000
    outer loop
      vertex 63.732231 5.732233 5.000000
      vertex 64.111076 9.578674 5.000000
      vertex 63.732231 9.267767 5.000000
    endloop
  endfacet
  facet normal -0.471400 0.881919 0.000000
    outer loop
      vertex 64.111076 9.578674 2.000000
      vertex 64.111076 9.578674 5.000000
      vertex 64.543289 9.809699 5.000000
    endloop
  endfacet
  facet normal -0.290283 0.956941 0.000000
    outer loop
      vertex 64.543289 9.809699 2.000000
      vertex 64.543289 9.809699 5.000000
      vertex 65.012276 9.951963 5.000000
    endloop
  endfacet
  facet normal -0.098017 0.995185 0.000000
    outer loop
      vertex 65.012276 9.951963 2.000000
      vertex 65.012276 9.951963 5.000000
      vertex 65.500000 10.000000 5.000000
    endloop
  endfacet
  facet normal 0.098017 0.995185 0.000000
    outer loop
      vertex 65.500000 10.000000 2.000000
      vertex 65.500000 10.000000 5.000000
      vertex 65.987724 9.951963 5.000000
    endloop
  endfacet
  facet normal 0.290283 0.956941 0.000000
    outer loop
      vertex 65.987724 9.951963 2.000000
      vertex 65.987724 9.951963 5.000000
      vertex 66.456711 9.809699 5.000000
    endloop
  endfacet
  facet normal 0.471400 0.881919 0.000000
    outer loop
      vertex 66.456711 9.809699 2.000000
      vertex 66.456711 9.809699 5.000000
      vertex 66.888924 9.578674 5.000000
    endloop
  endfacet
  facet normal 0.956940 0.290286 0.000000
    outer loop
      vertex 67.951965 7.987726 5.000000
      vertex 67.809700 8.456709 2.000000
      vertex 67.809700 8.456709 5.000000
    endloop
  endfacet
  facet normal 0.881920 0.471398 0.000000
    outer loop
      vertex 67.578674 8.888926 2.000000
      vertex 67.578674 8.888926 5.000000
      vertex 67.809700 8.456709 5.000000
    endloop
  endfacet
  facet normal 0.634390 0.773013 0.000000
    outer loop
      vertex 66.888924 9.578674 2.000000
      vertex 66.888924 9.578674 5.000000
      vertex 67.267769 9.267767 5.000000
    endloop
  endfacet
  facet normal 0.773012 0.634391 0.000000
    outer loop
      vertex 67.267769 9.267767 2.000000
      vertex 67.267769 9.267767 5.000000
      vertex 67.578674 8.888926 5.000000
    endloop
  endfacet
  facet normal 0.000000 0.000000 1.000000
    outer loop
      vertex 64.111076 5.421326 5.000000
      vertex 64.543289 9.809699 5.000000
      vertex 64.111076 9.578674 5.000000
    endloop
  endfacet
  facet normal 0.000000 0.000000 1.000000
    outer loop
      vertex 64.324997 7.500000 5.000000
      vertex 64.365036 7.804112 5.000000
      vertex 64.543289 9.809699 5.000000
    endloop
  endfacet
  facet normal 0.000000 0.000000 1.000000
    outer loop
      vertex 64.365036 7.804112 5.000000
      vertex 64.482422 8.087500 5.000000
      vertex 64.543289 9.809699 5.000000
    endloop
  endfacet
  facet normal 0.000000 0.000000 1.000000
    outer loop
      vertex 64.482422 8.087500 5.000000
      vertex 64.669151 8.330851 5.000000
      vertex 64.543289 9.809699 5.000000
    endloop
  endfacet
  facet normal 0.000000 0.000000 1.000000
    outer loop
      vertex 64.669151 8.330851 5.000000
      vertex 64.912498 8.517580 5.000000
      vertex 64.543289 9.809699 5.000000
    endloop
  endfacet
  facet normal 0.000000 0.000000 1.000000
    outer loop
      vertex 64.912498 8.517580 5.000000
      vertex 65.012276 9.951963 5.000000
      vertex 64.543289 9.809699 5.000000
    endloop
  endfacet
  facet normal 0.000000 0.000000 1.000000
    outer loop
      vertex 64.912498 8.517580 5.000000
      vertex 65.195885 8.634963 5.000000
      vertex 65.012276 9.951963 5.000000
    endloop
  endfacet
  facet normal 0.000000 0.000000 1.000000
    outer loop
      vertex 65.195885 8.634963 5.000000
      vertex 65.500000 8.675000 5.000000
      vertex 65.012276 9.951963 5.000000
    endloop
  endfacet
  facet normal 0.000000 0.000000 1.000000
    outer loop
      vertex 65.012276 9.951963 5.000000
      vertex 65.500000 8.675000 5.000000
      vertex 65.500000 10.000000 5.000000
    endloop
  endfacet
  facet normal 0.000000 0.000000 1.000000
    outer loop
      vertex 66.675003 7.500000 5.000000
      vertex 66.888924 9.578674 5.000000
      vertex 66.634964 7.804112 5.000000
    endloop
  endfacet
  facet normal 0.000000 0.000000 1.000000
    outer loop
      vertex 66.634964 7.804112 5.000000
      vertex 66.888924 9.578674 5.000000
      vertex 66.517578 8.087500 5.000000
    endloop
  endfacet
  facet normal 0.000000 0.000000 1.000000
    outer loop
      vertex 66.330849 8.330851 5.000000
      vertex 66.517578 8.087500 5.000000
      vertex 66.456711 9.809699 5.000000
    endloop
  endfacet
  facet normal 0.000000 0.000000 1.000000
    outer loop
      vertex 66.087502 8.517580 5.000000
      vertex 66.330849 8.330851 5.000000
      vertex 66.456711 9.809699 5.000000
    endloop
  endfacet
  facet normal 0.000000 0.000000 1.000000
    outer loop
      vertex 65.500000 8.675000 5.000000
      vertex 65.804115 8.634963 5.000000
      vertex 65.987724 9.951963 5.000000
    endloop
  endfacet
  facet normal 0.000000 0.000000 1.000000
    outer loop
      vertex 65.804115 8.634963 5.000000
      vertex 66.087502 8.517580 5.000000
      vertex 65.987724 9.951963 5.000000
    endloop
  endfacet
  facet normal 0.000000 0.000000 1.000000
    outer loop
      vertex 65.500000 8.675000 5.000000
      vertex 65.987724 9.951963 5.000000
      vertex 65.500000 10.000000 5.000000
    endloop
  endfacet
  facet normal 0.000000 0.000000 1.000000
    outer loop
      vertex 66.087502 8.517580 5.000000
      vertex 66.456711 9.809699 5.000000
      vertex 65.987724 9.951963 5.000000
    endloop
  endfacet
  facet normal 0.000000 0.000000 1.000000
    outer loop
      vertex 66.517578 8.087500 5.000000
      vertex 66.888924 9.578674 5.000000
      vertex 66.456711 9.809699 5.000000
    endloop
  endfacet
  facet normal 0.000000 0.000000 1.000000
    outer loop
      vertex 66.888924 5.421326 5.000000
      vertex 67.267769 9.267767 5.000000
      vertex 66.888924 9.578674 5.000000
    endloop
  endfacet
  facet normal -0.793353 -0.608761 0.000000
    outer loop
      vertex 64.482422 6.912500 5.000000
      vertex 64.669151 6.669149 5.000000
      vertex 64.669151 6.669149 6.400000
    endloop
  endfacet
  facet normal -0.382685 -0.923879 0.000000
    outer loop
      vertex 64.912498 6.482420 5.000000
      vertex 65.195885 6.365037 5.000000
      vertex 65.195885 6.365037 6.400000
    endloop
  endfacet
  facet normal -0.608767 -0.793349 0.000000
    outer loop
      vertex 64.912498 6.482420 5.000000
      vertex 64.912498 6.482420 6.400000
      vertex 64.669151 6.669149 5.000000
    endloop
  endfacet
  facet normal -0.923876 -0.382691 0.000000
    outer loop
      vertex 64.482422 6.912500 5.000000
      vertex 64.482422 6.912500 6.400000
      vertex 64.365036 7.195888 5.000000
    endloop
  endfacet
  facet normal -0.991444 -0.130532 0.000000
    outer loop
      vertex 64.365036 7.195888 5.000000
      vertex 64.365036 7.195888 6.400000
      vertex 64.324997 7.500000 5.000000
    endloop
  endfacet
  facet normal -0.991444 0.130532 0.000000
    outer loop
      vertex 64.324997 7.500000 5.000000
      vertex 64.324997 7.500000 6.400000
      vertex 64.365036 7.804112 5.000000
    endloop
  endfacet
  facet normal -0.923876 0.382692 0.000000
    outer loop
      vertex 64.365036 7.804112 5.000000
      vertex 64.365036 7.804112 6.400000
      vertex 64.482422 8.087500 5.000000
    endloop
  endfacet
  facet normal -0.130525 -0.991445 0.000000
    outer loop
      vertex 65.195885 6.365037 5.000000
      vertex 65.500000 6.325000 5.000000
      vertex 65.500000 6.325000 6.400000
    endloop
  endfacet
  facet normal 0.130525 -0.991445 0.000000
    outer loop
      vertex 65.500000 6.325000 5.000000
      vertex 65.804115 6.365037 5.000000
      vertex 65.804115 6.365037 6.400000
    endloop
  endfacet
  facet normal 0.382685 -0.923879 0.000000
    outer loop
      vertex 65.804115 6.365037 5.000000
      vertex 66.087502 6.482420 5.000000
      vertex 66.087502 6.482420 6.400000
    endloop
  endfacet
  facet normal 0.608767 -0.793349 0.000000
    outer loop
      vertex 66.087502 6.482420 5.000000
      vertex 66.330849 6.669149 5.000000
      vertex 66.330849 6.669149 6.400000
    endloop
  endfacet
  facet normal 0.793353 -0.608761 0.000000
    outer loop
      vertex 66.330849 6.669149 5.000000
      vertex 66.517578 6.912500 5.000000
      vertex 66.517578 6.912500 6.400000
    endloop
  endfacet
  facet normal 0.923876 -0.382691 0.000000
    outer loop
      vertex 66.517578 6.912500 5.000000
      vertex 66.634964 7.195888 5.000000
      vertex 66.634964 7.195888 6.400000
    endloop
  endfacet
  facet normal 0.991444 -0.130532 0.000000
    outer loop
      vertex 66.634964 7.195888 5.000000
      vertex 66.675003 7.500000 5.000000
      vertex 66.675003 7.500000 6.400000
    endloop
  endfacet
  facet normal 0.991444 0.130532 0.000000
    outer loop
      vertex 66.675003 7.500000 5.000000
      vertex 66.634964 7.804112 5.000000
      vertex 66.634964 7.804112 6.400000
    endloop
  endfacet
  facet normal 0.923876 0.382692 0.000000
    outer loop
      vertex 66.634964 7.804112 5.000000
      vertex 66.517578 8.087500 5.000000
      vertex 66.517578 8.087500 6.400000
    endloop
  endfacet
  facet normal -0.793353 -0.608761 0.000000
    outer loop
      vertex 64.482422 6.912500 5.000000
      vertex 64.669151 6.669149 6.400000
      vertex 64.482422 6.912500 6.400000
    endloop
  endfacet
  facet normal -0.382685 -0.923879 0.000000
    outer loop
      vertex 64.912498 6.482420 5.000000
      vertex 65.195885 6.365037 6.400000
      vertex 64.912498 6.482420 6.400000
    endloop
  endfacet
  facet normal -0.130525 -0.991445 0.000000
    outer loop
      vertex 65.195885 6.365037 5.000000
      vertex 65.500000 6.325000 6.400000
      vertex 65.195885 6.365037 6.400000
    endloop
  endfacet
  facet normal -0.608767 -0.793349 0.000000
    outer loop
      vertex 64.669151 6.669149 5.000000
      vertex 64.912498 6.482420 6.400000
      vertex 64.669151 6.669149 6.400000
    endloop
  endfacet
  facet normal -0.923876 -0.382691 0.000000
    outer loop
      vertex 64.365036 7.195888 5.000000
      vertex 64.482422 6.912500 6.400000
      vertex 64.365036 7.195888 6.400000
    endloop
  endfacet
  facet normal -0.991444 -0.130532 0.000000
    outer loop
      vertex 64.324997 7.500000 5.000000
      vertex 64.365036 7.195888 6.400000
      vertex 64.324997 7.500000 6.400000
    endloop
  endfacet
  facet normal -0.991444 0.130532 0.000000
    outer loop
      vertex 64.365036 7.804112 5.000000
      vertex 64.324997 7.500000 6.400000
      vertex 64.365036 7.804112 6.400000
    endloop
  endfacet
  facet normal -0.923876 0.382692 0.000000
    outer loop
      vertex 64.365036 7.804112 6.400000
      vertex 64.482422 8.087500 6.400000
      vertex 64.482422 8.087500 5.000000
    endloop
  endfacet
  facet normal 0.000000 0.000000 1.000000
    outer loop
      vertex 64.482422 6.912500 6.400000
      vertex 64.482422 8.087500 6.400000
      vertex 64.365036 7.195888 6.400000
    endloop
  endfacet
  facet normal 0.000000 0.000000 1.000000
    outer loop
      vertex 64.482422 6.912500 6.400000
      vertex 64.669151 6.669149 6.400000
      vertex 64.669151 8.330851 6.400000
    endloop
  endfacet
  facet normal 0.000000 0.000000 1.000000
    outer loop
      vertex 64.365036 7.195888 6.400000
      vertex 64.365036 7.804112 6.400000
      vertex 64.324997 7.500000 6.400000
    endloop
  endfacet
  facet normal 0.000000 0.000000 1.000000
    outer loop
      vertex 64.365036 7.195888 6.400000
      vertex 64.482422 8.087500 6.400000
      vertex 64.365036 7.804112 6.400000
    endloop
  endfacet
  facet normal 0.000000 0.000000 1.000000
    outer loop
      vertex 64.482422 6.912500 6.400000
      vertex 64.669151 8.330851 6.400000
      vertex 64.482422 8.087500 6.400000
    endloop
  endfacet
  facet normal 0.000000 0.000000 1.000000
    outer loop
      vertex 64.912498 6.482420 6.400000
      vertex 64.912498 8.517580 6.400000
      vertex 64.669151 6.669149 6.400000
    endloop
  endfacet
  facet normal 0.000000 0.000000 1.000000
    outer loop
      vertex 64.912498 6.482420 6.400000
      vertex 65.195885 6.365037 6.400000
      vertex 65.195885 8.634963 6.400000
    endloop
  endfacet
  facet normal 0.000000 0.000000 1.000000
    outer loop
      vertex 64.669151 6.669149 6.400000
      vertex 64.912498 8.517580 6.400000
      vertex 64.669151 8.330851 6.400000
    endloop
  endfacet
  facet normal 0.000000 0.000000 1.000000
    outer loop
      vertex 64.912498 6.482420 6.400000
      vertex 65.195885 8.634963 6.400000
      vertex 64.912498 8.517580 6.400000
    endloop
  endfacet
  facet normal 0.000000 0.000000 1.000000
    outer loop
      vertex 65.195885 6.365037 6.400000
      vertex 65.500000 8.675000 6.400000
      vertex 65.195885 8.634963 6.400000
    endloop
  endfacet
  facet normal 0.130525 -0.991445 0.000000
    outer loop
      vertex 65.500000 6.325000 5.000000
      vertex 65.804115 6.365037 6.400000
      vertex 65.500000 6.325000 6.400000
    endloop
  endfacet
  facet normal 0.382685 -0.923879 0.000000
    outer loop
      vertex 65.804115 6.365037 5.000000
      vertex 66.087502 6.482420 6.400000
      vertex 65.804115 6.365037 6.400000
    endloop
  endfacet
  facet normal 0.608767 -0.793349 0.000000
    outer loop
      vertex 66.087502 6.482420 5.000000
      vertex 66.330849 6.669149 6.400000
      vertex 66.087502 6.482420 6.400000
    endloop
  endfacet
  facet normal 0.793353 -0.608761 0.000000
    outer loop
      vertex 66.330849 6.669149 5.000000
      vertex 66.517578 6.912500 6.400000
      vertex 66.330849 6.669149 6.400000
    endloop
  endfacet
  facet normal 0.923876 -0.382691 0.000000
    outer loop
      vertex 66.517578 6.912500 5.000000
      vertex 66.634964 7.195888 6.400000
      vertex 66.517578 6.912500 6.400000
    endloop
  endfacet
  facet normal 0.991444 -0.130532 0.000000
    outer loop
      vertex 66.634964 7.195888 5.000000
      vertex 66.675003 7.500000 6.400000
      vertex 66.634964 7.195888 6.400000
    endloop
  endfacet
  facet normal 0.991444 0.130532 0.000000
    outer loop
      vertex 66.675003 7.500000 5.000000
      vertex 66.634964 7.804112 6.400000
      vertex 66.675003 7.500000 6.400000
    endloop
  endfacet
  facet normal 0.923876 0.382692 0.000000
    outer loop
      vertex 66.634964 7.804112 5.000000
      vertex 66.517578 8.087500 6.400000
      vertex 66.634964 7.804112 6.400000
    endloop
  endfacet
  facet normal 0.000000 0.000000 1.000000
    outer loop
      vertex 65.195885 6.365037 6.400000
      vertex 65.500000 6.325000 6.400000
      vertex 65.500000 8.675000 6.400000
    endloop
  endfacet
  facet normal 0.000000 0.000000 1.000000
    outer loop
      vertex 65.500000 6.325000 6.400000
      vertex 65.804115 6.365037 6.400000
      vertex 65.804115 8.634963 6.400000
    endloop
  endfacet
  facet normal 0.000000 0.000000 1.000000
    outer loop
      vertex 65.804115 6.365037 6.400000
      vertex 66.087502 6.482420 6.400000
      vertex 66.087502 8.517580 6.400000
    endloop
  endfacet
  facet normal 0.000000 0.000000 1.000000
    outer loop
      vertex 65.500000 6.325000 6.400000
      vertex 65.804115 8.634963 6.400000
      vertex 65.500000 8.675000 6.400000
    endloop
  endfacet
  facet normal 0.000000 0.000000 1.000000
    outer loop
      vertex 65.804115 6.365037 6.400000
      vertex 66.087502 8.517580 6.400000
      vertex 65.804115 8.634963 6.400000
    endloop
  endfacet
  facet normal 0.000000 0.000000 1.000000
    outer loop
      vertex 66.087502 6.482420 6.400000
      vertex 66.330849 6.669149 6.400000
      vertex 66.330849 8.330851 6.400000
    endloop
  endfacet
  facet normal 0.000000 0.000000 1.000000
    outer loop
      vertex 66.330849 6.669149 6.400000
      vertex 66.517578 6.912500 6.400000
      vertex 66.517578 8.087500 6.400000
    endloop
  endfacet
  facet normal 0.000000 0.000000 1.000000
    outer loop
      vertex 66.517578 6.912500 6.400000
      vertex 66.634964 7.195888 6.400000
      vertex 66.634964 7.804112 6.400000
    endloop
  endfacet
  facet normal 0.000000 0.000000 1.000000
    outer loop
      vertex 66.330849 6.669149 6.400000
      vertex 66.517578 8.087500 6.400000
      vertex 66.330849 8.330851 6.400000
    endloop
  endfacet
  facet normal 0.000000 0.000000 1.000000
    outer loop
      vertex 66.087502 6.482420 6.400000
      vertex 66.330849 8.330851 6.400000
      vertex 66.087502 8.517580 6.400000
    endloop
  endfacet
  facet normal 0.000000 0.000000 1.000000
    outer loop
      vertex 66.517578 6.912500 6.400000
      vertex 66.634964 7.804112 6.400000
      vertex 66.517578 8.087500 6.400000
    endloop
  endfacet
  facet normal 0.000000 0.000000 1.000000
    outer loop
      vertex 66.634964 7.195888 6.400000
      vertex 66.675003 7.500000 6.400000
      vertex 66.634964 7.804112 6.400000
    endloop
  endfacet
  facet normal -0.793354 0.608761 0.000000
    outer loop
      vertex 64.482422 8.087500 5.000000
      vertex 64.482422 8.087500 6.400000
      vertex 64.669151 8.330851 5.000000
    endloop
  endfacet
  facet normal -0.608767 0.793349 0.000000
    outer loop
      vertex 64.669151 8.330851 5.000000
      vertex 64.669151 8.330851 6.400000
      vertex 64.912498 8.517580 5.000000
    endloop
  endfacet
  facet normal -0.382685 0.923879 0.000000
    outer loop
      vertex 64.912498 8.517580 5.000000
      vertex 64.912498 8.517580 6.400000
      vertex 65.195885 8.634963 5.000000
    endloop
  endfacet
  facet normal -0.130525 0.991445 0.000000
    outer loop
      vertex 65.195885 8.634963 5.000000
      vertex 65.195885 8.634963 6.400000
      vertex 65.500000 8.675000 5.000000
    endloop
  endfacet
  facet normal 0.130525 0.991445 0.000000
    outer loop
      vertex 65.500000 8.675000 5.000000
      vertex 65.500000 8.675000 6.400000
      vertex 65.804115 8.634963 5.000000
    endloop
  endfacet
  facet normal 0.382685 0.923879 0.000000
    outer loop
      vertex 65.804115 8.634963 5.000000
      vertex 65.804115 8.634963 6.400000
      vertex 66.087502 8.517580 5.000000
    endloop
  endfacet
  facet normal 0.793354 0.608761 0.000000
    outer loop
      vertex 66.330849 8.330851 5.000000
      vertex 66.330849 8.330851 6.400000
      vertex 66.517578 8.087500 5.000000
    endloop
  endfacet
  facet normal 0.608767 0.793349 0.000000
    outer loop
      vertex 66.087502 8.517580 5.000000
      vertex 66.087502 8.517580 6.400000
      vertex 66.330849 8.330851 5.000000
    endloop
  endfacet
  facet normal -0.793354 0.608761 0.000000
    outer loop
      vertex 64.669151 8.330851 5.000000
      vertex 64.482422 8.087500 6.400000
      vertex 64.669151 8.330851 6.400000
    endloop
  endfacet
  facet normal -0.608767 0.793349 0.000000
    outer loop
      vertex 64.912498 8.517580 5.000000
      vertex 64.669151 8.330851 6.400000
      vertex 64.912498 8.517580 6.400000
    endloop
  endfacet
  facet normal -0.382685 0.923879 0.000000
    outer loop
      vertex 65.195885 8.634963 5.000000
      vertex 64.912498 8.517580 6.400000
      vertex 65.195885 8.634963 6.400000
    endloop
  endfacet
  facet normal -0.130525 0.991445 0.000000
    outer loop
      vertex 65.500000 8.675000 5.000000
      vertex 65.195885 8.634963 6.400000
      vertex 65.500000 8.675000 6.400000
    endloop
  endfacet
  facet normal 0.130525 0.991445 0.000000
    outer loop
      vertex 65.804115 8.634963 5.000000
      vertex 65.500000 8.675000 6.400000
      vertex 65.804115 8.634963 6.400000
    endloop
  endfacet
  facet normal 0.382685 0.923879 0.000000
    outer loop
      vertex 66.087502 8.517580 5.000000
      vertex 65.804115 8.634963 6.400000
      vertex 66.087502 8.517580 6.400000
    endloop
  endfacet
  facet normal 0.793354 0.608761 0.000000
    outer loop
      vertex 66.517578 8.087500 5.000000
      vertex 66.330849 8.330851 6.400000
      vertex 66.517578 8.087500 6.400000
    endloop
  endfacet
  facet normal 0.608767 0.793349 0.000000
    outer loop
      vertex 66.330849 8.330851 5.000000
      vertex 66.087502 8.517580 6.400000
      vertex 66.330849 8.330851 6.400000
    endloop
  endfacet
  facet normal -0.773012 -0.634391 0.000000
    outer loop
      vertex 63.732231 54.732231 2.000000
      vertex 63.421326 55.111073 5.000000
      vertex 63.421326 55.111073 2.000000
    endloop
  endfacet
  facet normal -0.634387 -0.773015 0.000000
    outer loop
      vertex 63.732231 54.732231 2.000000
      vertex 64.111076 54.421326 2.000000
      vertex 63.732231 54.732231 5.000000
    endloop
  endfacet
  facet normal -0.956942 -0.290279 0.000000
    outer loop
      vertex 63.190300 55.543293 2.000000
      vertex 63.048038 56.012276 5.000000
      vertex 63.048038 56.012276 2.000000
    endloop
  endfacet
  facet normal -0.881922 -0.471395 0.000000
    outer loop
      vertex 63.190300 55.543293 2.000000
      vertex 63.421326 55.111073 2.000000
      vertex 63.190300 55.543293 5.000000
    endloop
  endfacet
  facet normal -0.471402 -0.881919 0.000000
    outer loop
      vertex 64.111076 54.421326 2.000000
      vertex 64.543289 54.190300 2.000000
      vertex 64.111076 54.421326 5.000000
    endloop
  endfacet
  facet normal -0.290277 -0.956943 0.000000
    outer loop
      vertex 64.543289 54.190300 2.000000
      vertex 65.012276 54.048038 2.000000
      vertex 64.543289 54.190300 5.000000
    endloop
  endfacet
  facet normal -0.098021 -0.995184 0.000000
    outer loop
      vertex 65.012276 54.048038 2.000000
      vertex 65.500000 54.000000 2.000000
      vertex 65.012276 54.048038 5.000000
    endloop
  endfacet
  facet normal 0.098021 -0.995184 0.000000
    outer loop
      vertex 65.500000 54.000000 2.000000
      vertex 65.987724 54.048038 2.000000
      vertex 65.500000 54.000000 5.000000
    endloop
  endfacet
  facet normal 0.290277 -0.956943 0.000000
    outer loop
      vertex 65.987724 54.048038 2.000000
      vertex 66.456711 54.190300 2.000000
      vertex 65.987724 54.048038 5.000000
    endloop
  endfacet
  facet normal 0.471402 -0.881919 0.000000
    outer loop
      vertex 66.456711 54.190300 2.000000
      vertex 66.888924 54.421326 2.000000
      vertex 66.456711 54.190300 5.000000
    endloop
  endfacet
  facet normal 0.634387 -0.773015 0.000000
    outer loop
      vertex 66.888924 54.421326 2.000000
      vertex 67.267769 54.732231 2.000000
      vertex 66.888924 54.421326 5.000000
    endloop
  endfacet
  facet normal 0.773012 -0.634391 0.000000
    outer loop
      vertex 67.267769 54.732231 2.000000
      vertex 67.578674 55.111073 2.000000
      vertex 67.267769 54.732231 5.000000
    endloop
  endfacet
  facet normal 0.881922 -0.471395 0.000000
    outer loop
      vertex 67.578674 55.111073 2.000000
      vertex 67.809700 55.543293 2.000000
      vertex 67.578674 55.111073 5.000000
    endloop
  endfacet
  facet normal 0.956940 -0.290286 0.000000
    outer loop
      vertex 67.809700 55.543293 2.000000
      vertex 67.951965 56.012276 2.000000
      vertex 67.809700 55.543293 5.000000
    endloop
  endfacet
  facet normal -0.773012 -0.634391 0.000000
    outer loop
      vertex 63.732231 54.732231 2.000000
      vertex 63.732231 54.732231 5.000000
      vertex 63.421326 55.111073 5.000000
    endloop
  endfacet
  facet normal -0.956942 -0.290279 0.000000
    outer loop
      vertex 63.190300 55.543293 2.000000
      vertex 63.190300 55.543293 5.000000
      vertex 63.048038 56.012276 5.000000
    endloop
  endfacet
  facet normal -0.881922 -0.471395 0.000000
    outer loop
      vertex 63.421326 55.111073 2.000000
      vertex 63.421326 55.111073 5.000000
      vertex 63.190300 55.543293 5.000000
    endloop
  endfacet
  facet normal -0.471402 -0.881919 0.000000
    outer loop
      vertex 64.543289 54.190300 2.000000
      vertex 64.543289 54.190300 5.000000
      vertex 64.111076 54.421326 5.000000
    endloop
  endfacet
  facet normal -0.634387 -0.773015 0.000000
    outer loop
      vertex 64.111076 54.421326 2.000000
      vertex 64.111076 54.421326 5.000000
      vertex 63.732231 54.732231 5.000000
    endloop
  endfacet
  facet normal -0.290277 -0.956943 0.000000
    outer loop
      vertex 65.012276 54.048038 2.000000
      vertex 65.012276 54.048038 5.000000
      vertex 64.543289 54.190300 5.000000
    endloop
  endfacet
  facet normal -0.098021 -0.995184 0.000000
    outer loop
      vertex 65.500000 54.000000 2.000000
      vertex 65.500000 54.000000 5.000000
      vertex 65.012276 54.048038 5.000000
    endloop
  endfacet
  facet normal 0.098021 -0.995184 0.000000
    outer loop
      vertex 65.987724 54.048038 2.000000
      vertex 65.987724 54.048038 5.000000
      vertex 65.500000 54.000000 5.000000
    endloop
  endfacet
  facet normal 0.290277 -0.956943 0.000000
    outer loop
      vertex 66.456711 54.190300 2.000000
      vertex 66.456711 54.190300 5.000000
      vertex 65.987724 54.048038 5.000000
    endloop
  endfacet
  facet normal 0.471402 -0.881919 0.000000
    outer loop
      vertex 66.888924 54.421326 2.000000
      vertex 66.888924 54.421326 5.000000
      vertex 66.456711 54.190300 5.000000
    endloop
  endfacet
  facet normal 0.634387 -0.773015 0.000000
    outer loop
      vertex 67.267769 54.732231 2.000000
      vertex 67.267769 54.732231 5.000000
      vertex 66.888924 54.421326 5.000000
    endloop
  endfacet
  facet normal 0.773012 -0.634391 0.000000
    outer loop
      vertex 67.578674 55.111073 2.000000
      vertex 67.578674 55.111073 5.000000
      vertex 67.267769 54.732231 5.000000
    endloop
  endfacet
  facet normal 0.881922 -0.471395 0.000000
    outer loop
      vertex 67.809700 55.543293 2.000000
      vertex 67.809700 55.543293 5.000000
      vertex 67.578674 55.111073 5.000000
    endloop
  endfacet
  facet normal 0.956940 -0.290286 0.000000
    outer loop
      vertex 67.809700 55.543293 5.000000
      vertex 67.951965 56.012276 2.000000
      vertex 67.951965 56.012276 5.000000
    endloop
  endfacet
  facet normal 0.000000 0.000000 1.000000
    outer loop
      vertex 64.111076 54.421326 5.000000
      vertex 64.543289 54.190300 5.000000
      vertex 64.482422 55.912498 5.000000
    endloop
  endfacet
  facet normal 0.000000 0.000000 1.000000
    outer loop
      vertex 65.012276 54.048038 5.000000
      vertex 65.500000 54.000000 5.000000
      vertex 65.500000 55.325001 5.000000
    endloop
  endfacet
  facet normal 0.000000 0.000000 1.000000
    outer loop
      vertex 64.543289 54.190300 5.000000
      vertex 65.012276 54.048038 5.000000
      vertex 64.912498 55.482422 5.000000
    endloop
  endfacet
  facet normal 0.000000 0.000000 1.000000
    outer loop
      vertex 65.012276 54.048038 5.000000
      vertex 65.195885 55.365036 5.000000
      vertex 64.912498 55.482422 5.000000
    endloop
  endfacet
  facet normal 0.000000 0.000000 1.000000
    outer loop
      vertex 65.012276 54.048038 5.000000
      vertex 65.500000 55.325001 5.000000
      vertex 65.195885 55.365036 5.000000
    endloop
  endfacet
  facet normal 0.000000 0.000000 1.000000
    outer loop
      vertex 64.543289 54.190300 5.000000
      vertex 64.669151 55.669151 5.000000
      vertex 64.482422 55.912498 5.000000
    endloop
  endfacet
  facet normal 0.000000 0.000000 1.000000
    outer loop
      vertex 64.111076 54.421326 5.000000
      vertex 64.365036 56.195889 5.000000
      vertex 64.324997 56.500000 5.000000
    endloop
  endfacet
  facet normal 0.000000 0.000000 1.000000
    outer loop
      vertex 63.732231 54.732231 5.000000
      vertex 64.111076 54.421326 5.000000
      vertex 64.111076 58.578674 5.000000
    endloop
  endfacet
  facet normal 0.000000 0.000000 1.000000
    outer loop
      vertex 64.111076 54.421326 5.000000
      vertex 64.482422 55.912498 5.000000
      vertex 64.365036 56.195889 5.000000
    endloop
  endfacet
  facet normal 0.000000 0.000000 1.000000
    outer loop
      vertex 64.543289 54.190300 5.000000
      vertex 64.912498 55.482422 5.000000
      vertex 64.669151 55.669151 5.000000
    endloop
  endfacet
  facet normal 0.000000 0.000000 1.000000
    outer loop
      vertex 65.500000 54.000000 5.000000
      vertex 65.987724 54.048038 5.000000
      vertex 65.500000 55.325001 5.000000
    endloop
  endfacet
  facet normal 0.000000 0.000000 1.000000
    outer loop
      vertex 65.987724 54.048038 5.000000
      vertex 65.804115 55.365036 5.000000
      vertex 65.500000 55.325001 5.000000
    endloop
  endfacet
  facet normal 0.000000 0.000000 1.000000
    outer loop
      vertex 65.987724 54.048038 5.000000
      vertex 66.087502 55.482422 5.000000
      vertex 65.804115 55.365036 5.000000
    endloop
  endfacet
  facet normal 0.000000 0.000000 1.000000
    outer loop
      vertex 65.987724 54.048038 5.000000
      vertex 66.456711 54.190300 5.000000
      vertex 66.087502 55.482422 5.000000
    endloop
  endfacet
  facet normal 0.000000 0.000000 1.000000
    outer loop
      vertex 66.456711 54.190300 5.000000
      vertex 66.330849 55.669151 5.000000
      vertex 66.087502 55.482422 5.000000
    endloop
  endfacet
  facet normal 0.000000 0.000000 1.000000
    outer loop
      vertex 66.456711 54.190300 5.000000
      vertex 66.517578 55.912498 5.000000
      vertex 66.330849 55.669151 5.000000
    endloop
  endfacet
  facet normal 0.000000 0.000000 1.000000
    outer loop
      vertex 66.456711 54.190300 5.000000
      vertex 66.634964 56.195889 5.000000
      vertex 66.517578 55.912498 5.000000
    endloop
  endfacet
  facet normal 0.000000 0.000000 1.000000
    outer loop
      vertex 66.456711 54.190300 5.000000
      vertex 66.675003 56.500000 5.000000
      vertex 66.634964 56.195889 5.000000
    endloop
  endfacet
  facet normal 0.000000 0.000000 1.000000
    outer loop
      vertex 66.456711 54.190300 5.000000
      vertex 66.888924 54.421326 5.000000
      vertex 66.888924 58.578674 5.000000
    endloop
  endfacet
  facet normal 0.000000 0.000000 1.000000
    outer loop
      vertex 66.888924 54.421326 5.000000
      vertex 67.267769 54.732231 5.000000
      vertex 67.267769 58.267769 5.000000
    endloop
  endfacet
  facet normal 0.000000 0.000000 1.000000
    outer loop
      vertex 67.267769 54.732231 5.000000
      vertex 67.578674 55.111073 5.000000
      vertex 67.578674 57.888927 5.000000
    endloop
  endfacet
  facet normal -0.995184 -0.098021 0.000000
    outer loop
      vertex 63.048038 56.012276 2.000000
      vertex 63.000000 56.500000 5.000000
      vertex 63.000000 56.500000 2.000000
    endloop
  endfacet
  facet normal -0.995184 0.098021 0.000000
    outer loop
      vertex 63.000000 56.500000 2.000000
      vertex 63.048038 56.987724 5.000000
      vertex 63.048038 56.987724 2.000000
    endloop
  endfacet
  facet normal -0.956942 0.290279 0.000000
    outer loop
      vertex 63.048038 56.987724 2.000000
      vertex 63.190300 57.456707 5.000000
      vertex 63.190300 57.456707 2.000000
    endloop
  endfacet
  facet normal -0.881922 0.471395 0.000000
    outer loop
      vertex 63.190300 57.456707 2.000000
      vertex 63.421326 57.888927 5.000000
      vertex 63.421326 57.888927 2.000000
    endloop
  endfacet
  facet normal -0.773012 0.634391 0.000000
    outer loop
      vertex 63.421326 57.888927 2.000000
      vertex 63.732231 58.267769 5.000000
      vertex 63.732231 58.267769 2.000000
    endloop
  endfacet
  facet normal -0.634387 0.773015 0.000000
    outer loop
      vertex 63.732231 58.267769 2.000000
      vertex 64.111076 58.578674 5.000000
      vertex 64.111076 58.578674 2.000000
    endloop
  endfacet
  facet normal -0.471402 0.881919 0.000000
    outer loop
      vertex 64.111076 58.578674 2.000000
      vertex 64.543289 58.809700 5.000000
      vertex 64.543289 58.809700 2.000000
    endloop
  endfacet
  facet normal -0.290277 0.956943 0.000000
    outer loop
      vertex 64.543289 58.809700 2.000000
      vertex 65.012276 58.951962 5.000000
      vertex 65.012276 58.951962 2.000000
    endloop
  endfacet
  facet normal -0.098021 0.995184 0.000000
    outer loop
      vertex 65.012276 58.951962 2.000000
      vertex 65.500000 59.000000 5.000000
      vertex 65.500000 59.000000 2.000000
    endloop
  endfacet
  facet normal 0.098021 0.995184 0.000000
    outer loop
      vertex 65.987724 58.951962 2.000000
      vertex 65.500000 59.000000 2.000000
      vertex 65.987724 58.951962 5.000000
    endloop
  endfacet
  facet normal 0.290277 0.956943 0.000000
    outer loop
      vertex 65.987724 58.951962 2.000000
      vertex 66.456711 58.809700 5.000000
      vertex 66.456711 58.809700 2.000000
    endloop
  endfacet
  facet normal 0.471402 0.881919 0.000000
    outer loop
      vertex 66.456711 58.809700 2.000000
      vertex 66.888924 58.578674 5.000000
      vertex 66.888924 58.578674 2.000000
    endloop
  endfacet
  facet normal 0.995185 -0.098013 0.000000
    outer loop
      vertex 67.951965 56.012276 2.000000
      vertex 68.000000 56.500000 2.000000
      vertex 67.951965 56.012276 5.000000
    endloop
  endfacet
  facet normal 0.995185 0.098013 0.000000
    outer loop
      vertex 68.000000 56.500000 2.000000
      vertex 67.951965 56.987724 2.000000
      vertex 68.000000 56.500000 5.000000
    endloop
  endfacet
  facet normal 0.956940 0.290286 0.000000
    outer loop
      vertex 67.951965 56.987724 2.000000
      vertex 67.809700 57.456707 2.000000
      vertex 67.951965 56.987724 5.000000
    endloop
  endfacet
  facet normal 0.881922 0.471395 0.000000
    outer loop
      vertex 67.809700 57.456707 2.000000
      vertex 67.578674 57.888927 2.000000
      vertex 67.809700 57.456707 5.000000
    endloop
  endfacet
  facet normal 0.634387 0.773015 0.000000
    outer loop
      vertex 67.267769 58.267769 2.000000
      vertex 66.888924 58.578674 2.000000
      vertex 67.267769 58.267769 5.000000
    endloop
  endfacet
  facet normal 0.773012 0.634391 0.000000
    outer loop
      vertex 67.578674 57.888927 2.000000
      vertex 67.267769 58.267769 2.000000
      vertex 67.578674 57.888927 5.000000
    endloop
  endfacet
  facet normal -0.995184 -0.098021 0.000000
    outer loop
      vertex 63.048038 56.012276 2.000000
      vertex 63.048038 56.012276 5.000000
      vertex 63.000000 56.500000 5.000000
    endloop
  endfacet
  facet normal -0.995184 0.098021 0.000000
    outer loop
      vertex 63.000000 56.500000 2.000000
      vertex 63.000000 56.500000 5.000000
      vertex 63.048038 56.987724 5.000000
    endloop
  endfacet
  facet normal -0.956942 0.290279 0.000000
    outer loop
      vertex 63.048038 56.987724 2.000000
      vertex 63.048038 56.987724 5.000000
      vertex 63.190300 57.456707 5.000000
    endloop
  endfacet
  facet normal -0.881922 0.471395 0.000000
    outer loop
      vertex 63.190300 57.456707 2.000000
      vertex 63.190300 57.456707 5.000000
      vertex 63.421326 57.888927 5.000000
    endloop
  endfacet
  facet normal -0.773012 0.634391 0.000000
    outer loop
      vertex 63.421326 57.888927 2.000000
      vertex 63.421326 57.888927 5.000000
      vertex 63.732231 58.267769 5.000000
    endloop
  endfacet
  facet normal -0.634387 0.773015 0.000000
    outer loop
      vertex 63.732231 58.267769 2.000000
      vertex 63.732231 58.267769 5.000000
      vertex 64.111076 58.578674 5.000000
    endloop
  endfacet
  facet normal 0.000000 0.000000 1.000000
    outer loop
      vertex 63.190300 55.543293 5.000000
      vertex 63.190300 57.456707 5.000000
      vertex 63.048038 56.012276 5.000000
    endloop
  endfacet
  facet normal 0.000000 0.000000 1.000000
    outer loop
      vertex 63.048038 56.012276 5.000000
      vertex 63.048038 56.987724 5.000000
      vertex 63.000000 56.500000 5.000000
    endloop
  endfacet
  facet normal 0.000000 0.000000 1.000000
    outer loop
      vertex 63.048038 56.012276 5.000000
      vertex 63.190300 57.456707 5.000000
      vertex 63.048038 56.987724 5.000000
    endloop
  endfacet
  facet normal 0.000000 0.000000 1.000000
    outer loop
      vertex 63.190300 55.543293 5.000000
      vertex 63.421326 55.111073 5.000000
      vertex 63.421326 57.888927 5.000000
    endloop
  endfacet
  facet normal 0.000000 0.000000 1.000000
    outer loop
      vertex 63.732231 54.732231 5.000000
      vertex 63.732231 58.267769 5.000000
      vertex 63.421326 55.111073 5.000000
    endloop
  endfacet
  facet normal 0.000000 0.000000 1.000000
    outer loop
      vertex 63.190300 55.543293 5.000000
      vertex 63.421326 57.888927 5.000000
      vertex 63.190300 57.456707 5.000000
    endloop
  endfacet
  facet normal 0.000000 0.000000 1.000000
    outer loop
      vertex 63.421326 55.111073 5.000000
      vertex 63.732231 58.267769 5.000000
      vertex 63.421326 57.888927 5.000000
    endloop
  endfacet
  facet normal 0.000000 0.000000 1.000000
    outer loop
      vertex 63.732231 54.732231 5.000000
      vertex 64.111076 58.578674 5.000000
      vertex 63.732231 58.267769 5.000000
    endloop
  endfacet
  facet normal -0.471402 0.881919 0.000000
    outer loop
      vertex 64.111076 58.578674 2.000000
      vertex 64.111076 58.578674 5.000000
      vertex 64.543289 58.809700 5.000000
    endloop
  endfacet
  facet normal -0.290277 0.956943 0.000000
    outer loop
      vertex 64.543289 58.809700 2.000000
      vertex 64.543289 58.809700 5.000000
      vertex 65.012276 58.951962 5.000000
    endloop
  endfacet
  facet normal -0.098021 0.995184 0.000000
    outer loop
      vertex 65.012276 58.951962 2.000000
      vertex 65.012276 58.951962 5.000000
      vertex 65.500000 59.000000 5.000000
    endloop
  endfacet
  facet normal 0.098021 0.995184 0.000000
    outer loop
      vertex 65.500000 59.000000 2.000000
      vertex 65.500000 59.000000 5.000000
      vertex 65.987724 58.951962 5.000000
    endloop
  endfacet
  facet normal 0.290277 0.956943 0.000000
    outer loop
      vertex 65.987724 58.951962 2.000000
      vertex 65.987724 58.951962 5.000000
      vertex 66.456711 58.809700 5.000000
    endloop
  endfacet
  facet normal 0.471402 0.881919 0.000000
    outer loop
      vertex 66.456711 58.809700 2.000000
      vertex 66.456711 58.809700 5.000000
      vertex 66.888924 58.578674 5.000000
    endloop
  endfacet
  facet normal 0.995185 -0.098013 0.000000
    outer loop
      vertex 68.000000 56.500000 2.000000
      vertex 68.000000 56.500000 5.000000
      vertex 67.951965 56.012276 5.000000
    endloop
  endfacet
  facet normal 0.995185 0.098013 0.000000
    outer loop
      vertex 67.951965 56.987724 2.000000
      vertex 67.951965 56.987724 5.000000
      vertex 68.000000 56.500000 5.000000
    endloop
  endfacet
  facet normal 0.956940 0.290286 0.000000
    outer loop
      vertex 67.809700 57.456707 2.000000
      vertex 67.809700 57.456707 5.000000
      vertex 67.951965 56.987724 5.000000
    endloop
  endfacet
  facet normal 0.881922 0.471395 0.000000
    outer loop
      vertex 67.578674 57.888927 2.000000
      vertex 67.578674 57.888927 5.000000
      vertex 67.809700 57.456707 5.000000
    endloop
  endfacet
  facet normal 0.634387 0.773015 0.000000
    outer loop
      vertex 66.888924 58.578674 2.000000
      vertex 66.888924 58.578674 5.000000
      vertex 67.267769 58.267769 5.000000
    endloop
  endfacet
  facet normal 0.773012 0.634391 0.000000
    outer loop
      vertex 67.267769 58.267769 2.000000
      vertex 67.267769 58.267769 5.000000
      vertex 67.578674 57.888927 5.000000
    endloop
  endfacet
  facet normal 0.000000 0.000000 1.000000
    outer loop
      vertex 64.111076 54.421326 5.000000
      vertex 64.324997 56.500000 5.000000
      vertex 64.543289 58.809700 5.000000
    endloop
  endfacet
  facet normal 0.000000 0.000000 1.000000
    outer loop
      vertex 64.111076 54.421326 5.000000
      vertex 64.543289 58.809700 5.000000
      vertex 64.111076 58.578674 5.000000
    endloop
  endfacet
  facet normal 0.000000 0.000000 1.000000
    outer loop
      vertex 64.324997 56.500000 5.000000
      vertex 64.365036 56.804111 5.000000
      vertex 64.543289 58.809700 5.000000
    endloop
  endfacet
  facet normal 0.000000 0.000000 1.000000
    outer loop
      vertex 64.365036 56.804111 5.000000
      vertex 64.482422 57.087502 5.000000
      vertex 64.543289 58.809700 5.000000
    endloop
  endfacet
  facet normal 0.000000 0.000000 1.000000
    outer loop
      vertex 64.482422 57.087502 5.000000
      vertex 64.669151 57.330849 5.000000
      vertex 64.543289 58.809700 5.000000
    endloop
  endfacet
  facet normal 0.000000 0.000000 1.000000
    outer loop
      vertex 64.669151 57.330849 5.000000
      vertex 64.912498 57.517578 5.000000
      vertex 64.543289 58.809700 5.000000
    endloop
  endfacet
  facet normal 0.000000 0.000000 1.000000
    outer loop
      vertex 66.456711 54.190300 5.000000
      vertex 66.888924 58.578674 5.000000
      vertex 66.675003 56.500000 5.000000
    endloop
  endfacet
  facet normal 0.000000 0.000000 1.000000
    outer loop
      vertex 66.675003 56.500000 5.000000
      vertex 66.888924 58.578674 5.000000
      vertex 66.634964 56.804111 5.000000
    endloop
  endfacet
  facet normal 0.000000 0.000000 1.000000
    outer loop
      vertex 66.634964 56.804111 5.000000
      vertex 66.888924 58.578674 5.000000
      vertex 66.517578 57.087502 5.000000
    endloop
  endfacet
  facet normal 0.000000 0.000000 1.000000
    outer loop
      vertex 66.330849 57.330849 5.000000
      vertex 66.517578 57.087502 5.000000
      vertex 66.456711 58.809700 5.000000
    endloop
  endfacet
  facet normal 0.000000 0.000000 1.000000
    outer loop
      vertex 66.087502 57.517578 5.000000
      vertex 66.330849 57.330849 5.000000
      vertex 66.456711 58.809700 5.000000
    endloop
  endfacet
  facet normal 0.000000 0.000000 1.000000
    outer loop
      vertex 64.912498 57.517578 5.000000
      vertex 65.012276 58.951962 5.000000
      vertex 64.543289 58.809700 5.000000
    endloop
  endfacet
  facet normal 0.000000 0.000000 1.000000
    outer loop
      vertex 64.912498 57.517578 5.000000
      vertex 65.195885 57.634964 5.000000
      vertex 65.012276 58.951962 5.000000
    endloop
  endfacet
  facet normal 0.000000 0.000000 1.000000
    outer loop
      vertex 65.195885 57.634964 5.000000
      vertex 65.500000 57.674999 5.000000
      vertex 65.012276 58.951962 5.000000
    endloop
  endfacet
  facet normal 0.000000 0.000000 1.000000
    outer loop
      vertex 65.500000 57.674999 5.000000
      vertex 65.500000 59.000000 5.000000
      vertex 65.012276 58.951962 5.000000
    endloop
  endfacet
  facet normal 0.000000 0.000000 1.000000
    outer loop
      vertex 65.500000 57.674999 5.000000
      vertex 65.804115 57.634964 5.000000
      vertex 65.987724 58.951962 5.000000
    endloop
  endfacet
  facet normal 0.000000 0.000000 1.000000
    outer loop
      vertex 65.804115 57.634964 5.000000
      vertex 66.087502 57.517578 5.000000
      vertex 65.987724 58.951962 5.000000
    endloop
  endfacet
  facet normal 0.000000 0.000000 1.000000
    outer loop
      vertex 65.500000 57.674999 5.000000
      vertex 65.987724 58.951962 5.000000
      vertex 65.500000 59.000000 5.000000
    endloop
  endfacet
  facet normal 0.000000 0.000000 1.000000
    outer loop
      vertex 66.087502 57.517578 5.000000
      vertex 66.456711 58.809700 5.000000
      vertex 65.987724 58.951962 5.000000
    endloop
  endfacet
  facet normal 0.000000 0.000000 1.000000
    outer loop
      vertex 66.517578 57.087502 5.000000
      vertex 66.888924 58.578674 5.000000
      vertex 66.456711 58.809700 5.000000
    endloop
  endfacet
  facet normal 0.000000 0.000000 1.000000
    outer loop
      vertex 67.267769 54.732231 5.000000
      vertex 67.578674 57.888927 5.000000
      vertex 67.267769 58.267769 5.000000
    endloop
  endfacet
  facet normal 0.000000 0.000000 1.000000
    outer loop
      vertex 67.578674 55.111073 5.000000
      vertex 67.809700 55.543293 5.000000
      vertex 67.809700 57.456707 5.000000
    endloop
  endfacet
  facet normal 0.000000 0.000000 1.000000
    outer loop
      vertex 67.809700 55.543293 5.000000
      vertex 67.951965 56.012276 5.000000
      vertex 67.951965 56.987724 5.000000
    endloop
  endfacet
  facet normal 0.000000 0.000000 1.000000
    outer loop
      vertex 67.809700 55.543293 5.000000
      vertex 67.951965 56.987724 5.000000
      vertex 67.809700 57.456707 5.000000
    endloop
  endfacet
  facet normal 0.000000 0.000000 1.000000
    outer loop
      vertex 67.578674 55.111073 5.000000
      vertex 67.809700 57.456707 5.000000
      vertex 67.578674 57.888927 5.000000
    endloop
  endfacet
  facet normal 0.000000 0.000000 1.000000
    outer loop
      vertex 67.951965 56.012276 5.000000
      vertex 68.000000 56.500000 5.000000
      vertex 67.951965 56.987724 5.000000
    endloop
  endfacet
  facet normal 0.000000 0.000000 1.000000
    outer loop
      vertex 66.888924 54.421326 5.000000
      vertex 67.267769 58.267769 5.000000
      vertex 66.888924 58.578674 5.000000
    endloop
  endfacet
  facet normal -0.793349 -0.608767 0.000000
    outer loop
      vertex 64.482422 55.912498 5.000000
      vertex 64.669151 55.669151 5.000000
      vertex 64.669151 55.669151 6.400000
    endloop
  endfacet
  facet normal -0.382693 -0.923876 0.000000
    outer loop
      vertex 64.912498 55.482422 5.000000
      vertex 65.195885 55.365036 5.000000
      vertex 65.195885 55.365036 6.400000
    endloop
  endfacet
  facet normal -0.608767 -0.793349 0.000000
    outer loop
      vertex 64.912498 55.482422 5.000000
      vertex 64.912498 55.482422 6.400000
      vertex 64.669151 55.669151 5.000000
    endloop
  endfacet
  facet normal -0.130519 -0.991446 0.000000
    outer loop
      vertex 65.195885 55.365036 5.000000
      vertex 65.500000 55.325001 5.000000
      vertex 65.500000 55.325001 6.400000
    endloop
  endfacet
  facet normal 0.130519 -0.991446 0.000000
    outer loop
      vertex 65.500000 55.325001 5.000000
      vertex 65.804115 55.365036 5.000000
      vertex 65.804115 55.365036 6.400000
    endloop
  endfacet
  facet normal 0.382693 -0.923876 0.000000
    outer loop
      vertex 65.804115 55.365036 5.000000
      vertex 66.087502 55.482422 5.000000
      vertex 66.087502 55.482422 6.400000
    endloop
  endfacet
  facet normal 0.608767 -0.793349 0.000000
    outer loop
      vertex 66.087502 55.482422 5.000000
      vertex 66.330849 55.669151 5.000000
      vertex 66.330849 55.669151 6.400000
    endloop
  endfacet
  facet normal 0.793349 -0.608767 0.000000
    outer loop
      vertex 66.330849 55.669151 5.000000
      vertex 66.517578 55.912498 5.000000
      vertex 66.517578 55.912498 6.400000
    endloop
  endfacet
  facet normal -0.793349 -0.608767 0.000000
    outer loop
      vertex 64.482422 55.912498 5.000000
      vertex 64.669151 55.669151 6.400000
      vertex 64.482422 55.912498 6.400000
    endloop
  endfacet
  facet normal -0.382693 -0.923876 0.000000
    outer loop
      vertex 64.912498 55.482422 5.000000
      vertex 65.195885 55.365036 6.400000
      vertex 64.912498 55.482422 6.400000
    endloop
  endfacet
  facet normal -0.130519 -0.991446 0.000000
    outer loop
      vertex 65.195885 55.365036 5.000000
      vertex 65.500000 55.325001 6.400000
      vertex 65.195885 55.365036 6.400000
    endloop
  endfacet
  facet normal -0.608767 -0.793349 0.000000
    outer loop
      vertex 64.669151 55.669151 5.000000
      vertex 64.912498 55.482422 6.400000
      vertex 64.669151 55.669151 6.400000
    endloop
  endfacet
  facet normal 0.130519 -0.991446 0.000000
    outer loop
      vertex 65.500000 55.325001 5.000000
      vertex 65.804115 55.365036 6.400000
      vertex 65.500000 55.325001 6.400000
    endloop
  endfacet
  facet normal 0.382693 -0.923876 0.000000
    outer loop
      vertex 65.804115 55.365036 5.000000
      vertex 66.087502 55.482422 6.400000
      vertex 65.804115 55.365036 6.400000
    endloop
  endfacet
  facet normal 0.608767 -0.793349 0.000000
    outer loop
      vertex 66.087502 55.482422 5.000000
      vertex 66.330849 55.669151 6.400000
      vertex 66.087502 55.482422 6.400000
    endloop
  endfacet
  facet normal 0.793349 -0.608767 0.000000
    outer loop
      vertex 66.330849 55.669151 5.000000
      vertex 66.517578 55.912498 6.400000
      vertex 66.330849 55.669151 6.400000
    endloop
  endfacet
  facet normal -0.923877 -0.382689 0.000000
    outer loop
      vertex 64.482422 55.912498 5.000000
      vertex 64.482422 55.912498 6.400000
      vertex 64.365036 56.195889 5.000000
    endloop
  endfacet
  facet normal -0.991444 -0.130533 0.000000
    outer loop
      vertex 64.365036 56.195889 5.000000
      vertex 64.365036 56.195889 6.400000
      vertex 64.324997 56.500000 5.000000
    endloop
  endfacet
  facet normal -0.991444 0.130533 0.000000
    outer loop
      vertex 64.324997 56.500000 5.000000
      vertex 64.324997 56.500000 6.400000
      vertex 64.365036 56.804111 5.000000
    endloop
  endfacet
  facet normal -0.923877 0.382689 0.000000
    outer loop
      vertex 64.365036 56.804111 5.000000
      vertex 64.365036 56.804111 6.400000
      vertex 64.482422 57.087502 5.000000
    endloop
  endfacet
  facet normal -0.793349 0.608767 0.000000
    outer loop
      vertex 64.482422 57.087502 5.000000
      vertex 64.482422 57.087502 6.400000
      vertex 64.669151 57.330849 5.000000
    endloop
  endfacet
  facet normal -0.608767 0.793349 0.000000
    outer loop
      vertex 64.669151 57.330849 5.000000
      vertex 64.669151 57.330849 6.400000
      vertex 64.912498 57.517578 5.000000
    endloop
  endfacet
  facet normal -0.382693 0.923876 0.000000
    outer loop
      vertex 64.912498 57.517578 5.000000
      vertex 64.912498 57.517578 6.400000
      vertex 65.195885 57.634964 5.000000
    endloop
  endfacet
  facet normal -0.130519 0.991446 0.000000
    outer loop
      vertex 65.195885 57.634964 5.000000
      vertex 65.195885 57.634964 6.400000
      vertex 65.500000 57.674999 5.000000
    endloop
  endfacet
  facet normal 0.923877 -0.382689 0.000000
    outer loop
      vertex 66.517578 55.912498 5.000000
      vertex 66.634964 56.195889 5.000000
      vertex 66.634964 56.195889 6.400000
    endloop
  endfacet
  facet normal 0.991444 -0.130533 0.000000
    outer loop
      vertex 66.634964 56.195889 5.000000
      vertex 66.675003 56.500000 5.000000
      vertex 66.675003 56.500000 6.400000
    endloop
  endfacet
  facet normal 0.991444 0.130533 0.000000
    outer loop
      vertex 66.675003 56.500000 5.000000
      vertex 66.634964 56.804111 5.000000
      vertex 66.634964 56.804111 6.400000
    endloop
  endfacet
  facet normal 0.923877 0.382689 0.000000
    outer loop
      vertex 66.634964 56.804111 5.000000
      vertex 66.517578 57.087502 5.000000
      vertex 66.517578 57.087502 6.400000
    endloop
  endfacet
  facet normal 0.130519 0.991446 0.000000
    outer loop
      vertex 65.500000 57.674999 5.000000
      vertex 65.500000 57.674999 6.400000
      vertex 65.804115 57.634964 5.000000
    endloop
  endfacet
  facet normal 0.382693 0.923876 0.000000
    outer loop
      vertex 65.804115 57.634964 5.000000
      vertex 65.804115 57.634964 6.400000
      vertex 66.087502 57.517578 5.000000
    endloop
  endfacet
  facet normal 0.793349 0.608767 0.000000
    outer loop
      vertex 66.330849 57.330849 5.000000
      vertex 66.330849 57.330849 6.400000
      vertex 66.517578 57.087502 5.000000
    endloop
  endfacet
  facet normal 0.608767 0.793349 0.000000
    outer loop
      vertex 66.087502 57.517578 5.000000
      vertex 66.087502 57.517578 6.400000
      vertex 66.330849 57.330849 5.000000
    endloop
  endfacet
  facet normal -0.923877 -0.382689 0.000000
    outer loop
      vertex 64.482422 55.912498 6.400000
      vertex 64.365036 56.195889 6.400000
      vertex 64.365036 56.195889 5.000000
    endloop
  endfacet
  facet normal -0.991444 -0.130533 0.000000
    outer loop
      vertex 64.324997 56.500000 5.000000
      vertex 64.365036 56.195889 6.400000
      vertex 64.324997 56.500000 6.400000
    endloop
  endfacet
  facet normal -0.991444 0.130533 0.000000
    outer loop
      vertex 64.365036 56.804111 5.000000
      vertex 64.324997 56.500000 6.400000
      vertex 64.365036 56.804111 6.400000
    endloop
  endfacet
  facet normal -0.923877 0.382689 0.000000
    outer loop
      vertex 64.482422 57.087502 5.000000
      vertex 64.365036 56.804111 6.400000
      vertex 64.482422 57.087502 6.400000
    endloop
  endfacet
  facet normal 0.000000 0.000000 1.000000
    outer loop
      vertex 64.482422 55.912498 6.400000
      vertex 64.482422 57.087502 6.400000
      vertex 64.365036 56.195889 6.400000
    endloop
  endfacet
  facet normal 0.000000 0.000000 1.000000
    outer loop
      vertex 64.482422 55.912498 6.400000
      vertex 64.669151 55.669151 6.400000
      vertex 64.669151 57.330849 6.400000
    endloop
  endfacet
  facet normal 0.000000 0.000000 1.000000
    outer loop
      vertex 64.365036 56.195889 6.400000
      vertex 64.365036 56.804111 6.400000
      vertex 64.324997 56.500000 6.400000
    endloop
  endfacet
  facet normal 0.000000 0.000000 1.000000
    outer loop
      vertex 64.365036 56.195889 6.400000
      vertex 64.482422 57.087502 6.400000
      vertex 64.365036 56.804111 6.400000
    endloop
  endfacet
  facet normal 0.000000 0.000000 1.000000
    outer loop
      vertex 64.482422 55.912498 6.400000
      vertex 64.669151 57.330849 6.400000
      vertex 64.482422 57.087502 6.400000
    endloop
  endfacet
  facet normal 0.000000 0.000000 1.000000
    outer loop
      vertex 64.912498 55.482422 6.400000
      vertex 64.912498 57.517578 6.400000
      vertex 64.669151 55.669151 6.400000
    endloop
  endfacet
  facet normal 0.000000 0.000000 1.000000
    outer loop
      vertex 64.912498 55.482422 6.400000
      vertex 65.195885 55.365036 6.400000
      vertex 65.195885 57.634964 6.400000
    endloop
  endfacet
  facet normal 0.000000 0.000000 1.000000
    outer loop
      vertex 64.669151 55.669151 6.400000
      vertex 64.912498 57.517578 6.400000
      vertex 64.669151 57.330849 6.400000
    endloop
  endfacet
  facet normal 0.000000 0.000000 1.000000
    outer loop
      vertex 64.912498 55.482422 6.400000
      vertex 65.195885 57.634964 6.400000
      vertex 64.912498 57.517578 6.400000
    endloop
  endfacet
  facet normal 0.000000 0.000000 1.000000
    outer loop
      vertex 65.195885 55.365036 6.400000
      vertex 65.500000 57.674999 6.400000
      vertex 65.195885 57.634964 6.400000
    endloop
  endfacet
  facet normal -0.793349 0.608767 0.000000
    outer loop
      vertex 64.669151 57.330849 5.000000
      vertex 64.482422 57.087502 6.400000
      vertex 64.669151 57.330849 6.400000
    endloop
  endfacet
  facet normal -0.608767 0.793349 0.000000
    outer loop
      vertex 64.912498 57.517578 5.000000
      vertex 64.669151 57.330849 6.400000
      vertex 64.912498 57.517578 6.400000
    endloop
  endfacet
  facet normal -0.382693 0.923876 0.000000
    outer loop
      vertex 65.195885 57.634964 5.000000
      vertex 64.912498 57.517578 6.400000
      vertex 65.195885 57.634964 6.400000
    endloop
  endfacet
  facet normal 0.923877 -0.382689 0.000000
    outer loop
      vertex 66.517578 55.912498 5.000000
      vertex 66.634964 56.195889 6.400000
      vertex 66.517578 55.912498 6.400000
    endloop
  endfacet
  facet normal 0.991444 -0.130533 0.000000
    outer loop
      vertex 66.634964 56.195889 5.000000
      vertex 66.675003 56.500000 6.400000
      vertex 66.634964 56.195889 6.400000
    endloop
  endfacet
  facet normal 0.991444 0.130533 0.000000
    outer loop
      vertex 66.675003 56.500000 5.000000
      vertex 66.634964 56.804111 6.400000
      vertex 66.675003 56.500000 6.400000
    endloop
  endfacet
  facet normal 0.923877 0.382689 0.000000
    outer loop
      vertex 66.634964 56.804111 5.000000
      vertex 66.517578 57.087502 6.400000
      vertex 66.634964 56.804111 6.400000
    endloop
  endfacet
  facet normal 0.000000 0.000000 1.000000
    outer loop
      vertex 65.195885 55.365036 6.400000
      vertex 65.500000 55.325001 6.400000
      vertex 65.500000 57.674999 6.400000
    endloop
  endfacet
  facet normal 0.000000 0.000000 1.000000
    outer loop
      vertex 65.500000 55.325001 6.400000
      vertex 65.804115 55.365036 6.400000
      vertex 65.804115 57.634964 6.400000
    endloop
  endfacet
  facet normal 0.000000 0.000000 1.000000
    outer loop
      vertex 65.804115 55.365036 6.400000
      vertex 66.087502 55.482422 6.400000
      vertex 66.087502 57.517578 6.400000
    endloop
  endfacet
  facet normal 0.000000 0.000000 1.000000
    outer loop
      vertex 65.500000 55.325001 6.400000
      vertex 65.804115 57.634964 6.400000
      vertex 65.500000 57.674999 6.400000
    endloop
  endfacet
  facet normal 0.000000 0.000000 1.000000
    outer loop
      vertex 65.804115 55.365036 6.400000
      vertex 66.087502 57.517578 6.400000
      vertex 65.804115 57.634964 6.400000
    endloop
  endfacet
  facet normal 0.000000 0.000000 1.000000
    outer loop
      vertex 66.087502 55.482422 6.400000
      vertex 66.330849 55.669151 6.400000
      vertex 66.330849 57.330849 6.400000
    endloop
  endfacet
  facet normal 0.000000 0.000000 1.000000
    outer loop
      vertex 66.330849 55.669151 6.400000
      vertex 66.517578 55.912498 6.400000
      vertex 66.517578 57.087502 6.400000
    endloop
  endfacet
  facet normal 0.000000 0.000000 1.000000
    outer loop
      vertex 66.517578 55.912498 6.400000
      vertex 66.634964 56.195889 6.400000
      vertex 66.634964 56.804111 6.400000
    endloop
  endfacet
  facet normal 0.000000 0.000000 1.000000
    outer loop
      vertex 66.330849 55.669151 6.400000
      vertex 66.517578 57.087502 6.400000
      vertex 66.330849 57.330849 6.400000
    endloop
  endfacet
  facet normal 0.000000 0.000000 1.000000
    outer loop
      vertex 66.087502 55.482422 6.400000
      vertex 66.330849 57.330849 6.400000
      vertex 66.087502 57.517578 6.400000
    endloop
  endfacet
  facet normal 0.000000 0.000000 1.000000
    outer loop
      vertex 66.517578 55.912498 6.400000
      vertex 66.634964 56.804111 6.400000
      vertex 66.517578 57.087502 6.400000
    endloop
  endfacet
  facet normal 0.000000 0.000000 1.000000
    outer loop
      vertex 66.634964 56.195889 6.400000
      vertex 66.675003 56.500000 6.400000
      vertex 66.634964 56.804111 6.400000
    endloop
  endfacet
  facet normal -0.130519 0.991446 0.000000
    outer loop
      vertex 65.500000 57.674999 5.000000
      vertex 65.195885 57.634964 6.400000
      vertex 65.500000 57.674999 6.400000
    endloop
  endfacet
  facet normal 0.130519 0.991446 0.000000
    outer loop
      vertex 65.804115 57.634964 5.000000
      vertex 65.500000 57.674999 6.400000
      vertex 65.804115 57.634964 6.400000
    endloop
  endfacet
  facet normal 0.382693 0.923876 0.000000
    outer loop
      vertex 66.087502 57.517578 5.000000
      vertex 65.804115 57.634964 6.400000
      vertex 66.087502 57.517578 6.400000
    endloop
  endfacet
  facet normal 0.793349 0.608767 0.000000
    outer loop
      vertex 66.517578 57.087502 5.000000
      vertex 66.330849 57.330849 6.400000
      vertex 66.517578 57.087502 6.400000
    endloop
  endfacet
  facet normal 0.608767 0.793349 0.000000
    outer loop
      vertex 66.330849 57.330849 5.000000
      vertex 66.087502 57.517578 6.400000
      vertex 66.330849 57.330849 6.400000
    endloop
  endfacet
  facet normal 0.000000 0.000000 1.000000
    outer loop
      vertex 10.000000 0.000000 6.100000
      vertex 19.000000 2.000000 6.100000
      vertex 10.000000 2.000000 6.100000
    endloop
  endfacet
  facet normal 0.000000 0.000000 1.000000
    outer loop
      vertex 10.000000 0.000000 6.100000
      vertex 19.000000 0.000000 6.100000
      vertex 19.000000 2.000000 6.100000
    endloop
  endfacet
  facet normal 1.000000 0.000000 0.000000
    outer loop
      vertex 10.000000 0.000000 10.300000
      vertex 10.000000 0.000000 6.100000
      vertex 10.000000 2.000000 6.100000
    endloop
  endfacet
  facet normal 1.000000 0.000000 0.000000
    outer loop
      vertex 10.000000 2.000000 6.100000
      vertex 10.000000 2.000000 10.300000
      vertex 10.000000 0.000000 10.300000
    endloop
  endfacet
  facet normal -1.000000 0.000000 0.000000
    outer loop
      vertex 19.000000 0.000000 6.100000
      vertex 19.000000 2.000000 10.300000
      vertex 19.000000 2.000000 6.100000
    endloop
  endfacet
  facet normal -1.000000 0.000000 0.000000
    outer loop
      vertex 19.000000 0.000000 6.100000
      vertex 19.000000 0.000000 10.300000
      vertex 19.000000 2.000000 10.300000
    endloop
  endfacet
  facet normal 0.000000 0.000000 -1.000000
    outer loop
      vertex 10.000000 0.000000 10.300000
      vertex 10.000000 2.000000 10.300000
      vertex 19.000000 0.000000 10.300000
    endloop
  endfacet
  facet normal 0.000000 0.000000 -1.000000
    outer loop
      vertex 19.000000 0.000000 10.300000
      vertex 10.000000 2.000000 10.300000
      vertex 19.000000 2.000000 10.300000
    endloop
  endfacet
  facet normal 0.000000 0.000000 1.000000
    outer loop
      vertex 28.500000 0.000000 4.500000
      vertex 44.500000 2.000000 4.500000
      vertex 28.500000 2.000000 4.500000
    endloop
  endfacet
  facet normal 0.000000 0.000000 1.000000
    outer loop
      vertex 28.500000 0.000000 4.500000
      vertex 44.500000 0.000000 4.500000
      vertex 44.500000 2.000000 4.500000
    endloop
  endfacet
  facet normal 1.000000 0.000000 0.000000
    outer loop
      vertex 28.500000 0.000000 4.500000
      vertex 28.500000 2.000000 4.500000
      vertex 28.500000 0.000000 12.500000
    endloop
  endfacet
  facet normal 1.000000 0.000000 0.000000
    outer loop
      vertex 28.500000 2.000000 4.500000
      vertex 28.500000 2.000000 12.500000
      vertex 28.500000 0.000000 12.500000
    endloop
  endfacet
  facet normal 0.000000 0.000000 -1.000000
    outer loop
      vertex 28.500000 0.000000 12.500000
      vertex 28.500000 2.000000 12.500000
      vertex 44.500000 0.000000 12.500000
    endloop
  endfacet
  facet normal -1.000000 0.000000 0.000000
    outer loop
      vertex 44.500000 0.000000 4.500000
      vertex 44.500000 2.000000 12.500000
      vertex 44.500000 2.000000 4.500000
    endloop
  endfacet
  facet normal -1.000000 0.000000 0.000000
    outer loop
      vertex 44.500000 0.000000 4.500000
      vertex 44.500000 0.000000 12.500000
      vertex 44.500000 2.000000 12.500000
    endloop
  endfacet
  facet normal 0.000000 0.000000 -1.000000
    outer loop
      vertex 44.500000 0.000000 12.500000
      vertex 28.500000 2.000000 12.500000
      vertex 44.500000 2.000000 12.500000
    endloop
  endfacet
  facet normal 0.000000 0.000000 1.000000
    outer loop
      vertex 53.500000 0.000000 6.100000
      vertex 61.500000 2.000000 6.100000
      vertex 53.500000 2.000000 6.100000
    endloop
  endfacet
  facet normal 0.000000 0.000000 1.000000
    outer loop
      vertex 53.500000 0.000000 6.100000
      vertex 61.500000 0.000000 6.100000
      vertex 61.500000 2.000000 6.100000
    endloop
  endfacet
  facet normal 1.000000 0.000000 0.000000
    outer loop
      vertex 53.500000 0.000000 6.100000
      vertex 53.500000 2.000000 6.100000
      vertex 53.500000 0.000000 13.100000
    endloop
  endfacet
  facet normal 1.000000 0.000000 0.000000
    outer loop
      vertex 53.500000 2.000000 13.100000
      vertex 53.500000 0.000000 13.100000
      vertex 53.500000 2.000000 6.100000
    endloop
  endfacet
  facet normal 0.000000 0.000000 -1.000000
    outer loop
      vertex 53.500000 0.000000 13.100000
      vertex 53.500000 2.000000 13.100000
      vertex 61.500000 0.000000 13.100000
    endloop
  endfacet
  facet normal -1.000000 0.000000 0.000000
    outer loop
      vertex 61.500000 2.000000 13.100000
      vertex 61.500000 2.000000 6.100000
      vertex 61.500000 0.000000 6.100000
    endloop
  endfacet
  facet normal -1.000000 0.000000 0.000000
    outer loop
      vertex 61.500000 0.000000 6.100000
      vertex 61.500000 0.000000 13.100000
      vertex 61.500000 2.000000 13.100000
    endloop
  endfacet
  facet normal 0.000000 0.000000 -1.000000
    outer loop
      vertex 61.500000 0.000000 13.100000
      vertex 53.500000 2.000000 13.100000
      vertex 61.500000 2.000000 13.100000
    endloop
  endfacet
  facet normal 0.000000 0.000000 1.000000
    outer loop
      vertex 91.000000 39.500000 6.100000
      vertex 93.000000 39.500000 6.100000
      vertex 91.000000 54.000000 6.100000
    endloop
  endfacet
  facet normal 0.000000 1.000000 0.000000
    outer loop
      vertex 93.000000 39.500000 6.100000
      vertex 91.000000 39.500000 6.100000
      vertex 93.000000 39.500000 23.100000
    endloop
  endfacet
  facet normal 0.000000 0.000000 1.000000
    outer loop
      vertex 91.000000 54.000000 6.100000
      vertex 93.000000 39.500000 6.100000
      vertex 93.000000 54.000000 6.100000
    endloop
  endfacet
  facet normal 0.000000 -1.000000 0.000000
    outer loop
      vertex 93.000000 54.000000 6.100000
      vertex 91.000000 54.000000 23.100000
      vertex 91.000000 54.000000 6.100000
    endloop
  endfacet
  facet normal 0.000000 1.000000 0.000000
    outer loop
      vertex 91.000000 39.500000 6.100000
      vertex 91.000000 39.500000 23.100000
      vertex 93.000000 39.500000 23.100000
    endloop
  endfacet
  facet normal 0.000000 0.000000 -1.000000
    outer loop
      vertex 93.000000 39.500000 23.100000
      vertex 91.000000 39.500000 23.100000
      vertex 93.000000 54.000000 23.100000
    endloop
  endfacet
  facet normal 0.000000 -1.000000 0.000000
    outer loop
      vertex 93.000000 54.000000 6.100000
      vertex 93.000000 54.000000 23.100000
      vertex 91.000000 54.000000 23.100000
    endloop
  endfacet
  facet normal 0.000000 0.000000 -1.000000
    outer loop
      vertex 91.000000 39.500000 23.100000
      vertex 91.000000 54.000000 23.100000
      vertex 93.000000 54.000000 23.100000
    endloop
  endfacet
  facet normal 0.000000 0.000000 1.000000
    outer loop
      vertex 91.000000 22.500000 6.100000
      vertex 93.000000 22.500000 6.100000
      vertex 91.000000 37.000000 6.100000
    endloop
  endfacet
  facet normal 0.000000 1.000000 0.000000
    outer loop
      vertex 93.000000 22.500000 20.600000
      vertex 91.000000 22.500000 20.600000
      vertex 93.000000 22.500000 23.100000
    endloop
  endfacet
  facet normal 0.000000 1.000000 0.000000
    outer loop
      vertex 91.000000 22.500000 20.600000
      vertex 91.000000 22.500000 23.100000
      vertex 93.000000 22.500000 23.100000
    endloop
  endfacet
  facet normal 0.000000 0.000000 -1.000000
    outer loop
      vertex 93.000000 22.500000 23.100000
      vertex 91.000000 22.500000 23.100000
      vertex 93.000000 37.000000 23.100000
    endloop
  endfacet
  facet normal 0.000000 0.000000 1.000000
    outer loop
      vertex 93.000000 22.500000 6.100000
      vertex 93.000000 37.000000 6.100000
      vertex 91.000000 37.000000 6.100000
    endloop
  endfacet
  facet normal 0.000000 -1.000000 0.000000
    outer loop
      vertex 91.000000 37.000000 23.100000
      vertex 91.000000 37.000000 6.100000
      vertex 93.000000 37.000000 6.100000
    endloop
  endfacet
  facet normal 0.000000 -1.000000 0.000000
    outer loop
      vertex 93.000000 37.000000 6.100000
      vertex 93.000000 37.000000 23.100000
      vertex 91.000000 37.000000 23.100000
    endloop
  endfacet
  facet normal 0.000000 0.000000 -1.000000
    outer loop
      vertex 91.000000 22.500000 23.100000
      vertex 91.000000 37.000000 23.100000
      vertex 93.000000 37.000000 23.100000
    endloop
  endfacet
  facet normal 0.000000 0.000000 1.000000
    outer loop
      vertex 91.000000 5.500000 6.100000
      vertex 93.000000 5.500000 6.100000
      vertex 91.000000 22.500000 6.100000
    endloop
  endfacet
  facet normal 0.000000 1.000000 0.000000
    outer loop
      vertex 93.000000 5.500000 6.100000
      vertex 91.000000 5.500000 6.100000
      vertex 93.000000 5.500000 20.600000
    endloop
  endfacet
  facet normal 0.000000 0.000000 1.000000
    outer loop
      vertex 93.000000 5.500000 6.100000
      vertex 93.000000 22.500000 6.100000
      vertex 91.000000 22.500000 6.100000
    endloop
  endfacet
  facet normal 0.000000 1.000000 0.000000
    outer loop
      vertex 91.000000 5.500000 6.100000
      vertex 91.000000 5.500000 20.600000
      vertex 93.000000 5.500000 20.600000
    endloop
  endfacet
  facet normal 0.000000 0.000000 -1.000000
    outer loop
      vertex 93.000000 5.500000 20.600000
      vertex 91.000000 5.500000 20.600000
      vertex 93.000000 22.500000 20.600000
    endloop
  endfacet
  facet normal 0.000000 0.000000 -1.000000
    outer loop
      vertex 91.000000 5.500000 20.600000
      vertex 91.000000 22.500000 20.600000
      vertex 93.000000 22.500000 20.600000
    endloop
  endfacet
  facet normal 0.000000 0.000000 1.000000
    outer loop
      vertex 0.000000 25.299999 2.300000
      vertex 2.000000 25.299999 2.300000
      vertex 0.000000 38.700001 2.300000
    endloop
  endfacet
  facet normal 0.000000 1.000000 0.000000
    outer loop
      vertex 0.000000 25.299999 2.300000
      vertex 2.000000 25.299999 5.700000
      vertex 2.000000 25.299999 2.300000
    endloop
  endfacet
  facet normal 0.000000 1.000000 0.000000
    outer loop
      vertex 0.000000 25.299999 2.300000
      vertex 0.000000 25.299999 5.700000
      vertex 2.000000 25.299999 5.700000
    endloop
  endfacet
  facet normal 0.000000 0.000000 -1.000000
    outer loop
      vertex 0.000000 25.299999 5.700000
      vertex 2.000000 38.700001 5.700000
      vertex 2.000000 25.299999 5.700000
    endloop
  endfacet
  facet normal 0.000000 0.000000 1.000000
    outer loop
      vertex 0.000000 38.700001 2.300000
      vertex 2.000000 25.299999 2.300000
      vertex 2.000000 38.700001 2.300000
    endloop
  endfacet
  facet normal 0.000000 0.000000 -1.000000
    outer loop
      vertex 0.000000 25.299999 5.700000
      vertex 0.000000 38.700001 5.700000
      vertex 2.000000 38.700001 5.700000
    endloop
  endfacet
  facet normal 0.000000 -1.000000 0.000000
    outer loop
      vertex 0.000000 38.700001 2.300000
      vertex 2.000000 38.700001 2.300000
      vertex 0.000000 38.700001 5.700000
    endloop
  endfacet
  facet normal 0.000000 -1.000000 0.000000
    outer loop
      vertex 0.000000 38.700001 5.700000
      vertex 2.000000 38.700001 2.300000
      vertex 2.000000 38.700001 5.700000
    endloop
  endfacet
  facet normal 0.000000 1.000000 0.000000
    outer loop
      vertex 1.400000 12.000000 22.799999
      vertex 1.400000 12.000000 23.400000
      vertex 1.766667 12.000000 22.799999
    endloop
  endfacet
  facet normal 1.000000 0.000000 0.000000
    outer loop
      vertex 1.400000 12.000000 22.799999
      vertex 1.400000 18.000000 23.400000
      vertex 1.400000 12.000000 23.400000
    endloop
  endfacet
  facet normal 0.000000 0.000000 1.000000
    outer loop
      vertex 1.400000 12.000000 22.799999
      vertex 1.766667 12.000000 22.799999
      vertex 1.400000 18.000000 22.799999
    endloop
  endfacet
  facet normal 0.000000 1.000000 0.000000
    outer loop
      vertex 1.400000 12.000000 23.400000
      vertex 2.000000 12.000000 25.600000
      vertex 2.000000 12.000000 23.400000
    endloop
  endfacet
  facet normal 0.000000 1.000000 0.000000
    outer loop
      vertex 1.400000 12.000000 23.400000
      vertex 1.400000 12.000000 25.600000
      vertex 2.000000 12.000000 25.600000
    endloop
  endfacet
  facet normal 1.000000 0.000000 0.000000
    outer loop
      vertex 1.400000 12.000000 23.400000
      vertex 1.400000 18.000000 25.600000
      vertex 1.400000 12.000000 25.600000
    endloop
  endfacet
  facet normal 0.000000 0.000000 -1.000000
    outer loop
      vertex 1.400000 12.000000 25.600000
      vertex 2.000000 18.000000 25.600000
      vertex 2.000000 12.000000 25.600000
    endloop
  endfacet
  facet normal 1.000000 0.000000 0.000000
    outer loop
      vertex 1.400000 12.000000 22.799999
      vertex 1.400000 18.000000 22.799999
      vertex 1.400000 18.000000 23.400000
    endloop
  endfacet
  facet normal 0.000000 0.000000 1.000000
    outer loop
      vertex 1.766667 12.000000 22.799999
      vertex 1.766667 18.000000 22.799999
      vertex 1.400000 18.000000 22.799999
    endloop
  endfacet
  facet normal 0.000000 -1.000000 0.000000
    outer loop
      vertex 1.400000 18.000000 22.799999
      vertex 1.766667 18.000000 22.799999
      vertex 1.400000 18.000000 23.400000
    endloop
  endfacet
  facet normal 1.000000 0.000000 0.000000
    outer loop
      vertex 1.400000 12.000000 23.400000
      vertex 1.400000 18.000000 23.400000
      vertex 1.400000 18.000000 25.600000
    endloop
  endfacet
  facet normal 0.000000 -1.000000 0.000000
    outer loop
      vertex 1.400000 18.000000 23.400000
      vertex 2.000000 18.000000 23.400000
      vertex 1.400000 18.000000 25.600000
    endloop
  endfacet
  facet normal 0.000000 -1.000000 0.000000
    outer loop
      vertex 1.400000 18.000000 25.600000
      vertex 2.000000 18.000000 23.400000
      vertex 2.000000 18.000000 25.600000
    endloop
  endfacet
  facet normal 0.000000 0.000000 -1.000000
    outer loop
      vertex 1.400000 12.000000 25.600000
      vertex 1.400000 18.000000 25.600000
      vertex 2.000000 18.000000 25.600000
    endloop
  endfacet
  facet normal 0.000000 1.000000 0.000000
    outer loop
      vertex 1.766667 12.000000 22.799999
      vertex 1.400000 12.000000 23.400000
      vertex 2.000000 12.000000 22.418182
    endloop
  endfacet
  facet normal 0.000000 0.000000 0.000000
    outer loop
      vertex 1.400000 12.000000 23.400000
      vertex 2.000000 12.000000 22.418182
      vertex 1.400000 12.000000 23.400000
    endloop
  endfacet
  facet normal 0.000000 1.000000 0.000000
    outer loop
      vertex 1.400000 12.000000 23.400000
      vertex 2.000000 12.000000 23.400000
      vertex 2.000000 12.000000 22.418182
    endloop
  endfacet
  facet normal 0.853281 0.000000 0.521451
    outer loop
      vertex 1.766667 12.000000 22.799999
      vertex 2.000000 12.000000 22.418182
      vertex 1.766667 18.000000 22.799999
    endloop
  endfacet
  facet normal 0.000000 0.000000 0.000000
    outer loop
      vertex 1.400000 12.000000 23.400000
      vertex 1.400000 12.000000 23.400000
      vertex 2.000000 12.000000 23.400000
    endloop
  endfacet
  facet normal 0.000000 0.000000 0.000000
    outer loop
      vertex 1.400000 12.000000 23.400000
      vertex 1.400000 12.000000 23.400000
      vertex 1.400000 18.000000 23.400000
    endloop
  endfacet
  facet normal 0.000000 0.000000 0.000000
    outer loop
      vertex 1.400000 12.000000 23.400000
      vertex 1.400000 18.000000 23.400000
      vertex 1.400000 12.000000 23.400000
    endloop
  endfacet
  facet normal 0.853281 0.000000 0.521451
    outer loop
      vertex 1.766667 18.000000 22.799999
      vertex 2.000000 12.000000 22.418182
      vertex 2.000000 18.000000 22.418182
    endloop
  endfacet
  facet normal 0.000000 -1.000000 0.000000
    outer loop
      vertex 1.766667 18.000000 22.799999
      vertex 2.000000 18.000000 22.418182
      vertex 2.000000 18.000000 23.400000
    endloop
  endfacet
  facet normal 0.000000 0.000000 0.000000
    outer loop
      vertex 1.766667 18.000000 22.799999
      vertex 1.400000 18.000000 23.400000
      vertex 1.400000 18.000000 23.400000
    endloop
  endfacet
  facet normal 0.000000 -1.000000 0.000000
    outer loop
      vertex 1.766667 18.000000 22.799999
      vertex 2.000000 18.000000 23.400000
      vertex 1.400000 18.000000 23.400000
    endloop
  endfacet
  facet normal 0.000000 0.000000 0.000000
    outer loop
      vertex 1.400000 12.000000 23.400000
      vertex 1.400000 18.000000 23.400000
      vertex 1.400000 18.000000 23.400000
    endloop
  endfacet
  facet normal 0.000000 0.000000 0.000000
    outer loop
      vertex 1.400000 12.000000 23.400000
      vertex 1.400000 18.000000 23.400000
      vertex 1.400000 18.000000 23.400000
    endloop
  endfacet
  facet normal 0.000000 0.000000 0.000000
    outer loop
      vertex 1.400000 18.000000 23.400000
      vertex 2.000000 18.000000 23.400000
      vertex 1.400000 18.000000 23.400000
    endloop
  endfacet
  facet normal 0.000000 0.000000 1.000000
    outer loop
      vertex 67.333336 1.400000 22.799999
      vertex 67.333344 1.766667 22.799999
      vertex 67.333336 2.000000 22.799999
    endloop
  endfacet
  facet normal 0.000000 0.000000 1.000000
    outer loop
      vertex 67.333344 1.766667 22.799999
      vertex 67.333344 2.000000 22.799999
      vertex 67.333336 2.000000 22.799999
    endloop
  endfacet
  facet normal 0.000000 0.000000 0.000000
    outer loop
      vertex 67.333336 1.400000 22.799999
      vertex 67.333344 1.400000 23.400000
      vertex 67.333344 1.400000 23.400000
    endloop
  endfacet
  facet normal 0.000000 0.000000 1.000000
    outer loop
      vertex 67.333336 1.400000 22.799999
      vertex 73.333336 1.766667 22.799999
      vertex 67.333344 1.766667 22.799999
    endloop
  endfacet
  facet normal 0.000000 1.000000 0.000000
    outer loop
      vertex 67.333336 1.400000 22.799999
      vertex 67.333344 1.400000 23.400000
      vertex 73.333336 1.400000 22.799999
    endloop
  endfacet
  facet normal 0.000000 1.000000 0.000000
    outer loop
      vertex 67.333336 1.400000 22.799999
      vertex 67.333336 1.400000 25.600000
      vertex 67.333344 1.400000 23.400000
    endloop
  endfacet
  facet normal 1.000000 0.000000 0.000000
    outer loop
      vertex 67.333336 1.400000 22.799999
      vertex 67.333336 2.000000 22.799999
      vertex 67.333336 1.400000 25.600000
    endloop
  endfacet
  facet normal 1.000000 0.000000 0.000000
    outer loop
      vertex 67.333336 1.400000 25.600000
      vertex 67.333336 2.000000 22.799999
      vertex 67.333336 2.000000 25.600000
    endloop
  endfacet
  facet normal 0.000000 1.000000 0.000000
    outer loop
      vertex 67.333344 1.400000 23.400000
      vertex 67.333336 1.400000 25.600000
      vertex 73.333336 1.400000 23.400000
    endloop
  endfacet
  facet normal 0.000000 0.000000 -1.000000
    outer loop
      vertex 67.333336 1.400000 25.600000
      vertex 67.333336 2.000000 25.600000
      vertex 73.333336 1.400000 25.600000
    endloop
  endfacet
  facet normal 0.000000 0.000000 1.000000
    outer loop
      vertex 67.333336 1.400000 22.799999
      vertex 73.333336 1.400000 22.799999
      vertex 73.333336 1.766667 22.799999
    endloop
  endfacet
  facet normal 0.000000 1.000000 0.000000
    outer loop
      vertex 67.333344 1.400000 23.400000
      vertex 73.333336 1.400000 23.400000
      vertex 73.333336 1.400000 22.799999
    endloop
  endfacet
  facet normal -1.000000 0.000000 0.000000
    outer loop
      vertex 73.333336 1.400000 22.799999
      vertex 73.333336 1.400000 23.400000
      vertex 73.333336 1.766667 22.799999
    endloop
  endfacet
  facet normal 0.000000 1.000000 0.000000
    outer loop
      vertex 67.333336 1.400000 25.600000
      vertex 73.333336 1.400000 25.600000
      vertex 73.333336 1.400000 23.400000
    endloop
  endfacet
  facet normal -1.000000 0.000000 0.000000
    outer loop
      vertex 73.333336 1.400000 23.400000
      vertex 73.333336 2.000000 25.600000
      vertex 73.333336 2.000000 23.400000
    endloop
  endfacet
  facet normal -1.000000 0.000000 0.000000
    outer loop
      vertex 73.333336 1.400000 23.400000
      vertex 73.333336 1.400000 25.600000
      vertex 73.333336 2.000000 25.600000
    endloop
  endfacet
  facet normal 0.000000 0.000000 -1.000000
    outer loop
      vertex 73.333336 1.400000 25.600000
      vertex 67.333336 2.000000 25.600000
      vertex 73.333336 2.000000 25.600000
    endloop
  endfacet
  facet normal 1.000000 0.000000 0.000000
    outer loop
      vertex 67.333344 1.766667 22.799999
      vertex 67.333344 2.000000 22.418182
      vertex 67.333344 2.000000 22.799999
    endloop
  endfacet
  facet normal 0.000000 0.853281 0.521451
    outer loop
      vertex 67.333344 1.766667 22.799999
      vertex 73.333344 2.000000 22.418182
      vertex 67.333344 2.000000 22.418182
    endloop
  endfacet
  facet normal 0.000000 0.000000 0.000000
    outer loop
      vertex 67.333344 1.400000 23.400000
      vertex 67.333344 1.400000 23.400000
      vertex 67.333344 1.400000 23.400000
    endloop
  endfacet
  facet normal 0.000000 0.000000 0.000000
    outer loop
      vertex 67.333344 1.400000 23.400000
      vertex 73.333344 1.400000 23.400000
      vertex 67.333344 1.400000 23.400000
    endloop
  endfacet
  facet normal 0.000000 0.000000 0.000000
    outer loop
      vertex 67.333344 1.400000 23.400000
      vertex 67.333344 1.400000 23.400000
      vertex 73.333336 1.400000 23.400000
    endloop
  endfacet
  facet normal 0.000000 0.853281 0.521451
    outer loop
      vertex 67.333344 1.766667 22.799999
      vertex 73.333336 1.766667 22.799999
      vertex 73.333344 2.000000 22.418182
    endloop
  endfacet
  facet normal -0.065779 0.851434 0.520321
    outer loop
      vertex 73.333336 1.766667 22.799999
      vertex 73.333344 1.400000 23.400000
      vertex 73.333344 2.000000 22.418182
    endloop
  endfacet
  facet normal 0.000000 0.853282 0.521450
    outer loop
      vertex 73.333336 1.766667 22.799999
      vertex 73.333336 1.400000 23.400000
      vertex 73.333344 1.400000 23.400000
    endloop
  endfacet
  facet normal -1.000000 0.000000 0.000000
    outer loop
      vertex 73.333344 1.400000 23.400000
      vertex 73.333344 2.000000 23.400000
      vertex 73.333344 2.000000 22.418182
    endloop
  endfacet
  facet normal 0.000000 0.000000 0.000000
    outer loop
      vertex 67.333344 1.400000 23.400000
      vertex 73.333344 1.400000 23.400000
      vertex 73.333336 1.400000 23.400000
    endloop
  endfacet
  facet normal 0.000000 0.000000 0.000000
    outer loop
      vertex 67.333344 1.400000 23.400000
      vertex 73.333336 1.400000 23.400000
      vertex 73.333344 1.400000 23.400000
    endloop
  endfacet
  facet normal 0.000000 0.000000 -1.000000
    outer loop
      vertex 73.333344 1.400000 23.400000
      vertex 73.333336 1.400000 23.400000
      vertex 73.333336 2.000000 23.400000
    endloop
  endfacet
  facet normal 0.000000 0.000000 -1.000000
    outer loop
      vertex 73.333344 1.400000 23.400000
      vertex 73.333336 2.000000 23.400000
      vertex 73.333344 2.000000 23.400000
    endloop
  endfacet
  facet normal 1.000000 0.000000 0.000000
    outer loop
      vertex 76.666664 1.400000 22.799999
      vertex 76.666664 1.766667 22.799999
      vertex 76.666664 1.400000 23.400000
    endloop
  endfacet
  facet normal 0.000000 0.000000 1.000000
    outer loop
      vertex 76.666664 1.400000 22.799999
      vertex 82.666656 1.766667 22.799999
      vertex 76.666664 1.766667 22.799999
    endloop
  endfacet
  facet normal 0.000000 1.000000 0.000000
    outer loop
      vertex 76.666664 1.400000 22.799999
      vertex 76.666664 1.400000 23.400000
      vertex 82.666664 1.400000 22.799999
    endloop
  endfacet
  facet normal 0.000000 0.000000 1.000000
    outer loop
      vertex 76.666664 1.400000 22.799999
      vertex 82.666664 1.400000 22.799999
      vertex 82.666656 1.766667 22.799999
    endloop
  endfacet
  facet normal 0.000000 1.000000 0.000000
    outer loop
      vertex 76.666664 1.400000 23.400000
      vertex 82.666656 1.400000 23.400000
      vertex 82.666664 1.400000 22.799999
    endloop
  endfacet
  facet normal 1.000000 0.000000 0.000000
    outer loop
      vertex 76.666664 1.400000 23.400000
      vertex 76.666664 2.000000 23.400000
      vertex 76.666664 1.400000 25.600000
    endloop
  endfacet
  facet normal 1.000000 0.000000 0.000000
    outer loop
      vertex 76.666664 1.400000 25.600000
      vertex 76.666664 2.000000 23.400000
      vertex 76.666664 2.000000 25.600000
    endloop
  endfacet
  facet normal 0.000000 1.000000 0.000000
    outer loop
      vertex 76.666664 1.400000 23.400000
      vertex 76.666664 1.400000 25.600000
      vertex 82.666656 1.400000 23.400000
    endloop
  endfacet
  facet normal 0.000000 1.000000 0.000000
    outer loop
      vertex 76.666664 1.400000 25.600000
      vertex 82.666664 1.400000 25.600000
      vertex 82.666656 1.400000 23.400000
    endloop
  endfacet
  facet normal 0.000000 0.000000 -1.000000
    outer loop
      vertex 76.666664 1.400000 25.600000
      vertex 76.666664 2.000000 25.600000
      vertex 82.666664 1.400000 25.600000
    endloop
  endfacet
  facet normal 0.000000 0.000000 -1.000000
    outer loop
      vertex 82.666664 1.400000 25.600000
      vertex 76.666664 2.000000 25.600000
      vertex 82.666664 2.000000 25.600000
    endloop
  endfacet
  facet normal 0.000000 0.000000 1.000000
    outer loop
      vertex 82.666664 1.400000 22.799999
      vertex 82.666664 2.000000 22.799999
      vertex 82.666656 1.766667 22.799999
    endloop
  endfacet
  facet normal 0.000000 0.000000 1.000000
    outer loop
      vertex 82.666656 1.766667 22.799999
      vertex 82.666664 2.000000 22.799999
      vertex 82.666656 2.000000 22.799999
    endloop
  endfacet
  facet normal 0.000000 1.000000 0.000000
    outer loop
      vertex 82.666664 1.400000 22.799999
      vertex 82.666656 1.400000 23.400000
      vertex 82.666664 1.400000 25.600000
    endloop
  endfacet
  facet normal -1.000000 0.000000 0.000000
    outer loop
      vertex 82.666664 1.400000 22.799999
      vertex 82.666664 2.000000 25.600000
      vertex 82.666664 2.000000 22.799999
    endloop
  endfacet
  facet normal 0.000000 0.000000 0.000000
    outer loop
      vertex 82.666656 1.400000 23.400000
      vertex 82.666656 1.400000 23.400000
      vertex 82.666664 1.400000 25.600000
    endloop
  endfacet
  facet normal -1.000000 0.000000 0.000000
    outer loop
      vertex 82.666664 1.400000 22.799999
      vertex 82.666664 1.400000 25.600000
      vertex 82.666664 2.000000 25.600000
    endloop
  endfacet
  facet normal 0.065779 0.851434 0.520321
    outer loop
      vertex 76.666664 1.766667 22.799999
      vertex 76.666656 2.000000 22.418182
      vertex 76.666656 1.400000 23.400000
    endloop
  endfacet
  facet normal 0.000000 0.853282 0.521450
    outer loop
      vertex 76.666664 1.766667 22.799999
      vertex 76.666656 1.400000 23.400000
      vertex 76.666664 1.400000 23.400000
    endloop
  endfacet
  facet normal 1.000000 0.000000 0.000000
    outer loop
      vertex 76.666656 1.400000 23.400000
      vertex 76.666656 2.000000 22.418182
      vertex 76.666656 2.000000 23.400000
    endloop
  endfacet
  facet normal 0.000000 0.853281 0.521451
    outer loop
      vertex 76.666664 1.766667 22.799999
      vertex 82.666656 2.000000 22.418182
      vertex 76.666656 2.000000 22.418182
    endloop
  endfacet
  facet normal 0.000000 0.853281 0.521451
    outer loop
      vertex 76.666664 1.766667 22.799999
      vertex 82.666656 1.766667 22.799999
      vertex 82.666656 2.000000 22.418182
    endloop
  endfacet
  facet normal 0.000000 0.000000 -1.000000
    outer loop
      vertex 76.666656 1.400000 23.400000
      vertex 76.666656 2.000000 23.400000
      vertex 76.666664 1.400000 23.400000
    endloop
  endfacet
  facet normal 0.000000 0.000000 -1.000000
    outer loop
      vertex 76.666664 1.400000 23.400000
      vertex 76.666656 2.000000 23.400000
      vertex 76.666664 2.000000 23.400000
    endloop
  endfacet
  facet normal 0.000000 0.000000 0.000000
    outer loop
      vertex 76.666656 1.400000 23.400000
      vertex 82.666656 1.400000 23.400000
      vertex 76.666664 1.400000 23.400000
    endloop
  endfacet
  facet normal 0.000000 0.000000 0.000000
    outer loop
      vertex 76.666656 1.400000 23.400000
      vertex 76.666664 1.400000 23.400000
      vertex 82.666656 1.400000 23.400000
    endloop
  endfacet
  facet normal 0.000000 0.000000 0.000000
    outer loop
      vertex 76.666664 1.400000 23.400000
      vertex 82.666656 1.400000 23.400000
      vertex 82.666656 1.400000 23.400000
    endloop
  endfacet
  facet normal 0.000000 0.000000 0.000000
    outer loop
      vertex 76.666656 1.400000 23.400000
      vertex 82.666656 1.400000 23.400000
      vertex 82.666656 1.400000 23.400000
    endloop
  endfacet
  facet normal -1.000000 0.000000 0.000000
    outer loop
      vertex 82.666656 1.766667 22.799999
      vertex 82.666656 2.000000 22.799999
      vertex 82.666656 2.000000 22.418182
    endloop
  endfacet
  facet normal 0.000000 0.000000 0.000000
    outer loop
      vertex 82.666656 1.400000 23.400000
      vertex 82.666656 1.400000 23.400000
      vertex 82.666656 1.400000 23.400000
    endloop
  endfacet
  facet normal 1.000000 0.000000 0.000000
    outer loop
      vertex 29.333334 62.233334 22.799999
      vertex 29.333334 62.599998 22.799999
      vertex 29.333334 62.599998 23.400000
    endloop
  endfacet
  facet normal 0.000000 0.000000 1.000000
    outer loop
      vertex 29.333334 62.233334 22.799999
      vertex 35.333332 62.599998 22.799999
      vertex 29.333334 62.599998 22.799999
    endloop
  endfacet
  facet normal 0.000000 0.000000 1.000000
    outer loop
      vertex 29.333334 62.233334 22.799999
      vertex 35.333328 62.233334 22.799999
      vertex 35.333332 62.599998 22.799999
    endloop
  endfacet
  facet normal 0.000000 -1.000000 0.000000
    outer loop
      vertex 29.333334 62.599998 22.799999
      vertex 35.333332 62.599998 25.600000
      vertex 29.333334 62.599998 23.400000
    endloop
  endfacet
  facet normal 1.000000 0.000000 0.000000
    outer loop
      vertex 29.333334 62.599998 23.400000
      vertex 29.333334 62.000000 25.600000
      vertex 29.333334 62.000000 23.400000
    endloop
  endfacet
  facet normal 1.000000 0.000000 0.000000
    outer loop
      vertex 29.333334 62.599998 23.400000
      vertex 29.333334 62.599998 25.600000
      vertex 29.333334 62.000000 25.600000
    endloop
  endfacet
  facet normal 0.000000 -1.000000 0.000000
    outer loop
      vertex 29.333334 62.599998 23.400000
      vertex 35.333332 62.599998 25.600000
      vertex 29.333334 62.599998 25.600000
    endloop
  endfacet
  facet normal 0.000000 -1.000000 0.000000
    outer loop
      vertex 29.333334 62.599998 22.799999
      vertex 35.333332 62.599998 22.799999
      vertex 35.333332 62.599998 25.600000
    endloop
  endfacet
  facet normal 0.000000 0.000000 -1.000000
    outer loop
      vertex 29.333334 62.599998 25.600000
      vertex 35.333332 62.000000 25.600000
      vertex 29.333334 62.000000 25.600000
    endloop
  endfacet
  facet normal 0.000000 0.000000 -1.000000
    outer loop
      vertex 29.333334 62.599998 25.600000
      vertex 35.333332 62.599998 25.600000
      vertex 35.333332 62.000000 25.600000
    endloop
  endfacet
  facet normal 0.000000 0.000000 1.000000
    outer loop
      vertex 35.333328 62.233334 22.799999
      vertex 35.333328 62.000000 22.799999
      vertex 35.333332 62.000000 22.799999
    endloop
  endfacet
  facet normal 0.000000 0.000000 1.000000
    outer loop
      vertex 35.333328 62.233334 22.799999
      vertex 35.333332 62.000000 22.799999
      vertex 35.333332 62.599998 22.799999
    endloop
  endfacet
  facet normal -1.000000 0.000000 0.000000
    outer loop
      vertex 35.333332 62.599998 22.799999
      vertex 35.333332 62.000000 22.799999
      vertex 35.333332 62.599998 25.600000
    endloop
  endfacet
  facet normal -1.000000 0.000000 0.000000
    outer loop
      vertex 35.333332 62.599998 25.600000
      vertex 35.333332 62.000000 22.799999
      vertex 35.333332 62.000000 25.600000
    endloop
  endfacet
  facet normal 1.000000 -0.000006 0.000004
    outer loop
      vertex 29.333334 62.233334 22.799999
      vertex 29.333330 62.000000 23.400000
      vertex 29.333334 62.000000 22.418182
    endloop
  endfacet
  facet normal 1.000000 0.000000 0.000006
    outer loop
      vertex 29.333334 62.233334 22.799999
      vertex 29.333330 62.599998 23.400000
      vertex 29.333330 62.000000 23.400000
    endloop
  endfacet
  facet normal 0.000000 -0.853283 0.521448
    outer loop
      vertex 29.333334 62.233334 22.799999
      vertex 29.333334 62.599998 23.400000
      vertex 29.333330 62.599998 23.400000
    endloop
  endfacet
  facet normal 0.000000 -0.853281 0.521452
    outer loop
      vertex 29.333334 62.233334 22.799999
      vertex 29.333334 62.000000 22.418182
      vertex 35.333328 62.233334 22.799999
    endloop
  endfacet
  facet normal 0.000000 -0.853281 0.521452
    outer loop
      vertex 35.333328 62.233334 22.799999
      vertex 29.333334 62.000000 22.418182
      vertex 35.333328 62.000000 22.418182
    endloop
  endfacet
  facet normal 0.000000 0.000000 -1.000000
    outer loop
      vertex 29.333334 62.599998 23.400000
      vertex 29.333334 62.000000 23.400000
      vertex 29.333330 62.000000 23.400000
    endloop
  endfacet
  facet normal 0.000000 0.000000 -1.000000
    outer loop
      vertex 29.333330 62.599998 23.400000
      vertex 29.333334 62.599998 23.400000
      vertex 29.333330 62.000000 23.400000
    endloop
  endfacet
  facet normal -1.000000 0.000000 0.000000
    outer loop
      vertex 35.333328 62.233334 22.799999
      vertex 35.333328 62.000000 22.418182
      vertex 35.333328 62.000000 22.799999
    endloop
  endfacet
  facet normal 0.000000 0.000000 1.000000
    outer loop
      vertex 57.666672 62.233334 22.799999
      vertex 57.666668 62.000000 22.799999
      vertex 57.666672 62.000000 22.799999
    endloop
  endfacet
  facet normal 0.000000 0.000000 1.000000
    outer loop
      vertex 57.666672 62.233334 22.799999
      vertex 57.666668 62.599998 22.799999
      vertex 57.666668 62.000000 22.799999
    endloop
  endfacet
  facet normal 1.000000 0.000000 0.000000
    outer loop
      vertex 57.666668 62.599998 22.799999
      vertex 57.666668 62.000000 25.600000
      vertex 57.666668 62.000000 22.799999
    endloop
  endfacet
  facet normal 1.000000 0.000000 0.000000
    outer loop
      vertex 57.666668 62.599998 22.799999
      vertex 57.666668 62.599998 25.600000
      vertex 57.666668 62.000000 25.600000
    endloop
  endfacet
  facet normal 0.000000 0.000000 1.000000
    outer loop
      vertex 57.666672 62.233334 22.799999
      vertex 63.666668 62.599998 22.799999
      vertex 57.666668 62.599998 22.799999
    endloop
  endfacet
  facet normal 0.000000 0.000000 1.000000
    outer loop
      vertex 57.666672 62.233334 22.799999
      vertex 63.666668 62.233334 22.799999
      vertex 63.666668 62.599998 22.799999
    endloop
  endfacet
  facet normal 0.000000 -1.000000 0.000000
    outer loop
      vertex 57.666668 62.599998 22.799999
      vertex 63.666668 62.599998 22.799999
      vertex 63.666668 62.599998 23.400000
    endloop
  endfacet
  facet normal -1.000000 0.000000 0.000000
    outer loop
      vertex 63.666668 62.233334 22.799999
      vertex 63.666668 62.599998 23.400000
      vertex 63.666668 62.599998 22.799999
    endloop
  endfacet
  facet normal 0.000000 -1.000000 0.000000
    outer loop
      vertex 57.666668 62.599998 22.799999
      vertex 63.666668 62.599998 25.600000
      vertex 57.666668 62.599998 25.600000
    endloop
  endfacet
  facet normal 0.000000 -1.000000 0.000000
    outer loop
      vertex 57.666668 62.599998 22.799999
      vertex 63.666668 62.599998 23.400000
      vertex 63.666668 62.599998 25.600000
    endloop
  endfacet
  facet normal -1.000000 0.000000 0.000000
    outer loop
      vertex 63.666668 62.599998 23.400000
      vertex 63.666668 62.000000 23.400000
      vertex 63.666668 62.599998 25.600000
    endloop
  endfacet
  facet normal -1.000000 0.000000 0.000000
    outer loop
      vertex 63.666668 62.599998 25.600000
      vertex 63.666668 62.000000 23.400000
      vertex 63.666668 62.000000 25.600000
    endloop
  endfacet
  facet normal 0.000000 0.000000 -1.000000
    outer loop
      vertex 57.666668 62.599998 25.600000
      vertex 63.666668 62.000000 25.600000
      vertex 57.666668 62.000000 25.600000
    endloop
  endfacet
  facet normal 0.000000 0.000000 -1.000000
    outer loop
      vertex 57.666668 62.599998 25.600000
      vertex 63.666668 62.599998 25.600000
      vertex 63.666668 62.000000 25.600000
    endloop
  endfacet
  facet normal 1.000000 0.000000 0.000000
    outer loop
      vertex 57.666672 62.233334 22.799999
      vertex 57.666672 62.000000 22.799999
      vertex 57.666672 62.000000 22.418182
    endloop
  endfacet
  facet normal 0.000000 -0.853281 0.521452
    outer loop
      vertex 57.666672 62.233334 22.799999
      vertex 57.666672 62.000000 22.418182
      vertex 63.666668 62.233334 22.799999
    endloop
  endfacet
  facet normal 0.000000 -0.853281 0.521452
    outer loop
      vertex 63.666668 62.233334 22.799999
      vertex 57.666672 62.000000 22.418182
      vertex 63.666672 62.000000 22.418182
    endloop
  endfacet
  facet normal -0.304759 -0.812691 0.496644
    outer loop
      vertex 63.666668 62.233334 22.799999
      vertex 63.666672 62.000000 22.418182
      vertex 63.666672 62.599998 23.400000
    endloop
  endfacet
  facet normal -1.000000 0.000000 0.000000
    outer loop
      vertex 63.666672 62.599998 23.400000
      vertex 63.666672 62.000000 22.418182
      vertex 63.666672 62.000000 23.400000
    endloop
  endfacet
  facet normal 0.000000 -0.853283 0.521448
    outer loop
      vertex 63.666668 62.233334 22.799999
      vertex 63.666672 62.599998 23.400000
      vertex 63.666668 62.599998 23.400000
    endloop
  endfacet
  facet normal 0.000000 0.000000 -1.000000
    outer loop
      vertex 63.666668 62.599998 23.400000
      vertex 63.666672 62.000000 23.400000
      vertex 63.666668 62.000000 23.400000
    endloop
  endfacet
  facet normal 0.000000 0.000000 -1.000000
    outer loop
      vertex 63.666672 62.599998 23.400000
      vertex 63.666672 62.000000 23.400000
      vertex 63.666668 62.599998 23.400000
    endloop
  endfacet
  facet normal 0.000000 0.000000 -1.000000
    outer loop
      vertex 98.000000 62.000000 2.000000
      vertex 100.000000 62.000000 2.000000
      vertex 100.000000 61.200001 2.000000
    endloop
  endfacet
  facet normal 0.000000 0.000000 -1.000000
    outer loop
      vertex 98.000000 62.000000 2.000000
      vertex 100.000000 61.200001 2.000000
      vertex 100.000000 42.000000 2.000000
    endloop
  endfacet
  facet normal 0.000000 0.000000 1.000000
    outer loop
      vertex 98.000000 62.000000 0.000000
      vertex 100.000000 3.290321 0.000000
      vertex 100.000000 62.000000 0.000000
    endloop
  endfacet
  facet normal 1.000000 0.000000 0.000000
    outer loop
      vertex 98.000000 62.000000 2.000000
      vertex 98.000000 2.000000 0.000000
      vertex 98.000000 62.000000 0.000000
    endloop
  endfacet
  facet normal 0.000000 0.000000 -1.000000
    outer loop
      vertex 98.000000 62.000000 2.000000
      vertex 100.000000 42.000000 2.000000
      vertex 98.000000 2.000000 2.000000
    endloop
  endfacet
  facet normal 0.000000 0.000000 1.000000
    outer loop
      vertex 98.000000 62.000000 0.000000
      vertex 98.000000 2.000000 0.000000
      vertex 100.000000 3.290321 0.000000
    endloop
  endfacet
  facet normal 1.000000 0.000000 0.000000
    outer loop
      vertex 98.000000 62.000000 2.000000
      vertex 98.000000 2.000000 2.000000
      vertex 98.000000 2.000000 0.000000
    endloop
  endfacet
  facet normal 0.000000 0.000000 -1.000000
    outer loop
      vertex 98.068146 2.043968 2.000000
      vertex 98.000000 2.000000 2.000000
      vertex 100.000000 42.000000 2.000000
    endloop
  endfacet
  facet normal 0.000000 0.000000 -1.000000
    outer loop
      vertex 98.068146 2.043968 2.000000
      vertex 100.000000 42.000000 2.000000
      vertex 100.000000 2.000000 2.000000
    endloop
  endfacet
  facet normal 0.000000 0.000000 -1.000000
    outer loop
      vertex 98.068146 2.043968 2.000000
      vertex 100.000000 2.000000 2.000000
      vertex 98.068146 2.000000 2.000000
    endloop
  endfacet
  facet normal 0.000000 0.000000 -1.000000
    outer loop
      vertex 190.931854 61.956032 2.000000
      vertex 135.970627 25.866524 2.000000
      vertex 145.711960 32.871521 2.000000
    endloop
  endfacet
  facet normal 0.000000 0.000000 -1.000000
    outer loop
      vertex 190.931854 61.956032 2.000000
      vertex 189.000000 58.482094 2.000000
      vertex 135.970627 25.866524 2.000000
    endloop
  endfacet
  facet normal 0.000000 0.000000 -1.000000
    outer loop
      vertex 190.931854 62.000000 2.000000
      vertex 145.711960 32.871521 2.000000
      vertex 189.000000 62.000000 2.000000
    endloop
  endfacet
  facet normal 0.000000 0.000000 -1.000000
    outer loop
      vertex 190.931854 62.000000 2.000000
      vertex 190.931854 61.956032 2.000000
      vertex 145.711960 32.871521 2.000000
    endloop
  endfacet
  facet normal 0.000000 0.000000 -1.000000
    outer loop
      vertex 191.000000 62.000000 2.000000
      vertex 191.000000 2.000000 2.000000
      vertex 190.931854 61.956032 2.000000
    endloop
  endfacet
  facet normal 0.000000 0.000000 -1.000000
    outer loop
      vertex 190.931854 61.956032 2.000000
      vertex 191.000000 2.000000 2.000000
      vertex 189.000000 58.482094 2.000000
    endloop
  endfacet
  facet normal -1.000000 0.000000 0.000000
    outer loop
      vertex 191.000000 62.000000 2.000000
      vertex 191.000000 62.000000 0.000000
      vertex 191.000000 2.000000 2.000000
    endloop
  endfacet
  facet normal 0.000000 0.000000 1.000000
    outer loop
      vertex 191.000000 62.000000 0.000000
      vertex 189.000000 60.709679 0.000000
      vertex 191.000000 2.000000 0.000000
    endloop
  endfacet
  facet normal 0.000000 0.000000 -1.000000
    outer loop
      vertex 191.000000 2.000000 2.000000
      vertex 189.000000 2.000000 2.000000
      vertex 189.000000 58.482094 2.000000
    endloop
  endfacet
  facet normal -1.000000 0.000000 0.000000
    outer loop
      vertex 191.000000 62.000000 0.000000
      vertex 191.000000 2.000000 0.000000
      vertex 191.000000 2.000000 2.000000
    endloop
  endfacet
  facet normal 0.000000 0.000000 1.000000
    outer loop
      vertex 191.000000 2.000000 0.000000
      vertex 189.000000 60.709679 0.000000
      vertex 189.000000 2.000000 0.000000
    endloop
  endfacet
  facet normal 0.000000 0.000000 -1.000000
    outer loop
      vertex 103.421326 57.888924 2.000000
      vertex 103.190300 57.456707 2.000000
      vertex 100.000000 61.200001 2.000000
    endloop
  endfacet
  facet normal 0.000000 0.000000 -1.000000
    outer loop
      vertex 103.190300 57.456707 2.000000
      vertex 103.048035 56.987724 2.000000
      vertex 100.000000 61.200001 2.000000
    endloop
  endfacet
  facet normal 0.000000 0.000000 -1.000000
    outer loop
      vertex 103.048035 56.987724 2.000000
      vertex 103.000000 56.500000 2.000000
      vertex 100.000000 61.200001 2.000000
    endloop
  endfacet
  facet normal 0.000000 0.000000 -1.000000
    outer loop
      vertex 104.111076 58.578674 2.000000
      vertex 100.000000 61.200001 2.000000
      vertex 104.543289 58.809700 2.000000
    endloop
  endfacet
  facet normal 0.000000 0.000000 -1.000000
    outer loop
      vertex 104.111076 58.578674 2.000000
      vertex 103.732231 58.267769 2.000000
      vertex 100.000000 61.200001 2.000000
    endloop
  endfacet
  facet normal 0.000000 0.000000 -1.000000
    outer loop
      vertex 103.421326 57.888924 2.000000
      vertex 100.000000 61.200001 2.000000
      vertex 103.732231 58.267769 2.000000
    endloop
  endfacet
  facet normal 0.000000 0.000000 -1.000000
    outer loop
      vertex 104.543289 58.809700 2.000000
      vertex 100.000000 61.200001 2.000000
      vertex 105.012276 58.951965 2.000000
    endloop
  endfacet
  facet normal 0.000000 0.000000 -1.000000
    outer loop
      vertex 105.012276 58.951965 2.000000
      vertex 100.000000 61.200001 2.000000
      vertex 105.500000 59.000000 2.000000
    endloop
  endfacet
  facet normal 0.000000 0.000000 -1.000000
    outer loop
      vertex 103.000000 56.500000 2.000000
      vertex 103.048035 56.012276 2.000000
      vertex 100.000000 61.200001 2.000000
    endloop
  endfacet
  facet normal 0.000000 0.000000 -1.000000
    outer loop
      vertex 103.048035 56.012276 2.000000
      vertex 103.190300 55.543289 2.000000
      vertex 100.000000 61.200001 2.000000
    endloop
  endfacet
  facet normal 0.000000 0.000000 -1.000000
    outer loop
      vertex 103.190300 55.543289 2.000000
      vertex 103.421326 55.111076 2.000000
      vertex 100.000000 61.200001 2.000000
    endloop
  endfacet
  facet normal 0.000000 0.000000 -1.000000
    outer loop
      vertex 103.421326 55.111076 2.000000
      vertex 101.800003 52.000000 2.000000
      vertex 100.000000 61.200001 2.000000
    endloop
  endfacet
  facet normal 0.000000 0.000000 -1.000000
    outer loop
      vertex 100.000000 61.200001 2.000000
      vertex 101.800003 52.000000 2.000000
      vertex 100.199997 52.000000 2.000000
    endloop
  endfacet
  facet normal 0.000000 0.000000 -1.000000
    outer loop
      vertex 100.000000 61.200001 2.000000
      vertex 100.199997 52.000000 2.000000
      vertex 100.199997 46.000000 2.000000
    endloop
  endfacet
  facet normal 0.000000 0.000000 -1.000000
    outer loop
      vertex 103.421326 55.111076 2.000000
      vertex 103.732231 54.732231 2.000000
      vertex 101.800003 52.000000 2.000000
    endloop
  endfacet
  facet normal 0.000000 0.000000 -1.000000
    outer loop
      vertex 103.732231 54.732231 2.000000
      vertex 104.111076 54.421326 2.000000
      vertex 101.800003 52.000000 2.000000
    endloop
  endfacet
  facet normal 0.000000 0.000000 -1.000000
    outer loop
      vertex 104.111076 54.421326 2.000000
      vertex 104.543289 54.190300 2.000000
      vertex 101.800003 52.000000 2.000000
    endloop
  endfacet
  facet normal 0.000000 0.000000 -1.000000
    outer loop
      vertex 104.543289 54.190300 2.000000
      vertex 105.012276 54.048035 2.000000
      vertex 101.800003 52.000000 2.000000
    endloop
  endfacet
  facet normal 0.000000 0.000000 -1.000000
    outer loop
      vertex 100.000000 61.200001 2.000000
      vertex 100.199997 46.000000 2.000000
      vertex 100.000000 42.000000 2.000000
    endloop
  endfacet
  facet normal 0.000000 0.000000 -1.000000
    outer loop
      vertex 105.012276 54.048035 2.000000
      vertex 101.800003 46.000000 2.000000
      vertex 101.800003 52.000000 2.000000
    endloop
  endfacet
  facet normal 0.000000 0.000000 -1.000000
    outer loop
      vertex 105.012276 54.048035 2.000000
      vertex 105.500000 54.000000 2.000000
      vertex 101.800003 46.000000 2.000000
    endloop
  endfacet
  facet normal 0.000000 0.000000 -1.000000
    outer loop
      vertex 105.500000 54.000000 2.000000
      vertex 105.987724 54.048035 2.000000
      vertex 101.800003 46.000000 2.000000
    endloop
  endfacet
  facet normal 0.000000 0.000000 -1.000000
    outer loop
      vertex 106.456711 54.190300 2.000000
      vertex 106.888924 54.421326 2.000000
      vertex 101.800003 46.000000 2.000000
    endloop
  endfacet
  facet normal 0.000000 0.000000 -1.000000
    outer loop
      vertex 105.987724 54.048035 2.000000
      vertex 106.456711 54.190300 2.000000
      vertex 101.800003 46.000000 2.000000
    endloop
  endfacet
  facet normal 0.000000 0.000000 -1.000000
    outer loop
      vertex 101.800003 46.000000 2.000000
      vertex 100.000000 42.000000 2.000000
      vertex 100.199997 46.000000 2.000000
    endloop
  endfacet
  facet normal 0.000000 0.000000 -1.000000
    outer loop
      vertex 100.000000 64.000000 2.000000
      vertex 165.333344 61.799999 2.000000
      vertex 100.000000 62.000000 2.000000
    endloop
  endfacet
  facet normal 0.000000 0.000000 -1.000000
    outer loop
      vertex 100.000000 61.200001 2.000000
      vertex 100.000000 62.000000 2.000000
      vertex 165.333344 61.799999 2.000000
    endloop
  endfacet
  facet normal 0.000000 0.000000 -1.000000
    outer loop
      vertex 105.500000 59.000000 2.000000
      vertex 100.000000 61.200001 2.000000
      vertex 165.333344 60.200001 2.000000
    endloop
  endfacet
  facet normal 0.000000 0.000000 -1.000000
    outer loop
      vertex 105.500000 59.000000 2.000000
      vertex 165.333344 60.200001 2.000000
      vertex 105.987724 58.951965 2.000000
    endloop
  endfacet
  facet normal 0.000000 0.000000 -1.000000
    outer loop
      vertex 106.456711 58.809700 2.000000
      vertex 162.111084 58.578674 2.000000
      vertex 106.888924 58.578674 2.000000
    endloop
  endfacet
  facet normal 0.000000 0.000000 -1.000000
    outer loop
      vertex 106.888924 58.578674 2.000000
      vertex 162.111084 58.578674 2.000000
      vertex 107.267769 58.267769 2.000000
    endloop
  endfacet
  facet normal 0.000000 0.000000 -1.000000
    outer loop
      vertex 107.267769 58.267769 2.000000
      vertex 161.732239 58.267769 2.000000
      vertex 107.578674 57.888924 2.000000
    endloop
  endfacet
  facet normal 0.000000 0.000000 -1.000000
    outer loop
      vertex 105.987724 58.951965 2.000000
      vertex 165.333344 60.200001 2.000000
      vertex 106.456711 58.809700 2.000000
    endloop
  endfacet
  facet normal 0.000000 0.000000 -1.000000
    outer loop
      vertex 107.578674 57.888924 2.000000
      vertex 161.190308 57.456707 2.000000
      vertex 107.809700 57.456707 2.000000
    endloop
  endfacet
  facet normal 0.000000 0.000000 -1.000000
    outer loop
      vertex 107.809700 57.456707 2.000000
      vertex 161.190308 57.456707 2.000000
      vertex 107.951965 56.987724 2.000000
    endloop
  endfacet
  facet normal 0.000000 0.000000 -1.000000
    outer loop
      vertex 107.951965 56.987724 2.000000
      vertex 161.000000 56.500000 2.000000
      vertex 108.000000 56.500000 2.000000
    endloop
  endfacet
  facet normal 0.000000 0.000000 -1.000000
    outer loop
      vertex 108.000000 56.500000 2.000000
      vertex 161.048035 56.012276 2.000000
      vertex 107.951965 56.012276 2.000000
    endloop
  endfacet
  facet normal 0.000000 -1.000000 0.000000
    outer loop
      vertex 100.000000 64.000000 2.000000
      vertex 100.000000 64.000000 0.000000
      vertex 189.000000 64.000000 2.000000
    endloop
  endfacet
  facet normal 0.000000 0.000000 1.000000
    outer loop
      vertex 100.000000 62.000000 0.000000
      vertex 189.000000 64.000000 0.000000
      vertex 100.000000 64.000000 0.000000
    endloop
  endfacet
  facet normal 0.000000 0.000000 -1.000000
    outer loop
      vertex 107.809700 55.543289 2.000000
      vertex 161.190308 55.543289 2.000000
      vertex 107.578674 55.111076 2.000000
    endloop
  endfacet
  facet normal 0.000000 0.000000 -1.000000
    outer loop
      vertex 107.267769 54.732231 2.000000
      vertex 107.578674 55.111076 2.000000
      vertex 161.732239 54.732231 2.000000
    endloop
  endfacet
  facet normal 0.000000 0.000000 -1.000000
    outer loop
      vertex 107.267769 54.732231 2.000000
      vertex 162.111084 54.421326 2.000000
      vertex 106.888924 54.421326 2.000000
    endloop
  endfacet
  facet normal 0.000000 0.000000 -1.000000
    outer loop
      vertex 107.951965 56.012276 2.000000
      vertex 161.190308 55.543289 2.000000
      vertex 107.809700 55.543289 2.000000
    endloop
  endfacet
  facet normal 0.000000 0.000000 -1.000000
    outer loop
      vertex 106.888924 54.421326 2.000000
      vertex 162.111084 54.421326 2.000000
      vertex 101.800003 46.000000 2.000000
    endloop
  endfacet
  facet normal 0.000000 0.000000 -1.000000
    outer loop
      vertex 100.000000 61.200001 2.000000
      vertex 165.333344 61.799999 2.000000
      vertex 165.333344 60.200001 2.000000
    endloop
  endfacet
  facet normal 0.000000 0.000000 -1.000000
    outer loop
      vertex 106.456711 58.809700 2.000000
      vertex 162.543289 58.809700 2.000000
      vertex 162.111084 58.578674 2.000000
    endloop
  endfacet
  facet normal 0.000000 0.000000 -1.000000
    outer loop
      vertex 107.267769 58.267769 2.000000
      vertex 162.111084 58.578674 2.000000
      vertex 161.732239 58.267769 2.000000
    endloop
  endfacet
  facet normal 0.000000 0.000000 -1.000000
    outer loop
      vertex 107.578674 57.888924 2.000000
      vertex 161.732239 58.267769 2.000000
      vertex 161.421326 57.888924 2.000000
    endloop
  endfacet
  facet normal 0.000000 0.000000 -1.000000
    outer loop
      vertex 107.578674 57.888924 2.000000
      vertex 161.421326 57.888924 2.000000
      vertex 161.190308 57.456707 2.000000
    endloop
  endfacet
  facet normal 0.000000 0.000000 -1.000000
    outer loop
      vertex 107.951965 56.987724 2.000000
      vertex 161.190308 57.456707 2.000000
      vertex 161.048035 56.987724 2.000000
    endloop
  endfacet
  facet normal 0.000000 0.000000 -1.000000
    outer loop
      vertex 107.951965 56.987724 2.000000
      vertex 161.048035 56.987724 2.000000
      vertex 161.000000 56.500000 2.000000
    endloop
  endfacet
  facet normal 0.000000 0.000000 -1.000000
    outer loop
      vertex 108.000000 56.500000 2.000000
      vertex 161.000000 56.500000 2.000000
      vertex 161.048035 56.012276 2.000000
    endloop
  endfacet
  facet normal 0.000000 0.000000 -1.000000
    outer loop
      vertex 107.951965 56.012276 2.000000
      vertex 161.048035 56.012276 2.000000
      vertex 161.190308 55.543289 2.000000
    endloop
  endfacet
  facet normal 0.000000 0.000000 -1.000000
    outer loop
      vertex 107.578674 55.111076 2.000000
      vertex 161.190308 55.543289 2.000000
      vertex 161.421326 55.111076 2.000000
    endloop
  endfacet
  facet normal 0.000000 0.000000 -1.000000
    outer loop
      vertex 107.578674 55.111076 2.000000
      vertex 161.421326 55.111076 2.000000
      vertex 161.732239 54.732231 2.000000
    endloop
  endfacet
  facet normal 0.000000 0.000000 -1.000000
    outer loop
      vertex 107.267769 54.732231 2.000000
      vertex 161.732239 54.732231 2.000000
      vertex 162.111084 54.421326 2.000000
    endloop
  endfacet
  facet normal 0.000000 0.000000 -1.000000
    outer loop
      vertex 101.800003 46.000000 2.000000
      vertex 162.111084 54.421326 2.000000
      vertex 100.000000 42.000000 2.000000
    endloop
  endfacet
  facet normal 0.000000 0.000000 1.000000
    outer loop
      vertex 100.000000 62.000000 0.000000
      vertex 100.000000 3.290321 0.000000
      vertex 189.000000 64.000000 0.000000
    endloop
  endfacet
  facet normal 0.000000 0.000000 -1.000000
    outer loop
      vertex 106.888924 9.578674 2.000000
      vertex 100.000000 42.000000 2.000000
      vertex 162.111084 54.421326 2.000000
    endloop
  endfacet
  facet normal 0.000000 0.000000 -1.000000
    outer loop
      vertex 107.809700 8.456707 2.000000
      vertex 162.111084 54.421326 2.000000
      vertex 162.543289 54.190300 2.000000
    endloop
  endfacet
  facet normal 0.000000 0.000000 -1.000000
    outer loop
      vertex 104.111076 9.578674 2.000000
      vertex 103.732231 9.267769 2.000000
      vertex 100.000000 42.000000 2.000000
    endloop
  endfacet
  facet normal 0.000000 0.000000 -1.000000
    outer loop
      vertex 103.421326 8.888927 2.000000
      vertex 100.000000 42.000000 2.000000
      vertex 103.732231 9.267769 2.000000
    endloop
  endfacet
  facet normal 0.000000 0.000000 -1.000000
    outer loop
      vertex 104.111076 9.578674 2.000000
      vertex 100.000000 42.000000 2.000000
      vertex 104.543289 9.809700 2.000000
    endloop
  endfacet
  facet normal 0.000000 0.000000 -1.000000
    outer loop
      vertex 104.543289 9.809700 2.000000
      vertex 100.000000 42.000000 2.000000
      vertex 105.012276 9.951962 2.000000
    endloop
  endfacet
  facet normal 0.000000 0.000000 -1.000000
    outer loop
      vertex 105.012276 9.951962 2.000000
      vertex 100.000000 42.000000 2.000000
      vertex 105.500000 10.000000 2.000000
    endloop
  endfacet
  facet normal 0.000000 0.000000 -1.000000
    outer loop
      vertex 103.421326 8.888927 2.000000
      vertex 103.190300 8.456707 2.000000
      vertex 100.000000 42.000000 2.000000
    endloop
  endfacet
  facet normal 0.000000 0.000000 -1.000000
    outer loop
      vertex 103.190300 8.456707 2.000000
      vertex 103.048035 7.987724 2.000000
      vertex 100.000000 42.000000 2.000000
    endloop
  endfacet
  facet normal 0.000000 0.000000 -1.000000
    outer loop
      vertex 103.048035 7.987724 2.000000
      vertex 103.000000 7.500000 2.000000
      vertex 100.000000 42.000000 2.000000
    endloop
  endfacet
  facet normal 0.000000 0.000000 -1.000000
    outer loop
      vertex 103.000000 7.500000 2.000000
      vertex 100.000000 2.000000 2.000000
      vertex 100.000000 42.000000 2.000000
    endloop
  endfacet
  facet normal 0.000000 0.000000 -1.000000
    outer loop
      vertex 105.500000 10.000000 2.000000
      vertex 100.000000 42.000000 2.000000
      vertex 105.987724 9.951962 2.000000
    endloop
  endfacet
  facet normal 0.000000 0.000000 -1.000000
    outer loop
      vertex 105.987724 9.951962 2.000000
      vertex 100.000000 42.000000 2.000000
      vertex 106.456711 9.809700 2.000000
    endloop
  endfacet
  facet normal 0.000000 0.000000 -1.000000
    outer loop
      vertex 106.456711 9.809700 2.000000
      vertex 100.000000 42.000000 2.000000
      vertex 106.888924 9.578674 2.000000
    endloop
  endfacet
  facet normal 0.000000 0.000000 -1.000000
    outer loop
      vertex 103.000000 7.500000 2.000000
      vertex 103.048035 7.012276 2.000000
      vertex 100.000000 2.000000 2.000000
    endloop
  endfacet
  facet normal 0.000000 0.000000 -1.000000
    outer loop
      vertex 103.048035 7.012276 2.000000
      vertex 103.190300 6.543293 2.000000
      vertex 100.000000 2.000000 2.000000
    endloop
  endfacet
  facet normal 0.000000 0.000000 -1.000000
    outer loop
      vertex 103.190300 6.543293 2.000000
      vertex 103.421326 6.111073 2.000000
      vertex 100.000000 2.000000 2.000000
    endloop
  endfacet
  facet normal 0.000000 0.000000 -1.000000
    outer loop
      vertex 103.421326 6.111073 2.000000
      vertex 103.732231 5.732231 2.000000
      vertex 100.000000 2.000000 2.000000
    endloop
  endfacet
  facet normal 0.000000 0.000000 -1.000000
    outer loop
      vertex 103.732231 5.732231 2.000000
      vertex 104.111076 5.421326 2.000000
      vertex 100.000000 2.000000 2.000000
    endloop
  endfacet
  facet normal 0.000000 0.000000 -1.000000
    outer loop
      vertex 104.111076 5.421326 2.000000
      vertex 104.543289 5.190300 2.000000
      vertex 100.000000 2.000000 2.000000
    endloop
  endfacet
  facet normal 0.000000 0.000000 -1.000000
    outer loop
      vertex 104.543289 5.190300 2.000000
      vertex 105.012276 5.048038 2.000000
      vertex 100.000000 2.000000 2.000000
    endloop
  endfacet
  facet normal 0.000000 0.000000 -1.000000
    outer loop
      vertex 100.000000 0.476398 2.000000
      vertex 100.000000 2.000000 2.000000
      vertex 100.315956 0.227207 2.000000
    endloop
  endfacet
  facet normal 0.000000 0.000000 -1.000000
    outer loop
      vertex 105.012276 5.048038 2.000000
      vertex 100.315956 0.227207 2.000000
      vertex 100.000000 2.000000 2.000000
    endloop
  endfacet
  facet normal 0.000000 0.000000 -1.000000
    outer loop
      vertex 105.012276 5.048038 2.000000
      vertex 105.500000 5.000000 2.000000
      vertex 100.315956 0.227207 2.000000
    endloop
  endfacet
  facet normal 0.000000 0.000000 -1.000000
    outer loop
      vertex 105.500000 5.000000 2.000000
      vertex 105.987724 5.048038 2.000000
      vertex 100.315956 0.227207 2.000000
    endloop
  endfacet
  facet normal 0.000000 0.000000 -1.000000
    outer loop
      vertex 105.987724 5.048038 2.000000
      vertex 106.456711 5.190300 2.000000
      vertex 100.315956 0.227207 2.000000
    endloop
  endfacet
  facet normal 0.000000 0.000000 -1.000000
    outer loop
      vertex 106.456711 5.190300 2.000000
      vertex 106.888924 5.421326 2.000000
      vertex 100.315956 0.227207 2.000000
    endloop
  endfacet
  facet normal 0.000000 0.000000 -1.000000
    outer loop
      vertex 127.333336 2.200001 2.000000
      vertex 100.000000 0.000000 2.000000
      vertex 100.315956 0.227207 2.000000
    endloop
  endfacet
  facet normal 0.000000 0.000000 -1.000000
    outer loop
      vertex 135.970627 25.866524 2.000000
      vertex 127.333336 3.799999 2.000000
      vertex 100.315956 0.227207 2.000000
    endloop
  endfacet
  facet normal 0.000000 0.000000 -1.000000
    outer loop
      vertex 127.333336 3.799999 2.000000
      vertex 127.333336 2.200001 2.000000
      vertex 100.315956 0.227207 2.000000
    endloop
  endfacet
  facet normal 0.000000 0.000000 -1.000000
    outer loop
      vertex 127.333336 2.200001 2.000000
      vertex 133.333328 2.200001 2.000000
      vertex 100.000000 0.000000 2.000000
    endloop
  endfacet
  facet normal 0.000000 0.000000 -1.000000
    outer loop
      vertex 106.888924 9.578674 2.000000
      vertex 162.111084 54.421326 2.000000
      vertex 107.267769 9.267769 2.000000
    endloop
  endfacet
  facet normal 0.000000 0.000000 -1.000000
    outer loop
      vertex 107.267769 9.267769 2.000000
      vertex 162.111084 54.421326 2.000000
      vertex 107.578674 8.888927 2.000000
    endloop
  endfacet
  facet normal 0.000000 0.000000 -1.000000
    outer loop
      vertex 107.267769 5.732231 2.000000
      vertex 107.578674 6.111073 2.000000
      vertex 180.666656 60.200001 2.000000
    endloop
  endfacet
  facet normal 0.000000 0.000000 -1.000000
    outer loop
      vertex 107.578674 8.888927 2.000000
      vertex 162.111084 54.421326 2.000000
      vertex 107.809700 8.456707 2.000000
    endloop
  endfacet
  facet normal 0.000000 0.000000 -1.000000
    outer loop
      vertex 107.809700 8.456707 2.000000
      vertex 162.543289 54.190300 2.000000
      vertex 107.951965 7.987724 2.000000
    endloop
  endfacet
  facet normal 0.000000 0.000000 -1.000000
    outer loop
      vertex 107.951965 7.987724 2.000000
      vertex 163.012268 54.048035 2.000000
      vertex 108.000000 7.500000 2.000000
    endloop
  endfacet
  facet normal 0.000000 0.000000 -1.000000
    outer loop
      vertex 108.000000 7.500000 2.000000
      vertex 163.500000 54.000000 2.000000
      vertex 107.951965 7.012276 2.000000
    endloop
  endfacet
  facet normal 0.000000 0.000000 -1.000000
    outer loop
      vertex 107.951965 7.012276 2.000000
      vertex 163.987732 54.048035 2.000000
      vertex 107.809700 6.543293 2.000000
    endloop
  endfacet
  facet normal 0.000000 0.000000 -1.000000
    outer loop
      vertex 107.809700 6.543293 2.000000
      vertex 164.456711 54.190300 2.000000
      vertex 107.578674 6.111073 2.000000
    endloop
  endfacet
  facet normal 0.000000 0.000000 -1.000000
    outer loop
      vertex 106.888924 5.421326 2.000000
      vertex 180.666656 60.200001 2.000000
      vertex 100.315956 0.227207 2.000000
    endloop
  endfacet
  facet normal 0.000000 0.000000 -1.000000
    outer loop
      vertex 107.267769 5.732231 2.000000
      vertex 180.666656 60.200001 2.000000
      vertex 106.888924 5.421326 2.000000
    endloop
  endfacet
  facet normal 0.000000 0.000000 1.000000
    outer loop
      vertex 189.000000 64.000000 0.000000
      vertex 100.000000 3.290321 0.000000
      vertex 100.000000 0.000000 0.000000
    endloop
  endfacet
  facet normal 0.000000 0.000000 -1.000000
    outer loop
      vertex 180.666656 60.200001 2.000000
      vertex 135.970627 25.866524 2.000000
      vertex 100.315956 0.227207 2.000000
    endloop
  endfacet
  facet normal 0.000000 0.000000 -1.000000
    outer loop
      vertex 133.333328 2.200001 2.000000
      vertex 155.666672 2.200001 2.000000
      vertex 100.000000 0.000000 2.000000
    endloop
  endfacet
  facet normal 0.000000 1.000000 0.000000
    outer loop
      vertex 100.000000 0.000000 0.000000
      vertex 100.000000 0.000000 2.000000
      vertex 189.000000 0.000000 0.000000
    endloop
  endfacet
  facet normal 0.000000 0.000000 -1.000000
    outer loop
      vertex 135.970627 25.866524 2.000000
      vertex 161.000000 7.500000 2.000000
      vertex 127.333336 3.799999 2.000000
    endloop
  endfacet
  facet normal 0.000000 0.000000 -1.000000
    outer loop
      vertex 127.333336 3.799999 2.000000
      vertex 161.732239 5.732231 2.000000
      vertex 133.333328 3.799999 2.000000
    endloop
  endfacet
  facet normal 0.000000 0.000000 -1.000000
    outer loop
      vertex 133.333328 2.200001 2.000000
      vertex 133.333328 3.799999 2.000000
      vertex 155.666672 2.200001 2.000000
    endloop
  endfacet
  facet normal 0.000000 0.000000 -1.000000
    outer loop
      vertex 155.666672 2.200001 2.000000
      vertex 161.666672 2.200001 2.000000
      vertex 100.000000 0.000000 2.000000
    endloop
  endfacet
  facet normal 0.000000 0.000000 -1.000000
    outer loop
      vertex 106.456711 58.809700 2.000000
      vertex 165.333344 60.200001 2.000000
      vertex 162.543289 58.809700 2.000000
    endloop
  endfacet
  facet normal 0.000000 0.000000 -1.000000
    outer loop
      vertex 165.333344 61.799999 2.000000
      vertex 100.000000 64.000000 2.000000
      vertex 189.000000 64.000000 2.000000
    endloop
  endfacet
  facet normal 0.000000 -1.000000 0.000000
    outer loop
      vertex 189.000000 64.000000 0.000000
      vertex 189.000000 64.000000 2.000000
      vertex 100.000000 64.000000 0.000000
    endloop
  endfacet
  facet normal 0.000000 0.000000 -1.000000
    outer loop
      vertex 162.543289 58.809700 2.000000
      vertex 165.333344 60.200001 2.000000
      vertex 163.012268 58.951965 2.000000
    endloop
  endfacet
  facet normal 0.000000 0.000000 -1.000000
    outer loop
      vertex 163.012268 58.951965 2.000000
      vertex 165.333344 60.200001 2.000000
      vertex 163.500000 59.000000 2.000000
    endloop
  endfacet
  facet normal 0.000000 0.000000 -1.000000
    outer loop
      vertex 163.500000 59.000000 2.000000
      vertex 165.333344 60.200001 2.000000
      vertex 163.987732 58.951965 2.000000
    endloop
  endfacet
  facet normal 0.000000 0.000000 -1.000000
    outer loop
      vertex 163.987732 58.951965 2.000000
      vertex 165.333344 60.200001 2.000000
      vertex 164.456711 58.809700 2.000000
    endloop
  endfacet
  facet normal 0.000000 0.000000 -1.000000
    outer loop
      vertex 164.456711 58.809700 2.000000
      vertex 165.333344 60.200001 2.000000
      vertex 164.888916 58.578674 2.000000
    endloop
  endfacet
  facet normal 0.000000 0.000000 -1.000000
    outer loop
      vertex 164.888916 58.578674 2.000000
      vertex 165.333344 60.200001 2.000000
      vertex 171.333344 60.200001 2.000000
    endloop
  endfacet
  facet normal 0.000000 0.000000 -1.000000
    outer loop
      vertex 164.888916 58.578674 2.000000
      vertex 171.333344 60.200001 2.000000
      vertex 165.267761 58.267769 2.000000
    endloop
  endfacet
  facet normal 0.000000 0.000000 -1.000000
    outer loop
      vertex 165.267761 58.267769 2.000000
      vertex 171.333344 60.200001 2.000000
      vertex 165.578674 57.888924 2.000000
    endloop
  endfacet
  facet normal 0.000000 0.000000 -1.000000
    outer loop
      vertex 165.578674 57.888924 2.000000
      vertex 171.333344 60.200001 2.000000
      vertex 165.809692 57.456707 2.000000
    endloop
  endfacet
  facet normal 0.000000 0.000000 -1.000000
    outer loop
      vertex 165.809692 57.456707 2.000000
      vertex 171.333344 60.200001 2.000000
      vertex 165.951965 56.987724 2.000000
    endloop
  endfacet
  facet normal 0.000000 0.000000 -1.000000
    outer loop
      vertex 107.578674 6.111073 2.000000
      vertex 164.888916 54.421326 2.000000
      vertex 180.666656 60.200001 2.000000
    endloop
  endfacet
  facet normal 0.000000 0.000000 -1.000000
    outer loop
      vertex 107.951965 7.987724 2.000000
      vertex 162.543289 54.190300 2.000000
      vertex 163.012268 54.048035 2.000000
    endloop
  endfacet
  facet normal 0.000000 0.000000 -1.000000
    outer loop
      vertex 108.000000 7.500000 2.000000
      vertex 163.012268 54.048035 2.000000
      vertex 163.500000 54.000000 2.000000
    endloop
  endfacet
  facet normal 0.000000 0.000000 -1.000000
    outer loop
      vertex 107.951965 7.012276 2.000000
      vertex 163.500000 54.000000 2.000000
      vertex 163.987732 54.048035 2.000000
    endloop
  endfacet
  facet normal 0.000000 0.000000 -1.000000
    outer loop
      vertex 107.809700 6.543293 2.000000
      vertex 163.987732 54.048035 2.000000
      vertex 164.456711 54.190300 2.000000
    endloop
  endfacet
  facet normal 0.000000 0.000000 -1.000000
    outer loop
      vertex 107.578674 6.111073 2.000000
      vertex 164.456711 54.190300 2.000000
      vertex 164.888916 54.421326 2.000000
    endloop
  endfacet
  facet normal 0.000000 0.000000 -1.000000
    outer loop
      vertex 145.711960 32.871521 2.000000
      vertex 135.970627 25.866524 2.000000
      vertex 180.666656 60.200001 2.000000
    endloop
  endfacet
  facet normal 0.000000 0.000000 1.000000
    outer loop
      vertex 189.000000 64.000000 0.000000
      vertex 100.000000 0.000000 0.000000
      vertex 189.000000 60.709679 0.000000
    endloop
  endfacet
  facet normal 0.000000 0.000000 -1.000000
    outer loop
      vertex 174.666656 60.200001 2.000000
      vertex 171.333344 61.799999 2.000000
      vertex 174.666656 61.799999 2.000000
    endloop
  endfacet
  facet normal 0.000000 0.000000 -1.000000
    outer loop
      vertex 171.333344 60.200001 2.000000
      vertex 171.333344 61.799999 2.000000
      vertex 174.666656 60.200001 2.000000
    endloop
  endfacet
  facet normal 0.000000 0.000000 -1.000000
    outer loop
      vertex 165.951965 56.012276 2.000000
      vertex 171.333344 60.200001 2.000000
      vertex 174.666656 60.200001 2.000000
    endloop
  endfacet
  facet normal 0.000000 0.000000 -1.000000
    outer loop
      vertex 165.951965 56.987724 2.000000
      vertex 171.333344 60.200001 2.000000
      vertex 166.000000 56.500000 2.000000
    endloop
  endfacet
  facet normal 0.000000 0.000000 -1.000000
    outer loop
      vertex 166.000000 56.500000 2.000000
      vertex 171.333344 60.200001 2.000000
      vertex 165.951965 56.012276 2.000000
    endloop
  endfacet
  facet normal 0.000000 0.000000 -1.000000
    outer loop
      vertex 165.951965 56.012276 2.000000
      vertex 174.666656 60.200001 2.000000
      vertex 165.809692 55.543289 2.000000
    endloop
  endfacet
  facet normal 0.000000 0.000000 -1.000000
    outer loop
      vertex 165.809692 55.543289 2.000000
      vertex 174.666656 60.200001 2.000000
      vertex 165.578674 55.111076 2.000000
    endloop
  endfacet
  facet normal 0.000000 0.000000 -1.000000
    outer loop
      vertex 165.267761 54.732231 2.000000
      vertex 165.578674 55.111076 2.000000
      vertex 180.666656 60.200001 2.000000
    endloop
  endfacet
  facet normal 0.000000 0.000000 -1.000000
    outer loop
      vertex 164.888916 54.421326 2.000000
      vertex 165.267761 54.732231 2.000000
      vertex 180.666656 60.200001 2.000000
    endloop
  endfacet
  facet normal 0.000000 0.000000 -1.000000
    outer loop
      vertex 165.333344 61.799999 2.000000
      vertex 189.000000 64.000000 2.000000
      vertex 171.333344 61.799999 2.000000
    endloop
  endfacet
  facet normal 0.000000 0.000000 -1.000000
    outer loop
      vertex 171.333344 61.799999 2.000000
      vertex 189.000000 64.000000 2.000000
      vertex 174.666656 61.799999 2.000000
    endloop
  endfacet
  facet normal 0.000000 0.000000 -1.000000
    outer loop
      vertex 165.578674 55.111076 2.000000
      vertex 174.666656 60.200001 2.000000
      vertex 180.666656 60.200001 2.000000
    endloop
  endfacet
  facet normal 0.000000 0.000000 -1.000000
    outer loop
      vertex 187.515442 62.932453 2.000000
      vertex 145.711960 32.871521 2.000000
      vertex 180.666656 60.200001 2.000000
    endloop
  endfacet
  facet normal 0.000000 0.000000 -1.000000
    outer loop
      vertex 145.711960 32.871521 2.000000
      vertex 187.515442 62.932453 2.000000
      vertex 189.000000 62.000000 2.000000
    endloop
  endfacet
  facet normal 0.000000 0.000000 -1.000000
    outer loop
      vertex 174.666656 61.799999 2.000000
      vertex 189.000000 64.000000 2.000000
      vertex 180.666656 61.799999 2.000000
    endloop
  endfacet
  facet normal 0.000000 0.000000 -1.000000
    outer loop
      vertex 180.666656 60.200001 2.000000
      vertex 180.666656 61.799999 2.000000
      vertex 189.000000 64.000000 2.000000
    endloop
  endfacet
  facet normal 0.000000 0.000000 -1.000000
    outer loop
      vertex 180.666656 60.200001 2.000000
      vertex 189.000000 64.000000 2.000000
      vertex 187.515442 62.932453 2.000000
    endloop
  endfacet
  facet normal 0.000000 0.000000 -1.000000
    outer loop
      vertex 189.000000 62.258820 2.000000
      vertex 189.000000 62.000000 2.000000
      vertex 187.515442 62.932453 2.000000
    endloop
  endfacet
  facet normal 0.000000 0.000000 -1.000000
    outer loop
      vertex 135.970627 25.866524 2.000000
      vertex 189.000000 58.482094 2.000000
      vertex 162.543289 9.809700 2.000000
    endloop
  endfacet
  facet normal 0.000000 0.000000 1.000000
    outer loop
      vertex 100.000000 0.000000 0.000000
      vertex 189.000000 2.000000 0.000000
      vertex 189.000000 60.709679 0.000000
    endloop
  endfacet
  facet normal 0.000000 0.000000 -1.000000
    outer loop
      vertex 135.970627 25.866524 2.000000
      vertex 161.732239 9.267769 2.000000
      vertex 161.421326 8.888927 2.000000
    endloop
  endfacet
  facet normal 0.000000 0.000000 -1.000000
    outer loop
      vertex 135.970627 25.866524 2.000000
      vertex 161.190308 8.456707 2.000000
      vertex 161.048035 7.987724 2.000000
    endloop
  endfacet
  facet normal 0.000000 0.000000 -1.000000
    outer loop
      vertex 135.970627 25.866524 2.000000
      vertex 161.421326 8.888927 2.000000
      vertex 161.190308 8.456707 2.000000
    endloop
  endfacet
  facet normal 0.000000 0.000000 -1.000000
    outer loop
      vertex 135.970627 25.866524 2.000000
      vertex 161.048035 7.987724 2.000000
      vertex 161.000000 7.500000 2.000000
    endloop
  endfacet
  facet normal 0.000000 0.000000 -1.000000
    outer loop
      vertex 135.970627 25.866524 2.000000
      vertex 162.543289 9.809700 2.000000
      vertex 162.111084 9.578674 2.000000
    endloop
  endfacet
  facet normal 0.000000 0.000000 -1.000000
    outer loop
      vertex 135.970627 25.866524 2.000000
      vertex 162.111084 9.578674 2.000000
      vertex 161.732239 9.267769 2.000000
    endloop
  endfacet
  facet normal 0.000000 0.000000 -1.000000
    outer loop
      vertex 127.333336 3.799999 2.000000
      vertex 161.000000 7.500000 2.000000
      vertex 161.048035 7.012276 2.000000
    endloop
  endfacet
  facet normal 0.000000 0.000000 -1.000000
    outer loop
      vertex 127.333336 3.799999 2.000000
      vertex 161.048035 7.012276 2.000000
      vertex 161.190308 6.543293 2.000000
    endloop
  endfacet
  facet normal 0.000000 0.000000 -1.000000
    outer loop
      vertex 127.333336 3.799999 2.000000
      vertex 161.190308 6.543293 2.000000
      vertex 161.421326 6.111073 2.000000
    endloop
  endfacet
  facet normal 0.000000 0.000000 -1.000000
    outer loop
      vertex 127.333336 3.799999 2.000000
      vertex 161.421326 6.111073 2.000000
      vertex 161.732239 5.732231 2.000000
    endloop
  endfacet
  facet normal 0.000000 0.000000 -1.000000
    outer loop
      vertex 133.333328 3.799999 2.000000
      vertex 161.732239 5.732231 2.000000
      vertex 155.666672 3.799999 2.000000
    endloop
  endfacet
  facet normal 0.000000 0.000000 -1.000000
    outer loop
      vertex 133.333328 3.799999 2.000000
      vertex 155.666672 3.799999 2.000000
      vertex 155.666672 2.200001 2.000000
    endloop
  endfacet
  facet normal 0.000000 0.000000 -1.000000
    outer loop
      vertex 161.666672 2.200001 2.000000
      vertex 189.000000 0.000000 2.000000
      vertex 100.000000 0.000000 2.000000
    endloop
  endfacet
  facet normal 0.000000 0.000000 -1.000000
    outer loop
      vertex 161.732239 5.732231 2.000000
      vertex 161.666672 3.799999 2.000000
      vertex 155.666672 3.799999 2.000000
    endloop
  endfacet
  facet normal 0.000000 0.000000 -1.000000
    outer loop
      vertex 161.732239 5.732231 2.000000
      vertex 162.111084 5.421326 2.000000
      vertex 161.666672 3.799999 2.000000
    endloop
  endfacet
  facet normal 0.000000 1.000000 0.000000
    outer loop
      vertex 189.000000 0.000000 2.000000
      vertex 189.000000 0.000000 0.000000
      vertex 100.000000 0.000000 2.000000
    endloop
  endfacet
  facet normal 0.000000 0.000000 1.000000
    outer loop
      vertex 100.000000 0.000000 0.000000
      vertex 189.000000 0.000000 0.000000
      vertex 189.000000 2.000000 0.000000
    endloop
  endfacet
  facet normal 0.000000 0.000000 -1.000000
    outer loop
      vertex 162.111084 5.421326 2.000000
      vertex 162.543289 5.190300 2.000000
      vertex 161.666672 3.799999 2.000000
    endloop
  endfacet
  facet normal 0.000000 0.000000 -1.000000
    outer loop
      vertex 162.543289 5.190300 2.000000
      vertex 163.012268 5.048038 2.000000
      vertex 161.666672 3.799999 2.000000
    endloop
  endfacet
  facet normal 0.000000 0.000000 -1.000000
    outer loop
      vertex 163.012268 5.048038 2.000000
      vertex 163.500000 5.000000 2.000000
      vertex 161.666672 3.799999 2.000000
    endloop
  endfacet
  facet normal 0.000000 0.000000 -1.000000
    outer loop
      vertex 163.500000 5.000000 2.000000
      vertex 163.987732 5.048038 2.000000
      vertex 161.666672 2.200001 2.000000
    endloop
  endfacet
  facet normal 0.000000 0.000000 -1.000000
    outer loop
      vertex 163.987732 5.048038 2.000000
      vertex 164.456711 5.190300 2.000000
      vertex 161.666672 2.200001 2.000000
    endloop
  endfacet
  facet normal 0.000000 0.000000 -1.000000
    outer loop
      vertex 163.500000 5.000000 2.000000
      vertex 161.666672 2.200001 2.000000
      vertex 161.666672 3.799999 2.000000
    endloop
  endfacet
  facet normal 0.000000 0.000000 -1.000000
    outer loop
      vertex 162.543289 9.809700 2.000000
      vertex 189.000000 58.482094 2.000000
      vertex 163.012268 9.951962 2.000000
    endloop
  endfacet
  facet normal 0.000000 0.000000 -1.000000
    outer loop
      vertex 163.012268 9.951962 2.000000
      vertex 189.000000 58.482094 2.000000
      vertex 163.500000 10.000000 2.000000
    endloop
  endfacet
  facet normal 0.000000 0.000000 -1.000000
    outer loop
      vertex 163.500000 10.000000 2.000000
      vertex 189.000000 58.482094 2.000000
      vertex 163.987732 9.951962 2.000000
    endloop
  endfacet
  facet normal 0.000000 0.000000 -1.000000
    outer loop
      vertex 163.987732 9.951962 2.000000
      vertex 189.000000 58.482094 2.000000
      vertex 164.456711 9.809700 2.000000
    endloop
  endfacet
  facet normal 0.000000 0.000000 -1.000000
    outer loop
      vertex 164.456711 9.809700 2.000000
      vertex 189.000000 58.482094 2.000000
      vertex 164.888916 9.578674 2.000000
    endloop
  endfacet
  facet normal 0.000000 0.000000 -1.000000
    outer loop
      vertex 164.888916 9.578674 2.000000
      vertex 189.000000 58.482094 2.000000
      vertex 165.267761 9.267769 2.000000
    endloop
  endfacet
  facet normal 0.000000 0.000000 -1.000000
    outer loop
      vertex 165.267761 9.267769 2.000000
      vertex 189.000000 58.482094 2.000000
      vertex 165.578674 8.888927 2.000000
    endloop
  endfacet
  facet normal 0.000000 0.000000 -1.000000
    outer loop
      vertex 165.578674 8.888927 2.000000
      vertex 189.000000 58.482094 2.000000
      vertex 189.000000 2.000000 2.000000
    endloop
  endfacet
  facet normal 0.000000 0.000000 -1.000000
    outer loop
      vertex 165.578674 8.888927 2.000000
      vertex 189.000000 2.000000 2.000000
      vertex 165.809692 8.456707 2.000000
    endloop
  endfacet
  facet normal 0.000000 0.000000 -1.000000
    outer loop
      vertex 165.809692 6.543293 2.000000
      vertex 189.000000 0.000000 2.000000
      vertex 165.578674 6.111073 2.000000
    endloop
  endfacet
  facet normal 0.000000 0.000000 -1.000000
    outer loop
      vertex 164.456711 5.190300 2.000000
      vertex 189.000000 0.000000 2.000000
      vertex 161.666672 2.200001 2.000000
    endloop
  endfacet
  facet normal 0.000000 0.000000 -1.000000
    outer loop
      vertex 164.456711 5.190300 2.000000
      vertex 164.888916 5.421326 2.000000
      vertex 189.000000 0.000000 2.000000
    endloop
  endfacet
  facet normal 0.000000 0.000000 -1.000000
    outer loop
      vertex 164.888916 5.421326 2.000000
      vertex 165.267761 5.732231 2.000000
      vertex 189.000000 0.000000 2.000000
    endloop
  endfacet
  facet normal 0.000000 0.000000 -1.000000
    outer loop
      vertex 165.267761 5.732231 2.000000
      vertex 165.578674 6.111073 2.000000
      vertex 189.000000 0.000000 2.000000
    endloop
  endfacet
  facet normal 0.000000 0.000000 -1.000000
    outer loop
      vertex 165.809692 8.456707 2.000000
      vertex 189.000000 2.000000 2.000000
      vertex 165.951965 7.987724 2.000000
    endloop
  endfacet
  facet normal 0.000000 0.000000 -1.000000
    outer loop
      vertex 165.951965 7.987724 2.000000
      vertex 189.000000 2.000000 2.000000
      vertex 166.000000 7.500000 2.000000
    endloop
  endfacet
  facet normal 0.000000 0.000000 -1.000000
    outer loop
      vertex 166.000000 7.500000 2.000000
      vertex 189.000000 2.000000 2.000000
      vertex 165.951965 7.012276 2.000000
    endloop
  endfacet
  facet normal 0.000000 0.000000 -1.000000
    outer loop
      vertex 165.951965 7.012276 2.000000
      vertex 189.000000 2.000000 2.000000
      vertex 165.809692 6.543293 2.000000
    endloop
  endfacet
  facet normal 0.000000 0.000000 -1.000000
    outer loop
      vertex 165.809692 6.543293 2.000000
      vertex 189.000000 2.000000 2.000000
      vertex 189.000000 0.000000 2.000000
    endloop
  endfacet
  facet normal 0.000000 0.000000 -1.000000
    outer loop
      vertex 98.585785 63.414215 2.000000
      vertex 99.000000 63.732052 2.000000
      vertex 100.000000 64.000000 2.000000
    endloop
  endfacet
  facet normal 0.000000 0.000000 -1.000000
    outer loop
      vertex 98.585785 63.414215 2.000000
      vertex 100.000000 64.000000 2.000000
      vertex 98.267952 63.000000 2.000000
    endloop
  endfacet
  facet normal 0.000000 0.000000 -1.000000
    outer loop
      vertex 98.267952 63.000000 2.000000
      vertex 100.000000 64.000000 2.000000
      vertex 98.068146 62.517639 2.000000
    endloop
  endfacet
  facet normal 0.000000 0.000000 -1.000000
    outer loop
      vertex 98.068146 62.517639 2.000000
      vertex 100.000000 62.000000 2.000000
      vertex 98.000000 62.000000 2.000000
    endloop
  endfacet
  facet normal 0.000000 0.000000 -1.000000
    outer loop
      vertex 98.068146 62.517639 2.000000
      vertex 100.000000 64.000000 2.000000
      vertex 100.000000 62.000000 2.000000
    endloop
  endfacet
  facet normal 0.000000 0.000000 -1.000000
    outer loop
      vertex 99.000000 63.732052 2.000000
      vertex 99.482361 63.931850 2.000000
      vertex 100.000000 64.000000 2.000000
    endloop
  endfacet
  facet normal 0.608759 -0.793355 0.000000
    outer loop
      vertex 98.585785 63.414215 2.000000
      vertex 98.585785 63.414215 0.000000
      vertex 99.000000 63.732052 2.000000
    endloop
  endfacet
  facet normal 0.793358 -0.608755 0.000000
    outer loop
      vertex 98.585785 63.414215 2.000000
      vertex 98.267952 63.000000 2.000000
      vertex 98.267952 63.000000 0.000000
    endloop
  endfacet
  facet normal 0.382680 -0.923881 0.000000
    outer loop
      vertex 99.000000 63.732052 2.000000
      vertex 99.000000 63.732052 0.000000
      vertex 99.482361 63.931850 2.000000
    endloop
  endfacet
  facet normal 0.923876 -0.382693 0.000000
    outer loop
      vertex 98.267952 63.000000 2.000000
      vertex 98.068146 62.517639 2.000000
      vertex 98.068146 62.517639 0.000000
    endloop
  endfacet
  facet normal 0.991446 -0.130521 0.000000
    outer loop
      vertex 98.068146 62.517639 2.000000
      vertex 98.000000 62.000000 2.000000
      vertex 98.000000 62.000000 0.000000
    endloop
  endfacet
  facet normal 0.130528 -0.991445 0.000000
    outer loop
      vertex 99.482361 63.931850 2.000000
      vertex 99.482361 63.931850 0.000000
      vertex 100.000000 64.000000 2.000000
    endloop
  endfacet
  facet normal 0.793358 -0.608755 0.000000
    outer loop
      vertex 98.585785 63.414215 2.000000
      vertex 98.267952 63.000000 0.000000
      vertex 98.585785 63.414215 0.000000
    endloop
  endfacet
  facet normal 0.608759 -0.793355 0.000000
    outer loop
      vertex 99.000000 63.732052 2.000000
      vertex 98.585785 63.414215 0.000000
      vertex 99.000000 63.732052 0.000000
    endloop
  endfacet
  facet normal 0.382680 -0.923881 0.000000
    outer loop
      vertex 99.482361 63.931850 2.000000
      vertex 99.000000 63.732052 0.000000
      vertex 99.482361 63.931850 0.000000
    endloop
  endfacet
  facet normal 0.000000 0.000000 1.000000
    outer loop
      vertex 98.585785 63.414215 0.000000
      vertex 98.000000 62.000000 0.000000
      vertex 99.000000 63.732052 0.000000
    endloop
  endfacet
  facet normal 0.000000 0.000000 1.000000
    outer loop
      vertex 99.000000 63.732052 0.000000
      vertex 98.000000 62.000000 0.000000
      vertex 99.482361 63.931850 0.000000
    endloop
  endfacet
  facet normal 0.000000 0.000000 1.000000
    outer loop
      vertex 99.482361 63.931850 0.000000
      vertex 98.000000 62.000000 0.000000
      vertex 100.000000 64.000000 0.000000
    endloop
  endfacet
  facet normal 0.923876 -0.382693 0.000000
    outer loop
      vertex 98.267952 63.000000 2.000000
      vertex 98.068146 62.517639 0.000000
      vertex 98.267952 63.000000 0.000000
    endloop
  endfacet
  facet normal 0.991446 -0.130521 0.000000
    outer loop
      vertex 98.068146 62.517639 2.000000
      vertex 98.000000 62.000000 0.000000
      vertex 98.068146 62.517639 0.000000
    endloop
  endfacet
  facet normal 0.000000 0.000000 1.000000
    outer loop
      vertex 98.585785 63.414215 0.000000
      vertex 98.267952 63.000000 0.000000
      vertex 98.000000 62.000000 0.000000
    endloop
  endfacet
  facet normal 0.000000 0.000000 1.000000
    outer loop
      vertex 98.267952 63.000000 0.000000
      vertex 98.068146 62.517639 0.000000
      vertex 98.000000 62.000000 0.000000
    endloop
  endfacet
  facet normal 0.000000 0.000000 1.000000
    outer loop
      vertex 98.000000 62.000000 0.000000
      vertex 100.000000 62.000000 0.000000
      vertex 100.000000 64.000000 0.000000
    endloop
  endfacet
  facet normal 0.130528 -0.991445 0.000000
    outer loop
      vertex 99.482361 63.931850 0.000000
      vertex 100.000000 64.000000 0.000000
      vertex 100.000000 64.000000 2.000000
    endloop
  endfacet
  facet normal 0.000000 0.000000 -1.000000
    outer loop
      vertex 190.931854 62.000000 2.000000
      vertex 187.515442 62.932453 2.000000
      vertex 189.000000 64.000000 2.000000
    endloop
  endfacet
  facet normal 0.000000 0.000000 -1.000000
    outer loop
      vertex 190.931854 62.000000 2.000000
      vertex 189.000000 62.258820 2.000000
      vertex 187.515442 62.932453 2.000000
    endloop
  endfacet
  facet normal 0.000000 0.000000 -1.000000
    outer loop
      vertex 189.517639 63.931850 2.000000
      vertex 190.931854 62.000000 2.000000
      vertex 189.000000 64.000000 2.000000
    endloop
  endfacet
  facet normal 0.000000 0.000000 -1.000000
    outer loop
      vertex 189.517639 63.931850 2.000000
      vertex 190.000000 63.732052 2.000000
      vertex 190.931854 62.000000 2.000000
    endloop
  endfacet
  facet normal 0.000000 0.000000 -1.000000
    outer loop
      vertex 190.000000 63.732052 2.000000
      vertex 190.414215 63.414215 2.000000
      vertex 190.931854 62.000000 2.000000
    endloop
  endfacet
  facet normal 0.000000 0.000000 -1.000000
    outer loop
      vertex 190.931854 62.000000 2.000000
      vertex 189.000000 62.000000 2.000000
      vertex 189.000000 62.258820 2.000000
    endloop
  endfacet
  facet normal 0.000000 0.000000 -1.000000
    outer loop
      vertex 190.414215 63.414215 2.000000
      vertex 190.732056 63.000000 2.000000
      vertex 190.931854 62.000000 2.000000
    endloop
  endfacet
  facet normal 0.000000 0.000000 -1.000000
    outer loop
      vertex 190.732056 63.000000 2.000000
      vertex 190.931854 62.517639 2.000000
      vertex 190.931854 62.000000 2.000000
    endloop
  endfacet
  facet normal 0.000000 0.000000 -1.000000
    outer loop
      vertex 190.931854 62.517639 2.000000
      vertex 191.000000 62.000000 2.000000
      vertex 190.931854 62.000000 2.000000
    endloop
  endfacet
  facet normal 0.000000 0.000000 -1.000000
    outer loop
      vertex 191.000000 62.000000 2.000000
      vertex 190.931854 61.956032 2.000000
      vertex 190.931854 62.000000 2.000000
    endloop
  endfacet
  facet normal -0.130528 -0.991445 0.000000
    outer loop
      vertex 189.517639 63.931850 2.000000
      vertex 189.000000 64.000000 2.000000
      vertex 189.000000 64.000000 0.000000
    endloop
  endfacet
  facet normal -0.382680 -0.923881 0.000000
    outer loop
      vertex 189.517639 63.931850 2.000000
      vertex 189.517639 63.931850 0.000000
      vertex 190.000000 63.732052 2.000000
    endloop
  endfacet
  facet normal -0.608759 -0.793355 0.000000
    outer loop
      vertex 190.000000 63.732052 2.000000
      vertex 190.000000 63.732052 0.000000
      vertex 190.414215 63.414215 2.000000
    endloop
  endfacet
  facet normal -0.793351 -0.608764 0.000000
    outer loop
      vertex 190.414215 63.414215 2.000000
      vertex 190.414215 63.414215 0.000000
      vertex 190.732056 63.000000 2.000000
    endloop
  endfacet
  facet normal -0.923881 -0.382680 0.000000
    outer loop
      vertex 190.732056 63.000000 2.000000
      vertex 190.732056 63.000000 0.000000
      vertex 190.931854 62.517639 2.000000
    endloop
  endfacet
  facet normal -0.991446 -0.130521 0.000000
    outer loop
      vertex 190.931854 62.517639 2.000000
      vertex 190.931854 62.517639 0.000000
      vertex 191.000000 62.000000 2.000000
    endloop
  endfacet
  facet normal -0.130528 -0.991445 0.000000
    outer loop
      vertex 189.517639 63.931850 2.000000
      vertex 189.000000 64.000000 0.000000
      vertex 189.517639 63.931850 0.000000
    endloop
  endfacet
  facet normal 0.000000 0.000000 1.000000
    outer loop
      vertex 189.517639 63.931850 0.000000
      vertex 189.000000 64.000000 0.000000
      vertex 190.000000 63.732052 0.000000
    endloop
  endfacet
  facet normal -0.382680 -0.923881 0.000000
    outer loop
      vertex 190.000000 63.732052 2.000000
      vertex 189.517639 63.931850 0.000000
      vertex 190.000000 63.732052 0.000000
    endloop
  endfacet
  facet normal -0.608759 -0.793355 0.000000
    outer loop
      vertex 190.414215 63.414215 2.000000
      vertex 190.000000 63.732052 0.000000
      vertex 190.414215 63.414215 0.000000
    endloop
  endfacet
  facet normal -0.793351 -0.608764 0.000000
    outer loop
      vertex 190.732056 63.000000 2.000000
      vertex 190.414215 63.414215 0.000000
      vertex 190.732056 63.000000 0.000000
    endloop
  endfacet
  facet normal 0.000000 0.000000 1.000000
    outer loop
      vertex 190.000000 63.732052 0.000000
      vertex 189.000000 64.000000 0.000000
      vertex 190.414215 63.414215 0.000000
    endloop
  endfacet
  facet normal 0.000000 0.000000 1.000000
    outer loop
      vertex 190.414215 63.414215 0.000000
      vertex 189.000000 64.000000 0.000000
      vertex 190.732056 63.000000 0.000000
    endloop
  endfacet
  facet normal 0.000000 0.000000 1.000000
    outer loop
      vertex 190.732056 63.000000 0.000000
      vertex 189.000000 64.000000 0.000000
      vertex 190.931854 62.517639 0.000000
    endloop
  endfacet
  facet normal -0.923881 -0.382680 0.000000
    outer loop
      vertex 190.931854 62.517639 2.000000
      vertex 190.732056 63.000000 0.000000
      vertex 190.931854 62.517639 0.000000
    endloop
  endfacet
  facet normal -0.991446 -0.130521 0.000000
    outer loop
      vertex 191.000000 62.000000 2.000000
      vertex 190.931854 62.517639 0.000000
      vertex 191.000000 62.000000 0.000000
    endloop
  endfacet
  facet normal 0.000000 0.000000 1.000000
    outer loop
      vertex 191.000000 62.000000 0.000000
      vertex 189.000000 64.000000 0.000000
      vertex 189.000000 60.709679 0.000000
    endloop
  endfacet
  facet normal 0.000000 0.000000 1.000000
    outer loop
      vertex 190.931854 62.517639 0.000000
      vertex 189.000000 64.000000 0.000000
      vertex 191.000000 62.000000 0.000000
    endloop
  endfacet
  facet normal 0.000000 0.000000 -1.000000
    outer loop
      vertex 98.068146 2.043968 2.000000
      vertex 98.068146 2.000000 2.000000
      vertex 98.000000 2.000000 2.000000
    endloop
  endfacet
  facet normal 0.000000 0.000000 -1.000000
    outer loop
      vertex 98.000000 2.000000 2.000000
      vertex 98.068146 2.000000 2.000000
      vertex 98.068146 1.482361 2.000000
    endloop
  endfacet
  facet normal 0.000000 0.000000 -1.000000
    outer loop
      vertex 98.068146 2.000000 2.000000
      vertex 98.267952 1.000000 2.000000
      vertex 98.068146 1.482361 2.000000
    endloop
  endfacet
  facet normal 0.000000 0.000000 -1.000000
    outer loop
      vertex 98.068146 2.000000 2.000000
      vertex 98.585785 0.585785 2.000000
      vertex 98.267952 1.000000 2.000000
    endloop
  endfacet
  facet normal 0.000000 0.000000 -1.000000
    outer loop
      vertex 98.068146 2.000000 2.000000
      vertex 100.000000 2.000000 2.000000
      vertex 100.000000 0.476398 2.000000
    endloop
  endfacet
  facet normal 0.000000 0.000000 -1.000000
    outer loop
      vertex 98.068146 2.000000 2.000000
      vertex 99.000000 0.267948 2.000000
      vertex 98.585785 0.585785 2.000000
    endloop
  endfacet
  facet normal 0.000000 0.000000 -1.000000
    outer loop
      vertex 98.068146 2.000000 2.000000
      vertex 99.482361 0.068150 2.000000
      vertex 99.000000 0.267948 2.000000
    endloop
  endfacet
  facet normal 0.000000 0.000000 -1.000000
    outer loop
      vertex 98.068146 2.000000 2.000000
      vertex 100.000000 0.476398 2.000000
      vertex 100.000000 0.000000 2.000000
    endloop
  endfacet
  facet normal 0.000000 0.000000 -1.000000
    outer loop
      vertex 98.068146 2.000000 2.000000
      vertex 100.000000 0.000000 2.000000
      vertex 99.482361 0.068150 2.000000
    endloop
  endfacet
  facet normal 0.000000 0.000000 -1.000000
    outer loop
      vertex 100.000000 0.000000 2.000000
      vertex 100.000000 0.476398 2.000000
      vertex 100.315956 0.227207 2.000000
    endloop
  endfacet
  facet normal 0.991446 0.130521 0.000000
    outer loop
      vertex 98.000000 2.000000 2.000000
      vertex 98.068146 1.482361 2.000000
      vertex 98.068146 1.482361 0.000000
    endloop
  endfacet
  facet normal 0.923876 0.382693 0.000000
    outer loop
      vertex 98.068146 1.482361 2.000000
      vertex 98.267952 1.000000 2.000000
      vertex 98.267952 1.000000 0.000000
    endloop
  endfacet
  facet normal 0.793358 0.608755 0.000000
    outer loop
      vertex 98.267952 1.000000 2.000000
      vertex 98.585785 0.585785 2.000000
      vertex 98.585785 0.585785 0.000000
    endloop
  endfacet
  facet normal 0.608759 0.793355 0.000000
    outer loop
      vertex 98.585785 0.585785 2.000000
      vertex 99.000000 0.267948 2.000000
      vertex 99.000000 0.267948 0.000000
    endloop
  endfacet
  facet normal 0.382680 0.923881 0.000000
    outer loop
      vertex 99.000000 0.267948 2.000000
      vertex 99.482361 0.068150 2.000000
      vertex 99.482361 0.068150 0.000000
    endloop
  endfacet
  facet normal 0.130528 0.991445 0.000000
    outer loop
      vertex 99.482361 0.068150 2.000000
      vertex 100.000000 0.000000 2.000000
      vertex 100.000000 0.000000 0.000000
    endloop
  endfacet
  facet normal 0.991446 0.130521 0.000000
    outer loop
      vertex 98.000000 2.000000 2.000000
      vertex 98.068146 1.482361 0.000000
      vertex 98.000000 2.000000 0.000000
    endloop
  endfacet
  facet normal 0.923876 0.382693 0.000000
    outer loop
      vertex 98.068146 1.482361 2.000000
      vertex 98.267952 1.000000 0.000000
      vertex 98.068146 1.482361 0.000000
    endloop
  endfacet
  facet normal 0.000000 0.000000 1.000000
    outer loop
      vertex 98.000000 2.000000 0.000000
      vertex 98.068146 1.482361 0.000000
      vertex 100.000000 0.000000 0.000000
    endloop
  endfacet
  facet normal 0.000000 0.000000 1.000000
    outer loop
      vertex 98.000000 2.000000 0.000000
      vertex 100.000000 0.000000 0.000000
      vertex 100.000000 3.290321 0.000000
    endloop
  endfacet
  facet normal 0.793358 0.608755 0.000000
    outer loop
      vertex 98.267952 1.000000 2.000000
      vertex 98.585785 0.585785 0.000000
      vertex 98.267952 1.000000 0.000000
    endloop
  endfacet
  facet normal 0.608759 0.793355 0.000000
    outer loop
      vertex 98.585785 0.585785 2.000000
      vertex 99.000000 0.267948 0.000000
      vertex 98.585785 0.585785 0.000000
    endloop
  endfacet
  facet normal 0.382680 0.923881 0.000000
    outer loop
      vertex 99.000000 0.267948 2.000000
      vertex 99.482361 0.068150 0.000000
      vertex 99.000000 0.267948 0.000000
    endloop
  endfacet
  facet normal 0.000000 0.000000 1.000000
    outer loop
      vertex 98.068146 1.482361 0.000000
      vertex 98.267952 1.000000 0.000000
      vertex 100.000000 0.000000 0.000000
    endloop
  endfacet
  facet normal 0.000000 0.000000 1.000000
    outer loop
      vertex 98.267952 1.000000 0.000000
      vertex 98.585785 0.585785 0.000000
      vertex 100.000000 0.000000 0.000000
    endloop
  endfacet
  facet normal 0.000000 0.000000 1.000000
    outer loop
      vertex 98.585785 0.585785 0.000000
      vertex 99.000000 0.267948 0.000000
      vertex 100.000000 0.000000 0.000000
    endloop
  endfacet
  facet normal 0.130528 0.991445 0.000000
    outer loop
      vertex 99.482361 0.068150 2.000000
      vertex 100.000000 0.000000 0.000000
      vertex 99.482361 0.068150 0.000000
    endloop
  endfacet
  facet normal 0.000000 0.000000 1.000000
    outer loop
      vertex 99.000000 0.267948 0.000000
      vertex 99.482361 0.068150 0.000000
      vertex 100.000000 0.000000 0.000000
    endloop
  endfacet
  facet normal 0.000000 0.000000 -1.000000
    outer loop
      vertex 189.517639 0.068150 2.000000
      vertex 189.000000 0.000000 2.000000
      vertex 190.000000 0.267948 2.000000
    endloop
  endfacet
  facet normal 0.000000 0.000000 -1.000000
    outer loop
      vertex 190.931854 1.482361 2.000000
      vertex 189.000000 0.000000 2.000000
      vertex 189.000000 2.000000 2.000000
    endloop
  endfacet
  facet normal 0.000000 0.000000 -1.000000
    outer loop
      vertex 191.000000 2.000000 2.000000
      vertex 190.931854 1.482361 2.000000
      vertex 189.000000 2.000000 2.000000
    endloop
  endfacet
  facet normal 0.000000 0.000000 -1.000000
    outer loop
      vertex 190.931854 1.482361 2.000000
      vertex 190.732056 1.000000 2.000000
      vertex 189.000000 0.000000 2.000000
    endloop
  endfacet
  facet normal 0.000000 0.000000 -1.000000
    outer loop
      vertex 190.414215 0.585785 2.000000
      vertex 189.000000 0.000000 2.000000
      vertex 190.732056 1.000000 2.000000
    endloop
  endfacet
  facet normal 0.000000 0.000000 -1.000000
    outer loop
      vertex 190.000000 0.267948 2.000000
      vertex 189.000000 0.000000 2.000000
      vertex 190.414215 0.585785 2.000000
    endloop
  endfacet
  facet normal -0.130528 0.991445 0.000000
    outer loop
      vertex 189.517639 0.068150 2.000000
      vertex 189.517639 0.068150 0.000000
      vertex 189.000000 0.000000 2.000000
    endloop
  endfacet
  facet normal -0.991446 0.130521 0.000000
    outer loop
      vertex 191.000000 2.000000 2.000000
      vertex 191.000000 2.000000 0.000000
      vertex 190.931854 1.482361 2.000000
    endloop
  endfacet
  facet normal -0.923881 0.382680 0.000000
    outer loop
      vertex 190.931854 1.482361 2.000000
      vertex 190.931854 1.482361 0.000000
      vertex 190.732056 1.000000 2.000000
    endloop
  endfacet
  facet normal -0.382680 0.923881 0.000000
    outer loop
      vertex 189.517639 0.068150 2.000000
      vertex 190.000000 0.267948 2.000000
      vertex 190.000000 0.267948 0.000000
    endloop
  endfacet
  facet normal -0.793351 0.608764 0.000000
    outer loop
      vertex 190.414215 0.585785 2.000000
      vertex 190.732056 1.000000 2.000000
      vertex 190.732056 1.000000 0.000000
    endloop
  endfacet
  facet normal -0.608759 0.793355 0.000000
    outer loop
      vertex 190.000000 0.267948 2.000000
      vertex 190.414215 0.585785 2.000000
      vertex 190.414215 0.585785 0.000000
    endloop
  endfacet
  facet normal -0.130528 0.991445 0.000000
    outer loop
      vertex 189.517639 0.068150 0.000000
      vertex 189.000000 0.000000 0.000000
      vertex 189.000000 0.000000 2.000000
    endloop
  endfacet
  facet normal -0.991446 0.130521 0.000000
    outer loop
      vertex 190.931854 1.482361 2.000000
      vertex 191.000000 2.000000 0.000000
      vertex 190.931854 1.482361 0.000000
    endloop
  endfacet
  facet normal -0.923881 0.382680 0.000000
    outer loop
      vertex 190.732056 1.000000 2.000000
      vertex 190.931854 1.482361 0.000000
      vertex 190.732056 1.000000 0.000000
    endloop
  endfacet
  facet normal 0.000000 0.000000 1.000000
    outer loop
      vertex 191.000000 2.000000 0.000000
      vertex 189.000000 2.000000 0.000000
      vertex 189.000000 0.000000 0.000000
    endloop
  endfacet
  facet normal 0.000000 0.000000 1.000000
    outer loop
      vertex 191.000000 2.000000 0.000000
      vertex 190.732056 1.000000 0.000000
      vertex 190.931854 1.482361 0.000000
    endloop
  endfacet
  facet normal 0.000000 0.000000 1.000000
    outer loop
      vertex 191.000000 2.000000 0.000000
      vertex 190.414215 0.585785 0.000000
      vertex 190.732056 1.000000 0.000000
    endloop
  endfacet
  facet normal -0.382680 0.923881 0.000000
    outer loop
      vertex 189.517639 0.068150 2.000000
      vertex 190.000000 0.267948 0.000000
      vertex 189.517639 0.068150 0.000000
    endloop
  endfacet
  facet normal -0.608759 0.793355 0.000000
    outer loop
      vertex 190.000000 0.267948 2.000000
      vertex 190.414215 0.585785 0.000000
      vertex 190.000000 0.267948 0.000000
    endloop
  endfacet
  facet normal -0.793351 0.608764 0.000000
    outer loop
      vertex 190.414215 0.585785 2.000000
      vertex 190.732056 1.000000 0.000000
      vertex 190.414215 0.585785 0.000000
    endloop
  endfacet
  facet normal 0.000000 0.000000 1.000000
    outer loop
      vertex 189.517639 0.068150 0.000000
      vertex 191.000000 2.000000 0.000000
      vertex 189.000000 0.000000 0.000000
    endloop
  endfacet
  facet normal 0.000000 0.000000 1.000000
    outer loop
      vertex 189.517639 0.068150 0.000000
      vertex 190.000000 0.267948 0.000000
      vertex 191.000000 2.000000 0.000000
    endloop
  endfacet
  facet normal 0.000000 0.000000 1.000000
    outer loop
      vertex 191.000000 2.000000 0.000000
      vertex 190.000000 0.267948 0.000000
      vertex 190.414215 0.585785 0.000000
    endloop
  endfacet
  facet normal 0.000000 0.000000 -1.000000
    outer loop
      vertex 103.048035 56.987724 21.900002
      vertex 103.048035 56.012276 21.900002
      vertex 103.000000 56.500000 21.900002
    endloop
  endfacet
  facet normal 0.000000 0.000000 -1.000000
    outer loop
      vertex 103.421326 57.888924 21.900002
      vertex 103.421326 55.111076 21.900002
      vertex 103.190300 57.456707 21.900002
    endloop
  endfacet
  facet normal 0.000000 0.000000 -1.000000
    outer loop
      vertex 103.190300 57.456707 21.900002
      vertex 103.190300 55.543289 21.900002
      vertex 103.048035 56.987724 21.900002
    endloop
  endfacet
  facet normal 0.000000 0.000000 -1.000000
    outer loop
      vertex 103.732231 58.267769 21.900002
      vertex 103.732231 54.732231 21.900002
      vertex 103.421326 57.888924 21.900002
    endloop
  endfacet
  facet normal 0.000000 0.000000 -1.000000
    outer loop
      vertex 103.048035 56.987724 21.900002
      vertex 103.190300 55.543289 21.900002
      vertex 103.048035 56.012276 21.900002
    endloop
  endfacet
  facet normal 0.000000 0.000000 -1.000000
    outer loop
      vertex 103.190300 57.456707 21.900002
      vertex 103.421326 55.111076 21.900002
      vertex 103.190300 55.543289 21.900002
    endloop
  endfacet
  facet normal 0.000000 0.000000 -1.000000
    outer loop
      vertex 103.732231 58.267769 21.900002
      vertex 104.111076 58.578674 21.900002
      vertex 104.111076 54.421326 21.900002
    endloop
  endfacet
  facet normal 0.000000 0.000000 -1.000000
    outer loop
      vertex 104.111076 58.578674 21.900002
      vertex 104.543289 58.809700 21.900002
      vertex 104.543289 54.190300 21.900002
    endloop
  endfacet
  facet normal 0.000000 0.000000 -1.000000
    outer loop
      vertex 104.543289 58.809700 21.900002
      vertex 105.012276 58.951965 21.900002
      vertex 105.012276 54.048035 21.900002
    endloop
  endfacet
  facet normal 0.000000 0.000000 -1.000000
    outer loop
      vertex 105.012276 58.951965 21.900002
      vertex 105.500000 59.000000 21.900002
      vertex 105.500000 54.000000 21.900002
    endloop
  endfacet
  facet normal 0.000000 0.000000 -1.000000
    outer loop
      vertex 105.500000 59.000000 21.900002
      vertex 105.987724 58.951965 21.900002
      vertex 105.987724 54.048035 21.900002
    endloop
  endfacet
  facet normal 0.000000 0.000000 -1.000000
    outer loop
      vertex 105.987724 58.951965 21.900002
      vertex 106.456711 58.809700 21.900002
      vertex 106.456711 54.190300 21.900002
    endloop
  endfacet
  facet normal 0.000000 0.000000 -1.000000
    outer loop
      vertex 106.456711 58.809700 21.900002
      vertex 106.888924 58.578674 21.900002
      vertex 106.888924 54.421326 21.900002
    endloop
  endfacet
  facet normal 0.000000 0.000000 -1.000000
    outer loop
      vertex 106.888924 58.578674 21.900002
      vertex 107.267769 58.267769 21.900002
      vertex 107.267769 54.732231 21.900002
    endloop
  endfacet
  facet normal 0.000000 0.000000 -1.000000
    outer loop
      vertex 107.267769 58.267769 21.900002
      vertex 107.578674 57.888924 21.900002
      vertex 107.578674 55.111076 21.900002
    endloop
  endfacet
  facet normal 0.000000 0.000000 -1.000000
    outer loop
      vertex 107.267769 58.267769 21.900002
      vertex 107.578674 55.111076 21.900002
      vertex 107.267769 54.732231 21.900002
    endloop
  endfacet
  facet normal 0.000000 0.000000 -1.000000
    outer loop
      vertex 107.578674 57.888924 21.900002
      vertex 107.809700 57.456707 21.900002
      vertex 107.809700 55.543289 21.900002
    endloop
  endfacet
  facet normal 0.000000 0.000000 -1.000000
    outer loop
      vertex 107.809700 57.456707 21.900002
      vertex 107.951965 56.987724 21.900002
      vertex 107.951965 56.012276 21.900002
    endloop
  endfacet
  facet normal 0.000000 0.000000 -1.000000
    outer loop
      vertex 107.578674 57.888924 21.900002
      vertex 107.809700 55.543289 21.900002
      vertex 107.578674 55.111076 21.900002
    endloop
  endfacet
  facet normal 0.000000 0.000000 -1.000000
    outer loop
      vertex 107.951965 56.987724 21.900002
      vertex 108.000000 56.500000 21.900002
      vertex 107.951965 56.012276 21.900002
    endloop
  endfacet
  facet normal 0.000000 0.000000 -1.000000
    outer loop
      vertex 107.809700 57.456707 21.900002
      vertex 107.951965 56.012276 21.900002
      vertex 107.809700 55.543289 21.900002
    endloop
  endfacet
  facet normal 0.000000 0.000000 -1.000000
    outer loop
      vertex 103.421326 57.888924 21.900002
      vertex 103.732231 54.732231 21.900002
      vertex 103.421326 55.111076 21.900002
    endloop
  endfacet
  facet normal 0.000000 0.000000 -1.000000
    outer loop
      vertex 103.732231 58.267769 21.900002
      vertex 104.111076 54.421326 21.900002
      vertex 103.732231 54.732231 21.900002
    endloop
  endfacet
  facet normal 0.000000 0.000000 -1.000000
    outer loop
      vertex 104.111076 58.578674 21.900002
      vertex 104.543289 54.190300 21.900002
      vertex 104.111076 54.421326 21.900002
    endloop
  endfacet
  facet normal 0.000000 0.000000 -1.000000
    outer loop
      vertex 104.543289 58.809700 21.900002
      vertex 105.012276 54.048035 21.900002
      vertex 104.543289 54.190300 21.900002
    endloop
  endfacet
  facet normal 0.000000 0.000000 -1.000000
    outer loop
      vertex 105.012276 58.951965 21.900002
      vertex 105.500000 54.000000 21.900002
      vertex 105.012276 54.048035 21.900002
    endloop
  endfacet
  facet normal 0.000000 0.000000 -1.000000
    outer loop
      vertex 105.500000 59.000000 21.900002
      vertex 105.987724 54.048035 21.900002
      vertex 105.500000 54.000000 21.900002
    endloop
  endfacet
  facet normal 0.000000 0.000000 -1.000000
    outer loop
      vertex 105.987724 58.951965 21.900002
      vertex 106.456711 54.190300 21.900002
      vertex 105.987724 54.048035 21.900002
    endloop
  endfacet
  facet normal 0.000000 0.000000 -1.000000
    outer loop
      vertex 106.456711 58.809700 21.900002
      vertex 106.888924 54.421326 21.900002
      vertex 106.456711 54.190300 21.900002
    endloop
  endfacet
  facet normal 0.000000 0.000000 -1.000000
    outer loop
      vertex 106.888924 58.578674 21.900002
      vertex 107.267769 54.732231 21.900002
      vertex 106.888924 54.421326 21.900002
    endloop
  endfacet
  facet normal 0.773015 -0.634387 0.000000
    outer loop
      vertex 103.732231 58.267769 21.900002
      vertex 103.421326 57.888924 21.900002
      vertex 103.421326 57.888924 2.000000
    endloop
  endfacet
  facet normal 0.881920 -0.471398 0.000000
    outer loop
      vertex 103.421326 57.888924 21.900002
      vertex 103.190300 57.456707 21.900002
      vertex 103.190300 57.456707 2.000000
    endloop
  endfacet
  facet normal 0.956940 -0.290286 0.000000
    outer loop
      vertex 103.190300 57.456707 21.900002
      vertex 103.048035 56.987724 21.900002
      vertex 103.048035 56.987724 2.000000
    endloop
  endfacet
  facet normal 0.995185 -0.098013 0.000000
    outer loop
      vertex 103.048035 56.987724 21.900002
      vertex 103.000000 56.500000 21.900002
      vertex 103.000000 56.500000 2.000000
    endloop
  endfacet
  facet normal 0.995185 0.098013 0.000000
    outer loop
      vertex 103.000000 56.500000 21.900002
      vertex 103.048035 56.012276 21.900002
      vertex 103.048035 56.012276 2.000000
    endloop
  endfacet
  facet normal 0.471402 -0.881919 0.000000
    outer loop
      vertex 104.111076 58.578674 21.900002
      vertex 104.111076 58.578674 2.000000
      vertex 104.543289 58.809700 21.900002
    endloop
  endfacet
  facet normal 0.634387 -0.773015 0.000000
    outer loop
      vertex 103.732231 58.267769 21.900002
      vertex 103.732231 58.267769 2.000000
      vertex 104.111076 58.578674 21.900002
    endloop
  endfacet
  facet normal 0.290284 -0.956940 0.000000
    outer loop
      vertex 104.543289 58.809700 21.900002
      vertex 104.543289 58.809700 2.000000
      vertex 105.012276 58.951965 21.900002
    endloop
  endfacet
  facet normal 0.098013 -0.995185 0.000000
    outer loop
      vertex 105.012276 58.951965 21.900002
      vertex 105.012276 58.951965 2.000000
      vertex 105.500000 59.000000 21.900002
    endloop
  endfacet
  facet normal -0.098013 -0.995185 0.000000
    outer loop
      vertex 105.500000 59.000000 21.900002
      vertex 105.500000 59.000000 2.000000
      vertex 105.987724 58.951965 21.900002
    endloop
  endfacet
  facet normal -0.290284 -0.956940 0.000000
    outer loop
      vertex 105.987724 58.951965 21.900002
      vertex 105.987724 58.951965 2.000000
      vertex 106.456711 58.809700 21.900002
    endloop
  endfacet
  facet normal -0.471402 -0.881919 0.000000
    outer loop
      vertex 106.456711 58.809700 21.900002
      vertex 106.456711 58.809700 2.000000
      vertex 106.888924 58.578674 21.900002
    endloop
  endfacet
  facet normal -0.634387 -0.773015 0.000000
    outer loop
      vertex 106.888924 58.578674 21.900002
      vertex 106.888924 58.578674 2.000000
      vertex 107.267769 58.267769 21.900002
    endloop
  endfacet
  facet normal -0.773015 -0.634387 0.000000
    outer loop
      vertex 107.267769 58.267769 21.900002
      vertex 107.267769 58.267769 2.000000
      vertex 107.578674 57.888924 21.900002
    endloop
  endfacet
  facet normal -0.881920 -0.471398 0.000000
    outer loop
      vertex 107.578674 57.888924 21.900002
      vertex 107.578674 57.888924 2.000000
      vertex 107.809700 57.456707 21.900002
    endloop
  endfacet
  facet normal -0.956940 -0.290286 0.000000
    outer loop
      vertex 107.809700 57.456707 21.900002
      vertex 107.809700 57.456707 2.000000
      vertex 107.951965 56.987724 21.900002
    endloop
  endfacet
  facet normal -0.995185 -0.098013 0.000000
    outer loop
      vertex 107.951965 56.987724 21.900002
      vertex 107.951965 56.987724 2.000000
      vertex 108.000000 56.500000 21.900002
    endloop
  endfacet
  facet normal -0.995185 0.098013 0.000000
    outer loop
      vertex 108.000000 56.500000 21.900002
      vertex 108.000000 56.500000 2.000000
      vertex 107.951965 56.012276 21.900002
    endloop
  endfacet
  facet normal 0.956940 0.290284 0.000000
    outer loop
      vertex 103.048035 56.012276 21.900002
      vertex 103.190300 55.543289 21.900002
      vertex 103.190300 55.543289 2.000000
    endloop
  endfacet
  facet normal 0.881919 0.471402 0.000000
    outer loop
      vertex 103.190300 55.543289 21.900002
      vertex 103.421326 55.111076 21.900002
      vertex 103.421326 55.111076 2.000000
    endloop
  endfacet
  facet normal 0.773015 0.634387 0.000000
    outer loop
      vertex 103.421326 55.111076 21.900002
      vertex 103.732231 54.732231 21.900002
      vertex 103.732231 54.732231 2.000000
    endloop
  endfacet
  facet normal 0.634387 0.773015 0.000000
    outer loop
      vertex 103.732231 54.732231 21.900002
      vertex 104.111076 54.421326 21.900002
      vertex 104.111076 54.421326 2.000000
    endloop
  endfacet
  facet normal 0.471402 0.881919 0.000000
    outer loop
      vertex 104.111076 54.421326 21.900002
      vertex 104.543289 54.190300 21.900002
      vertex 104.543289 54.190300 2.000000
    endloop
  endfacet
  facet normal 0.290284 0.956940 0.000000
    outer loop
      vertex 104.543289 54.190300 21.900002
      vertex 105.012276 54.048035 21.900002
      vertex 105.012276 54.048035 2.000000
    endloop
  endfacet
  facet normal 0.098013 0.995185 0.000000
    outer loop
      vertex 105.012276 54.048035 21.900002
      vertex 105.500000 54.000000 21.900002
      vertex 105.500000 54.000000 2.000000
    endloop
  endfacet
  facet normal -0.098013 0.995185 0.000000
    outer loop
      vertex 105.987724 54.048035 21.900002
      vertex 105.987724 54.048035 2.000000
      vertex 105.500000 54.000000 21.900002
    endloop
  endfacet
  facet normal -0.290284 0.956940 0.000000
    outer loop
      vertex 105.987724 54.048035 21.900002
      vertex 106.456711 54.190300 21.900002
      vertex 106.456711 54.190300 2.000000
    endloop
  endfacet
  facet normal -0.956940 0.290284 0.000000
    outer loop
      vertex 107.951965 56.012276 21.900002
      vertex 107.951965 56.012276 2.000000
      vertex 107.809700 55.543289 21.900002
    endloop
  endfacet
  facet normal -0.881919 0.471402 0.000000
    outer loop
      vertex 107.809700 55.543289 21.900002
      vertex 107.809700 55.543289 2.000000
      vertex 107.578674 55.111076 21.900002
    endloop
  endfacet
  facet normal -0.634387 0.773015 0.000000
    outer loop
      vertex 107.267769 54.732231 21.900002
      vertex 107.267769 54.732231 2.000000
      vertex 106.888924 54.421326 21.900002
    endloop
  endfacet
  facet normal -0.471402 0.881919 0.000000
    outer loop
      vertex 106.456711 54.190300 21.900002
      vertex 106.888924 54.421326 21.900002
      vertex 106.888924 54.421326 2.000000
    endloop
  endfacet
  facet normal -0.773015 0.634387 0.000000
    outer loop
      vertex 107.578674 55.111076 21.900002
      vertex 107.578674 55.111076 2.000000
      vertex 107.267769 54.732231 21.900002
    endloop
  endfacet
  facet normal 0.773015 -0.634387 0.000000
    outer loop
      vertex 103.732231 58.267769 21.900002
      vertex 103.421326 57.888924 2.000000
      vertex 103.732231 58.267769 2.000000
    endloop
  endfacet
  facet normal 0.881920 -0.471398 0.000000
    outer loop
      vertex 103.421326 57.888924 21.900002
      vertex 103.190300 57.456707 2.000000
      vertex 103.421326 57.888924 2.000000
    endloop
  endfacet
  facet normal 0.956940 -0.290286 0.000000
    outer loop
      vertex 103.190300 57.456707 21.900002
      vertex 103.048035 56.987724 2.000000
      vertex 103.190300 57.456707 2.000000
    endloop
  endfacet
  facet normal 0.995185 -0.098013 0.000000
    outer loop
      vertex 103.048035 56.987724 21.900002
      vertex 103.000000 56.500000 2.000000
      vertex 103.048035 56.987724 2.000000
    endloop
  endfacet
  facet normal 0.995185 0.098013 0.000000
    outer loop
      vertex 103.000000 56.500000 21.900002
      vertex 103.048035 56.012276 2.000000
      vertex 103.000000 56.500000 2.000000
    endloop
  endfacet
  facet normal 0.471402 -0.881919 0.000000
    outer loop
      vertex 104.543289 58.809700 21.900002
      vertex 104.111076 58.578674 2.000000
      vertex 104.543289 58.809700 2.000000
    endloop
  endfacet
  facet normal 0.634387 -0.773015 0.000000
    outer loop
      vertex 104.111076 58.578674 21.900002
      vertex 103.732231 58.267769 2.000000
      vertex 104.111076 58.578674 2.000000
    endloop
  endfacet
  facet normal 0.290284 -0.956940 0.000000
    outer loop
      vertex 105.012276 58.951965 21.900002
      vertex 104.543289 58.809700 2.000000
      vertex 105.012276 58.951965 2.000000
    endloop
  endfacet
  facet normal 0.098013 -0.995185 0.000000
    outer loop
      vertex 105.500000 59.000000 21.900002
      vertex 105.012276 58.951965 2.000000
      vertex 105.500000 59.000000 2.000000
    endloop
  endfacet
  facet normal -0.098013 -0.995185 0.000000
    outer loop
      vertex 105.987724 58.951965 21.900002
      vertex 105.500000 59.000000 2.000000
      vertex 105.987724 58.951965 2.000000
    endloop
  endfacet
  facet normal -0.290284 -0.956940 0.000000
    outer loop
      vertex 106.456711 58.809700 21.900002
      vertex 105.987724 58.951965 2.000000
      vertex 106.456711 58.809700 2.000000
    endloop
  endfacet
  facet normal -0.471402 -0.881919 0.000000
    outer loop
      vertex 106.888924 58.578674 21.900002
      vertex 106.456711 58.809700 2.000000
      vertex 106.888924 58.578674 2.000000
    endloop
  endfacet
  facet normal -0.634387 -0.773015 0.000000
    outer loop
      vertex 107.267769 58.267769 21.900002
      vertex 106.888924 58.578674 2.000000
      vertex 107.267769 58.267769 2.000000
    endloop
  endfacet
  facet normal -0.773015 -0.634387 0.000000
    outer loop
      vertex 107.578674 57.888924 21.900002
      vertex 107.267769 58.267769 2.000000
      vertex 107.578674 57.888924 2.000000
    endloop
  endfacet
  facet normal -0.881920 -0.471398 0.000000
    outer loop
      vertex 107.809700 57.456707 21.900002
      vertex 107.578674 57.888924 2.000000
      vertex 107.809700 57.456707 2.000000
    endloop
  endfacet
  facet normal -0.956940 -0.290286 0.000000
    outer loop
      vertex 107.951965 56.987724 21.900002
      vertex 107.809700 57.456707 2.000000
      vertex 107.951965 56.987724 2.000000
    endloop
  endfacet
  facet normal -0.995185 -0.098013 0.000000
    outer loop
      vertex 108.000000 56.500000 21.900002
      vertex 107.951965 56.987724 2.000000
      vertex 108.000000 56.500000 2.000000
    endloop
  endfacet
  facet normal -0.995185 0.098013 0.000000
    outer loop
      vertex 107.951965 56.012276 21.900002
      vertex 108.000000 56.500000 2.000000
      vertex 107.951965 56.012276 2.000000
    endloop
  endfacet
  facet normal 0.956940 0.290284 0.000000
    outer loop
      vertex 103.048035 56.012276 21.900002
      vertex 103.190300 55.543289 2.000000
      vertex 103.048035 56.012276 2.000000
    endloop
  endfacet
  facet normal 0.881919 0.471402 0.000000
    outer loop
      vertex 103.190300 55.543289 21.900002
      vertex 103.421326 55.111076 2.000000
      vertex 103.190300 55.543289 2.000000
    endloop
  endfacet
  facet normal 0.773015 0.634387 0.000000
    outer loop
      vertex 103.421326 55.111076 21.900002
      vertex 103.732231 54.732231 2.000000
      vertex 103.421326 55.111076 2.000000
    endloop
  endfacet
  facet normal 0.634387 0.773015 0.000000
    outer loop
      vertex 103.732231 54.732231 21.900002
      vertex 104.111076 54.421326 2.000000
      vertex 103.732231 54.732231 2.000000
    endloop
  endfacet
  facet normal 0.471402 0.881919 0.000000
    outer loop
      vertex 104.111076 54.421326 21.900002
      vertex 104.543289 54.190300 2.000000
      vertex 104.111076 54.421326 2.000000
    endloop
  endfacet
  facet normal 0.290284 0.956940 0.000000
    outer loop
      vertex 104.543289 54.190300 21.900002
      vertex 105.012276 54.048035 2.000000
      vertex 104.543289 54.190300 2.000000
    endloop
  endfacet
  facet normal 0.098013 0.995185 0.000000
    outer loop
      vertex 105.012276 54.048035 21.900002
      vertex 105.500000 54.000000 2.000000
      vertex 105.012276 54.048035 2.000000
    endloop
  endfacet
  facet normal -0.098013 0.995185 0.000000
    outer loop
      vertex 105.500000 54.000000 21.900002
      vertex 105.987724 54.048035 2.000000
      vertex 105.500000 54.000000 2.000000
    endloop
  endfacet
  facet normal -0.290284 0.956940 0.000000
    outer loop
      vertex 105.987724 54.048035 21.900002
      vertex 106.456711 54.190300 2.000000
      vertex 105.987724 54.048035 2.000000
    endloop
  endfacet
  facet normal -0.471402 0.881919 0.000000
    outer loop
      vertex 106.456711 54.190300 21.900002
      vertex 106.888924 54.421326 2.000000
      vertex 106.456711 54.190300 2.000000
    endloop
  endfacet
  facet normal -0.956940 0.290284 0.000000
    outer loop
      vertex 107.809700 55.543289 21.900002
      vertex 107.951965 56.012276 2.000000
      vertex 107.809700 55.543289 2.000000
    endloop
  endfacet
  facet normal -0.881919 0.471402 0.000000
    outer loop
      vertex 107.578674 55.111076 21.900002
      vertex 107.809700 55.543289 2.000000
      vertex 107.578674 55.111076 2.000000
    endloop
  endfacet
  facet normal -0.634387 0.773015 0.000000
    outer loop
      vertex 106.888924 54.421326 21.900002
      vertex 107.267769 54.732231 2.000000
      vertex 106.888924 54.421326 2.000000
    endloop
  endfacet
  facet normal -0.773015 0.634387 0.000000
    outer loop
      vertex 107.267769 54.732231 21.900002
      vertex 107.578674 55.111076 2.000000
      vertex 107.267769 54.732231 2.000000
    endloop
  endfacet
  facet normal 0.000000 0.000000 -1.000000
    outer loop
      vertex 103.732231 9.267769 21.900002
      vertex 104.111076 9.578674 21.900002
      vertex 104.111076 5.421326 21.900002
    endloop
  endfacet
  facet normal 0.000000 0.000000 -1.000000
    outer loop
      vertex 104.111076 9.578674 21.900002
      vertex 104.543289 9.809700 21.900002
      vertex 104.543289 5.190300 21.900002
    endloop
  endfacet
  facet normal 0.000000 0.000000 -1.000000
    outer loop
      vertex 104.543289 9.809700 21.900002
      vertex 105.012276 9.951962 21.900002
      vertex 105.012276 5.048038 21.900002
    endloop
  endfacet
  facet normal 0.000000 0.000000 -1.000000
    outer loop
      vertex 105.012276 9.951962 21.900002
      vertex 105.500000 10.000000 21.900002
      vertex 105.500000 5.000000 21.900002
    endloop
  endfacet
  facet normal 0.000000 0.000000 -1.000000
    outer loop
      vertex 105.500000 10.000000 21.900002
      vertex 105.987724 9.951962 21.900002
      vertex 105.987724 5.048038 21.900002
    endloop
  endfacet
  facet normal 0.000000 0.000000 -1.000000
    outer loop
      vertex 105.987724 9.951962 21.900002
      vertex 106.456711 9.809700 21.900002
      vertex 106.456711 5.190300 21.900002
    endloop
  endfacet
  facet normal 0.000000 0.000000 -1.000000
    outer loop
      vertex 106.456711 9.809700 21.900002
      vertex 106.888924 9.578674 21.900002
      vertex 106.888924 5.421326 21.900002
    endloop
  endfacet
  facet normal 0.000000 0.000000 -1.000000
    outer loop
      vertex 106.888924 9.578674 21.900002
      vertex 107.267769 9.267769 21.900002
      vertex 107.267769 5.732231 21.900002
    endloop
  endfacet
  facet normal 0.000000 0.000000 -1.000000
    outer loop
      vertex 107.267769 9.267769 21.900002
      vertex 107.578674 8.888927 21.900002
      vertex 107.578674 6.111073 21.900002
    endloop
  endfacet
  facet normal 0.000000 0.000000 -1.000000
    outer loop
      vertex 103.048035 7.987724 21.900002
      vertex 103.048035 7.012276 21.900002
      vertex 103.000000 7.500000 21.900002
    endloop
  endfacet
  facet normal 0.000000 0.000000 -1.000000
    outer loop
      vertex 103.421326 8.888927 21.900002
      vertex 103.421326 6.111073 21.900002
      vertex 103.190300 8.456707 21.900002
    endloop
  endfacet
  facet normal 0.000000 0.000000 -1.000000
    outer loop
      vertex 103.190300 8.456707 21.900002
      vertex 103.190300 6.543293 21.900002
      vertex 103.048035 7.987724 21.900002
    endloop
  endfacet
  facet normal 0.000000 0.000000 -1.000000
    outer loop
      vertex 103.732231 9.267769 21.900002
      vertex 103.732231 5.732231 21.900002
      vertex 103.421326 8.888927 21.900002
    endloop
  endfacet
  facet normal 0.000000 0.000000 -1.000000
    outer loop
      vertex 103.048035 7.987724 21.900002
      vertex 103.190300 6.543293 21.900002
      vertex 103.048035 7.012276 21.900002
    endloop
  endfacet
  facet normal 0.000000 0.000000 -1.000000
    outer loop
      vertex 103.190300 8.456707 21.900002
      vertex 103.421326 6.111073 21.900002
      vertex 103.190300 6.543293 21.900002
    endloop
  endfacet
  facet normal 0.000000 0.000000 -1.000000
    outer loop
      vertex 103.421326 8.888927 21.900002
      vertex 103.732231 5.732231 21.900002
      vertex 103.421326 6.111073 21.900002
    endloop
  endfacet
  facet normal 0.000000 0.000000 -1.000000
    outer loop
      vertex 103.732231 9.267769 21.900002
      vertex 104.111076 5.421326 21.900002
      vertex 103.732231 5.732231 21.900002
    endloop
  endfacet
  facet normal 0.000000 0.000000 -1.000000
    outer loop
      vertex 104.111076 9.578674 21.900002
      vertex 104.543289 5.190300 21.900002
      vertex 104.111076 5.421326 21.900002
    endloop
  endfacet
  facet normal 0.000000 0.000000 -1.000000
    outer loop
      vertex 104.543289 9.809700 21.900002
      vertex 105.012276 5.048038 21.900002
      vertex 104.543289 5.190300 21.900002
    endloop
  endfacet
  facet normal 0.000000 0.000000 -1.000000
    outer loop
      vertex 105.012276 9.951962 21.900002
      vertex 105.500000 5.000000 21.900002
      vertex 105.012276 5.048038 21.900002
    endloop
  endfacet
  facet normal 0.000000 0.000000 -1.000000
    outer loop
      vertex 105.500000 10.000000 21.900002
      vertex 105.987724 5.048038 21.900002
      vertex 105.500000 5.000000 21.900002
    endloop
  endfacet
  facet normal 0.000000 0.000000 -1.000000
    outer loop
      vertex 105.987724 9.951962 21.900002
      vertex 106.456711 5.190300 21.900002
      vertex 105.987724 5.048038 21.900002
    endloop
  endfacet
  facet normal 0.000000 0.000000 -1.000000
    outer loop
      vertex 106.456711 9.809700 21.900002
      vertex 106.888924 5.421326 21.900002
      vertex 106.456711 5.190300 21.900002
    endloop
  endfacet
  facet normal 0.000000 0.000000 -1.000000
    outer loop
      vertex 107.267769 9.267769 21.900002
      vertex 107.578674 6.111073 21.900002
      vertex 107.267769 5.732231 21.900002
    endloop
  endfacet
  facet normal 0.000000 0.000000 -1.000000
    outer loop
      vertex 107.578674 8.888927 21.900002
      vertex 107.809700 8.456707 21.900002
      vertex 107.809700 6.543293 21.900002
    endloop
  endfacet
  facet normal 0.000000 0.000000 -1.000000
    outer loop
      vertex 107.809700 8.456707 21.900002
      vertex 107.951965 7.987724 21.900002
      vertex 107.951965 7.012276 21.900002
    endloop
  endfacet
  facet normal 0.000000 0.000000 -1.000000
    outer loop
      vertex 107.578674 8.888927 21.900002
      vertex 107.809700 6.543293 21.900002
      vertex 107.578674 6.111073 21.900002
    endloop
  endfacet
  facet normal 0.000000 0.000000 -1.000000
    outer loop
      vertex 107.951965 7.987724 21.900002
      vertex 108.000000 7.500000 21.900002
      vertex 107.951965 7.012276 21.900002
    endloop
  endfacet
  facet normal 0.000000 0.000000 -1.000000
    outer loop
      vertex 107.809700 8.456707 21.900002
      vertex 107.951965 7.012276 21.900002
      vertex 107.809700 6.543293 21.900002
    endloop
  endfacet
  facet normal 0.000000 0.000000 -1.000000
    outer loop
      vertex 106.888924 9.578674 21.900002
      vertex 107.267769 5.732231 21.900002
      vertex 106.888924 5.421326 21.900002
    endloop
  endfacet
  facet normal 0.773012 -0.634391 0.000000
    outer loop
      vertex 103.732231 9.267769 21.900002
      vertex 103.421326 8.888927 21.900002
      vertex 103.421326 8.888927 2.000000
    endloop
  endfacet
  facet normal 0.881922 -0.471395 0.000000
    outer loop
      vertex 103.421326 8.888927 21.900002
      vertex 103.190300 8.456707 21.900002
      vertex 103.190300 8.456707 2.000000
    endloop
  endfacet
  facet normal 0.956940 -0.290286 0.000000
    outer loop
      vertex 103.190300 8.456707 21.900002
      vertex 103.048035 7.987724 21.900002
      vertex 103.048035 7.987724 2.000000
    endloop
  endfacet
  facet normal 0.471402 -0.881919 0.000000
    outer loop
      vertex 104.111076 9.578674 21.900002
      vertex 104.111076 9.578674 2.000000
      vertex 104.543289 9.809700 21.900002
    endloop
  endfacet
  facet normal 0.634387 -0.773015 0.000000
    outer loop
      vertex 103.732231 9.267769 21.900002
      vertex 103.732231 9.267769 2.000000
      vertex 104.111076 9.578674 21.900002
    endloop
  endfacet
  facet normal 0.290277 -0.956943 0.000000
    outer loop
      vertex 104.543289 9.809700 21.900002
      vertex 104.543289 9.809700 2.000000
      vertex 105.012276 9.951962 21.900002
    endloop
  endfacet
  facet normal 0.098021 -0.995184 0.000000
    outer loop
      vertex 105.012276 9.951962 21.900002
      vertex 105.012276 9.951962 2.000000
      vertex 105.500000 10.000000 21.900002
    endloop
  endfacet
  facet normal -0.098021 -0.995184 0.000000
    outer loop
      vertex 105.500000 10.000000 21.900002
      vertex 105.500000 10.000000 2.000000
      vertex 105.987724 9.951962 21.900002
    endloop
  endfacet
  facet normal -0.290277 -0.956943 0.000000
    outer loop
      vertex 105.987724 9.951962 21.900002
      vertex 105.987724 9.951962 2.000000
      vertex 106.456711 9.809700 21.900002
    endloop
  endfacet
  facet normal -0.471402 -0.881919 0.000000
    outer loop
      vertex 106.456711 9.809700 21.900002
      vertex 106.456711 9.809700 2.000000
      vertex 106.888924 9.578674 21.900002
    endloop
  endfacet
  facet normal -0.634387 -0.773015 0.000000
    outer loop
      vertex 106.888924 9.578674 21.900002
      vertex 106.888924 9.578674 2.000000
      vertex 107.267769 9.267769 21.900002
    endloop
  endfacet
  facet normal -0.773012 -0.634391 0.000000
    outer loop
      vertex 107.267769 9.267769 21.900002
      vertex 107.267769 9.267769 2.000000
      vertex 107.578674 8.888927 21.900002
    endloop
  endfacet
  facet normal -0.881922 -0.471395 0.000000
    outer loop
      vertex 107.578674 8.888927 21.900002
      vertex 107.578674 8.888927 2.000000
      vertex 107.809700 8.456707 21.900002
    endloop
  endfacet
  facet normal -0.956940 -0.290286 0.000000
    outer loop
      vertex 107.809700 8.456707 21.900002
      vertex 107.809700 8.456707 2.000000
      vertex 107.951965 7.987724 21.900002
    endloop
  endfacet
  facet normal 0.995185 -0.098013 0.000000
    outer loop
      vertex 103.048035 7.987724 21.900002
      vertex 103.000000 7.500000 21.900002
      vertex 103.000000 7.500000 2.000000
    endloop
  endfacet
  facet normal 0.995185 0.098013 0.000000
    outer loop
      vertex 103.000000 7.500000 21.900002
      vertex 103.048035 7.012276 21.900002
      vertex 103.048035 7.012276 2.000000
    endloop
  endfacet
  facet normal 0.956940 0.290286 0.000000
    outer loop
      vertex 103.048035 7.012276 21.900002
      vertex 103.190300 6.543293 21.900002
      vertex 103.190300 6.543293 2.000000
    endloop
  endfacet
  facet normal 0.881922 0.471395 0.000000
    outer loop
      vertex 103.190300 6.543293 21.900002
      vertex 103.421326 6.111073 21.900002
      vertex 103.421326 6.111073 2.000000
    endloop
  endfacet
  facet normal 0.773012 0.634391 0.000000
    outer loop
      vertex 103.421326 6.111073 21.900002
      vertex 103.732231 5.732231 21.900002
      vertex 103.732231 5.732231 2.000000
    endloop
  endfacet
  facet normal 0.634387 0.773015 0.000000
    outer loop
      vertex 103.732231 5.732231 21.900002
      vertex 104.111076 5.421326 21.900002
      vertex 104.111076 5.421326 2.000000
    endloop
  endfacet
  facet normal 0.471402 0.881919 0.000000
    outer loop
      vertex 104.111076 5.421326 21.900002
      vertex 104.543289 5.190300 21.900002
      vertex 104.543289 5.190300 2.000000
    endloop
  endfacet
  facet normal 0.290277 0.956943 0.000000
    outer loop
      vertex 104.543289 5.190300 21.900002
      vertex 105.012276 5.048038 21.900002
      vertex 105.012276 5.048038 2.000000
    endloop
  endfacet
  facet normal 0.098021 0.995184 0.000000
    outer loop
      vertex 105.012276 5.048038 21.900002
      vertex 105.500000 5.000000 21.900002
      vertex 105.500000 5.000000 2.000000
    endloop
  endfacet
  facet normal -0.098021 0.995184 0.000000
    outer loop
      vertex 105.987724 5.048038 21.900002
      vertex 105.987724 5.048038 2.000000
      vertex 105.500000 5.000000 21.900002
    endloop
  endfacet
  facet normal -0.290277 0.956943 0.000000
    outer loop
      vertex 105.987724 5.048038 21.900002
      vertex 106.456711 5.190300 21.900002
      vertex 106.456711 5.190300 2.000000
    endloop
  endfacet
  facet normal -0.995185 -0.098013 0.000000
    outer loop
      vertex 107.951965 7.987724 21.900002
      vertex 107.951965 7.987724 2.000000
      vertex 108.000000 7.500000 21.900002
    endloop
  endfacet
  facet normal -0.995185 0.098013 0.000000
    outer loop
      vertex 108.000000 7.500000 21.900002
      vertex 108.000000 7.500000 2.000000
      vertex 107.951965 7.012276 21.900002
    endloop
  endfacet
  facet normal -0.956940 0.290286 0.000000
    outer loop
      vertex 107.951965 7.012276 21.900002
      vertex 107.951965 7.012276 2.000000
      vertex 107.809700 6.543293 21.900002
    endloop
  endfacet
  facet normal -0.881922 0.471395 0.000000
    outer loop
      vertex 107.809700 6.543293 21.900002
      vertex 107.809700 6.543293 2.000000
      vertex 107.578674 6.111073 21.900002
    endloop
  endfacet
  facet normal -0.634387 0.773015 0.000000
    outer loop
      vertex 107.267769 5.732231 21.900002
      vertex 107.267769 5.732231 2.000000
      vertex 106.888924 5.421326 21.900002
    endloop
  endfacet
  facet normal -0.471402 0.881919 0.000000
    outer loop
      vertex 106.456711 5.190300 21.900002
      vertex 106.888924 5.421326 21.900002
      vertex 106.888924 5.421326 2.000000
    endloop
  endfacet
  facet normal -0.773012 0.634391 0.000000
    outer loop
      vertex 107.578674 6.111073 21.900002
      vertex 107.578674 6.111073 2.000000
      vertex 107.267769 5.732231 21.900002
    endloop
  endfacet
  facet normal 0.773012 -0.634391 0.000000
    outer loop
      vertex 103.732231 9.267769 21.900002
      vertex 103.421326 8.888927 2.000000
      vertex 103.732231 9.267769 2.000000
    endloop
  endfacet
  facet normal 0.881922 -0.471395 0.000000
    outer loop
      vertex 103.421326 8.888927 21.900002
      vertex 103.190300 8.456707 2.000000
      vertex 103.421326 8.888927 2.000000
    endloop
  endfacet
  facet normal 0.956940 -0.290286 0.000000
    outer loop
      vertex 103.190300 8.456707 21.900002
      vertex 103.048035 7.987724 2.000000
      vertex 103.190300 8.456707 2.000000
    endloop
  endfacet
  facet normal 0.471402 -0.881919 0.000000
    outer loop
      vertex 104.543289 9.809700 21.900002
      vertex 104.111076 9.578674 2.000000
      vertex 104.543289 9.809700 2.000000
    endloop
  endfacet
  facet normal 0.634387 -0.773015 0.000000
    outer loop
      vertex 104.111076 9.578674 21.900002
      vertex 103.732231 9.267769 2.000000
      vertex 104.111076 9.578674 2.000000
    endloop
  endfacet
  facet normal 0.290277 -0.956943 0.000000
    outer loop
      vertex 105.012276 9.951962 21.900002
      vertex 104.543289 9.809700 2.000000
      vertex 105.012276 9.951962 2.000000
    endloop
  endfacet
  facet normal 0.098021 -0.995184 0.000000
    outer loop
      vertex 105.500000 10.000000 21.900002
      vertex 105.012276 9.951962 2.000000
      vertex 105.500000 10.000000 2.000000
    endloop
  endfacet
  facet normal -0.098021 -0.995184 0.000000
    outer loop
      vertex 105.987724 9.951962 21.900002
      vertex 105.500000 10.000000 2.000000
      vertex 105.987724 9.951962 2.000000
    endloop
  endfacet
  facet normal -0.290277 -0.956943 0.000000
    outer loop
      vertex 106.456711 9.809700 21.900002
      vertex 105.987724 9.951962 2.000000
      vertex 106.456711 9.809700 2.000000
    endloop
  endfacet
  facet normal -0.471402 -0.881919 0.000000
    outer loop
      vertex 106.888924 9.578674 21.900002
      vertex 106.456711 9.809700 2.000000
      vertex 106.888924 9.578674 2.000000
    endloop
  endfacet
  facet normal -0.634387 -0.773015 0.000000
    outer loop
      vertex 107.267769 9.267769 21.900002
      vertex 106.888924 9.578674 2.000000
      vertex 107.267769 9.267769 2.000000
    endloop
  endfacet
  facet normal -0.773012 -0.634391 0.000000
    outer loop
      vertex 107.578674 8.888927 21.900002
      vertex 107.267769 9.267769 2.000000
      vertex 107.578674 8.888927 2.000000
    endloop
  endfacet
  facet normal -0.881922 -0.471395 0.000000
    outer loop
      vertex 107.809700 8.456707 21.900002
      vertex 107.578674 8.888927 2.000000
      vertex 107.809700 8.456707 2.000000
    endloop
  endfacet
  facet normal -0.956940 -0.290286 0.000000
    outer loop
      vertex 107.951965 7.987724 21.900002
      vertex 107.809700 8.456707 2.000000
      vertex 107.951965 7.987724 2.000000
    endloop
  endfacet
  facet normal 0.995185 -0.098013 0.000000
    outer loop
      vertex 103.048035 7.987724 21.900002
      vertex 103.000000 7.500000 2.000000
      vertex 103.048035 7.987724 2.000000
    endloop
  endfacet
  facet normal 0.995185 0.098013 0.000000
    outer loop
      vertex 103.000000 7.500000 21.900002
      vertex 103.048035 7.012276 2.000000
      vertex 103.000000 7.500000 2.000000
    endloop
  endfacet
  facet normal 0.956940 0.290286 0.000000
    outer loop
      vertex 103.048035 7.012276 21.900002
      vertex 103.190300 6.543293 2.000000
      vertex 103.048035 7.012276 2.000000
    endloop
  endfacet
  facet normal 0.881922 0.471395 0.000000
    outer loop
      vertex 103.190300 6.543293 21.900002
      vertex 103.421326 6.111073 2.000000
      vertex 103.190300 6.543293 2.000000
    endloop
  endfacet
  facet normal 0.773012 0.634391 0.000000
    outer loop
      vertex 103.421326 6.111073 21.900002
      vertex 103.732231 5.732231 2.000000
      vertex 103.421326 6.111073 2.000000
    endloop
  endfacet
  facet normal 0.634387 0.773015 0.000000
    outer loop
      vertex 103.732231 5.732231 21.900002
      vertex 104.111076 5.421326 2.000000
      vertex 103.732231 5.732231 2.000000
    endloop
  endfacet
  facet normal 0.471402 0.881919 0.000000
    outer loop
      vertex 104.111076 5.421326 21.900002
      vertex 104.543289 5.190300 2.000000
      vertex 104.111076 5.421326 2.000000
    endloop
  endfacet
  facet normal 0.290277 0.956943 0.000000
    outer loop
      vertex 104.543289 5.190300 21.900002
      vertex 105.012276 5.048038 2.000000
      vertex 104.543289 5.190300 2.000000
    endloop
  endfacet
  facet normal 0.098021 0.995184 0.000000
    outer loop
      vertex 105.012276 5.048038 21.900002
      vertex 105.500000 5.000000 2.000000
      vertex 105.012276 5.048038 2.000000
    endloop
  endfacet
  facet normal -0.098021 0.995184 0.000000
    outer loop
      vertex 105.500000 5.000000 21.900002
      vertex 105.987724 5.048038 2.000000
      vertex 105.500000 5.000000 2.000000
    endloop
  endfacet
  facet normal -0.290277 0.956943 0.000000
    outer loop
      vertex 105.987724 5.048038 21.900002
      vertex 106.456711 5.190300 2.000000
      vertex 105.987724 5.048038 2.000000
    endloop
  endfacet
  facet normal -0.471402 0.881919 0.000000
    outer loop
      vertex 106.456711 5.190300 21.900002
      vertex 106.888924 5.421326 2.000000
      vertex 106.456711 5.190300 2.000000
    endloop
  endfacet
  facet normal -0.995185 -0.098013 0.000000
    outer loop
      vertex 108.000000 7.500000 21.900002
      vertex 107.951965 7.987724 2.000000
      vertex 108.000000 7.500000 2.000000
    endloop
  endfacet
  facet normal -0.995185 0.098013 0.000000
    outer loop
      vertex 107.951965 7.012276 21.900002
      vertex 108.000000 7.500000 2.000000
      vertex 107.951965 7.012276 2.000000
    endloop
  endfacet
  facet normal -0.956940 0.290286 0.000000
    outer loop
      vertex 107.809700 6.543293 21.900002
      vertex 107.951965 7.012276 2.000000
      vertex 107.809700 6.543293 2.000000
    endloop
  endfacet
  facet normal -0.881922 0.471395 0.000000
    outer loop
      vertex 107.578674 6.111073 21.900002
      vertex 107.809700 6.543293 2.000000
      vertex 107.578674 6.111073 2.000000
    endloop
  endfacet
  facet normal -0.634387 0.773015 0.000000
    outer loop
      vertex 106.888924 5.421326 21.900002
      vertex 107.267769 5.732231 2.000000
      vertex 106.888924 5.421326 2.000000
    endloop
  endfacet
  facet normal -0.773012 0.634391 0.000000
    outer loop
      vertex 107.267769 5.732231 21.900002
      vertex 107.578674 6.111073 2.000000
      vertex 107.267769 5.732231 2.000000
    endloop
  endfacet
  facet normal 0.000000 0.000000 -1.000000
    outer loop
      vertex 161.190308 57.456707 21.900002
      vertex 161.190308 55.543289 21.900002
      vertex 161.048035 56.987724 21.900002
    endloop
  endfacet
  facet normal 0.000000 0.000000 -1.000000
    outer loop
      vertex 161.048035 56.987724 21.900002
      vertex 161.048035 56.012276 21.900002
      vertex 161.000000 56.500000 21.900002
    endloop
  endfacet
  facet normal 0.000000 0.000000 -1.000000
    outer loop
      vertex 161.048035 56.987724 21.900002
      vertex 161.190308 55.543289 21.900002
      vertex 161.048035 56.012276 21.900002
    endloop
  endfacet
  facet normal 0.000000 0.000000 -1.000000
    outer loop
      vertex 161.190308 57.456707 21.900002
      vertex 161.421326 57.888924 21.900002
      vertex 161.421326 55.111076 21.900002
    endloop
  endfacet
  facet normal 0.000000 0.000000 -1.000000
    outer loop
      vertex 161.732239 58.267769 21.900002
      vertex 161.732239 54.732231 21.900002
      vertex 161.421326 57.888924 21.900002
    endloop
  endfacet
  facet normal 0.000000 0.000000 -1.000000
    outer loop
      vertex 161.190308 57.456707 21.900002
      vertex 161.421326 55.111076 21.900002
      vertex 161.190308 55.543289 21.900002
    endloop
  endfacet
  facet normal 0.000000 0.000000 -1.000000
    outer loop
      vertex 161.732239 58.267769 21.900002
      vertex 162.111084 58.578674 21.900002
      vertex 162.111084 54.421326 21.900002
    endloop
  endfacet
  facet normal 0.000000 0.000000 -1.000000
    outer loop
      vertex 162.111084 58.578674 21.900002
      vertex 162.543289 58.809700 21.900002
      vertex 162.543289 54.190300 21.900002
    endloop
  endfacet
  facet normal 0.000000 0.000000 -1.000000
    outer loop
      vertex 162.543289 58.809700 21.900002
      vertex 163.012268 58.951965 21.900002
      vertex 163.012268 54.048035 21.900002
    endloop
  endfacet
  facet normal 0.000000 0.000000 -1.000000
    outer loop
      vertex 163.012268 58.951965 21.900002
      vertex 163.500000 59.000000 21.900002
      vertex 163.500000 54.000000 21.900002
    endloop
  endfacet
  facet normal 0.000000 0.000000 -1.000000
    outer loop
      vertex 163.500000 59.000000 21.900002
      vertex 163.987732 58.951965 21.900002
      vertex 163.987732 54.048035 21.900002
    endloop
  endfacet
  facet normal 0.000000 0.000000 -1.000000
    outer loop
      vertex 163.987732 58.951965 21.900002
      vertex 164.456711 58.809700 21.900002
      vertex 164.456711 54.190300 21.900002
    endloop
  endfacet
  facet normal 0.000000 0.000000 -1.000000
    outer loop
      vertex 164.456711 58.809700 21.900002
      vertex 164.888916 58.578674 21.900002
      vertex 164.888916 54.421326 21.900002
    endloop
  endfacet
  facet normal 0.000000 0.000000 -1.000000
    outer loop
      vertex 164.888916 58.578674 21.900002
      vertex 165.267761 58.267769 21.900002
      vertex 165.267761 54.732231 21.900002
    endloop
  endfacet
  facet normal 0.000000 0.000000 -1.000000
    outer loop
      vertex 165.267761 58.267769 21.900002
      vertex 165.578674 57.888924 21.900002
      vertex 165.578674 55.111076 21.900002
    endloop
  endfacet
  facet normal 0.000000 0.000000 -1.000000
    outer loop
      vertex 165.267761 58.267769 21.900002
      vertex 165.578674 55.111076 21.900002
      vertex 165.267761 54.732231 21.900002
    endloop
  endfacet
  facet normal 0.000000 0.000000 -1.000000
    outer loop
      vertex 165.578674 57.888924 21.900002
      vertex 165.809692 57.456707 21.900002
      vertex 165.809692 55.543289 21.900002
    endloop
  endfacet
  facet normal 0.000000 0.000000 -1.000000
    outer loop
      vertex 165.809692 57.456707 21.900002
      vertex 165.951965 56.987724 21.900002
      vertex 165.951965 56.012276 21.900002
    endloop
  endfacet
  facet normal 0.000000 0.000000 -1.000000
    outer loop
      vertex 165.809692 57.456707 21.900002
      vertex 165.951965 56.012276 21.900002
      vertex 165.809692 55.543289 21.900002
    endloop
  endfacet
  facet normal 0.000000 0.000000 -1.000000
    outer loop
      vertex 165.578674 57.888924 21.900002
      vertex 165.809692 55.543289 21.900002
      vertex 165.578674 55.111076 21.900002
    endloop
  endfacet
  facet normal 0.000000 0.000000 -1.000000
    outer loop
      vertex 165.951965 56.987724 21.900002
      vertex 166.000000 56.500000 21.900002
      vertex 165.951965 56.012276 21.900002
    endloop
  endfacet
  facet normal 0.000000 0.000000 -1.000000
    outer loop
      vertex 161.421326 57.888924 21.900002
      vertex 161.732239 54.732231 21.900002
      vertex 161.421326 55.111076 21.900002
    endloop
  endfacet
  facet normal 0.000000 0.000000 -1.000000
    outer loop
      vertex 161.732239 58.267769 21.900002
      vertex 162.111084 54.421326 21.900002
      vertex 161.732239 54.732231 21.900002
    endloop
  endfacet
  facet normal 0.000000 0.000000 -1.000000
    outer loop
      vertex 162.111084 58.578674 21.900002
      vertex 162.543289 54.190300 21.900002
      vertex 162.111084 54.421326 21.900002
    endloop
  endfacet
  facet normal 0.000000 0.000000 -1.000000
    outer loop
      vertex 162.543289 58.809700 21.900002
      vertex 163.012268 54.048035 21.900002
      vertex 162.543289 54.190300 21.900002
    endloop
  endfacet
  facet normal 0.000000 0.000000 -1.000000
    outer loop
      vertex 163.012268 58.951965 21.900002
      vertex 163.500000 54.000000 21.900002
      vertex 163.012268 54.048035 21.900002
    endloop
  endfacet
  facet normal 0.000000 0.000000 -1.000000
    outer loop
      vertex 163.500000 59.000000 21.900002
      vertex 163.987732 54.048035 21.900002
      vertex 163.500000 54.000000 21.900002
    endloop
  endfacet
  facet normal 0.000000 0.000000 -1.000000
    outer loop
      vertex 163.987732 58.951965 21.900002
      vertex 164.456711 54.190300 21.900002
      vertex 163.987732 54.048035 21.900002
    endloop
  endfacet
  facet normal 0.000000 0.000000 -1.000000
    outer loop
      vertex 164.456711 58.809700 21.900002
      vertex 164.888916 54.421326 21.900002
      vertex 164.456711 54.190300 21.900002
    endloop
  endfacet
  facet normal 0.000000 0.000000 -1.000000
    outer loop
      vertex 164.888916 58.578674 21.900002
      vertex 165.267761 54.732231 21.900002
      vertex 164.888916 54.421326 21.900002
    endloop
  endfacet
  facet normal 0.773008 -0.634397 0.000000
    outer loop
      vertex 161.732239 58.267769 21.900002
      vertex 161.421326 57.888924 21.900002
      vertex 161.421326 57.888924 2.000000
    endloop
  endfacet
  facet normal 0.634387 -0.773015 0.000000
    outer loop
      vertex 161.732239 58.267769 21.900002
      vertex 161.732239 58.267769 2.000000
      vertex 162.111084 58.578674 21.900002
    endloop
  endfacet
  facet normal 0.956935 -0.290301 0.000000
    outer loop
      vertex 161.190308 57.456707 21.900002
      vertex 161.048035 56.987724 21.900002
      vertex 161.048035 56.987724 2.000000
    endloop
  endfacet
  facet normal 0.881927 -0.471386 0.000000
    outer loop
      vertex 161.190308 57.456707 21.900002
      vertex 161.190308 57.456707 2.000000
      vertex 161.421326 57.888924 21.900002
    endloop
  endfacet
  facet normal 0.995185 -0.098013 0.000000
    outer loop
      vertex 161.048035 56.987724 21.900002
      vertex 161.000000 56.500000 21.900002
      vertex 161.000000 56.500000 2.000000
    endloop
  endfacet
  facet normal 0.995185 0.098013 0.000000
    outer loop
      vertex 161.000000 56.500000 21.900002
      vertex 161.048035 56.012276 21.900002
      vertex 161.048035 56.012276 2.000000
    endloop
  endfacet
  facet normal 0.471408 -0.881915 0.000000
    outer loop
      vertex 162.111084 58.578674 21.900002
      vertex 162.111084 58.578674 2.000000
      vertex 162.543289 58.809700 21.900002
    endloop
  endfacet
  facet normal 0.290289 -0.956939 0.000000
    outer loop
      vertex 162.543289 58.809700 21.900002
      vertex 162.543289 58.809700 2.000000
      vertex 163.012268 58.951965 21.900002
    endloop
  endfacet
  facet normal 0.098012 -0.995185 0.000000
    outer loop
      vertex 163.012268 58.951965 21.900002
      vertex 163.012268 58.951965 2.000000
      vertex 163.500000 59.000000 21.900002
    endloop
  endfacet
  facet normal -0.098012 -0.995185 0.000000
    outer loop
      vertex 163.500000 59.000000 21.900002
      vertex 163.500000 59.000000 2.000000
      vertex 163.987732 58.951965 21.900002
    endloop
  endfacet
  facet normal -0.290289 -0.956939 0.000000
    outer loop
      vertex 163.987732 58.951965 21.900002
      vertex 163.987732 58.951965 2.000000
      vertex 164.456711 58.809700 21.900002
    endloop
  endfacet
  facet normal -0.471408 -0.881915 0.000000
    outer loop
      vertex 164.456711 58.809700 21.900002
      vertex 164.456711 58.809700 2.000000
      vertex 164.888916 58.578674 21.900002
    endloop
  endfacet
  facet normal -0.634387 -0.773015 0.000000
    outer loop
      vertex 164.888916 58.578674 21.900002
      vertex 164.888916 58.578674 2.000000
      vertex 165.267761 58.267769 21.900002
    endloop
  endfacet
  facet normal -0.773008 -0.634397 0.000000
    outer loop
      vertex 165.267761 58.267769 21.900002
      vertex 165.267761 58.267769 2.000000
      vertex 165.578674 57.888924 21.900002
    endloop
  endfacet
  facet normal -0.881927 -0.471386 0.000000
    outer loop
      vertex 165.578674 57.888924 21.900002
      vertex 165.578674 57.888924 2.000000
      vertex 165.809692 57.456707 21.900002
    endloop
  endfacet
  facet normal -0.956935 -0.290301 0.000000
    outer loop
      vertex 165.809692 57.456707 21.900002
      vertex 165.809692 57.456707 2.000000
      vertex 165.951965 56.987724 21.900002
    endloop
  endfacet
  facet normal -0.995185 -0.098013 0.000000
    outer loop
      vertex 165.951965 56.987724 21.900002
      vertex 165.951965 56.987724 2.000000
      vertex 166.000000 56.500000 21.900002
    endloop
  endfacet
  facet normal -0.995185 0.098013 0.000000
    outer loop
      vertex 166.000000 56.500000 21.900002
      vertex 166.000000 56.500000 2.000000
      vertex 165.951965 56.012276 21.900002
    endloop
  endfacet
  facet normal 0.956936 0.290299 0.000000
    outer loop
      vertex 161.048035 56.012276 21.900002
      vertex 161.190308 55.543289 21.900002
      vertex 161.190308 55.543289 2.000000
    endloop
  endfacet
  facet normal 0.881925 0.471390 0.000000
    outer loop
      vertex 161.190308 55.543289 21.900002
      vertex 161.421326 55.111076 21.900002
      vertex 161.421326 55.111076 2.000000
    endloop
  endfacet
  facet normal 0.773008 0.634397 0.000000
    outer loop
      vertex 161.421326 55.111076 21.900002
      vertex 161.732239 54.732231 21.900002
      vertex 161.732239 54.732231 2.000000
    endloop
  endfacet
  facet normal 0.634387 0.773015 0.000000
    outer loop
      vertex 161.732239 54.732231 21.900002
      vertex 162.111084 54.421326 21.900002
      vertex 162.111084 54.421326 2.000000
    endloop
  endfacet
  facet normal 0.471408 0.881915 0.000000
    outer loop
      vertex 162.111084 54.421326 21.900002
      vertex 162.543289 54.190300 21.900002
      vertex 162.543289 54.190300 2.000000
    endloop
  endfacet
  facet normal 0.290289 0.956939 0.000000
    outer loop
      vertex 162.543289 54.190300 21.900002
      vertex 163.012268 54.048035 21.900002
      vertex 163.012268 54.048035 2.000000
    endloop
  endfacet
  facet normal 0.098012 0.995185 0.000000
    outer loop
      vertex 163.012268 54.048035 21.900002
      vertex 163.500000 54.000000 21.900002
      vertex 163.500000 54.000000 2.000000
    endloop
  endfacet
  facet normal -0.098012 0.995185 0.000000
    outer loop
      vertex 163.987732 54.048035 21.900002
      vertex 163.987732 54.048035 2.000000
      vertex 163.500000 54.000000 21.900002
    endloop
  endfacet
  facet normal -0.290289 0.956939 0.000000
    outer loop
      vertex 163.987732 54.048035 21.900002
      vertex 164.456711 54.190300 21.900002
      vertex 164.456711 54.190300 2.000000
    endloop
  endfacet
  facet normal -0.471408 0.881915 0.000000
    outer loop
      vertex 164.456711 54.190300 21.900002
      vertex 164.888916 54.421326 21.900002
      vertex 164.888916 54.421326 2.000000
    endloop
  endfacet
  facet normal -0.956936 0.290299 0.000000
    outer loop
      vertex 165.951965 56.012276 21.900002
      vertex 165.951965 56.012276 2.000000
      vertex 165.809692 55.543289 21.900002
    endloop
  endfacet
  facet normal -0.881925 0.471390 0.000000
    outer loop
      vertex 165.809692 55.543289 21.900002
      vertex 165.809692 55.543289 2.000000
      vertex 165.578674 55.111076 21.900002
    endloop
  endfacet
  facet normal -0.634387 0.773015 0.000000
    outer loop
      vertex 165.267761 54.732231 21.900002
      vertex 165.267761 54.732231 2.000000
      vertex 164.888916 54.421326 21.900002
    endloop
  endfacet
  facet normal -0.773008 0.634397 0.000000
    outer loop
      vertex 165.578674 55.111076 21.900002
      vertex 165.578674 55.111076 2.000000
      vertex 165.267761 54.732231 21.900002
    endloop
  endfacet
  facet normal 0.773008 -0.634397 0.000000
    outer loop
      vertex 161.732239 58.267769 21.900002
      vertex 161.421326 57.888924 2.000000
      vertex 161.732239 58.267769 2.000000
    endloop
  endfacet
  facet normal 0.956935 -0.290301 0.000000
    outer loop
      vertex 161.190308 57.456707 21.900002
      vertex 161.048035 56.987724 2.000000
      vertex 161.190308 57.456707 2.000000
    endloop
  endfacet
  facet normal 0.881927 -0.471386 0.000000
    outer loop
      vertex 161.421326 57.888924 21.900002
      vertex 161.190308 57.456707 2.000000
      vertex 161.421326 57.888924 2.000000
    endloop
  endfacet
  facet normal 0.995185 -0.098013 0.000000
    outer loop
      vertex 161.048035 56.987724 21.900002
      vertex 161.000000 56.500000 2.000000
      vertex 161.048035 56.987724 2.000000
    endloop
  endfacet
  facet normal 0.995185 0.098013 0.000000
    outer loop
      vertex 161.000000 56.500000 21.900002
      vertex 161.048035 56.012276 2.000000
      vertex 161.000000 56.500000 2.000000
    endloop
  endfacet
  facet normal 0.471408 -0.881915 0.000000
    outer loop
      vertex 162.543289 58.809700 21.900002
      vertex 162.111084 58.578674 2.000000
      vertex 162.543289 58.809700 2.000000
    endloop
  endfacet
  facet normal 0.634387 -0.773015 0.000000
    outer loop
      vertex 162.111084 58.578674 21.900002
      vertex 161.732239 58.267769 2.000000
      vertex 162.111084 58.578674 2.000000
    endloop
  endfacet
  facet normal 0.290289 -0.956939 0.000000
    outer loop
      vertex 163.012268 58.951965 21.900002
      vertex 162.543289 58.809700 2.000000
      vertex 163.012268 58.951965 2.000000
    endloop
  endfacet
  facet normal 0.098012 -0.995185 0.000000
    outer loop
      vertex 163.500000 59.000000 21.900002
      vertex 163.012268 58.951965 2.000000
      vertex 163.500000 59.000000 2.000000
    endloop
  endfacet
  facet normal -0.098012 -0.995185 0.000000
    outer loop
      vertex 163.987732 58.951965 21.900002
      vertex 163.500000 59.000000 2.000000
      vertex 163.987732 58.951965 2.000000
    endloop
  endfacet
  facet normal -0.290289 -0.956939 0.000000
    outer loop
      vertex 164.456711 58.809700 21.900002
      vertex 163.987732 58.951965 2.000000
      vertex 164.456711 58.809700 2.000000
    endloop
  endfacet
  facet normal -0.471408 -0.881915 0.000000
    outer loop
      vertex 164.888916 58.578674 21.900002
      vertex 164.456711 58.809700 2.000000
      vertex 164.888916 58.578674 2.000000
    endloop
  endfacet
  facet normal -0.634387 -0.773015 0.000000
    outer loop
      vertex 165.267761 58.267769 21.900002
      vertex 164.888916 58.578674 2.000000
      vertex 165.267761 58.267769 2.000000
    endloop
  endfacet
  facet normal -0.773008 -0.634397 0.000000
    outer loop
      vertex 165.578674 57.888924 21.900002
      vertex 165.267761 58.267769 2.000000
      vertex 165.578674 57.888924 2.000000
    endloop
  endfacet
  facet normal -0.881927 -0.471386 0.000000
    outer loop
      vertex 165.809692 57.456707 21.900002
      vertex 165.578674 57.888924 2.000000
      vertex 165.809692 57.456707 2.000000
    endloop
  endfacet
  facet normal -0.956935 -0.290301 0.000000
    outer loop
      vertex 165.951965 56.987724 21.900002
      vertex 165.809692 57.456707 2.000000
      vertex 165.951965 56.987724 2.000000
    endloop
  endfacet
  facet normal -0.995185 -0.098013 0.000000
    outer loop
      vertex 166.000000 56.500000 21.900002
      vertex 165.951965 56.987724 2.000000
      vertex 166.000000 56.500000 2.000000
    endloop
  endfacet
  facet normal -0.995185 0.098013 0.000000
    outer loop
      vertex 165.951965 56.012276 21.900002
      vertex 166.000000 56.500000 2.000000
      vertex 165.951965 56.012276 2.000000
    endloop
  endfacet
  facet normal 0.956936 0.290299 0.000000
    outer loop
      vertex 161.048035 56.012276 21.900002
      vertex 161.190308 55.543289 2.000000
      vertex 161.048035 56.012276 2.000000
    endloop
  endfacet
  facet normal 0.881925 0.471390 0.000000
    outer loop
      vertex 161.190308 55.543289 21.900002
      vertex 161.421326 55.111076 2.000000
      vertex 161.190308 55.543289 2.000000
    endloop
  endfacet
  facet normal 0.773008 0.634397 0.000000
    outer loop
      vertex 161.421326 55.111076 21.900002
      vertex 161.732239 54.732231 2.000000
      vertex 161.421326 55.111076 2.000000
    endloop
  endfacet
  facet normal 0.634387 0.773015 0.000000
    outer loop
      vertex 161.732239 54.732231 21.900002
      vertex 162.111084 54.421326 2.000000
      vertex 161.732239 54.732231 2.000000
    endloop
  endfacet
  facet normal 0.471408 0.881915 0.000000
    outer loop
      vertex 162.111084 54.421326 21.900002
      vertex 162.543289 54.190300 2.000000
      vertex 162.111084 54.421326 2.000000
    endloop
  endfacet
  facet normal 0.290289 0.956939 0.000000
    outer loop
      vertex 162.543289 54.190300 21.900002
      vertex 163.012268 54.048035 2.000000
      vertex 162.543289 54.190300 2.000000
    endloop
  endfacet
  facet normal 0.098012 0.995185 0.000000
    outer loop
      vertex 163.012268 54.048035 21.900002
      vertex 163.500000 54.000000 2.000000
      vertex 163.012268 54.048035 2.000000
    endloop
  endfacet
  facet normal -0.098012 0.995185 0.000000
    outer loop
      vertex 163.500000 54.000000 21.900002
      vertex 163.987732 54.048035 2.000000
      vertex 163.500000 54.000000 2.000000
    endloop
  endfacet
  facet normal -0.290289 0.956939 0.000000
    outer loop
      vertex 163.987732 54.048035 21.900002
      vertex 164.456711 54.190300 2.000000
      vertex 163.987732 54.048035 2.000000
    endloop
  endfacet
  facet normal -0.471408 0.881915 0.000000
    outer loop
      vertex 164.456711 54.190300 21.900002
      vertex 164.888916 54.421326 2.000000
      vertex 164.456711 54.190300 2.000000
    endloop
  endfacet
  facet normal -0.956936 0.290299 0.000000
    outer loop
      vertex 165.809692 55.543289 21.900002
      vertex 165.951965 56.012276 2.000000
      vertex 165.809692 55.543289 2.000000
    endloop
  endfacet
  facet normal -0.881925 0.471390 0.000000
    outer loop
      vertex 165.578674 55.111076 21.900002
      vertex 165.809692 55.543289 2.000000
      vertex 165.578674 55.111076 2.000000
    endloop
  endfacet
  facet normal -0.634387 0.773015 0.000000
    outer loop
      vertex 164.888916 54.421326 21.900002
      vertex 165.267761 54.732231 2.000000
      vertex 164.888916 54.421326 2.000000
    endloop
  endfacet
  facet normal -0.773008 0.634397 0.000000
    outer loop
      vertex 165.267761 54.732231 21.900002
      vertex 165.578674 55.111076 2.000000
      vertex 165.267761 54.732231 2.000000
    endloop
  endfacet
  facet normal 0.000000 0.000000 -1.000000
    outer loop
      vertex 161.732239 9.267769 21.900002
      vertex 162.111084 9.578674 21.900002
      vertex 162.111084 5.421326 21.900002
    endloop
  endfacet
  facet normal 0.000000 0.000000 -1.000000
    outer loop
      vertex 162.111084 9.578674 21.900002
      vertex 162.543289 9.809700 21.900002
      vertex 162.543289 5.190300 21.900002
    endloop
  endfacet
  facet normal 0.000000 0.000000 -1.000000
    outer loop
      vertex 162.543289 9.809700 21.900002
      vertex 163.012268 9.951962 21.900002
      vertex 163.012268 5.048038 21.900002
    endloop
  endfacet
  facet normal 0.000000 0.000000 -1.000000
    outer loop
      vertex 163.012268 9.951962 21.900002
      vertex 163.500000 10.000000 21.900002
      vertex 163.500000 5.000000 21.900002
    endloop
  endfacet
  facet normal 0.000000 0.000000 -1.000000
    outer loop
      vertex 163.500000 10.000000 21.900002
      vertex 163.987732 9.951962 21.900002
      vertex 163.987732 5.048038 21.900002
    endloop
  endfacet
  facet normal 0.000000 0.000000 -1.000000
    outer loop
      vertex 163.987732 9.951962 21.900002
      vertex 164.456711 9.809700 21.900002
      vertex 164.456711 5.190300 21.900002
    endloop
  endfacet
  facet normal 0.000000 0.000000 -1.000000
    outer loop
      vertex 164.456711 9.809700 21.900002
      vertex 164.888916 9.578674 21.900002
      vertex 164.888916 5.421326 21.900002
    endloop
  endfacet
  facet normal 0.000000 0.000000 -1.000000
    outer loop
      vertex 164.888916 9.578674 21.900002
      vertex 165.267761 9.267769 21.900002
      vertex 165.267761 5.732231 21.900002
    endloop
  endfacet
  facet normal 0.000000 0.000000 -1.000000
    outer loop
      vertex 165.267761 9.267769 21.900002
      vertex 165.578674 8.888927 21.900002
      vertex 165.578674 6.111073 21.900002
    endloop
  endfacet
  facet normal 0.000000 0.000000 -1.000000
    outer loop
      vertex 161.190308 8.456707 21.900002
      vertex 161.190308 6.543293 21.900002
      vertex 161.048035 7.987724 21.900002
    endloop
  endfacet
  facet normal 0.000000 0.000000 -1.000000
    outer loop
      vertex 161.048035 7.987724 21.900002
      vertex 161.048035 7.012276 21.900002
      vertex 161.000000 7.500000 21.900002
    endloop
  endfacet
  facet normal 0.000000 0.000000 -1.000000
    outer loop
      vertex 161.048035 7.987724 21.900002
      vertex 161.190308 6.543293 21.900002
      vertex 161.048035 7.012276 21.900002
    endloop
  endfacet
  facet normal 0.000000 0.000000 -1.000000
    outer loop
      vertex 161.190308 8.456707 21.900002
      vertex 161.421326 8.888927 21.900002
      vertex 161.421326 6.111073 21.900002
    endloop
  endfacet
  facet normal 0.000000 0.000000 -1.000000
    outer loop
      vertex 161.732239 9.267769 21.900002
      vertex 161.732239 5.732231 21.900002
      vertex 161.421326 8.888927 21.900002
    endloop
  endfacet
  facet normal 0.000000 0.000000 -1.000000
    outer loop
      vertex 161.190308 8.456707 21.900002
      vertex 161.421326 6.111073 21.900002
      vertex 161.190308 6.543293 21.900002
    endloop
  endfacet
  facet normal 0.000000 0.000000 -1.000000
    outer loop
      vertex 161.421326 8.888927 21.900002
      vertex 161.732239 5.732231 21.900002
      vertex 161.421326 6.111073 21.900002
    endloop
  endfacet
  facet normal 0.000000 0.000000 -1.000000
    outer loop
      vertex 161.732239 9.267769 21.900002
      vertex 162.111084 5.421326 21.900002
      vertex 161.732239 5.732231 21.900002
    endloop
  endfacet
  facet normal 0.000000 0.000000 -1.000000
    outer loop
      vertex 162.111084 9.578674 21.900002
      vertex 162.543289 5.190300 21.900002
      vertex 162.111084 5.421326 21.900002
    endloop
  endfacet
  facet normal 0.000000 0.000000 -1.000000
    outer loop
      vertex 162.543289 9.809700 21.900002
      vertex 163.012268 5.048038 21.900002
      vertex 162.543289 5.190300 21.900002
    endloop
  endfacet
  facet normal 0.000000 0.000000 -1.000000
    outer loop
      vertex 163.012268 9.951962 21.900002
      vertex 163.500000 5.000000 21.900002
      vertex 163.012268 5.048038 21.900002
    endloop
  endfacet
  facet normal 0.000000 0.000000 -1.000000
    outer loop
      vertex 163.500000 10.000000 21.900002
      vertex 163.987732 5.048038 21.900002
      vertex 163.500000 5.000000 21.900002
    endloop
  endfacet
  facet normal 0.000000 0.000000 -1.000000
    outer loop
      vertex 163.987732 9.951962 21.900002
      vertex 164.456711 5.190300 21.900002
      vertex 163.987732 5.048038 21.900002
    endloop
  endfacet
  facet normal 0.000000 0.000000 -1.000000
    outer loop
      vertex 164.456711 9.809700 21.900002
      vertex 164.888916 5.421326 21.900002
      vertex 164.456711 5.190300 21.900002
    endloop
  endfacet
  facet normal 0.000000 0.000000 -1.000000
    outer loop
      vertex 165.267761 9.267769 21.900002
      vertex 165.578674 6.111073 21.900002
      vertex 165.267761 5.732231 21.900002
    endloop
  endfacet
  facet normal 0.000000 0.000000 -1.000000
    outer loop
      vertex 165.578674 8.888927 21.900002
      vertex 165.809692 8.456707 21.900002
      vertex 165.809692 6.543293 21.900002
    endloop
  endfacet
  facet normal 0.000000 0.000000 -1.000000
    outer loop
      vertex 165.809692 8.456707 21.900002
      vertex 165.951965 7.987724 21.900002
      vertex 165.951965 7.012276 21.900002
    endloop
  endfacet
  facet normal 0.000000 0.000000 -1.000000
    outer loop
      vertex 165.809692 8.456707 21.900002
      vertex 165.951965 7.012276 21.900002
      vertex 165.809692 6.543293 21.900002
    endloop
  endfacet
  facet normal 0.000000 0.000000 -1.000000
    outer loop
      vertex 165.578674 8.888927 21.900002
      vertex 165.809692 6.543293 21.900002
      vertex 165.578674 6.111073 21.900002
    endloop
  endfacet
  facet normal 0.000000 0.000000 -1.000000
    outer loop
      vertex 165.951965 7.987724 21.900002
      vertex 166.000000 7.500000 21.900002
      vertex 165.951965 7.012276 21.900002
    endloop
  endfacet
  facet normal 0.000000 0.000000 -1.000000
    outer loop
      vertex 164.888916 9.578674 21.900002
      vertex 165.267761 5.732231 21.900002
      vertex 164.888916 5.421326 21.900002
    endloop
  endfacet
  facet normal 0.773004 -0.634401 0.000000
    outer loop
      vertex 161.732239 9.267769 21.900002
      vertex 161.421326 8.888927 21.900002
      vertex 161.421326 8.888927 2.000000
    endloop
  endfacet
  facet normal 0.634387 -0.773015 0.000000
    outer loop
      vertex 161.732239 9.267769 21.900002
      vertex 161.732239 9.267769 2.000000
      vertex 162.111084 9.578674 21.900002
    endloop
  endfacet
  facet normal 0.956935 -0.290301 0.000000
    outer loop
      vertex 161.190308 8.456707 21.900002
      vertex 161.048035 7.987724 21.900002
      vertex 161.048035 7.987724 2.000000
    endloop
  endfacet
  facet normal 0.881929 -0.471383 0.000000
    outer loop
      vertex 161.190308 8.456707 21.900002
      vertex 161.190308 8.456707 2.000000
      vertex 161.421326 8.888927 21.900002
    endloop
  endfacet
  facet normal 0.471408 -0.881915 0.000000
    outer loop
      vertex 162.111084 9.578674 21.900002
      vertex 162.111084 9.578674 2.000000
      vertex 162.543289 9.809700 21.900002
    endloop
  endfacet
  facet normal 0.290282 -0.956941 0.000000
    outer loop
      vertex 162.543289 9.809700 21.900002
      vertex 162.543289 9.809700 2.000000
      vertex 163.012268 9.951962 21.900002
    endloop
  endfacet
  facet normal 0.098019 -0.995185 0.000000
    outer loop
      vertex 163.012268 9.951962 21.900002
      vertex 163.012268 9.951962 2.000000
      vertex 163.500000 10.000000 21.900002
    endloop
  endfacet
  facet normal -0.098019 -0.995185 0.000000
    outer loop
      vertex 163.500000 10.000000 21.900002
      vertex 163.500000 10.000000 2.000000
      vertex 163.987732 9.951962 21.900002
    endloop
  endfacet
  facet normal -0.290282 -0.956941 0.000000
    outer loop
      vertex 163.987732 9.951962 21.900002
      vertex 163.987732 9.951962 2.000000
      vertex 164.456711 9.809700 21.900002
    endloop
  endfacet
  facet normal -0.471408 -0.881915 0.000000
    outer loop
      vertex 164.456711 9.809700 21.900002
      vertex 164.456711 9.809700 2.000000
      vertex 164.888916 9.578674 21.900002
    endloop
  endfacet
  facet normal -0.634387 -0.773015 0.000000
    outer loop
      vertex 164.888916 9.578674 21.900002
      vertex 164.888916 9.578674 2.000000
      vertex 165.267761 9.267769 21.900002
    endloop
  endfacet
  facet normal -0.773004 -0.634401 0.000000
    outer loop
      vertex 165.267761 9.267769 21.900002
      vertex 165.267761 9.267769 2.000000
      vertex 165.578674 8.888927 21.900002
    endloop
  endfacet
  facet normal -0.881929 -0.471383 0.000000
    outer loop
      vertex 165.578674 8.888927 21.900002
      vertex 165.578674 8.888927 2.000000
      vertex 165.809692 8.456707 21.900002
    endloop
  endfacet
  facet normal -0.956935 -0.290301 0.000000
    outer loop
      vertex 165.809692 8.456707 21.900002
      vertex 165.809692 8.456707 2.000000
      vertex 165.951965 7.987724 21.900002
    endloop
  endfacet
  facet normal 0.995185 -0.098013 0.000000
    outer loop
      vertex 161.048035 7.987724 21.900002
      vertex 161.000000 7.500000 21.900002
      vertex 161.000000 7.500000 2.000000
    endloop
  endfacet
  facet normal 0.995185 0.098013 0.000000
    outer loop
      vertex 161.000000 7.500000 21.900002
      vertex 161.048035 7.012276 21.900002
      vertex 161.048035 7.012276 2.000000
    endloop
  endfacet
  facet normal 0.956935 0.290301 0.000000
    outer loop
      vertex 161.048035 7.012276 21.900002
      vertex 161.190308 6.543293 21.900002
      vertex 161.190308 6.543293 2.000000
    endloop
  endfacet
  facet normal 0.881929 0.471383 0.000000
    outer loop
      vertex 161.190308 6.543293 21.900002
      vertex 161.421326 6.111073 21.900002
      vertex 161.421326 6.111073 2.000000
    endloop
  endfacet
  facet normal 0.773004 0.634401 0.000000
    outer loop
      vertex 161.421326 6.111073 21.900002
      vertex 161.732239 5.732231 21.900002
      vertex 161.732239 5.732231 2.000000
    endloop
  endfacet
  facet normal 0.634387 0.773015 0.000000
    outer loop
      vertex 161.732239 5.732231 21.900002
      vertex 162.111084 5.421326 21.900002
      vertex 162.111084 5.421326 2.000000
    endloop
  endfacet
  facet normal 0.471408 0.881915 0.000000
    outer loop
      vertex 162.111084 5.421326 21.900002
      vertex 162.543289 5.190300 21.900002
      vertex 162.543289 5.190300 2.000000
    endloop
  endfacet
  facet normal 0.290282 0.956941 0.000000
    outer loop
      vertex 162.543289 5.190300 21.900002
      vertex 163.012268 5.048038 21.900002
      vertex 163.012268 5.048038 2.000000
    endloop
  endfacet
  facet normal 0.098019 0.995185 0.000000
    outer loop
      vertex 163.012268 5.048038 21.900002
      vertex 163.500000 5.000000 21.900002
      vertex 163.500000 5.000000 2.000000
    endloop
  endfacet
  facet normal -0.098019 0.995185 0.000000
    outer loop
      vertex 163.987732 5.048038 21.900002
      vertex 163.987732 5.048038 2.000000
      vertex 163.500000 5.000000 21.900002
    endloop
  endfacet
  facet normal -0.290282 0.956941 0.000000
    outer loop
      vertex 163.987732 5.048038 21.900002
      vertex 164.456711 5.190300 21.900002
      vertex 164.456711 5.190300 2.000000
    endloop
  endfacet
  facet normal -0.471408 0.881915 0.000000
    outer loop
      vertex 164.456711 5.190300 21.900002
      vertex 164.888916 5.421326 21.900002
      vertex 164.888916 5.421326 2.000000
    endloop
  endfacet
  facet normal -0.995185 -0.098013 0.000000
    outer loop
      vertex 165.951965 7.987724 21.900002
      vertex 165.951965 7.987724 2.000000
      vertex 166.000000 7.500000 21.900002
    endloop
  endfacet
  facet normal -0.995185 0.098013 0.000000
    outer loop
      vertex 166.000000 7.500000 21.900002
      vertex 166.000000 7.500000 2.000000
      vertex 165.951965 7.012276 21.900002
    endloop
  endfacet
  facet normal -0.956935 0.290301 0.000000
    outer loop
      vertex 165.951965 7.012276 21.900002
      vertex 165.951965 7.012276 2.000000
      vertex 165.809692 6.543293 21.900002
    endloop
  endfacet
  facet normal -0.881929 0.471383 0.000000
    outer loop
      vertex 165.809692 6.543293 21.900002
      vertex 165.809692 6.543293 2.000000
      vertex 165.578674 6.111073 21.900002
    endloop
  endfacet
  facet normal -0.634387 0.773015 0.000000
    outer loop
      vertex 165.267761 5.732231 21.900002
      vertex 165.267761 5.732231 2.000000
      vertex 164.888916 5.421326 21.900002
    endloop
  endfacet
  facet normal -0.773004 0.634401 0.000000
    outer loop
      vertex 165.578674 6.111073 21.900002
      vertex 165.578674 6.111073 2.000000
      vertex 165.267761 5.732231 21.900002
    endloop
  endfacet
  facet normal 0.773004 -0.634401 0.000000
    outer loop
      vertex 161.732239 9.267769 21.900002
      vertex 161.421326 8.888927 2.000000
      vertex 161.732239 9.267769 2.000000
    endloop
  endfacet
  facet normal 0.956935 -0.290301 0.000000
    outer loop
      vertex 161.190308 8.456707 21.900002
      vertex 161.048035 7.987724 2.000000
      vertex 161.190308 8.456707 2.000000
    endloop
  endfacet
  facet normal 0.881929 -0.471383 0.000000
    outer loop
      vertex 161.421326 8.888927 21.900002
      vertex 161.190308 8.456707 2.000000
      vertex 161.421326 8.888927 2.000000
    endloop
  endfacet
  facet normal 0.471408 -0.881915 0.000000
    outer loop
      vertex 162.543289 9.809700 21.900002
      vertex 162.111084 9.578674 2.000000
      vertex 162.543289 9.809700 2.000000
    endloop
  endfacet
  facet normal 0.634387 -0.773015 0.000000
    outer loop
      vertex 162.111084 9.578674 21.900002
      vertex 161.732239 9.267769 2.000000
      vertex 162.111084 9.578674 2.000000
    endloop
  endfacet
  facet normal 0.290282 -0.956941 0.000000
    outer loop
      vertex 163.012268 9.951962 21.900002
      vertex 162.543289 9.809700 2.000000
      vertex 163.012268 9.951962 2.000000
    endloop
  endfacet
  facet normal 0.098019 -0.995185 0.000000
    outer loop
      vertex 163.500000 10.000000 21.900002
      vertex 163.012268 9.951962 2.000000
      vertex 163.500000 10.000000 2.000000
    endloop
  endfacet
  facet normal -0.098019 -0.995185 0.000000
    outer loop
      vertex 163.987732 9.951962 21.900002
      vertex 163.500000 10.000000 2.000000
      vertex 163.987732 9.951962 2.000000
    endloop
  endfacet
  facet normal -0.290282 -0.956941 0.000000
    outer loop
      vertex 164.456711 9.809700 21.900002
      vertex 163.987732 9.951962 2.000000
      vertex 164.456711 9.809700 2.000000
    endloop
  endfacet
  facet normal -0.471408 -0.881915 0.000000
    outer loop
      vertex 164.888916 9.578674 21.900002
      vertex 164.456711 9.809700 2.000000
      vertex 164.888916 9.578674 2.000000
    endloop
  endfacet
  facet normal -0.634387 -0.773015 0.000000
    outer loop
      vertex 165.267761 9.267769 21.900002
      vertex 164.888916 9.578674 2.000000
      vertex 165.267761 9.267769 2.000000
    endloop
  endfacet
  facet normal -0.773004 -0.634401 0.000000
    outer loop
      vertex 165.578674 8.888927 21.900002
      vertex 165.267761 9.267769 2.000000
      vertex 165.578674 8.888927 2.000000
    endloop
  endfacet
  facet normal -0.881929 -0.471383 0.000000
    outer loop
      vertex 165.809692 8.456707 21.900002
      vertex 165.578674 8.888927 2.000000
      vertex 165.809692 8.456707 2.000000
    endloop
  endfacet
  facet normal -0.956935 -0.290301 0.000000
    outer loop
      vertex 165.951965 7.987724 21.900002
      vertex 165.809692 8.456707 2.000000
      vertex 165.951965 7.987724 2.000000
    endloop
  endfacet
  facet normal 0.995185 -0.098013 0.000000
    outer loop
      vertex 161.048035 7.987724 21.900002
      vertex 161.000000 7.500000 2.000000
      vertex 161.048035 7.987724 2.000000
    endloop
  endfacet
  facet normal 0.995185 0.098013 0.000000
    outer loop
      vertex 161.000000 7.500000 21.900002
      vertex 161.048035 7.012276 2.000000
      vertex 161.000000 7.500000 2.000000
    endloop
  endfacet
  facet normal 0.956935 0.290301 0.000000
    outer loop
      vertex 161.048035 7.012276 21.900002
      vertex 161.190308 6.543293 2.000000
      vertex 161.048035 7.012276 2.000000
    endloop
  endfacet
  facet normal 0.881929 0.471383 0.000000
    outer loop
      vertex 161.190308 6.543293 21.900002
      vertex 161.421326 6.111073 2.000000
      vertex 161.190308 6.543293 2.000000
    endloop
  endfacet
  facet normal 0.773004 0.634401 0.000000
    outer loop
      vertex 161.421326 6.111073 21.900002
      vertex 161.732239 5.732231 2.000000
      vertex 161.421326 6.111073 2.000000
    endloop
  endfacet
  facet normal 0.634387 0.773015 0.000000
    outer loop
      vertex 161.732239 5.732231 21.900002
      vertex 162.111084 5.421326 2.000000
      vertex 161.732239 5.732231 2.000000
    endloop
  endfacet
  facet normal 0.471408 0.881915 0.000000
    outer loop
      vertex 162.111084 5.421326 21.900002
      vertex 162.543289 5.190300 2.000000
      vertex 162.111084 5.421326 2.000000
    endloop
  endfacet
  facet normal 0.290282 0.956941 0.000000
    outer loop
      vertex 162.543289 5.190300 21.900002
      vertex 163.012268 5.048038 2.000000
      vertex 162.543289 5.190300 2.000000
    endloop
  endfacet
  facet normal 0.098019 0.995185 0.000000
    outer loop
      vertex 163.012268 5.048038 21.900002
      vertex 163.500000 5.000000 2.000000
      vertex 163.012268 5.048038 2.000000
    endloop
  endfacet
  facet normal -0.098019 0.995185 0.000000
    outer loop
      vertex 163.500000 5.000000 21.900002
      vertex 163.987732 5.048038 2.000000
      vertex 163.500000 5.000000 2.000000
    endloop
  endfacet
  facet normal -0.290282 0.956941 0.000000
    outer loop
      vertex 163.987732 5.048038 21.900002
      vertex 164.456711 5.190300 2.000000
      vertex 163.987732 5.048038 2.000000
    endloop
  endfacet
  facet normal -0.471408 0.881915 0.000000
    outer loop
      vertex 164.456711 5.190300 21.900002
      vertex 164.888916 5.421326 2.000000
      vertex 164.456711 5.190300 2.000000
    endloop
  endfacet
  facet normal -0.995185 -0.098013 0.000000
    outer loop
      vertex 166.000000 7.500000 21.900002
      vertex 165.951965 7.987724 2.000000
      vertex 166.000000 7.500000 2.000000
    endloop
  endfacet
  facet normal -0.995185 0.098013 0.000000
    outer loop
      vertex 165.951965 7.012276 21.900002
      vertex 166.000000 7.500000 2.000000
      vertex 165.951965 7.012276 2.000000
    endloop
  endfacet
  facet normal -0.956935 0.290301 0.000000
    outer loop
      vertex 165.809692 6.543293 21.900002
      vertex 165.951965 7.012276 2.000000
      vertex 165.809692 6.543293 2.000000
    endloop
  endfacet
  facet normal -0.881929 0.471383 0.000000
    outer loop
      vertex 165.578674 6.111073 21.900002
      vertex 165.809692 6.543293 2.000000
      vertex 165.578674 6.111073 2.000000
    endloop
  endfacet
  facet normal -0.634387 0.773015 0.000000
    outer loop
      vertex 164.888916 5.421326 21.900002
      vertex 165.267761 5.732231 2.000000
      vertex 164.888916 5.421326 2.000000
    endloop
  endfacet
  facet normal -0.773004 0.634401 0.000000
    outer loop
      vertex 165.267761 5.732231 21.900002
      vertex 165.578674 6.111073 2.000000
      vertex 165.267761 5.732231 2.000000
    endloop
  endfacet
  facet normal 0.000000 -1.000000 0.000000
    outer loop
      vertex 100.199997 52.000000 8.000000
      vertex 100.500000 52.000000 7.000000
      vertex 101.800003 52.000000 8.000000
    endloop
  endfacet
  facet normal 0.000000 -1.000000 0.000000
    outer loop
      vertex 100.199997 52.000000 8.000000
      vertex 100.199997 52.000000 6.509090
      vertex 100.500000 52.000000 7.000000
    endloop
  endfacet
  facet normal 0.000000 0.000000 -1.000000
    outer loop
      vertex 100.199997 52.000000 8.000000
      vertex 101.800003 52.000000 8.000000
      vertex 100.199997 46.000000 8.000000
    endloop
  endfacet
  facet normal 1.000000 0.000000 0.000000
    outer loop
      vertex 100.199997 52.000000 8.000000
      vertex 100.199997 46.000000 6.509090
      vertex 100.199997 52.000000 6.509090
    endloop
  endfacet
  facet normal 0.000000 -1.000000 0.000000
    outer loop
      vertex 101.800003 52.000000 8.000000
      vertex 100.500000 52.000000 7.000000
      vertex 100.500000 52.000000 5.200001
    endloop
  endfacet
  facet normal -1.000000 0.000000 0.000000
    outer loop
      vertex 101.800003 52.000000 8.000000
      vertex 101.800003 52.000000 2.000000
      vertex 101.800003 46.000000 8.000000
    endloop
  endfacet
  facet normal 0.000000 -1.000000 0.000000
    outer loop
      vertex 101.800003 52.000000 8.000000
      vertex 100.500000 52.000000 5.200001
      vertex 100.500000 52.000000 3.000000
    endloop
  endfacet
  facet normal 0.000000 -1.000000 0.000000
    outer loop
      vertex 101.800003 52.000000 8.000000
      vertex 100.500000 52.000000 3.000000
      vertex 101.800003 52.000000 2.000000
    endloop
  endfacet
  facet normal 0.000000 -1.000000 0.000000
    outer loop
      vertex 100.199997 52.000000 3.000000
      vertex 101.800003 52.000000 2.000000
      vertex 100.500000 52.000000 3.000000
    endloop
  endfacet
  facet normal 0.000000 -1.000000 0.000000
    outer loop
      vertex 100.199997 52.000000 3.000000
      vertex 100.199997 52.000000 2.000000
      vertex 101.800003 52.000000 2.000000
    endloop
  endfacet
  facet normal 1.000000 0.000000 0.000000
    outer loop
      vertex 100.199997 52.000000 3.000000
      vertex 100.199997 46.000000 2.000000
      vertex 100.199997 52.000000 2.000000
    endloop
  endfacet
  facet normal 1.000000 0.000000 0.000000
    outer loop
      vertex 100.199997 52.000000 8.000000
      vertex 100.199997 46.000000 8.000000
      vertex 100.199997 46.000000 6.509090
    endloop
  endfacet
  facet normal 0.000000 1.000000 0.000000
    outer loop
      vertex 100.199997 46.000000 8.000000
      vertex 101.800003 46.000000 8.000000
      vertex 100.500000 46.000000 7.000000
    endloop
  endfacet
  facet normal 0.000000 1.000000 0.000000
    outer loop
      vertex 100.199997 46.000000 8.000000
      vertex 100.500000 46.000000 7.000000
      vertex 100.199997 46.000000 6.509090
    endloop
  endfacet
  facet normal 0.000000 0.000000 -1.000000
    outer loop
      vertex 101.800003 52.000000 8.000000
      vertex 101.800003 46.000000 8.000000
      vertex 100.199997 46.000000 8.000000
    endloop
  endfacet
  facet normal 0.000000 1.000000 0.000000
    outer loop
      vertex 101.800003 46.000000 8.000000
      vertex 101.800003 46.000000 2.000000
      vertex 100.500000 46.000000 7.000000
    endloop
  endfacet
  facet normal 0.000000 1.000000 0.000000
    outer loop
      vertex 100.500000 46.000000 5.200001
      vertex 100.500000 46.000000 7.000000
      vertex 101.800003 46.000000 2.000000
    endloop
  endfacet
  facet normal -1.000000 0.000000 0.000000
    outer loop
      vertex 101.800003 46.000000 8.000000
      vertex 101.800003 52.000000 2.000000
      vertex 101.800003 46.000000 2.000000
    endloop
  endfacet
  facet normal 0.000000 1.000000 0.000000
    outer loop
      vertex 100.500000 46.000000 3.000000
      vertex 100.500000 46.000000 5.200001
      vertex 101.800003 46.000000 2.000000
    endloop
  endfacet
  facet normal 1.000000 0.000000 0.000000
    outer loop
      vertex 100.199997 52.000000 3.000000
      vertex 100.199997 46.000000 3.000000
      vertex 100.199997 46.000000 2.000000
    endloop
  endfacet
  facet normal 0.000000 1.000000 0.000000
    outer loop
      vertex 100.199997 46.000000 3.000000
      vertex 100.500000 46.000000 3.000000
      vertex 100.199997 46.000000 2.000000
    endloop
  endfacet
  facet normal 0.000000 1.000000 0.000000
    outer loop
      vertex 100.500000 46.000000 3.000000
      vertex 101.800003 46.000000 2.000000
      vertex 100.199997 46.000000 2.000000
    endloop
  endfacet
  facet normal 0.000000 -1.000000 0.000000
    outer loop
      vertex 99.400002 52.000000 5.800001
      vertex 99.400002 52.000000 5.200001
      vertex 99.766670 52.000000 5.800001
    endloop
  endfacet
  facet normal 0.000000 0.000000 -1.000000
    outer loop
      vertex 99.400002 52.000000 5.800001
      vertex 99.766670 52.000000 5.800001
      vertex 99.400002 46.000000 5.800001
    endloop
  endfacet
  facet normal 0.000000 -1.000000 0.000000
    outer loop
      vertex 99.400002 52.000000 3.000000
      vertex 100.500000 52.000000 5.200001
      vertex 99.400002 52.000000 5.200001
    endloop
  endfacet
  facet normal 1.000000 0.000000 0.000000
    outer loop
      vertex 99.400002 52.000000 5.800001
      vertex 99.400002 46.000000 5.200001
      vertex 99.400002 52.000000 5.200001
    endloop
  endfacet
  facet normal 0.000000 -1.000000 0.000000
    outer loop
      vertex 99.400002 52.000000 3.000000
      vertex 100.199997 52.000000 3.000000
      vertex 100.500000 52.000000 5.200001
    endloop
  endfacet
  facet normal 0.000000 -1.000000 0.000000
    outer loop
      vertex 100.199997 52.000000 3.000000
      vertex 100.500000 52.000000 3.000000
      vertex 100.500000 52.000000 5.200001
    endloop
  endfacet
  facet normal 1.000000 0.000000 0.000000
    outer loop
      vertex 99.400002 52.000000 3.000000
      vertex 99.400002 52.000000 5.200001
      vertex 99.400002 46.000000 3.000000
    endloop
  endfacet
  facet normal 0.000000 0.000000 1.000000
    outer loop
      vertex 99.400002 52.000000 3.000000
      vertex 99.400002 46.000000 3.000000
      vertex 100.199997 52.000000 3.000000
    endloop
  endfacet
  facet normal 1.000000 0.000000 0.000000
    outer loop
      vertex 99.400002 52.000000 5.800001
      vertex 99.400002 46.000000 5.800001
      vertex 99.400002 46.000000 5.200001
    endloop
  endfacet
  facet normal 0.000000 0.000000 -1.000000
    outer loop
      vertex 99.400002 46.000000 5.800001
      vertex 99.766670 52.000000 5.800001
      vertex 99.766670 46.000000 5.800001
    endloop
  endfacet
  facet normal 0.000000 1.000000 0.000000
    outer loop
      vertex 99.400002 46.000000 5.800001
      vertex 99.766670 46.000000 5.800001
      vertex 99.400002 46.000000 5.200001
    endloop
  endfacet
  facet normal 1.000000 0.000000 0.000000
    outer loop
      vertex 99.400002 46.000000 3.000000
      vertex 99.400002 52.000000 5.200001
      vertex 99.400002 46.000000 5.200001
    endloop
  endfacet
  facet normal 0.000000 1.000000 0.000000
    outer loop
      vertex 100.500000 46.000000 3.000000
      vertex 99.400002 46.000000 5.200001
      vertex 100.500000 46.000000 5.200001
    endloop
  endfacet
  facet normal 0.000000 0.000000 1.000000
    outer loop
      vertex 100.199997 52.000000 3.000000
      vertex 99.400002 46.000000 3.000000
      vertex 100.199997 46.000000 3.000000
    endloop
  endfacet
  facet normal 0.000000 1.000000 0.000000
    outer loop
      vertex 99.400002 46.000000 3.000000
      vertex 99.400002 46.000000 5.200001
      vertex 100.199997 46.000000 3.000000
    endloop
  endfacet
  facet normal 0.000000 1.000000 0.000000
    outer loop
      vertex 100.199997 46.000000 3.000000
      vertex 99.400002 46.000000 5.200001
      vertex 100.500000 46.000000 3.000000
    endloop
  endfacet
  facet normal 0.000000 -1.000000 0.000000
    outer loop
      vertex 100.199997 52.000000 6.509090
      vertex 100.500000 52.000000 5.200001
      vertex 100.500000 52.000000 7.000000
    endloop
  endfacet
  facet normal 0.000000 1.000000 0.000000
    outer loop
      vertex 100.199997 52.000000 6.509090
      vertex 99.766670 52.000000 5.800001
      vertex 99.400002 52.000000 5.200001
    endloop
  endfacet
  facet normal 0.000000 0.000000 0.000000
    outer loop
      vertex 99.400002 52.000000 5.200001
      vertex 100.199997 52.000000 6.509090
      vertex 99.400002 52.000000 5.200001
    endloop
  endfacet
  facet normal 0.000000 -1.000000 0.000000
    outer loop
      vertex 99.400002 52.000000 5.200001
      vertex 100.500000 52.000000 5.200001
      vertex 100.199997 52.000000 6.509090
    endloop
  endfacet
  facet normal 0.853285 0.000000 -0.521445
    outer loop
      vertex 100.199997 52.000000 6.509090
      vertex 100.199997 46.000000 6.509090
      vertex 99.766670 52.000000 5.800001
    endloop
  endfacet
  facet normal 0.000000 0.000000 0.000000
    outer loop
      vertex 99.400002 52.000000 5.200001
      vertex 99.400002 52.000000 5.200001
      vertex 100.500000 52.000000 5.200001
    endloop
  endfacet
  facet normal 0.000000 0.000000 0.000000
    outer loop
      vertex 99.400002 52.000000 5.200001
      vertex 99.400002 52.000000 5.200001
      vertex 99.400002 46.000000 5.200001
    endloop
  endfacet
  facet normal 0.000000 0.000000 0.000000
    outer loop
      vertex 99.400002 52.000000 5.200001
      vertex 99.400002 46.000000 5.200001
      vertex 99.400002 52.000000 5.200001
    endloop
  endfacet
  facet normal 0.853285 0.000000 -0.521445
    outer loop
      vertex 99.766670 52.000000 5.800001
      vertex 100.199997 46.000000 6.509090
      vertex 99.766670 46.000000 5.800001
    endloop
  endfacet
  facet normal 0.000000 1.000000 0.000000
    outer loop
      vertex 100.500000 46.000000 5.200001
      vertex 100.199997 46.000000 6.509090
      vertex 100.500000 46.000000 7.000000
    endloop
  endfacet
  facet normal 0.000000 1.000000 0.000000
    outer loop
      vertex 100.500000 46.000000 5.200001
      vertex 99.766670 46.000000 5.800001
      vertex 100.199997 46.000000 6.509090
    endloop
  endfacet
  facet normal 0.000000 0.000000 0.000000
    outer loop
      vertex 99.400002 52.000000 5.200001
      vertex 99.400002 46.000000 5.200001
      vertex 99.400002 46.000000 5.200001
    endloop
  endfacet
  facet normal 0.000000 0.000000 0.000000
    outer loop
      vertex 99.400002 46.000000 5.200001
      vertex 99.400002 46.000000 5.200001
      vertex 99.400002 52.000000 5.200001
    endloop
  endfacet
  facet normal 0.000000 0.000000 0.000000
    outer loop
      vertex 99.400002 46.000000 5.200001
      vertex 99.400002 46.000000 5.200001
      vertex 99.766670 46.000000 5.800001
    endloop
  endfacet
  facet normal 0.000000 1.000000 0.000000
    outer loop
      vertex 99.400002 46.000000 5.200001
      vertex 99.766670 46.000000 5.800001
      vertex 100.500000 46.000000 5.200001
    endloop
  endfacet
  facet normal 0.000000 0.000000 0.000000
    outer loop
      vertex 99.400002 46.000000 5.200001
      vertex 100.500000 46.000000 5.200001
      vertex 99.400002 46.000000 5.200001
    endloop
  endfacet
  facet normal 0.000000 0.000000 -1.000000
    outer loop
      vertex 165.333344 61.799999 8.000000
      vertex 171.333344 61.799999 8.000000
      vertex 165.333344 60.200001 8.000000
    endloop
  endfacet
  facet normal 0.000000 -1.000000 0.000000
    outer loop
      vertex 165.333344 61.799999 8.000000
      vertex 165.333344 61.799999 6.509090
      vertex 171.333344 61.799999 8.000000
    endloop
  endfacet
  facet normal 0.000000 0.000000 0.000000
    outer loop
      vertex 165.333344 61.799999 8.000000
      vertex 165.333344 61.799999 5.800001
      vertex 165.333344 61.799999 6.509090
    endloop
  endfacet
  facet normal 1.000000 0.000000 0.000000
    outer loop
      vertex 165.333344 61.799999 8.000000
      vertex 165.333344 61.500000 5.800001
      vertex 165.333344 61.799999 5.800001
    endloop
  endfacet
  facet normal 0.000000 0.000000 0.000000
    outer loop
      vertex 165.333344 61.799999 5.800001
      vertex 165.333344 61.799999 5.800001
      vertex 165.333344 61.799999 6.509090
    endloop
  endfacet
  facet normal 1.000000 0.000000 0.000000
    outer loop
      vertex 165.333344 61.799999 8.000000
      vertex 165.333344 60.200001 8.000000
      vertex 165.333344 60.200001 2.000000
    endloop
  endfacet
  facet normal 1.000000 0.000000 0.000000
    outer loop
      vertex 165.333344 61.799999 8.000000
      vertex 165.333344 60.200001 2.000000
      vertex 165.333344 61.500000 5.800001
    endloop
  endfacet
  facet normal 1.000000 0.000000 0.000000
    outer loop
      vertex 165.333344 61.500000 5.800001
      vertex 165.333344 60.200001 2.000000
      vertex 165.333344 61.500000 3.000000
    endloop
  endfacet
  facet normal 0.000000 1.000000 0.000000
    outer loop
      vertex 165.333344 60.200001 8.000000
      vertex 171.333344 60.200001 2.000000
      vertex 165.333344 60.200001 2.000000
    endloop
  endfacet
  facet normal 1.000000 0.000000 0.000000
    outer loop
      vertex 165.333344 61.799999 3.000000
      vertex 165.333344 61.500000 3.000000
      vertex 165.333344 61.799999 2.000000
    endloop
  endfacet
  facet normal 1.000000 0.000000 0.000000
    outer loop
      vertex 165.333344 61.500000 3.000000
      vertex 165.333344 60.200001 2.000000
      vertex 165.333344 61.799999 2.000000
    endloop
  endfacet
  facet normal 0.000000 -1.000000 0.000000
    outer loop
      vertex 165.333344 61.799999 3.000000
      vertex 165.333344 61.799999 2.000000
      vertex 171.333344 61.799999 3.000000
    endloop
  endfacet
  facet normal 0.000000 0.000000 -1.000000
    outer loop
      vertex 165.333344 60.200001 8.000000
      vertex 171.333344 61.799999 8.000000
      vertex 171.333344 60.200001 8.000000
    endloop
  endfacet
  facet normal 0.000000 -1.000000 0.000000
    outer loop
      vertex 171.333344 61.799999 8.000000
      vertex 165.333344 61.799999 6.509090
      vertex 171.333344 61.799999 6.509090
    endloop
  endfacet
  facet normal -1.000000 0.000000 0.000000
    outer loop
      vertex 171.333344 61.799999 8.000000
      vertex 171.333344 61.500000 7.000000
      vertex 171.333344 60.200001 8.000000
    endloop
  endfacet
  facet normal -1.000000 0.000000 0.000000
    outer loop
      vertex 171.333344 61.799999 8.000000
      vertex 171.333344 61.799999 6.509090
      vertex 171.333344 61.500000 7.000000
    endloop
  endfacet
  facet normal 0.000000 1.000000 0.000000
    outer loop
      vertex 165.333344 60.200001 8.000000
      vertex 171.333344 60.200001 8.000000
      vertex 171.333344 60.200001 2.000000
    endloop
  endfacet
  facet normal -1.000000 0.000000 0.000000
    outer loop
      vertex 171.333344 60.200001 8.000000
      vertex 171.333344 61.500000 7.000000
      vertex 171.333344 61.500000 5.200001
    endloop
  endfacet
  facet normal -1.000000 0.000000 0.000000
    outer loop
      vertex 171.333344 60.200001 8.000000
      vertex 171.333344 61.500000 5.200001
      vertex 171.333344 61.500000 3.000000
    endloop
  endfacet
  facet normal -1.000000 0.000000 0.000000
    outer loop
      vertex 171.333344 60.200001 8.000000
      vertex 171.333344 61.500000 3.000000
      vertex 171.333344 60.200001 2.000000
    endloop
  endfacet
  facet normal 0.000000 -1.000000 0.000000
    outer loop
      vertex 171.333344 61.799999 3.000000
      vertex 165.333344 61.799999 2.000000
      vertex 171.333344 61.799999 2.000000
    endloop
  endfacet
  facet normal -1.000000 0.000000 0.000000
    outer loop
      vertex 171.333344 61.799999 3.000000
      vertex 171.333344 60.200001 2.000000
      vertex 171.333344 61.500000 3.000000
    endloop
  endfacet
  facet normal -1.000000 0.000000 0.000000
    outer loop
      vertex 171.333344 61.799999 3.000000
      vertex 171.333344 61.799999 2.000000
      vertex 171.333344 60.200001 2.000000
    endloop
  endfacet
  facet normal 0.000000 0.000000 0.000000
    outer loop
      vertex 165.333344 62.599998 5.800001
      vertex 165.333344 62.233334 5.800001
      vertex 165.333344 61.799999 5.800001
    endloop
  endfacet
  facet normal 0.000000 -1.000000 0.000000
    outer loop
      vertex 165.333344 62.599998 5.800001
      vertex 165.333344 62.599998 5.200001
      vertex 171.333344 62.599998 5.800001
    endloop
  endfacet
  facet normal 0.000000 0.000000 -1.000000
    outer loop
      vertex 165.333344 62.599998 5.800001
      vertex 171.333344 62.233334 5.800001
      vertex 165.333344 62.233334 5.800001
    endloop
  endfacet
  facet normal 0.000000 0.000000 0.000000
    outer loop
      vertex 165.333344 61.799999 5.800001
      vertex 165.333344 62.233334 5.800001
      vertex 165.333344 61.799999 5.800001
    endloop
  endfacet
  facet normal 0.000000 0.000000 0.000000
    outer loop
      vertex 165.333344 62.599998 5.800001
      vertex 165.333344 62.599998 5.200001
      vertex 165.333344 62.599998 5.200001
    endloop
  endfacet
  facet normal 0.000000 0.000000 0.000000
    outer loop
      vertex 165.333344 62.599998 5.800001
      vertex 165.333344 62.599998 3.000000
      vertex 165.333344 62.599998 5.200001
    endloop
  endfacet
  facet normal 0.000000 -1.000000 0.000000
    outer loop
      vertex 165.333344 62.599998 3.000000
      vertex 171.333344 62.599998 5.200001
      vertex 165.333344 62.599998 5.200001
    endloop
  endfacet
  facet normal 1.000000 0.000000 0.000000
    outer loop
      vertex 165.333344 62.599998 5.800001
      vertex 165.333344 61.799999 5.800001
      vertex 165.333344 61.500000 3.000000
    endloop
  endfacet
  facet normal 1.000000 0.000000 0.000000
    outer loop
      vertex 165.333344 61.799999 5.800001
      vertex 165.333344 61.500000 5.800001
      vertex 165.333344 61.500000 3.000000
    endloop
  endfacet
  facet normal 1.000000 0.000000 0.000000
    outer loop
      vertex 165.333344 62.599998 5.800001
      vertex 165.333344 61.799999 3.000000
      vertex 165.333344 62.599998 3.000000
    endloop
  endfacet
  facet normal 0.000000 0.000000 1.000000
    outer loop
      vertex 165.333344 62.599998 3.000000
      vertex 165.333344 61.799999 3.000000
      vertex 171.333344 61.799999 3.000000
    endloop
  endfacet
  facet normal 1.000000 0.000000 0.000000
    outer loop
      vertex 165.333344 62.599998 5.800001
      vertex 165.333344 61.500000 3.000000
      vertex 165.333344 61.799999 3.000000
    endloop
  endfacet
  facet normal 0.000000 0.000000 -1.000000
    outer loop
      vertex 165.333344 62.599998 5.800001
      vertex 171.333344 62.599998 5.800001
      vertex 171.333344 62.233334 5.800001
    endloop
  endfacet
  facet normal -1.000000 0.000000 0.000000
    outer loop
      vertex 171.333344 62.599998 5.800001
      vertex 171.333344 62.599998 5.200001
      vertex 171.333344 62.233334 5.800001
    endloop
  endfacet
  facet normal 0.000000 -1.000000 0.000000
    outer loop
      vertex 171.333344 62.599998 5.800001
      vertex 165.333344 62.599998 5.200001
      vertex 171.333344 62.599998 5.200001
    endloop
  endfacet
  facet normal -1.000000 0.000000 0.000000
    outer loop
      vertex 171.333344 62.599998 3.000000
      vertex 171.333344 61.500000 5.200001
      vertex 171.333344 62.599998 5.200001
    endloop
  endfacet
  facet normal 0.000000 -1.000000 0.000000
    outer loop
      vertex 165.333344 62.599998 3.000000
      vertex 171.333344 62.599998 3.000000
      vertex 171.333344 62.599998 5.200001
    endloop
  endfacet
  facet normal 0.000000 0.000000 1.000000
    outer loop
      vertex 165.333344 62.599998 3.000000
      vertex 171.333344 61.799999 3.000000
      vertex 171.333344 62.599998 3.000000
    endloop
  endfacet
  facet normal -1.000000 0.000000 0.000000
    outer loop
      vertex 171.333344 62.599998 3.000000
      vertex 171.333344 61.799999 3.000000
      vertex 171.333344 61.500000 5.200001
    endloop
  endfacet
  facet normal -1.000000 0.000000 0.000000
    outer loop
      vertex 171.333344 61.799999 3.000000
      vertex 171.333344 61.500000 3.000000
      vertex 171.333344 61.500000 5.200001
    endloop
  endfacet
  facet normal 0.000000 -0.853281 -0.521452
    outer loop
      vertex 165.333344 61.799999 6.509090
      vertex 165.333344 62.233334 5.800001
      vertex 171.333344 62.233334 5.800001
    endloop
  endfacet
  facet normal 1.000000 0.000000 0.000000
    outer loop
      vertex 165.333344 61.799999 5.800001
      vertex 165.333344 62.233334 5.800001
      vertex 165.333344 61.799999 6.509090
    endloop
  endfacet
  facet normal 0.000000 0.000000 0.000000
    outer loop
      vertex 165.333344 62.599998 5.200001
      vertex 165.333344 62.599998 5.200001
      vertex 165.333344 62.599998 5.200001
    endloop
  endfacet
  facet normal 0.000000 0.000000 0.000000
    outer loop
      vertex 165.333344 62.599998 5.200001
      vertex 171.333344 62.599998 5.200001
      vertex 165.333344 62.599998 5.200001
    endloop
  endfacet
  facet normal 0.000000 0.000000 0.000000
    outer loop
      vertex 165.333344 62.599998 5.200001
      vertex 165.333344 62.599998 5.200001
      vertex 171.333344 62.599998 5.200001
    endloop
  endfacet
  facet normal 0.000000 -0.853281 -0.521452
    outer loop
      vertex 171.333344 61.799999 6.509090
      vertex 165.333344 61.799999 6.509090
      vertex 171.333344 62.233334 5.800001
    endloop
  endfacet
  facet normal -1.000000 0.000000 0.000000
    outer loop
      vertex 171.333344 62.599998 5.200001
      vertex 171.333344 61.799999 6.509090
      vertex 171.333344 62.233334 5.800001
    endloop
  endfacet
  facet normal 0.000000 0.000000 0.000000
    outer loop
      vertex 171.333344 61.500000 7.000000
      vertex 171.333344 61.500000 7.000000
      vertex 171.333344 61.799999 6.509090
    endloop
  endfacet
  facet normal 1.000000 0.000000 0.000000
    outer loop
      vertex 171.333344 61.500000 7.000000
      vertex 171.333344 61.799999 6.509090
      vertex 171.333344 62.599998 5.200001
    endloop
  endfacet
  facet normal 0.000000 0.000000 0.000000
    outer loop
      vertex 171.333344 61.500000 7.000000
      vertex 171.333344 61.500000 5.200001
      vertex 171.333344 61.500000 7.000000
    endloop
  endfacet
  facet normal -1.000000 0.000000 0.000000
    outer loop
      vertex 171.333344 61.500000 7.000000
      vertex 171.333344 62.599998 5.200001
      vertex 171.333344 61.500000 5.200001
    endloop
  endfacet
  facet normal 0.000000 0.000000 0.000000
    outer loop
      vertex 171.333344 61.500000 5.200001
      vertex 171.333344 61.500000 5.200001
      vertex 171.333344 61.500000 7.000000
    endloop
  endfacet
  facet normal 0.000000 0.000000 0.000000
    outer loop
      vertex 171.333344 62.599998 5.200001
      vertex 171.333344 62.599998 5.200001
      vertex 165.333344 62.599998 5.200001
    endloop
  endfacet
  facet normal 0.000000 0.000000 0.000000
    outer loop
      vertex 165.333344 62.599998 5.200001
      vertex 171.333344 62.599998 5.200001
      vertex 171.333344 62.599998 5.200001
    endloop
  endfacet
  facet normal 0.000000 0.000000 0.000000
    outer loop
      vertex 171.333344 62.599998 5.200001
      vertex 171.333344 62.233334 5.800001
      vertex 171.333344 62.599998 5.200001
    endloop
  endfacet
  facet normal 0.000000 0.000000 0.000000
    outer loop
      vertex 171.333344 62.599998 5.200001
      vertex 171.333344 62.599998 5.200001
      vertex 171.333344 61.500000 5.200001
    endloop
  endfacet
  facet normal 0.000000 0.000000 0.000000
    outer loop
      vertex 171.333344 62.599998 5.200001
      vertex 171.333344 61.500000 5.200001
      vertex 171.333344 61.500000 5.200001
    endloop
  endfacet
  facet normal 1.000000 0.000000 0.000000
    outer loop
      vertex 174.666656 61.799999 8.000000
      vertex 174.666656 60.200001 8.000000
      vertex 174.666656 61.500000 7.000000
    endloop
  endfacet
  facet normal 1.000000 0.000000 0.000000
    outer loop
      vertex 174.666656 61.799999 8.000000
      vertex 174.666656 61.500000 7.000000
      vertex 174.666656 61.799999 6.509090
    endloop
  endfacet
  facet normal 0.000000 0.000000 -1.000000
    outer loop
      vertex 174.666656 61.799999 8.000000
      vertex 180.666656 61.799999 8.000000
      vertex 174.666656 60.200001 8.000000
    endloop
  endfacet
  facet normal 0.000000 0.000000 -1.000000
    outer loop
      vertex 174.666656 60.200001 8.000000
      vertex 180.666656 61.799999 8.000000
      vertex 180.666656 60.200001 8.000000
    endloop
  endfacet
  facet normal 0.000000 -1.000000 0.000000
    outer loop
      vertex 174.666656 61.799999 8.000000
      vertex 174.666656 61.799999 6.509090
      vertex 180.666656 61.799999 8.000000
    endloop
  endfacet
  facet normal 0.000000 -1.000000 0.000000
    outer loop
      vertex 180.666656 61.799999 8.000000
      vertex 174.666656 61.799999 6.509090
      vertex 180.666656 61.799999 6.509090
    endloop
  endfacet
  facet normal 1.000000 0.000000 0.000000
    outer loop
      vertex 174.666656 60.200001 8.000000
      vertex 174.666656 60.200001 2.000000
      vertex 174.666656 61.500000 7.000000
    endloop
  endfacet
  facet normal 0.000000 1.000000 0.000000
    outer loop
      vertex 174.666656 60.200001 8.000000
      vertex 180.666656 60.200001 8.000000
      vertex 180.666656 60.200001 2.000000
    endloop
  endfacet
  facet normal -1.000000 0.000000 0.000000
    outer loop
      vertex 180.666656 61.799999 8.000000
      vertex 180.666656 61.500000 5.800001
      vertex 180.666656 60.200001 8.000000
    endloop
  endfacet
  facet normal 0.000000 0.000000 0.000000
    outer loop
      vertex 180.666656 61.799999 8.000000
      vertex 180.666656 61.799999 6.509090
      vertex 180.666656 61.799999 5.800001
    endloop
  endfacet
  facet normal -1.000000 0.000000 0.000000
    outer loop
      vertex 180.666656 61.799999 8.000000
      vertex 180.666656 61.799999 5.800001
      vertex 180.666656 61.500000 5.800001
    endloop
  endfacet
  facet normal 0.000000 0.000000 0.000000
    outer loop
      vertex 180.666656 61.799999 5.800001
      vertex 180.666656 61.799999 6.509090
      vertex 180.666656 61.799999 5.800001
    endloop
  endfacet
  facet normal -1.000000 0.000000 0.000000
    outer loop
      vertex 180.666656 60.200001 8.000000
      vertex 180.666656 61.500000 5.800001
      vertex 180.666656 61.500000 3.000000
    endloop
  endfacet
  facet normal 1.000000 0.000000 0.000000
    outer loop
      vertex 174.666656 61.500000 5.200001
      vertex 174.666656 61.500000 7.000000
      vertex 174.666656 60.200001 2.000000
    endloop
  endfacet
  facet normal 1.000000 0.000000 0.000000
    outer loop
      vertex 174.666656 61.500000 3.000000
      vertex 174.666656 61.500000 5.200001
      vertex 174.666656 60.200001 2.000000
    endloop
  endfacet
  facet normal 0.000000 1.000000 0.000000
    outer loop
      vertex 174.666656 60.200001 8.000000
      vertex 180.666656 60.200001 2.000000
      vertex 174.666656 60.200001 2.000000
    endloop
  endfacet
  facet normal 1.000000 0.000000 0.000000
    outer loop
      vertex 174.666656 61.799999 3.000000
      vertex 174.666656 61.500000 3.000000
      vertex 174.666656 61.799999 2.000000
    endloop
  endfacet
  facet normal 1.000000 0.000000 0.000000
    outer loop
      vertex 174.666656 61.500000 3.000000
      vertex 174.666656 60.200001 2.000000
      vertex 174.666656 61.799999 2.000000
    endloop
  endfacet
  facet normal 0.000000 -1.000000 0.000000
    outer loop
      vertex 174.666656 61.799999 3.000000
      vertex 174.666656 61.799999 2.000000
      vertex 180.666656 61.799999 3.000000
    endloop
  endfacet
  facet normal 0.000000 -1.000000 0.000000
    outer loop
      vertex 180.666656 61.799999 3.000000
      vertex 174.666656 61.799999 2.000000
      vertex 180.666656 61.799999 2.000000
    endloop
  endfacet
  facet normal -1.000000 0.000000 0.000000
    outer loop
      vertex 180.666656 60.200001 8.000000
      vertex 180.666656 61.500000 3.000000
      vertex 180.666656 60.200001 2.000000
    endloop
  endfacet
  facet normal -1.000000 0.000000 0.000000
    outer loop
      vertex 180.666656 61.799999 3.000000
      vertex 180.666656 60.200001 2.000000
      vertex 180.666656 61.500000 3.000000
    endloop
  endfacet
  facet normal -1.000000 0.000000 0.000000
    outer loop
      vertex 180.666656 61.799999 3.000000
      vertex 180.666656 61.799999 2.000000
      vertex 180.666656 60.200001 2.000000
    endloop
  endfacet
  facet normal 1.000000 0.000000 0.000000
    outer loop
      vertex 174.666656 62.599998 5.800001
      vertex 174.666656 62.233334 5.800001
      vertex 174.666656 62.599998 5.200001
    endloop
  endfacet
  facet normal 0.000000 -1.000000 0.000000
    outer loop
      vertex 174.666656 62.599998 5.800001
      vertex 174.666656 62.599998 5.200001
      vertex 180.666656 62.599998 5.800001
    endloop
  endfacet
  facet normal 0.000000 0.000000 -1.000000
    outer loop
      vertex 174.666656 62.599998 5.800001
      vertex 180.666656 62.233334 5.800001
      vertex 174.666656 62.233334 5.800001
    endloop
  endfacet
  facet normal 0.000000 0.000000 -1.000000
    outer loop
      vertex 174.666656 62.599998 5.800001
      vertex 180.666656 62.599998 5.800001
      vertex 180.666656 62.233334 5.800001
    endloop
  endfacet
  facet normal 0.000000 0.000000 0.000000
    outer loop
      vertex 180.666656 62.599998 5.800001
      vertex 180.666656 61.799999 5.800001
      vertex 180.666656 62.233334 5.800001
    endloop
  endfacet
  facet normal 0.000000 0.000000 0.000000
    outer loop
      vertex 180.666656 61.799999 5.800001
      vertex 180.666656 61.799999 5.800001
      vertex 180.666656 62.233334 5.800001
    endloop
  endfacet
  facet normal 1.000000 0.000000 0.000000
    outer loop
      vertex 174.666656 61.500000 3.000000
      vertex 174.666656 62.599998 5.200001
      vertex 174.666656 61.500000 5.200001
    endloop
  endfacet
  facet normal 0.000000 -1.000000 0.000000
    outer loop
      vertex 180.666656 62.599998 5.800001
      vertex 174.666656 62.599998 5.200001
      vertex 180.666656 62.599998 5.200001
    endloop
  endfacet
  facet normal 0.000000 -1.000000 0.000000
    outer loop
      vertex 174.666656 62.599998 3.000000
      vertex 180.666656 62.599998 5.200001
      vertex 174.666656 62.599998 5.200001
    endloop
  endfacet
  facet normal 1.000000 0.000000 0.000000
    outer loop
      vertex 174.666656 62.599998 3.000000
      vertex 174.666656 62.599998 5.200001
      vertex 174.666656 61.799999 3.000000
    endloop
  endfacet
  facet normal 1.000000 0.000000 0.000000
    outer loop
      vertex 174.666656 61.799999 3.000000
      vertex 174.666656 62.599998 5.200001
      vertex 174.666656 61.500000 3.000000
    endloop
  endfacet
  facet normal 0.000000 -1.000000 0.000000
    outer loop
      vertex 174.666656 62.599998 3.000000
      vertex 180.666656 62.599998 3.000000
      vertex 180.666656 62.599998 5.200001
    endloop
  endfacet
  facet normal 0.000000 0.000000 1.000000
    outer loop
      vertex 174.666656 62.599998 3.000000
      vertex 174.666656 61.799999 3.000000
      vertex 180.666656 61.799999 3.000000
    endloop
  endfacet
  facet normal 0.000000 0.000000 1.000000
    outer loop
      vertex 174.666656 62.599998 3.000000
      vertex 180.666656 61.799999 3.000000
      vertex 180.666656 62.599998 3.000000
    endloop
  endfacet
  facet normal -1.000000 0.000000 0.000000
    outer loop
      vertex 180.666656 62.599998 5.800001
      vertex 180.666656 62.599998 3.000000
      vertex 180.666656 61.799999 5.800001
    endloop
  endfacet
  facet normal 0.000000 0.000000 0.000000
    outer loop
      vertex 180.666656 62.599998 5.800001
      vertex 180.666656 62.599998 5.200001
      vertex 180.666656 62.599998 3.000000
    endloop
  endfacet
  facet normal 0.000000 0.000000 0.000000
    outer loop
      vertex 180.666656 62.599998 3.000000
      vertex 180.666656 62.599998 5.200001
      vertex 180.666656 62.599998 5.200001
    endloop
  endfacet
  facet normal -1.000000 0.000000 0.000000
    outer loop
      vertex 180.666656 61.799999 5.800001
      vertex 180.666656 62.599998 3.000000
      vertex 180.666656 61.500000 5.800001
    endloop
  endfacet
  facet normal -1.000000 0.000000 0.000000
    outer loop
      vertex 180.666656 61.500000 5.800001
      vertex 180.666656 62.599998 3.000000
      vertex 180.666656 61.799999 3.000000
    endloop
  endfacet
  facet normal -1.000000 0.000000 0.000000
    outer loop
      vertex 180.666656 61.500000 5.800001
      vertex 180.666656 61.799999 3.000000
      vertex 180.666656 61.500000 3.000000
    endloop
  endfacet
  facet normal 1.000000 0.000000 0.000000
    outer loop
      vertex 174.666656 61.500000 7.000000
      vertex 174.666656 62.599998 5.200001
      vertex 174.666656 62.233334 5.800001
    endloop
  endfacet
  facet normal 0.000000 0.000000 0.000000
    outer loop
      vertex 174.666656 61.500000 7.000000
      vertex 174.666656 61.799999 6.509090
      vertex 174.666656 61.500000 7.000000
    endloop
  endfacet
  facet normal -1.000000 0.000000 0.000000
    outer loop
      vertex 174.666656 61.500000 7.000000
      vertex 174.666656 62.233334 5.800001
      vertex 174.666656 61.799999 6.509090
    endloop
  endfacet
  facet normal 0.000000 0.000000 0.000000
    outer loop
      vertex 174.666656 61.500000 7.000000
      vertex 174.666656 61.500000 7.000000
      vertex 174.666656 61.500000 5.200001
    endloop
  endfacet
  facet normal 1.000000 0.000000 0.000000
    outer loop
      vertex 174.666656 61.500000 7.000000
      vertex 174.666656 61.500000 5.200001
      vertex 174.666656 62.599998 5.200001
    endloop
  endfacet
  facet normal 0.000000 0.000000 0.000000
    outer loop
      vertex 174.666656 61.500000 7.000000
      vertex 174.666656 61.500000 5.200001
      vertex 174.666656 61.500000 5.200001
    endloop
  endfacet
  facet normal 0.000000 -0.853281 -0.521452
    outer loop
      vertex 174.666656 62.233334 5.800001
      vertex 180.666656 62.233334 5.800001
      vertex 174.666656 61.799999 6.509090
    endloop
  endfacet
  facet normal 0.000000 -0.853281 -0.521452
    outer loop
      vertex 174.666656 61.799999 6.509090
      vertex 180.666656 62.233334 5.800001
      vertex 180.666656 61.799999 6.509090
    endloop
  endfacet
  facet normal -1.000000 0.000000 0.000000
    outer loop
      vertex 180.666656 61.799999 5.800001
      vertex 180.666656 61.799999 6.509090
      vertex 180.666656 62.233334 5.800001
    endloop
  endfacet
  facet normal 0.000000 0.000000 0.000000
    outer loop
      vertex 174.666656 62.599998 5.200001
      vertex 174.666656 62.599998 5.200001
      vertex 174.666656 62.233334 5.800001
    endloop
  endfacet
  facet normal 0.000000 0.000000 0.000000
    outer loop
      vertex 174.666656 62.599998 5.200001
      vertex 174.666656 61.500000 5.200001
      vertex 174.666656 62.599998 5.200001
    endloop
  endfacet
  facet normal 0.000000 0.000000 0.000000
    outer loop
      vertex 174.666656 61.500000 5.200001
      vertex 174.666656 61.500000 5.200001
      vertex 174.666656 62.599998 5.200001
    endloop
  endfacet
  facet normal 0.000000 0.000000 0.000000
    outer loop
      vertex 174.666656 62.599998 5.200001
      vertex 180.666656 62.599998 5.200001
      vertex 174.666656 62.599998 5.200001
    endloop
  endfacet
  facet normal 0.000000 0.000000 0.000000
    outer loop
      vertex 174.666656 62.599998 5.200001
      vertex 174.666656 62.599998 5.200001
      vertex 180.666656 62.599998 5.200001
    endloop
  endfacet
  facet normal 0.000000 0.000000 0.000000
    outer loop
      vertex 180.666656 62.599998 5.200001
      vertex 180.666656 62.599998 5.200001
      vertex 174.666656 62.599998 5.200001
    endloop
  endfacet
  facet normal 0.000000 0.000000 0.000000
    outer loop
      vertex 174.666656 62.599998 5.200001
      vertex 180.666656 62.599998 5.200001
      vertex 180.666656 62.599998 5.200001
    endloop
  endfacet
  facet normal 0.000000 0.000000 0.000000
    outer loop
      vertex 180.666656 62.599998 5.200001
      vertex 180.666656 62.599998 5.200001
      vertex 180.666656 62.599998 5.200001
    endloop
  endfacet
  facet normal 1.000000 0.000000 0.000000
    outer loop
      vertex 127.333336 3.799999 8.000000
      vertex 127.333336 2.200001 8.000000
      vertex 127.333336 2.500000 7.000000
    endloop
  endfacet
  facet normal 0.000000 0.000000 -1.000000
    outer loop
      vertex 127.333336 3.799999 8.000000
      vertex 133.333328 3.799999 8.000000
      vertex 127.333336 2.200001 8.000000
    endloop
  endfacet
  facet normal 1.000000 0.000000 0.000000
    outer loop
      vertex 127.333336 2.200001 8.000000
      vertex 127.333336 2.200001 6.509090
      vertex 127.333336 2.500000 7.000000
    endloop
  endfacet
  facet normal 0.000000 1.000000 0.000000
    outer loop
      vertex 127.333336 2.200001 8.000000
      vertex 133.333328 2.200001 6.509090
      vertex 127.333336 2.200001 6.509090
    endloop
  endfacet
  facet normal 0.000000 0.000000 -1.000000
    outer loop
      vertex 127.333336 2.200001 8.000000
      vertex 133.333328 3.799999 8.000000
      vertex 133.333328 2.200001 8.000000
    endloop
  endfacet
  facet normal 0.000000 1.000000 0.000000
    outer loop
      vertex 127.333336 2.200001 8.000000
      vertex 133.333328 2.200001 8.000000
      vertex 133.333328 2.200001 6.509090
    endloop
  endfacet
  facet normal 1.000000 0.000000 0.000000
    outer loop
      vertex 127.333336 3.799999 8.000000
      vertex 127.333336 2.500000 7.000000
      vertex 127.333336 2.500000 5.200001
    endloop
  endfacet
  facet normal 0.000000 -1.000000 0.000000
    outer loop
      vertex 127.333336 3.799999 8.000000
      vertex 127.333336 3.799999 2.000000
      vertex 133.333328 3.799999 8.000000
    endloop
  endfacet
  facet normal 0.000000 0.000000 0.000000
    outer loop
      vertex 133.333328 2.200001 8.000000
      vertex 133.333328 2.200001 5.800001
      vertex 133.333328 2.200001 6.509090
    endloop
  endfacet
  facet normal -1.000000 0.000000 0.000000
    outer loop
      vertex 133.333328 3.799999 8.000000
      vertex 133.333328 3.799999 2.000000
      vertex 133.333328 2.200001 8.000000
    endloop
  endfacet
  facet normal 0.000000 0.000000 0.000000
    outer loop
      vertex 133.333328 2.200001 5.800001
      vertex 133.333328 2.200001 5.800001
      vertex 133.333328 2.200001 6.509090
    endloop
  endfacet
  facet normal 1.000000 0.000000 0.000000
    outer loop
      vertex 127.333336 3.799999 8.000000
      vertex 127.333336 2.500000 5.200001
      vertex 127.333336 2.500000 3.000000
    endloop
  endfacet
  facet normal 1.000000 0.000000 0.000000
    outer loop
      vertex 127.333336 3.799999 8.000000
      vertex 127.333336 2.500000 3.000000
      vertex 127.333336 3.799999 2.000000
    endloop
  endfacet
  facet normal 0.000000 -1.000000 0.000000
    outer loop
      vertex 133.333328 3.799999 8.000000
      vertex 127.333336 3.799999 2.000000
      vertex 133.333328 3.799999 2.000000
    endloop
  endfacet
  facet normal 1.000000 0.000000 0.000000
    outer loop
      vertex 127.333336 2.500000 3.000000
      vertex 127.333336 2.200001 3.000000
      vertex 127.333336 3.799999 2.000000
    endloop
  endfacet
  facet normal 1.000000 0.000000 0.000000
    outer loop
      vertex 127.333336 2.200001 3.000000
      vertex 127.333336 2.200001 2.000000
      vertex 127.333336 3.799999 2.000000
    endloop
  endfacet
  facet normal 0.000000 1.000000 0.000000
    outer loop
      vertex 127.333336 2.200001 3.000000
      vertex 133.333328 2.200001 2.000000
      vertex 127.333336 2.200001 2.000000
    endloop
  endfacet
  facet normal 0.000000 1.000000 0.000000
    outer loop
      vertex 127.333336 2.200001 3.000000
      vertex 133.333328 2.200001 3.000000
      vertex 133.333328 2.200001 2.000000
    endloop
  endfacet
  facet normal -1.000000 0.000000 0.000000
    outer loop
      vertex 133.333328 2.200001 8.000000
      vertex 133.333328 3.799999 2.000000
      vertex 133.333328 2.200001 5.800001
    endloop
  endfacet
  facet normal -1.000000 0.000000 0.000000
    outer loop
      vertex 133.333328 2.200001 5.800001
      vertex 133.333328 3.799999 2.000000
      vertex 133.333328 2.200001 3.000000
    endloop
  endfacet
  facet normal -1.000000 0.000000 0.000000
    outer loop
      vertex 133.333328 2.200001 3.000000
      vertex 133.333328 3.799999 2.000000
      vertex 133.333328 2.200001 2.000000
    endloop
  endfacet
  facet normal 1.000000 0.000000 0.000000
    outer loop
      vertex 127.333336 1.400002 5.800001
      vertex 127.333336 1.400002 5.200001
      vertex 127.333336 1.766666 5.800001
    endloop
  endfacet
  facet normal 0.000000 0.000000 -1.000000
    outer loop
      vertex 127.333336 1.400002 5.800001
      vertex 127.333336 1.766666 5.800001
      vertex 133.333328 1.400002 5.800001
    endloop
  endfacet
  facet normal 0.000000 0.000000 -1.000000
    outer loop
      vertex 133.333328 1.400002 5.800001
      vertex 127.333336 1.766666 5.800001
      vertex 133.333328 1.766666 5.800001
    endloop
  endfacet
  facet normal 0.000000 0.000000 0.000000
    outer loop
      vertex 133.333328 2.200001 5.800001
      vertex 133.333328 1.766666 5.800001
      vertex 133.333328 2.200001 5.800001
    endloop
  endfacet
  facet normal 0.000000 0.000000 0.000000
    outer loop
      vertex 133.333328 2.200001 5.800001
      vertex 133.333328 1.400002 5.800001
      vertex 133.333328 1.766666 5.800001
    endloop
  endfacet
  facet normal 1.000000 0.000000 0.000000
    outer loop
      vertex 127.333336 1.400002 3.000000
      vertex 127.333336 2.500000 5.200001
      vertex 127.333336 1.400002 5.200001
    endloop
  endfacet
  facet normal 0.000000 1.000000 0.000000
    outer loop
      vertex 127.333336 1.400002 5.800001
      vertex 133.333328 1.400002 3.000000
      vertex 127.333336 1.400002 5.200001
    endloop
  endfacet
  facet normal 0.000000 1.000000 0.000000
    outer loop
      vertex 127.333336 1.400002 5.800001
      vertex 133.333328 1.400002 5.800001
      vertex 133.333328 1.400002 3.000000
    endloop
  endfacet
  facet normal 1.000000 0.000000 0.000000
    outer loop
      vertex 127.333336 2.500000 3.000000
      vertex 127.333336 2.500000 5.200001
      vertex 127.333336 2.200001 3.000000
    endloop
  endfacet
  facet normal 1.000000 0.000000 0.000000
    outer loop
      vertex 127.333336 2.200001 3.000000
      vertex 127.333336 2.500000 5.200001
      vertex 127.333336 1.400002 3.000000
    endloop
  endfacet
  facet normal 0.000000 1.000000 0.000000
    outer loop
      vertex 127.333336 1.400002 5.200001
      vertex 133.333328 1.400002 3.000000
      vertex 127.333336 1.400002 3.000000
    endloop
  endfacet
  facet normal 0.000000 0.000000 1.000000
    outer loop
      vertex 127.333336 2.200001 3.000000
      vertex 127.333336 1.400002 3.000000
      vertex 133.333328 1.400002 3.000000
    endloop
  endfacet
  facet normal 0.000000 0.000000 1.000000
    outer loop
      vertex 127.333336 2.200001 3.000000
      vertex 133.333328 1.400002 3.000000
      vertex 133.333328 2.200001 3.000000
    endloop
  endfacet
  facet normal -1.000000 0.000000 0.000000
    outer loop
      vertex 133.333328 2.200001 5.800001
      vertex 133.333328 2.200001 3.000000
      vertex 133.333328 1.400002 5.800001
    endloop
  endfacet
  facet normal -1.000000 0.000000 0.000000
    outer loop
      vertex 133.333328 1.400002 5.800001
      vertex 133.333328 2.200001 3.000000
      vertex 133.333328 1.400002 3.000000
    endloop
  endfacet
  facet normal 0.000000 0.853283 -0.521449
    outer loop
      vertex 127.333328 2.500000 7.000000
      vertex 127.333336 2.500000 7.000000
      vertex 127.333336 2.200001 6.509090
    endloop
  endfacet
  facet normal 0.000000 -1.000000 0.000000
    outer loop
      vertex 127.333328 2.500000 7.000000
      vertex 127.333336 2.500000 5.200001
      vertex 127.333336 2.500000 7.000000
    endloop
  endfacet
  facet normal 1.000000 0.000025 0.000000
    outer loop
      vertex 127.333328 2.500000 7.000000
      vertex 127.333336 2.200001 6.509090
      vertex 127.333328 2.500000 5.200001
    endloop
  endfacet
  facet normal 0.000000 0.853281 -0.521452
    outer loop
      vertex 133.333328 2.200001 6.509090
      vertex 127.333336 1.766666 5.800001
      vertex 127.333336 2.200001 6.509090
    endloop
  endfacet
  facet normal 1.000000 0.000007 -0.000004
    outer loop
      vertex 127.333328 2.500000 5.200001
      vertex 127.333336 2.200001 6.509090
      vertex 127.333336 1.766666 5.800001
    endloop
  endfacet
  facet normal 0.000000 -1.000000 0.000000
    outer loop
      vertex 127.333328 2.500000 7.000000
      vertex 127.333328 2.500000 5.200001
      vertex 127.333336 2.500000 5.200001
    endloop
  endfacet
  facet normal 0.000000 0.853281 -0.521452
    outer loop
      vertex 127.333336 1.766666 5.800001
      vertex 133.333328 2.200001 6.509090
      vertex 133.333328 1.766666 5.800001
    endloop
  endfacet
  facet normal -1.000000 0.000000 0.000000
    outer loop
      vertex 133.333328 2.200001 5.800001
      vertex 133.333328 1.766666 5.800001
      vertex 133.333328 2.200001 6.509090
    endloop
  endfacet
  facet normal 0.000000 0.000000 1.000000
    outer loop
      vertex 127.333328 2.500000 5.200001
      vertex 127.333336 1.400002 5.200001
      vertex 127.333336 2.500000 5.200001
    endloop
  endfacet
  facet normal 1.000000 0.000000 -0.000013
    outer loop
      vertex 127.333328 1.400002 5.200001
      vertex 127.333328 2.500000 5.200001
      vertex 127.333336 1.766666 5.800001
    endloop
  endfacet
  facet normal 0.000000 0.853283 -0.521448
    outer loop
      vertex 127.333328 1.400002 5.200001
      vertex 127.333336 1.766666 5.800001
      vertex 127.333336 1.400002 5.200001
    endloop
  endfacet
  facet normal 0.000000 0.000000 1.000000
    outer loop
      vertex 127.333328 2.500000 5.200001
      vertex 127.333328 1.400002 5.200001
      vertex 127.333336 1.400002 5.200001
    endloop
  endfacet
  facet normal 1.000000 0.000000 0.000000
    outer loop
      vertex 155.666672 3.799999 8.000000
      vertex 155.666672 2.200001 8.000000
      vertex 155.666672 2.500000 5.800001
    endloop
  endfacet
  facet normal 0.000000 0.000000 0.000000
    outer loop
      vertex 155.666672 2.200001 8.000000
      vertex 155.666672 2.200001 6.509090
      vertex 155.666672 2.200001 5.800001
    endloop
  endfacet
  facet normal 1.000000 0.000000 0.000000
    outer loop
      vertex 155.666672 2.200001 8.000000
      vertex 155.666672 2.200001 5.800001
      vertex 155.666672 2.500000 5.800001
    endloop
  endfacet
  facet normal 0.000000 0.000000 0.000000
    outer loop
      vertex 155.666672 2.200001 5.800001
      vertex 155.666672 2.200001 6.509090
      vertex 155.666672 2.200001 5.800001
    endloop
  endfacet
  facet normal 1.000000 0.000000 0.000000
    outer loop
      vertex 155.666672 3.799999 8.000000
      vertex 155.666672 2.500000 5.800001
      vertex 155.666672 2.500000 3.000000
    endloop
  endfacet
  facet normal 0.000000 0.000000 -1.000000
    outer loop
      vertex 155.666672 3.799999 8.000000
      vertex 161.666672 3.799999 8.000000
      vertex 155.666672 2.200001 8.000000
    endloop
  endfacet
  facet normal 0.000000 1.000000 0.000000
    outer loop
      vertex 155.666672 2.200001 8.000000
      vertex 161.666672 2.200001 6.509090
      vertex 155.666672 2.200001 6.509090
    endloop
  endfacet
  facet normal 0.000000 0.000000 -1.000000
    outer loop
      vertex 155.666672 2.200001 8.000000
      vertex 161.666672 3.799999 8.000000
      vertex 161.666672 2.200001 8.000000
    endloop
  endfacet
  facet normal -1.000000 0.000000 0.000000
    outer loop
      vertex 161.666672 3.799999 8.000000
      vertex 161.666672 2.500000 7.000000
      vertex 161.666672 2.200001 8.000000
    endloop
  endfacet
  facet normal 0.000000 1.000000 0.000000
    outer loop
      vertex 155.666672 2.200001 8.000000
      vertex 161.666672 2.200001 8.000000
      vertex 161.666672 2.200001 6.509090
    endloop
  endfacet
  facet normal -1.000000 0.000000 0.000000
    outer loop
      vertex 161.666672 2.200001 8.000000
      vertex 161.666672 2.500000 7.000000
      vertex 161.666672 2.200001 6.509090
    endloop
  endfacet
  facet normal 0.000000 -1.000000 0.000000
    outer loop
      vertex 155.666672 3.799999 8.000000
      vertex 155.666672 3.799999 2.000000
      vertex 161.666672 3.799999 8.000000
    endloop
  endfacet
  facet normal -1.000000 0.000000 0.000000
    outer loop
      vertex 161.666672 3.799999 8.000000
      vertex 161.666672 3.799999 2.000000
      vertex 161.666672 2.500000 7.000000
    endloop
  endfacet
  facet normal 1.000000 0.000000 0.000000
    outer loop
      vertex 155.666672 3.799999 8.000000
      vertex 155.666672 2.500000 3.000000
      vertex 155.666672 3.799999 2.000000
    endloop
  endfacet
  facet normal 1.000000 0.000000 0.000000
    outer loop
      vertex 155.666672 2.500000 3.000000
      vertex 155.666672 2.200001 3.000000
      vertex 155.666672 3.799999 2.000000
    endloop
  endfacet
  facet normal 1.000000 0.000000 0.000000
    outer loop
      vertex 155.666672 2.200001 3.000000
      vertex 155.666672 2.200001 2.000000
      vertex 155.666672 3.799999 2.000000
    endloop
  endfacet
  facet normal -1.000000 0.000000 0.000000
    outer loop
      vertex 161.666672 3.799999 2.000000
      vertex 161.666672 2.500000 5.200001
      vertex 161.666672 2.500000 7.000000
    endloop
  endfacet
  facet normal -1.000000 0.000000 0.000000
    outer loop
      vertex 161.666672 3.799999 2.000000
      vertex 161.666672 2.200001 5.200001
      vertex 161.666672 2.500000 5.200001
    endloop
  endfacet
  facet normal 0.000000 -1.000000 0.000000
    outer loop
      vertex 161.666672 3.799999 8.000000
      vertex 155.666672 3.799999 2.000000
      vertex 161.666672 3.799999 2.000000
    endloop
  endfacet
  facet normal -1.000000 0.000000 0.000000
    outer loop
      vertex 161.666672 2.200001 3.000000
      vertex 161.666672 2.200001 5.200001
      vertex 161.666672 3.799999 2.000000
    endloop
  endfacet
  facet normal 0.000000 1.000000 0.000000
    outer loop
      vertex 155.666672 2.200001 3.000000
      vertex 161.666672 2.200001 2.000000
      vertex 155.666672 2.200001 2.000000
    endloop
  endfacet
  facet normal 0.000000 1.000000 0.000000
    outer loop
      vertex 155.666672 2.200001 3.000000
      vertex 161.666672 2.200001 3.000000
      vertex 161.666672 2.200001 2.000000
    endloop
  endfacet
  facet normal -1.000000 0.000000 0.000000
    outer loop
      vertex 161.666672 2.200001 3.000000
      vertex 161.666672 3.799999 2.000000
      vertex 161.666672 2.200001 2.000000
    endloop
  endfacet
  facet normal 0.000000 0.000000 0.000000
    outer loop
      vertex 155.666672 2.200001 5.800001
      vertex 155.666672 2.200001 5.800001
      vertex 155.666672 1.766666 5.800001
    endloop
  endfacet
  facet normal 0.000000 0.000000 0.000000
    outer loop
      vertex 155.666672 2.200001 5.800001
      vertex 155.666672 1.766666 5.800001
      vertex 155.666672 1.400002 5.800001
    endloop
  endfacet
  facet normal 0.000000 0.000000 -1.000000
    outer loop
      vertex 155.666672 1.400002 5.800001
      vertex 155.666672 1.766666 5.800001
      vertex 161.666672 1.400002 5.800001
    endloop
  endfacet
  facet normal 0.000000 0.000000 -1.000000
    outer loop
      vertex 161.666672 1.400002 5.800001
      vertex 155.666672 1.766666 5.800001
      vertex 161.666672 1.766666 5.800001
    endloop
  endfacet
  facet normal 0.000000 1.000000 0.000000
    outer loop
      vertex 155.666672 1.400002 5.800001
      vertex 161.666672 1.400002 5.800001
      vertex 161.666672 1.400002 5.200001
    endloop
  endfacet
  facet normal -1.000000 0.000000 0.000000
    outer loop
      vertex 161.666672 1.400002 5.800001
      vertex 161.666672 1.766666 5.800001
      vertex 161.666672 1.400002 5.200001
    endloop
  endfacet
  facet normal 1.000000 0.000000 0.000000
    outer loop
      vertex 155.666672 2.500000 5.800001
      vertex 155.666672 2.200001 5.800001
      vertex 155.666672 1.400002 3.000000
    endloop
  endfacet
  facet normal 1.000000 0.000000 0.000000
    outer loop
      vertex 155.666672 2.200001 5.800001
      vertex 155.666672 1.400002 5.800001
      vertex 155.666672 1.400002 3.000000
    endloop
  endfacet
  facet normal 1.000000 0.000000 0.000000
    outer loop
      vertex 155.666672 2.500000 5.800001
      vertex 155.666672 2.200001 3.000000
      vertex 155.666672 2.500000 3.000000
    endloop
  endfacet
  facet normal 1.000000 0.000000 0.000000
    outer loop
      vertex 155.666672 2.500000 5.800001
      vertex 155.666672 1.400002 3.000000
      vertex 155.666672 2.200001 3.000000
    endloop
  endfacet
  facet normal 0.000000 1.000000 0.000000
    outer loop
      vertex 155.666672 1.400002 5.800001
      vertex 161.666672 1.400002 5.200001
      vertex 161.666672 1.400002 3.000000
    endloop
  endfacet
  facet normal -1.000000 0.000000 0.000000
    outer loop
      vertex 161.666672 2.200001 3.000000
      vertex 161.666672 1.400002 5.200001
      vertex 161.666672 2.200001 5.200001
    endloop
  endfacet
  facet normal 0.000000 1.000000 0.000000
    outer loop
      vertex 155.666672 1.400002 5.800001
      vertex 161.666672 1.400002 3.000000
      vertex 155.666672 1.400002 3.000000
    endloop
  endfacet
  facet normal 0.000000 0.000000 1.000000
    outer loop
      vertex 155.666672 2.200001 3.000000
      vertex 155.666672 1.400002 3.000000
      vertex 161.666672 1.400002 3.000000
    endloop
  endfacet
  facet normal -1.000000 0.000000 0.000000
    outer loop
      vertex 161.666672 2.200001 3.000000
      vertex 161.666672 1.400002 3.000000
      vertex 161.666672 1.400002 5.200001
    endloop
  endfacet
  facet normal 0.000000 0.000000 1.000000
    outer loop
      vertex 155.666672 2.200001 3.000000
      vertex 161.666672 1.400002 3.000000
      vertex 161.666672 2.200001 3.000000
    endloop
  endfacet
  facet normal 1.000000 0.000000 0.000000
    outer loop
      vertex 155.666672 2.200001 5.800001
      vertex 155.666672 2.200001 6.509090
      vertex 155.666672 1.766666 5.800001
    endloop
  endfacet
  facet normal 0.000000 0.853281 -0.521452
    outer loop
      vertex 161.666672 2.200001 6.509090
      vertex 155.666672 1.766666 5.800001
      vertex 155.666672 2.200001 6.509090
    endloop
  endfacet
  facet normal 0.000000 0.000000 0.000000
    outer loop
      vertex 161.666672 2.500000 7.000000
      vertex 161.666672 2.200001 6.509090
      vertex 161.666672 2.500000 7.000000
    endloop
  endfacet
  facet normal 0.000000 0.000000 0.000000
    outer loop
      vertex 161.666672 2.500000 7.000000
      vertex 161.666672 2.500000 7.000000
      vertex 161.666672 2.500000 5.200001
    endloop
  endfacet
  facet normal 1.000000 0.000000 0.000000
    outer loop
      vertex 161.666672 2.500000 7.000000
      vertex 161.666672 1.400002 5.200001
      vertex 161.666672 2.200001 6.509090
    endloop
  endfacet
  facet normal 0.000000 0.000000 0.000000
    outer loop
      vertex 161.666672 2.500000 7.000000
      vertex 161.666672 2.500000 5.200001
      vertex 161.666672 2.500000 5.200001
    endloop
  endfacet
  facet normal -1.000000 0.000000 0.000000
    outer loop
      vertex 161.666672 2.500000 7.000000
      vertex 161.666672 2.500000 5.200001
      vertex 161.666672 1.400002 5.200001
    endloop
  endfacet
  facet normal 0.000000 0.853281 -0.521452
    outer loop
      vertex 155.666672 1.766666 5.800001
      vertex 161.666672 2.200001 6.509090
      vertex 161.666672 1.766666 5.800001
    endloop
  endfacet
  facet normal -1.000000 0.000000 0.000000
    outer loop
      vertex 161.666672 2.200001 6.509090
      vertex 161.666672 1.400002 5.200001
      vertex 161.666672 1.766666 5.800001
    endloop
  endfacet
  facet normal 0.000000 0.000000 0.000000
    outer loop
      vertex 161.666672 2.500000 5.200001
      vertex 161.666672 2.500000 5.200001
      vertex 161.666672 2.200001 5.200001
    endloop
  endfacet
  facet normal 0.000000 0.000000 0.000000
    outer loop
      vertex 161.666672 2.500000 5.200001
      vertex 161.666672 2.200001 5.200001
      vertex 161.666672 1.400002 5.200001
    endloop
  endfacet
  facet normal 0.000000 0.000000 0.000000
    outer loop
      vertex 161.666672 1.400002 5.200001
      vertex 161.666672 1.400002 5.200001
      vertex 161.666672 1.766666 5.800001
    endloop
  endfacet
  facet normal 0.000000 0.000000 0.000000
    outer loop
      vertex 161.666672 1.400002 5.200001
      vertex 161.666672 2.200001 5.200001
      vertex 161.666672 1.400002 5.200001
    endloop
  endfacet
endsolid casemaker
