solid casemaker
  facet normal 0.000000 0.000000 -1.000000
    outer loop
      vertex 0.000000 14.000000 0.000000
      vertex 0.068148 35.735561 0.000000
      vertex 2.000000 14.000000 0.000000
    endloop
  endfacet
  facet normal -1.000000 0.000000 0.000000
    outer loop
      vertex 0.000000 14.000000 0.000000
      vertex 0.000000 14.000000 19.100000
      vertex 0.000000 20.084743 8.450000
    endloop
  endfacet
  facet normal -1.000000 0.000000 0.000000
    outer loop
      vertex 0.000000 14.000000 0.000000
      vertex 0.000000 20.084743 8.450000
      vertex 0.000000 21.990000 7.350000
    endloop
  endfacet
  facet normal -1.000000 0.000000 0.000000
    outer loop
      vertex 0.000000 14.000000 0.000000
      vertex 0.000000 21.990000 7.350000
      vertex 0.000000 23.895256 8.450000
    endloop
  endfacet
  facet normal -1.000000 0.000000 0.000000
    outer loop
      vertex 0.000000 14.000000 0.000000
      vertex 0.000000 23.895256 8.450000
      vertex 0.000000 25.884743 8.450000
    endloop
  endfacet
  facet normal -1.000000 0.000000 0.000000
    outer loop
      vertex 0.000000 14.000000 0.000000
      vertex 0.000000 25.884743 8.450000
      vertex 0.000000 27.790001 7.350000
    endloop
  endfacet
  facet normal -1.000000 0.000000 0.000000
    outer loop
      vertex 0.000000 23.895256 10.650000
      vertex 0.000000 25.884743 8.450000
      vertex 0.000000 23.895256 8.450000
    endloop
  endfacet
  facet normal 0.000000 0.000000 -1.000000
    outer loop
      vertex 2.000000 14.000000 0.000000
      vertex 0.068148 35.735561 0.000000
      vertex 31.400000 14.000000 0.000000
    endloop
  endfacet
  facet normal -1.000000 0.000000 0.000000
    outer loop
      vertex 0.000000 14.000000 19.100000
      vertex 0.000000 20.084743 10.650000
      vertex 0.000000 20.084743 8.450000
    endloop
  endfacet
  facet normal -1.000000 0.000000 0.000000
    outer loop
      vertex 0.000000 14.000000 19.100000
      vertex 0.000000 21.990000 11.750000
      vertex 0.000000 20.084743 10.650000
    endloop
  endfacet
  facet normal -1.000000 0.000000 0.000000
    outer loop
      vertex 0.000000 14.000000 19.100000
      vertex 0.000000 35.779999 19.100000
      vertex 0.000000 21.990000 11.750000
    endloop
  endfacet
  facet normal 0.000000 0.000000 1.000000
    outer loop
      vertex 0.000000 14.000000 19.100000
      vertex 2.000000 14.000000 19.100000
      vertex 2.000000 34.475807 19.100000
    endloop
  endfacet
  facet normal 0.000000 0.000000 -1.000000
    outer loop
      vertex 0.000000 14.000000 0.000000
      vertex 0.000000 35.779999 0.000000
      vertex 0.068148 35.735561 0.000000
    endloop
  endfacet
  facet normal -1.000000 0.000000 0.000000
    outer loop
      vertex 0.000000 14.000000 0.000000
      vertex 0.000000 27.790001 7.350000
      vertex 0.000000 35.779999 0.000000
    endloop
  endfacet
  facet normal -1.000000 0.000000 0.000000
    outer loop
      vertex 0.000000 35.779999 0.000000
      vertex 0.000000 27.790001 7.350000
      vertex 0.000000 29.695255 8.450000
    endloop
  endfacet
  facet normal -1.000000 0.000000 0.000000
    outer loop
      vertex 0.000000 35.779999 0.000000
      vertex 0.000000 29.695255 8.450000
      vertex 0.000000 29.695255 10.650000
    endloop
  endfacet
  facet normal 0.000000 0.000000 -1.000000
    outer loop
      vertex 0.068148 35.735561 0.000000
      vertex 0.068148 35.779999 0.000000
      vertex 33.331852 14.044439 0.000000
    endloop
  endfacet
  facet normal 0.000000 0.000000 -1.000000
    outer loop
      vertex 0.068148 35.779999 0.000000
      vertex 2.000000 35.779999 0.000000
      vertex 33.331852 14.044439 0.000000
    endloop
  endfacet
  facet normal -1.000000 0.000000 0.000000
    outer loop
      vertex 0.000000 25.884743 8.450000
      vertex 0.000000 23.895256 10.650000
      vertex 0.000000 25.884743 10.650000
    endloop
  endfacet
  facet normal -1.000000 0.000000 0.000000
    outer loop
      vertex 0.000000 35.779999 19.100000
      vertex 0.000000 23.895256 10.650000
      vertex 0.000000 21.990000 11.750000
    endloop
  endfacet
  facet normal -1.000000 0.000000 0.000000
    outer loop
      vertex 0.000000 35.779999 19.100000
      vertex 0.000000 25.884743 10.650000
      vertex 0.000000 23.895256 10.650000
    endloop
  endfacet
  facet normal -1.000000 0.000000 0.000000
    outer loop
      vertex 0.000000 35.779999 19.100000
      vertex 0.000000 27.790001 11.750000
      vertex 0.000000 25.884743 10.650000
    endloop
  endfacet
  facet normal -1.000000 0.000000 0.000000
    outer loop
      vertex 0.000000 35.779999 19.100000
      vertex 0.000000 29.695255 10.650000
      vertex 0.000000 27.790001 11.750000
    endloop
  endfacet
  facet normal -1.000000 0.000000 0.000000
    outer loop
      vertex 0.000000 35.779999 0.000000
      vertex 0.000000 29.695255 10.650000
      vertex 0.000000 35.779999 19.100000
    endloop
  endfacet
  facet normal 0.000000 0.000000 1.000000
    outer loop
      vertex 0.000000 14.000000 19.100000
      vertex 2.000000 34.475807 19.100000
      vertex 0.000000 35.779999 19.100000
    endloop
  endfacet
  facet normal 0.000000 0.000000 -1.000000
    outer loop
      vertex 0.068148 35.735561 0.000000
      vertex 33.331852 14.000000 0.000000
      vertex 31.400000 14.000000 0.000000
    endloop
  endfacet
  facet normal 0.000000 0.000000 -1.000000
    outer loop
      vertex 0.068148 35.735561 0.000000
      vertex 33.331852 14.044439 0.000000
      vertex 33.331852 14.000000 0.000000
    endloop
  endfacet
  facet normal 0.000000 0.000000 -1.000000
    outer loop
      vertex 33.400002 14.000000 0.000000
      vertex 33.331852 14.044439 0.000000
      vertex 33.400002 35.779999 0.000000
    endloop
  endfacet
  facet normal 1.000000 0.000000 0.000000
    outer loop
      vertex 33.400002 14.000000 0.000000
      vertex 33.400002 35.779999 0.000000
      vertex 33.400002 19.889999 4.600000
    endloop
  endfacet
  facet normal 1.000000 0.000000 0.000000
    outer loop
      vertex 33.400002 14.000000 0.000000
      vertex 33.400002 19.889999 4.600000
      vertex 33.400002 19.889999 11.600000
    endloop
  endfacet
  facet normal 1.000000 0.000000 0.000000
    outer loop
      vertex 33.400002 14.000000 0.000000
      vertex 33.400002 19.889999 11.600000
      vertex 33.400002 14.000000 19.100000
    endloop
  endfacet
  facet normal 1.000000 0.000000 0.000000
    outer loop
      vertex 33.400002 14.000000 19.100000
      vertex 33.400002 19.889999 11.600000
      vertex 33.400002 29.990000 11.600000
    endloop
  endfacet
  facet normal 0.000000 0.000000 1.000000
    outer loop
      vertex 31.400000 15.304192 19.100000
      vertex 33.400002 14.000000 19.100000
      vertex 33.400002 35.779999 19.100000
    endloop
  endfacet
  facet normal 0.000000 0.000000 -1.000000
    outer loop
      vertex 2.000000 35.779999 0.000000
      vertex 31.400000 35.779999 0.000000
      vertex 33.331852 14.044439 0.000000
    endloop
  endfacet
  facet normal 0.000000 0.000000 -1.000000
    outer loop
      vertex 33.331852 14.044439 0.000000
      vertex 31.400000 35.779999 0.000000
      vertex 33.400002 35.779999 0.000000
    endloop
  endfacet
  facet normal 1.000000 0.000000 0.000000
    outer loop
      vertex 33.400002 35.779999 0.000000
      vertex 33.400002 29.990000 4.600000
      vertex 33.400002 19.889999 4.600000
    endloop
  endfacet
  facet normal 1.000000 0.000000 0.000000
    outer loop
      vertex 33.400002 35.779999 0.000000
      vertex 33.400002 35.779999 19.100000
      vertex 33.400002 29.990000 4.600000
    endloop
  endfacet
  facet normal 1.000000 0.000000 0.000000
    outer loop
      vertex 33.400002 35.779999 19.100000
      vertex 33.400002 29.990000 11.600000
      vertex 33.400002 29.990000 4.600000
    endloop
  endfacet
  facet normal 1.000000 0.000000 0.000000
    outer loop
      vertex 33.400002 14.000000 19.100000
      vertex 33.400002 29.990000 11.600000
      vertex 33.400002 35.779999 19.100000
    endloop
  endfacet
  facet normal 0.000000 0.000000 1.000000
    outer loop
      vertex 31.400000 15.304192 19.100000
      vertex 33.400002 35.779999 19.100000
      vertex 31.400000 35.779999 19.100000
    endloop
  endfacet
  facet normal 0.000000 -1.000000 0.000000
    outer loop
      vertex 2.000000 12.000000 0.000000
      vertex 2.350000 12.000000 0.000000
      vertex 2.350000 12.000000 3.000000
    endloop
  endfacet
  facet normal 0.000000 -1.000000 0.000000
    outer loop
      vertex 2.350000 12.000000 3.000000
      vertex 11.450000 12.000000 3.000000
      vertex 9.800000 12.000000 7.644744
    endloop
  endfacet
  facet normal 0.000000 -1.000000 0.000000
    outer loop
      vertex 3.250000 12.000000 3.000000
      vertex 5.250000 12.000000 3.000000
      vertex 3.250000 12.000000 9.000000
    endloop
  endfacet
  facet normal 0.000000 -1.000000 0.000000
    outer loop
      vertex 2.000000 12.000000 0.000000
      vertex 2.350000 12.000000 3.000000
      vertex 2.000000 12.000000 19.100000
    endloop
  endfacet
  facet normal 0.000000 -1.000000 0.000000
    outer loop
      vertex 5.250000 12.000000 3.000000
      vertex 5.250000 12.000000 9.000000
      vertex 3.250000 12.000000 9.000000
    endloop
  endfacet
  facet normal 0.000000 -1.000000 0.000000
    outer loop
      vertex 2.350000 12.000000 3.000000
      vertex 9.800000 12.000000 7.644744
      vertex 8.700000 12.000000 9.550000
    endloop
  endfacet
  facet normal 0.000000 -1.000000 0.000000
    outer loop
      vertex 11.450000 12.000000 3.000000
      vertex 13.450000 12.000000 3.000000
      vertex 11.450000 12.000000 7.644744
    endloop
  endfacet
  facet normal 0.000000 -1.000000 0.000000
    outer loop
      vertex 14.350000 12.000000 0.000000
      vertex 19.049999 12.000000 3.000000
      vertex 14.350000 12.000000 3.000000
    endloop
  endfacet
  facet normal 0.000000 -1.000000 0.000000
    outer loop
      vertex 11.450000 12.000000 3.000000
      vertex 14.350000 12.000000 3.000000
      vertex 15.600000 12.000000 7.644744
    endloop
  endfacet
  facet normal 0.000000 -1.000000 0.000000
    outer loop
      vertex 11.450000 12.000000 3.000000
      vertex 12.000000 12.000000 7.644744
      vertex 9.800000 12.000000 7.644744
    endloop
  endfacet
  facet normal 0.000000 -1.000000 0.000000
    outer loop
      vertex 13.450000 12.000000 3.000000
      vertex 12.000000 12.000000 7.644744
      vertex 11.450000 12.000000 7.644744
    endloop
  endfacet
  facet normal 0.000000 -1.000000 0.000000
    outer loop
      vertex 13.450000 12.000000 3.000000
      vertex 12.275000 12.000000 8.121058
      vertex 12.000000 12.000000 7.644744
    endloop
  endfacet
  facet normal 0.000000 -1.000000 0.000000
    outer loop
      vertex 11.450000 12.000000 3.000000
      vertex 15.600000 12.000000 7.644744
      vertex 12.000000 12.000000 7.644744
    endloop
  endfacet
  facet normal 0.000000 -1.000000 0.000000
    outer loop
      vertex 13.450000 12.000000 3.000000
      vertex 13.450000 12.000000 9.000000
      vertex 12.275000 12.000000 8.121058
    endloop
  endfacet
  facet normal 0.000000 -1.000000 0.000000
    outer loop
      vertex 14.350000 12.000000 3.000000
      vertex 17.799999 12.000000 7.644744
      vertex 15.600000 12.000000 7.644744
    endloop
  endfacet
  facet normal 0.000000 -1.000000 0.000000
    outer loop
      vertex 12.000000 12.000000 7.644744
      vertex 15.600000 12.000000 7.644744
      vertex 14.500000 12.000000 9.550000
    endloop
  endfacet
  facet normal 0.000000 -1.000000 0.000000
    outer loop
      vertex 13.450000 12.000000 9.000000
      vertex 12.782457 12.000000 9.000000
      vertex 12.275000 12.000000 8.121058
    endloop
  endfacet
  facet normal 0.000000 0.000000 -1.000000
    outer loop
      vertex 2.000000 12.000000 0.000000
      vertex 31.400000 14.000000 0.000000
      vertex 2.350000 12.000000 0.000000
    endloop
  endfacet
  facet normal 0.000000 0.000000 -1.000000
    outer loop
      vertex 2.000000 12.000000 0.000000
      vertex 2.000000 14.000000 0.000000
      vertex 31.400000 14.000000 0.000000
    endloop
  endfacet
  facet normal 0.000000 0.000000 -1.000000
    outer loop
      vertex 2.350000 12.000000 0.000000
      vertex 31.400000 14.000000 0.000000
      vertex 14.350000 12.000000 0.000000
    endloop
  endfacet
  facet normal 0.000000 -1.000000 0.000000
    outer loop
      vertex 2.350000 12.000000 3.000000
      vertex 8.700000 12.000000 9.550000
      vertex 2.000000 12.000000 19.100000
    endloop
  endfacet
  facet normal 0.000000 -1.000000 0.000000
    outer loop
      vertex 2.000000 12.000000 19.100000
      vertex 8.700000 12.000000 9.550000
      vertex 9.800000 12.000000 11.455256
    endloop
  endfacet
  facet normal 0.000000 -1.000000 0.000000
    outer loop
      vertex 2.000000 12.000000 19.100000
      vertex 9.800000 12.000000 11.455256
      vertex 12.000000 12.000000 11.455256
    endloop
  endfacet
  facet normal 0.000000 -1.000000 0.000000
    outer loop
      vertex 12.000000 12.000000 7.644744
      vertex 15.600000 12.000000 11.455256
      vertex 13.100000 12.000000 9.550000
    endloop
  endfacet
  facet normal 0.000000 -1.000000 0.000000
    outer loop
      vertex 12.000000 12.000000 7.644744
      vertex 14.500000 12.000000 9.550000
      vertex 15.600000 12.000000 11.455256
    endloop
  endfacet
  facet normal 0.000000 -1.000000 0.000000
    outer loop
      vertex 12.000000 12.000000 11.455256
      vertex 13.100000 12.000000 9.550000
      vertex 15.600000 12.000000 11.455256
    endloop
  endfacet
  facet normal 0.000000 -1.000000 0.000000
    outer loop
      vertex 2.000000 12.000000 19.100000
      vertex 12.000000 12.000000 11.455256
      vertex 31.400000 12.000000 19.100000
    endloop
  endfacet
  facet normal 0.000000 0.000000 1.000000
    outer loop
      vertex 2.000000 12.000000 19.100000
      vertex 31.400000 12.000000 19.100000
      vertex 2.000000 14.000000 19.100000
    endloop
  endfacet
  facet normal 0.000000 0.000000 -1.000000
    outer loop
      vertex 2.000000 35.779999 0.000000
      vertex 2.000000 37.779999 0.000000
      vertex 2.350000 37.779999 0.000000
    endloop
  endfacet
  facet normal 0.000000 0.000000 -1.000000
    outer loop
      vertex 2.000000 35.779999 0.000000
      vertex 2.350000 37.779999 0.000000
      vertex 14.350000 37.779999 0.000000
    endloop
  endfacet
  facet normal 0.000000 1.000000 0.000000
    outer loop
      vertex 2.000000 37.779999 0.000000
      vertex 2.350000 37.779999 3.000000
      vertex 2.350000 37.779999 0.000000
    endloop
  endfacet
  facet normal 0.000000 1.000000 0.000000
    outer loop
      vertex 2.000000 37.779999 0.000000
      vertex 2.000000 37.779999 19.100000
      vertex 2.350000 37.779999 3.000000
    endloop
  endfacet
  facet normal 0.000000 1.000000 0.000000
    outer loop
      vertex 2.350000 37.779999 3.000000
      vertex 2.000000 37.779999 19.100000
      vertex 3.250000 37.779999 3.000000
    endloop
  endfacet
  facet normal 0.000000 1.000000 0.000000
    outer loop
      vertex 3.250000 37.779999 3.000000
      vertex 2.000000 37.779999 19.100000
      vertex 5.250000 37.779999 3.000000
    endloop
  endfacet
  facet normal 0.000000 1.000000 0.000000
    outer loop
      vertex 5.250000 37.779999 3.000000
      vertex 2.000000 37.779999 19.100000
      vertex 11.450000 37.779999 3.000000
    endloop
  endfacet
  facet normal 0.000000 0.000000 -1.000000
    outer loop
      vertex 2.000000 35.779999 0.000000
      vertex 14.350000 37.779999 0.000000
      vertex 19.049999 37.779999 0.000000
    endloop
  endfacet
  facet normal 0.000000 1.000000 0.000000
    outer loop
      vertex 11.450000 37.779999 3.000000
      vertex 12.000000 37.779999 7.644744
      vertex 13.450000 37.779999 3.000000
    endloop
  endfacet
  facet normal 0.000000 1.000000 0.000000
    outer loop
      vertex 14.350000 37.779999 0.000000
      vertex 14.350000 37.779999 3.000000
      vertex 19.049999 37.779999 3.000000
    endloop
  endfacet
  facet normal 0.000000 1.000000 0.000000
    outer loop
      vertex 13.450000 37.779999 3.000000
      vertex 12.000000 37.779999 7.644744
      vertex 14.350000 37.779999 3.000000
    endloop
  endfacet
  facet normal 0.000000 1.000000 0.000000
    outer loop
      vertex 11.450000 37.779999 3.000000
      vertex 9.800000 37.779999 7.644744
      vertex 12.000000 37.779999 7.644744
    endloop
  endfacet
  facet normal 0.000000 1.000000 0.000000
    outer loop
      vertex 14.350000 37.779999 3.000000
      vertex 12.000000 37.779999 7.644744
      vertex 13.100000 37.779999 9.550000
    endloop
  endfacet
  facet normal 0.000000 1.000000 0.000000
    outer loop
      vertex 14.350000 37.779999 3.000000
      vertex 13.100000 37.779999 9.550000
      vertex 15.600000 37.779999 7.644744
    endloop
  endfacet
  facet normal 0.000000 1.000000 0.000000
    outer loop
      vertex 14.350000 37.779999 3.000000
      vertex 15.600000 37.779999 7.644744
      vertex 17.799999 37.779999 7.644744
    endloop
  endfacet
  facet normal 0.000000 1.000000 0.000000
    outer loop
      vertex 15.600000 37.779999 7.644744
      vertex 13.100000 37.779999 9.550000
      vertex 14.500000 37.779999 9.550000
    endloop
  endfacet
  facet normal 0.000000 1.000000 0.000000
    outer loop
      vertex 11.450000 37.779999 3.000000
      vertex 2.000000 37.779999 19.100000
      vertex 9.800000 37.779999 7.644744
    endloop
  endfacet
  facet normal 0.000000 1.000000 0.000000
    outer loop
      vertex 2.000000 37.779999 19.100000
      vertex 8.700000 37.779999 9.550000
      vertex 9.800000 37.779999 7.644744
    endloop
  endfacet
  facet normal 0.000000 1.000000 0.000000
    outer loop
      vertex 2.000000 37.779999 19.100000
      vertex 9.800000 37.779999 11.455256
      vertex 8.700000 37.779999 9.550000
    endloop
  endfacet
  facet normal 0.000000 1.000000 0.000000
    outer loop
      vertex 2.000000 37.779999 19.100000
      vertex 12.000000 37.779999 11.455256
      vertex 9.800000 37.779999 11.455256
    endloop
  endfacet
  facet normal 0.000000 0.000000 1.000000
    outer loop
      vertex 2.000000 35.779999 19.100000
      vertex 31.400000 35.779999 19.100000
      vertex 2.000000 37.779999 19.100000
    endloop
  endfacet
  facet normal 0.000000 1.000000 0.000000
    outer loop
      vertex 2.000000 37.779999 19.100000
      vertex 15.600000 37.779999 11.455256
      vertex 12.000000 37.779999 11.455256
    endloop
  endfacet
  facet normal 0.000000 1.000000 0.000000
    outer loop
      vertex 2.000000 37.779999 19.100000
      vertex 17.799999 37.779999 11.455256
      vertex 15.600000 37.779999 11.455256
    endloop
  endfacet
  facet normal 0.000000 1.000000 0.000000
    outer loop
      vertex 12.000000 37.779999 11.455256
      vertex 14.500000 37.779999 9.550000
      vertex 13.100000 37.779999 9.550000
    endloop
  endfacet
  facet normal 0.000000 1.000000 0.000000
    outer loop
      vertex 12.000000 37.779999 11.455256
      vertex 15.600000 37.779999 11.455256
      vertex 14.500000 37.779999 9.550000
    endloop
  endfacet
  facet normal 0.000000 -1.000000 0.000000
    outer loop
      vertex 14.350000 12.000000 0.000000
      vertex 19.049999 12.000000 0.000000
      vertex 19.049999 12.000000 3.000000
    endloop
  endfacet
  facet normal 0.000000 -1.000000 0.000000
    outer loop
      vertex 14.350000 12.000000 3.000000
      vertex 19.049999 12.000000 3.000000
      vertex 21.400000 12.000000 7.644744
    endloop
  endfacet
  facet normal 0.000000 -1.000000 0.000000
    outer loop
      vertex 19.950001 12.000000 3.000000
      vertex 21.950001 12.000000 3.000000
      vertex 21.400000 12.000000 7.644744
    endloop
  endfacet
  facet normal 0.000000 -1.000000 0.000000
    outer loop
      vertex 19.049999 12.000000 3.000000
      vertex 28.150000 12.000000 3.000000
      vertex 21.400000 12.000000 7.644744
    endloop
  endfacet
  facet normal 0.000000 -1.000000 0.000000
    outer loop
      vertex 14.350000 12.000000 3.000000
      vertex 21.400000 12.000000 7.644744
      vertex 17.799999 12.000000 7.644744
    endloop
  endfacet
  facet normal 0.000000 -1.000000 0.000000
    outer loop
      vertex 19.950001 12.000000 3.000000
      vertex 21.400000 12.000000 7.644744
      vertex 19.950001 12.000000 9.000000
    endloop
  endfacet
  facet normal 0.000000 -1.000000 0.000000
    outer loop
      vertex 17.799999 12.000000 7.644744
      vertex 21.400000 12.000000 7.644744
      vertex 20.299999 12.000000 9.550000
    endloop
  endfacet
  facet normal -0.667501 -0.210740 -0.714164
    outer loop
      vertex 19.950001 12.000000 9.000000
      vertex 21.400000 12.000000 7.644744
      vertex 21.029936 11.000000 8.285714
    endloop
  endfacet
  facet normal 0.000000 -1.000000 0.000000
    outer loop
      vertex 21.950001 12.000000 3.000000
      vertex 21.950001 12.000000 7.644744
      vertex 21.400000 12.000000 7.644744
    endloop
  endfacet
  facet normal 0.000000 0.000000 0.000000
    outer loop
      vertex 21.950001 12.000000 3.000000
      vertex 21.950001 12.000000 7.644744
      vertex 21.950001 12.000000 7.644744
    endloop
  endfacet
  facet normal 0.000000 -1.000000 0.000000
    outer loop
      vertex 28.150000 12.000000 3.000000
      vertex 23.600000 12.000000 7.644744
      vertex 21.400000 12.000000 7.644744
    endloop
  endfacet
  facet normal 0.000000 0.000000 -1.000000
    outer loop
      vertex 14.350000 12.000000 0.000000
      vertex 31.400000 14.000000 0.000000
      vertex 19.049999 12.000000 0.000000
    endloop
  endfacet
  facet normal 0.000000 -1.000000 0.000000
    outer loop
      vertex 31.049999 12.000000 0.000000
      vertex 31.400000 12.000000 0.000000
      vertex 31.049999 12.000000 3.000000
    endloop
  endfacet
  facet normal 0.000000 -1.000000 0.000000
    outer loop
      vertex 28.150000 12.000000 3.000000
      vertex 24.700001 12.000000 9.550000
      vertex 23.600000 12.000000 7.644744
    endloop
  endfacet
  facet normal 0.000000 -1.000000 0.000000
    outer loop
      vertex 28.150000 12.000000 3.000000
      vertex 30.150000 12.000000 3.000000
      vertex 28.150000 12.000000 9.000000
    endloop
  endfacet
  facet normal 0.000000 -1.000000 0.000000
    outer loop
      vertex 30.150000 12.000000 3.000000
      vertex 30.150000 12.000000 9.000000
      vertex 28.150000 12.000000 9.000000
    endloop
  endfacet
  facet normal 0.000000 -1.000000 0.000000
    outer loop
      vertex 31.400000 12.000000 0.000000
      vertex 31.400000 12.000000 19.100000
      vertex 31.049999 12.000000 3.000000
    endloop
  endfacet
  facet normal 0.000000 -1.000000 0.000000
    outer loop
      vertex 28.150000 12.000000 3.000000
      vertex 31.049999 12.000000 3.000000
      vertex 31.400000 12.000000 19.100000
    endloop
  endfacet
  facet normal 0.000000 0.000000 -1.000000
    outer loop
      vertex 19.049999 12.000000 0.000000
      vertex 31.400000 14.000000 0.000000
      vertex 31.049999 12.000000 0.000000
    endloop
  endfacet
  facet normal 0.000000 0.000000 -1.000000
    outer loop
      vertex 31.049999 12.000000 0.000000
      vertex 31.400000 14.000000 0.000000
      vertex 31.400000 12.000000 0.000000
    endloop
  endfacet
  facet normal 0.000000 -1.000000 0.000000
    outer loop
      vertex 17.799999 12.000000 7.644744
      vertex 21.400000 12.000000 11.455256
      vertex 18.900000 12.000000 9.550000
    endloop
  endfacet
  facet normal 0.000000 -1.000000 0.000000
    outer loop
      vertex 17.799999 12.000000 7.644744
      vertex 20.299999 12.000000 9.550000
      vertex 21.400000 12.000000 11.455256
    endloop
  endfacet
  facet normal 0.000000 -1.000000 0.000000
    outer loop
      vertex 21.400000 12.000000 11.455256
      vertex 17.799999 12.000000 11.455256
      vertex 18.900000 12.000000 9.550000
    endloop
  endfacet
  facet normal 0.000000 -1.000000 0.000000
    outer loop
      vertex 31.400000 12.000000 19.100000
      vertex 12.000000 12.000000 11.455256
      vertex 15.600000 12.000000 11.455256
    endloop
  endfacet
  facet normal 0.000000 -1.000000 0.000000
    outer loop
      vertex 31.400000 12.000000 19.100000
      vertex 15.600000 12.000000 11.455256
      vertex 17.799999 12.000000 11.455256
    endloop
  endfacet
  facet normal 0.000000 -1.000000 0.000000
    outer loop
      vertex 31.400000 12.000000 19.100000
      vertex 17.799999 12.000000 11.455256
      vertex 21.400000 12.000000 11.455256
    endloop
  endfacet
  facet normal 0.000000 0.000000 1.000000
    outer loop
      vertex 2.000000 14.000000 19.100000
      vertex 31.400000 12.000000 19.100000
      vertex 31.400000 14.000000 19.100000
    endloop
  endfacet
  facet normal 0.000000 -1.000000 0.000000
    outer loop
      vertex 28.150000 12.000000 3.000000
      vertex 31.400000 12.000000 19.100000
      vertex 24.700001 12.000000 9.550000
    endloop
  endfacet
  facet normal 0.000000 -1.000000 0.000000
    outer loop
      vertex 31.400000 12.000000 19.100000
      vertex 21.400000 12.000000 11.455256
      vertex 23.600000 12.000000 11.455256
    endloop
  endfacet
  facet normal 0.000000 -1.000000 0.000000
    outer loop
      vertex 31.400000 12.000000 19.100000
      vertex 23.600000 12.000000 11.455256
      vertex 24.700001 12.000000 9.550000
    endloop
  endfacet
  facet normal 0.000000 0.000000 -1.000000
    outer loop
      vertex 2.000000 35.779999 0.000000
      vertex 19.049999 37.779999 0.000000
      vertex 31.049999 37.779999 0.000000
    endloop
  endfacet
  facet normal 0.000000 0.000000 -1.000000
    outer loop
      vertex 2.000000 35.779999 0.000000
      vertex 31.400000 37.779999 0.000000
      vertex 31.400000 35.779999 0.000000
    endloop
  endfacet
  facet normal 0.000000 0.000000 -1.000000
    outer loop
      vertex 2.000000 35.779999 0.000000
      vertex 31.049999 37.779999 0.000000
      vertex 31.400000 37.779999 0.000000
    endloop
  endfacet
  facet normal 0.000000 1.000000 0.000000
    outer loop
      vertex 14.350000 37.779999 0.000000
      vertex 19.049999 37.779999 3.000000
      vertex 19.049999 37.779999 0.000000
    endloop
  endfacet
  facet normal 0.000000 1.000000 0.000000
    outer loop
      vertex 14.350000 37.779999 3.000000
      vertex 21.400000 37.779999 7.644744
      vertex 19.049999 37.779999 3.000000
    endloop
  endfacet
  facet normal 0.000000 1.000000 0.000000
    outer loop
      vertex 19.049999 37.779999 3.000000
      vertex 23.600000 37.779999 7.644744
      vertex 19.950001 37.779999 3.000000
    endloop
  endfacet
  facet normal 0.000000 1.000000 0.000000
    outer loop
      vertex 19.950001 37.779999 3.000000
      vertex 23.600000 37.779999 7.644744
      vertex 21.950001 37.779999 3.000000
    endloop
  endfacet
  facet normal 0.000000 1.000000 0.000000
    outer loop
      vertex 14.350000 37.779999 3.000000
      vertex 17.799999 37.779999 7.644744
      vertex 21.400000 37.779999 7.644744
    endloop
  endfacet
  facet normal 0.000000 1.000000 0.000000
    outer loop
      vertex 21.400000 37.779999 7.644744
      vertex 17.799999 37.779999 7.644744
      vertex 18.900000 37.779999 9.550000
    endloop
  endfacet
  facet normal 0.000000 1.000000 0.000000
    outer loop
      vertex 21.400000 37.779999 7.644744
      vertex 18.900000 37.779999 9.550000
      vertex 20.299999 37.779999 9.550000
    endloop
  endfacet
  facet normal 0.000000 1.000000 0.000000
    outer loop
      vertex 19.049999 37.779999 3.000000
      vertex 21.400000 37.779999 7.644744
      vertex 23.600000 37.779999 7.644744
    endloop
  endfacet
  facet normal 0.000000 1.000000 0.000000
    outer loop
      vertex 31.049999 37.779999 0.000000
      vertex 31.049999 37.779999 3.000000
      vertex 31.400000 37.779999 0.000000
    endloop
  endfacet
  facet normal 0.000000 1.000000 0.000000
    outer loop
      vertex 21.950001 37.779999 3.000000
      vertex 31.400000 37.779999 19.100000
      vertex 28.150000 37.779999 3.000000
    endloop
  endfacet
  facet normal 0.000000 1.000000 0.000000
    outer loop
      vertex 31.400000 37.779999 0.000000
      vertex 31.049999 37.779999 3.000000
      vertex 31.400000 37.779999 19.100000
    endloop
  endfacet
  facet normal 0.000000 1.000000 0.000000
    outer loop
      vertex 28.150000 37.779999 3.000000
      vertex 31.400000 37.779999 19.100000
      vertex 30.150000 37.779999 3.000000
    endloop
  endfacet
  facet normal 0.000000 1.000000 0.000000
    outer loop
      vertex 30.150000 37.779999 3.000000
      vertex 31.400000 37.779999 19.100000
      vertex 31.049999 37.779999 3.000000
    endloop
  endfacet
  facet normal 0.000000 0.000000 1.000000
    outer loop
      vertex 2.000000 37.779999 19.100000
      vertex 31.400000 35.779999 19.100000
      vertex 31.400000 37.779999 19.100000
    endloop
  endfacet
  facet normal 0.000000 1.000000 0.000000
    outer loop
      vertex 18.900000 37.779999 9.550000
      vertex 21.400000 37.779999 11.455256
      vertex 20.299999 37.779999 9.550000
    endloop
  endfacet
  facet normal 0.000000 1.000000 0.000000
    outer loop
      vertex 31.400000 37.779999 19.100000
      vertex 18.900000 37.779999 9.550000
      vertex 17.799999 37.779999 11.455256
    endloop
  endfacet
  facet normal 0.000000 1.000000 0.000000
    outer loop
      vertex 31.400000 37.779999 19.100000
      vertex 21.400000 37.779999 11.455256
      vertex 18.900000 37.779999 9.550000
    endloop
  endfacet
  facet normal 0.000000 1.000000 0.000000
    outer loop
      vertex 2.000000 37.779999 19.100000
      vertex 31.400000 37.779999 19.100000
      vertex 17.799999 37.779999 11.455256
    endloop
  endfacet
  facet normal 0.000000 1.000000 0.000000
    outer loop
      vertex 21.950001 37.779999 3.000000
      vertex 23.600000 37.779999 7.644744
      vertex 31.400000 37.779999 19.100000
    endloop
  endfacet
  facet normal 0.000000 1.000000 0.000000
    outer loop
      vertex 31.400000 37.779999 19.100000
      vertex 23.600000 37.779999 7.644744
      vertex 24.700001 37.779999 9.550000
    endloop
  endfacet
  facet normal 0.000000 1.000000 0.000000
    outer loop
      vertex 31.400000 37.779999 19.100000
      vertex 23.600000 37.779999 11.455256
      vertex 21.400000 37.779999 11.455256
    endloop
  endfacet
  facet normal 0.000000 1.000000 0.000000
    outer loop
      vertex 31.400000 37.779999 19.100000
      vertex 24.700001 37.779999 9.550000
      vertex 23.600000 37.779999 11.455256
    endloop
  endfacet
  facet normal -0.382683 -0.923880 0.000000
    outer loop
      vertex 1.000000 12.267949 0.000000
      vertex 1.482362 12.068149 0.000000
      vertex 1.000000 12.267949 19.100000
    endloop
  endfacet
  facet normal -0.130527 -0.991445 0.000000
    outer loop
      vertex 1.482362 12.068149 0.000000
      vertex 2.000000 12.000000 0.000000
      vertex 1.482362 12.068149 19.100000
    endloop
  endfacet
  facet normal 0.000000 0.000000 -1.000000
    outer loop
      vertex 0.267949 13.000000 0.000000
      vertex 2.000000 14.000000 0.000000
      vertex 0.585786 12.585787 0.000000
    endloop
  endfacet
  facet normal 0.000000 0.000000 -1.000000
    outer loop
      vertex 0.267949 13.000000 0.000000
      vertex 0.068148 13.482362 0.000000
      vertex 2.000000 14.000000 0.000000
    endloop
  endfacet
  facet normal 0.000000 0.000000 -1.000000
    outer loop
      vertex 0.068148 13.482362 0.000000
      vertex 0.000000 14.000000 0.000000
      vertex 2.000000 14.000000 0.000000
    endloop
  endfacet
  facet normal 0.000000 0.000000 -1.000000
    outer loop
      vertex 1.000000 12.267949 0.000000
      vertex 0.585786 12.585787 0.000000
      vertex 2.000000 14.000000 0.000000
    endloop
  endfacet
  facet normal 0.000000 0.000000 -1.000000
    outer loop
      vertex 1.000000 12.267949 0.000000
      vertex 2.000000 14.000000 0.000000
      vertex 1.482362 12.068149 0.000000
    endloop
  endfacet
  facet normal 0.000000 0.000000 -1.000000
    outer loop
      vertex 1.482362 12.068149 0.000000
      vertex 2.000000 14.000000 0.000000
      vertex 2.000000 12.000000 0.000000
    endloop
  endfacet
  facet normal -0.793353 -0.608762 0.000000
    outer loop
      vertex 0.267949 13.000000 0.000000
      vertex 0.585786 12.585787 0.000000
      vertex 0.267949 13.000000 19.100000
    endloop
  endfacet
  facet normal -0.923879 -0.382684 0.000000
    outer loop
      vertex 0.267949 13.000000 0.000000
      vertex 0.068148 13.482362 19.100000
      vertex 0.068148 13.482362 0.000000
    endloop
  endfacet
  facet normal -0.991445 -0.130526 0.000000
    outer loop
      vertex 0.068148 13.482362 0.000000
      vertex 0.000000 14.000000 19.100000
      vertex 0.000000 14.000000 0.000000
    endloop
  endfacet
  facet normal -0.608762 -0.793353 0.000000
    outer loop
      vertex 1.000000 12.267949 0.000000
      vertex 0.585786 12.585787 19.100000
      vertex 0.585786 12.585787 0.000000
    endloop
  endfacet
  facet normal -0.608762 -0.793353 0.000000
    outer loop
      vertex 1.000000 12.267949 0.000000
      vertex 1.000000 12.267949 19.100000
      vertex 0.585786 12.585787 19.100000
    endloop
  endfacet
  facet normal -0.382683 -0.923880 0.000000
    outer loop
      vertex 1.482362 12.068149 0.000000
      vertex 1.482362 12.068149 19.100000
      vertex 1.000000 12.267949 19.100000
    endloop
  endfacet
  facet normal -0.130527 -0.991445 0.000000
    outer loop
      vertex 2.000000 12.000000 0.000000
      vertex 2.000000 12.000000 19.100000
      vertex 1.482362 12.068149 19.100000
    endloop
  endfacet
  facet normal -0.923879 -0.382684 0.000000
    outer loop
      vertex 0.267949 13.000000 0.000000
      vertex 0.267949 13.000000 19.100000
      vertex 0.068148 13.482362 19.100000
    endloop
  endfacet
  facet normal -0.793353 -0.608762 0.000000
    outer loop
      vertex 0.585786 12.585787 0.000000
      vertex 0.585786 12.585787 19.100000
      vertex 0.267949 13.000000 19.100000
    endloop
  endfacet
  facet normal -0.991445 -0.130526 0.000000
    outer loop
      vertex 0.068148 13.482362 0.000000
      vertex 0.068148 13.482362 19.100000
      vertex 0.000000 14.000000 19.100000
    endloop
  endfacet
  facet normal 0.000000 0.000000 1.000000
    outer loop
      vertex 0.267949 13.000000 19.100000
      vertex 0.585786 12.585787 19.100000
      vertex 0.000000 14.000000 19.100000
    endloop
  endfacet
  facet normal 0.000000 0.000000 1.000000
    outer loop
      vertex 0.267949 13.000000 19.100000
      vertex 0.000000 14.000000 19.100000
      vertex 0.068148 13.482362 19.100000
    endloop
  endfacet
  facet normal 0.000000 0.000000 1.000000
    outer loop
      vertex 1.000000 12.267949 19.100000
      vertex 0.000000 14.000000 19.100000
      vertex 0.585786 12.585787 19.100000
    endloop
  endfacet
  facet normal 0.000000 0.000000 1.000000
    outer loop
      vertex 1.000000 12.267949 19.100000
      vertex 1.482362 12.068149 19.100000
      vertex 0.000000 14.000000 19.100000
    endloop
  endfacet
  facet normal 0.000000 0.000000 1.000000
    outer loop
      vertex 1.482362 12.068149 19.100000
      vertex 2.000000 14.000000 19.100000
      vertex 0.000000 14.000000 19.100000
    endloop
  endfacet
  facet normal 0.000000 0.000000 1.000000
    outer loop
      vertex 1.482362 12.068149 19.100000
      vertex 2.000000 12.000000 19.100000
      vertex 2.000000 14.000000 19.100000
    endloop
  endfacet
  facet normal 0.130526 -0.991445 0.000000
    outer loop
      vertex 31.400000 12.000000 0.000000
      vertex 31.917639 12.068149 0.000000
      vertex 31.400000 12.000000 19.100000
    endloop
  endfacet
  facet normal 0.382682 -0.923880 0.000000
    outer loop
      vertex 31.917639 12.068149 0.000000
      vertex 32.400002 12.267949 0.000000
      vertex 31.917639 12.068149 19.100000
    endloop
  endfacet
  facet normal 0.608764 -0.793351 0.000000
    outer loop
      vertex 32.400002 12.267949 0.000000
      vertex 32.814213 12.585787 0.000000
      vertex 32.400002 12.267949 19.100000
    endloop
  endfacet
  facet normal 0.000000 0.000000 -1.000000
    outer loop
      vertex 31.400000 12.000000 0.000000
      vertex 33.331852 14.000000 0.000000
      vertex 31.917639 12.068149 0.000000
    endloop
  endfacet
  facet normal 0.000000 0.000000 -1.000000
    outer loop
      vertex 31.400000 12.000000 0.000000
      vertex 31.400000 14.000000 0.000000
      vertex 33.331852 14.000000 0.000000
    endloop
  endfacet
  facet normal 0.000000 0.000000 -1.000000
    outer loop
      vertex 31.917639 12.068149 0.000000
      vertex 33.331852 14.000000 0.000000
      vertex 32.400002 12.267949 0.000000
    endloop
  endfacet
  facet normal 0.000000 0.000000 -1.000000
    outer loop
      vertex 32.400002 12.267949 0.000000
      vertex 33.331852 14.000000 0.000000
      vertex 32.814213 12.585787 0.000000
    endloop
  endfacet
  facet normal 0.000000 0.000000 -1.000000
    outer loop
      vertex 32.814213 12.585787 0.000000
      vertex 33.331852 14.000000 0.000000
      vertex 33.132050 13.000000 0.000000
    endloop
  endfacet
  facet normal 0.000000 0.000000 -1.000000
    outer loop
      vertex 33.132050 13.000000 0.000000
      vertex 33.331852 14.000000 0.000000
      vertex 33.331852 13.482362 0.000000
    endloop
  endfacet
  facet normal 0.000000 0.000000 -1.000000
    outer loop
      vertex 33.331852 13.482362 0.000000
      vertex 33.331852 14.000000 0.000000
      vertex 33.400002 14.000000 0.000000
    endloop
  endfacet
  facet normal 0.000000 0.000000 -1.000000
    outer loop
      vertex 33.331852 14.000000 0.000000
      vertex 33.331852 14.044439 0.000000
      vertex 33.400002 14.000000 0.000000
    endloop
  endfacet
  facet normal 0.793354 -0.608761 0.000000
    outer loop
      vertex 32.814213 12.585787 0.000000
      vertex 33.132050 13.000000 0.000000
      vertex 32.814213 12.585787 19.100000
    endloop
  endfacet
  facet normal 0.923878 -0.382686 0.000000
    outer loop
      vertex 33.132050 13.000000 0.000000
      vertex 33.331852 13.482362 0.000000
      vertex 33.132050 13.000000 19.100000
    endloop
  endfacet
  facet normal 0.991445 -0.130528 0.000000
    outer loop
      vertex 33.331852 13.482362 0.000000
      vertex 33.400002 14.000000 0.000000
      vertex 33.331852 13.482362 19.100000
    endloop
  endfacet
  facet normal 0.130526 -0.991445 0.000000
    outer loop
      vertex 31.917639 12.068149 0.000000
      vertex 31.917639 12.068149 19.100000
      vertex 31.400000 12.000000 19.100000
    endloop
  endfacet
  facet normal 0.382682 -0.923880 0.000000
    outer loop
      vertex 32.400002 12.267949 0.000000
      vertex 32.400002 12.267949 19.100000
      vertex 31.917639 12.068149 19.100000
    endloop
  endfacet
  facet normal 0.608764 -0.793351 0.000000
    outer loop
      vertex 32.814213 12.585787 0.000000
      vertex 32.814213 12.585787 19.100000
      vertex 32.400002 12.267949 19.100000
    endloop
  endfacet
  facet normal 0.793354 -0.608761 0.000000
    outer loop
      vertex 33.132050 13.000000 0.000000
      vertex 33.132050 13.000000 19.100000
      vertex 32.814213 12.585787 19.100000
    endloop
  endfacet
  facet normal 0.923878 -0.382686 0.000000
    outer loop
      vertex 33.331852 13.482362 0.000000
      vertex 33.331852 13.482362 19.100000
      vertex 33.132050 13.000000 19.100000
    endloop
  endfacet
  facet normal 0.991445 -0.130528 0.000000
    outer loop
      vertex 33.400002 14.000000 0.000000
      vertex 33.400002 14.000000 19.100000
      vertex 33.331852 13.482362 19.100000
    endloop
  endfacet
  facet normal 0.000000 0.000000 1.000000
    outer loop
      vertex 31.400000 12.000000 19.100000
      vertex 31.917639 12.068149 19.100000
      vertex 31.400000 14.000000 19.100000
    endloop
  endfacet
  facet normal 0.000000 0.000000 1.000000
    outer loop
      vertex 31.917639 12.068149 19.100000
      vertex 31.400000 15.304192 19.100000
      vertex 31.400000 14.000000 19.100000
    endloop
  endfacet
  facet normal 0.000000 0.000000 1.000000
    outer loop
      vertex 31.917639 12.068149 19.100000
      vertex 32.400002 12.267949 19.100000
      vertex 31.400000 15.304192 19.100000
    endloop
  endfacet
  facet normal 0.000000 0.000000 1.000000
    outer loop
      vertex 32.400002 12.267949 19.100000
      vertex 32.814213 12.585787 19.100000
      vertex 31.400000 15.304192 19.100000
    endloop
  endfacet
  facet normal 0.000000 0.000000 1.000000
    outer loop
      vertex 31.400000 15.304192 19.100000
      vertex 32.814213 12.585787 19.100000
      vertex 33.132050 13.000000 19.100000
    endloop
  endfacet
  facet normal 0.000000 0.000000 1.000000
    outer loop
      vertex 31.400000 15.304192 19.100000
      vertex 33.132050 13.000000 19.100000
      vertex 33.331852 13.482362 19.100000
    endloop
  endfacet
  facet normal 0.000000 0.000000 1.000000
    outer loop
      vertex 31.400000 15.304192 19.100000
      vertex 33.331852 13.482362 19.100000
      vertex 33.400002 14.000000 19.100000
    endloop
  endfacet
  facet normal 0.000000 0.000000 -1.000000
    outer loop
      vertex 0.068148 35.735561 0.000000
      vertex 0.000000 35.779999 0.000000
      vertex 0.068148 35.779999 0.000000
    endloop
  endfacet
  facet normal 0.000000 0.000000 -1.000000
    outer loop
      vertex 0.000000 35.779999 0.000000
      vertex 0.068148 36.297638 0.000000
      vertex 0.068148 35.779999 0.000000
    endloop
  endfacet
  facet normal 0.000000 0.000000 -1.000000
    outer loop
      vertex 0.068148 35.779999 0.000000
      vertex 0.068148 36.297638 0.000000
      vertex 0.267949 36.779999 0.000000
    endloop
  endfacet
  facet normal 0.000000 0.000000 -1.000000
    outer loop
      vertex 0.068148 35.779999 0.000000
      vertex 0.267949 36.779999 0.000000
      vertex 0.585786 37.194214 0.000000
    endloop
  endfacet
  facet normal 0.000000 0.000000 -1.000000
    outer loop
      vertex 0.068148 35.779999 0.000000
      vertex 0.585786 37.194214 0.000000
      vertex 1.000000 37.512051 0.000000
    endloop
  endfacet
  facet normal 0.000000 0.000000 -1.000000
    outer loop
      vertex 0.068148 35.779999 0.000000
      vertex 1.000000 37.512051 0.000000
      vertex 1.482362 37.711853 0.000000
    endloop
  endfacet
  facet normal 0.000000 0.000000 -1.000000
    outer loop
      vertex 0.068148 35.779999 0.000000
      vertex 2.000000 37.779999 0.000000
      vertex 2.000000 35.779999 0.000000
    endloop
  endfacet
  facet normal 0.000000 0.000000 -1.000000
    outer loop
      vertex 0.068148 35.779999 0.000000
      vertex 1.482362 37.711853 0.000000
      vertex 2.000000 37.779999 0.000000
    endloop
  endfacet
  facet normal -0.991445 0.130526 0.000000
    outer loop
      vertex 0.000000 35.779999 0.000000
      vertex 0.068148 36.297638 19.100000
      vertex 0.068148 36.297638 0.000000
    endloop
  endfacet
  facet normal -0.923879 0.382684 0.000000
    outer loop
      vertex 0.068148 36.297638 0.000000
      vertex 0.267949 36.779999 19.100000
      vertex 0.267949 36.779999 0.000000
    endloop
  endfacet
  facet normal -0.793354 0.608760 0.000000
    outer loop
      vertex 0.267949 36.779999 0.000000
      vertex 0.585786 37.194214 19.100000
      vertex 0.585786 37.194214 0.000000
    endloop
  endfacet
  facet normal -0.608761 0.793354 0.000000
    outer loop
      vertex 0.585786 37.194214 0.000000
      vertex 1.000000 37.512051 19.100000
      vertex 1.000000 37.512051 0.000000
    endloop
  endfacet
  facet normal -0.382686 0.923878 0.000000
    outer loop
      vertex 1.000000 37.512051 0.000000
      vertex 1.482362 37.711853 19.100000
      vertex 1.482362 37.711853 0.000000
    endloop
  endfacet
  facet normal -0.130521 0.991446 0.000000
    outer loop
      vertex 1.482362 37.711853 0.000000
      vertex 2.000000 37.779999 19.100000
      vertex 2.000000 37.779999 0.000000
    endloop
  endfacet
  facet normal -0.991445 0.130526 0.000000
    outer loop
      vertex 0.000000 35.779999 0.000000
      vertex 0.000000 35.779999 19.100000
      vertex 0.068148 36.297638 19.100000
    endloop
  endfacet
  facet normal -0.923879 0.382684 0.000000
    outer loop
      vertex 0.068148 36.297638 0.000000
      vertex 0.068148 36.297638 19.100000
      vertex 0.267949 36.779999 19.100000
    endloop
  endfacet
  facet normal -0.793354 0.608760 0.000000
    outer loop
      vertex 0.267949 36.779999 0.000000
      vertex 0.267949 36.779999 19.100000
      vertex 0.585786 37.194214 19.100000
    endloop
  endfacet
  facet normal -0.608761 0.793354 0.000000
    outer loop
      vertex 0.585786 37.194214 0.000000
      vertex 0.585786 37.194214 19.100000
      vertex 1.000000 37.512051 19.100000
    endloop
  endfacet
  facet normal 0.000000 0.000000 1.000000
    outer loop
      vertex 0.000000 35.779999 19.100000
      vertex 2.000000 34.475807 19.100000
      vertex 0.068148 36.297638 19.100000
    endloop
  endfacet
  facet normal 0.000000 0.000000 1.000000
    outer loop
      vertex 0.068148 36.297638 19.100000
      vertex 2.000000 34.475807 19.100000
      vertex 0.267949 36.779999 19.100000
    endloop
  endfacet
  facet normal 0.000000 0.000000 1.000000
    outer loop
      vertex 0.267949 36.779999 19.100000
      vertex 2.000000 34.475807 19.100000
      vertex 0.585786 37.194214 19.100000
    endloop
  endfacet
  facet normal 0.000000 0.000000 1.000000
    outer loop
      vertex 0.585786 37.194214 19.100000
      vertex 2.000000 34.475807 19.100000
      vertex 1.000000 37.512051 19.100000
    endloop
  endfacet
  facet normal 0.000000 0.000000 1.000000
    outer loop
      vertex 2.000000 34.475807 19.100000
      vertex 1.482362 37.711853 19.100000
      vertex 1.000000 37.512051 19.100000
    endloop
  endfacet
  facet normal 0.000000 0.000000 1.000000
    outer loop
      vertex 2.000000 34.475807 19.100000
      vertex 2.000000 35.779999 19.100000
      vertex 1.482362 37.711853 19.100000
    endloop
  endfacet
  facet normal 0.000000 0.000000 1.000000
    outer loop
      vertex 2.000000 35.779999 19.100000
      vertex 2.000000 37.779999 19.100000
      vertex 1.482362 37.711853 19.100000
    endloop
  endfacet
  facet normal -0.382686 0.923878 0.000000
    outer loop
      vertex 1.000000 37.512051 0.000000
      vertex 1.000000 37.512051 19.100000
      vertex 1.482362 37.711853 19.100000
    endloop
  endfacet
  facet normal -0.130521 0.991446 0.000000
    outer loop
      vertex 1.482362 37.711853 0.000000
      vertex 1.482362 37.711853 19.100000
      vertex 2.000000 37.779999 19.100000
    endloop
  endfacet
  facet normal 0.000000 0.000000 -1.000000
    outer loop
      vertex 31.400000 35.779999 0.000000
      vertex 31.400000 37.779999 0.000000
      vertex 31.917639 37.711853 0.000000
    endloop
  endfacet
  facet normal 0.000000 0.000000 -1.000000
    outer loop
      vertex 31.400000 35.779999 0.000000
      vertex 31.917639 37.711853 0.000000
      vertex 32.400002 37.512051 0.000000
    endloop
  endfacet
  facet normal 0.000000 0.000000 -1.000000
    outer loop
      vertex 31.400000 35.779999 0.000000
      vertex 32.400002 37.512051 0.000000
      vertex 32.814213 37.194214 0.000000
    endloop
  endfacet
  facet normal 0.000000 0.000000 -1.000000
    outer loop
      vertex 31.400000 35.779999 0.000000
      vertex 33.331852 36.297638 0.000000
      vertex 33.400002 35.779999 0.000000
    endloop
  endfacet
  facet normal 0.000000 0.000000 -1.000000
    outer loop
      vertex 31.400000 35.779999 0.000000
      vertex 33.132050 36.779999 0.000000
      vertex 33.331852 36.297638 0.000000
    endloop
  endfacet
  facet normal 0.000000 0.000000 -1.000000
    outer loop
      vertex 31.400000 35.779999 0.000000
      vertex 32.814213 37.194214 0.000000
      vertex 33.132050 36.779999 0.000000
    endloop
  endfacet
  facet normal 0.608763 0.793352 0.000000
    outer loop
      vertex 32.814213 37.194214 0.000000
      vertex 32.400002 37.512051 0.000000
      vertex 32.814213 37.194214 19.100000
    endloop
  endfacet
  facet normal 0.991445 0.130528 0.000000
    outer loop
      vertex 33.400002 35.779999 0.000000
      vertex 33.331852 36.297638 0.000000
      vertex 33.400002 35.779999 19.100000
    endloop
  endfacet
  facet normal 0.923878 0.382687 0.000000
    outer loop
      vertex 33.331852 36.297638 0.000000
      vertex 33.132050 36.779999 0.000000
      vertex 33.331852 36.297638 19.100000
    endloop
  endfacet
  facet normal 0.793355 0.608759 0.000000
    outer loop
      vertex 32.814213 37.194214 0.000000
      vertex 33.132050 36.779999 19.100000
      vertex 33.132050 36.779999 0.000000
    endloop
  endfacet
  facet normal 0.130521 0.991446 0.000000
    outer loop
      vertex 31.400000 37.779999 0.000000
      vertex 31.917639 37.711853 19.100000
      vertex 31.917639 37.711853 0.000000
    endloop
  endfacet
  facet normal 0.382685 0.923879 0.000000
    outer loop
      vertex 31.917639 37.711853 0.000000
      vertex 32.400002 37.512051 19.100000
      vertex 32.400002 37.512051 0.000000
    endloop
  endfacet
  facet normal 0.991445 0.130528 0.000000
    outer loop
      vertex 33.331852 36.297638 0.000000
      vertex 33.331852 36.297638 19.100000
      vertex 33.400002 35.779999 19.100000
    endloop
  endfacet
  facet normal 0.793355 0.608759 0.000000
    outer loop
      vertex 32.814213 37.194214 0.000000
      vertex 32.814213 37.194214 19.100000
      vertex 33.132050 36.779999 19.100000
    endloop
  endfacet
  facet normal 0.923878 0.382687 0.000000
    outer loop
      vertex 33.132050 36.779999 0.000000
      vertex 33.132050 36.779999 19.100000
      vertex 33.331852 36.297638 19.100000
    endloop
  endfacet
  facet normal 0.000000 0.000000 1.000000
    outer loop
      vertex 31.400000 35.779999 19.100000
      vertex 31.917639 37.711853 19.100000
      vertex 31.400000 37.779999 19.100000
    endloop
  endfacet
  facet normal 0.000000 0.000000 1.000000
    outer loop
      vertex 31.400000 35.779999 19.100000
      vertex 33.400002 35.779999 19.100000
      vertex 31.917639 37.711853 19.100000
    endloop
  endfacet
  facet normal 0.000000 0.000000 1.000000
    outer loop
      vertex 33.400002 35.779999 19.100000
      vertex 32.400002 37.512051 19.100000
      vertex 31.917639 37.711853 19.100000
    endloop
  endfacet
  facet normal 0.000000 0.000000 1.000000
    outer loop
      vertex 32.814213 37.194214 19.100000
      vertex 32.400002 37.512051 19.100000
      vertex 33.400002 35.779999 19.100000
    endloop
  endfacet
  facet normal 0.000000 0.000000 1.000000
    outer loop
      vertex 33.400002 35.779999 19.100000
      vertex 33.331852 36.297638 19.100000
      vertex 33.132050 36.779999 19.100000
    endloop
  endfacet
  facet normal 0.000000 0.000000 1.000000
    outer loop
      vertex 32.814213 37.194214 19.100000
      vertex 33.400002 35.779999 19.100000
      vertex 33.132050 36.779999 19.100000
    endloop
  endfacet
  facet normal 0.130521 0.991446 0.000000
    outer loop
      vertex 31.400000 37.779999 0.000000
      vertex 31.400000 37.779999 19.100000
      vertex 31.917639 37.711853 19.100000
    endloop
  endfacet
  facet normal 0.382685 0.923879 0.000000
    outer loop
      vertex 31.917639 37.711853 0.000000
      vertex 31.917639 37.711853 19.100000
      vertex 32.400002 37.512051 19.100000
    endloop
  endfacet
  facet normal 0.608763 0.793352 0.000000
    outer loop
      vertex 32.400002 37.512051 0.000000
      vertex 32.400002 37.512051 19.100000
      vertex 32.814213 37.194214 19.100000
    endloop
  endfacet
  facet normal 0.000000 0.000000 1.000000
    outer loop
      vertex 2.000000 14.000000 2.000000
      vertex 3.850000 16.500000 2.000000
      vertex 2.000000 16.500000 2.000000
    endloop
  endfacet
  facet normal 0.000000 0.000000 1.000000
    outer loop
      vertex 2.000000 21.299999 2.000000
      vertex 3.850000 21.299999 2.000000
      vertex 3.850000 28.500000 2.000000
    endloop
  endfacet
  facet normal 1.000000 0.000000 0.000000
    outer loop
      vertex 2.000000 21.299999 2.000000
      vertex 2.000000 28.500000 2.000000
      vertex 2.000000 21.299999 6.850000
    endloop
  endfacet
  facet normal 1.000000 0.000000 0.000000
    outer loop
      vertex 2.000000 14.000000 2.000000
      vertex 2.000000 16.500000 2.000000
      vertex 2.000000 14.000000 19.100000
    endloop
  endfacet
  facet normal 0.000000 0.000000 0.000000
    outer loop
      vertex 2.000000 21.299999 2.000000
      vertex 2.000000 21.299999 6.850000
      vertex 2.000000 21.299999 6.850000
    endloop
  endfacet
  facet normal 1.000000 0.000000 0.000000
    outer loop
      vertex 2.000000 21.299999 6.850000
      vertex 2.000000 28.500000 2.000000
      vertex 2.000000 21.990000 7.350000
    endloop
  endfacet
  facet normal 1.000000 0.000000 0.000000
    outer loop
      vertex 2.000000 21.299999 6.850000
      vertex 2.000000 21.990000 7.350000
      vertex 2.000000 21.299999 7.748372
    endloop
  endfacet
  facet normal 1.000000 0.000000 0.000000
    outer loop
      vertex 2.000000 16.500000 8.450000
      vertex 2.000000 20.084743 8.450000
      vertex 2.000000 20.084743 10.650000
    endloop
  endfacet
  facet normal 1.000000 0.000000 0.000000
    outer loop
      vertex 2.000000 21.990000 7.350000
      vertex 2.000000 25.884743 8.450000
      vertex 2.000000 23.895256 8.450000
    endloop
  endfacet
  facet normal 0.000000 1.000000 0.000000
    outer loop
      vertex 2.000000 14.000000 2.000000
      vertex 9.800000 14.000000 7.644744
      vertex 12.000000 14.000000 7.644744
    endloop
  endfacet
  facet normal 0.000000 1.000000 0.000000
    outer loop
      vertex 2.000000 14.000000 2.000000
      vertex 8.700000 14.000000 9.550000
      vertex 9.800000 14.000000 7.644744
    endloop
  endfacet
  facet normal 0.000000 0.000000 1.000000
    outer loop
      vertex 2.000000 14.000000 2.000000
      vertex 31.400000 14.000000 2.000000
      vertex 3.850000 16.500000 2.000000
    endloop
  endfacet
  facet normal 0.000000 0.000000 1.000000
    outer loop
      vertex 3.850000 16.500000 2.000000
      vertex 31.400000 14.000000 2.000000
      vertex 3.850000 21.299999 2.000000
    endloop
  endfacet
  facet normal 0.000000 1.000000 0.000000
    outer loop
      vertex 2.000000 14.000000 2.000000
      vertex 15.600000 14.000000 7.644744
      vertex 31.400000 14.000000 2.000000
    endloop
  endfacet
  facet normal 0.000000 0.000000 1.000000
    outer loop
      vertex 3.850000 21.299999 2.000000
      vertex 31.400000 14.000000 2.000000
      vertex 7.928926 29.161325 2.000000
    endloop
  endfacet
  facet normal 0.000000 0.000000 1.000000
    outer loop
      vertex 7.928926 29.161325 2.000000
      vertex 31.400000 14.000000 2.000000
      vertex 8.307767 29.472233 2.000000
    endloop
  endfacet
  facet normal 0.000000 0.000000 1.000000
    outer loop
      vertex 8.307767 29.472233 2.000000
      vertex 31.400000 14.000000 2.000000
      vertex 8.618674 29.851074 2.000000
    endloop
  endfacet
  facet normal 0.000000 0.000000 1.000000
    outer loop
      vertex 8.618674 29.851074 2.000000
      vertex 31.400000 14.000000 2.000000
      vertex 8.849699 30.283291 2.000000
    endloop
  endfacet
  facet normal 0.000000 1.000000 0.000000
    outer loop
      vertex 2.000000 14.000000 2.000000
      vertex 12.000000 14.000000 7.644744
      vertex 15.600000 14.000000 7.644744
    endloop
  endfacet
  facet normal 0.000000 1.000000 0.000000
    outer loop
      vertex 12.000000 14.000000 7.644744
      vertex 13.100000 14.000000 9.550000
      vertex 15.600000 14.000000 7.644744
    endloop
  endfacet
  facet normal 0.000000 1.000000 0.000000
    outer loop
      vertex 13.100000 14.000000 9.550000
      vertex 14.500000 14.000000 9.550000
      vertex 15.600000 14.000000 7.644744
    endloop
  endfacet
  facet normal 1.000000 0.000000 0.000000
    outer loop
      vertex 2.000000 16.500000 2.000000
      vertex 2.000000 16.500000 8.450000
      vertex 2.000000 14.000000 19.100000
    endloop
  endfacet
  facet normal 1.000000 0.000000 0.000000
    outer loop
      vertex 2.000000 16.500000 8.450000
      vertex 2.000000 20.084743 10.650000
      vertex 2.000000 14.000000 19.100000
    endloop
  endfacet
  facet normal 1.000000 0.000000 0.000000
    outer loop
      vertex 2.000000 23.895256 10.650000
      vertex 2.000000 23.895256 8.450000
      vertex 2.000000 25.884743 10.650000
    endloop
  endfacet
  facet normal 1.000000 0.000000 0.000000
    outer loop
      vertex 2.000000 14.000000 19.100000
      vertex 2.000000 20.084743 10.650000
      vertex 2.000000 21.990000 11.750000
    endloop
  endfacet
  facet normal 0.000000 1.000000 0.000000
    outer loop
      vertex 2.000000 14.000000 2.000000
      vertex 2.000000 14.000000 19.100000
      vertex 8.700000 14.000000 9.550000
    endloop
  endfacet
  facet normal 0.000000 1.000000 0.000000
    outer loop
      vertex 2.000000 14.000000 19.100000
      vertex 9.800000 14.000000 11.455256
      vertex 8.700000 14.000000 9.550000
    endloop
  endfacet
  facet normal 0.000000 1.000000 0.000000
    outer loop
      vertex 2.000000 14.000000 19.100000
      vertex 12.000000 14.000000 11.455256
      vertex 9.800000 14.000000 11.455256
    endloop
  endfacet
  facet normal 1.000000 0.000000 0.000000
    outer loop
      vertex 2.000000 14.000000 19.100000
      vertex 2.000000 21.990000 11.750000
      vertex 2.000000 34.475807 19.100000
    endloop
  endfacet
  facet normal 0.000000 1.000000 0.000000
    outer loop
      vertex 2.000000 14.000000 19.100000
      vertex 14.500000 14.000000 9.550000
      vertex 12.000000 14.000000 11.455256
    endloop
  endfacet
  facet normal 0.000000 1.000000 0.000000
    outer loop
      vertex 12.000000 14.000000 11.455256
      vertex 14.500000 14.000000 9.550000
      vertex 13.100000 14.000000 9.550000
    endloop
  endfacet
  facet normal 0.000000 1.000000 0.000000
    outer loop
      vertex 14.500000 14.000000 9.550000
      vertex 13.700000 14.000000 14.918181
      vertex 15.600000 14.000000 11.455256
    endloop
  endfacet
  facet normal 0.000000 1.000000 0.000000
    outer loop
      vertex 15.600000 14.000000 11.455256
      vertex 13.700000 14.000000 14.918181
      vertex 19.700001 14.000000 14.918181
    endloop
  endfacet
  facet normal 0.000000 1.000000 0.000000
    outer loop
      vertex 2.000000 14.000000 19.100000
      vertex 13.700000 14.000000 14.918181
      vertex 14.500000 14.000000 9.550000
    endloop
  endfacet
  facet normal 0.000000 1.000000 0.000000
    outer loop
      vertex 2.000000 14.000000 19.100000
      vertex 13.700000 14.000000 15.900000
      vertex 13.700000 14.000000 14.918181
    endloop
  endfacet
  facet normal 0.000000 0.000000 0.000000
    outer loop
      vertex 2.000000 14.000000 19.100000
      vertex 13.700000 14.000000 15.900000
      vertex 13.700000 14.000000 15.900000
    endloop
  endfacet
  facet normal 0.000000 1.000000 0.000000
    outer loop
      vertex 2.000000 14.000000 19.100000
      vertex 13.700000 14.000000 18.100000
      vertex 13.700000 14.000000 15.900000
    endloop
  endfacet
  facet normal 0.000000 1.000000 0.000000
    outer loop
      vertex 2.000000 14.000000 19.100000
      vertex 19.700001 14.000000 18.100000
      vertex 13.700000 14.000000 18.100000
    endloop
  endfacet
  facet normal 0.000000 0.000000 1.000000
    outer loop
      vertex 2.000000 21.299999 2.000000
      vertex 3.850000 28.500000 2.000000
      vertex 2.000000 28.500000 2.000000
    endloop
  endfacet
  facet normal 0.000000 0.000000 1.000000
    outer loop
      vertex 3.850000 28.500000 2.000000
      vertex 4.230301 30.283291 2.000000
      vertex 4.088037 30.752274 2.000000
    endloop
  endfacet
  facet normal 0.000000 0.000000 1.000000
    outer loop
      vertex 3.850000 28.500000 2.000000
      vertex 4.088037 30.752274 2.000000
      vertex 4.040000 31.240000 2.000000
    endloop
  endfacet
  facet normal 0.000000 0.000000 1.000000
    outer loop
      vertex 3.850000 28.500000 2.000000
      vertex 4.040000 31.240000 2.000000
      vertex 3.850000 33.299999 2.000000
    endloop
  endfacet
  facet normal 0.000000 0.000000 1.000000
    outer loop
      vertex 2.000000 33.299999 2.000000
      vertex 3.850000 33.299999 2.000000
      vertex 2.000000 35.779999 2.000000
    endloop
  endfacet
  facet normal 0.000000 0.000000 1.000000
    outer loop
      vertex 4.040000 31.240000 2.000000
      vertex 4.088037 31.727726 2.000000
      vertex 3.850000 33.299999 2.000000
    endloop
  endfacet
  facet normal 0.000000 0.000000 1.000000
    outer loop
      vertex 4.088037 31.727726 2.000000
      vertex 4.230301 32.196709 2.000000
      vertex 3.850000 33.299999 2.000000
    endloop
  endfacet
  facet normal 0.000000 0.000000 1.000000
    outer loop
      vertex 2.000000 35.779999 2.000000
      vertex 3.850000 33.299999 2.000000
      vertex 4.772233 33.007767 2.000000
    endloop
  endfacet
  facet normal 0.000000 0.000000 1.000000
    outer loop
      vertex 2.000000 35.779999 2.000000
      vertex 4.772233 33.007767 2.000000
      vertex 5.151074 33.318672 2.000000
    endloop
  endfacet
  facet normal 1.000000 0.000000 0.000000
    outer loop
      vertex 2.000000 33.299999 2.000000
      vertex 2.000000 35.779999 2.000000
      vertex 2.000000 33.299999 8.450000
    endloop
  endfacet
  facet normal 0.000000 0.000000 1.000000
    outer loop
      vertex 3.850000 21.299999 2.000000
      vertex 5.583292 28.930302 2.000000
      vertex 3.850000 28.500000 2.000000
    endloop
  endfacet
  facet normal 0.000000 0.000000 1.000000
    outer loop
      vertex 3.850000 21.299999 2.000000
      vertex 6.052274 28.788036 2.000000
      vertex 5.583292 28.930302 2.000000
    endloop
  endfacet
  facet normal 0.000000 0.000000 1.000000
    outer loop
      vertex 3.850000 21.299999 2.000000
      vertex 6.540000 28.740000 2.000000
      vertex 6.052274 28.788036 2.000000
    endloop
  endfacet
  facet normal 0.000000 0.000000 1.000000
    outer loop
      vertex 3.850000 21.299999 2.000000
      vertex 7.027726 28.788036 2.000000
      vertex 6.540000 28.740000 2.000000
    endloop
  endfacet
  facet normal 0.000000 0.000000 1.000000
    outer loop
      vertex 3.850000 21.299999 2.000000
      vertex 7.496708 28.930302 2.000000
      vertex 7.027726 28.788036 2.000000
    endloop
  endfacet
  facet normal 0.000000 0.000000 1.000000
    outer loop
      vertex 3.850000 28.500000 2.000000
      vertex 4.461326 29.851074 2.000000
      vertex 4.230301 30.283291 2.000000
    endloop
  endfacet
  facet normal 0.000000 0.000000 1.000000
    outer loop
      vertex 3.850000 28.500000 2.000000
      vertex 4.772233 29.472233 2.000000
      vertex 4.461326 29.851074 2.000000
    endloop
  endfacet
  facet normal 0.000000 0.000000 1.000000
    outer loop
      vertex 3.850000 28.500000 2.000000
      vertex 5.151074 29.161325 2.000000
      vertex 4.772233 29.472233 2.000000
    endloop
  endfacet
  facet normal 0.000000 0.000000 1.000000
    outer loop
      vertex 3.850000 28.500000 2.000000
      vertex 5.583292 28.930302 2.000000
      vertex 5.151074 29.161325 2.000000
    endloop
  endfacet
  facet normal 0.000000 0.000000 1.000000
    outer loop
      vertex 3.850000 21.299999 2.000000
      vertex 7.928926 29.161325 2.000000
      vertex 7.496708 28.930302 2.000000
    endloop
  endfacet
  facet normal 0.000000 0.000000 1.000000
    outer loop
      vertex 3.850000 33.299999 2.000000
      vertex 4.230301 32.196709 2.000000
      vertex 4.461326 32.628925 2.000000
    endloop
  endfacet
  facet normal 0.000000 0.000000 1.000000
    outer loop
      vertex 3.850000 33.299999 2.000000
      vertex 4.461326 32.628925 2.000000
      vertex 4.772233 33.007767 2.000000
    endloop
  endfacet
  facet normal 0.000000 0.000000 1.000000
    outer loop
      vertex 2.000000 35.779999 2.000000
      vertex 5.151074 33.318672 2.000000
      vertex 5.583292 33.549698 2.000000
    endloop
  endfacet
  facet normal 0.000000 0.000000 1.000000
    outer loop
      vertex 2.000000 35.779999 2.000000
      vertex 5.583292 33.549698 2.000000
      vertex 6.052274 33.691963 2.000000
    endloop
  endfacet
  facet normal 0.000000 0.000000 1.000000
    outer loop
      vertex 2.000000 35.779999 2.000000
      vertex 6.052274 33.691963 2.000000
      vertex 6.540000 33.739998 2.000000
    endloop
  endfacet
  facet normal 1.000000 0.000000 0.000000
    outer loop
      vertex 2.000000 28.500000 2.000000
      vertex 2.000000 25.884743 8.450000
      vertex 2.000000 21.990000 7.350000
    endloop
  endfacet
  facet normal 1.000000 0.000000 0.000000
    outer loop
      vertex 2.000000 28.500000 2.000000
      vertex 2.000000 27.790001 7.350000
      vertex 2.000000 25.884743 8.450000
    endloop
  endfacet
  facet normal 1.000000 0.000000 0.000000
    outer loop
      vertex 2.000000 28.500000 2.000000
      vertex 2.000000 28.500000 7.759919
      vertex 2.000000 27.790001 7.350000
    endloop
  endfacet
  facet normal 1.000000 0.000000 0.000000
    outer loop
      vertex 2.000000 23.895256 8.450000
      vertex 2.000000 25.884743 8.450000
      vertex 2.000000 25.884743 10.650000
    endloop
  endfacet
  facet normal 0.000000 -1.000000 0.000000
    outer loop
      vertex 2.000000 35.779999 2.000000
      vertex 12.000000 35.779999 7.644744
      vertex 9.800000 35.779999 7.644744
    endloop
  endfacet
  facet normal 0.000000 -1.000000 0.000000
    outer loop
      vertex 2.000000 35.779999 2.000000
      vertex 9.800000 35.779999 7.644744
      vertex 8.700000 35.779999 9.550000
    endloop
  endfacet
  facet normal 0.000000 0.000000 1.000000
    outer loop
      vertex 8.991963 30.752274 2.000000
      vertex 29.549999 16.500000 2.000000
      vertex 9.040000 31.240000 2.000000
    endloop
  endfacet
  facet normal 0.000000 0.000000 1.000000
    outer loop
      vertex 8.849699 30.283291 2.000000
      vertex 31.400000 14.000000 2.000000
      vertex 8.991963 30.752274 2.000000
    endloop
  endfacet
  facet normal 0.000000 0.000000 1.000000
    outer loop
      vertex 9.040000 31.240000 2.000000
      vertex 29.549999 16.500000 2.000000
      vertex 8.991963 31.727726 2.000000
    endloop
  endfacet
  facet normal 0.000000 0.000000 1.000000
    outer loop
      vertex 8.849699 32.196709 2.000000
      vertex 29.549999 21.299999 2.000000
      vertex 8.618674 32.628925 2.000000
    endloop
  endfacet
  facet normal 0.000000 0.000000 1.000000
    outer loop
      vertex 8.849699 32.196709 2.000000
      vertex 8.991963 31.727726 2.000000
      vertex 29.549999 21.299999 2.000000
    endloop
  endfacet
  facet normal 0.000000 0.000000 1.000000
    outer loop
      vertex 2.000000 35.779999 2.000000
      vertex 6.540000 33.739998 2.000000
      vertex 31.400000 35.779999 2.000000
    endloop
  endfacet
  facet normal 0.000000 0.000000 1.000000
    outer loop
      vertex 7.496708 33.549698 2.000000
      vertex 7.928926 33.318672 2.000000
      vertex 31.400000 35.779999 2.000000
    endloop
  endfacet
  facet normal 0.000000 0.000000 1.000000
    outer loop
      vertex 7.928926 33.318672 2.000000
      vertex 8.307767 33.007767 2.000000
      vertex 31.400000 35.779999 2.000000
    endloop
  endfacet
  facet normal 0.000000 0.000000 1.000000
    outer loop
      vertex 8.307767 33.007767 2.000000
      vertex 8.618674 32.628925 2.000000
      vertex 31.400000 35.779999 2.000000
    endloop
  endfacet
  facet normal 0.000000 0.000000 1.000000
    outer loop
      vertex 6.540000 33.739998 2.000000
      vertex 7.027726 33.691963 2.000000
      vertex 31.400000 35.779999 2.000000
    endloop
  endfacet
  facet normal 0.000000 0.000000 1.000000
    outer loop
      vertex 7.027726 33.691963 2.000000
      vertex 7.496708 33.549698 2.000000
      vertex 31.400000 35.779999 2.000000
    endloop
  endfacet
  facet normal 0.000000 -1.000000 0.000000
    outer loop
      vertex 2.000000 35.779999 2.000000
      vertex 15.600000 35.779999 7.644744
      vertex 12.000000 35.779999 7.644744
    endloop
  endfacet
  facet normal 0.000000 -1.000000 0.000000
    outer loop
      vertex 2.000000 35.779999 2.000000
      vertex 17.799999 35.779999 7.644744
      vertex 15.600000 35.779999 7.644744
    endloop
  endfacet
  facet normal 0.000000 -1.000000 0.000000
    outer loop
      vertex 12.000000 35.779999 7.644744
      vertex 15.600000 35.779999 7.644744
      vertex 14.500000 35.779999 9.550000
    endloop
  endfacet
  facet normal 0.000000 -1.000000 0.000000
    outer loop
      vertex 14.500000 35.779999 9.550000
      vertex 13.100000 35.779999 9.550000
      vertex 12.000000 35.779999 7.644744
    endloop
  endfacet
  facet normal 1.000000 0.000000 0.000000
    outer loop
      vertex 2.000000 34.475807 19.100000
      vertex 2.000000 21.990000 11.750000
      vertex 2.000000 23.895256 10.650000
    endloop
  endfacet
  facet normal 1.000000 0.000000 0.000000
    outer loop
      vertex 2.000000 35.779999 19.100000
      vertex 2.000000 23.895256 10.650000
      vertex 2.000000 25.884743 10.650000
    endloop
  endfacet
  facet normal 1.000000 0.000000 0.000000
    outer loop
      vertex 2.000000 35.779999 19.100000
      vertex 2.000000 25.884743 10.650000
      vertex 2.000000 27.790001 11.750000
    endloop
  endfacet
  facet normal 1.000000 0.000000 0.000000
    outer loop
      vertex 2.000000 35.779999 19.100000
      vertex 2.000000 27.790001 11.750000
      vertex 2.000000 29.695255 10.650000
    endloop
  endfacet
  facet normal 1.000000 0.000000 0.000000
    outer loop
      vertex 2.000000 35.779999 2.000000
      vertex 2.000000 35.779999 19.100000
      vertex 2.000000 33.299999 8.450000
    endloop
  endfacet
  facet normal 1.000000 0.000000 0.000000
    outer loop
      vertex 2.000000 35.779999 19.100000
      vertex 2.000000 29.695255 10.650000
      vertex 2.000000 29.695255 8.450000
    endloop
  endfacet
  facet normal 1.000000 0.000000 0.000000
    outer loop
      vertex 2.000000 33.299999 8.450000
      vertex 2.000000 35.779999 19.100000
      vertex 2.000000 29.695255 8.450000
    endloop
  endfacet
  facet normal 0.000000 -1.000000 0.000000
    outer loop
      vertex 2.000000 35.779999 2.000000
      vertex 8.700000 35.779999 9.550000
      vertex 2.000000 35.779999 19.100000
    endloop
  endfacet
  facet normal 0.000000 -1.000000 0.000000
    outer loop
      vertex 2.000000 35.779999 19.100000
      vertex 8.700000 35.779999 9.550000
      vertex 9.800000 35.779999 11.455256
    endloop
  endfacet
  facet normal 1.000000 0.000000 0.000000
    outer loop
      vertex 2.000000 34.475807 19.100000
      vertex 2.000000 23.895256 10.650000
      vertex 2.000000 35.779999 19.100000
    endloop
  endfacet
  facet normal 0.000000 -1.000000 0.000000
    outer loop
      vertex 9.800000 35.779999 11.455256
      vertex 12.000000 35.779999 11.455256
      vertex 13.700000 35.779999 14.918181
    endloop
  endfacet
  facet normal 0.000000 -1.000000 0.000000
    outer loop
      vertex 14.500000 35.779999 9.550000
      vertex 15.600000 35.779999 11.455256
      vertex 13.100000 35.779999 9.550000
    endloop
  endfacet
  facet normal 0.000000 -1.000000 0.000000
    outer loop
      vertex 12.000000 35.779999 11.455256
      vertex 13.100000 35.779999 9.550000
      vertex 15.600000 35.779999 11.455256
    endloop
  endfacet
  facet normal 0.000000 -1.000000 0.000000
    outer loop
      vertex 12.000000 35.779999 11.455256
      vertex 15.600000 35.779999 11.455256
      vertex 13.700000 35.779999 14.918181
    endloop
  endfacet
  facet normal 0.000000 -1.000000 0.000000
    outer loop
      vertex 15.600000 35.779999 11.455256
      vertex 17.799999 35.779999 11.455256
      vertex 13.700000 35.779999 14.918181
    endloop
  endfacet
  facet normal 0.000000 -1.000000 0.000000
    outer loop
      vertex 2.000000 35.779999 19.100000
      vertex 9.800000 35.779999 11.455256
      vertex 13.700000 35.779999 14.918181
    endloop
  endfacet
  facet normal 0.000000 -1.000000 0.000000
    outer loop
      vertex 2.000000 35.779999 19.100000
      vertex 13.700000 35.779999 14.918181
      vertex 13.700000 35.779999 15.900000
    endloop
  endfacet
  facet normal 0.000000 -1.000000 0.000000
    outer loop
      vertex 2.000000 35.779999 19.100000
      vertex 13.700000 35.779999 15.900000
      vertex 13.700000 35.779999 18.100000
    endloop
  endfacet
  facet normal 0.000000 -1.000000 0.000000
    outer loop
      vertex 2.000000 35.779999 19.100000
      vertex 13.700000 35.779999 18.100000
      vertex 19.700001 35.779999 18.100000
    endloop
  endfacet
  facet normal 0.000000 0.000000 0.000000
    outer loop
      vertex 13.700000 35.779999 15.900000
      vertex 13.700000 35.779999 15.900000
      vertex 13.700000 35.779999 18.100000
    endloop
  endfacet
  facet normal 0.000000 0.000000 1.000000
    outer loop
      vertex 8.991963 31.727726 2.000000
      vertex 29.549999 16.500000 2.000000
      vertex 29.549999 21.299999 2.000000
    endloop
  endfacet
  facet normal 0.000000 0.000000 1.000000
    outer loop
      vertex 8.991963 30.752274 2.000000
      vertex 31.400000 14.000000 2.000000
      vertex 29.549999 16.500000 2.000000
    endloop
  endfacet
  facet normal 0.000000 1.000000 0.000000
    outer loop
      vertex 21.400000 14.000000 7.644744
      vertex 17.799999 14.000000 7.644744
      vertex 18.900000 14.000000 9.550000
    endloop
  endfacet
  facet normal 0.000000 1.000000 0.000000
    outer loop
      vertex 18.900000 14.000000 9.550000
      vertex 20.299999 14.000000 9.550000
      vertex 21.400000 14.000000 7.644744
    endloop
  endfacet
  facet normal 0.000000 1.000000 0.000000
    outer loop
      vertex 31.400000 14.000000 2.000000
      vertex 15.600000 14.000000 7.644744
      vertex 17.799999 14.000000 7.644744
    endloop
  endfacet
  facet normal 0.000000 1.000000 0.000000
    outer loop
      vertex 31.400000 14.000000 2.000000
      vertex 17.799999 14.000000 7.644744
      vertex 21.400000 14.000000 7.644744
    endloop
  endfacet
  facet normal 0.000000 0.000000 1.000000
    outer loop
      vertex 29.549999 16.500000 2.000000
      vertex 31.400000 14.000000 2.000000
      vertex 31.400000 16.500000 2.000000
    endloop
  endfacet
  facet normal -1.000000 0.000000 0.000000
    outer loop
      vertex 31.400000 14.000000 2.000000
      vertex 31.400000 16.500000 3.400000
      vertex 31.400000 16.500000 2.000000
    endloop
  endfacet
  facet normal -1.000000 0.000000 0.000000
    outer loop
      vertex 31.400000 14.000000 2.000000
      vertex 31.400000 16.500000 5.000000
      vertex 31.400000 16.500000 3.400000
    endloop
  endfacet
  facet normal 0.000000 0.000000 1.000000
    outer loop
      vertex 29.549999 21.299999 2.000000
      vertex 31.400000 21.299999 2.000000
      vertex 31.400000 28.500000 2.000000
    endloop
  endfacet
  facet normal -1.000000 0.000000 0.000000
    outer loop
      vertex 31.400000 21.299999 2.000000
      vertex 31.400000 21.299999 3.400000
      vertex 31.400000 28.500000 3.400000
    endloop
  endfacet
  facet normal -1.000000 0.000000 0.000000
    outer loop
      vertex 31.400000 21.299999 3.400000
      vertex 31.400000 21.299999 4.600000
      vertex 31.400000 28.500000 4.600000
    endloop
  endfacet
  facet normal 0.000000 1.000000 0.000000
    outer loop
      vertex 31.400000 14.000000 2.000000
      vertex 21.400000 14.000000 7.644744
      vertex 23.600000 14.000000 7.644744
    endloop
  endfacet
  facet normal 0.000000 1.000000 0.000000
    outer loop
      vertex 31.400000 14.000000 2.000000
      vertex 23.600000 14.000000 7.644744
      vertex 24.700001 14.000000 9.550000
    endloop
  endfacet
  facet normal -1.000000 0.000000 0.000000
    outer loop
      vertex 31.400000 14.000000 2.000000
      vertex 31.400000 14.000000 19.100000
      vertex 31.400000 16.500000 5.000000
    endloop
  endfacet
  facet normal 0.000000 1.000000 0.000000
    outer loop
      vertex 17.799999 14.000000 11.455256
      vertex 20.299999 14.000000 9.550000
      vertex 18.900000 14.000000 9.550000
    endloop
  endfacet
  facet normal 0.000000 1.000000 0.000000
    outer loop
      vertex 17.799999 14.000000 11.455256
      vertex 21.400000 14.000000 11.455256
      vertex 20.299999 14.000000 9.550000
    endloop
  endfacet
  facet normal 0.000000 1.000000 0.000000
    outer loop
      vertex 19.700001 14.000000 14.918181
      vertex 17.799999 14.000000 11.455256
      vertex 15.600000 14.000000 11.455256
    endloop
  endfacet
  facet normal 0.000000 1.000000 0.000000
    outer loop
      vertex 17.799999 14.000000 11.455256
      vertex 19.700001 14.000000 14.918181
      vertex 21.400000 14.000000 11.455256
    endloop
  endfacet
  facet normal 0.000000 1.000000 0.000000
    outer loop
      vertex 21.400000 14.000000 11.455256
      vertex 19.700001 14.000000 14.918181
      vertex 23.600000 14.000000 11.455256
    endloop
  endfacet
  facet normal 0.000000 0.000000 0.000000
    outer loop
      vertex 19.700001 14.000000 15.900000
      vertex 19.700001 14.000000 15.900000
      vertex 19.700001 14.000000 18.100000
    endloop
  endfacet
  facet normal 0.000000 1.000000 0.000000
    outer loop
      vertex 2.000000 14.000000 19.100000
      vertex 31.400000 14.000000 19.100000
      vertex 19.700001 14.000000 18.100000
    endloop
  endfacet
  facet normal 0.000000 1.000000 0.000000
    outer loop
      vertex 31.400000 14.000000 19.100000
      vertex 23.600000 14.000000 11.455256
      vertex 19.700001 14.000000 14.918181
    endloop
  endfacet
  facet normal 0.000000 1.000000 0.000000
    outer loop
      vertex 31.400000 14.000000 19.100000
      vertex 19.700001 14.000000 14.918181
      vertex 19.700001 14.000000 15.900000
    endloop
  endfacet
  facet normal 0.000000 1.000000 0.000000
    outer loop
      vertex 31.400000 14.000000 19.100000
      vertex 19.700001 14.000000 15.900000
      vertex 19.700001 14.000000 18.100000
    endloop
  endfacet
  facet normal 0.000000 1.000000 0.000000
    outer loop
      vertex 31.400000 14.000000 2.000000
      vertex 24.700001 14.000000 9.550000
      vertex 31.400000 14.000000 19.100000
    endloop
  endfacet
  facet normal 0.000000 1.000000 0.000000
    outer loop
      vertex 31.400000 14.000000 19.100000
      vertex 24.700001 14.000000 9.550000
      vertex 23.600000 14.000000 11.455256
    endloop
  endfacet
  facet normal -1.000000 0.000000 0.000000
    outer loop
      vertex 31.400000 16.500000 5.000000
      vertex 31.400000 14.000000 19.100000
      vertex 31.400000 16.500000 8.450000
    endloop
  endfacet
  facet normal -1.000000 0.000000 0.000000
    outer loop
      vertex 31.400000 16.500000 8.450000
      vertex 31.400000 14.000000 19.100000
      vertex 31.400000 19.889999 8.450000
    endloop
  endfacet
  facet normal -1.000000 0.000000 0.000000
    outer loop
      vertex 31.400000 14.000000 19.100000
      vertex 31.400000 19.889999 11.600000
      vertex 31.400000 19.889999 8.450000
    endloop
  endfacet
  facet normal -1.000000 0.000000 0.000000
    outer loop
      vertex 31.400000 14.000000 19.100000
      vertex 31.400000 15.304192 19.100000
      vertex 31.400000 19.889999 11.600000
    endloop
  endfacet
  facet normal -1.000000 0.000000 0.000000
    outer loop
      vertex 31.400000 15.304192 19.100000
      vertex 31.400000 35.779999 19.100000
      vertex 31.400000 19.889999 11.600000
    endloop
  endfacet
  facet normal 0.000000 0.000000 1.000000
    outer loop
      vertex 8.618674 32.628925 2.000000
      vertex 25.092234 29.472233 2.000000
      vertex 24.781326 29.851074 2.000000
    endloop
  endfacet
  facet normal 0.000000 0.000000 1.000000
    outer loop
      vertex 8.618674 32.628925 2.000000
      vertex 24.781326 29.851074 2.000000
      vertex 24.550301 30.283291 2.000000
    endloop
  endfacet
  facet normal 0.000000 0.000000 1.000000
    outer loop
      vertex 8.618674 32.628925 2.000000
      vertex 25.471075 29.161325 2.000000
      vertex 25.092234 29.472233 2.000000
    endloop
  endfacet
  facet normal 0.000000 0.000000 1.000000
    outer loop
      vertex 8.618674 32.628925 2.000000
      vertex 25.903292 28.930302 2.000000
      vertex 25.471075 29.161325 2.000000
    endloop
  endfacet
  facet normal 0.000000 0.000000 1.000000
    outer loop
      vertex 8.618674 32.628925 2.000000
      vertex 26.372274 28.788036 2.000000
      vertex 25.903292 28.930302 2.000000
    endloop
  endfacet
  facet normal 0.000000 0.000000 1.000000
    outer loop
      vertex 8.618674 32.628925 2.000000
      vertex 24.550301 30.283291 2.000000
      vertex 24.408037 30.752274 2.000000
    endloop
  endfacet
  facet normal 0.000000 0.000000 1.000000
    outer loop
      vertex 8.618674 32.628925 2.000000
      vertex 24.408037 30.752274 2.000000
      vertex 24.360001 31.240000 2.000000
    endloop
  endfacet
  facet normal 0.000000 0.000000 1.000000
    outer loop
      vertex 8.618674 32.628925 2.000000
      vertex 24.360001 31.240000 2.000000
      vertex 24.408037 31.727726 2.000000
    endloop
  endfacet
  facet normal 0.000000 0.000000 1.000000
    outer loop
      vertex 8.618674 32.628925 2.000000
      vertex 24.408037 31.727726 2.000000
      vertex 24.550301 32.196709 2.000000
    endloop
  endfacet
  facet normal 0.000000 0.000000 1.000000
    outer loop
      vertex 8.618674 32.628925 2.000000
      vertex 24.550301 32.196709 2.000000
      vertex 24.781326 32.628925 2.000000
    endloop
  endfacet
  facet normal 0.000000 0.000000 1.000000
    outer loop
      vertex 8.618674 32.628925 2.000000
      vertex 24.781326 32.628925 2.000000
      vertex 25.092234 33.007767 2.000000
    endloop
  endfacet
  facet normal 0.000000 0.000000 1.000000
    outer loop
      vertex 8.618674 32.628925 2.000000
      vertex 25.092234 33.007767 2.000000
      vertex 25.471075 33.318672 2.000000
    endloop
  endfacet
  facet normal 0.000000 0.000000 1.000000
    outer loop
      vertex 8.618674 32.628925 2.000000
      vertex 25.471075 33.318672 2.000000
      vertex 25.903292 33.549698 2.000000
    endloop
  endfacet
  facet normal 0.000000 -1.000000 0.000000
    outer loop
      vertex 2.000000 35.779999 2.000000
      vertex 31.400000 35.779999 2.000000
      vertex 17.799999 35.779999 7.644744
    endloop
  endfacet
  facet normal 0.000000 0.000000 1.000000
    outer loop
      vertex 8.618674 32.628925 2.000000
      vertex 29.549999 21.299999 2.000000
      vertex 26.372274 28.788036 2.000000
    endloop
  endfacet
  facet normal 0.000000 0.000000 1.000000
    outer loop
      vertex 8.618674 32.628925 2.000000
      vertex 25.903292 33.549698 2.000000
      vertex 31.400000 35.779999 2.000000
    endloop
  endfacet
  facet normal 0.000000 -1.000000 0.000000
    outer loop
      vertex 17.799999 35.779999 7.644744
      vertex 21.400000 35.779999 7.644744
      vertex 20.299999 35.779999 9.550000
    endloop
  endfacet
  facet normal 0.000000 -1.000000 0.000000
    outer loop
      vertex 17.799999 35.779999 7.644744
      vertex 20.299999 35.779999 9.550000
      vertex 18.900000 35.779999 9.550000
    endloop
  endfacet
  facet normal 0.000000 -1.000000 0.000000
    outer loop
      vertex 31.400000 35.779999 2.000000
      vertex 21.400000 35.779999 7.644744
      vertex 17.799999 35.779999 7.644744
    endloop
  endfacet
  facet normal 0.000000 0.000000 1.000000
    outer loop
      vertex 29.549999 21.299999 2.000000
      vertex 26.860001 28.740000 2.000000
      vertex 26.372274 28.788036 2.000000
    endloop
  endfacet
  facet normal 0.000000 0.000000 1.000000
    outer loop
      vertex 29.549999 21.299999 2.000000
      vertex 27.347725 28.788036 2.000000
      vertex 26.860001 28.740000 2.000000
    endloop
  endfacet
  facet normal 0.000000 0.000000 1.000000
    outer loop
      vertex 29.549999 21.299999 2.000000
      vertex 27.816710 28.930302 2.000000
      vertex 27.347725 28.788036 2.000000
    endloop
  endfacet
  facet normal 0.000000 0.000000 1.000000
    outer loop
      vertex 29.549999 21.299999 2.000000
      vertex 29.549999 28.500000 2.000000
      vertex 28.248926 29.161325 2.000000
    endloop
  endfacet
  facet normal 0.000000 0.000000 1.000000
    outer loop
      vertex 29.549999 21.299999 2.000000
      vertex 28.248926 29.161325 2.000000
      vertex 27.816710 28.930302 2.000000
    endloop
  endfacet
  facet normal 0.000000 0.000000 1.000000
    outer loop
      vertex 28.248926 29.161325 2.000000
      vertex 29.549999 28.500000 2.000000
      vertex 28.627768 29.472233 2.000000
    endloop
  endfacet
  facet normal 0.000000 0.000000 1.000000
    outer loop
      vertex 28.627768 29.472233 2.000000
      vertex 29.549999 28.500000 2.000000
      vertex 28.938675 29.851074 2.000000
    endloop
  endfacet
  facet normal 0.000000 0.000000 1.000000
    outer loop
      vertex 28.938675 29.851074 2.000000
      vertex 29.549999 29.763159 2.000000
      vertex 29.169699 30.283291 2.000000
    endloop
  endfacet
  facet normal 0.000000 0.000000 1.000000
    outer loop
      vertex 28.248926 33.318672 2.000000
      vertex 28.627768 33.007767 2.000000
      vertex 29.549999 33.299999 2.000000
    endloop
  endfacet
  facet normal 0.000000 0.000000 1.000000
    outer loop
      vertex 28.938675 32.628925 2.000000
      vertex 29.549999 33.299999 2.000000
      vertex 28.627768 33.007767 2.000000
    endloop
  endfacet
  facet normal 0.000000 0.000000 1.000000
    outer loop
      vertex 28.938675 32.628925 2.000000
      vertex 29.169699 32.196709 2.000000
      vertex 29.549999 33.299999 2.000000
    endloop
  endfacet
  facet normal 0.000000 0.000000 1.000000
    outer loop
      vertex 27.816710 33.549698 2.000000
      vertex 28.248926 33.318672 2.000000
      vertex 31.400000 35.779999 2.000000
    endloop
  endfacet
  facet normal 0.000000 0.000000 1.000000
    outer loop
      vertex 25.903292 33.549698 2.000000
      vertex 26.372274 33.691963 2.000000
      vertex 31.400000 35.779999 2.000000
    endloop
  endfacet
  facet normal 0.000000 0.000000 1.000000
    outer loop
      vertex 26.372274 33.691963 2.000000
      vertex 26.860001 33.739998 2.000000
      vertex 31.400000 35.779999 2.000000
    endloop
  endfacet
  facet normal 0.000000 0.000000 1.000000
    outer loop
      vertex 26.860001 33.739998 2.000000
      vertex 27.347725 33.691963 2.000000
      vertex 31.400000 35.779999 2.000000
    endloop
  endfacet
  facet normal 0.000000 0.000000 1.000000
    outer loop
      vertex 27.347725 33.691963 2.000000
      vertex 27.816710 33.549698 2.000000
      vertex 31.400000 35.779999 2.000000
    endloop
  endfacet
  facet normal 0.000000 0.000000 1.000000
    outer loop
      vertex 29.549999 21.299999 2.000000
      vertex 31.400000 28.500000 2.000000
      vertex 29.549999 28.500000 2.000000
    endloop
  endfacet
  facet normal 0.000000 0.000000 1.000000
    outer loop
      vertex 28.938675 29.851074 2.000000
      vertex 29.549999 28.500000 2.000000
      vertex 29.549999 29.763159 2.000000
    endloop
  endfacet
  facet normal 0.000000 0.000000 1.000000
    outer loop
      vertex 29.169699 30.283291 2.000000
      vertex 29.549999 29.763159 2.000000
      vertex 29.311964 30.752274 2.000000
    endloop
  endfacet
  facet normal 0.000000 0.000000 1.000000
    outer loop
      vertex 29.549999 29.763159 2.000000
      vertex 29.360001 31.240000 2.000000
      vertex 29.311964 30.752274 2.000000
    endloop
  endfacet
  facet normal 0.000000 0.000000 1.000000
    outer loop
      vertex 29.549999 29.763159 2.000000
      vertex 29.311964 31.727726 2.000000
      vertex 29.360001 31.240000 2.000000
    endloop
  endfacet
  facet normal -1.000000 0.000000 0.000000
    outer loop
      vertex 31.400000 21.299999 2.000000
      vertex 31.400000 28.500000 3.400000
      vertex 31.400000 28.500000 2.000000
    endloop
  endfacet
  facet normal -1.000000 0.000000 0.000000
    outer loop
      vertex 31.400000 21.299999 3.400000
      vertex 31.400000 28.500000 4.600000
      vertex 31.400000 28.500000 3.400000
    endloop
  endfacet
  facet normal 0.000000 0.000000 1.000000
    outer loop
      vertex 29.549999 29.763159 2.000000
      vertex 29.549999 33.299999 2.000000
      vertex 29.311964 31.727726 2.000000
    endloop
  endfacet
  facet normal 0.000000 0.000000 1.000000
    outer loop
      vertex 29.169699 32.196709 2.000000
      vertex 29.311964 31.727726 2.000000
      vertex 29.549999 33.299999 2.000000
    endloop
  endfacet
  facet normal 0.000000 0.000000 1.000000
    outer loop
      vertex 28.248926 33.318672 2.000000
      vertex 29.549999 33.299999 2.000000
      vertex 31.400000 35.779999 2.000000
    endloop
  endfacet
  facet normal 0.000000 0.000000 1.000000
    outer loop
      vertex 29.549999 33.299999 2.000000
      vertex 31.400000 33.299999 2.000000
      vertex 31.400000 35.779999 2.000000
    endloop
  endfacet
  facet normal -1.000000 0.000000 0.000000
    outer loop
      vertex 31.400000 33.299999 2.000000
      vertex 31.400000 33.299999 3.400000
      vertex 31.400000 35.779999 2.000000
    endloop
  endfacet
  facet normal -1.000000 0.000000 0.000000
    outer loop
      vertex 31.400000 35.779999 2.000000
      vertex 31.400000 33.299999 3.400000
      vertex 31.400000 33.299999 5.000000
    endloop
  endfacet
  facet normal 0.000000 -1.000000 0.000000
    outer loop
      vertex 31.400000 35.779999 2.000000
      vertex 23.600000 35.779999 7.644744
      vertex 21.400000 35.779999 7.644744
    endloop
  endfacet
  facet normal 0.000000 -1.000000 0.000000
    outer loop
      vertex 31.400000 35.779999 2.000000
      vertex 24.700001 35.779999 9.550000
      vertex 23.600000 35.779999 7.644744
    endloop
  endfacet
  facet normal -1.000000 0.000000 0.000000
    outer loop
      vertex 31.400000 33.299999 8.450000
      vertex 31.400000 29.990000 8.450000
      vertex 31.400000 29.990000 11.600000
    endloop
  endfacet
  facet normal -1.000000 0.000000 0.000000
    outer loop
      vertex 31.400000 35.779999 2.000000
      vertex 31.400000 33.299999 5.000000
      vertex 31.400000 35.779999 19.100000
    endloop
  endfacet
  facet normal 0.000000 -1.000000 0.000000
    outer loop
      vertex 20.299999 35.779999 9.550000
      vertex 21.400000 35.779999 11.455256
      vertex 18.900000 35.779999 9.550000
    endloop
  endfacet
  facet normal 0.000000 -1.000000 0.000000
    outer loop
      vertex 13.700000 35.779999 14.918181
      vertex 17.799999 35.779999 11.455256
      vertex 19.700001 35.779999 14.918181
    endloop
  endfacet
  facet normal 0.000000 -1.000000 0.000000
    outer loop
      vertex 18.900000 35.779999 9.550000
      vertex 19.700001 35.779999 14.918181
      vertex 17.799999 35.779999 11.455256
    endloop
  endfacet
  facet normal 0.000000 -1.000000 0.000000
    outer loop
      vertex 31.400000 35.779999 19.100000
      vertex 18.900000 35.779999 9.550000
      vertex 21.400000 35.779999 11.455256
    endloop
  endfacet
  facet normal 0.000000 -1.000000 0.000000
    outer loop
      vertex 2.000000 35.779999 19.100000
      vertex 19.700001 35.779999 18.100000
      vertex 31.400000 35.779999 19.100000
    endloop
  endfacet
  facet normal 0.000000 -1.000000 0.000000
    outer loop
      vertex 31.400000 35.779999 19.100000
      vertex 19.700001 35.779999 14.918181
      vertex 18.900000 35.779999 9.550000
    endloop
  endfacet
  facet normal 0.000000 -1.000000 0.000000
    outer loop
      vertex 31.400000 35.779999 19.100000
      vertex 19.700001 35.779999 15.900000
      vertex 19.700001 35.779999 14.918181
    endloop
  endfacet
  facet normal 0.000000 0.000000 0.000000
    outer loop
      vertex 31.400000 35.779999 19.100000
      vertex 19.700001 35.779999 15.900000
      vertex 19.700001 35.779999 15.900000
    endloop
  endfacet
  facet normal 0.000000 -1.000000 0.000000
    outer loop
      vertex 31.400000 35.779999 19.100000
      vertex 19.700001 35.779999 18.100000
      vertex 19.700001 35.779999 15.900000
    endloop
  endfacet
  facet normal 0.000000 -1.000000 0.000000
    outer loop
      vertex 31.400000 35.779999 2.000000
      vertex 31.400000 35.779999 19.100000
      vertex 24.700001 35.779999 9.550000
    endloop
  endfacet
  facet normal 0.000000 -1.000000 0.000000
    outer loop
      vertex 31.400000 35.779999 19.100000
      vertex 21.400000 35.779999 11.455256
      vertex 23.600000 35.779999 11.455256
    endloop
  endfacet
  facet normal 0.000000 -1.000000 0.000000
    outer loop
      vertex 31.400000 35.779999 19.100000
      vertex 23.600000 35.779999 11.455256
      vertex 24.700001 35.779999 9.550000
    endloop
  endfacet
  facet normal -1.000000 0.000000 0.000000
    outer loop
      vertex 31.400000 35.779999 19.100000
      vertex 31.400000 29.990000 11.600000
      vertex 31.400000 19.889999 11.600000
    endloop
  endfacet
  facet normal -1.000000 0.000000 0.000000
    outer loop
      vertex 31.400000 33.299999 5.000000
      vertex 31.400000 33.299999 8.450000
      vertex 31.400000 35.779999 19.100000
    endloop
  endfacet
  facet normal -1.000000 0.000000 0.000000
    outer loop
      vertex 31.400000 33.299999 8.450000
      vertex 31.400000 29.990000 11.600000
      vertex 31.400000 35.779999 19.100000
    endloop
  endfacet
  facet normal -0.956940 -0.290285 0.000000
    outer loop
      vertex 4.088037 30.752274 2.000000
      vertex 4.230301 30.283291 2.000000
      vertex 4.088037 30.752274 3.400000
    endloop
  endfacet
  facet normal -0.995185 -0.098018 0.000000
    outer loop
      vertex 4.088037 30.752274 2.000000
      vertex 4.040000 31.240000 3.400000
      vertex 4.040000 31.240000 2.000000
    endloop
  endfacet
  facet normal -0.995185 -0.098018 0.000000
    outer loop
      vertex 4.088037 30.752274 2.000000
      vertex 4.088037 30.752274 3.400000
      vertex 4.040000 31.240000 3.400000
    endloop
  endfacet
  facet normal -0.995185 0.098018 0.000000
    outer loop
      vertex 4.040000 31.240000 2.000000
      vertex 4.088037 31.727726 3.400000
      vertex 4.088037 31.727726 2.000000
    endloop
  endfacet
  facet normal -0.995185 0.098018 0.000000
    outer loop
      vertex 4.040000 31.240000 2.000000
      vertex 4.040000 31.240000 3.400000
      vertex 4.088037 31.727726 3.400000
    endloop
  endfacet
  facet normal -0.956940 0.290285 0.000000
    outer loop
      vertex 4.088037 31.727726 2.000000
      vertex 4.088037 31.727726 3.400000
      vertex 4.230301 32.196709 3.400000
    endloop
  endfacet
  facet normal -0.634394 -0.773010 0.000000
    outer loop
      vertex 4.772233 29.472233 2.000000
      vertex 5.151074 29.161325 2.000000
      vertex 4.772233 29.472233 3.400000
    endloop
  endfacet
  facet normal -0.634394 -0.773010 0.000000
    outer loop
      vertex 5.151074 29.161325 2.000000
      vertex 5.151074 29.161325 3.400000
      vertex 4.772233 29.472233 3.400000
    endloop
  endfacet
  facet normal -0.881921 -0.471397 0.000000
    outer loop
      vertex 4.230301 30.283291 2.000000
      vertex 4.461326 29.851074 2.000000
      vertex 4.230301 30.283291 3.400000
    endloop
  endfacet
  facet normal -0.773011 -0.634393 0.000000
    outer loop
      vertex 4.772233 29.472233 2.000000
      vertex 4.461326 29.851074 3.400000
      vertex 4.461326 29.851074 2.000000
    endloop
  endfacet
  facet normal -0.881921 -0.471397 0.000000
    outer loop
      vertex 4.461326 29.851074 2.000000
      vertex 4.461326 29.851074 3.400000
      vertex 4.230301 30.283291 3.400000
    endloop
  endfacet
  facet normal -0.773011 -0.634393 0.000000
    outer loop
      vertex 4.772233 29.472233 2.000000
      vertex 4.772233 29.472233 3.400000
      vertex 4.461326 29.851074 3.400000
    endloop
  endfacet
  facet normal -0.956940 -0.290285 0.000000
    outer loop
      vertex 4.088037 30.752274 3.400000
      vertex 4.230301 30.283291 2.000000
      vertex 4.230301 30.283291 3.400000
    endloop
  endfacet
  facet normal -0.471395 -0.881922 0.000000
    outer loop
      vertex 5.151074 29.161325 2.000000
      vertex 5.583292 28.930302 2.000000
      vertex 5.151074 29.161325 3.400000
    endloop
  endfacet
  facet normal -0.471404 -0.881918 -0.000003
    outer loop
      vertex 5.583292 28.930302 2.000000
      vertex 5.200000 29.135174 3.400000
      vertex 5.151074 29.161325 3.400000
    endloop
  endfacet
  facet normal -0.290286 -0.956940 0.000000
    outer loop
      vertex 5.583292 28.930302 2.000000
      vertex 6.052274 28.788036 2.000000
      vertex 5.583292 28.930302 5.000000
    endloop
  endfacet
  facet normal -0.471394 -0.881923 0.000000
    outer loop
      vertex 5.583292 28.930302 2.000000
      vertex 5.200000 29.135174 5.000000
      vertex 5.200000 29.135174 3.400000
    endloop
  endfacet
  facet normal -0.098017 -0.995185 0.000000
    outer loop
      vertex 6.052274 28.788036 2.000000
      vertex 6.540000 28.740000 2.000000
      vertex 6.052274 28.788036 5.000000
    endloop
  endfacet
  facet normal -0.471394 -0.881923 0.000000
    outer loop
      vertex 5.583292 28.930302 2.000000
      vertex 5.583292 28.930302 5.000000
      vertex 5.200000 29.135174 5.000000
    endloop
  endfacet
  facet normal -0.290286 -0.956940 0.000000
    outer loop
      vertex 6.052274 28.788036 2.000000
      vertex 6.052274 28.788036 5.000000
      vertex 5.583292 28.930302 5.000000
    endloop
  endfacet
  facet normal 0.098017 -0.995185 0.000000
    outer loop
      vertex 6.540000 28.740000 2.000000
      vertex 7.027726 28.788036 2.000000
      vertex 6.540000 28.740000 5.000000
    endloop
  endfacet
  facet normal 0.290286 -0.956940 0.000000
    outer loop
      vertex 7.027726 28.788036 2.000000
      vertex 7.496708 28.930302 2.000000
      vertex 7.027726 28.788036 5.000000
    endloop
  endfacet
  facet normal 0.471395 -0.881922 0.000000
    outer loop
      vertex 7.496708 28.930302 2.000000
      vertex 7.928926 29.161325 2.000000
      vertex 7.496708 28.930302 5.000000
    endloop
  endfacet
  facet normal 0.634394 -0.773010 0.000000
    outer loop
      vertex 7.928926 29.161325 2.000000
      vertex 8.307767 29.472233 2.000000
      vertex 7.928926 29.161325 5.000000
    endloop
  endfacet
  facet normal -0.098017 -0.995185 0.000000
    outer loop
      vertex 6.540000 28.740000 2.000000
      vertex 6.540000 28.740000 5.000000
      vertex 6.052274 28.788036 5.000000
    endloop
  endfacet
  facet normal 0.098017 -0.995185 0.000000
    outer loop
      vertex 7.027726 28.788036 2.000000
      vertex 7.027726 28.788036 5.000000
      vertex 6.540000 28.740000 5.000000
    endloop
  endfacet
  facet normal 0.290286 -0.956940 0.000000
    outer loop
      vertex 7.496708 28.930302 2.000000
      vertex 7.496708 28.930302 5.000000
      vertex 7.027726 28.788036 5.000000
    endloop
  endfacet
  facet normal 0.471395 -0.881922 0.000000
    outer loop
      vertex 7.928926 29.161325 2.000000
      vertex 7.928926 29.161325 5.000000
      vertex 7.496708 28.930302 5.000000
    endloop
  endfacet
  facet normal 0.634394 -0.773010 0.000000
    outer loop
      vertex 8.307767 29.472233 2.000000
      vertex 8.307767 29.472233 5.000000
      vertex 7.928926 29.161325 5.000000
    endloop
  endfacet
  facet normal -0.956940 0.290285 0.000000
    outer loop
      vertex 4.088037 31.727726 2.000000
      vertex 4.230301 32.196709 3.400000
      vertex 4.230301 32.196709 2.000000
    endloop
  endfacet
  facet normal -0.881921 0.471397 0.000000
    outer loop
      vertex 4.230301 32.196709 2.000000
      vertex 4.461326 32.628925 3.400000
      vertex 4.461326 32.628925 2.000000
    endloop
  endfacet
  facet normal -0.881921 0.471397 0.000000
    outer loop
      vertex 4.230301 32.196709 2.000000
      vertex 4.230301 32.196709 3.400000
      vertex 4.461326 32.628925 3.400000
    endloop
  endfacet
  facet normal -0.773011 0.634393 0.000000
    outer loop
      vertex 4.461326 32.628925 2.000000
      vertex 4.772233 33.007767 3.400000
      vertex 4.772233 33.007767 2.000000
    endloop
  endfacet
  facet normal -0.773011 0.634393 0.000000
    outer loop
      vertex 4.461326 32.628925 2.000000
      vertex 4.461326 32.628925 3.400000
      vertex 4.772233 33.007767 3.400000
    endloop
  endfacet
  facet normal -0.634391 0.773012 -0.000000
    outer loop
      vertex 4.772233 33.007767 2.000000
      vertex 5.128320 33.299999 3.400000
      vertex 5.151074 33.318672 2.000000
    endloop
  endfacet
  facet normal -0.634392 0.773011 0.000000
    outer loop
      vertex 4.772233 33.007767 2.000000
      vertex 4.772233 33.007767 3.400000
      vertex 5.128320 33.299999 3.400000
    endloop
  endfacet
  facet normal -0.634374 0.773026 0.000000
    outer loop
      vertex 5.151074 33.318672 2.000000
      vertex 5.128320 33.299999 3.400000
      vertex 5.151074 33.318672 5.000000
    endloop
  endfacet
  facet normal -0.471398 0.881921 0.000000
    outer loop
      vertex 5.151074 33.318672 2.000000
      vertex 5.583292 33.549698 5.000000
      vertex 5.583292 33.549698 2.000000
    endloop
  endfacet
  facet normal -0.290286 0.956940 0.000000
    outer loop
      vertex 5.583292 33.549698 2.000000
      vertex 6.052274 33.691963 5.000000
      vertex 6.052274 33.691963 2.000000
    endloop
  endfacet
  facet normal -0.634374 0.773026 0.000000
    outer loop
      vertex 5.128320 33.299999 3.400000
      vertex 5.128320 33.299999 5.000000
      vertex 5.151074 33.318672 5.000000
    endloop
  endfacet
  facet normal -0.471398 0.881921 0.000000
    outer loop
      vertex 5.151074 33.318672 2.000000
      vertex 5.151074 33.318672 5.000000
      vertex 5.583292 33.549698 5.000000
    endloop
  endfacet
  facet normal -0.290286 0.956940 0.000000
    outer loop
      vertex 5.583292 33.549698 2.000000
      vertex 5.583292 33.549698 5.000000
      vertex 6.052274 33.691963 5.000000
    endloop
  endfacet
  facet normal -0.098013 0.995185 0.000000
    outer loop
      vertex 6.052274 33.691963 2.000000
      vertex 6.052274 33.691963 5.000000
      vertex 6.540000 33.739998 5.000000
    endloop
  endfacet
  facet normal -0.098013 0.995185 0.000000
    outer loop
      vertex 6.052274 33.691963 2.000000
      vertex 6.540000 33.739998 5.000000
      vertex 6.540000 33.739998 2.000000
    endloop
  endfacet
  facet normal 0.098013 0.995185 0.000000
    outer loop
      vertex 6.540000 33.739998 2.000000
      vertex 7.027726 33.691963 5.000000
      vertex 7.027726 33.691963 2.000000
    endloop
  endfacet
  facet normal 0.471398 0.881921 0.000000
    outer loop
      vertex 7.496708 33.549698 2.000000
      vertex 7.928926 33.318672 5.000000
      vertex 7.928926 33.318672 2.000000
    endloop
  endfacet
  facet normal 0.290286 0.956940 0.000000
    outer loop
      vertex 7.027726 33.691963 2.000000
      vertex 7.496708 33.549698 5.000000
      vertex 7.496708 33.549698 2.000000
    endloop
  endfacet
  facet normal 0.634391 0.773012 0.000000
    outer loop
      vertex 7.928926 33.318672 2.000000
      vertex 8.307767 33.007767 5.000000
      vertex 8.307767 33.007767 2.000000
    endloop
  endfacet
  facet normal 0.098013 0.995185 0.000000
    outer loop
      vertex 6.540000 33.739998 2.000000
      vertex 6.540000 33.739998 5.000000
      vertex 7.027726 33.691963 5.000000
    endloop
  endfacet
  facet normal 0.290286 0.956940 0.000000
    outer loop
      vertex 7.027726 33.691963 2.000000
      vertex 7.027726 33.691963 5.000000
      vertex 7.496708 33.549698 5.000000
    endloop
  endfacet
  facet normal 0.471398 0.881921 0.000000
    outer loop
      vertex 7.496708 33.549698 2.000000
      vertex 7.496708 33.549698 5.000000
      vertex 7.928926 33.318672 5.000000
    endloop
  endfacet
  facet normal 0.634391 0.773012 0.000000
    outer loop
      vertex 7.928926 33.318672 2.000000
      vertex 7.928926 33.318672 5.000000
      vertex 8.307767 33.007767 5.000000
    endloop
  endfacet
  facet normal 0.000000 0.000000 1.000000
    outer loop
      vertex 5.200000 29.135174 5.000000
      vertex 5.583292 28.930302 5.000000
      vertex 5.200000 29.658075 5.000000
    endloop
  endfacet
  facet normal 0.000000 0.000000 1.000000
    outer loop
      vertex 5.583292 28.930302 5.000000
      vertex 6.052274 28.788036 5.000000
      vertex 6.268240 30.225779 5.000000
    endloop
  endfacet
  facet normal 0.000000 0.000000 1.000000
    outer loop
      vertex 5.200000 29.658075 5.000000
      vertex 5.583292 28.930302 5.000000
      vertex 5.630673 30.715000 5.000000
    endloop
  endfacet
  facet normal 0.000000 0.000000 1.000000
    outer loop
      vertex 5.583292 28.930302 5.000000
      vertex 5.797538 30.497538 5.000000
      vertex 5.630673 30.715000 5.000000
    endloop
  endfacet
  facet normal 0.000000 0.000000 1.000000
    outer loop
      vertex 5.200000 29.658075 5.000000
      vertex 5.630673 30.715000 5.000000
      vertex 5.525778 30.968241 5.000000
    endloop
  endfacet
  facet normal 0.000000 0.000000 1.000000
    outer loop
      vertex 5.200000 29.658075 5.000000
      vertex 5.525778 30.968241 5.000000
      vertex 5.490000 31.240000 5.000000
    endloop
  endfacet
  facet normal 0.000000 0.000000 1.000000
    outer loop
      vertex 5.583292 28.930302 5.000000
      vertex 6.015000 30.330673 5.000000
      vertex 5.797538 30.497538 5.000000
    endloop
  endfacet
  facet normal 0.000000 0.000000 1.000000
    outer loop
      vertex 5.583292 28.930302 5.000000
      vertex 6.268240 30.225779 5.000000
      vertex 6.015000 30.330673 5.000000
    endloop
  endfacet
  facet normal 0.000000 0.000000 1.000000
    outer loop
      vertex 6.052274 28.788036 5.000000
      vertex 6.540000 28.740000 5.000000
      vertex 6.540000 30.190001 5.000000
    endloop
  endfacet
  facet normal 0.000000 0.000000 1.000000
    outer loop
      vertex 6.540000 28.740000 5.000000
      vertex 7.027726 28.788036 5.000000
      vertex 6.811760 30.225779 5.000000
    endloop
  endfacet
  facet normal 0.000000 0.000000 1.000000
    outer loop
      vertex 7.027726 28.788036 5.000000
      vertex 7.496708 28.930302 5.000000
      vertex 7.282462 30.497538 5.000000
    endloop
  endfacet
  facet normal 0.000000 0.000000 1.000000
    outer loop
      vertex 6.052274 28.788036 5.000000
      vertex 6.540000 30.190001 5.000000
      vertex 6.268240 30.225779 5.000000
    endloop
  endfacet
  facet normal 0.000000 0.000000 1.000000
    outer loop
      vertex 6.540000 28.740000 5.000000
      vertex 6.811760 30.225779 5.000000
      vertex 6.540000 30.190001 5.000000
    endloop
  endfacet
  facet normal 0.000000 0.000000 1.000000
    outer loop
      vertex 7.027726 28.788036 5.000000
      vertex 7.065000 30.330673 5.000000
      vertex 6.811760 30.225779 5.000000
    endloop
  endfacet
  facet normal 0.000000 0.000000 1.000000
    outer loop
      vertex 7.027726 28.788036 5.000000
      vertex 7.282462 30.497538 5.000000
      vertex 7.065000 30.330673 5.000000
    endloop
  endfacet
  facet normal 0.000000 0.000000 1.000000
    outer loop
      vertex 7.282462 30.497538 5.000000
      vertex 7.496708 28.930302 5.000000
      vertex 7.449327 30.715000 5.000000
    endloop
  endfacet
  facet normal 0.000000 0.000000 1.000000
    outer loop
      vertex 7.496708 28.930302 5.000000
      vertex 7.554222 30.968241 5.000000
      vertex 7.449327 30.715000 5.000000
    endloop
  endfacet
  facet normal 0.000000 0.000000 1.000000
    outer loop
      vertex 7.496708 28.930302 5.000000
      vertex 7.928926 29.161325 5.000000
      vertex 7.928926 33.318672 5.000000
    endloop
  endfacet
  facet normal 0.000000 0.000000 1.000000
    outer loop
      vertex 7.496708 28.930302 5.000000
      vertex 7.928926 33.318672 5.000000
      vertex 7.554222 30.968241 5.000000
    endloop
  endfacet
  facet normal 0.000000 0.000000 1.000000
    outer loop
      vertex 7.928926 29.161325 5.000000
      vertex 8.307767 29.472233 5.000000
      vertex 8.307767 33.007767 5.000000
    endloop
  endfacet
  facet normal 0.000000 0.000000 1.000000
    outer loop
      vertex 5.149235 33.299999 5.000000
      vertex 5.151074 33.299999 5.000000
      vertex 5.151074 33.318672 5.000000
    endloop
  endfacet
  facet normal 0.000000 0.000000 1.000000
    outer loop
      vertex 5.149235 33.299999 5.000000
      vertex 5.151074 33.318672 5.000000
      vertex 5.128320 33.299999 5.000000
    endloop
  endfacet
  facet normal 0.000000 0.000000 1.000000
    outer loop
      vertex 5.200000 29.658075 5.000000
      vertex 5.490000 31.240000 5.000000
      vertex 5.583292 33.549698 5.000000
    endloop
  endfacet
  facet normal 0.000000 0.000000 1.000000
    outer loop
      vertex 5.200000 29.658075 5.000000
      vertex 5.583292 33.549698 5.000000
      vertex 5.151074 33.299999 5.000000
    endloop
  endfacet
  facet normal 0.000000 0.000000 1.000000
    outer loop
      vertex 5.490000 31.240000 5.000000
      vertex 5.525778 31.511761 5.000000
      vertex 5.583292 33.549698 5.000000
    endloop
  endfacet
  facet normal 0.000000 0.000000 1.000000
    outer loop
      vertex 5.525778 31.511761 5.000000
      vertex 5.630673 31.764999 5.000000
      vertex 5.583292 33.549698 5.000000
    endloop
  endfacet
  facet normal 0.000000 0.000000 1.000000
    outer loop
      vertex 5.630673 31.764999 5.000000
      vertex 5.797538 31.982462 5.000000
      vertex 5.583292 33.549698 5.000000
    endloop
  endfacet
  facet normal 0.000000 0.000000 1.000000
    outer loop
      vertex 5.797538 31.982462 5.000000
      vertex 6.015000 32.149326 5.000000
      vertex 6.052274 33.691963 5.000000
    endloop
  endfacet
  facet normal 0.000000 0.000000 1.000000
    outer loop
      vertex 5.151074 33.299999 5.000000
      vertex 5.583292 33.549698 5.000000
      vertex 5.151074 33.318672 5.000000
    endloop
  endfacet
  facet normal 0.000000 0.000000 1.000000
    outer loop
      vertex 5.797538 31.982462 5.000000
      vertex 6.052274 33.691963 5.000000
      vertex 5.583292 33.549698 5.000000
    endloop
  endfacet
  facet normal 0.000000 0.000000 1.000000
    outer loop
      vertex 6.015000 32.149326 5.000000
      vertex 6.268240 32.254223 5.000000
      vertex 6.052274 33.691963 5.000000
    endloop
  endfacet
  facet normal 0.000000 0.000000 1.000000
    outer loop
      vertex 6.811760 32.254223 5.000000
      vertex 7.065000 32.149326 5.000000
      vertex 7.496708 33.549698 5.000000
    endloop
  endfacet
  facet normal 0.000000 0.000000 1.000000
    outer loop
      vertex 7.065000 32.149326 5.000000
      vertex 7.282462 31.982462 5.000000
      vertex 7.496708 33.549698 5.000000
    endloop
  endfacet
  facet normal 0.000000 0.000000 1.000000
    outer loop
      vertex 6.268240 32.254223 5.000000
      vertex 6.540000 32.290001 5.000000
      vertex 6.540000 33.739998 5.000000
    endloop
  endfacet
  facet normal 0.000000 0.000000 1.000000
    outer loop
      vertex 6.052274 33.691963 5.000000
      vertex 6.268240 32.254223 5.000000
      vertex 6.540000 33.739998 5.000000
    endloop
  endfacet
  facet normal 0.000000 0.000000 1.000000
    outer loop
      vertex 6.540000 32.290001 5.000000
      vertex 7.027726 33.691963 5.000000
      vertex 6.540000 33.739998 5.000000
    endloop
  endfacet
  facet normal 0.000000 0.000000 1.000000
    outer loop
      vertex 6.540000 32.290001 5.000000
      vertex 6.811760 32.254223 5.000000
      vertex 7.027726 33.691963 5.000000
    endloop
  endfacet
  facet normal 0.000000 0.000000 1.000000
    outer loop
      vertex 6.811760 32.254223 5.000000
      vertex 7.496708 33.549698 5.000000
      vertex 7.027726 33.691963 5.000000
    endloop
  endfacet
  facet normal 0.000000 0.000000 1.000000
    outer loop
      vertex 7.554222 30.968241 5.000000
      vertex 7.928926 33.318672 5.000000
      vertex 7.590000 31.240000 5.000000
    endloop
  endfacet
  facet normal 0.000000 0.000000 1.000000
    outer loop
      vertex 7.282462 31.982462 5.000000
      vertex 7.449327 31.764999 5.000000
      vertex 7.496708 33.549698 5.000000
    endloop
  endfacet
  facet normal 0.000000 0.000000 1.000000
    outer loop
      vertex 7.554222 31.511761 5.000000
      vertex 7.590000 31.240000 5.000000
      vertex 7.928926 33.318672 5.000000
    endloop
  endfacet
  facet normal 0.000000 0.000000 1.000000
    outer loop
      vertex 7.554222 31.511761 5.000000
      vertex 7.928926 33.318672 5.000000
      vertex 7.449327 31.764999 5.000000
    endloop
  endfacet
  facet normal 0.000000 0.000000 1.000000
    outer loop
      vertex 7.928926 29.161325 5.000000
      vertex 8.307767 33.007767 5.000000
      vertex 7.928926 33.318672 5.000000
    endloop
  endfacet
  facet normal 0.000000 0.000000 1.000000
    outer loop
      vertex 7.449327 31.764999 5.000000
      vertex 7.928926 33.318672 5.000000
      vertex 7.496708 33.549698 5.000000
    endloop
  endfacet
  facet normal 0.773010 -0.634394 0.000000
    outer loop
      vertex 8.307767 29.472233 2.000000
      vertex 8.618674 29.851074 2.000000
      vertex 8.307767 29.472233 5.000000
    endloop
  endfacet
  facet normal 0.881921 -0.471397 0.000000
    outer loop
      vertex 8.618674 29.851074 2.000000
      vertex 8.849699 30.283291 2.000000
      vertex 8.618674 29.851074 5.000000
    endloop
  endfacet
  facet normal 0.956940 -0.290285 0.000000
    outer loop
      vertex 8.849699 30.283291 2.000000
      vertex 8.991963 30.752274 2.000000
      vertex 8.849699 30.283291 5.000000
    endloop
  endfacet
  facet normal 0.995185 -0.098017 0.000000
    outer loop
      vertex 8.991963 30.752274 2.000000
      vertex 9.040000 31.240000 2.000000
      vertex 8.991963 30.752274 5.000000
    endloop
  endfacet
  facet normal 0.773010 -0.634394 0.000000
    outer loop
      vertex 8.307767 29.472233 5.000000
      vertex 8.618674 29.851074 2.000000
      vertex 8.618674 29.851074 5.000000
    endloop
  endfacet
  facet normal 0.881921 -0.471397 0.000000
    outer loop
      vertex 8.849699 30.283291 2.000000
      vertex 8.849699 30.283291 5.000000
      vertex 8.618674 29.851074 5.000000
    endloop
  endfacet
  facet normal 0.956940 -0.290285 0.000000
    outer loop
      vertex 8.991963 30.752274 2.000000
      vertex 8.991963 30.752274 5.000000
      vertex 8.849699 30.283291 5.000000
    endloop
  endfacet
  facet normal 0.995185 -0.098017 0.000000
    outer loop
      vertex 9.040000 31.240000 2.000000
      vertex 9.040000 31.240000 5.000000
      vertex 8.991963 30.752274 5.000000
    endloop
  endfacet
  facet normal 0.881921 0.471397 0.000000
    outer loop
      vertex 8.849699 32.196709 2.000000
      vertex 8.618674 32.628925 2.000000
      vertex 8.849699 32.196709 5.000000
    endloop
  endfacet
  facet normal 0.995185 0.098017 0.000000
    outer loop
      vertex 9.040000 31.240000 2.000000
      vertex 8.991963 31.727726 2.000000
      vertex 9.040000 31.240000 5.000000
    endloop
  endfacet
  facet normal 0.956940 0.290285 0.000000
    outer loop
      vertex 8.849699 32.196709 2.000000
      vertex 8.991963 31.727726 5.000000
      vertex 8.991963 31.727726 2.000000
    endloop
  endfacet
  facet normal 0.773010 0.634394 0.000000
    outer loop
      vertex 8.307767 33.007767 2.000000
      vertex 8.618674 32.628925 5.000000
      vertex 8.618674 32.628925 2.000000
    endloop
  endfacet
  facet normal 0.881921 0.471397 0.000000
    outer loop
      vertex 8.618674 32.628925 2.000000
      vertex 8.618674 32.628925 5.000000
      vertex 8.849699 32.196709 5.000000
    endloop
  endfacet
  facet normal 0.995185 0.098017 0.000000
    outer loop
      vertex 8.991963 31.727726 2.000000
      vertex 8.991963 31.727726 5.000000
      vertex 9.040000 31.240000 5.000000
    endloop
  endfacet
  facet normal 0.956940 0.290285 0.000000
    outer loop
      vertex 8.849699 32.196709 2.000000
      vertex 8.849699 32.196709 5.000000
      vertex 8.991963 31.727726 5.000000
    endloop
  endfacet
  facet normal 0.773010 0.634394 0.000000
    outer loop
      vertex 8.307767 33.007767 2.000000
      vertex 8.307767 33.007767 5.000000
      vertex 8.618674 32.628925 5.000000
    endloop
  endfacet
  facet normal 0.000000 0.000000 1.000000
    outer loop
      vertex 8.307767 29.472233 5.000000
      vertex 8.618674 29.851074 5.000000
      vertex 8.618674 32.628925 5.000000
    endloop
  endfacet
  facet normal 0.000000 0.000000 1.000000
    outer loop
      vertex 8.618674 29.851074 5.000000
      vertex 8.849699 30.283291 5.000000
      vertex 8.849699 32.196709 5.000000
    endloop
  endfacet
  facet normal 0.000000 0.000000 1.000000
    outer loop
      vertex 8.849699 30.283291 5.000000
      vertex 8.991963 30.752274 5.000000
      vertex 8.991963 31.727726 5.000000
    endloop
  endfacet
  facet normal 0.000000 0.000000 1.000000
    outer loop
      vertex 8.307767 29.472233 5.000000
      vertex 8.618674 32.628925 5.000000
      vertex 8.307767 33.007767 5.000000
    endloop
  endfacet
  facet normal 0.000000 0.000000 1.000000
    outer loop
      vertex 8.618674 29.851074 5.000000
      vertex 8.849699 32.196709 5.000000
      vertex 8.618674 32.628925 5.000000
    endloop
  endfacet
  facet normal 0.000000 0.000000 1.000000
    outer loop
      vertex 8.849699 30.283291 5.000000
      vertex 8.991963 31.727726 5.000000
      vertex 8.849699 32.196709 5.000000
    endloop
  endfacet
  facet normal 0.000000 0.000000 1.000000
    outer loop
      vertex 8.991963 30.752274 5.000000
      vertex 9.040000 31.240000 5.000000
      vertex 8.991963 31.727726 5.000000
    endloop
  endfacet
  facet normal -0.793354 -0.608760 0.000000
    outer loop
      vertex 5.630673 30.715000 5.000000
      vertex 5.797538 30.497538 5.000000
      vertex 5.630673 30.715000 6.600000
    endloop
  endfacet
  facet normal -0.923880 -0.382683 0.000000
    outer loop
      vertex 5.630673 30.715000 5.000000
      vertex 5.525778 30.968241 6.600000
      vertex 5.525778 30.968241 5.000000
    endloop
  endfacet
  facet normal -0.382681 -0.923881 0.000000
    outer loop
      vertex 6.015000 30.330673 5.000000
      vertex 6.268240 30.225779 5.000000
      vertex 6.015000 30.330673 6.600000
    endloop
  endfacet
  facet normal -0.608761 -0.793354 0.000000
    outer loop
      vertex 6.015000 30.330673 5.000000
      vertex 5.797538 30.497538 6.600000
      vertex 5.797538 30.497538 5.000000
    endloop
  endfacet
  facet normal -0.923880 -0.382683 0.000000
    outer loop
      vertex 5.630673 30.715000 5.000000
      vertex 5.630673 30.715000 6.600000
      vertex 5.525778 30.968241 6.600000
    endloop
  endfacet
  facet normal -0.991445 -0.130527 0.000000
    outer loop
      vertex 5.525778 30.968241 5.000000
      vertex 5.525778 30.968241 6.600000
      vertex 5.490000 31.240000 6.600000
    endloop
  endfacet
  facet normal -0.382681 -0.923881 0.000000
    outer loop
      vertex 6.015000 30.330673 6.600000
      vertex 6.268240 30.225779 5.000000
      vertex 6.268240 30.225779 6.600000
    endloop
  endfacet
  facet normal -0.793354 -0.608760 0.000000
    outer loop
      vertex 5.797538 30.497538 5.000000
      vertex 5.797538 30.497538 6.600000
      vertex 5.630673 30.715000 6.600000
    endloop
  endfacet
  facet normal -0.608761 -0.793354 0.000000
    outer loop
      vertex 6.015000 30.330673 5.000000
      vertex 6.015000 30.330673 6.600000
      vertex 5.797538 30.497538 6.600000
    endloop
  endfacet
  facet normal 0.000000 0.000000 1.000000
    outer loop
      vertex 5.630673 30.715000 6.600000
      vertex 5.797538 30.497538 6.600000
      vertex 5.797538 31.982462 6.600000
    endloop
  endfacet
  facet normal 0.000000 0.000000 1.000000
    outer loop
      vertex 6.015000 30.330673 6.600000
      vertex 6.015000 32.149326 6.600000
      vertex 5.797538 30.497538 6.600000
    endloop
  endfacet
  facet normal 0.000000 0.000000 1.000000
    outer loop
      vertex 6.015000 30.330673 6.600000
      vertex 6.268240 30.225779 6.600000
      vertex 6.268240 32.254223 6.600000
    endloop
  endfacet
  facet normal -0.130527 -0.991445 0.000000
    outer loop
      vertex 6.268240 30.225779 5.000000
      vertex 6.540000 30.190001 5.000000
      vertex 6.268240 30.225779 6.600000
    endloop
  endfacet
  facet normal 0.130527 -0.991445 0.000000
    outer loop
      vertex 6.540000 30.190001 5.000000
      vertex 6.811760 30.225779 5.000000
      vertex 6.540000 30.190001 6.600000
    endloop
  endfacet
  facet normal 0.382681 -0.923881 0.000000
    outer loop
      vertex 6.811760 30.225779 5.000000
      vertex 7.065000 30.330673 5.000000
      vertex 6.811760 30.225779 6.600000
    endloop
  endfacet
  facet normal 0.608761 -0.793354 0.000000
    outer loop
      vertex 7.065000 30.330673 5.000000
      vertex 7.282462 30.497538 5.000000
      vertex 7.065000 30.330673 6.600000
    endloop
  endfacet
  facet normal 0.793354 -0.608760 0.000000
    outer loop
      vertex 7.282462 30.497538 5.000000
      vertex 7.449327 30.715000 5.000000
      vertex 7.282462 30.497538 6.600000
    endloop
  endfacet
  facet normal 0.923880 -0.382683 0.000000
    outer loop
      vertex 7.449327 30.715000 5.000000
      vertex 7.554222 30.968241 5.000000
      vertex 7.449327 30.715000 6.600000
    endloop
  endfacet
  facet normal 0.991445 -0.130527 0.000000
    outer loop
      vertex 7.554222 30.968241 5.000000
      vertex 7.590000 31.240000 5.000000
      vertex 7.554222 30.968241 6.600000
    endloop
  endfacet
  facet normal -0.130527 -0.991445 0.000000
    outer loop
      vertex 6.540000 30.190001 5.000000
      vertex 6.540000 30.190001 6.600000
      vertex 6.268240 30.225779 6.600000
    endloop
  endfacet
  facet normal 0.130527 -0.991445 0.000000
    outer loop
      vertex 6.811760 30.225779 5.000000
      vertex 6.811760 30.225779 6.600000
      vertex 6.540000 30.190001 6.600000
    endloop
  endfacet
  facet normal 0.382681 -0.923881 0.000000
    outer loop
      vertex 7.065000 30.330673 5.000000
      vertex 7.065000 30.330673 6.600000
      vertex 6.811760 30.225779 6.600000
    endloop
  endfacet
  facet normal 0.608761 -0.793354 0.000000
    outer loop
      vertex 7.282462 30.497538 5.000000
      vertex 7.282462 30.497538 6.600000
      vertex 7.065000 30.330673 6.600000
    endloop
  endfacet
  facet normal 0.000000 0.000000 1.000000
    outer loop
      vertex 6.268240 30.225779 6.600000
      vertex 6.540000 30.190001 6.600000
      vertex 6.540000 32.290001 6.600000
    endloop
  endfacet
  facet normal 0.000000 0.000000 1.000000
    outer loop
      vertex 6.540000 30.190001 6.600000
      vertex 6.811760 30.225779 6.600000
      vertex 6.811760 32.254223 6.600000
    endloop
  endfacet
  facet normal 0.000000 0.000000 1.000000
    outer loop
      vertex 6.811760 30.225779 6.600000
      vertex 7.065000 30.330673 6.600000
      vertex 7.065000 32.149326 6.600000
    endloop
  endfacet
  facet normal 0.000000 0.000000 1.000000
    outer loop
      vertex 7.065000 30.330673 6.600000
      vertex 7.282462 30.497538 6.600000
      vertex 7.282462 31.982462 6.600000
    endloop
  endfacet
  facet normal 0.793354 -0.608760 0.000000
    outer loop
      vertex 7.449327 30.715000 5.000000
      vertex 7.449327 30.715000 6.600000
      vertex 7.282462 30.497538 6.600000
    endloop
  endfacet
  facet normal 0.923880 -0.382683 0.000000
    outer loop
      vertex 7.554222 30.968241 5.000000
      vertex 7.554222 30.968241 6.600000
      vertex 7.449327 30.715000 6.600000
    endloop
  endfacet
  facet normal 0.000000 0.000000 1.000000
    outer loop
      vertex 7.282462 30.497538 6.600000
      vertex 7.449327 30.715000 6.600000
      vertex 7.449327 31.764999 6.600000
    endloop
  endfacet
  facet normal 0.000000 0.000000 1.000000
    outer loop
      vertex 7.449327 30.715000 6.600000
      vertex 7.554222 30.968241 6.600000
      vertex 7.554222 31.511761 6.600000
    endloop
  endfacet
  facet normal -0.991445 -0.130527 0.000000
    outer loop
      vertex 5.525778 30.968241 5.000000
      vertex 5.490000 31.240000 6.600000
      vertex 5.490000 31.240000 5.000000
    endloop
  endfacet
  facet normal -0.991445 0.130526 0.000000
    outer loop
      vertex 5.490000 31.240000 5.000000
      vertex 5.525778 31.511761 6.600000
      vertex 5.525778 31.511761 5.000000
    endloop
  endfacet
  facet normal -0.923879 0.382686 0.000000
    outer loop
      vertex 5.525778 31.511761 5.000000
      vertex 5.630673 31.764999 6.600000
      vertex 5.630673 31.764999 5.000000
    endloop
  endfacet
  facet normal -0.793354 0.608760 0.000000
    outer loop
      vertex 5.630673 31.764999 5.000000
      vertex 5.797538 31.982462 6.600000
      vertex 5.797538 31.982462 5.000000
    endloop
  endfacet
  facet normal -0.608761 0.793354 0.000000
    outer loop
      vertex 5.797538 31.982462 5.000000
      vertex 6.015000 32.149326 6.600000
      vertex 6.015000 32.149326 5.000000
    endloop
  endfacet
  facet normal -0.382687 0.923878 0.000000
    outer loop
      vertex 6.015000 32.149326 5.000000
      vertex 6.268240 32.254223 6.600000
      vertex 6.268240 32.254223 5.000000
    endloop
  endfacet
  facet normal -0.991445 0.130526 0.000000
    outer loop
      vertex 5.490000 31.240000 5.000000
      vertex 5.490000 31.240000 6.600000
      vertex 5.525778 31.511761 6.600000
    endloop
  endfacet
  facet normal -0.923879 0.382686 0.000000
    outer loop
      vertex 5.525778 31.511761 5.000000
      vertex 5.525778 31.511761 6.600000
      vertex 5.630673 31.764999 6.600000
    endloop
  endfacet
  facet normal -0.793354 0.608760 0.000000
    outer loop
      vertex 5.630673 31.764999 5.000000
      vertex 5.630673 31.764999 6.600000
      vertex 5.797538 31.982462 6.600000
    endloop
  endfacet
  facet normal -0.608761 0.793354 0.000000
    outer loop
      vertex 5.797538 31.982462 5.000000
      vertex 5.797538 31.982462 6.600000
      vertex 6.015000 32.149326 6.600000
    endloop
  endfacet
  facet normal -0.382687 0.923878 0.000000
    outer loop
      vertex 6.015000 32.149326 5.000000
      vertex 6.015000 32.149326 6.600000
      vertex 6.268240 32.254223 6.600000
    endloop
  endfacet
  facet normal 0.000000 0.000000 1.000000
    outer loop
      vertex 5.525778 30.968241 6.600000
      vertex 5.525778 31.511761 6.600000
      vertex 5.490000 31.240000 6.600000
    endloop
  endfacet
  facet normal 0.000000 0.000000 1.000000
    outer loop
      vertex 5.630673 30.715000 6.600000
      vertex 5.630673 31.764999 6.600000
      vertex 5.525778 30.968241 6.600000
    endloop
  endfacet
  facet normal 0.000000 0.000000 1.000000
    outer loop
      vertex 5.525778 30.968241 6.600000
      vertex 5.630673 31.764999 6.600000
      vertex 5.525778 31.511761 6.600000
    endloop
  endfacet
  facet normal 0.000000 0.000000 1.000000
    outer loop
      vertex 5.630673 30.715000 6.600000
      vertex 5.797538 31.982462 6.600000
      vertex 5.630673 31.764999 6.600000
    endloop
  endfacet
  facet normal 0.000000 0.000000 1.000000
    outer loop
      vertex 5.797538 30.497538 6.600000
      vertex 6.015000 32.149326 6.600000
      vertex 5.797538 31.982462 6.600000
    endloop
  endfacet
  facet normal 0.000000 0.000000 1.000000
    outer loop
      vertex 6.015000 30.330673 6.600000
      vertex 6.268240 32.254223 6.600000
      vertex 6.015000 32.149326 6.600000
    endloop
  endfacet
  facet normal -0.130527 0.991445 0.000000
    outer loop
      vertex 6.268240 32.254223 5.000000
      vertex 6.540000 32.290001 6.600000
      vertex 6.540000 32.290001 5.000000
    endloop
  endfacet
  facet normal 0.130527 0.991445 0.000000
    outer loop
      vertex 6.540000 32.290001 5.000000
      vertex 6.811760 32.254223 6.600000
      vertex 6.811760 32.254223 5.000000
    endloop
  endfacet
  facet normal 0.382687 0.923878 0.000000
    outer loop
      vertex 6.811760 32.254223 5.000000
      vertex 7.065000 32.149326 6.600000
      vertex 7.065000 32.149326 5.000000
    endloop
  endfacet
  facet normal 0.608761 0.793354 0.000000
    outer loop
      vertex 7.065000 32.149326 5.000000
      vertex 7.282462 31.982462 6.600000
      vertex 7.282462 31.982462 5.000000
    endloop
  endfacet
  facet normal 0.793354 0.608760 0.000000
    outer loop
      vertex 7.282462 31.982462 5.000000
      vertex 7.449327 31.764999 6.600000
      vertex 7.449327 31.764999 5.000000
    endloop
  endfacet
  facet normal 0.923879 0.382686 0.000000
    outer loop
      vertex 7.554222 31.511761 5.000000
      vertex 7.449327 31.764999 5.000000
      vertex 7.554222 31.511761 6.600000
    endloop
  endfacet
  facet normal 0.991445 0.130526 0.000000
    outer loop
      vertex 7.554222 31.511761 5.000000
      vertex 7.590000 31.240000 6.600000
      vertex 7.590000 31.240000 5.000000
    endloop
  endfacet
  facet normal -0.130527 0.991445 0.000000
    outer loop
      vertex 6.268240 32.254223 5.000000
      vertex 6.268240 32.254223 6.600000
      vertex 6.540000 32.290001 6.600000
    endloop
  endfacet
  facet normal 0.130527 0.991445 0.000000
    outer loop
      vertex 6.540000 32.290001 5.000000
      vertex 6.540000 32.290001 6.600000
      vertex 6.811760 32.254223 6.600000
    endloop
  endfacet
  facet normal 0.382687 0.923878 0.000000
    outer loop
      vertex 6.811760 32.254223 5.000000
      vertex 6.811760 32.254223 6.600000
      vertex 7.065000 32.149326 6.600000
    endloop
  endfacet
  facet normal 0.608761 0.793354 0.000000
    outer loop
      vertex 7.065000 32.149326 5.000000
      vertex 7.065000 32.149326 6.600000
      vertex 7.282462 31.982462 6.600000
    endloop
  endfacet
  facet normal 0.000000 0.000000 1.000000
    outer loop
      vertex 6.268240 30.225779 6.600000
      vertex 6.540000 32.290001 6.600000
      vertex 6.268240 32.254223 6.600000
    endloop
  endfacet
  facet normal 0.000000 0.000000 1.000000
    outer loop
      vertex 6.540000 30.190001 6.600000
      vertex 6.811760 32.254223 6.600000
      vertex 6.540000 32.290001 6.600000
    endloop
  endfacet
  facet normal 0.000000 0.000000 1.000000
    outer loop
      vertex 6.811760 30.225779 6.600000
      vertex 7.065000 32.149326 6.600000
      vertex 6.811760 32.254223 6.600000
    endloop
  endfacet
  facet normal 0.000000 0.000000 1.000000
    outer loop
      vertex 7.065000 30.330673 6.600000
      vertex 7.282462 31.982462 6.600000
      vertex 7.065000 32.149326 6.600000
    endloop
  endfacet
  facet normal 0.991445 0.130526 0.000000
    outer loop
      vertex 7.554222 31.511761 5.000000
      vertex 7.554222 31.511761 6.600000
      vertex 7.590000 31.240000 6.600000
    endloop
  endfacet
  facet normal 0.923879 0.382686 0.000000
    outer loop
      vertex 7.449327 31.764999 5.000000
      vertex 7.449327 31.764999 6.600000
      vertex 7.554222 31.511761 6.600000
    endloop
  endfacet
  facet normal 0.991445 -0.130527 0.000000
    outer loop
      vertex 7.554222 30.968241 6.600000
      vertex 7.590000 31.240000 5.000000
      vertex 7.590000 31.240000 6.600000
    endloop
  endfacet
  facet normal 0.793354 0.608760 0.000000
    outer loop
      vertex 7.282462 31.982462 5.000000
      vertex 7.282462 31.982462 6.600000
      vertex 7.449327 31.764999 6.600000
    endloop
  endfacet
  facet normal 0.000000 0.000000 1.000000
    outer loop
      vertex 7.282462 30.497538 6.600000
      vertex 7.449327 31.764999 6.600000
      vertex 7.282462 31.982462 6.600000
    endloop
  endfacet
  facet normal 0.000000 0.000000 1.000000
    outer loop
      vertex 7.554222 30.968241 6.600000
      vertex 7.590000 31.240000 6.600000
      vertex 7.554222 31.511761 6.600000
    endloop
  endfacet
  facet normal 0.000000 0.000000 1.000000
    outer loop
      vertex 7.449327 30.715000 6.600000
      vertex 7.554222 31.511761 6.600000
      vertex 7.449327 31.764999 6.600000
    endloop
  endfacet
  facet normal -0.773010 -0.634394 0.000000
    outer loop
      vertex 24.781326 29.851074 2.000000
      vertex 25.092234 29.472233 2.000000
      vertex 24.781326 29.851074 4.600000
    endloop
  endfacet
  facet normal -0.956941 -0.290283 0.000000
    outer loop
      vertex 24.408037 30.752274 2.000000
      vertex 24.550301 30.283291 2.000000
      vertex 24.408037 30.752274 5.000000
    endloop
  endfacet
  facet normal -0.995185 -0.098017 0.000000
    outer loop
      vertex 24.408037 30.752274 2.000000
      vertex 24.360001 31.240000 5.000000
      vertex 24.360001 31.240000 2.000000
    endloop
  endfacet
  facet normal -0.881920 -0.471398 0.000000
    outer loop
      vertex 24.781326 29.851074 2.000000
      vertex 24.550301 30.283291 5.000000
      vertex 24.550301 30.283291 2.000000
    endloop
  endfacet
  facet normal -0.956941 -0.290283 0.000000
    outer loop
      vertex 24.550301 30.283291 2.000000
      vertex 24.550301 30.283291 5.000000
      vertex 24.408037 30.752274 5.000000
    endloop
  endfacet
  facet normal -0.995185 -0.098017 0.000000
    outer loop
      vertex 24.408037 30.752274 2.000000
      vertex 24.408037 30.752274 5.000000
      vertex 24.360001 31.240000 5.000000
    endloop
  endfacet
  facet normal -0.881922 -0.471395 0.000000
    outer loop
      vertex 24.781326 29.851074 2.000000
      vertex 24.781326 29.851074 4.600000
      vertex 24.707069 29.990000 4.600000
    endloop
  endfacet
  facet normal -0.881919 -0.471401 0.000000
    outer loop
      vertex 24.781326 29.851074 2.000000
      vertex 24.707069 29.990000 4.600000
      vertex 24.550301 30.283291 5.000000
    endloop
  endfacet
  facet normal -0.773010 -0.634394 0.000000
    outer loop
      vertex 25.092234 29.472233 2.000000
      vertex 25.092234 29.472233 4.600000
      vertex 24.781326 29.851074 4.600000
    endloop
  endfacet
  facet normal -0.995185 0.098017 0.000000
    outer loop
      vertex 24.360001 31.240000 2.000000
      vertex 24.408037 31.727726 5.000000
      vertex 24.408037 31.727726 2.000000
    endloop
  endfacet
  facet normal -0.956941 0.290283 0.000000
    outer loop
      vertex 24.408037 31.727726 2.000000
      vertex 24.550301 32.196709 5.000000
      vertex 24.550301 32.196709 2.000000
    endloop
  endfacet
  facet normal -0.881920 0.471398 0.000000
    outer loop
      vertex 24.550301 32.196709 2.000000
      vertex 24.781326 32.628925 5.000000
      vertex 24.781326 32.628925 2.000000
    endloop
  endfacet
  facet normal -0.773010 0.634394 0.000000
    outer loop
      vertex 24.781326 32.628925 2.000000
      vertex 25.092234 33.007767 5.000000
      vertex 25.092234 33.007767 2.000000
    endloop
  endfacet
  facet normal -0.995185 0.098017 0.000000
    outer loop
      vertex 24.360001 31.240000 2.000000
      vertex 24.360001 31.240000 5.000000
      vertex 24.408037 31.727726 5.000000
    endloop
  endfacet
  facet normal -0.956941 0.290283 0.000000
    outer loop
      vertex 24.408037 31.727726 2.000000
      vertex 24.408037 31.727726 5.000000
      vertex 24.550301 32.196709 5.000000
    endloop
  endfacet
  facet normal -0.881920 0.471398 0.000000
    outer loop
      vertex 24.550301 32.196709 2.000000
      vertex 24.550301 32.196709 5.000000
      vertex 24.781326 32.628925 5.000000
    endloop
  endfacet
  facet normal -0.773010 0.634394 0.000000
    outer loop
      vertex 24.781326 32.628925 2.000000
      vertex 24.781326 32.628925 5.000000
      vertex 25.092234 33.007767 5.000000
    endloop
  endfacet
  facet normal 0.000000 0.000000 1.000000
    outer loop
      vertex 24.408037 30.752274 5.000000
      vertex 24.550301 30.283291 5.000000
      vertex 24.550301 32.196709 5.000000
    endloop
  endfacet
  facet normal -0.881919 -0.471400 0.000000
    outer loop
      vertex 24.550301 30.283291 5.000000
      vertex 24.707069 29.990000 4.600000
      vertex 24.707069 29.990000 5.000000
    endloop
  endfacet
  facet normal 0.000000 0.000000 1.000000
    outer loop
      vertex 24.550301 30.283291 5.000000
      vertex 24.707069 29.990000 5.000000
      vertex 24.781326 32.628925 5.000000
    endloop
  endfacet
  facet normal 0.000000 0.000000 1.000000
    outer loop
      vertex 24.408037 30.752274 5.000000
      vertex 24.408037 31.727726 5.000000
      vertex 24.360001 31.240000 5.000000
    endloop
  endfacet
  facet normal 0.000000 0.000000 1.000000
    outer loop
      vertex 24.408037 30.752274 5.000000
      vertex 24.550301 32.196709 5.000000
      vertex 24.408037 31.727726 5.000000
    endloop
  endfacet
  facet normal 0.000000 0.000000 1.000000
    outer loop
      vertex 24.550301 30.283291 5.000000
      vertex 24.781326 32.628925 5.000000
      vertex 24.550301 32.196709 5.000000
    endloop
  endfacet
  facet normal 0.000000 0.000000 1.000000
    outer loop
      vertex 24.781326 32.628925 5.000000
      vertex 24.707069 29.990000 5.000000
      vertex 25.092234 33.007767 5.000000
    endloop
  endfacet
  facet normal -0.634394 -0.773010 0.000000
    outer loop
      vertex 25.092234 29.472233 2.000000
      vertex 25.471075 29.161325 2.000000
      vertex 25.092234 29.472233 4.600000
    endloop
  endfacet
  facet normal -0.471395 -0.881922 0.000000
    outer loop
      vertex 25.471075 29.161325 2.000000
      vertex 25.903292 28.930302 2.000000
      vertex 25.471075 29.161325 4.600000
    endloop
  endfacet
  facet normal -0.290286 -0.956940 0.000000
    outer loop
      vertex 25.903292 28.930302 2.000000
      vertex 26.372274 28.788036 2.000000
      vertex 25.903292 28.930302 4.600000
    endloop
  endfacet
  facet normal -0.098017 -0.995185 0.000000
    outer loop
      vertex 26.372274 28.788036 2.000000
      vertex 26.860001 28.740000 2.000000
      vertex 26.372274 28.788036 4.600000
    endloop
  endfacet
  facet normal 0.098017 -0.995185 0.000000
    outer loop
      vertex 26.860001 28.740000 2.000000
      vertex 27.347725 28.788036 2.000000
      vertex 26.860001 28.740000 4.600000
    endloop
  endfacet
  facet normal -0.634394 -0.773010 0.000000
    outer loop
      vertex 25.471075 29.161325 2.000000
      vertex 25.471075 29.161325 4.600000
      vertex 25.092234 29.472233 4.600000
    endloop
  endfacet
  facet normal -0.471395 -0.881922 0.000000
    outer loop
      vertex 25.903292 28.930302 2.000000
      vertex 25.903292 28.930302 4.600000
      vertex 25.471075 29.161325 4.600000
    endloop
  endfacet
  facet normal -0.290286 -0.956940 0.000000
    outer loop
      vertex 26.372274 28.788036 2.000000
      vertex 26.372274 28.788036 4.600000
      vertex 25.903292 28.930302 4.600000
    endloop
  endfacet
  facet normal -0.098017 -0.995185 0.000000
    outer loop
      vertex 26.860001 28.740000 2.000000
      vertex 26.860001 28.740000 4.600000
      vertex 26.372274 28.788036 4.600000
    endloop
  endfacet
  facet normal 0.290285 -0.956940 0.000000
    outer loop
      vertex 27.347725 28.788036 2.000000
      vertex 27.816710 28.930302 2.000000
      vertex 27.347725 28.788036 4.600000
    endloop
  endfacet
  facet normal 0.471395 -0.881922 0.000000
    outer loop
      vertex 27.816710 28.930302 2.000000
      vertex 28.248926 29.161325 2.000000
      vertex 27.816710 28.930302 4.600000
    endloop
  endfacet
  facet normal 0.471393 -0.881923 -0.000000
    outer loop
      vertex 28.248926 29.161325 2.000000
      vertex 28.200001 29.135174 3.400000
      vertex 27.816710 28.930302 4.600000
    endloop
  endfacet
  facet normal 0.634394 -0.773010 0.000000
    outer loop
      vertex 28.248926 29.161325 2.000000
      vertex 28.627768 29.472233 2.000000
      vertex 28.248926 29.161325 3.400000
    endloop
  endfacet
  facet normal 0.471404 -0.881918 0.000000
    outer loop
      vertex 28.248926 29.161325 2.000000
      vertex 28.248926 29.161325 3.400000
      vertex 28.200001 29.135174 3.400000
    endloop
  endfacet
  facet normal 0.634394 -0.773010 0.000000
    outer loop
      vertex 28.627768 29.472233 2.000000
      vertex 28.627768 29.472233 3.400000
      vertex 28.248926 29.161325 3.400000
    endloop
  endfacet
  facet normal 0.773010 -0.634394 0.000000
    outer loop
      vertex 28.627768 29.472233 2.000000
      vertex 28.938675 29.851074 2.000000
      vertex 28.627768 29.472233 3.400000
    endloop
  endfacet
  facet normal 0.881922 -0.471395 0.000000
    outer loop
      vertex 28.938675 29.851074 2.000000
      vertex 29.169699 30.283291 2.000000
      vertex 28.938675 29.851074 3.400000
    endloop
  endfacet
  facet normal 0.773010 -0.634394 0.000000
    outer loop
      vertex 28.938675 29.851074 2.000000
      vertex 28.938675 29.851074 3.400000
      vertex 28.627768 29.472233 3.400000
    endloop
  endfacet
  facet normal 0.881922 -0.471395 0.000000
    outer loop
      vertex 29.169699 30.283291 2.000000
      vertex 29.169699 30.283291 3.400000
      vertex 28.938675 29.851074 3.400000
    endloop
  endfacet
  facet normal 0.956940 -0.290286 0.000000
    outer loop
      vertex 29.169699 30.283291 2.000000
      vertex 29.311964 30.752274 2.000000
      vertex 29.169699 30.283291 3.400000
    endloop
  endfacet
  facet normal 0.098017 -0.995185 0.000000
    outer loop
      vertex 27.347725 28.788036 2.000000
      vertex 27.347725 28.788036 4.600000
      vertex 26.860001 28.740000 4.600000
    endloop
  endfacet
  facet normal 0.290285 -0.956940 0.000000
    outer loop
      vertex 27.816710 28.930302 2.000000
      vertex 27.816710 28.930302 4.600000
      vertex 27.347725 28.788036 4.600000
    endloop
  endfacet
  facet normal 0.471394 -0.881923 0.000000
    outer loop
      vertex 28.200001 29.135174 3.400000
      vertex 28.200001 29.135174 4.600000
      vertex 27.816710 28.930302 4.600000
    endloop
  endfacet
  facet normal -0.634391 0.773012 0.000000
    outer loop
      vertex 25.092234 33.007767 2.000000
      vertex 25.471075 33.318672 5.000000
      vertex 25.471075 33.318672 2.000000
    endloop
  endfacet
  facet normal -0.471398 0.881920 0.000000
    outer loop
      vertex 25.471075 33.318672 2.000000
      vertex 25.903292 33.549698 5.000000
      vertex 25.903292 33.549698 2.000000
    endloop
  endfacet
  facet normal -0.290286 0.956940 0.000000
    outer loop
      vertex 25.903292 33.549698 2.000000
      vertex 26.372274 33.691963 5.000000
      vertex 26.372274 33.691963 2.000000
    endloop
  endfacet
  facet normal -0.098013 0.995185 0.000000
    outer loop
      vertex 26.372274 33.691963 2.000000
      vertex 26.860001 33.739998 5.000000
      vertex 26.860001 33.739998 2.000000
    endloop
  endfacet
  facet normal -0.634391 0.773012 0.000000
    outer loop
      vertex 25.092234 33.007767 2.000000
      vertex 25.092234 33.007767 5.000000
      vertex 25.471075 33.318672 5.000000
    endloop
  endfacet
  facet normal -0.471398 0.881920 0.000000
    outer loop
      vertex 25.471075 33.318672 2.000000
      vertex 25.471075 33.318672 5.000000
      vertex 25.903292 33.549698 5.000000
    endloop
  endfacet
  facet normal -0.290286 0.956940 0.000000
    outer loop
      vertex 25.903292 33.549698 2.000000
      vertex 25.903292 33.549698 5.000000
      vertex 26.372274 33.691963 5.000000
    endloop
  endfacet
  facet normal -0.098013 0.995185 0.000000
    outer loop
      vertex 26.372274 33.691963 2.000000
      vertex 26.372274 33.691963 5.000000
      vertex 26.860001 33.739998 5.000000
    endloop
  endfacet
  facet normal 0.098013 0.995185 0.000000
    outer loop
      vertex 26.860001 33.739998 2.000000
      vertex 26.860001 33.739998 5.000000
      vertex 27.347725 33.691963 5.000000
    endloop
  endfacet
  facet normal 0.098013 0.995185 0.000000
    outer loop
      vertex 26.860001 33.739998 2.000000
      vertex 27.347725 33.691963 5.000000
      vertex 27.347725 33.691963 2.000000
    endloop
  endfacet
  facet normal 0.471398 0.881920 0.000000
    outer loop
      vertex 27.816710 33.549698 2.000000
      vertex 28.248926 33.318672 5.000000
      vertex 28.248926 33.318672 2.000000
    endloop
  endfacet
  facet normal 0.290285 0.956940 0.000000
    outer loop
      vertex 27.347725 33.691963 2.000000
      vertex 27.816710 33.549698 5.000000
      vertex 27.816710 33.549698 2.000000
    endloop
  endfacet
  facet normal 0.881922 0.471395 0.000000
    outer loop
      vertex 28.938675 32.628925 2.000000
      vertex 29.169699 32.196709 3.400000
      vertex 29.169699 32.196709 2.000000
    endloop
  endfacet
  facet normal 0.956940 0.290286 0.000000
    outer loop
      vertex 29.169699 32.196709 2.000000
      vertex 29.169699 32.196709 3.400000
      vertex 29.311964 31.727726 3.400000
    endloop
  endfacet
  facet normal 0.881922 0.471395 0.000000
    outer loop
      vertex 28.938675 32.628925 2.000000
      vertex 28.938675 32.628925 3.400000
      vertex 29.169699 32.196709 3.400000
    endloop
  endfacet
  facet normal 0.634391 0.773012 0.000000
    outer loop
      vertex 28.248926 33.318672 2.000000
      vertex 28.627768 33.007767 3.400000
      vertex 28.627768 33.007767 2.000000
    endloop
  endfacet
  facet normal 0.634393 0.773011 -0.000001
    outer loop
      vertex 28.248926 33.318672 2.000000
      vertex 28.271681 33.299999 3.400000
      vertex 28.627768 33.007767 3.400000
    endloop
  endfacet
  facet normal 0.773010 0.634394 0.000000
    outer loop
      vertex 28.938675 32.628925 2.000000
      vertex 28.627768 33.007767 2.000000
      vertex 28.938675 32.628925 3.400000
    endloop
  endfacet
  facet normal 0.773010 0.634394 0.000000
    outer loop
      vertex 28.627768 33.007767 2.000000
      vertex 28.627768 33.007767 3.400000
      vertex 28.938675 32.628925 3.400000
    endloop
  endfacet
  facet normal 0.634366 0.773033 0.000000
    outer loop
      vertex 28.248926 33.318672 2.000000
      vertex 28.271681 33.299999 5.000000
      vertex 28.271681 33.299999 3.400000
    endloop
  endfacet
  facet normal 0.290285 0.956940 0.000000
    outer loop
      vertex 27.347725 33.691963 2.000000
      vertex 27.347725 33.691963 5.000000
      vertex 27.816710 33.549698 5.000000
    endloop
  endfacet
  facet normal 0.471398 0.881920 0.000000
    outer loop
      vertex 27.816710 33.549698 2.000000
      vertex 27.816710 33.549698 5.000000
      vertex 28.248926 33.318672 5.000000
    endloop
  endfacet
  facet normal 0.634366 0.773033 0.000000
    outer loop
      vertex 28.248926 33.318672 2.000000
      vertex 28.248926 33.318672 5.000000
      vertex 28.271681 33.299999 5.000000
    endloop
  endfacet
  facet normal 0.995185 -0.098017 0.000000
    outer loop
      vertex 29.311964 30.752274 2.000000
      vertex 29.360001 31.240000 2.000000
      vertex 29.311964 30.752274 3.400000
    endloop
  endfacet
  facet normal 0.956940 -0.290286 0.000000
    outer loop
      vertex 29.169699 30.283291 3.400000
      vertex 29.311964 30.752274 2.000000
      vertex 29.311964 30.752274 3.400000
    endloop
  endfacet
  facet normal 0.995185 -0.098017 0.000000
    outer loop
      vertex 29.311964 30.752274 3.400000
      vertex 29.360001 31.240000 2.000000
      vertex 29.360001 31.240000 3.400000
    endloop
  endfacet
  facet normal 0.995185 0.098017 0.000000
    outer loop
      vertex 29.360001 31.240000 2.000000
      vertex 29.311964 31.727726 2.000000
      vertex 29.360001 31.240000 3.400000
    endloop
  endfacet
  facet normal 0.956940 0.290286 0.000000
    outer loop
      vertex 29.169699 32.196709 2.000000
      vertex 29.311964 31.727726 3.400000
      vertex 29.311964 31.727726 2.000000
    endloop
  endfacet
  facet normal 0.995185 0.098017 0.000000
    outer loop
      vertex 29.311964 31.727726 2.000000
      vertex 29.311964 31.727726 3.400000
      vertex 29.360001 31.240000 3.400000
    endloop
  endfacet
  facet normal 0.000000 0.000000 1.000000
    outer loop
      vertex 25.950674 30.715000 5.000000
      vertex 25.845778 30.968241 5.000000
      vertex 24.707069 29.990000 5.000000
    endloop
  endfacet
  facet normal 0.000000 0.000000 1.000000
    outer loop
      vertex 25.845778 30.968241 5.000000
      vertex 25.809999 31.240000 5.000000
      vertex 24.707069 29.990000 5.000000
    endloop
  endfacet
  facet normal 0.000000 0.000000 1.000000
    outer loop
      vertex 25.809999 31.240000 5.000000
      vertex 25.845778 31.511761 5.000000
      vertex 24.707069 29.990000 5.000000
    endloop
  endfacet
  facet normal 0.000000 0.000000 1.000000
    outer loop
      vertex 26.334999 30.330673 5.000000
      vertex 26.117538 30.497538 5.000000
      vertex 24.707069 29.990000 5.000000
    endloop
  endfacet
  facet normal 0.000000 0.000000 1.000000
    outer loop
      vertex 26.334999 30.330673 5.000000
      vertex 24.707069 29.990000 5.000000
      vertex 26.588240 30.225779 5.000000
    endloop
  endfacet
  facet normal 0.000000 0.000000 1.000000
    outer loop
      vertex 26.588240 30.225779 5.000000
      vertex 24.707069 29.990000 5.000000
      vertex 26.860001 30.190001 5.000000
    endloop
  endfacet
  facet normal 0.000000 0.000000 1.000000
    outer loop
      vertex 25.950674 30.715000 5.000000
      vertex 24.707069 29.990000 5.000000
      vertex 26.117538 30.497538 5.000000
    endloop
  endfacet
  facet normal 0.000000 0.000000 1.000000
    outer loop
      vertex 26.860001 30.190001 5.000000
      vertex 24.707069 29.990000 5.000000
      vertex 28.208683 29.990000 5.000000
    endloop
  endfacet
  facet normal 0.000000 0.000000 1.000000
    outer loop
      vertex 26.860001 30.190001 5.000000
      vertex 28.208683 29.990000 5.000000
      vertex 27.131760 30.225779 5.000000
    endloop
  endfacet
  facet normal 0.000000 0.000000 1.000000
    outer loop
      vertex 27.131760 30.225779 5.000000
      vertex 28.208683 29.990000 5.000000
      vertex 27.385000 30.330673 5.000000
    endloop
  endfacet
  facet normal 0.000000 0.000000 1.000000
    outer loop
      vertex 27.385000 30.330673 5.000000
      vertex 28.208683 29.990000 5.000000
      vertex 27.602463 30.497538 5.000000
    endloop
  endfacet
  facet normal 0.000000 0.000000 1.000000
    outer loop
      vertex 27.602463 30.497538 5.000000
      vertex 28.208683 29.990000 5.000000
      vertex 27.769327 30.715000 5.000000
    endloop
  endfacet
  facet normal 0.000000 0.000000 1.000000
    outer loop
      vertex 27.769327 30.715000 5.000000
      vertex 28.208683 29.990000 5.000000
      vertex 27.874222 30.968241 5.000000
    endloop
  endfacet
  facet normal 0.000000 0.000000 1.000000
    outer loop
      vertex 25.845778 31.511761 5.000000
      vertex 25.903292 33.549698 5.000000
      vertex 24.707069 29.990000 5.000000
    endloop
  endfacet
  facet normal 0.000000 0.000000 1.000000
    outer loop
      vertex 25.092234 33.007767 5.000000
      vertex 24.707069 29.990000 5.000000
      vertex 25.471075 33.318672 5.000000
    endloop
  endfacet
  facet normal 0.000000 0.000000 1.000000
    outer loop
      vertex 25.471075 33.318672 5.000000
      vertex 24.707069 29.990000 5.000000
      vertex 25.903292 33.549698 5.000000
    endloop
  endfacet
  facet normal 0.000000 0.000000 1.000000
    outer loop
      vertex 25.845778 31.511761 5.000000
      vertex 25.950674 31.764999 5.000000
      vertex 25.903292 33.549698 5.000000
    endloop
  endfacet
  facet normal 0.000000 0.000000 1.000000
    outer loop
      vertex 25.950674 31.764999 5.000000
      vertex 26.117538 31.982462 5.000000
      vertex 25.903292 33.549698 5.000000
    endloop
  endfacet
  facet normal 0.000000 0.000000 1.000000
    outer loop
      vertex 26.117538 31.982462 5.000000
      vertex 26.334999 32.149326 5.000000
      vertex 26.372274 33.691963 5.000000
    endloop
  endfacet
  facet normal 0.000000 0.000000 1.000000
    outer loop
      vertex 25.903292 33.549698 5.000000
      vertex 26.117538 31.982462 5.000000
      vertex 26.372274 33.691963 5.000000
    endloop
  endfacet
  facet normal 0.000000 0.000000 1.000000
    outer loop
      vertex 26.334999 32.149326 5.000000
      vertex 26.588240 32.254223 5.000000
      vertex 26.372274 33.691963 5.000000
    endloop
  endfacet
  facet normal 0.000000 0.000000 1.000000
    outer loop
      vertex 26.588240 32.254223 5.000000
      vertex 26.860001 33.739998 5.000000
      vertex 26.372274 33.691963 5.000000
    endloop
  endfacet
  facet normal 0.000000 0.000000 1.000000
    outer loop
      vertex 26.588240 32.254223 5.000000
      vertex 26.860001 32.290001 5.000000
      vertex 26.860001 33.739998 5.000000
    endloop
  endfacet
  facet normal 0.000000 0.000000 1.000000
    outer loop
      vertex 26.860001 32.290001 5.000000
      vertex 27.131760 32.254223 5.000000
      vertex 27.347725 33.691963 5.000000
    endloop
  endfacet
  facet normal 0.000000 0.000000 1.000000
    outer loop
      vertex 26.860001 32.290001 5.000000
      vertex 27.347725 33.691963 5.000000
      vertex 26.860001 33.739998 5.000000
    endloop
  endfacet
  facet normal 0.000000 0.000000 1.000000
    outer loop
      vertex 27.131760 32.254223 5.000000
      vertex 27.385000 32.149326 5.000000
      vertex 27.816710 33.549698 5.000000
    endloop
  endfacet
  facet normal 0.000000 0.000000 1.000000
    outer loop
      vertex 27.385000 32.149326 5.000000
      vertex 27.602463 31.982462 5.000000
      vertex 27.816710 33.549698 5.000000
    endloop
  endfacet
  facet normal 0.000000 0.000000 1.000000
    outer loop
      vertex 27.874222 30.968241 5.000000
      vertex 28.208683 29.990000 5.000000
      vertex 28.241751 33.245834 5.000000
    endloop
  endfacet
  facet normal 0.000000 0.000000 1.000000
    outer loop
      vertex 27.874222 30.968241 5.000000
      vertex 28.241751 33.245834 5.000000
      vertex 27.910000 31.240000 5.000000
    endloop
  endfacet
  facet normal 0.000000 0.000000 1.000000
    outer loop
      vertex 27.602463 31.982462 5.000000
      vertex 27.769327 31.764999 5.000000
      vertex 27.816710 33.549698 5.000000
    endloop
  endfacet
  facet normal 0.000000 0.000000 1.000000
    outer loop
      vertex 27.910000 31.240000 5.000000
      vertex 28.241751 33.245834 5.000000
      vertex 27.874222 31.511761 5.000000
    endloop
  endfacet
  facet normal 0.000000 0.000000 1.000000
    outer loop
      vertex 27.769327 31.764999 5.000000
      vertex 27.874222 31.511761 5.000000
      vertex 28.241751 33.245834 5.000000
    endloop
  endfacet
  facet normal 0.000000 0.000000 1.000000
    outer loop
      vertex 27.131760 32.254223 5.000000
      vertex 27.816710 33.549698 5.000000
      vertex 27.347725 33.691963 5.000000
    endloop
  endfacet
  facet normal 0.000000 0.000000 1.000000
    outer loop
      vertex 27.769327 31.764999 5.000000
      vertex 28.248926 33.318672 5.000000
      vertex 27.816710 33.549698 5.000000
    endloop
  endfacet
  facet normal 0.000000 0.000000 1.000000
    outer loop
      vertex 27.769327 31.764999 5.000000
      vertex 28.241751 33.245834 5.000000
      vertex 28.248926 33.318672 5.000000
    endloop
  endfacet
  facet normal 0.000000 0.000000 1.000000
    outer loop
      vertex 28.241751 33.245834 5.000000
      vertex 28.248926 33.299999 5.000000
      vertex 28.248926 33.318672 5.000000
    endloop
  endfacet
  facet normal 0.000000 0.000000 1.000000
    outer loop
      vertex 28.241751 33.245834 5.000000
      vertex 28.248926 33.236526 5.000000
      vertex 28.248926 33.299999 5.000000
    endloop
  endfacet
  facet normal 0.000000 0.000000 1.000000
    outer loop
      vertex 28.248926 33.299999 5.000000
      vertex 28.271681 33.299999 5.000000
      vertex 28.248926 33.318672 5.000000
    endloop
  endfacet
  facet normal -0.793354 -0.608760 0.000000
    outer loop
      vertex 25.950674 30.715000 5.000000
      vertex 26.117538 30.497538 5.000000
      vertex 25.950674 30.715000 6.600000
    endloop
  endfacet
  facet normal -0.923878 -0.382686 0.000000
    outer loop
      vertex 25.950674 30.715000 5.000000
      vertex 25.845778 30.968241 6.600000
      vertex 25.845778 30.968241 5.000000
    endloop
  endfacet
  facet normal -0.382680 -0.923881 0.000000
    outer loop
      vertex 26.334999 30.330673 5.000000
      vertex 26.588240 30.225779 5.000000
      vertex 26.334999 30.330673 6.600000
    endloop
  endfacet
  facet normal -0.608764 -0.793352 0.000000
    outer loop
      vertex 26.334999 30.330673 5.000000
      vertex 26.117538 30.497538 6.600000
      vertex 26.117538 30.497538 5.000000
    endloop
  endfacet
  facet normal -0.130526 -0.991445 0.000000
    outer loop
      vertex 26.588240 30.225779 5.000000
      vertex 26.860001 30.190001 5.000000
      vertex 26.588240 30.225779 6.600000
    endloop
  endfacet
  facet normal 0.130527 -0.991445 0.000000
    outer loop
      vertex 26.860001 30.190001 5.000000
      vertex 27.131760 30.225779 5.000000
      vertex 26.860001 30.190001 6.600000
    endloop
  endfacet
  facet normal -0.793354 -0.608760 0.000000
    outer loop
      vertex 26.117538 30.497538 5.000000
      vertex 26.117538 30.497538 6.600000
      vertex 25.950674 30.715000 6.600000
    endloop
  endfacet
  facet normal -0.923878 -0.382686 0.000000
    outer loop
      vertex 25.950674 30.715000 5.000000
      vertex 25.950674 30.715000 6.600000
      vertex 25.845778 30.968241 6.600000
    endloop
  endfacet
  facet normal -0.991445 -0.130527 0.000000
    outer loop
      vertex 25.845778 30.968241 5.000000
      vertex 25.845778 30.968241 6.600000
      vertex 25.809999 31.240000 6.600000
    endloop
  endfacet
  facet normal 0.000000 0.000000 1.000000
    outer loop
      vertex 25.950674 30.715000 6.600000
      vertex 26.117538 30.497538 6.600000
      vertex 26.117538 31.982462 6.600000
    endloop
  endfacet
  facet normal -0.382680 -0.923881 0.000000
    outer loop
      vertex 26.588240 30.225779 5.000000
      vertex 26.588240 30.225779 6.600000
      vertex 26.334999 30.330673 6.600000
    endloop
  endfacet
  facet normal -0.608764 -0.793352 0.000000
    outer loop
      vertex 26.334999 30.330673 5.000000
      vertex 26.334999 30.330673 6.600000
      vertex 26.117538 30.497538 6.600000
    endloop
  endfacet
  facet normal -0.130526 -0.991445 0.000000
    outer loop
      vertex 26.860001 30.190001 5.000000
      vertex 26.860001 30.190001 6.600000
      vertex 26.588240 30.225779 6.600000
    endloop
  endfacet
  facet normal 0.130527 -0.991445 0.000000
    outer loop
      vertex 27.131760 30.225779 5.000000
      vertex 27.131760 30.225779 6.600000
      vertex 26.860001 30.190001 6.600000
    endloop
  endfacet
  facet normal 0.000000 0.000000 1.000000
    outer loop
      vertex 26.334999 30.330673 6.600000
      vertex 26.334999 32.149326 6.600000
      vertex 26.117538 30.497538 6.600000
    endloop
  endfacet
  facet normal 0.000000 0.000000 1.000000
    outer loop
      vertex 26.334999 30.330673 6.600000
      vertex 26.588240 30.225779 6.600000
      vertex 26.588240 32.254223 6.600000
    endloop
  endfacet
  facet normal 0.000000 0.000000 1.000000
    outer loop
      vertex 26.588240 30.225779 6.600000
      vertex 26.860001 30.190001 6.600000
      vertex 26.860001 32.290001 6.600000
    endloop
  endfacet
  facet normal 0.000000 0.000000 1.000000
    outer loop
      vertex 26.860001 30.190001 6.600000
      vertex 27.131760 30.225779 6.600000
      vertex 27.131760 32.254223 6.600000
    endloop
  endfacet
  facet normal 0.382680 -0.923881 0.000000
    outer loop
      vertex 27.131760 30.225779 5.000000
      vertex 27.385000 30.330673 5.000000
      vertex 27.131760 30.225779 6.600000
    endloop
  endfacet
  facet normal 0.608760 -0.793354 0.000000
    outer loop
      vertex 27.385000 30.330673 5.000000
      vertex 27.602463 30.497538 5.000000
      vertex 27.385000 30.330673 6.600000
    endloop
  endfacet
  facet normal 0.793354 -0.608760 0.000000
    outer loop
      vertex 27.602463 30.497538 5.000000
      vertex 27.769327 30.715000 5.000000
      vertex 27.602463 30.497538 6.600000
    endloop
  endfacet
  facet normal 0.923881 -0.382680 0.000000
    outer loop
      vertex 27.769327 30.715000 5.000000
      vertex 27.874222 30.968241 5.000000
      vertex 27.769327 30.715000 6.600000
    endloop
  endfacet
  facet normal 0.991445 -0.130527 0.000000
    outer loop
      vertex 27.874222 30.968241 5.000000
      vertex 27.910000 31.240000 5.000000
      vertex 27.874222 30.968241 6.600000
    endloop
  endfacet
  facet normal 0.382680 -0.923881 0.000000
    outer loop
      vertex 27.131760 30.225779 6.600000
      vertex 27.385000 30.330673 5.000000
      vertex 27.385000 30.330673 6.600000
    endloop
  endfacet
  facet normal 0.608760 -0.793354 0.000000
    outer loop
      vertex 27.602463 30.497538 5.000000
      vertex 27.602463 30.497538 6.600000
      vertex 27.385000 30.330673 6.600000
    endloop
  endfacet
  facet normal 0.793354 -0.608760 0.000000
    outer loop
      vertex 27.769327 30.715000 5.000000
      vertex 27.769327 30.715000 6.600000
      vertex 27.602463 30.497538 6.600000
    endloop
  endfacet
  facet normal 0.923881 -0.382680 0.000000
    outer loop
      vertex 27.874222 30.968241 5.000000
      vertex 27.874222 30.968241 6.600000
      vertex 27.769327 30.715000 6.600000
    endloop
  endfacet
  facet normal 0.000000 0.000000 1.000000
    outer loop
      vertex 27.131760 30.225779 6.600000
      vertex 27.385000 30.330673 6.600000
      vertex 27.385000 32.149326 6.600000
    endloop
  endfacet
  facet normal 0.000000 0.000000 1.000000
    outer loop
      vertex 27.385000 30.330673 6.600000
      vertex 27.602463 30.497538 6.600000
      vertex 27.602463 31.982462 6.600000
    endloop
  endfacet
  facet normal 0.000000 0.000000 1.000000
    outer loop
      vertex 27.602463 30.497538 6.600000
      vertex 27.769327 30.715000 6.600000
      vertex 27.769327 31.764999 6.600000
    endloop
  endfacet
  facet normal 0.000000 0.000000 1.000000
    outer loop
      vertex 27.769327 30.715000 6.600000
      vertex 27.874222 30.968241 6.600000
      vertex 27.874222 31.511761 6.600000
    endloop
  endfacet
  facet normal -0.991445 -0.130527 0.000000
    outer loop
      vertex 25.845778 30.968241 5.000000
      vertex 25.809999 31.240000 6.600000
      vertex 25.809999 31.240000 5.000000
    endloop
  endfacet
  facet normal -0.991445 0.130526 0.000000
    outer loop
      vertex 25.809999 31.240000 5.000000
      vertex 25.845778 31.511761 6.600000
      vertex 25.845778 31.511761 5.000000
    endloop
  endfacet
  facet normal -0.923877 0.382689 0.000000
    outer loop
      vertex 25.845778 31.511761 5.000000
      vertex 25.950674 31.764999 6.600000
      vertex 25.950674 31.764999 5.000000
    endloop
  endfacet
  facet normal -0.793354 0.608760 0.000000
    outer loop
      vertex 25.950674 31.764999 5.000000
      vertex 26.117538 31.982462 6.600000
      vertex 26.117538 31.982462 5.000000
    endloop
  endfacet
  facet normal -0.608764 0.793352 0.000000
    outer loop
      vertex 26.117538 31.982462 5.000000
      vertex 26.334999 32.149326 6.600000
      vertex 26.334999 32.149326 5.000000
    endloop
  endfacet
  facet normal -0.382686 0.923878 0.000000
    outer loop
      vertex 26.334999 32.149326 5.000000
      vertex 26.588240 32.254223 6.600000
      vertex 26.588240 32.254223 5.000000
    endloop
  endfacet
  facet normal -0.130526 0.991445 0.000000
    outer loop
      vertex 26.588240 32.254223 5.000000
      vertex 26.860001 32.290001 6.600000
      vertex 26.860001 32.290001 5.000000
    endloop
  endfacet
  facet normal 0.130527 0.991445 0.000000
    outer loop
      vertex 26.860001 32.290001 5.000000
      vertex 27.131760 32.254223 6.600000
      vertex 27.131760 32.254223 5.000000
    endloop
  endfacet
  facet normal -0.991445 0.130526 0.000000
    outer loop
      vertex 25.809999 31.240000 5.000000
      vertex 25.809999 31.240000 6.600000
      vertex 25.845778 31.511761 6.600000
    endloop
  endfacet
  facet normal -0.923877 0.382689 0.000000
    outer loop
      vertex 25.845778 31.511761 5.000000
      vertex 25.845778 31.511761 6.600000
      vertex 25.950674 31.764999 6.600000
    endloop
  endfacet
  facet normal -0.793354 0.608760 0.000000
    outer loop
      vertex 25.950674 31.764999 5.000000
      vertex 25.950674 31.764999 6.600000
      vertex 26.117538 31.982462 6.600000
    endloop
  endfacet
  facet normal 0.000000 0.000000 1.000000
    outer loop
      vertex 25.845778 30.968241 6.600000
      vertex 25.845778 31.511761 6.600000
      vertex 25.809999 31.240000 6.600000
    endloop
  endfacet
  facet normal 0.000000 0.000000 1.000000
    outer loop
      vertex 25.950674 30.715000 6.600000
      vertex 25.950674 31.764999 6.600000
      vertex 25.845778 30.968241 6.600000
    endloop
  endfacet
  facet normal 0.000000 0.000000 1.000000
    outer loop
      vertex 25.845778 30.968241 6.600000
      vertex 25.950674 31.764999 6.600000
      vertex 25.845778 31.511761 6.600000
    endloop
  endfacet
  facet normal 0.000000 0.000000 1.000000
    outer loop
      vertex 25.950674 30.715000 6.600000
      vertex 26.117538 31.982462 6.600000
      vertex 25.950674 31.764999 6.600000
    endloop
  endfacet
  facet normal -0.608764 0.793352 0.000000
    outer loop
      vertex 26.117538 31.982462 5.000000
      vertex 26.117538 31.982462 6.600000
      vertex 26.334999 32.149326 6.600000
    endloop
  endfacet
  facet normal -0.382686 0.923878 0.000000
    outer loop
      vertex 26.334999 32.149326 5.000000
      vertex 26.334999 32.149326 6.600000
      vertex 26.588240 32.254223 6.600000
    endloop
  endfacet
  facet normal -0.130526 0.991445 0.000000
    outer loop
      vertex 26.588240 32.254223 5.000000
      vertex 26.588240 32.254223 6.600000
      vertex 26.860001 32.290001 6.600000
    endloop
  endfacet
  facet normal 0.130527 0.991445 0.000000
    outer loop
      vertex 26.860001 32.290001 5.000000
      vertex 26.860001 32.290001 6.600000
      vertex 27.131760 32.254223 6.600000
    endloop
  endfacet
  facet normal 0.000000 0.000000 1.000000
    outer loop
      vertex 26.117538 30.497538 6.600000
      vertex 26.334999 32.149326 6.600000
      vertex 26.117538 31.982462 6.600000
    endloop
  endfacet
  facet normal 0.000000 0.000000 1.000000
    outer loop
      vertex 26.334999 30.330673 6.600000
      vertex 26.588240 32.254223 6.600000
      vertex 26.334999 32.149326 6.600000
    endloop
  endfacet
  facet normal 0.000000 0.000000 1.000000
    outer loop
      vertex 26.588240 30.225779 6.600000
      vertex 26.860001 32.290001 6.600000
      vertex 26.588240 32.254223 6.600000
    endloop
  endfacet
  facet normal 0.000000 0.000000 1.000000
    outer loop
      vertex 26.860001 30.190001 6.600000
      vertex 27.131760 32.254223 6.600000
      vertex 26.860001 32.290001 6.600000
    endloop
  endfacet
  facet normal 0.382686 0.923878 0.000000
    outer loop
      vertex 27.131760 32.254223 5.000000
      vertex 27.385000 32.149326 6.600000
      vertex 27.385000 32.149326 5.000000
    endloop
  endfacet
  facet normal 0.608760 0.793354 0.000000
    outer loop
      vertex 27.385000 32.149326 5.000000
      vertex 27.602463 31.982462 6.600000
      vertex 27.602463 31.982462 5.000000
    endloop
  endfacet
  facet normal 0.991445 0.130526 0.000000
    outer loop
      vertex 27.910000 31.240000 5.000000
      vertex 27.874222 31.511761 5.000000
      vertex 27.910000 31.240000 6.600000
    endloop
  endfacet
  facet normal 0.793354 0.608760 0.000000
    outer loop
      vertex 27.602463 31.982462 5.000000
      vertex 27.769327 31.764999 6.600000
      vertex 27.769327 31.764999 5.000000
    endloop
  endfacet
  facet normal 0.923880 0.382683 0.000000
    outer loop
      vertex 27.769327 31.764999 5.000000
      vertex 27.874222 31.511761 6.600000
      vertex 27.874222 31.511761 5.000000
    endloop
  endfacet
  facet normal 0.382686 0.923878 0.000000
    outer loop
      vertex 27.131760 32.254223 5.000000
      vertex 27.131760 32.254223 6.600000
      vertex 27.385000 32.149326 6.600000
    endloop
  endfacet
  facet normal 0.608760 0.793354 0.000000
    outer loop
      vertex 27.385000 32.149326 5.000000
      vertex 27.385000 32.149326 6.600000
      vertex 27.602463 31.982462 6.600000
    endloop
  endfacet
  facet normal 0.793354 0.608760 0.000000
    outer loop
      vertex 27.602463 31.982462 5.000000
      vertex 27.602463 31.982462 6.600000
      vertex 27.769327 31.764999 6.600000
    endloop
  endfacet
  facet normal 0.991445 -0.130527 0.000000
    outer loop
      vertex 27.874222 30.968241 6.600000
      vertex 27.910000 31.240000 5.000000
      vertex 27.910000 31.240000 6.600000
    endloop
  endfacet
  facet normal 0.991445 0.130526 0.000000
    outer loop
      vertex 27.874222 31.511761 5.000000
      vertex 27.874222 31.511761 6.600000
      vertex 27.910000 31.240000 6.600000
    endloop
  endfacet
  facet normal 0.923880 0.382683 0.000000
    outer loop
      vertex 27.769327 31.764999 5.000000
      vertex 27.769327 31.764999 6.600000
      vertex 27.874222 31.511761 6.600000
    endloop
  endfacet
  facet normal 0.000000 0.000000 1.000000
    outer loop
      vertex 27.131760 30.225779 6.600000
      vertex 27.385000 32.149326 6.600000
      vertex 27.131760 32.254223 6.600000
    endloop
  endfacet
  facet normal 0.000000 0.000000 1.000000
    outer loop
      vertex 27.385000 30.330673 6.600000
      vertex 27.602463 31.982462 6.600000
      vertex 27.385000 32.149326 6.600000
    endloop
  endfacet
  facet normal 0.000000 0.000000 1.000000
    outer loop
      vertex 27.602463 30.497538 6.600000
      vertex 27.769327 31.764999 6.600000
      vertex 27.602463 31.982462 6.600000
    endloop
  endfacet
  facet normal 0.000000 0.000000 1.000000
    outer loop
      vertex 27.874222 30.968241 6.600000
      vertex 27.910000 31.240000 6.600000
      vertex 27.874222 31.511761 6.600000
    endloop
  endfacet
  facet normal 0.000000 0.000000 1.000000
    outer loop
      vertex 27.769327 30.715000 6.600000
      vertex 27.874222 31.511761 6.600000
      vertex 27.769327 31.764999 6.600000
    endloop
  endfacet
  facet normal -1.000000 0.000000 0.000000
    outer loop
      vertex 2.350000 37.779999 0.000000
      vertex 2.350000 37.779999 3.000000
      vertex 2.350000 43.779999 3.000000
    endloop
  endfacet
  facet normal 0.000000 0.000000 -1.000000
    outer loop
      vertex 2.350000 37.779999 0.000000
      vertex 2.350000 43.779999 0.000000
      vertex 2.465288 43.722355 0.000000
    endloop
  endfacet
  facet normal -1.000000 0.000000 0.000000
    outer loop
      vertex 2.350000 37.779999 0.000000
      vertex 2.350000 43.779999 3.000000
      vertex 2.350000 43.779999 0.000000
    endloop
  endfacet
  facet normal 0.000000 0.000000 1.000000
    outer loop
      vertex 2.350000 37.779999 3.000000
      vertex 3.250000 37.779999 3.000000
      vertex 3.250000 43.330002 3.000000
    endloop
  endfacet
  facet normal 0.000000 0.000000 1.000000
    outer loop
      vertex 2.350000 37.779999 3.000000
      vertex 3.250000 43.330002 3.000000
      vertex 2.350000 43.779999 3.000000
    endloop
  endfacet
  facet normal 0.000000 0.000000 -1.000000
    outer loop
      vertex 2.465288 43.779999 0.000000
      vertex 6.707926 43.340008 0.000000
      vertex 6.877757 42.930000 0.000000
    endloop
  endfacet
  facet normal 0.000000 0.000000 -1.000000
    outer loop
      vertex 2.465288 43.779999 0.000000
      vertex 6.877757 42.930000 0.000000
      vertex 7.147919 42.577919 0.000000
    endloop
  endfacet
  facet normal 0.000000 0.000000 -1.000000
    outer loop
      vertex 2.465288 43.779999 0.000000
      vertex 7.147919 42.577919 0.000000
      vertex 7.500000 42.307755 0.000000
    endloop
  endfacet
  facet normal 0.000000 0.000000 -1.000000
    outer loop
      vertex 2.465288 43.779999 0.000000
      vertex 7.500000 42.307755 0.000000
      vertex 7.910007 42.137924 0.000000
    endloop
  endfacet
  facet normal 0.000000 0.000000 -1.000000
    outer loop
      vertex 2.350000 37.779999 0.000000
      vertex 2.465288 43.722355 0.000000
      vertex 14.350000 37.779999 0.000000
    endloop
  endfacet
  facet normal 0.000000 0.000000 -1.000000
    outer loop
      vertex 2.465288 43.722355 0.000000
      vertex 2.465288 43.779999 0.000000
      vertex 14.350000 37.779999 0.000000
    endloop
  endfacet
  facet normal 0.000000 0.000000 -1.000000
    outer loop
      vertex 2.465288 43.779999 0.000000
      vertex 7.910007 42.137924 0.000000
      vertex 14.350000 37.779999 0.000000
    endloop
  endfacet
  facet normal 0.000000 0.000000 1.000000
    outer loop
      vertex 5.250000 37.779999 3.000000
      vertex 11.450000 39.230000 3.000000
      vertex 5.250000 42.330002 3.000000
    endloop
  endfacet
  facet normal 0.000000 0.000000 -1.000000
    outer loop
      vertex 2.465288 43.779999 0.000000
      vertex 6.650000 43.779999 0.000000
      vertex 6.707926 43.340008 0.000000
    endloop
  endfacet
  facet normal 0.000000 0.000000 -1.000000
    outer loop
      vertex 14.350000 37.779999 0.000000
      vertex 7.910007 42.137924 0.000000
      vertex 8.350000 42.080002 0.000000
    endloop
  endfacet
  facet normal 0.000000 0.000000 -1.000000
    outer loop
      vertex 14.350000 37.779999 0.000000
      vertex 8.350000 42.080002 0.000000
      vertex 8.789992 42.137924 0.000000
    endloop
  endfacet
  facet normal 0.000000 0.000000 -1.000000
    outer loop
      vertex 14.350000 37.779999 0.000000
      vertex 8.789992 42.137924 0.000000
      vertex 9.200000 42.307755 0.000000
    endloop
  endfacet
  facet normal 0.000000 0.000000 -1.000000
    outer loop
      vertex 14.350000 37.779999 0.000000
      vertex 9.200000 42.307755 0.000000
      vertex 9.552081 42.577919 0.000000
    endloop
  endfacet
  facet normal 0.000000 0.000000 -1.000000
    outer loop
      vertex 14.350000 37.779999 0.000000
      vertex 9.552081 42.577919 0.000000
      vertex 9.822243 42.930000 0.000000
    endloop
  endfacet
  facet normal 0.000000 0.000000 -1.000000
    outer loop
      vertex 14.350000 37.779999 0.000000
      vertex 9.822243 42.930000 0.000000
      vertex 9.992074 43.340008 0.000000
    endloop
  endfacet
  facet normal 0.000000 0.000000 1.000000
    outer loop
      vertex 5.250000 37.779999 3.000000
      vertex 11.450000 37.779999 3.000000
      vertex 11.450000 39.230000 3.000000
    endloop
  endfacet
  facet normal 0.000000 0.000000 -1.000000
    outer loop
      vertex 14.350000 43.779999 0.000000
      vertex 9.992074 43.340008 0.000000
      vertex 10.050000 43.779999 0.000000
    endloop
  endfacet
  facet normal 1.000000 0.000000 0.000000
    outer loop
      vertex 14.350000 37.779999 0.000000
      vertex 14.350000 43.779999 0.000000
      vertex 14.350000 37.779999 3.000000
    endloop
  endfacet
  facet normal 0.000000 0.000000 -1.000000
    outer loop
      vertex 14.350000 37.779999 0.000000
      vertex 9.992074 43.340008 0.000000
      vertex 14.350000 43.779999 0.000000
    endloop
  endfacet
  facet normal 1.000000 0.000000 0.000000
    outer loop
      vertex 14.350000 37.779999 3.000000
      vertex 14.350000 43.779999 0.000000
      vertex 14.350000 43.779999 3.000000
    endloop
  endfacet
  facet normal 0.000000 0.000000 1.000000
    outer loop
      vertex 13.450000 37.779999 3.000000
      vertex 14.350000 37.779999 3.000000
      vertex 14.350000 43.779999 3.000000
    endloop
  endfacet
  facet normal 0.000000 0.000000 1.000000
    outer loop
      vertex 13.450000 37.779999 3.000000
      vertex 14.350000 43.779999 3.000000
      vertex 13.450000 43.779999 3.000000
    endloop
  endfacet
  facet normal 0.000000 0.000000 -1.000000
    outer loop
      vertex 2.465288 43.722355 0.000000
      vertex 2.350000 43.779999 0.000000
      vertex 2.465288 43.779999 0.000000
    endloop
  endfacet
  facet normal 0.000000 0.000000 -1.000000
    outer loop
      vertex 2.350000 43.779999 0.000000
      vertex 2.465288 44.950542 0.000000
      vertex 2.465288 43.779999 0.000000
    endloop
  endfacet
  facet normal 0.000000 0.000000 -1.000000
    outer loop
      vertex 2.465288 43.779999 0.000000
      vertex 2.465288 44.950542 0.000000
      vertex 2.806723 46.076099 0.000000
    endloop
  endfacet
  facet normal -0.995185 0.098017 0.000000
    outer loop
      vertex 2.350000 43.779999 0.000000
      vertex 2.465288 44.950542 3.000000
      vertex 2.465288 44.950542 0.000000
    endloop
  endfacet
  facet normal 0.000000 0.000000 -1.000000
    outer loop
      vertex 2.465288 43.779999 0.000000
      vertex 2.806723 46.076099 0.000000
      vertex 3.361182 47.113422 0.000000
    endloop
  endfacet
  facet normal -0.956940 0.290285 0.000000
    outer loop
      vertex 2.465288 44.950542 0.000000
      vertex 2.806723 46.076099 3.000000
      vertex 2.806723 46.076099 0.000000
    endloop
  endfacet
  facet normal 0.000000 0.000000 -1.000000
    outer loop
      vertex 2.465288 43.779999 0.000000
      vertex 3.361182 47.113422 0.000000
      vertex 4.107359 48.022640 0.000000
    endloop
  endfacet
  facet normal -0.995185 0.098017 0.000000
    outer loop
      vertex 2.350000 43.779999 0.000000
      vertex 2.350000 43.779999 3.000000
      vertex 2.465288 44.950542 3.000000
    endloop
  endfacet
  facet normal -0.956940 0.290285 0.000000
    outer loop
      vertex 2.465288 44.950542 0.000000
      vertex 2.465288 44.950542 3.000000
      vertex 2.806723 46.076099 3.000000
    endloop
  endfacet
  facet normal -0.881922 0.471396 0.000000
    outer loop
      vertex 2.806723 46.076099 0.000000
      vertex 2.806723 46.076099 3.000000
      vertex 3.361182 47.113422 3.000000
    endloop
  endfacet
  facet normal 0.000000 0.000000 -1.000000
    outer loop
      vertex 2.465288 43.779999 0.000000
      vertex 4.107359 48.022640 0.000000
      vertex 5.016579 48.768818 0.000000
    endloop
  endfacet
  facet normal -0.881922 0.471396 0.000000
    outer loop
      vertex 2.806723 46.076099 0.000000
      vertex 3.361182 47.113422 3.000000
      vertex 3.361182 47.113422 0.000000
    endloop
  endfacet
  facet normal -0.773010 0.634394 0.000000
    outer loop
      vertex 3.361182 47.113422 0.000000
      vertex 4.107359 48.022640 3.000000
      vertex 4.107359 48.022640 0.000000
    endloop
  endfacet
  facet normal -0.773010 0.634394 0.000000
    outer loop
      vertex 3.361182 47.113422 0.000000
      vertex 3.361182 47.113422 3.000000
      vertex 4.107359 48.022640 3.000000
    endloop
  endfacet
  facet normal 0.000000 0.000000 1.000000
    outer loop
      vertex 2.350000 43.779999 3.000000
      vertex 3.250000 46.180000 3.000000
      vertex 2.465288 44.950542 3.000000
    endloop
  endfacet
  facet normal 0.000000 0.000000 1.000000
    outer loop
      vertex 3.250000 43.330002 3.000000
      vertex 3.250000 46.180000 3.000000
      vertex 2.350000 43.779999 3.000000
    endloop
  endfacet
  facet normal 0.000000 0.000000 1.000000
    outer loop
      vertex 2.465288 44.950542 3.000000
      vertex 3.250000 46.180000 3.000000
      vertex 2.806723 46.076099 3.000000
    endloop
  endfacet
  facet normal 0.000000 0.000000 1.000000
    outer loop
      vertex 2.806723 46.076099 3.000000
      vertex 3.250000 46.180000 3.000000
      vertex 3.361182 47.113422 3.000000
    endloop
  endfacet
  facet normal 0.000000 0.000000 1.000000
    outer loop
      vertex 3.250000 46.180000 3.000000
      vertex 5.250000 46.180000 3.000000
      vertex 3.361182 47.113422 3.000000
    endloop
  endfacet
  facet normal 0.000000 0.000000 1.000000
    outer loop
      vertex 5.250000 42.330002 3.000000
      vertex 6.707926 43.340008 3.000000
      vertex 6.650000 43.779999 3.000000
    endloop
  endfacet
  facet normal 0.000000 0.000000 1.000000
    outer loop
      vertex 5.250000 42.330002 3.000000
      vertex 7.147919 42.577919 3.000000
      vertex 6.877757 42.930000 3.000000
    endloop
  endfacet
  facet normal 0.000000 0.000000 1.000000
    outer loop
      vertex 5.250000 42.330002 3.000000
      vertex 6.877757 42.930000 3.000000
      vertex 6.707926 43.340008 3.000000
    endloop
  endfacet
  facet normal 0.000000 0.000000 1.000000
    outer loop
      vertex 5.250000 42.330002 3.000000
      vertex 11.450000 39.230000 3.000000
      vertex 7.147919 42.577919 3.000000
    endloop
  endfacet
  facet normal 0.000000 0.000000 -1.000000
    outer loop
      vertex 2.465288 43.779999 0.000000
      vertex 6.707926 44.219994 0.000000
      vertex 6.650000 43.779999 0.000000
    endloop
  endfacet
  facet normal 0.000000 0.000000 -1.000000
    outer loop
      vertex 2.465288 43.779999 0.000000
      vertex 6.877757 44.630001 0.000000
      vertex 6.707926 44.219994 0.000000
    endloop
  endfacet
  facet normal 0.000000 0.000000 -1.000000
    outer loop
      vertex 2.465288 43.779999 0.000000
      vertex 7.147919 44.982082 0.000000
      vertex 6.877757 44.630001 0.000000
    endloop
  endfacet
  facet normal 0.000000 0.000000 -1.000000
    outer loop
      vertex 2.465288 43.779999 0.000000
      vertex 7.500000 45.252243 0.000000
      vertex 7.147919 44.982082 0.000000
    endloop
  endfacet
  facet normal 0.000000 0.000000 -1.000000
    outer loop
      vertex 2.465288 43.779999 0.000000
      vertex 7.910007 45.422073 0.000000
      vertex 7.500000 45.252243 0.000000
    endloop
  endfacet
  facet normal 0.000000 0.000000 -1.000000
    outer loop
      vertex 2.465288 43.779999 0.000000
      vertex 5.016579 48.768818 0.000000
      vertex 6.053899 49.323277 0.000000
    endloop
  endfacet
  facet normal -0.634394 0.773010 0.000000
    outer loop
      vertex 4.107359 48.022640 0.000000
      vertex 5.016579 48.768818 3.000000
      vertex 5.016579 48.768818 0.000000
    endloop
  endfacet
  facet normal 0.000000 0.000000 -1.000000
    outer loop
      vertex 2.465288 43.779999 0.000000
      vertex 6.053899 49.323277 0.000000
      vertex 7.179458 49.664711 0.000000
    endloop
  endfacet
  facet normal 0.000000 0.000000 -1.000000
    outer loop
      vertex 2.465288 43.779999 0.000000
      vertex 7.179458 49.664711 0.000000
      vertex 8.350000 49.779999 0.000000
    endloop
  endfacet
  facet normal -0.471396 0.881922 0.000000
    outer loop
      vertex 5.016579 48.768818 0.000000
      vertex 6.053899 49.323277 3.000000
      vertex 6.053899 49.323277 0.000000
    endloop
  endfacet
  facet normal -0.634394 0.773010 0.000000
    outer loop
      vertex 4.107359 48.022640 0.000000
      vertex 4.107359 48.022640 3.000000
      vertex 5.016579 48.768818 3.000000
    endloop
  endfacet
  facet normal -0.471396 0.881922 0.000000
    outer loop
      vertex 5.016579 48.768818 0.000000
      vertex 5.016579 48.768818 3.000000
      vertex 6.053899 49.323277 3.000000
    endloop
  endfacet
  facet normal 0.000000 0.000000 -1.000000
    outer loop
      vertex 2.465288 43.779999 0.000000
      vertex 13.338818 47.113422 0.000000
      vertex 7.910007 45.422073 0.000000
    endloop
  endfacet
  facet normal 0.000000 0.000000 -1.000000
    outer loop
      vertex 2.465288 43.779999 0.000000
      vertex 8.350000 49.779999 0.000000
      vertex 9.520542 49.664711 0.000000
    endloop
  endfacet
  facet normal -0.290285 0.956940 0.000000
    outer loop
      vertex 6.053899 49.323277 0.000000
      vertex 7.179458 49.664711 3.000000
      vertex 7.179458 49.664711 0.000000
    endloop
  endfacet
  facet normal 0.000000 0.000000 -1.000000
    outer loop
      vertex 2.465288 43.779999 0.000000
      vertex 9.520542 49.664711 0.000000
      vertex 10.646101 49.323277 0.000000
    endloop
  endfacet
  facet normal 0.000000 0.000000 -1.000000
    outer loop
      vertex 2.465288 43.779999 0.000000
      vertex 10.646101 49.323277 0.000000
      vertex 11.683421 48.768818 0.000000
    endloop
  endfacet
  facet normal -0.098017 0.995185 0.000000
    outer loop
      vertex 7.179458 49.664711 0.000000
      vertex 8.350000 49.779999 3.000000
      vertex 8.350000 49.779999 0.000000
    endloop
  endfacet
  facet normal -0.290285 0.956940 0.000000
    outer loop
      vertex 6.053899 49.323277 0.000000
      vertex 6.053899 49.323277 3.000000
      vertex 7.179458 49.664711 3.000000
    endloop
  endfacet
  facet normal -0.098017 0.995185 0.000000
    outer loop
      vertex 7.179458 49.664711 0.000000
      vertex 7.179458 49.664711 3.000000
      vertex 8.350000 49.779999 3.000000
    endloop
  endfacet
  facet normal 0.000000 0.000000 1.000000
    outer loop
      vertex 5.250000 42.330002 3.000000
      vertex 6.650000 43.779999 3.000000
      vertex 5.250000 46.180000 3.000000
    endloop
  endfacet
  facet normal 0.000000 0.000000 1.000000
    outer loop
      vertex 5.250000 46.180000 3.000000
      vertex 6.650000 43.779999 3.000000
      vertex 6.707926 44.219994 3.000000
    endloop
  endfacet
  facet normal 0.000000 0.000000 1.000000
    outer loop
      vertex 3.361182 47.113422 3.000000
      vertex 5.250000 46.180000 3.000000
      vertex 4.107359 48.022640 3.000000
    endloop
  endfacet
  facet normal 0.000000 0.000000 1.000000
    outer loop
      vertex 5.250000 46.180000 3.000000
      vertex 6.707926 44.219994 3.000000
      vertex 6.877757 44.630001 3.000000
    endloop
  endfacet
  facet normal 0.000000 0.000000 1.000000
    outer loop
      vertex 5.250000 46.180000 3.000000
      vertex 6.877757 44.630001 3.000000
      vertex 7.147919 44.982082 3.000000
    endloop
  endfacet
  facet normal 0.000000 0.000000 1.000000
    outer loop
      vertex 5.250000 46.180000 3.000000
      vertex 7.147919 44.982082 3.000000
      vertex 7.500000 45.252243 3.000000
    endloop
  endfacet
  facet normal 0.000000 0.000000 1.000000
    outer loop
      vertex 5.250000 46.180000 3.000000
      vertex 7.500000 45.252243 3.000000
      vertex 7.910007 45.422073 3.000000
    endloop
  endfacet
  facet normal 0.000000 0.000000 1.000000
    outer loop
      vertex 5.250000 46.180000 3.000000
      vertex 7.910007 45.422073 3.000000
      vertex 8.350000 45.480000 3.000000
    endloop
  endfacet
  facet normal 0.000000 0.000000 1.000000
    outer loop
      vertex 5.250000 46.180000 3.000000
      vertex 8.350000 45.480000 3.000000
      vertex 8.789992 45.422073 3.000000
    endloop
  endfacet
  facet normal 0.000000 0.000000 1.000000
    outer loop
      vertex 4.107359 48.022640 3.000000
      vertex 5.250000 46.180000 3.000000
      vertex 11.450000 46.180000 3.000000
    endloop
  endfacet
  facet normal 0.000000 0.000000 1.000000
    outer loop
      vertex 4.107359 48.022640 3.000000
      vertex 11.450000 46.180000 3.000000
      vertex 5.016579 48.768818 3.000000
    endloop
  endfacet
  facet normal 0.000000 0.000000 1.000000
    outer loop
      vertex 5.016579 48.768818 3.000000
      vertex 11.450000 46.180000 3.000000
      vertex 6.053899 49.323277 3.000000
    endloop
  endfacet
  facet normal 0.000000 0.000000 1.000000
    outer loop
      vertex 6.053899 49.323277 3.000000
      vertex 11.450000 46.180000 3.000000
      vertex 7.179458 49.664711 3.000000
    endloop
  endfacet
  facet normal 0.000000 0.000000 1.000000
    outer loop
      vertex 11.450000 39.230000 3.000000
      vertex 7.500000 42.307755 3.000000
      vertex 7.147919 42.577919 3.000000
    endloop
  endfacet
  facet normal 0.000000 0.000000 1.000000
    outer loop
      vertex 11.450000 39.230000 3.000000
      vertex 8.350000 42.080002 3.000000
      vertex 7.910007 42.137924 3.000000
    endloop
  endfacet
  facet normal 0.000000 0.000000 1.000000
    outer loop
      vertex 11.450000 39.230000 3.000000
      vertex 7.910007 42.137924 3.000000
      vertex 7.500000 42.307755 3.000000
    endloop
  endfacet
  facet normal 0.000000 0.000000 1.000000
    outer loop
      vertex 11.450000 39.230000 3.000000
      vertex 8.789992 42.137924 3.000000
      vertex 8.350000 42.080002 3.000000
    endloop
  endfacet
  facet normal 0.000000 0.000000 1.000000
    outer loop
      vertex 11.450000 39.230000 3.000000
      vertex 9.200000 42.307755 3.000000
      vertex 8.789992 42.137924 3.000000
    endloop
  endfacet
  facet normal 0.000000 0.000000 1.000000
    outer loop
      vertex 11.450000 39.230000 3.000000
      vertex 9.552081 42.577919 3.000000
      vertex 9.200000 42.307755 3.000000
    endloop
  endfacet
  facet normal 0.000000 0.000000 1.000000
    outer loop
      vertex 11.450000 39.230000 3.000000
      vertex 9.822243 42.930000 3.000000
      vertex 9.552081 42.577919 3.000000
    endloop
  endfacet
  facet normal 0.000000 0.000000 1.000000
    outer loop
      vertex 11.450000 39.230000 3.000000
      vertex 9.992074 43.340008 3.000000
      vertex 9.822243 42.930000 3.000000
    endloop
  endfacet
  facet normal 0.000000 0.000000 1.000000
    outer loop
      vertex 11.450000 39.230000 3.000000
      vertex 10.050000 43.779999 3.000000
      vertex 9.992074 43.340008 3.000000
    endloop
  endfacet
  facet normal 0.000000 0.000000 1.000000
    outer loop
      vertex 11.450000 39.230000 3.000000
      vertex 9.992074 44.219994 3.000000
      vertex 10.050000 43.779999 3.000000
    endloop
  endfacet
  facet normal 0.000000 0.000000 1.000000
    outer loop
      vertex 11.450000 39.230000 3.000000
      vertex 11.450000 46.180000 3.000000
      vertex 9.992074 44.219994 3.000000
    endloop
  endfacet
  facet normal 0.000000 0.000000 -1.000000
    outer loop
      vertex 2.465288 43.779999 0.000000
      vertex 12.592641 48.022640 0.000000
      vertex 13.338818 47.113422 0.000000
    endloop
  endfacet
  facet normal 0.000000 0.000000 -1.000000
    outer loop
      vertex 13.338818 47.113422 0.000000
      vertex 8.350000 45.480000 0.000000
      vertex 7.910007 45.422073 0.000000
    endloop
  endfacet
  facet normal 0.000000 0.000000 -1.000000
    outer loop
      vertex 13.338818 47.113422 0.000000
      vertex 8.789992 45.422073 0.000000
      vertex 8.350000 45.480000 0.000000
    endloop
  endfacet
  facet normal 0.000000 0.000000 -1.000000
    outer loop
      vertex 2.465288 43.779999 0.000000
      vertex 11.683421 48.768818 0.000000
      vertex 12.592641 48.022640 0.000000
    endloop
  endfacet
  facet normal 0.098017 0.995185 0.000000
    outer loop
      vertex 8.350000 49.779999 0.000000
      vertex 9.520542 49.664711 3.000000
      vertex 9.520542 49.664711 0.000000
    endloop
  endfacet
  facet normal 0.290285 0.956940 0.000000
    outer loop
      vertex 9.520542 49.664711 0.000000
      vertex 10.646101 49.323277 3.000000
      vertex 10.646101 49.323277 0.000000
    endloop
  endfacet
  facet normal 0.098017 0.995185 0.000000
    outer loop
      vertex 8.350000 49.779999 0.000000
      vertex 8.350000 49.779999 3.000000
      vertex 9.520542 49.664711 3.000000
    endloop
  endfacet
  facet normal 0.290285 0.956940 0.000000
    outer loop
      vertex 9.520542 49.664711 0.000000
      vertex 9.520542 49.664711 3.000000
      vertex 10.646101 49.323277 3.000000
    endloop
  endfacet
  facet normal 0.000000 0.000000 -1.000000
    outer loop
      vertex 14.234712 44.950542 0.000000
      vertex 10.050000 43.779999 0.000000
      vertex 9.992074 44.219994 0.000000
    endloop
  endfacet
  facet normal 0.000000 0.000000 -1.000000
    outer loop
      vertex 14.234712 44.950542 0.000000
      vertex 9.992074 44.219994 0.000000
      vertex 9.822243 44.630001 0.000000
    endloop
  endfacet
  facet normal 0.000000 0.000000 -1.000000
    outer loop
      vertex 13.893277 46.076099 0.000000
      vertex 9.552081 44.982082 0.000000
      vertex 9.200000 45.252243 0.000000
    endloop
  endfacet
  facet normal 0.000000 0.000000 -1.000000
    outer loop
      vertex 13.338818 47.113422 0.000000
      vertex 9.200000 45.252243 0.000000
      vertex 8.789992 45.422073 0.000000
    endloop
  endfacet
  facet normal 0.000000 0.000000 -1.000000
    outer loop
      vertex 13.893277 46.076099 0.000000
      vertex 9.822243 44.630001 0.000000
      vertex 9.552081 44.982082 0.000000
    endloop
  endfacet
  facet normal 0.000000 0.000000 -1.000000
    outer loop
      vertex 13.893277 46.076099 0.000000
      vertex 9.200000 45.252243 0.000000
      vertex 13.338818 47.113422 0.000000
    endloop
  endfacet
  facet normal 0.471396 0.881921 0.000000
    outer loop
      vertex 10.646101 49.323277 0.000000
      vertex 11.683421 48.768818 3.000000
      vertex 11.683421 48.768818 0.000000
    endloop
  endfacet
  facet normal 0.634393 0.773010 0.000000
    outer loop
      vertex 11.683421 48.768818 0.000000
      vertex 12.592641 48.022640 3.000000
      vertex 12.592641 48.022640 0.000000
    endloop
  endfacet
  facet normal 0.471396 0.881921 0.000000
    outer loop
      vertex 10.646101 49.323277 0.000000
      vertex 10.646101 49.323277 3.000000
      vertex 11.683421 48.768818 3.000000
    endloop
  endfacet
  facet normal 0.634393 0.773010 0.000000
    outer loop
      vertex 11.683421 48.768818 0.000000
      vertex 11.683421 48.768818 3.000000
      vertex 12.592641 48.022640 3.000000
    endloop
  endfacet
  facet normal 0.000000 0.000000 1.000000
    outer loop
      vertex 5.250000 46.180000 3.000000
      vertex 8.789992 45.422073 3.000000
      vertex 11.450000 46.180000 3.000000
    endloop
  endfacet
  facet normal 0.000000 0.000000 1.000000
    outer loop
      vertex 11.450000 46.180000 3.000000
      vertex 9.822243 44.630001 3.000000
      vertex 9.992074 44.219994 3.000000
    endloop
  endfacet
  facet normal 0.000000 0.000000 1.000000
    outer loop
      vertex 11.450000 46.180000 3.000000
      vertex 8.789992 45.422073 3.000000
      vertex 9.200000 45.252243 3.000000
    endloop
  endfacet
  facet normal 0.000000 0.000000 1.000000
    outer loop
      vertex 11.450000 46.180000 3.000000
      vertex 9.200000 45.252243 3.000000
      vertex 9.552081 44.982082 3.000000
    endloop
  endfacet
  facet normal 0.000000 0.000000 1.000000
    outer loop
      vertex 11.450000 46.180000 3.000000
      vertex 9.552081 44.982082 3.000000
      vertex 9.822243 44.630001 3.000000
    endloop
  endfacet
  facet normal 0.000000 0.000000 1.000000
    outer loop
      vertex 7.179458 49.664711 3.000000
      vertex 11.450000 46.180000 3.000000
      vertex 8.350000 49.779999 3.000000
    endloop
  endfacet
  facet normal 0.000000 0.000000 1.000000
    outer loop
      vertex 8.350000 49.779999 3.000000
      vertex 11.450000 46.180000 3.000000
      vertex 9.520542 49.664711 3.000000
    endloop
  endfacet
  facet normal 0.000000 0.000000 1.000000
    outer loop
      vertex 11.450000 46.180000 3.000000
      vertex 11.683421 48.768818 3.000000
      vertex 10.646101 49.323277 3.000000
    endloop
  endfacet
  facet normal 0.000000 0.000000 1.000000
    outer loop
      vertex 9.520542 49.664711 3.000000
      vertex 11.450000 46.180000 3.000000
      vertex 10.646101 49.323277 3.000000
    endloop
  endfacet
  facet normal 0.000000 0.000000 1.000000
    outer loop
      vertex 11.450000 46.180000 3.000000
      vertex 13.450000 46.180000 3.000000
      vertex 11.683421 48.768818 3.000000
    endloop
  endfacet
  facet normal 0.000000 0.000000 -1.000000
    outer loop
      vertex 14.350000 43.779999 0.000000
      vertex 10.050000 43.779999 0.000000
      vertex 14.234712 44.950542 0.000000
    endloop
  endfacet
  facet normal 0.000000 0.000000 -1.000000
    outer loop
      vertex 14.234712 44.950542 0.000000
      vertex 9.822243 44.630001 0.000000
      vertex 13.893277 46.076099 0.000000
    endloop
  endfacet
  facet normal 0.995185 0.098017 0.000000
    outer loop
      vertex 14.350000 43.779999 0.000000
      vertex 14.234712 44.950542 0.000000
      vertex 14.350000 43.779999 3.000000
    endloop
  endfacet
  facet normal 0.881922 0.471396 0.000000
    outer loop
      vertex 13.893277 46.076099 0.000000
      vertex 13.338818 47.113422 0.000000
      vertex 13.893277 46.076099 3.000000
    endloop
  endfacet
  facet normal 0.956940 0.290285 0.000000
    outer loop
      vertex 14.234712 44.950542 0.000000
      vertex 13.893277 46.076099 0.000000
      vertex 14.234712 44.950542 3.000000
    endloop
  endfacet
  facet normal 0.995185 0.098017 0.000000
    outer loop
      vertex 14.234712 44.950542 0.000000
      vertex 14.234712 44.950542 3.000000
      vertex 14.350000 43.779999 3.000000
    endloop
  endfacet
  facet normal 0.956940 0.290285 0.000000
    outer loop
      vertex 13.893277 46.076099 0.000000
      vertex 13.893277 46.076099 3.000000
      vertex 14.234712 44.950542 3.000000
    endloop
  endfacet
  facet normal 0.773010 0.634394 0.000000
    outer loop
      vertex 12.592641 48.022640 0.000000
      vertex 13.338818 47.113422 3.000000
      vertex 13.338818 47.113422 0.000000
    endloop
  endfacet
  facet normal 0.773010 0.634394 0.000000
    outer loop
      vertex 12.592641 48.022640 0.000000
      vertex 12.592641 48.022640 3.000000
      vertex 13.338818 47.113422 3.000000
    endloop
  endfacet
  facet normal 0.881922 0.471396 0.000000
    outer loop
      vertex 13.338818 47.113422 0.000000
      vertex 13.338818 47.113422 3.000000
      vertex 13.893277 46.076099 3.000000
    endloop
  endfacet
  facet normal 0.000000 0.000000 1.000000
    outer loop
      vertex 13.450000 43.779999 3.000000
      vertex 14.350000 43.779999 3.000000
      vertex 13.450000 46.180000 3.000000
    endloop
  endfacet
  facet normal 0.000000 0.000000 1.000000
    outer loop
      vertex 14.350000 43.779999 3.000000
      vertex 14.234712 44.950542 3.000000
      vertex 13.893277 46.076099 3.000000
    endloop
  endfacet
  facet normal 0.000000 0.000000 1.000000
    outer loop
      vertex 13.450000 46.180000 3.000000
      vertex 14.350000 43.779999 3.000000
      vertex 13.338818 47.113422 3.000000
    endloop
  endfacet
  facet normal 0.000000 0.000000 1.000000
    outer loop
      vertex 14.350000 43.779999 3.000000
      vertex 13.893277 46.076099 3.000000
      vertex 13.338818 47.113422 3.000000
    endloop
  endfacet
  facet normal 0.000000 0.000000 1.000000
    outer loop
      vertex 11.683421 48.768818 3.000000
      vertex 13.450000 46.180000 3.000000
      vertex 12.592641 48.022640 3.000000
    endloop
  endfacet
  facet normal 0.000000 0.000000 1.000000
    outer loop
      vertex 13.450000 46.180000 3.000000
      vertex 13.338818 47.113422 3.000000
      vertex 12.592641 48.022640 3.000000
    endloop
  endfacet
  facet normal -1.000000 0.000000 0.000000
    outer loop
      vertex 11.450000 37.779999 3.000000
      vertex 11.450000 38.779999 7.644744
      vertex 11.450000 39.230000 3.000000
    endloop
  endfacet
  facet normal -1.000000 0.000000 0.000000
    outer loop
      vertex 11.450000 39.230000 3.000000
      vertex 11.450000 38.779999 7.644744
      vertex 11.450000 46.180000 3.000000
    endloop
  endfacet
  facet normal -1.000000 0.000000 0.000000
    outer loop
      vertex 11.450000 37.779999 3.000000
      vertex 11.450000 37.779999 7.644744
      vertex 11.450000 38.779999 7.644744
    endloop
  endfacet
  facet normal 0.000000 -1.000000 0.000000
    outer loop
      vertex 11.450000 37.779999 3.000000
      vertex 12.000000 37.779999 7.644744
      vertex 11.450000 37.779999 7.644744
    endloop
  endfacet
  facet normal 0.000000 -1.000000 0.000000
    outer loop
      vertex 11.450000 37.779999 3.000000
      vertex 13.450000 37.779999 9.000000
      vertex 12.000000 37.779999 7.644744
    endloop
  endfacet
  facet normal -1.000000 0.000000 0.000000
    outer loop
      vertex 11.450000 46.180000 3.000000
      vertex 11.450000 38.779999 7.644744
      vertex 11.450000 38.779999 8.285715
    endloop
  endfacet
  facet normal 0.000000 0.581238 0.813733
    outer loop
      vertex 11.450000 46.180000 3.000000
      vertex 11.450000 38.779999 8.285715
      vertex 12.370065 38.779999 8.285715
    endloop
  endfacet
  facet normal 0.000001 0.581238 0.813733
    outer loop
      vertex 11.450000 46.180000 3.000000
      vertex 12.370065 38.779999 8.285715
      vertex 13.450000 37.779999 9.000000
    endloop
  endfacet
  facet normal 0.000000 -1.000000 0.000000
    outer loop
      vertex 11.450000 37.779999 3.000000
      vertex 13.450000 37.779999 3.000000
      vertex 13.450000 37.779999 9.000000
    endloop
  endfacet
  facet normal 1.000000 0.000000 0.000000
    outer loop
      vertex 13.450000 37.779999 3.000000
      vertex 13.450000 43.779999 3.000000
      vertex 13.450000 37.779999 9.000000
    endloop
  endfacet
  facet normal 0.000000 0.581238 0.813734
    outer loop
      vertex 11.450000 46.180000 3.000000
      vertex 13.450000 37.779999 9.000000
      vertex 13.450000 46.180000 3.000000
    endloop
  endfacet
  facet normal 1.000000 0.000000 0.000000
    outer loop
      vertex 13.450000 43.779999 3.000000
      vertex 13.450000 46.180000 3.000000
      vertex 13.450000 37.779999 9.000000
    endloop
  endfacet
  facet normal 0.000000 -1.000000 0.000000
    outer loop
      vertex 13.450000 37.779999 9.000000
      vertex 12.782457 37.779999 9.000000
      vertex 12.000000 37.779999 7.644744
    endloop
  endfacet
  facet normal 0.000000 0.581238 0.813734
    outer loop
      vertex 13.450000 37.779999 9.000000
      vertex 12.370065 38.779999 8.285715
      vertex 12.782457 37.779999 9.000000
    endloop
  endfacet
  facet normal -1.000000 0.000000 0.000000
    outer loop
      vertex 3.250000 37.779999 3.000000
      vertex 3.250000 37.779999 9.000000
      vertex 3.250000 43.330002 3.000000
    endloop
  endfacet
  facet normal 0.000000 -1.000000 0.000000
    outer loop
      vertex 3.250000 37.779999 3.000000
      vertex 5.250000 37.779999 9.000000
      vertex 3.250000 37.779999 9.000000
    endloop
  endfacet
  facet normal -1.000000 0.000000 0.000000
    outer loop
      vertex 3.250000 43.330002 3.000000
      vertex 3.250000 37.779999 9.000000
      vertex 3.250000 46.180000 3.000000
    endloop
  endfacet
  facet normal 0.000000 0.581238 0.813734
    outer loop
      vertex 3.250000 46.180000 3.000000
      vertex 3.250000 37.779999 9.000000
      vertex 5.250000 37.779999 9.000000
    endloop
  endfacet
  facet normal 0.000000 -1.000000 0.000000
    outer loop
      vertex 3.250000 37.779999 3.000000
      vertex 5.250000 37.779999 3.000000
      vertex 5.250000 37.779999 9.000000
    endloop
  endfacet
  facet normal 1.000000 0.000000 0.000000
    outer loop
      vertex 5.250000 37.779999 3.000000
      vertex 5.250000 42.330002 3.000000
      vertex 5.250000 37.779999 9.000000
    endloop
  endfacet
  facet normal 0.000000 0.581238 0.813734
    outer loop
      vertex 3.250000 46.180000 3.000000
      vertex 5.250000 37.779999 9.000000
      vertex 5.250000 46.180000 3.000000
    endloop
  endfacet
  facet normal 1.000000 0.000000 0.000000
    outer loop
      vertex 5.250000 42.330002 3.000000
      vertex 5.250000 46.180000 3.000000
      vertex 5.250000 37.779999 9.000000
    endloop
  endfacet
  facet normal -1.000000 0.000000 0.000000
    outer loop
      vertex 19.049999 37.779999 0.000000
      vertex 19.049999 37.779999 3.000000
      vertex 19.049999 43.779999 3.000000
    endloop
  endfacet
  facet normal 0.000000 0.000000 -1.000000
    outer loop
      vertex 19.049999 37.779999 0.000000
      vertex 19.049999 43.779999 0.000000
      vertex 19.165289 43.722355 0.000000
    endloop
  endfacet
  facet normal -1.000000 0.000000 0.000000
    outer loop
      vertex 19.049999 37.779999 0.000000
      vertex 19.049999 43.779999 3.000000
      vertex 19.049999 43.779999 0.000000
    endloop
  endfacet
  facet normal 0.000000 0.000000 1.000000
    outer loop
      vertex 19.049999 37.779999 3.000000
      vertex 19.950001 37.779999 3.000000
      vertex 19.950001 43.330002 3.000000
    endloop
  endfacet
  facet normal 0.000000 0.000000 1.000000
    outer loop
      vertex 19.049999 37.779999 3.000000
      vertex 19.950001 43.330002 3.000000
      vertex 19.049999 43.779999 3.000000
    endloop
  endfacet
  facet normal 0.000000 0.000000 -1.000000
    outer loop
      vertex 19.165289 43.779999 0.000000
      vertex 23.407927 43.340008 0.000000
      vertex 23.577757 42.930000 0.000000
    endloop
  endfacet
  facet normal 0.000000 0.000000 -1.000000
    outer loop
      vertex 19.165289 43.779999 0.000000
      vertex 23.577757 42.930000 0.000000
      vertex 23.847918 42.577919 0.000000
    endloop
  endfacet
  facet normal 0.000000 0.000000 -1.000000
    outer loop
      vertex 19.165289 43.779999 0.000000
      vertex 23.847918 42.577919 0.000000
      vertex 24.200001 42.307755 0.000000
    endloop
  endfacet
  facet normal 0.000000 0.000000 -1.000000
    outer loop
      vertex 19.165289 43.779999 0.000000
      vertex 24.200001 42.307755 0.000000
      vertex 24.610008 42.137924 0.000000
    endloop
  endfacet
  facet normal 0.000000 0.000000 -1.000000
    outer loop
      vertex 19.049999 37.779999 0.000000
      vertex 19.165289 43.722355 0.000000
      vertex 31.049999 37.779999 0.000000
    endloop
  endfacet
  facet normal 0.000000 0.000000 -1.000000
    outer loop
      vertex 19.165289 43.722355 0.000000
      vertex 19.165289 43.779999 0.000000
      vertex 31.049999 37.779999 0.000000
    endloop
  endfacet
  facet normal 0.000000 0.000000 -1.000000
    outer loop
      vertex 19.165289 43.779999 0.000000
      vertex 24.610008 42.137924 0.000000
      vertex 31.049999 37.779999 0.000000
    endloop
  endfacet
  facet normal 0.000000 0.000000 1.000000
    outer loop
      vertex 21.950001 37.779999 3.000000
      vertex 28.150000 39.230000 3.000000
      vertex 21.950001 42.330002 3.000000
    endloop
  endfacet
  facet normal 0.000000 0.000000 -1.000000
    outer loop
      vertex 19.165289 43.779999 0.000000
      vertex 23.350000 43.779999 0.000000
      vertex 23.407927 43.340008 0.000000
    endloop
  endfacet
  facet normal 0.000000 0.000000 -1.000000
    outer loop
      vertex 31.049999 37.779999 0.000000
      vertex 24.610008 42.137924 0.000000
      vertex 25.049999 42.080002 0.000000
    endloop
  endfacet
  facet normal 0.000000 0.000000 -1.000000
    outer loop
      vertex 31.049999 37.779999 0.000000
      vertex 25.049999 42.080002 0.000000
      vertex 25.489992 42.137924 0.000000
    endloop
  endfacet
  facet normal 0.000000 0.000000 -1.000000
    outer loop
      vertex 31.049999 37.779999 0.000000
      vertex 25.489992 42.137924 0.000000
      vertex 25.900000 42.307755 0.000000
    endloop
  endfacet
  facet normal 0.000000 0.000000 -1.000000
    outer loop
      vertex 31.049999 37.779999 0.000000
      vertex 25.900000 42.307755 0.000000
      vertex 26.252081 42.577919 0.000000
    endloop
  endfacet
  facet normal 0.000000 0.000000 -1.000000
    outer loop
      vertex 31.049999 37.779999 0.000000
      vertex 26.252081 42.577919 0.000000
      vertex 26.522243 42.930000 0.000000
    endloop
  endfacet
  facet normal 0.000000 0.000000 -1.000000
    outer loop
      vertex 31.049999 37.779999 0.000000
      vertex 26.522243 42.930000 0.000000
      vertex 26.692074 43.340008 0.000000
    endloop
  endfacet
  facet normal 0.000000 0.000000 1.000000
    outer loop
      vertex 21.950001 37.779999 3.000000
      vertex 28.150000 37.779999 3.000000
      vertex 28.150000 39.230000 3.000000
    endloop
  endfacet
  facet normal 0.000000 0.000000 -1.000000
    outer loop
      vertex 31.049999 43.779999 0.000000
      vertex 26.692074 43.340008 0.000000
      vertex 26.750000 43.779999 0.000000
    endloop
  endfacet
  facet normal 1.000000 0.000000 0.000000
    outer loop
      vertex 31.049999 37.779999 0.000000
      vertex 31.049999 43.779999 0.000000
      vertex 31.049999 37.779999 3.000000
    endloop
  endfacet
  facet normal 0.000000 0.000000 -1.000000
    outer loop
      vertex 31.049999 37.779999 0.000000
      vertex 26.692074 43.340008 0.000000
      vertex 31.049999 43.779999 0.000000
    endloop
  endfacet
  facet normal 1.000000 0.000000 0.000000
    outer loop
      vertex 31.049999 37.779999 3.000000
      vertex 31.049999 43.779999 0.000000
      vertex 31.049999 43.779999 3.000000
    endloop
  endfacet
  facet normal 0.000000 0.000000 1.000000
    outer loop
      vertex 30.150000 37.779999 3.000000
      vertex 31.049999 37.779999 3.000000
      vertex 31.049999 43.779999 3.000000
    endloop
  endfacet
  facet normal 0.000000 0.000000 1.000000
    outer loop
      vertex 30.150000 37.779999 3.000000
      vertex 31.049999 43.779999 3.000000
      vertex 30.150000 43.779999 3.000000
    endloop
  endfacet
  facet normal 0.000000 0.000000 -1.000000
    outer loop
      vertex 19.165289 43.722355 0.000000
      vertex 19.049999 43.779999 0.000000
      vertex 19.165289 43.779999 0.000000
    endloop
  endfacet
  facet normal 0.000000 0.000000 -1.000000
    outer loop
      vertex 19.049999 43.779999 0.000000
      vertex 19.165289 44.950542 0.000000
      vertex 19.165289 43.779999 0.000000
    endloop
  endfacet
  facet normal 0.000000 0.000000 -1.000000
    outer loop
      vertex 19.165289 43.779999 0.000000
      vertex 19.165289 44.950542 0.000000
      vertex 19.506723 46.076099 0.000000
    endloop
  endfacet
  facet normal -0.995185 0.098018 0.000000
    outer loop
      vertex 19.049999 43.779999 0.000000
      vertex 19.165289 44.950542 3.000000
      vertex 19.165289 44.950542 0.000000
    endloop
  endfacet
  facet normal 0.000000 0.000000 -1.000000
    outer loop
      vertex 19.165289 43.779999 0.000000
      vertex 19.506723 46.076099 0.000000
      vertex 20.061182 47.113422 0.000000
    endloop
  endfacet
  facet normal -0.956940 0.290285 0.000000
    outer loop
      vertex 19.165289 44.950542 0.000000
      vertex 19.506723 46.076099 3.000000
      vertex 19.506723 46.076099 0.000000
    endloop
  endfacet
  facet normal 0.000000 0.000000 -1.000000
    outer loop
      vertex 19.165289 43.779999 0.000000
      vertex 20.061182 47.113422 0.000000
      vertex 20.807360 48.022640 0.000000
    endloop
  endfacet
  facet normal -0.995185 0.098018 0.000000
    outer loop
      vertex 19.049999 43.779999 0.000000
      vertex 19.049999 43.779999 3.000000
      vertex 19.165289 44.950542 3.000000
    endloop
  endfacet
  facet normal -0.956940 0.290285 0.000000
    outer loop
      vertex 19.165289 44.950542 0.000000
      vertex 19.165289 44.950542 3.000000
      vertex 19.506723 46.076099 3.000000
    endloop
  endfacet
  facet normal -0.881922 0.471395 0.000000
    outer loop
      vertex 19.506723 46.076099 0.000000
      vertex 19.506723 46.076099 3.000000
      vertex 20.061182 47.113422 3.000000
    endloop
  endfacet
  facet normal 0.000000 0.000000 -1.000000
    outer loop
      vertex 19.165289 43.779999 0.000000
      vertex 20.807360 48.022640 0.000000
      vertex 21.716579 48.768818 0.000000
    endloop
  endfacet
  facet normal -0.881922 0.471395 0.000000
    outer loop
      vertex 19.506723 46.076099 0.000000
      vertex 20.061182 47.113422 3.000000
      vertex 20.061182 47.113422 0.000000
    endloop
  endfacet
  facet normal -0.773010 0.634394 0.000000
    outer loop
      vertex 20.061182 47.113422 0.000000
      vertex 20.807360 48.022640 3.000000
      vertex 20.807360 48.022640 0.000000
    endloop
  endfacet
  facet normal -0.773010 0.634394 0.000000
    outer loop
      vertex 20.061182 47.113422 0.000000
      vertex 20.061182 47.113422 3.000000
      vertex 20.807360 48.022640 3.000000
    endloop
  endfacet
  facet normal 0.000000 0.000000 1.000000
    outer loop
      vertex 19.049999 43.779999 3.000000
      vertex 19.950001 46.180000 3.000000
      vertex 19.165289 44.950542 3.000000
    endloop
  endfacet
  facet normal 0.000000 0.000000 1.000000
    outer loop
      vertex 19.950001 43.330002 3.000000
      vertex 19.950001 46.180000 3.000000
      vertex 19.049999 43.779999 3.000000
    endloop
  endfacet
  facet normal 0.000000 0.000000 1.000000
    outer loop
      vertex 19.165289 44.950542 3.000000
      vertex 19.950001 46.180000 3.000000
      vertex 19.506723 46.076099 3.000000
    endloop
  endfacet
  facet normal 0.000000 0.000000 1.000000
    outer loop
      vertex 19.506723 46.076099 3.000000
      vertex 19.950001 46.180000 3.000000
      vertex 20.061182 47.113422 3.000000
    endloop
  endfacet
  facet normal 0.000000 0.000000 1.000000
    outer loop
      vertex 19.950001 46.180000 3.000000
      vertex 21.950001 46.180000 3.000000
      vertex 20.061182 47.113422 3.000000
    endloop
  endfacet
  facet normal 0.000000 0.000000 1.000000
    outer loop
      vertex 21.950001 42.330002 3.000000
      vertex 23.407927 43.340008 3.000000
      vertex 23.350000 43.779999 3.000000
    endloop
  endfacet
  facet normal 0.000000 0.000000 1.000000
    outer loop
      vertex 21.950001 42.330002 3.000000
      vertex 23.847918 42.577919 3.000000
      vertex 23.577757 42.930000 3.000000
    endloop
  endfacet
  facet normal 0.000000 0.000000 1.000000
    outer loop
      vertex 21.950001 42.330002 3.000000
      vertex 23.577757 42.930000 3.000000
      vertex 23.407927 43.340008 3.000000
    endloop
  endfacet
  facet normal 0.000000 0.000000 1.000000
    outer loop
      vertex 21.950001 42.330002 3.000000
      vertex 28.150000 39.230000 3.000000
      vertex 23.847918 42.577919 3.000000
    endloop
  endfacet
  facet normal 0.000000 0.000000 -1.000000
    outer loop
      vertex 19.165289 43.779999 0.000000
      vertex 23.407927 44.219994 0.000000
      vertex 23.350000 43.779999 0.000000
    endloop
  endfacet
  facet normal 0.000000 0.000000 -1.000000
    outer loop
      vertex 19.165289 43.779999 0.000000
      vertex 23.577757 44.630001 0.000000
      vertex 23.407927 44.219994 0.000000
    endloop
  endfacet
  facet normal 0.000000 0.000000 -1.000000
    outer loop
      vertex 19.165289 43.779999 0.000000
      vertex 23.847918 44.982082 0.000000
      vertex 23.577757 44.630001 0.000000
    endloop
  endfacet
  facet normal 0.000000 0.000000 -1.000000
    outer loop
      vertex 19.165289 43.779999 0.000000
      vertex 24.200001 45.252243 0.000000
      vertex 23.847918 44.982082 0.000000
    endloop
  endfacet
  facet normal 0.000000 0.000000 -1.000000
    outer loop
      vertex 19.165289 43.779999 0.000000
      vertex 24.610008 45.422073 0.000000
      vertex 24.200001 45.252243 0.000000
    endloop
  endfacet
  facet normal 0.000000 0.000000 -1.000000
    outer loop
      vertex 19.165289 43.779999 0.000000
      vertex 21.716579 48.768818 0.000000
      vertex 22.753899 49.323277 0.000000
    endloop
  endfacet
  facet normal -0.634393 0.773010 0.000000
    outer loop
      vertex 20.807360 48.022640 0.000000
      vertex 21.716579 48.768818 3.000000
      vertex 21.716579 48.768818 0.000000
    endloop
  endfacet
  facet normal 0.000000 0.000000 -1.000000
    outer loop
      vertex 19.165289 43.779999 0.000000
      vertex 22.753899 49.323277 0.000000
      vertex 23.879457 49.664711 0.000000
    endloop
  endfacet
  facet normal 0.000000 0.000000 -1.000000
    outer loop
      vertex 19.165289 43.779999 0.000000
      vertex 23.879457 49.664711 0.000000
      vertex 25.049999 49.779999 0.000000
    endloop
  endfacet
  facet normal -0.471397 0.881921 0.000000
    outer loop
      vertex 21.716579 48.768818 0.000000
      vertex 22.753899 49.323277 3.000000
      vertex 22.753899 49.323277 0.000000
    endloop
  endfacet
  facet normal -0.634393 0.773010 0.000000
    outer loop
      vertex 20.807360 48.022640 0.000000
      vertex 20.807360 48.022640 3.000000
      vertex 21.716579 48.768818 3.000000
    endloop
  endfacet
  facet normal -0.471397 0.881921 0.000000
    outer loop
      vertex 21.716579 48.768818 0.000000
      vertex 21.716579 48.768818 3.000000
      vertex 22.753899 49.323277 3.000000
    endloop
  endfacet
  facet normal 0.000000 0.000000 -1.000000
    outer loop
      vertex 19.165289 43.779999 0.000000
      vertex 30.038818 47.113422 0.000000
      vertex 24.610008 45.422073 0.000000
    endloop
  endfacet
  facet normal 0.000000 0.000000 -1.000000
    outer loop
      vertex 19.165289 43.779999 0.000000
      vertex 25.049999 49.779999 0.000000
      vertex 26.220541 49.664711 0.000000
    endloop
  endfacet
  facet normal -0.290285 0.956940 0.000000
    outer loop
      vertex 22.753899 49.323277 0.000000
      vertex 23.879457 49.664711 3.000000
      vertex 23.879457 49.664711 0.000000
    endloop
  endfacet
  facet normal 0.000000 0.000000 -1.000000
    outer loop
      vertex 19.165289 43.779999 0.000000
      vertex 26.220541 49.664711 0.000000
      vertex 27.346100 49.323277 0.000000
    endloop
  endfacet
  facet normal 0.000000 0.000000 -1.000000
    outer loop
      vertex 19.165289 43.779999 0.000000
      vertex 27.346100 49.323277 0.000000
      vertex 28.383421 48.768818 0.000000
    endloop
  endfacet
  facet normal -0.098017 0.995185 0.000000
    outer loop
      vertex 23.879457 49.664711 0.000000
      vertex 25.049999 49.779999 3.000000
      vertex 25.049999 49.779999 0.000000
    endloop
  endfacet
  facet normal -0.290285 0.956940 0.000000
    outer loop
      vertex 22.753899 49.323277 0.000000
      vertex 22.753899 49.323277 3.000000
      vertex 23.879457 49.664711 3.000000
    endloop
  endfacet
  facet normal -0.098017 0.995185 0.000000
    outer loop
      vertex 23.879457 49.664711 0.000000
      vertex 23.879457 49.664711 3.000000
      vertex 25.049999 49.779999 3.000000
    endloop
  endfacet
  facet normal 0.000000 0.000000 1.000000
    outer loop
      vertex 21.950001 42.330002 3.000000
      vertex 23.350000 43.779999 3.000000
      vertex 21.950001 46.180000 3.000000
    endloop
  endfacet
  facet normal 0.000000 0.000000 1.000000
    outer loop
      vertex 21.950001 46.180000 3.000000
      vertex 23.350000 43.779999 3.000000
      vertex 23.407927 44.219994 3.000000
    endloop
  endfacet
  facet normal 0.000000 0.000000 1.000000
    outer loop
      vertex 20.061182 47.113422 3.000000
      vertex 21.950001 46.180000 3.000000
      vertex 20.807360 48.022640 3.000000
    endloop
  endfacet
  facet normal 0.000000 0.000000 1.000000
    outer loop
      vertex 21.950001 46.180000 3.000000
      vertex 23.407927 44.219994 3.000000
      vertex 23.577757 44.630001 3.000000
    endloop
  endfacet
  facet normal 0.000000 0.000000 1.000000
    outer loop
      vertex 21.950001 46.180000 3.000000
      vertex 23.577757 44.630001 3.000000
      vertex 23.847918 44.982082 3.000000
    endloop
  endfacet
  facet normal 0.000000 0.000000 1.000000
    outer loop
      vertex 21.950001 46.180000 3.000000
      vertex 23.847918 44.982082 3.000000
      vertex 24.200001 45.252243 3.000000
    endloop
  endfacet
  facet normal 0.000000 0.000000 1.000000
    outer loop
      vertex 21.950001 46.180000 3.000000
      vertex 24.200001 45.252243 3.000000
      vertex 24.610008 45.422073 3.000000
    endloop
  endfacet
  facet normal 0.000000 0.000000 1.000000
    outer loop
      vertex 21.950001 46.180000 3.000000
      vertex 24.610008 45.422073 3.000000
      vertex 25.049999 45.480000 3.000000
    endloop
  endfacet
  facet normal 0.000000 0.000000 1.000000
    outer loop
      vertex 21.950001 46.180000 3.000000
      vertex 25.049999 45.480000 3.000000
      vertex 25.489992 45.422073 3.000000
    endloop
  endfacet
  facet normal 0.000000 0.000000 1.000000
    outer loop
      vertex 20.807360 48.022640 3.000000
      vertex 21.950001 46.180000 3.000000
      vertex 28.150000 46.180000 3.000000
    endloop
  endfacet
  facet normal 0.000000 0.000000 1.000000
    outer loop
      vertex 20.807360 48.022640 3.000000
      vertex 28.150000 46.180000 3.000000
      vertex 21.716579 48.768818 3.000000
    endloop
  endfacet
  facet normal 0.000000 0.000000 1.000000
    outer loop
      vertex 21.716579 48.768818 3.000000
      vertex 28.150000 46.180000 3.000000
      vertex 22.753899 49.323277 3.000000
    endloop
  endfacet
  facet normal 0.000000 0.000000 1.000000
    outer loop
      vertex 22.753899 49.323277 3.000000
      vertex 28.150000 46.180000 3.000000
      vertex 23.879457 49.664711 3.000000
    endloop
  endfacet
  facet normal 0.000000 0.000000 1.000000
    outer loop
      vertex 28.150000 39.230000 3.000000
      vertex 24.200001 42.307755 3.000000
      vertex 23.847918 42.577919 3.000000
    endloop
  endfacet
  facet normal 0.000000 0.000000 1.000000
    outer loop
      vertex 28.150000 39.230000 3.000000
      vertex 25.049999 42.080002 3.000000
      vertex 24.610008 42.137924 3.000000
    endloop
  endfacet
  facet normal 0.000000 0.000000 1.000000
    outer loop
      vertex 28.150000 39.230000 3.000000
      vertex 24.610008 42.137924 3.000000
      vertex 24.200001 42.307755 3.000000
    endloop
  endfacet
  facet normal 0.000000 0.000000 1.000000
    outer loop
      vertex 28.150000 39.230000 3.000000
      vertex 25.489992 42.137924 3.000000
      vertex 25.049999 42.080002 3.000000
    endloop
  endfacet
  facet normal 0.000000 0.000000 1.000000
    outer loop
      vertex 28.150000 39.230000 3.000000
      vertex 25.900000 42.307755 3.000000
      vertex 25.489992 42.137924 3.000000
    endloop
  endfacet
  facet normal 0.000000 0.000000 1.000000
    outer loop
      vertex 28.150000 39.230000 3.000000
      vertex 26.252081 42.577919 3.000000
      vertex 25.900000 42.307755 3.000000
    endloop
  endfacet
  facet normal 0.000000 0.000000 1.000000
    outer loop
      vertex 28.150000 39.230000 3.000000
      vertex 26.522243 42.930000 3.000000
      vertex 26.252081 42.577919 3.000000
    endloop
  endfacet
  facet normal 0.000000 0.000000 1.000000
    outer loop
      vertex 28.150000 39.230000 3.000000
      vertex 26.692074 43.340008 3.000000
      vertex 26.522243 42.930000 3.000000
    endloop
  endfacet
  facet normal 0.000000 0.000000 1.000000
    outer loop
      vertex 28.150000 39.230000 3.000000
      vertex 26.750000 43.779999 3.000000
      vertex 26.692074 43.340008 3.000000
    endloop
  endfacet
  facet normal 0.000000 0.000000 1.000000
    outer loop
      vertex 28.150000 39.230000 3.000000
      vertex 26.692074 44.219994 3.000000
      vertex 26.750000 43.779999 3.000000
    endloop
  endfacet
  facet normal 0.000000 0.000000 1.000000
    outer loop
      vertex 28.150000 39.230000 3.000000
      vertex 28.150000 46.180000 3.000000
      vertex 26.692074 44.219994 3.000000
    endloop
  endfacet
  facet normal 0.000000 0.000000 -1.000000
    outer loop
      vertex 19.165289 43.779999 0.000000
      vertex 29.292641 48.022640 0.000000
      vertex 30.038818 47.113422 0.000000
    endloop
  endfacet
  facet normal 0.000000 0.000000 -1.000000
    outer loop
      vertex 30.038818 47.113422 0.000000
      vertex 25.049999 45.480000 0.000000
      vertex 24.610008 45.422073 0.000000
    endloop
  endfacet
  facet normal 0.000000 0.000000 -1.000000
    outer loop
      vertex 30.038818 47.113422 0.000000
      vertex 25.489992 45.422073 0.000000
      vertex 25.049999 45.480000 0.000000
    endloop
  endfacet
  facet normal 0.000000 0.000000 -1.000000
    outer loop
      vertex 19.165289 43.779999 0.000000
      vertex 28.383421 48.768818 0.000000
      vertex 29.292641 48.022640 0.000000
    endloop
  endfacet
  facet normal 0.098017 0.995185 0.000000
    outer loop
      vertex 25.049999 49.779999 0.000000
      vertex 26.220541 49.664711 3.000000
      vertex 26.220541 49.664711 0.000000
    endloop
  endfacet
  facet normal 0.290285 0.956940 0.000000
    outer loop
      vertex 26.220541 49.664711 0.000000
      vertex 27.346100 49.323277 3.000000
      vertex 27.346100 49.323277 0.000000
    endloop
  endfacet
  facet normal 0.098017 0.995185 0.000000
    outer loop
      vertex 25.049999 49.779999 0.000000
      vertex 25.049999 49.779999 3.000000
      vertex 26.220541 49.664711 3.000000
    endloop
  endfacet
  facet normal 0.290285 0.956940 0.000000
    outer loop
      vertex 26.220541 49.664711 0.000000
      vertex 26.220541 49.664711 3.000000
      vertex 27.346100 49.323277 3.000000
    endloop
  endfacet
  facet normal 0.000000 0.000000 -1.000000
    outer loop
      vertex 30.934711 44.950542 0.000000
      vertex 26.750000 43.779999 0.000000
      vertex 26.692074 44.219994 0.000000
    endloop
  endfacet
  facet normal 0.000000 0.000000 -1.000000
    outer loop
      vertex 30.934711 44.950542 0.000000
      vertex 26.692074 44.219994 0.000000
      vertex 26.522243 44.630001 0.000000
    endloop
  endfacet
  facet normal 0.000000 0.000000 -1.000000
    outer loop
      vertex 30.593277 46.076099 0.000000
      vertex 26.252081 44.982082 0.000000
      vertex 25.900000 45.252243 0.000000
    endloop
  endfacet
  facet normal 0.000000 0.000000 -1.000000
    outer loop
      vertex 30.038818 47.113422 0.000000
      vertex 25.900000 45.252243 0.000000
      vertex 25.489992 45.422073 0.000000
    endloop
  endfacet
  facet normal 0.000000 0.000000 -1.000000
    outer loop
      vertex 30.593277 46.076099 0.000000
      vertex 26.522243 44.630001 0.000000
      vertex 26.252081 44.982082 0.000000
    endloop
  endfacet
  facet normal 0.000000 0.000000 -1.000000
    outer loop
      vertex 30.593277 46.076099 0.000000
      vertex 25.900000 45.252243 0.000000
      vertex 30.038818 47.113422 0.000000
    endloop
  endfacet
  facet normal 0.471396 0.881922 0.000000
    outer loop
      vertex 27.346100 49.323277 0.000000
      vertex 28.383421 48.768818 3.000000
      vertex 28.383421 48.768818 0.000000
    endloop
  endfacet
  facet normal 0.634393 0.773010 0.000000
    outer loop
      vertex 28.383421 48.768818 0.000000
      vertex 29.292641 48.022640 3.000000
      vertex 29.292641 48.022640 0.000000
    endloop
  endfacet
  facet normal 0.471396 0.881922 0.000000
    outer loop
      vertex 27.346100 49.323277 0.000000
      vertex 27.346100 49.323277 3.000000
      vertex 28.383421 48.768818 3.000000
    endloop
  endfacet
  facet normal 0.634393 0.773010 0.000000
    outer loop
      vertex 28.383421 48.768818 0.000000
      vertex 28.383421 48.768818 3.000000
      vertex 29.292641 48.022640 3.000000
    endloop
  endfacet
  facet normal 0.000000 0.000000 1.000000
    outer loop
      vertex 21.950001 46.180000 3.000000
      vertex 25.489992 45.422073 3.000000
      vertex 28.150000 46.180000 3.000000
    endloop
  endfacet
  facet normal 0.000000 0.000000 1.000000
    outer loop
      vertex 28.150000 46.180000 3.000000
      vertex 26.522243 44.630001 3.000000
      vertex 26.692074 44.219994 3.000000
    endloop
  endfacet
  facet normal 0.000000 0.000000 1.000000
    outer loop
      vertex 28.150000 46.180000 3.000000
      vertex 25.489992 45.422073 3.000000
      vertex 25.900000 45.252243 3.000000
    endloop
  endfacet
  facet normal 0.000000 0.000000 1.000000
    outer loop
      vertex 28.150000 46.180000 3.000000
      vertex 25.900000 45.252243 3.000000
      vertex 26.252081 44.982082 3.000000
    endloop
  endfacet
  facet normal 0.000000 0.000000 1.000000
    outer loop
      vertex 28.150000 46.180000 3.000000
      vertex 26.252081 44.982082 3.000000
      vertex 26.522243 44.630001 3.000000
    endloop
  endfacet
  facet normal 0.000000 0.000000 1.000000
    outer loop
      vertex 23.879457 49.664711 3.000000
      vertex 28.150000 46.180000 3.000000
      vertex 25.049999 49.779999 3.000000
    endloop
  endfacet
  facet normal 0.000000 0.000000 1.000000
    outer loop
      vertex 25.049999 49.779999 3.000000
      vertex 28.150000 46.180000 3.000000
      vertex 26.220541 49.664711 3.000000
    endloop
  endfacet
  facet normal 0.000000 0.000000 1.000000
    outer loop
      vertex 28.150000 46.180000 3.000000
      vertex 28.383421 48.768818 3.000000
      vertex 27.346100 49.323277 3.000000
    endloop
  endfacet
  facet normal 0.000000 0.000000 1.000000
    outer loop
      vertex 26.220541 49.664711 3.000000
      vertex 28.150000 46.180000 3.000000
      vertex 27.346100 49.323277 3.000000
    endloop
  endfacet
  facet normal 0.000000 0.000000 1.000000
    outer loop
      vertex 28.150000 46.180000 3.000000
      vertex 30.150000 46.180000 3.000000
      vertex 28.383421 48.768818 3.000000
    endloop
  endfacet
  facet normal 0.000000 0.000000 -1.000000
    outer loop
      vertex 31.049999 43.779999 0.000000
      vertex 26.750000 43.779999 0.000000
      vertex 30.934711 44.950542 0.000000
    endloop
  endfacet
  facet normal 0.000000 0.000000 -1.000000
    outer loop
      vertex 30.934711 44.950542 0.000000
      vertex 26.522243 44.630001 0.000000
      vertex 30.593277 46.076099 0.000000
    endloop
  endfacet
  facet normal 0.995185 0.098017 0.000000
    outer loop
      vertex 31.049999 43.779999 0.000000
      vertex 30.934711 44.950542 0.000000
      vertex 31.049999 43.779999 3.000000
    endloop
  endfacet
  facet normal 0.881922 0.471395 0.000000
    outer loop
      vertex 30.593277 46.076099 0.000000
      vertex 30.038818 47.113422 0.000000
      vertex 30.593277 46.076099 3.000000
    endloop
  endfacet
  facet normal 0.956940 0.290285 0.000000
    outer loop
      vertex 30.934711 44.950542 0.000000
      vertex 30.593277 46.076099 0.000000
      vertex 30.934711 44.950542 3.000000
    endloop
  endfacet
  facet normal 0.995185 0.098017 0.000000
    outer loop
      vertex 30.934711 44.950542 0.000000
      vertex 30.934711 44.950542 3.000000
      vertex 31.049999 43.779999 3.000000
    endloop
  endfacet
  facet normal 0.956940 0.290285 0.000000
    outer loop
      vertex 30.593277 46.076099 0.000000
      vertex 30.593277 46.076099 3.000000
      vertex 30.934711 44.950542 3.000000
    endloop
  endfacet
  facet normal 0.773010 0.634394 0.000000
    outer loop
      vertex 29.292641 48.022640 0.000000
      vertex 30.038818 47.113422 3.000000
      vertex 30.038818 47.113422 0.000000
    endloop
  endfacet
  facet normal 0.773010 0.634394 0.000000
    outer loop
      vertex 29.292641 48.022640 0.000000
      vertex 29.292641 48.022640 3.000000
      vertex 30.038818 47.113422 3.000000
    endloop
  endfacet
  facet normal 0.881922 0.471395 0.000000
    outer loop
      vertex 30.038818 47.113422 0.000000
      vertex 30.038818 47.113422 3.000000
      vertex 30.593277 46.076099 3.000000
    endloop
  endfacet
  facet normal 0.000000 0.000000 1.000000
    outer loop
      vertex 30.150000 43.779999 3.000000
      vertex 31.049999 43.779999 3.000000
      vertex 30.150000 46.180000 3.000000
    endloop
  endfacet
  facet normal 0.000000 0.000000 1.000000
    outer loop
      vertex 31.049999 43.779999 3.000000
      vertex 30.934711 44.950542 3.000000
      vertex 30.593277 46.076099 3.000000
    endloop
  endfacet
  facet normal 0.000000 0.000000 1.000000
    outer loop
      vertex 30.150000 46.180000 3.000000
      vertex 31.049999 43.779999 3.000000
      vertex 30.038818 47.113422 3.000000
    endloop
  endfacet
  facet normal 0.000000 0.000000 1.000000
    outer loop
      vertex 31.049999 43.779999 3.000000
      vertex 30.593277 46.076099 3.000000
      vertex 30.038818 47.113422 3.000000
    endloop
  endfacet
  facet normal 0.000000 0.000000 1.000000
    outer loop
      vertex 28.383421 48.768818 3.000000
      vertex 30.150000 46.180000 3.000000
      vertex 29.292641 48.022640 3.000000
    endloop
  endfacet
  facet normal 0.000000 0.000000 1.000000
    outer loop
      vertex 30.150000 46.180000 3.000000
      vertex 30.038818 47.113422 3.000000
      vertex 29.292641 48.022640 3.000000
    endloop
  endfacet
  facet normal -1.000000 0.000000 0.000000
    outer loop
      vertex 28.150000 37.779999 3.000000
      vertex 28.150000 37.779999 9.000000
      vertex 28.150000 39.230000 3.000000
    endloop
  endfacet
  facet normal 0.000000 -1.000000 0.000000
    outer loop
      vertex 28.150000 37.779999 3.000000
      vertex 30.150000 37.779999 9.000000
      vertex 28.150000 37.779999 9.000000
    endloop
  endfacet
  facet normal -1.000000 0.000000 0.000000
    outer loop
      vertex 28.150000 39.230000 3.000000
      vertex 28.150000 37.779999 9.000000
      vertex 28.150000 46.180000 3.000000
    endloop
  endfacet
  facet normal 0.000000 0.581238 0.813734
    outer loop
      vertex 28.150000 46.180000 3.000000
      vertex 28.150000 37.779999 9.000000
      vertex 30.150000 37.779999 9.000000
    endloop
  endfacet
  facet normal 0.000000 -1.000000 0.000000
    outer loop
      vertex 28.150000 37.779999 3.000000
      vertex 30.150000 37.779999 3.000000
      vertex 30.150000 37.779999 9.000000
    endloop
  endfacet
  facet normal 1.000000 0.000000 0.000000
    outer loop
      vertex 30.150000 37.779999 3.000000
      vertex 30.150000 43.779999 3.000000
      vertex 30.150000 37.779999 9.000000
    endloop
  endfacet
  facet normal 0.000000 0.581238 0.813734
    outer loop
      vertex 28.150000 46.180000 3.000000
      vertex 30.150000 37.779999 9.000000
      vertex 30.150000 46.180000 3.000000
    endloop
  endfacet
  facet normal 1.000000 0.000000 0.000000
    outer loop
      vertex 30.150000 43.779999 3.000000
      vertex 30.150000 46.180000 3.000000
      vertex 30.150000 37.779999 9.000000
    endloop
  endfacet
  facet normal 0.000000 -1.000000 0.000000
    outer loop
      vertex 19.950001 37.779999 3.000000
      vertex 21.950001 37.779999 3.000000
      vertex 21.400000 37.779999 7.644744
    endloop
  endfacet
  facet normal 1.000000 0.000000 0.000000
    outer loop
      vertex 21.950001 37.779999 3.000000
      vertex 21.950001 42.330002 3.000000
      vertex 21.950001 38.779999 7.644744
    endloop
  endfacet
  facet normal 1.000000 0.000000 0.000000
    outer loop
      vertex 21.950001 42.330002 3.000000
      vertex 21.950001 46.180000 3.000000
      vertex 21.950001 38.779999 8.285715
    endloop
  endfacet
  facet normal 0.000000 0.581238 0.813733
    outer loop
      vertex 19.950001 46.180000 3.000000
      vertex 21.950001 38.779999 8.285715
      vertex 21.950001 46.180000 3.000000
    endloop
  endfacet
  facet normal -1.000000 0.000000 0.000000
    outer loop
      vertex 19.950001 37.779999 3.000000
      vertex 19.950001 37.779999 9.000000
      vertex 19.950001 43.330002 3.000000
    endloop
  endfacet
  facet normal 0.000000 -1.000000 0.000000
    outer loop
      vertex 19.950001 37.779999 3.000000
      vertex 21.400000 37.779999 7.644744
      vertex 20.617542 37.779999 9.000000
    endloop
  endfacet
  facet normal 0.000000 -1.000000 0.000000
    outer loop
      vertex 19.950001 37.779999 3.000000
      vertex 20.617542 37.779999 9.000000
      vertex 19.950001 37.779999 9.000000
    endloop
  endfacet
  facet normal -1.000000 0.000000 0.000000
    outer loop
      vertex 19.950001 43.330002 3.000000
      vertex 19.950001 37.779999 9.000000
      vertex 19.950001 46.180000 3.000000
    endloop
  endfacet
  facet normal -0.000001 0.581238 0.813734
    outer loop
      vertex 19.950001 46.180000 3.000000
      vertex 19.950001 37.779999 9.000000
      vertex 21.029936 38.779999 8.285715
    endloop
  endfacet
  facet normal 0.000000 0.581238 0.813734
    outer loop
      vertex 19.950001 37.779999 9.000000
      vertex 20.617542 37.779999 9.000000
      vertex 21.029936 38.779999 8.285715
    endloop
  endfacet
  facet normal 0.000000 -1.000000 0.000000
    outer loop
      vertex 21.950001 37.779999 3.000000
      vertex 21.950001 37.779999 7.644744
      vertex 21.400000 37.779999 7.644744
    endloop
  endfacet
  facet normal 1.000000 0.000000 0.000000
    outer loop
      vertex 21.950001 37.779999 3.000000
      vertex 21.950001 38.779999 7.644744
      vertex 21.950001 37.779999 7.644744
    endloop
  endfacet
  facet normal 1.000000 0.000000 0.000000
    outer loop
      vertex 21.950001 42.330002 3.000000
      vertex 21.950001 38.779999 8.285715
      vertex 21.950001 38.779999 7.644744
    endloop
  endfacet
  facet normal 0.000000 0.581238 0.813733
    outer loop
      vertex 19.950001 46.180000 3.000000
      vertex 21.029936 38.779999 8.285715
      vertex 21.950001 38.779999 8.285715
    endloop
  endfacet
  facet normal 0.000000 0.000000 -1.000000
    outer loop
      vertex 2.350000 6.000000 0.000000
      vertex 2.350000 12.000000 0.000000
      vertex 6.707926 6.439992 0.000000
    endloop
  endfacet
  facet normal -1.000000 0.000000 0.000000
    outer loop
      vertex 2.350000 6.000000 0.000000
      vertex 2.350000 6.000000 3.000000
      vertex 2.350000 12.000000 3.000000
    endloop
  endfacet
  facet normal -1.000000 0.000000 0.000000
    outer loop
      vertex 2.350000 6.000000 0.000000
      vertex 2.350000 12.000000 3.000000
      vertex 2.350000 12.000000 0.000000
    endloop
  endfacet
  facet normal 0.000000 0.000000 1.000000
    outer loop
      vertex 2.350000 6.000000 3.000000
      vertex 4.359195 7.341381 3.000000
      vertex 2.350000 12.000000 3.000000
    endloop
  endfacet
  facet normal 0.000000 0.000000 1.000000
    outer loop
      vertex 2.350000 6.000000 3.000000
      vertex 3.250000 6.000000 3.000000
      vertex 4.359195 7.341381 3.000000
    endloop
  endfacet
  facet normal 0.000000 0.000000 1.000000
    outer loop
      vertex 3.250000 6.000000 3.000000
      vertex 4.107359 6.000000 3.000000
      vertex 4.359195 7.341381 3.000000
    endloop
  endfacet
  facet normal 0.000000 0.000000 0.000000
    outer loop
      vertex 2.350000 6.000000 3.000000
      vertex 4.359195 7.341381 3.000000
      vertex 4.359195 7.341381 3.000000
    endloop
  endfacet
  facet normal 0.000000 0.000000 1.000000
    outer loop
      vertex 3.250000 6.000000 3.000000
      vertex 4.359195 7.341381 3.000000
      vertex 3.250000 12.000000 3.000000
    endloop
  endfacet
  facet normal 0.000000 0.000000 1.000000
    outer loop
      vertex 2.350000 12.000000 3.000000
      vertex 4.359195 7.341381 3.000000
      vertex 3.371622 11.489189 3.000000
    endloop
  endfacet
  facet normal 0.000000 0.000000 1.000000
    outer loop
      vertex 2.350000 12.000000 3.000000
      vertex 3.371622 11.489189 3.000000
      vertex 5.250000 10.718945 3.000000
    endloop
  endfacet
  facet normal 0.000000 0.000000 -1.000000
    outer loop
      vertex 2.350000 6.000000 0.000000
      vertex 6.707926 6.439992 0.000000
      vertex 6.650000 6.000000 0.000000
    endloop
  endfacet
  facet normal 0.000000 0.000000 -1.000000
    outer loop
      vertex 2.350000 12.000000 0.000000
      vertex 6.877757 6.850000 0.000000
      vertex 6.707926 6.439992 0.000000
    endloop
  endfacet
  facet normal 0.000000 0.000000 -1.000000
    outer loop
      vertex 2.350000 12.000000 0.000000
      vertex 7.147919 7.202082 0.000000
      vertex 6.877757 6.850000 0.000000
    endloop
  endfacet
  facet normal 0.000000 0.000000 -1.000000
    outer loop
      vertex 2.350000 12.000000 0.000000
      vertex 7.500000 7.472243 0.000000
      vertex 7.147919 7.202082 0.000000
    endloop
  endfacet
  facet normal 0.000000 0.000000 -1.000000
    outer loop
      vertex 2.350000 12.000000 0.000000
      vertex 7.910007 7.642074 0.000000
      vertex 7.500000 7.472243 0.000000
    endloop
  endfacet
  facet normal 0.000000 0.000000 -1.000000
    outer loop
      vertex 2.350000 12.000000 0.000000
      vertex 8.350000 7.700000 0.000000
      vertex 7.910007 7.642074 0.000000
    endloop
  endfacet
  facet normal 0.000000 0.000000 -1.000000
    outer loop
      vertex 2.350000 12.000000 0.000000
      vertex 8.789992 7.642074 0.000000
      vertex 8.350000 7.700000 0.000000
    endloop
  endfacet
  facet normal 0.000000 0.000000 0.000000
    outer loop
      vertex 4.359195 7.341381 3.000000
      vertex 4.986343 10.681828 3.000000
      vertex 4.359195 7.341381 3.000000
    endloop
  endfacet
  facet normal 0.000000 0.000000 1.000000
    outer loop
      vertex 3.250000 12.000000 3.000000
      vertex 4.359195 7.341381 3.000000
      vertex 4.986343 10.681828 3.000000
    endloop
  endfacet
  facet normal 0.000000 0.000000 1.000000
    outer loop
      vertex 3.250000 12.000000 3.000000
      vertex 4.986343 10.681828 3.000000
      vertex 5.250000 12.000000 3.000000
    endloop
  endfacet
  facet normal 0.000000 0.000000 1.000000
    outer loop
      vertex 4.986343 10.681828 3.000000
      vertex 5.250000 10.550000 3.000000
      vertex 5.250000 12.000000 3.000000
    endloop
  endfacet
  facet normal 0.000000 0.000000 1.000000
    outer loop
      vertex 5.250000 10.550000 3.000000
      vertex 13.450000 6.450000 3.000000
      vertex 5.250000 10.718945 3.000000
    endloop
  endfacet
  facet normal 0.000000 0.000000 1.000000
    outer loop
      vertex 2.350000 12.000000 3.000000
      vertex 5.250000 10.718945 3.000000
      vertex 11.450000 12.000000 3.000000
    endloop
  endfacet
  facet normal 0.000000 0.000000 -1.000000
    outer loop
      vertex 14.234712 6.000000 0.000000
      vertex 10.050000 6.000000 0.000000
      vertex 9.992074 6.439992 0.000000
    endloop
  endfacet
  facet normal 0.000000 0.000000 -1.000000
    outer loop
      vertex 2.350000 12.000000 0.000000
      vertex 14.234712 6.000000 0.000000
      vertex 8.789992 7.642074 0.000000
    endloop
  endfacet
  facet normal 0.000000 0.000000 -1.000000
    outer loop
      vertex 2.350000 12.000000 0.000000
      vertex 14.234712 6.057644 0.000000
      vertex 14.234712 6.000000 0.000000
    endloop
  endfacet
  facet normal 0.000000 0.000000 -1.000000
    outer loop
      vertex 2.350000 12.000000 0.000000
      vertex 14.350000 12.000000 0.000000
      vertex 14.234712 6.057644 0.000000
    endloop
  endfacet
  facet normal 0.000000 0.000000 -1.000000
    outer loop
      vertex 14.234712 6.000000 0.000000
      vertex 9.200000 7.472243 0.000000
      vertex 8.789992 7.642074 0.000000
    endloop
  endfacet
  facet normal 0.000000 0.000000 -1.000000
    outer loop
      vertex 14.234712 6.000000 0.000000
      vertex 9.552081 7.202082 0.000000
      vertex 9.200000 7.472243 0.000000
    endloop
  endfacet
  facet normal 0.000000 0.000000 -1.000000
    outer loop
      vertex 14.234712 6.000000 0.000000
      vertex 9.822243 6.850000 0.000000
      vertex 9.552081 7.202082 0.000000
    endloop
  endfacet
  facet normal 0.000000 0.000000 -1.000000
    outer loop
      vertex 14.234712 6.000000 0.000000
      vertex 9.992074 6.439992 0.000000
      vertex 9.822243 6.850000 0.000000
    endloop
  endfacet
  facet normal 0.000000 0.000000 1.000000
    outer loop
      vertex 5.250000 10.718945 3.000000
      vertex 13.450000 6.450000 3.000000
      vertex 11.450000 12.000000 3.000000
    endloop
  endfacet
  facet normal 0.000000 0.000000 1.000000
    outer loop
      vertex 11.450000 7.450000 3.000000
      vertex 14.350000 12.000000 3.000000
      vertex 11.450000 12.000000 3.000000
    endloop
  endfacet
  facet normal 0.000000 0.000000 -1.000000
    outer loop
      vertex 14.350000 6.000000 0.000000
      vertex 14.234712 6.057644 0.000000
      vertex 14.350000 12.000000 0.000000
    endloop
  endfacet
  facet normal 1.000000 0.000000 0.000000
    outer loop
      vertex 14.350000 6.000000 0.000000
      vertex 14.350000 12.000000 0.000000
      vertex 14.350000 6.000000 3.000000
    endloop
  endfacet
  facet normal 1.000000 0.000000 0.000000
    outer loop
      vertex 14.350000 6.000000 3.000000
      vertex 14.350000 12.000000 0.000000
      vertex 14.350000 12.000000 3.000000
    endloop
  endfacet
  facet normal 0.000000 0.000000 1.000000
    outer loop
      vertex 11.450000 7.450000 3.000000
      vertex 14.350000 6.000000 3.000000
      vertex 14.350000 12.000000 3.000000
    endloop
  endfacet
  facet normal 0.000000 0.000000 1.000000
    outer loop
      vertex 11.450000 12.000000 3.000000
      vertex 13.450000 6.450000 3.000000
      vertex 13.450000 12.000000 3.000000
    endloop
  endfacet
  facet normal -0.773010 -0.634394 0.000000
    outer loop
      vertex 3.361182 2.666578 0.000000
      vertex 4.107359 1.757360 0.000000
      vertex 3.361182 2.666578 3.000000
    endloop
  endfacet
  facet normal -0.881921 -0.471397 0.000000
    outer loop
      vertex 3.361182 2.666578 0.000000
      vertex 3.361182 2.666578 3.000000
      vertex 2.806723 3.703899 3.000000
    endloop
  endfacet
  facet normal -0.773010 -0.634394 0.000000
    outer loop
      vertex 4.107359 1.757360 0.000000
      vertex 4.107359 1.757360 3.000000
      vertex 3.361182 2.666578 3.000000
    endloop
  endfacet
  facet normal -0.956940 -0.290285 0.000000
    outer loop
      vertex 2.806723 3.703899 0.000000
      vertex 2.465288 4.829458 3.000000
      vertex 2.465288 4.829458 0.000000
    endloop
  endfacet
  facet normal -0.881921 -0.471397 0.000000
    outer loop
      vertex 3.361182 2.666578 0.000000
      vertex 2.806723 3.703899 3.000000
      vertex 2.806723 3.703899 0.000000
    endloop
  endfacet
  facet normal -0.995185 -0.098017 0.000000
    outer loop
      vertex 2.465288 4.829458 0.000000
      vertex 2.350000 6.000000 3.000000
      vertex 2.350000 6.000000 0.000000
    endloop
  endfacet
  facet normal 0.000000 0.000000 -1.000000
    outer loop
      vertex 2.806723 3.703899 0.000000
      vertex 2.465288 4.829458 0.000000
      vertex 6.877757 5.150000 0.000000
    endloop
  endfacet
  facet normal 0.000000 0.000000 -1.000000
    outer loop
      vertex 2.465288 4.829458 0.000000
      vertex 2.350000 6.000000 0.000000
      vertex 6.650000 6.000000 0.000000
    endloop
  endfacet
  facet normal -0.956940 -0.290285 0.000000
    outer loop
      vertex 2.806723 3.703899 0.000000
      vertex 2.806723 3.703899 3.000000
      vertex 2.465288 4.829458 3.000000
    endloop
  endfacet
  facet normal -0.995185 -0.098017 0.000000
    outer loop
      vertex 2.465288 4.829458 0.000000
      vertex 2.465288 4.829458 3.000000
      vertex 2.350000 6.000000 3.000000
    endloop
  endfacet
  facet normal 0.000000 0.000000 1.000000
    outer loop
      vertex 3.361182 2.666578 3.000000
      vertex 4.107359 1.757360 3.000000
      vertex 4.107359 3.600000 3.000000
    endloop
  endfacet
  facet normal 0.000000 0.000000 1.000000
    outer loop
      vertex 4.107359 1.757360 3.000000
      vertex 4.288844 3.600000 3.000000
      vertex 4.107359 3.600000 3.000000
    endloop
  endfacet
  facet normal 0.000000 0.000000 1.000000
    outer loop
      vertex 3.361182 2.666578 3.000000
      vertex 2.350000 6.000000 3.000000
      vertex 2.806723 3.703899 3.000000
    endloop
  endfacet
  facet normal 0.000000 0.000000 1.000000
    outer loop
      vertex 3.361182 2.666578 3.000000
      vertex 3.570126 3.600000 3.000000
      vertex 2.350000 6.000000 3.000000
    endloop
  endfacet
  facet normal 0.000000 0.000000 1.000000
    outer loop
      vertex 2.806723 3.703899 3.000000
      vertex 2.350000 6.000000 3.000000
      vertex 2.465288 4.829458 3.000000
    endloop
  endfacet
  facet normal 0.000000 0.000000 1.000000
    outer loop
      vertex 2.350000 6.000000 3.000000
      vertex 3.570126 3.600000 3.000000
      vertex 3.250000 6.000000 3.000000
    endloop
  endfacet
  facet normal 0.000000 0.000000 1.000000
    outer loop
      vertex 3.250000 3.600000 3.000000
      vertex 4.288844 3.600000 3.000000
      vertex 3.250000 6.000000 3.000000
    endloop
  endfacet
  facet normal 0.000000 0.000000 1.000000
    outer loop
      vertex 3.361182 2.666578 3.000000
      vertex 4.107359 3.600000 3.000000
      vertex 3.570126 3.600000 3.000000
    endloop
  endfacet
  facet normal 0.000000 0.000000 1.000000
    outer loop
      vertex 3.250000 6.000000 3.000000
      vertex 4.288844 3.600000 3.000000
      vertex 4.107359 6.000000 3.000000
    endloop
  endfacet
  facet normal -0.634393 -0.773011 0.000000
    outer loop
      vertex 4.107359 1.757360 0.000000
      vertex 5.016579 1.011183 0.000000
      vertex 4.107359 1.757360 3.000000
    endloop
  endfacet
  facet normal -0.471397 -0.881921 0.000000
    outer loop
      vertex 5.016579 1.011183 0.000000
      vertex 6.053899 0.456723 0.000000
      vertex 5.016579 1.011183 3.000000
    endloop
  endfacet
  facet normal -0.634393 -0.773011 0.000000
    outer loop
      vertex 4.107359 1.757360 3.000000
      vertex 5.016579 1.011183 0.000000
      vertex 5.016579 1.011183 3.000000
    endloop
  endfacet
  facet normal -0.471397 -0.881921 0.000000
    outer loop
      vertex 6.053899 0.456723 0.000000
      vertex 6.053899 0.456723 3.000000
      vertex 5.016579 1.011183 3.000000
    endloop
  endfacet
  facet normal 0.000000 0.000000 -1.000000
    outer loop
      vertex 3.361182 2.666578 0.000000
      vertex 2.806723 3.703899 0.000000
      vertex 7.500000 4.527757 0.000000
    endloop
  endfacet
  facet normal 0.000000 0.000000 -1.000000
    outer loop
      vertex 2.806723 3.703899 0.000000
      vertex 6.877757 5.150000 0.000000
      vertex 7.147919 4.797918 0.000000
    endloop
  endfacet
  facet normal 0.000000 0.000000 -1.000000
    outer loop
      vertex 3.361182 2.666578 0.000000
      vertex 7.500000 4.527757 0.000000
      vertex 7.910007 4.357926 0.000000
    endloop
  endfacet
  facet normal 0.000000 0.000000 -1.000000
    outer loop
      vertex 2.806723 3.703899 0.000000
      vertex 7.147919 4.797918 0.000000
      vertex 7.500000 4.527757 0.000000
    endloop
  endfacet
  facet normal 0.000000 0.000000 -1.000000
    outer loop
      vertex 2.465288 4.829458 0.000000
      vertex 6.707926 5.560008 0.000000
      vertex 6.877757 5.150000 0.000000
    endloop
  endfacet
  facet normal 0.000000 0.000000 -1.000000
    outer loop
      vertex 2.465288 4.829458 0.000000
      vertex 6.650000 6.000000 0.000000
      vertex 6.707926 5.560008 0.000000
    endloop
  endfacet
  facet normal -0.290285 -0.956940 0.000000
    outer loop
      vertex 6.053899 0.456723 0.000000
      vertex 7.179458 0.115289 0.000000
      vertex 6.053899 0.456723 3.000000
    endloop
  endfacet
  facet normal -0.098017 -0.995185 0.000000
    outer loop
      vertex 7.179458 0.115289 0.000000
      vertex 8.350000 0.000000 0.000000
      vertex 7.179458 0.115289 3.000000
    endloop
  endfacet
  facet normal 0.000000 0.000000 -1.000000
    outer loop
      vertex 4.107359 1.757360 0.000000
      vertex 14.234712 6.000000 0.000000
      vertex 5.016579 1.011183 0.000000
    endloop
  endfacet
  facet normal -0.290285 -0.956940 0.000000
    outer loop
      vertex 7.179458 0.115289 0.000000
      vertex 7.179458 0.115289 3.000000
      vertex 6.053899 0.456723 3.000000
    endloop
  endfacet
  facet normal -0.098017 -0.995185 0.000000
    outer loop
      vertex 7.179458 0.115289 3.000000
      vertex 8.350000 0.000000 0.000000
      vertex 8.350000 0.000000 3.000000
    endloop
  endfacet
  facet normal 0.000000 0.000000 -1.000000
    outer loop
      vertex 3.361182 2.666578 0.000000
      vertex 7.910007 4.357926 0.000000
      vertex 8.350000 4.300000 0.000000
    endloop
  endfacet
  facet normal 0.000000 0.000000 -1.000000
    outer loop
      vertex 3.361182 2.666578 0.000000
      vertex 8.350000 4.300000 0.000000
      vertex 8.789992 4.357926 0.000000
    endloop
  endfacet
  facet normal 0.000000 0.000000 -1.000000
    outer loop
      vertex 3.361182 2.666578 0.000000
      vertex 14.234712 6.000000 0.000000
      vertex 4.107359 1.757360 0.000000
    endloop
  endfacet
  facet normal 0.000000 0.000000 1.000000
    outer loop
      vertex 4.107359 1.757360 3.000000
      vertex 5.016579 1.011183 3.000000
      vertex 5.005271 4.627863 3.000000
    endloop
  endfacet
  facet normal 0.000000 0.000000 1.000000
    outer loop
      vertex 5.016579 1.011183 3.000000
      vertex 6.053899 0.456723 3.000000
      vertex 5.005271 4.627863 3.000000
    endloop
  endfacet
  facet normal 0.000000 0.000000 1.000000
    outer loop
      vertex 6.053899 0.456723 3.000000
      vertex 7.179458 0.115289 3.000000
      vertex 5.250000 8.156507 3.000000
    endloop
  endfacet
  facet normal 0.000000 0.000000 1.000000
    outer loop
      vertex 4.107359 1.757360 3.000000
      vertex 5.005271 4.627863 3.000000
      vertex 4.288844 3.600000 3.000000
    endloop
  endfacet
  facet normal 0.000000 0.000000 1.000000
    outer loop
      vertex 4.288844 3.600000 3.000000
      vertex 5.005271 4.627863 3.000000
      vertex 4.359195 7.341381 3.000000
    endloop
  endfacet
  facet normal 0.000000 0.000000 1.000000
    outer loop
      vertex 4.107359 6.000000 3.000000
      vertex 4.288844 3.600000 3.000000
      vertex 4.359195 7.341381 3.000000
    endloop
  endfacet
  facet normal 0.000000 0.000000 1.000000
    outer loop
      vertex 4.107359 3.600000 3.000000
      vertex 4.288844 3.600000 3.000000
      vertex 4.986343 10.681828 3.000000
    endloop
  endfacet
  facet normal 0.000000 0.000000 1.000000
    outer loop
      vertex 4.288844 3.600000 3.000000
      vertex 5.250000 3.600000 3.000000
      vertex 4.986343 10.681828 3.000000
    endloop
  endfacet
  facet normal 0.000000 0.000000 1.000000
    outer loop
      vertex 6.053899 0.456723 3.000000
      vertex 5.250000 8.156507 3.000000
      vertex 5.005271 4.627863 3.000000
    endloop
  endfacet
  facet normal 0.000000 0.000000 1.000000
    outer loop
      vertex 7.179458 0.115289 3.000000
      vertex 8.350000 0.000000 3.000000
      vertex 5.250000 8.156507 3.000000
    endloop
  endfacet
  facet normal 0.000000 0.000000 1.000000
    outer loop
      vertex 5.250000 8.156507 3.000000
      vertex 8.350000 0.000000 3.000000
      vertex 9.520542 0.115289 3.000000
    endloop
  endfacet
  facet normal 0.000000 0.000000 1.000000
    outer loop
      vertex 9.520542 0.115289 3.000000
      vertex 7.910007 4.357926 3.000000
      vertex 7.500000 4.527757 3.000000
    endloop
  endfacet
  facet normal 0.000000 0.000000 1.000000
    outer loop
      vertex 5.250000 8.156507 3.000000
      vertex 9.520542 0.115289 3.000000
      vertex 6.877757 5.150000 3.000000
    endloop
  endfacet
  facet normal 0.000000 0.000000 1.000000
    outer loop
      vertex 9.520542 0.115289 3.000000
      vertex 7.147919 4.797918 3.000000
      vertex 6.877757 5.150000 3.000000
    endloop
  endfacet
  facet normal 0.000000 0.000000 1.000000
    outer loop
      vertex 9.520542 0.115289 3.000000
      vertex 7.500000 4.527757 3.000000
      vertex 7.147919 4.797918 3.000000
    endloop
  endfacet
  facet normal 0.000000 0.000000 1.000000
    outer loop
      vertex 4.107359 3.600000 3.000000
      vertex 4.986343 10.681828 3.000000
      vertex 4.359195 7.341381 3.000000
    endloop
  endfacet
  facet normal 0.000000 0.000000 1.000000
    outer loop
      vertex 5.250000 3.600000 3.000000
      vertex 5.250000 10.550000 3.000000
      vertex 4.986343 10.681828 3.000000
    endloop
  endfacet
  facet normal 0.000000 0.000000 1.000000
    outer loop
      vertex 5.250000 8.156507 3.000000
      vertex 6.707926 5.560008 3.000000
      vertex 6.650000 6.000000 3.000000
    endloop
  endfacet
  facet normal 0.000000 0.000000 1.000000
    outer loop
      vertex 5.250000 8.156507 3.000000
      vertex 6.650000 6.000000 3.000000
      vertex 6.707926 6.439992 3.000000
    endloop
  endfacet
  facet normal 0.000000 0.000000 1.000000
    outer loop
      vertex 5.250000 8.156507 3.000000
      vertex 7.910007 7.642074 3.000000
      vertex 5.250000 10.550000 3.000000
    endloop
  endfacet
  facet normal 0.000000 0.000000 1.000000
    outer loop
      vertex 5.250000 8.156507 3.000000
      vertex 6.877757 5.150000 3.000000
      vertex 6.707926 5.560008 3.000000
    endloop
  endfacet
  facet normal 0.000000 0.000000 1.000000
    outer loop
      vertex 5.250000 8.156507 3.000000
      vertex 6.707926 6.439992 3.000000
      vertex 6.877757 6.850000 3.000000
    endloop
  endfacet
  facet normal 0.000000 0.000000 1.000000
    outer loop
      vertex 5.250000 8.156507 3.000000
      vertex 6.877757 6.850000 3.000000
      vertex 7.147919 7.202082 3.000000
    endloop
  endfacet
  facet normal 0.000000 0.000000 1.000000
    outer loop
      vertex 5.250000 8.156507 3.000000
      vertex 7.147919 7.202082 3.000000
      vertex 7.500000 7.472243 3.000000
    endloop
  endfacet
  facet normal 0.000000 0.000000 1.000000
    outer loop
      vertex 5.250000 8.156507 3.000000
      vertex 7.500000 7.472243 3.000000
      vertex 7.910007 7.642074 3.000000
    endloop
  endfacet
  facet normal 0.000000 0.000000 1.000000
    outer loop
      vertex 5.250000 10.550000 3.000000
      vertex 7.910007 7.642074 3.000000
      vertex 8.350000 7.700000 3.000000
    endloop
  endfacet
  facet normal 0.000000 0.000000 1.000000
    outer loop
      vertex 5.250000 10.550000 3.000000
      vertex 8.789992 7.642074 3.000000
      vertex 9.200000 7.472243 3.000000
    endloop
  endfacet
  facet normal 0.000000 0.000000 1.000000
    outer loop
      vertex 5.250000 10.550000 3.000000
      vertex 8.350000 7.700000 3.000000
      vertex 8.789992 7.642074 3.000000
    endloop
  endfacet
  facet normal 0.000000 0.000000 1.000000
    outer loop
      vertex 5.250000 10.550000 3.000000
      vertex 9.200000 7.472243 3.000000
      vertex 9.552081 7.202082 3.000000
    endloop
  endfacet
  facet normal 0.098018 -0.995185 0.000000
    outer loop
      vertex 8.350000 0.000000 0.000000
      vertex 9.520542 0.115289 0.000000
      vertex 8.350000 0.000000 3.000000
    endloop
  endfacet
  facet normal 0.000000 0.000000 -1.000000
    outer loop
      vertex 5.016579 1.011183 0.000000
      vertex 14.234712 6.000000 0.000000
      vertex 6.053899 0.456723 0.000000
    endloop
  endfacet
  facet normal 0.000000 0.000000 -1.000000
    outer loop
      vertex 6.053899 0.456723 0.000000
      vertex 14.234712 6.000000 0.000000
      vertex 7.179458 0.115289 0.000000
    endloop
  endfacet
  facet normal 0.290285 -0.956940 0.000000
    outer loop
      vertex 9.520542 0.115289 0.000000
      vertex 10.646101 0.456723 0.000000
      vertex 9.520542 0.115289 3.000000
    endloop
  endfacet
  facet normal 0.000000 0.000000 -1.000000
    outer loop
      vertex 7.179458 0.115289 0.000000
      vertex 14.234712 6.000000 0.000000
      vertex 8.350000 0.000000 0.000000
    endloop
  endfacet
  facet normal 0.098018 -0.995185 0.000000
    outer loop
      vertex 9.520542 0.115289 0.000000
      vertex 9.520542 0.115289 3.000000
      vertex 8.350000 0.000000 3.000000
    endloop
  endfacet
  facet normal 0.290285 -0.956940 0.000000
    outer loop
      vertex 10.646101 0.456723 0.000000
      vertex 10.646101 0.456723 3.000000
      vertex 9.520542 0.115289 3.000000
    endloop
  endfacet
  facet normal 0.000000 0.000000 -1.000000
    outer loop
      vertex 3.361182 2.666578 0.000000
      vertex 8.789992 4.357926 0.000000
      vertex 14.234712 6.000000 0.000000
    endloop
  endfacet
  facet normal 0.471397 -0.881921 0.000000
    outer loop
      vertex 10.646101 0.456723 0.000000
      vertex 11.683421 1.011183 0.000000
      vertex 10.646101 0.456723 3.000000
    endloop
  endfacet
  facet normal 0.000000 0.000000 -1.000000
    outer loop
      vertex 8.350000 0.000000 0.000000
      vertex 14.234712 6.000000 0.000000
      vertex 9.520542 0.115289 0.000000
    endloop
  endfacet
  facet normal 0.000000 0.000000 -1.000000
    outer loop
      vertex 9.520542 0.115289 0.000000
      vertex 14.234712 6.000000 0.000000
      vertex 10.646101 0.456723 0.000000
    endloop
  endfacet
  facet normal 0.634393 -0.773011 0.000000
    outer loop
      vertex 11.683421 1.011183 0.000000
      vertex 12.592641 1.757360 0.000000
      vertex 11.683421 1.011183 3.000000
    endloop
  endfacet
  facet normal 0.000000 0.000000 -1.000000
    outer loop
      vertex 10.646101 0.456723 0.000000
      vertex 14.234712 6.000000 0.000000
      vertex 11.683421 1.011183 0.000000
    endloop
  endfacet
  facet normal 0.471397 -0.881921 0.000000
    outer loop
      vertex 11.683421 1.011183 0.000000
      vertex 11.683421 1.011183 3.000000
      vertex 10.646101 0.456723 3.000000
    endloop
  endfacet
  facet normal 0.634393 -0.773011 0.000000
    outer loop
      vertex 11.683421 1.011183 3.000000
      vertex 12.592641 1.757360 0.000000
      vertex 12.592641 1.757360 3.000000
    endloop
  endfacet
  facet normal 0.000000 0.000000 -1.000000
    outer loop
      vertex 14.234712 6.000000 0.000000
      vertex 8.789992 4.357926 0.000000
      vertex 9.200000 4.527757 0.000000
    endloop
  endfacet
  facet normal 0.000000 0.000000 -1.000000
    outer loop
      vertex 14.234712 6.000000 0.000000
      vertex 9.200000 4.527757 0.000000
      vertex 9.552081 4.797918 0.000000
    endloop
  endfacet
  facet normal 0.000000 0.000000 -1.000000
    outer loop
      vertex 14.234712 6.000000 0.000000
      vertex 9.552081 4.797918 0.000000
      vertex 9.822243 5.150000 0.000000
    endloop
  endfacet
  facet normal 0.000000 0.000000 -1.000000
    outer loop
      vertex 14.234712 6.000000 0.000000
      vertex 9.822243 5.150000 0.000000
      vertex 9.992074 5.560008 0.000000
    endloop
  endfacet
  facet normal 0.000000 0.000000 -1.000000
    outer loop
      vertex 14.234712 6.000000 0.000000
      vertex 9.992074 5.560008 0.000000
      vertex 10.050000 6.000000 0.000000
    endloop
  endfacet
  facet normal 0.000000 0.000000 1.000000
    outer loop
      vertex 9.520542 0.115289 3.000000
      vertex 10.646101 0.456723 3.000000
      vertex 7.910007 4.357926 3.000000
    endloop
  endfacet
  facet normal 0.000000 0.000000 1.000000
    outer loop
      vertex 10.646101 0.456723 3.000000
      vertex 8.350000 4.300000 3.000000
      vertex 7.910007 4.357926 3.000000
    endloop
  endfacet
  facet normal 0.000000 0.000000 1.000000
    outer loop
      vertex 10.646101 0.456723 3.000000
      vertex 11.683421 1.011183 3.000000
      vertex 8.350000 4.300000 3.000000
    endloop
  endfacet
  facet normal 0.000000 0.000000 1.000000
    outer loop
      vertex 11.683421 1.011183 3.000000
      vertex 8.789992 4.357926 3.000000
      vertex 8.350000 4.300000 3.000000
    endloop
  endfacet
  facet normal 0.000000 0.000000 1.000000
    outer loop
      vertex 11.683421 1.011183 3.000000
      vertex 9.200000 4.527757 3.000000
      vertex 8.789992 4.357926 3.000000
    endloop
  endfacet
  facet normal 0.000000 0.000000 1.000000
    outer loop
      vertex 11.450000 3.600000 3.000000
      vertex 9.552081 4.797918 3.000000
      vertex 9.200000 4.527757 3.000000
    endloop
  endfacet
  facet normal 0.000000 0.000000 1.000000
    outer loop
      vertex 11.450000 3.600000 3.000000
      vertex 9.822243 5.150000 3.000000
      vertex 9.552081 4.797918 3.000000
    endloop
  endfacet
  facet normal 0.000000 0.000000 1.000000
    outer loop
      vertex 11.683421 1.011183 3.000000
      vertex 12.592641 1.757360 3.000000
      vertex 9.200000 4.527757 3.000000
    endloop
  endfacet
  facet normal 0.000000 0.000000 1.000000
    outer loop
      vertex 11.450000 3.600000 3.000000
      vertex 12.592641 1.757360 3.000000
      vertex 13.338818 2.666578 3.000000
    endloop
  endfacet
  facet normal 0.000000 0.000000 1.000000
    outer loop
      vertex 11.450000 3.600000 3.000000
      vertex 9.200000 4.527757 3.000000
      vertex 12.592641 1.757360 3.000000
    endloop
  endfacet
  facet normal 0.000000 0.000000 1.000000
    outer loop
      vertex 13.450000 6.450000 3.000000
      vertex 9.992074 5.560008 3.000000
      vertex 9.822243 5.150000 3.000000
    endloop
  endfacet
  facet normal 0.000000 0.000000 1.000000
    outer loop
      vertex 13.450000 6.450000 3.000000
      vertex 10.050000 6.000000 3.000000
      vertex 9.992074 5.560008 3.000000
    endloop
  endfacet
  facet normal 0.000000 0.000000 1.000000
    outer loop
      vertex 11.450000 3.600000 3.000000
      vertex 13.338818 2.666578 3.000000
      vertex 11.450000 7.450000 3.000000
    endloop
  endfacet
  facet normal 0.000000 0.000000 1.000000
    outer loop
      vertex 11.450000 3.600000 3.000000
      vertex 13.450000 6.450000 3.000000
      vertex 9.822243 5.150000 3.000000
    endloop
  endfacet
  facet normal 0.000000 0.000000 1.000000
    outer loop
      vertex 5.250000 10.550000 3.000000
      vertex 9.552081 7.202082 3.000000
      vertex 13.450000 6.450000 3.000000
    endloop
  endfacet
  facet normal 0.000000 0.000000 1.000000
    outer loop
      vertex 13.450000 6.450000 3.000000
      vertex 9.552081 7.202082 3.000000
      vertex 9.822243 6.850000 3.000000
    endloop
  endfacet
  facet normal 0.000000 0.000000 1.000000
    outer loop
      vertex 13.450000 6.450000 3.000000
      vertex 9.822243 6.850000 3.000000
      vertex 9.992074 6.439992 3.000000
    endloop
  endfacet
  facet normal 0.000000 0.000000 1.000000
    outer loop
      vertex 13.450000 6.450000 3.000000
      vertex 9.992074 6.439992 3.000000
      vertex 10.050000 6.000000 3.000000
    endloop
  endfacet
  facet normal 0.000000 0.000000 -1.000000
    outer loop
      vertex 11.683421 1.011183 0.000000
      vertex 14.234712 6.000000 0.000000
      vertex 12.592641 1.757360 0.000000
    endloop
  endfacet
  facet normal 0.773010 -0.634393 0.000000
    outer loop
      vertex 12.592641 1.757360 0.000000
      vertex 13.338818 2.666578 0.000000
      vertex 12.592641 1.757360 3.000000
    endloop
  endfacet
  facet normal 0.881921 -0.471397 0.000000
    outer loop
      vertex 13.338818 2.666578 0.000000
      vertex 13.893277 3.703899 0.000000
      vertex 13.338818 2.666578 3.000000
    endloop
  endfacet
  facet normal 0.773010 -0.634393 0.000000
    outer loop
      vertex 13.338818 2.666578 0.000000
      vertex 13.338818 2.666578 3.000000
      vertex 12.592641 1.757360 3.000000
    endloop
  endfacet
  facet normal 0.000000 0.000000 -1.000000
    outer loop
      vertex 12.592641 1.757360 0.000000
      vertex 14.234712 6.000000 0.000000
      vertex 13.338818 2.666578 0.000000
    endloop
  endfacet
  facet normal 0.000000 0.000000 -1.000000
    outer loop
      vertex 13.338818 2.666578 0.000000
      vertex 14.234712 6.000000 0.000000
      vertex 13.893277 3.703899 0.000000
    endloop
  endfacet
  facet normal 0.956940 -0.290285 0.000000
    outer loop
      vertex 13.893277 3.703899 0.000000
      vertex 14.234712 4.829458 0.000000
      vertex 13.893277 3.703899 3.000000
    endloop
  endfacet
  facet normal 0.000000 0.000000 -1.000000
    outer loop
      vertex 13.893277 3.703899 0.000000
      vertex 14.234712 6.000000 0.000000
      vertex 14.234712 4.829458 0.000000
    endloop
  endfacet
  facet normal 0.000000 0.000000 -1.000000
    outer loop
      vertex 14.234712 4.829458 0.000000
      vertex 14.234712 6.000000 0.000000
      vertex 14.350000 6.000000 0.000000
    endloop
  endfacet
  facet normal 0.000000 0.000000 -1.000000
    outer loop
      vertex 14.234712 6.000000 0.000000
      vertex 14.234712 6.057644 0.000000
      vertex 14.350000 6.000000 0.000000
    endloop
  endfacet
  facet normal 0.995185 -0.098018 0.000000
    outer loop
      vertex 14.234712 4.829458 0.000000
      vertex 14.350000 6.000000 0.000000
      vertex 14.234712 4.829458 3.000000
    endloop
  endfacet
  facet normal 0.881921 -0.471397 0.000000
    outer loop
      vertex 13.893277 3.703899 0.000000
      vertex 13.893277 3.703899 3.000000
      vertex 13.338818 2.666578 3.000000
    endloop
  endfacet
  facet normal 0.956940 -0.290285 0.000000
    outer loop
      vertex 14.234712 4.829458 0.000000
      vertex 14.234712 4.829458 3.000000
      vertex 13.893277 3.703899 3.000000
    endloop
  endfacet
  facet normal 0.995185 -0.098018 0.000000
    outer loop
      vertex 14.350000 6.000000 0.000000
      vertex 14.350000 6.000000 3.000000
      vertex 14.234712 4.829458 3.000000
    endloop
  endfacet
  facet normal 0.000000 0.000000 1.000000
    outer loop
      vertex 11.450000 3.600000 3.000000
      vertex 13.450000 3.600000 3.000000
      vertex 13.450000 6.450000 3.000000
    endloop
  endfacet
  facet normal 0.000000 0.000000 1.000000
    outer loop
      vertex 11.450000 7.450000 3.000000
      vertex 13.338818 2.666578 3.000000
      vertex 13.893277 3.703899 3.000000
    endloop
  endfacet
  facet normal 0.000000 0.000000 1.000000
    outer loop
      vertex 11.450000 7.450000 3.000000
      vertex 13.893277 3.703899 3.000000
      vertex 14.234712 4.829458 3.000000
    endloop
  endfacet
  facet normal 0.000000 0.000000 1.000000
    outer loop
      vertex 11.450000 7.450000 3.000000
      vertex 14.234712 4.829458 3.000000
      vertex 14.350000 6.000000 3.000000
    endloop
  endfacet
  facet normal 1.000000 0.000000 0.000000
    outer loop
      vertex 11.450000 3.600000 3.000000
      vertex 11.450000 7.450000 3.000000
      vertex 11.450000 11.000000 8.285714
    endloop
  endfacet
  facet normal 1.000000 0.000000 0.000000
    outer loop
      vertex 11.450000 7.450000 3.000000
      vertex 11.450000 12.000000 3.000000
      vertex 11.450000 11.000000 7.644744
    endloop
  endfacet
  facet normal 0.000000 0.581238 -0.813733
    outer loop
      vertex 11.450000 3.600000 3.000000
      vertex 11.450000 11.000000 8.285714
      vertex 12.000000 11.000000 8.285714
    endloop
  endfacet
  facet normal 0.000000 0.581238 -0.813733
    outer loop
      vertex 11.450000 3.600000 3.000000
      vertex 12.000000 11.000000 8.285714
      vertex 12.370065 11.000000 8.285714
    endloop
  endfacet
  facet normal 0.000000 0.581238 -0.813733
    outer loop
      vertex 11.450000 3.600000 3.000000
      vertex 12.370065 11.000000 8.285714
      vertex 13.450000 12.000000 9.000000
    endloop
  endfacet
  facet normal 1.000000 0.000000 0.000000
    outer loop
      vertex 11.450000 7.450000 3.000000
      vertex 11.450000 11.000000 7.644744
      vertex 11.450000 11.000000 8.285714
    endloop
  endfacet
  facet normal 1.000000 0.000000 0.000000
    outer loop
      vertex 11.450000 12.000000 3.000000
      vertex 11.450000 12.000000 7.644744
      vertex 11.450000 11.000000 7.644744
    endloop
  endfacet
  facet normal 0.000000 0.581238 -0.813733
    outer loop
      vertex 11.450000 3.600000 3.000000
      vertex 13.450000 12.000000 9.000000
      vertex 13.450000 3.600000 3.000000
    endloop
  endfacet
  facet normal -1.000000 0.000000 0.000000
    outer loop
      vertex 13.450000 3.600000 3.000000
      vertex 13.450000 12.000000 9.000000
      vertex 13.450000 6.450000 3.000000
    endloop
  endfacet
  facet normal -1.000000 0.000000 0.000000
    outer loop
      vertex 13.450000 6.450000 3.000000
      vertex 13.450000 12.000000 9.000000
      vertex 13.450000 12.000000 3.000000
    endloop
  endfacet
  facet normal 0.000000 0.581238 -0.813733
    outer loop
      vertex 13.450000 12.000000 9.000000
      vertex 12.370065 11.000000 8.285714
      vertex 12.782457 12.000000 9.000000
    endloop
  endfacet
  facet normal 0.000000 0.000000 1.000000
    outer loop
      vertex 3.570126 3.600000 3.000000
      vertex 4.107359 3.600000 3.000000
      vertex 3.250000 6.000000 3.000000
    endloop
  endfacet
  facet normal 0.000000 0.000000 1.000000
    outer loop
      vertex 4.107359 3.600000 3.000000
      vertex 4.359195 7.341381 3.000000
      vertex 3.250000 6.000000 3.000000
    endloop
  endfacet
  facet normal 0.000000 0.000000 1.000000
    outer loop
      vertex 5.005271 4.627863 3.000000
      vertex 5.250000 8.156507 3.000000
      vertex 4.359195 7.341381 3.000000
    endloop
  endfacet
  facet normal 0.000000 0.000000 1.000000
    outer loop
      vertex 3.371622 11.489189 3.000000
      vertex 4.359195 7.341381 3.000000
      vertex 5.250000 8.156507 3.000000
    endloop
  endfacet
  facet normal 0.000000 0.000000 1.000000
    outer loop
      vertex 3.371622 11.489189 3.000000
      vertex 5.250000 8.156507 3.000000
      vertex 5.250000 10.550000 3.000000
    endloop
  endfacet
  facet normal 0.000000 0.000000 1.000000
    outer loop
      vertex 3.371622 11.489189 3.000000
      vertex 5.250000 10.550000 3.000000
      vertex 5.250000 10.718945 3.000000
    endloop
  endfacet
  facet normal 1.000000 0.000000 0.000000
    outer loop
      vertex 3.250000 3.600000 3.000000
      vertex 3.250000 6.000000 3.000000
      vertex 3.250000 12.000000 9.000000
    endloop
  endfacet
  facet normal 0.000000 0.581238 -0.813733
    outer loop
      vertex 3.250000 3.600000 3.000000
      vertex 3.250000 12.000000 9.000000
      vertex 5.250000 12.000000 9.000000
    endloop
  endfacet
  facet normal 1.000000 0.000000 0.000000
    outer loop
      vertex 3.250000 6.000000 3.000000
      vertex 3.250000 12.000000 3.000000
      vertex 3.250000 12.000000 9.000000
    endloop
  endfacet
  facet normal 0.000000 0.581238 -0.813733
    outer loop
      vertex 3.250000 3.600000 3.000000
      vertex 5.250000 12.000000 9.000000
      vertex 4.288844 3.600000 3.000000
    endloop
  endfacet
  facet normal 0.000000 0.581238 -0.813733
    outer loop
      vertex 4.288844 3.600000 3.000000
      vertex 5.250000 12.000000 9.000000
      vertex 5.250000 3.600000 3.000000
    endloop
  endfacet
  facet normal -1.000000 0.000000 0.000000
    outer loop
      vertex 5.250000 3.600000 3.000000
      vertex 5.250000 12.000000 9.000000
      vertex 5.250000 10.550000 3.000000
    endloop
  endfacet
  facet normal -1.000000 0.000000 0.000000
    outer loop
      vertex 5.250000 10.550000 3.000000
      vertex 5.250000 12.000000 9.000000
      vertex 5.250000 12.000000 3.000000
    endloop
  endfacet
  facet normal 0.000000 0.000000 -1.000000
    outer loop
      vertex 19.049999 6.000000 0.000000
      vertex 19.049999 12.000000 0.000000
      vertex 23.407927 6.439992 0.000000
    endloop
  endfacet
  facet normal -1.000000 0.000000 0.000000
    outer loop
      vertex 19.049999 6.000000 0.000000
      vertex 19.049999 6.000000 3.000000
      vertex 19.049999 12.000000 3.000000
    endloop
  endfacet
  facet normal -1.000000 0.000000 0.000000
    outer loop
      vertex 19.049999 6.000000 0.000000
      vertex 19.049999 12.000000 3.000000
      vertex 19.049999 12.000000 0.000000
    endloop
  endfacet
  facet normal 0.000000 0.000000 1.000000
    outer loop
      vertex 19.049999 6.000000 3.000000
      vertex 21.059195 7.341383 3.000000
      vertex 19.049999 12.000000 3.000000
    endloop
  endfacet
  facet normal 0.000000 0.000000 1.000000
    outer loop
      vertex 19.049999 6.000000 3.000000
      vertex 19.950001 6.000000 3.000000
      vertex 21.059195 7.341383 3.000000
    endloop
  endfacet
  facet normal 0.000000 0.000000 1.000000
    outer loop
      vertex 19.950001 6.000000 3.000000
      vertex 20.807360 6.000000 3.000000
      vertex 21.059195 7.341383 3.000000
    endloop
  endfacet
  facet normal 0.000000 0.000000 0.000000
    outer loop
      vertex 19.049999 6.000000 3.000000
      vertex 21.059195 7.341383 3.000000
      vertex 21.059195 7.341383 3.000000
    endloop
  endfacet
  facet normal 0.000000 0.000000 1.000000
    outer loop
      vertex 19.950001 6.000000 3.000000
      vertex 21.059195 7.341383 3.000000
      vertex 19.950001 12.000000 3.000000
    endloop
  endfacet
  facet normal 0.000000 0.000000 1.000000
    outer loop
      vertex 19.049999 12.000000 3.000000
      vertex 21.059195 7.341383 3.000000
      vertex 20.071623 11.489189 3.000000
    endloop
  endfacet
  facet normal 0.000000 0.000000 -1.000000
    outer loop
      vertex 19.049999 6.000000 0.000000
      vertex 23.407927 6.439992 0.000000
      vertex 23.350000 6.000000 0.000000
    endloop
  endfacet
  facet normal 0.000000 0.000000 -1.000000
    outer loop
      vertex 19.049999 12.000000 0.000000
      vertex 23.577757 6.850000 0.000000
      vertex 23.407927 6.439992 0.000000
    endloop
  endfacet
  facet normal 0.000000 0.000000 -1.000000
    outer loop
      vertex 19.049999 12.000000 0.000000
      vertex 23.847918 7.202082 0.000000
      vertex 23.577757 6.850000 0.000000
    endloop
  endfacet
  facet normal 0.000000 0.000000 -1.000000
    outer loop
      vertex 19.049999 12.000000 0.000000
      vertex 24.200001 7.472243 0.000000
      vertex 23.847918 7.202082 0.000000
    endloop
  endfacet
  facet normal 0.000000 0.000000 -1.000000
    outer loop
      vertex 19.049999 12.000000 0.000000
      vertex 24.610008 7.642074 0.000000
      vertex 24.200001 7.472243 0.000000
    endloop
  endfacet
  facet normal 0.000000 0.000000 -1.000000
    outer loop
      vertex 19.049999 12.000000 0.000000
      vertex 25.049999 7.700000 0.000000
      vertex 24.610008 7.642074 0.000000
    endloop
  endfacet
  facet normal 0.000000 0.000000 -1.000000
    outer loop
      vertex 19.049999 12.000000 0.000000
      vertex 25.489992 7.642074 0.000000
      vertex 25.049999 7.700000 0.000000
    endloop
  endfacet
  facet normal 0.000000 0.000000 0.000000
    outer loop
      vertex 21.059195 7.341383 3.000000
      vertex 21.686342 10.681828 3.000000
      vertex 21.059195 7.341383 3.000000
    endloop
  endfacet
  facet normal 0.000000 0.000000 1.000000
    outer loop
      vertex 19.950001 12.000000 3.000000
      vertex 21.059195 7.341383 3.000000
      vertex 21.686342 10.681828 3.000000
    endloop
  endfacet
  facet normal 0.000000 0.000000 1.000000
    outer loop
      vertex 19.950001 12.000000 3.000000
      vertex 21.686342 10.681828 3.000000
      vertex 21.950001 12.000000 3.000000
    endloop
  endfacet
  facet normal 0.000000 0.000000 1.000000
    outer loop
      vertex 21.686342 10.681828 3.000000
      vertex 21.950001 10.549999 3.000000
      vertex 21.950001 12.000000 3.000000
    endloop
  endfacet
  facet normal 0.000000 0.000000 1.000000
    outer loop
      vertex 19.049999 12.000000 3.000000
      vertex 20.071623 11.489189 3.000000
      vertex 28.150000 12.000000 3.000000
    endloop
  endfacet
  facet normal 0.000000 0.000000 1.000000
    outer loop
      vertex 21.950001 10.549999 3.000000
      vertex 30.150000 6.450000 3.000000
      vertex 21.950001 10.718946 3.000000
    endloop
  endfacet
  facet normal 0.000000 0.000000 1.000000
    outer loop
      vertex 20.071623 11.489189 3.000000
      vertex 21.950001 10.718946 3.000000
      vertex 28.150000 12.000000 3.000000
    endloop
  endfacet
  facet normal 0.000000 0.000000 -1.000000
    outer loop
      vertex 30.934711 6.000000 0.000000
      vertex 26.750000 6.000000 0.000000
      vertex 26.692074 6.439992 0.000000
    endloop
  endfacet
  facet normal 0.000000 0.000000 -1.000000
    outer loop
      vertex 19.049999 12.000000 0.000000
      vertex 30.934711 6.000000 0.000000
      vertex 25.489992 7.642074 0.000000
    endloop
  endfacet
  facet normal 0.000000 0.000000 -1.000000
    outer loop
      vertex 19.049999 12.000000 0.000000
      vertex 30.934711 6.057644 0.000000
      vertex 30.934711 6.000000 0.000000
    endloop
  endfacet
  facet normal 0.000000 0.000000 -1.000000
    outer loop
      vertex 19.049999 12.000000 0.000000
      vertex 31.049999 12.000000 0.000000
      vertex 30.934711 6.057644 0.000000
    endloop
  endfacet
  facet normal 0.000000 0.000000 -1.000000
    outer loop
      vertex 30.934711 6.000000 0.000000
      vertex 25.900000 7.472243 0.000000
      vertex 25.489992 7.642074 0.000000
    endloop
  endfacet
  facet normal 0.000000 0.000000 -1.000000
    outer loop
      vertex 30.934711 6.000000 0.000000
      vertex 26.252081 7.202082 0.000000
      vertex 25.900000 7.472243 0.000000
    endloop
  endfacet
  facet normal 0.000000 0.000000 -1.000000
    outer loop
      vertex 30.934711 6.000000 0.000000
      vertex 26.522243 6.850000 0.000000
      vertex 26.252081 7.202082 0.000000
    endloop
  endfacet
  facet normal 0.000000 0.000000 -1.000000
    outer loop
      vertex 30.934711 6.000000 0.000000
      vertex 26.692074 6.439992 0.000000
      vertex 26.522243 6.850000 0.000000
    endloop
  endfacet
  facet normal 0.000000 0.000000 1.000000
    outer loop
      vertex 21.950001 10.718946 3.000000
      vertex 30.150000 6.450000 3.000000
      vertex 28.150000 12.000000 3.000000
    endloop
  endfacet
  facet normal 0.000000 0.000000 1.000000
    outer loop
      vertex 28.150000 7.450000 3.000000
      vertex 31.049999 12.000000 3.000000
      vertex 28.150000 12.000000 3.000000
    endloop
  endfacet
  facet normal 0.000000 0.000000 -1.000000
    outer loop
      vertex 31.049999 6.000000 0.000000
      vertex 30.934711 6.057644 0.000000
      vertex 31.049999 12.000000 0.000000
    endloop
  endfacet
  facet normal 1.000000 0.000000 0.000000
    outer loop
      vertex 31.049999 6.000000 0.000000
      vertex 31.049999 12.000000 0.000000
      vertex 31.049999 6.000000 3.000000
    endloop
  endfacet
  facet normal 1.000000 0.000000 0.000000
    outer loop
      vertex 31.049999 6.000000 3.000000
      vertex 31.049999 12.000000 0.000000
      vertex 31.049999 12.000000 3.000000
    endloop
  endfacet
  facet normal 0.000000 0.000000 1.000000
    outer loop
      vertex 28.150000 7.450000 3.000000
      vertex 31.049999 6.000000 3.000000
      vertex 31.049999 12.000000 3.000000
    endloop
  endfacet
  facet normal 0.000000 0.000000 1.000000
    outer loop
      vertex 28.150000 12.000000 3.000000
      vertex 30.150000 6.450000 3.000000
      vertex 30.150000 12.000000 3.000000
    endloop
  endfacet
  facet normal -0.773010 -0.634394 0.000000
    outer loop
      vertex 20.061182 2.666578 0.000000
      vertex 20.807360 1.757360 0.000000
      vertex 20.061182 2.666578 3.000000
    endloop
  endfacet
  facet normal -0.881922 -0.471396 0.000000
    outer loop
      vertex 20.061182 2.666578 0.000000
      vertex 20.061182 2.666578 3.000000
      vertex 19.506723 3.703899 3.000000
    endloop
  endfacet
  facet normal -0.773010 -0.634394 0.000000
    outer loop
      vertex 20.807360 1.757360 0.000000
      vertex 20.807360 1.757360 3.000000
      vertex 20.061182 2.666578 3.000000
    endloop
  endfacet
  facet normal -0.956940 -0.290285 0.000000
    outer loop
      vertex 19.506723 3.703899 0.000000
      vertex 19.165289 4.829458 3.000000
      vertex 19.165289 4.829458 0.000000
    endloop
  endfacet
  facet normal -0.881922 -0.471396 0.000000
    outer loop
      vertex 20.061182 2.666578 0.000000
      vertex 19.506723 3.703899 3.000000
      vertex 19.506723 3.703899 0.000000
    endloop
  endfacet
  facet normal -0.995185 -0.098018 0.000000
    outer loop
      vertex 19.165289 4.829458 0.000000
      vertex 19.049999 6.000000 3.000000
      vertex 19.049999 6.000000 0.000000
    endloop
  endfacet
  facet normal 0.000000 0.000000 -1.000000
    outer loop
      vertex 19.506723 3.703899 0.000000
      vertex 19.165289 4.829458 0.000000
      vertex 23.577757 5.150000 0.000000
    endloop
  endfacet
  facet normal 0.000000 0.000000 -1.000000
    outer loop
      vertex 19.165289 4.829458 0.000000
      vertex 19.049999 6.000000 0.000000
      vertex 23.350000 6.000000 0.000000
    endloop
  endfacet
  facet normal -0.956940 -0.290285 0.000000
    outer loop
      vertex 19.506723 3.703899 0.000000
      vertex 19.506723 3.703899 3.000000
      vertex 19.165289 4.829458 3.000000
    endloop
  endfacet
  facet normal -0.995185 -0.098018 0.000000
    outer loop
      vertex 19.165289 4.829458 0.000000
      vertex 19.165289 4.829458 3.000000
      vertex 19.049999 6.000000 3.000000
    endloop
  endfacet
  facet normal 0.000000 0.000000 1.000000
    outer loop
      vertex 20.061182 2.666578 3.000000
      vertex 20.807360 1.757360 3.000000
      vertex 20.807360 3.600000 3.000000
    endloop
  endfacet
  facet normal 0.000000 0.000000 1.000000
    outer loop
      vertex 20.807360 1.757360 3.000000
      vertex 20.988844 3.600000 3.000000
      vertex 20.807360 3.600000 3.000000
    endloop
  endfacet
  facet normal 0.000000 0.000000 1.000000
    outer loop
      vertex 20.061182 2.666578 3.000000
      vertex 19.049999 6.000000 3.000000
      vertex 19.506723 3.703899 3.000000
    endloop
  endfacet
  facet normal 0.000000 0.000000 1.000000
    outer loop
      vertex 20.061182 2.666578 3.000000
      vertex 20.270126 3.600000 3.000000
      vertex 19.049999 6.000000 3.000000
    endloop
  endfacet
  facet normal 0.000000 0.000000 1.000000
    outer loop
      vertex 19.506723 3.703899 3.000000
      vertex 19.049999 6.000000 3.000000
      vertex 19.165289 4.829458 3.000000
    endloop
  endfacet
  facet normal 0.000000 0.000000 1.000000
    outer loop
      vertex 19.049999 6.000000 3.000000
      vertex 20.270126 3.600000 3.000000
      vertex 19.950001 6.000000 3.000000
    endloop
  endfacet
  facet normal 0.000000 0.000000 1.000000
    outer loop
      vertex 19.950001 3.600000 3.000000
      vertex 20.988844 3.600000 3.000000
      vertex 19.950001 6.000000 3.000000
    endloop
  endfacet
  facet normal 0.000000 0.000000 1.000000
    outer loop
      vertex 20.061182 2.666578 3.000000
      vertex 20.807360 3.600000 3.000000
      vertex 20.270126 3.600000 3.000000
    endloop
  endfacet
  facet normal 0.000000 0.000000 1.000000
    outer loop
      vertex 19.950001 6.000000 3.000000
      vertex 20.988844 3.600000 3.000000
      vertex 20.807360 6.000000 3.000000
    endloop
  endfacet
  facet normal -0.634393 -0.773011 0.000000
    outer loop
      vertex 20.807360 1.757360 0.000000
      vertex 21.716579 1.011183 0.000000
      vertex 20.807360 1.757360 3.000000
    endloop
  endfacet
  facet normal -0.471397 -0.881921 0.000000
    outer loop
      vertex 21.716579 1.011183 0.000000
      vertex 22.753899 0.456723 0.000000
      vertex 21.716579 1.011183 3.000000
    endloop
  endfacet
  facet normal -0.634393 -0.773011 0.000000
    outer loop
      vertex 20.807360 1.757360 3.000000
      vertex 21.716579 1.011183 0.000000
      vertex 21.716579 1.011183 3.000000
    endloop
  endfacet
  facet normal -0.471397 -0.881921 0.000000
    outer loop
      vertex 22.753899 0.456723 0.000000
      vertex 22.753899 0.456723 3.000000
      vertex 21.716579 1.011183 3.000000
    endloop
  endfacet
  facet normal 0.000000 0.000000 -1.000000
    outer loop
      vertex 20.061182 2.666578 0.000000
      vertex 19.506723 3.703899 0.000000
      vertex 24.200001 4.527757 0.000000
    endloop
  endfacet
  facet normal 0.000000 0.000000 -1.000000
    outer loop
      vertex 19.506723 3.703899 0.000000
      vertex 23.577757 5.150000 0.000000
      vertex 23.847918 4.797918 0.000000
    endloop
  endfacet
  facet normal 0.000000 0.000000 -1.000000
    outer loop
      vertex 20.061182 2.666578 0.000000
      vertex 24.200001 4.527757 0.000000
      vertex 24.610008 4.357926 0.000000
    endloop
  endfacet
  facet normal 0.000000 0.000000 -1.000000
    outer loop
      vertex 19.506723 3.703899 0.000000
      vertex 23.847918 4.797918 0.000000
      vertex 24.200001 4.527757 0.000000
    endloop
  endfacet
  facet normal 0.000000 0.000000 -1.000000
    outer loop
      vertex 19.165289 4.829458 0.000000
      vertex 23.407927 5.560008 0.000000
      vertex 23.577757 5.150000 0.000000
    endloop
  endfacet
  facet normal 0.000000 0.000000 -1.000000
    outer loop
      vertex 19.165289 4.829458 0.000000
      vertex 23.350000 6.000000 0.000000
      vertex 23.407927 5.560008 0.000000
    endloop
  endfacet
  facet normal -0.290285 -0.956940 0.000000
    outer loop
      vertex 22.753899 0.456723 0.000000
      vertex 23.879457 0.115289 0.000000
      vertex 22.753899 0.456723 3.000000
    endloop
  endfacet
  facet normal -0.098018 -0.995185 0.000000
    outer loop
      vertex 23.879457 0.115289 0.000000
      vertex 25.049999 0.000000 0.000000
      vertex 23.879457 0.115289 3.000000
    endloop
  endfacet
  facet normal 0.000000 0.000000 -1.000000
    outer loop
      vertex 20.807360 1.757360 0.000000
      vertex 30.934711 6.000000 0.000000
      vertex 21.716579 1.011183 0.000000
    endloop
  endfacet
  facet normal -0.290285 -0.956940 0.000000
    outer loop
      vertex 23.879457 0.115289 0.000000
      vertex 23.879457 0.115289 3.000000
      vertex 22.753899 0.456723 3.000000
    endloop
  endfacet
  facet normal -0.098018 -0.995185 0.000000
    outer loop
      vertex 23.879457 0.115289 3.000000
      vertex 25.049999 0.000000 0.000000
      vertex 25.049999 0.000000 3.000000
    endloop
  endfacet
  facet normal 0.000000 0.000000 -1.000000
    outer loop
      vertex 20.061182 2.666578 0.000000
      vertex 24.610008 4.357926 0.000000
      vertex 25.049999 4.300000 0.000000
    endloop
  endfacet
  facet normal 0.000000 0.000000 -1.000000
    outer loop
      vertex 20.061182 2.666578 0.000000
      vertex 25.049999 4.300000 0.000000
      vertex 25.489992 4.357926 0.000000
    endloop
  endfacet
  facet normal 0.000000 0.000000 -1.000000
    outer loop
      vertex 20.061182 2.666578 0.000000
      vertex 30.934711 6.000000 0.000000
      vertex 20.807360 1.757360 0.000000
    endloop
  endfacet
  facet normal 0.000000 0.000000 1.000000
    outer loop
      vertex 20.807360 1.757360 3.000000
      vertex 21.716579 1.011183 3.000000
      vertex 21.705271 4.627866 3.000000
    endloop
  endfacet
  facet normal 0.000000 0.000000 1.000000
    outer loop
      vertex 21.716579 1.011183 3.000000
      vertex 22.753899 0.456723 3.000000
      vertex 21.705271 4.627866 3.000000
    endloop
  endfacet
  facet normal 0.000000 0.000000 1.000000
    outer loop
      vertex 22.753899 0.456723 3.000000
      vertex 23.879457 0.115289 3.000000
      vertex 21.950001 8.156501 3.000000
    endloop
  endfacet
  facet normal 0.000000 0.000000 1.000000
    outer loop
      vertex 20.807360 1.757360 3.000000
      vertex 21.705271 4.627866 3.000000
      vertex 20.988844 3.600000 3.000000
    endloop
  endfacet
  facet normal 0.000000 0.000000 1.000000
    outer loop
      vertex 20.988844 3.600000 3.000000
      vertex 21.705271 4.627866 3.000000
      vertex 21.059195 7.341383 3.000000
    endloop
  endfacet
  facet normal 0.000000 0.000000 1.000000
    outer loop
      vertex 20.807360 6.000000 3.000000
      vertex 20.988844 3.600000 3.000000
      vertex 21.059195 7.341383 3.000000
    endloop
  endfacet
  facet normal 0.000000 0.000000 1.000000
    outer loop
      vertex 20.807360 3.600000 3.000000
      vertex 20.988844 3.600000 3.000000
      vertex 21.686342 10.681828 3.000000
    endloop
  endfacet
  facet normal 0.000000 0.000000 1.000000
    outer loop
      vertex 20.988844 3.600000 3.000000
      vertex 21.950001 3.600000 3.000000
      vertex 21.686342 10.681828 3.000000
    endloop
  endfacet
  facet normal 0.000000 0.000000 1.000000
    outer loop
      vertex 22.753899 0.456723 3.000000
      vertex 21.950001 8.156501 3.000000
      vertex 21.705271 4.627866 3.000000
    endloop
  endfacet
  facet normal 0.000000 0.000000 1.000000
    outer loop
      vertex 23.879457 0.115289 3.000000
      vertex 25.049999 0.000000 3.000000
      vertex 21.950001 8.156501 3.000000
    endloop
  endfacet
  facet normal 0.000000 0.000000 1.000000
    outer loop
      vertex 21.950001 8.156501 3.000000
      vertex 25.049999 0.000000 3.000000
      vertex 26.220541 0.115289 3.000000
    endloop
  endfacet
  facet normal 0.000000 0.000000 1.000000
    outer loop
      vertex 26.220541 0.115289 3.000000
      vertex 24.610008 4.357926 3.000000
      vertex 24.200001 4.527757 3.000000
    endloop
  endfacet
  facet normal 0.000000 0.000000 1.000000
    outer loop
      vertex 21.950001 8.156501 3.000000
      vertex 26.220541 0.115289 3.000000
      vertex 23.577757 5.150000 3.000000
    endloop
  endfacet
  facet normal 0.000000 0.000000 1.000000
    outer loop
      vertex 26.220541 0.115289 3.000000
      vertex 23.847918 4.797918 3.000000
      vertex 23.577757 5.150000 3.000000
    endloop
  endfacet
  facet normal 0.000000 0.000000 1.000000
    outer loop
      vertex 26.220541 0.115289 3.000000
      vertex 24.200001 4.527757 3.000000
      vertex 23.847918 4.797918 3.000000
    endloop
  endfacet
  facet normal 0.000000 0.000000 1.000000
    outer loop
      vertex 20.807360 3.600000 3.000000
      vertex 21.686342 10.681828 3.000000
      vertex 21.059195 7.341383 3.000000
    endloop
  endfacet
  facet normal 0.000000 0.000000 1.000000
    outer loop
      vertex 21.950001 3.600000 3.000000
      vertex 21.950001 10.549999 3.000000
      vertex 21.686342 10.681828 3.000000
    endloop
  endfacet
  facet normal 0.000000 0.000000 1.000000
    outer loop
      vertex 21.950001 8.156501 3.000000
      vertex 23.407927 5.560008 3.000000
      vertex 23.350000 6.000000 3.000000
    endloop
  endfacet
  facet normal 0.000000 0.000000 1.000000
    outer loop
      vertex 21.950001 8.156501 3.000000
      vertex 23.350000 6.000000 3.000000
      vertex 23.407927 6.439992 3.000000
    endloop
  endfacet
  facet normal 0.000000 0.000000 1.000000
    outer loop
      vertex 21.950001 8.156501 3.000000
      vertex 24.610008 7.642074 3.000000
      vertex 21.950001 10.549999 3.000000
    endloop
  endfacet
  facet normal 0.000000 0.000000 1.000000
    outer loop
      vertex 21.950001 8.156501 3.000000
      vertex 23.577757 5.150000 3.000000
      vertex 23.407927 5.560008 3.000000
    endloop
  endfacet
  facet normal 0.000000 0.000000 1.000000
    outer loop
      vertex 21.950001 8.156501 3.000000
      vertex 23.407927 6.439992 3.000000
      vertex 23.577757 6.850000 3.000000
    endloop
  endfacet
  facet normal 0.000000 0.000000 1.000000
    outer loop
      vertex 21.950001 8.156501 3.000000
      vertex 23.577757 6.850000 3.000000
      vertex 23.847918 7.202082 3.000000
    endloop
  endfacet
  facet normal 0.000000 0.000000 1.000000
    outer loop
      vertex 21.950001 8.156501 3.000000
      vertex 23.847918 7.202082 3.000000
      vertex 24.200001 7.472243 3.000000
    endloop
  endfacet
  facet normal 0.000000 0.000000 1.000000
    outer loop
      vertex 21.950001 8.156501 3.000000
      vertex 24.200001 7.472243 3.000000
      vertex 24.610008 7.642074 3.000000
    endloop
  endfacet
  facet normal 0.000000 0.000000 1.000000
    outer loop
      vertex 21.950001 10.549999 3.000000
      vertex 24.610008 7.642074 3.000000
      vertex 25.049999 7.700000 3.000000
    endloop
  endfacet
  facet normal 0.000000 0.000000 1.000000
    outer loop
      vertex 21.950001 10.549999 3.000000
      vertex 25.489992 7.642074 3.000000
      vertex 25.900000 7.472243 3.000000
    endloop
  endfacet
  facet normal 0.000000 0.000000 1.000000
    outer loop
      vertex 21.950001 10.549999 3.000000
      vertex 25.049999 7.700000 3.000000
      vertex 25.489992 7.642074 3.000000
    endloop
  endfacet
  facet normal 0.000000 0.000000 1.000000
    outer loop
      vertex 21.950001 10.549999 3.000000
      vertex 25.900000 7.472243 3.000000
      vertex 26.252081 7.202082 3.000000
    endloop
  endfacet
  facet normal 0.098018 -0.995185 0.000000
    outer loop
      vertex 25.049999 0.000000 0.000000
      vertex 26.220541 0.115289 0.000000
      vertex 25.049999 0.000000 3.000000
    endloop
  endfacet
  facet normal 0.000000 0.000000 -1.000000
    outer loop
      vertex 21.716579 1.011183 0.000000
      vertex 30.934711 6.000000 0.000000
      vertex 22.753899 0.456723 0.000000
    endloop
  endfacet
  facet normal 0.000000 0.000000 -1.000000
    outer loop
      vertex 22.753899 0.456723 0.000000
      vertex 30.934711 6.000000 0.000000
      vertex 23.879457 0.115289 0.000000
    endloop
  endfacet
  facet normal 0.290285 -0.956940 0.000000
    outer loop
      vertex 26.220541 0.115289 0.000000
      vertex 27.346100 0.456723 0.000000
      vertex 26.220541 0.115289 3.000000
    endloop
  endfacet
  facet normal 0.000000 0.000000 -1.000000
    outer loop
      vertex 23.879457 0.115289 0.000000
      vertex 30.934711 6.000000 0.000000
      vertex 25.049999 0.000000 0.000000
    endloop
  endfacet
  facet normal 0.098018 -0.995185 0.000000
    outer loop
      vertex 26.220541 0.115289 0.000000
      vertex 26.220541 0.115289 3.000000
      vertex 25.049999 0.000000 3.000000
    endloop
  endfacet
  facet normal 0.290285 -0.956940 0.000000
    outer loop
      vertex 27.346100 0.456723 0.000000
      vertex 27.346100 0.456723 3.000000
      vertex 26.220541 0.115289 3.000000
    endloop
  endfacet
  facet normal 0.000000 0.000000 -1.000000
    outer loop
      vertex 20.061182 2.666578 0.000000
      vertex 25.489992 4.357926 0.000000
      vertex 30.934711 6.000000 0.000000
    endloop
  endfacet
  facet normal 0.471397 -0.881921 0.000000
    outer loop
      vertex 27.346100 0.456723 0.000000
      vertex 28.383421 1.011183 0.000000
      vertex 27.346100 0.456723 3.000000
    endloop
  endfacet
  facet normal 0.000000 0.000000 -1.000000
    outer loop
      vertex 25.049999 0.000000 0.000000
      vertex 30.934711 6.000000 0.000000
      vertex 26.220541 0.115289 0.000000
    endloop
  endfacet
  facet normal 0.000000 0.000000 -1.000000
    outer loop
      vertex 26.220541 0.115289 0.000000
      vertex 30.934711 6.000000 0.000000
      vertex 27.346100 0.456723 0.000000
    endloop
  endfacet
  facet normal 0.634393 -0.773011 0.000000
    outer loop
      vertex 28.383421 1.011183 0.000000
      vertex 29.292641 1.757360 0.000000
      vertex 28.383421 1.011183 3.000000
    endloop
  endfacet
  facet normal 0.000000 0.000000 -1.000000
    outer loop
      vertex 27.346100 0.456723 0.000000
      vertex 30.934711 6.000000 0.000000
      vertex 28.383421 1.011183 0.000000
    endloop
  endfacet
  facet normal 0.471397 -0.881921 0.000000
    outer loop
      vertex 28.383421 1.011183 0.000000
      vertex 28.383421 1.011183 3.000000
      vertex 27.346100 0.456723 3.000000
    endloop
  endfacet
  facet normal 0.634393 -0.773011 0.000000
    outer loop
      vertex 28.383421 1.011183 3.000000
      vertex 29.292641 1.757360 0.000000
      vertex 29.292641 1.757360 3.000000
    endloop
  endfacet
  facet normal 0.000000 0.000000 -1.000000
    outer loop
      vertex 30.934711 6.000000 0.000000
      vertex 25.489992 4.357926 0.000000
      vertex 25.900000 4.527757 0.000000
    endloop
  endfacet
  facet normal 0.000000 0.000000 -1.000000
    outer loop
      vertex 30.934711 6.000000 0.000000
      vertex 25.900000 4.527757 0.000000
      vertex 26.252081 4.797918 0.000000
    endloop
  endfacet
  facet normal 0.000000 0.000000 -1.000000
    outer loop
      vertex 30.934711 6.000000 0.000000
      vertex 26.252081 4.797918 0.000000
      vertex 26.522243 5.150000 0.000000
    endloop
  endfacet
  facet normal 0.000000 0.000000 -1.000000
    outer loop
      vertex 30.934711 6.000000 0.000000
      vertex 26.522243 5.150000 0.000000
      vertex 26.692074 5.560008 0.000000
    endloop
  endfacet
  facet normal 0.000000 0.000000 -1.000000
    outer loop
      vertex 30.934711 6.000000 0.000000
      vertex 26.692074 5.560008 0.000000
      vertex 26.750000 6.000000 0.000000
    endloop
  endfacet
  facet normal 0.000000 0.000000 1.000000
    outer loop
      vertex 26.220541 0.115289 3.000000
      vertex 27.346100 0.456723 3.000000
      vertex 24.610008 4.357926 3.000000
    endloop
  endfacet
  facet normal 0.000000 0.000000 1.000000
    outer loop
      vertex 27.346100 0.456723 3.000000
      vertex 25.049999 4.300000 3.000000
      vertex 24.610008 4.357926 3.000000
    endloop
  endfacet
  facet normal 0.000000 0.000000 1.000000
    outer loop
      vertex 27.346100 0.456723 3.000000
      vertex 28.383421 1.011183 3.000000
      vertex 25.049999 4.300000 3.000000
    endloop
  endfacet
  facet normal 0.000000 0.000000 1.000000
    outer loop
      vertex 28.383421 1.011183 3.000000
      vertex 25.489992 4.357926 3.000000
      vertex 25.049999 4.300000 3.000000
    endloop
  endfacet
  facet normal 0.000000 0.000000 1.000000
    outer loop
      vertex 28.383421 1.011183 3.000000
      vertex 25.900000 4.527757 3.000000
      vertex 25.489992 4.357926 3.000000
    endloop
  endfacet
  facet normal 0.000000 0.000000 1.000000
    outer loop
      vertex 28.150000 3.600000 3.000000
      vertex 26.252081 4.797918 3.000000
      vertex 25.900000 4.527757 3.000000
    endloop
  endfacet
  facet normal 0.000000 0.000000 1.000000
    outer loop
      vertex 28.150000 3.600000 3.000000
      vertex 26.522243 5.150000 3.000000
      vertex 26.252081 4.797918 3.000000
    endloop
  endfacet
  facet normal 0.000000 0.000000 1.000000
    outer loop
      vertex 28.383421 1.011183 3.000000
      vertex 29.292641 1.757360 3.000000
      vertex 25.900000 4.527757 3.000000
    endloop
  endfacet
  facet normal 0.000000 0.000000 1.000000
    outer loop
      vertex 28.150000 3.600000 3.000000
      vertex 29.292641 1.757360 3.000000
      vertex 30.038818 2.666578 3.000000
    endloop
  endfacet
  facet normal 0.000000 0.000000 1.000000
    outer loop
      vertex 28.150000 3.600000 3.000000
      vertex 25.900000 4.527757 3.000000
      vertex 29.292641 1.757360 3.000000
    endloop
  endfacet
  facet normal 0.000000 0.000000 1.000000
    outer loop
      vertex 30.150000 6.450000 3.000000
      vertex 26.692074 5.560008 3.000000
      vertex 26.522243 5.150000 3.000000
    endloop
  endfacet
  facet normal 0.000000 0.000000 1.000000
    outer loop
      vertex 30.150000 6.450000 3.000000
      vertex 26.750000 6.000000 3.000000
      vertex 26.692074 5.560008 3.000000
    endloop
  endfacet
  facet normal 0.000000 0.000000 1.000000
    outer loop
      vertex 28.150000 3.600000 3.000000
      vertex 30.038818 2.666578 3.000000
      vertex 28.150000 7.450000 3.000000
    endloop
  endfacet
  facet normal 0.000000 0.000000 1.000000
    outer loop
      vertex 28.150000 3.600000 3.000000
      vertex 30.150000 6.450000 3.000000
      vertex 26.522243 5.150000 3.000000
    endloop
  endfacet
  facet normal 0.000000 0.000000 1.000000
    outer loop
      vertex 21.950001 10.549999 3.000000
      vertex 26.252081 7.202082 3.000000
      vertex 30.150000 6.450000 3.000000
    endloop
  endfacet
  facet normal 0.000000 0.000000 1.000000
    outer loop
      vertex 30.150000 6.450000 3.000000
      vertex 26.252081 7.202082 3.000000
      vertex 26.522243 6.850000 3.000000
    endloop
  endfacet
  facet normal 0.000000 0.000000 1.000000
    outer loop
      vertex 30.150000 6.450000 3.000000
      vertex 26.522243 6.850000 3.000000
      vertex 26.692074 6.439992 3.000000
    endloop
  endfacet
  facet normal 0.000000 0.000000 1.000000
    outer loop
      vertex 30.150000 6.450000 3.000000
      vertex 26.692074 6.439992 3.000000
      vertex 26.750000 6.000000 3.000000
    endloop
  endfacet
  facet normal 0.000000 0.000000 -1.000000
    outer loop
      vertex 28.383421 1.011183 0.000000
      vertex 30.934711 6.000000 0.000000
      vertex 29.292641 1.757360 0.000000
    endloop
  endfacet
  facet normal 0.773010 -0.634394 0.000000
    outer loop
      vertex 29.292641 1.757360 0.000000
      vertex 30.038818 2.666578 0.000000
      vertex 29.292641 1.757360 3.000000
    endloop
  endfacet
  facet normal 0.881922 -0.471396 0.000000
    outer loop
      vertex 30.038818 2.666578 0.000000
      vertex 30.593277 3.703899 0.000000
      vertex 30.038818 2.666578 3.000000
    endloop
  endfacet
  facet normal 0.773010 -0.634394 0.000000
    outer loop
      vertex 30.038818 2.666578 0.000000
      vertex 30.038818 2.666578 3.000000
      vertex 29.292641 1.757360 3.000000
    endloop
  endfacet
  facet normal 0.000000 0.000000 -1.000000
    outer loop
      vertex 29.292641 1.757360 0.000000
      vertex 30.934711 6.000000 0.000000
      vertex 30.038818 2.666578 0.000000
    endloop
  endfacet
  facet normal 0.000000 0.000000 -1.000000
    outer loop
      vertex 30.038818 2.666578 0.000000
      vertex 30.934711 6.000000 0.000000
      vertex 30.593277 3.703899 0.000000
    endloop
  endfacet
  facet normal 0.956940 -0.290285 0.000000
    outer loop
      vertex 30.593277 3.703899 0.000000
      vertex 30.934711 4.829458 0.000000
      vertex 30.593277 3.703899 3.000000
    endloop
  endfacet
  facet normal 0.000000 0.000000 -1.000000
    outer loop
      vertex 30.593277 3.703899 0.000000
      vertex 30.934711 6.000000 0.000000
      vertex 30.934711 4.829458 0.000000
    endloop
  endfacet
  facet normal 0.000000 0.000000 -1.000000
    outer loop
      vertex 30.934711 4.829458 0.000000
      vertex 30.934711 6.000000 0.000000
      vertex 31.049999 6.000000 0.000000
    endloop
  endfacet
  facet normal 0.000000 0.000000 -1.000000
    outer loop
      vertex 30.934711 6.000000 0.000000
      vertex 30.934711 6.057644 0.000000
      vertex 31.049999 6.000000 0.000000
    endloop
  endfacet
  facet normal 0.995185 -0.098017 0.000000
    outer loop
      vertex 30.934711 4.829458 0.000000
      vertex 31.049999 6.000000 0.000000
      vertex 30.934711 4.829458 3.000000
    endloop
  endfacet
  facet normal 0.881922 -0.471396 0.000000
    outer loop
      vertex 30.593277 3.703899 0.000000
      vertex 30.593277 3.703899 3.000000
      vertex 30.038818 2.666578 3.000000
    endloop
  endfacet
  facet normal 0.956940 -0.290285 0.000000
    outer loop
      vertex 30.934711 4.829458 0.000000
      vertex 30.934711 4.829458 3.000000
      vertex 30.593277 3.703899 3.000000
    endloop
  endfacet
  facet normal 0.995185 -0.098017 0.000000
    outer loop
      vertex 31.049999 6.000000 0.000000
      vertex 31.049999 6.000000 3.000000
      vertex 30.934711 4.829458 3.000000
    endloop
  endfacet
  facet normal 0.000000 0.000000 1.000000
    outer loop
      vertex 28.150000 3.600000 3.000000
      vertex 30.150000 3.600000 3.000000
      vertex 30.150000 6.450000 3.000000
    endloop
  endfacet
  facet normal 0.000000 0.000000 1.000000
    outer loop
      vertex 28.150000 7.450000 3.000000
      vertex 30.038818 2.666578 3.000000
      vertex 30.593277 3.703899 3.000000
    endloop
  endfacet
  facet normal 0.000000 0.000000 1.000000
    outer loop
      vertex 28.150000 7.450000 3.000000
      vertex 30.593277 3.703899 3.000000
      vertex 30.934711 4.829458 3.000000
    endloop
  endfacet
  facet normal 0.000000 0.000000 1.000000
    outer loop
      vertex 28.150000 7.450000 3.000000
      vertex 30.934711 4.829458 3.000000
      vertex 31.049999 6.000000 3.000000
    endloop
  endfacet
  facet normal 1.000000 0.000000 0.000000
    outer loop
      vertex 28.150000 3.600000 3.000000
      vertex 28.150000 7.450000 3.000000
      vertex 28.150000 12.000000 9.000000
    endloop
  endfacet
  facet normal 0.000000 0.581238 -0.813733
    outer loop
      vertex 28.150000 3.600000 3.000000
      vertex 28.150000 12.000000 9.000000
      vertex 30.150000 12.000000 9.000000
    endloop
  endfacet
  facet normal 1.000000 0.000000 0.000000
    outer loop
      vertex 28.150000 7.450000 3.000000
      vertex 28.150000 12.000000 3.000000
      vertex 28.150000 12.000000 9.000000
    endloop
  endfacet
  facet normal 0.000000 0.581238 -0.813733
    outer loop
      vertex 28.150000 3.600000 3.000000
      vertex 30.150000 12.000000 9.000000
      vertex 30.150000 3.600000 3.000000
    endloop
  endfacet
  facet normal -1.000000 0.000000 0.000000
    outer loop
      vertex 30.150000 3.600000 3.000000
      vertex 30.150000 12.000000 9.000000
      vertex 30.150000 6.450000 3.000000
    endloop
  endfacet
  facet normal -1.000000 0.000000 0.000000
    outer loop
      vertex 30.150000 6.450000 3.000000
      vertex 30.150000 12.000000 9.000000
      vertex 30.150000 12.000000 3.000000
    endloop
  endfacet
  facet normal 0.000000 0.000000 1.000000
    outer loop
      vertex 20.270126 3.600000 3.000000
      vertex 20.807360 3.600000 3.000000
      vertex 19.950001 6.000000 3.000000
    endloop
  endfacet
  facet normal 0.000000 0.000000 1.000000
    outer loop
      vertex 20.807360 3.600000 3.000000
      vertex 21.059195 7.341383 3.000000
      vertex 19.950001 6.000000 3.000000
    endloop
  endfacet
  facet normal 0.000000 0.581238 -0.813733
    outer loop
      vertex 19.950001 3.600000 3.000000
      vertex 21.770063 11.000000 8.285714
      vertex 20.988844 3.600000 3.000000
    endloop
  endfacet
  facet normal 0.000000 0.581238 -0.813733
    outer loop
      vertex 20.988844 3.600000 3.000000
      vertex 21.950001 11.000000 8.285714
      vertex 21.950001 3.600000 3.000000
    endloop
  endfacet
  facet normal 0.000000 0.000000 1.000000
    outer loop
      vertex 21.705271 4.627866 3.000000
      vertex 21.950001 8.156501 3.000000
      vertex 21.059195 7.341383 3.000000
    endloop
  endfacet
  facet normal 0.000000 0.000000 1.000000
    outer loop
      vertex 20.071623 11.489189 3.000000
      vertex 21.059195 7.341383 3.000000
      vertex 21.950001 8.156501 3.000000
    endloop
  endfacet
  facet normal -1.000000 0.000000 0.000000
    outer loop
      vertex 21.950001 3.600000 3.000000
      vertex 21.950001 11.000000 7.644744
      vertex 21.950001 10.549999 3.000000
    endloop
  endfacet
  facet normal 0.000000 0.000000 1.000000
    outer loop
      vertex 20.071623 11.489189 3.000000
      vertex 21.950001 8.156501 3.000000
      vertex 21.950001 10.549999 3.000000
    endloop
  endfacet
  facet normal 0.000000 0.000000 1.000000
    outer loop
      vertex 20.071623 11.489189 3.000000
      vertex 21.950001 10.549999 3.000000
      vertex 21.950001 10.718946 3.000000
    endloop
  endfacet
  facet normal -1.000000 0.000000 0.000000
    outer loop
      vertex 21.950001 10.549999 3.000000
      vertex 21.950001 12.000000 7.644744
      vertex 21.950001 12.000000 3.000000
    endloop
  endfacet
  facet normal 1.000000 0.000000 0.000000
    outer loop
      vertex 19.950001 3.600000 3.000000
      vertex 19.950001 6.000000 3.000000
      vertex 19.950001 12.000000 9.000000
    endloop
  endfacet
  facet normal 0.000000 0.581238 -0.813733
    outer loop
      vertex 19.950001 3.600000 3.000000
      vertex 21.029936 11.000000 8.285714
      vertex 21.400000 11.000000 8.285714
    endloop
  endfacet
  facet normal -0.000000 0.581238 -0.813733
    outer loop
      vertex 19.950001 3.600000 3.000000
      vertex 19.950001 12.000000 9.000000
      vertex 21.029936 11.000000 8.285714
    endloop
  endfacet
  facet normal 1.000000 0.000000 0.000000
    outer loop
      vertex 19.950001 6.000000 3.000000
      vertex 19.950001 12.000000 3.000000
      vertex 19.950001 12.000000 9.000000
    endloop
  endfacet
  facet normal 0.000000 0.581238 -0.813733
    outer loop
      vertex 19.950001 3.600000 3.000000
      vertex 21.400000 11.000000 8.285714
      vertex 21.770063 11.000000 8.285714
    endloop
  endfacet
  facet normal 0.000000 0.581238 -0.813733
    outer loop
      vertex 20.988844 3.600000 3.000000
      vertex 21.770063 11.000000 8.285714
      vertex 21.950001 11.000000 8.285714
    endloop
  endfacet
  facet normal -1.000000 0.000000 0.000000
    outer loop
      vertex 21.950001 3.600000 3.000000
      vertex 21.950001 11.000000 8.285714
      vertex 21.950001 11.000000 7.644744
    endloop
  endfacet
  facet normal -1.000000 0.000000 0.000000
    outer loop
      vertex 21.950001 10.549999 3.000000
      vertex 21.950001 11.000000 7.644744
      vertex 21.950001 12.000000 7.644744
    endloop
  endfacet
  facet normal 0.000000 -1.000000 0.000000
    outer loop
      vertex 2.000000 16.500000 2.000000
      vertex 3.850000 16.500000 2.000000
      vertex 3.850000 16.500000 3.400000
    endloop
  endfacet
  facet normal 0.000000 -1.000000 0.000000
    outer loop
      vertex 2.000000 16.500000 2.000000
      vertex 3.850000 16.500000 3.400000
      vertex 3.850000 16.500000 5.000000
    endloop
  endfacet
  facet normal 1.000000 0.000000 0.000000
    outer loop
      vertex 3.850000 16.500000 2.000000
      vertex 3.850000 21.299999 2.000000
      vertex 3.850000 16.500000 3.400000
    endloop
  endfacet
  facet normal 0.000000 -1.000000 0.000000
    outer loop
      vertex 2.000000 16.500000 2.000000
      vertex 3.850000 16.500000 5.000000
      vertex 3.850000 16.500000 6.850000
    endloop
  endfacet
  facet normal 1.000000 0.000000 0.000000
    outer loop
      vertex 3.850000 16.500000 3.400000
      vertex 3.850000 21.299999 2.000000
      vertex 3.850000 21.299999 3.400000
    endloop
  endfacet
  facet normal 0.000000 1.000000 0.000000
    outer loop
      vertex 2.000000 21.299999 2.000000
      vertex 3.850000 21.299999 3.400000
      vertex 3.850000 21.299999 2.000000
    endloop
  endfacet
  facet normal 0.000000 1.000000 0.000000
    outer loop
      vertex 2.000000 21.299999 2.000000
      vertex 3.850000 21.299999 5.000000
      vertex 3.850000 21.299999 3.400000
    endloop
  endfacet
  facet normal 0.000000 1.000000 0.000000
    outer loop
      vertex 2.000000 21.299999 2.000000
      vertex 3.850000 21.299999 6.850000
      vertex 3.850000 21.299999 5.000000
    endloop
  endfacet
  facet normal 0.000000 -1.000000 0.000000
    outer loop
      vertex 2.000000 16.500000 2.000000
      vertex 3.850000 16.500000 6.850000
      vertex 3.850000 16.500000 7.433784
    endloop
  endfacet
  facet normal 0.000000 -1.000000 0.000000
    outer loop
      vertex 2.000000 16.500000 2.000000
      vertex 3.850000 16.500000 7.433784
      vertex 3.850000 16.500000 8.450000
    endloop
  endfacet
  facet normal 0.000000 -1.000000 0.000000
    outer loop
      vertex 2.000000 16.500000 2.000000
      vertex 3.850000 16.500000 8.450000
      vertex 2.000000 16.500000 8.450000
    endloop
  endfacet
  facet normal 1.000000 0.000000 0.000000
    outer loop
      vertex 3.850000 16.500000 5.000000
      vertex 3.850000 21.299999 6.850000
      vertex 3.850000 16.500000 6.850000
    endloop
  endfacet
  facet normal 1.000000 0.000000 0.000000
    outer loop
      vertex 3.850000 16.500000 7.433784
      vertex 3.850000 21.299999 8.450000
      vertex 3.850000 16.500000 8.450000
    endloop
  endfacet
  facet normal 0.000000 0.000000 1.000000
    outer loop
      vertex 2.000000 16.500000 8.450000
      vertex 3.850000 16.500000 8.450000
      vertex 3.850000 21.299999 8.450000
    endloop
  endfacet
  facet normal 0.000000 1.000000 0.000000
    outer loop
      vertex 2.000000 21.299999 2.000000
      vertex 2.000000 21.299999 6.850000
      vertex 3.850000 21.299999 6.850000
    endloop
  endfacet
  facet normal 1.000000 0.000000 0.000000
    outer loop
      vertex 3.850000 16.500000 5.000000
      vertex 3.850000 21.299999 5.000000
      vertex 3.850000 21.299999 6.850000
    endloop
  endfacet
  facet normal 1.000000 0.000000 0.000000
    outer loop
      vertex 3.850000 16.500000 7.433784
      vertex 3.850000 21.299999 7.433784
      vertex 3.850000 21.299999 8.450000
    endloop
  endfacet
  facet normal 0.000000 1.000000 0.000000
    outer loop
      vertex 3.850000 21.299999 7.433784
      vertex 3.000000 21.299999 7.801351
      vertex 3.850000 21.299999 8.450000
    endloop
  endfacet
  facet normal 0.000000 1.000000 0.000000
    outer loop
      vertex 3.850000 21.299999 8.450000
      vertex 3.000000 21.299999 7.801351
      vertex 3.000000 21.299999 8.450000
    endloop
  endfacet
  facet normal 0.000000 0.000000 1.000000
    outer loop
      vertex 2.000000 16.500000 8.450000
      vertex 3.000000 20.084743 8.450000
      vertex 2.000000 20.084743 8.450000
    endloop
  endfacet
  facet normal 0.000000 0.000000 1.000000
    outer loop
      vertex 2.000000 16.500000 8.450000
      vertex 3.850000 21.299999 8.450000
      vertex 3.000000 20.084743 8.450000
    endloop
  endfacet
  facet normal 0.000000 0.000000 1.000000
    outer loop
      vertex 3.850000 21.299999 8.450000
      vertex 3.000000 21.299999 8.450000
      vertex 3.000000 20.084743 8.450000
    endloop
  endfacet
  facet normal 0.000000 0.000000 -1.000000
    outer loop
      vertex 3.850000 16.500000 3.400000
      vertex 3.850000 21.299999 3.400000
      vertex 5.200000 16.500000 3.400000
    endloop
  endfacet
  facet normal 0.000000 -1.000000 0.000000
    outer loop
      vertex 3.850000 16.500000 3.400000
      vertex 5.200000 16.500000 3.400000
      vertex 5.200000 16.500000 5.000000
    endloop
  endfacet
  facet normal 0.000000 -1.000000 0.000000
    outer loop
      vertex 3.850000 16.500000 3.400000
      vertex 5.200000 16.500000 5.000000
      vertex 3.850000 16.500000 5.000000
    endloop
  endfacet
  facet normal 1.000000 0.000000 0.000000
    outer loop
      vertex 5.200000 16.500000 3.400000
      vertex 5.200000 21.299999 3.400000
      vertex 5.200000 16.500000 5.000000
    endloop
  endfacet
  facet normal 0.000000 0.000000 -1.000000
    outer loop
      vertex 3.850000 21.299999 3.400000
      vertex 5.200000 21.299999 3.400000
      vertex 5.200000 16.500000 3.400000
    endloop
  endfacet
  facet normal 1.000000 0.000000 0.000000
    outer loop
      vertex 5.200000 21.299999 3.400000
      vertex 5.200000 21.299999 5.000000
      vertex 5.200000 16.500000 5.000000
    endloop
  endfacet
  facet normal 0.000000 1.000000 0.000000
    outer loop
      vertex 3.850000 21.299999 3.400000
      vertex 3.850000 21.299999 5.000000
      vertex 5.200000 21.299999 3.400000
    endloop
  endfacet
  facet normal 0.000000 1.000000 0.000000
    outer loop
      vertex 5.200000 21.299999 3.400000
      vertex 3.850000 21.299999 5.000000
      vertex 5.200000 21.299999 5.000000
    endloop
  endfacet
  facet normal 0.000000 0.000000 1.000000
    outer loop
      vertex 3.850000 16.500000 5.000000
      vertex 5.200000 16.500000 5.000000
      vertex 5.200000 21.299999 5.000000
    endloop
  endfacet
  facet normal 0.000000 0.000000 1.000000
    outer loop
      vertex 3.850000 16.500000 5.000000
      vertex 5.200000 21.299999 5.000000
      vertex 3.850000 21.299999 5.000000
    endloop
  endfacet
  facet normal 0.000000 0.000000 0.000000
    outer loop
      vertex 2.000000 21.299999 6.850000
      vertex 2.000000 21.299999 6.850000
      vertex 3.850000 21.299999 6.850000
    endloop
  endfacet
  facet normal 0.000000 1.000000 0.000000
    outer loop
      vertex 2.000000 21.299999 6.850000
      vertex 3.000000 21.299999 7.748372
      vertex 3.850000 21.299999 6.850000
    endloop
  endfacet
  facet normal 0.000000 1.000000 0.000000
    outer loop
      vertex 2.000000 21.299999 6.850000
      vertex 2.000000 21.299999 7.748372
      vertex 3.000000 21.299999 7.748372
    endloop
  endfacet
  facet normal 0.000000 1.000000 0.000000
    outer loop
      vertex 3.850000 21.299999 6.850000
      vertex 3.000000 21.299999 7.748372
      vertex 3.850000 21.299999 7.433784
    endloop
  endfacet
  facet normal 0.000000 1.000000 0.000000
    outer loop
      vertex 3.850000 21.299999 7.433784
      vertex 3.000000 21.299999 7.748372
      vertex 3.000000 21.299999 7.801351
    endloop
  endfacet
  facet normal 0.000000 0.000000 0.000000
    outer loop
      vertex 3.850000 21.299999 7.433784
      vertex 3.000000 21.299999 7.801351
      vertex 3.000000 21.299999 7.801351
    endloop
  endfacet
  facet normal 0.000000 -1.000000 0.000000
    outer loop
      vertex 3.850000 16.500000 6.850000
      vertex 5.200000 16.500000 6.850000
      vertex 3.850000 16.500000 7.433784
    endloop
  endfacet
  facet normal 0.000000 0.000000 -1.000000
    outer loop
      vertex 3.850000 16.500000 6.850000
      vertex 3.850000 21.299999 6.850000
      vertex 5.200000 16.500000 6.850000
    endloop
  endfacet
  facet normal 0.396911 0.000000 0.917857
    outer loop
      vertex 3.850000 16.500000 7.433784
      vertex 5.200000 16.500000 6.850000
      vertex 5.200000 21.299999 6.850000
    endloop
  endfacet
  facet normal 0.000000 0.000000 -1.000000
    outer loop
      vertex 3.850000 21.299999 6.850000
      vertex 5.200000 21.299999 6.850000
      vertex 5.200000 16.500000 6.850000
    endloop
  endfacet
  facet normal 0.000000 1.000000 0.000000
    outer loop
      vertex 3.850000 21.299999 6.850000
      vertex 3.850000 21.299999 7.433784
      vertex 5.200000 21.299999 6.850000
    endloop
  endfacet
  facet normal 0.396911 0.000000 0.917857
    outer loop
      vertex 3.850000 16.500000 7.433784
      vertex 5.200000 21.299999 6.850000
      vertex 3.850000 21.299999 7.433784
    endloop
  endfacet
  facet normal 0.000000 -1.000000 0.000000
    outer loop
      vertex 2.000000 28.500000 2.000000
      vertex 3.850000 28.500000 2.000000
      vertex 3.850000 28.500000 3.400000
    endloop
  endfacet
  facet normal 0.000000 -1.000000 0.000000
    outer loop
      vertex 2.000000 28.500000 2.000000
      vertex 3.850000 28.500000 3.400000
      vertex 3.850000 28.500000 5.000000
    endloop
  endfacet
  facet normal 1.000000 0.000000 0.000000
    outer loop
      vertex 3.850000 28.500000 2.000000
      vertex 3.850000 33.299999 2.000000
      vertex 3.850000 28.500000 3.400000
    endloop
  endfacet
  facet normal 0.000000 -1.000000 0.000000
    outer loop
      vertex 2.000000 28.500000 2.000000
      vertex 3.850000 28.500000 5.000000
      vertex 3.850000 28.500000 6.850000
    endloop
  endfacet
  facet normal 1.000000 0.000000 0.000000
    outer loop
      vertex 3.850000 28.500000 3.400000
      vertex 3.850000 33.299999 2.000000
      vertex 3.850000 33.299999 3.400000
    endloop
  endfacet
  facet normal 0.000000 1.000000 0.000000
    outer loop
      vertex 2.000000 33.299999 2.000000
      vertex 3.850000 33.299999 3.400000
      vertex 3.850000 33.299999 2.000000
    endloop
  endfacet
  facet normal 0.000000 1.000000 0.000000
    outer loop
      vertex 2.000000 33.299999 2.000000
      vertex 2.000000 33.299999 8.450000
      vertex 3.850000 33.299999 3.400000
    endloop
  endfacet
  facet normal 0.000000 -1.000000 0.000000
    outer loop
      vertex 2.000000 28.500000 2.000000
      vertex 3.000000 28.500000 7.759919
      vertex 2.000000 28.500000 7.759919
    endloop
  endfacet
  facet normal 0.000000 -1.000000 0.000000
    outer loop
      vertex 2.000000 28.500000 2.000000
      vertex 3.850000 28.500000 6.850000
      vertex 3.850000 28.500000 7.433784
    endloop
  endfacet
  facet normal 0.000000 -1.000000 0.000000
    outer loop
      vertex 2.000000 28.500000 2.000000
      vertex 3.850000 28.500000 7.433784
      vertex 3.850000 28.500000 8.450000
    endloop
  endfacet
  facet normal 0.000000 -1.000000 0.000000
    outer loop
      vertex 2.000000 28.500000 2.000000
      vertex 3.850000 28.500000 8.450000
      vertex 3.000000 28.500000 7.759919
    endloop
  endfacet
  facet normal 1.000000 0.000000 0.000000
    outer loop
      vertex 3.850000 28.500000 5.000000
      vertex 3.850000 33.299999 6.850000
      vertex 3.850000 28.500000 6.850000
    endloop
  endfacet
  facet normal 0.000000 -1.000000 0.000000
    outer loop
      vertex 3.850000 28.500000 8.450000
      vertex 3.000000 28.500000 8.450000
      vertex 3.000000 28.500000 7.759919
    endloop
  endfacet
  facet normal 1.000000 0.000000 0.000000
    outer loop
      vertex 3.850000 28.500000 7.433784
      vertex 3.850000 33.299999 8.450000
      vertex 3.850000 28.500000 8.450000
    endloop
  endfacet
  facet normal 0.000000 0.000000 1.000000
    outer loop
      vertex 2.000000 33.299999 8.450000
      vertex 2.000000 29.695255 8.450000
      vertex 3.000000 29.695255 8.450000
    endloop
  endfacet
  facet normal 0.000000 0.000000 1.000000
    outer loop
      vertex 3.850000 28.500000 8.450000
      vertex 3.000000 29.695255 8.450000
      vertex 3.000000 28.500000 8.450000
    endloop
  endfacet
  facet normal 0.000000 0.000000 1.000000
    outer loop
      vertex 3.850000 28.500000 8.450000
      vertex 3.850000 33.299999 8.450000
      vertex 3.000000 29.695255 8.450000
    endloop
  endfacet
  facet normal 1.000000 0.000000 0.000000
    outer loop
      vertex 3.850000 28.500000 5.000000
      vertex 3.850000 33.299999 5.000000
      vertex 3.850000 33.299999 6.850000
    endloop
  endfacet
  facet normal 0.000000 1.000000 0.000000
    outer loop
      vertex 3.850000 33.299999 3.400000
      vertex 2.000000 33.299999 8.450000
      vertex 3.850000 33.299999 5.000000
    endloop
  endfacet
  facet normal 0.000000 1.000000 0.000000
    outer loop
      vertex 3.850000 33.299999 5.000000
      vertex 2.000000 33.299999 8.450000
      vertex 3.850000 33.299999 6.850000
    endloop
  endfacet
  facet normal 1.000000 0.000000 0.000000
    outer loop
      vertex 3.850000 28.500000 7.433784
      vertex 3.850000 33.299999 7.433784
      vertex 3.850000 33.299999 8.450000
    endloop
  endfacet
  facet normal 0.000000 1.000000 0.000000
    outer loop
      vertex 3.850000 33.299999 6.850000
      vertex 2.000000 33.299999 8.450000
      vertex 3.850000 33.299999 7.433784
    endloop
  endfacet
  facet normal 0.000000 1.000000 0.000000
    outer loop
      vertex 2.000000 33.299999 8.450000
      vertex 3.850000 33.299999 8.450000
      vertex 3.850000 33.299999 7.433784
    endloop
  endfacet
  facet normal 0.000000 0.000000 1.000000
    outer loop
      vertex 2.000000 33.299999 8.450000
      vertex 3.000000 29.695255 8.450000
      vertex 3.850000 33.299999 8.450000
    endloop
  endfacet
  facet normal 0.000000 0.000000 -1.000000
    outer loop
      vertex 3.850000 28.500000 3.400000
      vertex 4.088037 30.752274 3.400000
      vertex 4.230301 30.283291 3.400000
    endloop
  endfacet
  facet normal 0.000000 0.000000 -1.000000
    outer loop
      vertex 3.850000 28.500000 3.400000
      vertex 4.040000 31.240000 3.400000
      vertex 4.088037 30.752274 3.400000
    endloop
  endfacet
  facet normal 0.000000 0.000000 -1.000000
    outer loop
      vertex 3.850000 28.500000 3.400000
      vertex 3.850000 33.299999 3.400000
      vertex 4.040000 31.240000 3.400000
    endloop
  endfacet
  facet normal 0.000000 0.000000 -1.000000
    outer loop
      vertex 4.040000 31.240000 3.400000
      vertex 3.850000 33.299999 3.400000
      vertex 4.088037 31.727726 3.400000
    endloop
  endfacet
  facet normal 0.000000 0.000000 -1.000000
    outer loop
      vertex 4.088037 31.727726 3.400000
      vertex 3.850000 33.299999 3.400000
      vertex 4.230301 32.196709 3.400000
    endloop
  endfacet
  facet normal 0.000000 0.000000 -1.000000
    outer loop
      vertex 3.850000 28.500000 3.400000
      vertex 4.230301 30.283291 3.400000
      vertex 4.461326 29.851074 3.400000
    endloop
  endfacet
  facet normal 0.000000 0.000000 -1.000000
    outer loop
      vertex 3.850000 28.500000 3.400000
      vertex 4.461326 29.851074 3.400000
      vertex 5.200000 28.500000 3.400000
    endloop
  endfacet
  facet normal 0.000000 0.000000 -1.000000
    outer loop
      vertex 5.200000 28.500000 3.400000
      vertex 4.461326 29.851074 3.400000
      vertex 4.772233 29.472233 3.400000
    endloop
  endfacet
  facet normal 0.000000 0.000000 -1.000000
    outer loop
      vertex 5.200000 28.500000 3.400000
      vertex 4.772233 29.472233 3.400000
      vertex 5.151074 29.161325 3.400000
    endloop
  endfacet
  facet normal 0.000000 0.000000 -1.000000
    outer loop
      vertex 5.200000 28.500000 3.400000
      vertex 5.151074 29.161325 3.400000
      vertex 5.200000 29.135174 3.400000
    endloop
  endfacet
  facet normal 0.000000 -1.000000 0.000000
    outer loop
      vertex 3.850000 28.500000 3.400000
      vertex 5.200000 28.500000 3.400000
      vertex 5.200000 28.500000 5.000000
    endloop
  endfacet
  facet normal 1.000000 0.000000 0.000000
    outer loop
      vertex 5.200000 28.500000 3.400000
      vertex 5.200000 29.135174 3.400000
      vertex 5.200000 29.135174 5.000000
    endloop
  endfacet
  facet normal 0.000000 -1.000000 0.000000
    outer loop
      vertex 3.850000 28.500000 3.400000
      vertex 5.200000 28.500000 5.000000
      vertex 3.850000 28.500000 5.000000
    endloop
  endfacet
  facet normal 1.000000 0.000000 0.000000
    outer loop
      vertex 5.200000 28.500000 3.400000
      vertex 5.200000 29.135174 5.000000
      vertex 5.200000 28.500000 5.000000
    endloop
  endfacet
  facet normal 0.000000 0.000000 -1.000000
    outer loop
      vertex 3.850000 33.299999 3.400000
      vertex 4.461326 32.628925 3.400000
      vertex 4.230301 32.196709 3.400000
    endloop
  endfacet
  facet normal 0.000000 0.000000 -1.000000
    outer loop
      vertex 3.850000 33.299999 3.400000
      vertex 4.772233 33.007767 3.400000
      vertex 4.461326 32.628925 3.400000
    endloop
  endfacet
  facet normal 0.000000 0.000000 -1.000000
    outer loop
      vertex 3.850000 33.299999 3.400000
      vertex 5.128320 33.299999 3.400000
      vertex 4.772233 33.007767 3.400000
    endloop
  endfacet
  facet normal 0.000000 1.000000 0.000000
    outer loop
      vertex 3.850000 33.299999 3.400000
      vertex 3.850000 33.299999 5.000000
      vertex 5.128320 33.299999 3.400000
    endloop
  endfacet
  facet normal 0.000000 1.000000 0.000000
    outer loop
      vertex 5.128320 33.299999 3.400000
      vertex 3.850000 33.299999 5.000000
      vertex 5.128320 33.299999 5.000000
    endloop
  endfacet
  facet normal 0.000000 0.000000 1.000000
    outer loop
      vertex 3.850000 28.500000 5.000000
      vertex 5.200000 28.500000 5.000000
      vertex 5.200000 29.135174 5.000000
    endloop
  endfacet
  facet normal 0.000000 0.000000 1.000000
    outer loop
      vertex 3.850000 28.500000 5.000000
      vertex 5.200000 29.135174 5.000000
      vertex 5.200000 29.658075 5.000000
    endloop
  endfacet
  facet normal 0.000000 0.000000 1.000000
    outer loop
      vertex 3.850000 28.500000 5.000000
      vertex 5.200000 29.658075 5.000000
      vertex 5.149235 33.299999 5.000000
    endloop
  endfacet
  facet normal 0.000000 0.000000 1.000000
    outer loop
      vertex 3.850000 28.500000 5.000000
      vertex 5.128320 33.299999 5.000000
      vertex 3.850000 33.299999 5.000000
    endloop
  endfacet
  facet normal 0.000000 0.000000 1.000000
    outer loop
      vertex 3.850000 28.500000 5.000000
      vertex 5.149235 33.299999 5.000000
      vertex 5.128320 33.299999 5.000000
    endloop
  endfacet
  facet normal 0.000000 0.000000 1.000000
    outer loop
      vertex 5.200000 29.658075 5.000000
      vertex 5.151074 33.299999 5.000000
      vertex 5.149235 33.299999 5.000000
    endloop
  endfacet
  facet normal 0.000000 -1.000000 0.000000
    outer loop
      vertex 3.850000 28.500000 6.850000
      vertex 5.200000 28.500000 6.850000
      vertex 3.850000 28.500000 7.433784
    endloop
  endfacet
  facet normal 0.000000 0.000000 -1.000000
    outer loop
      vertex 3.850000 28.500000 6.850000
      vertex 3.850000 33.299999 6.850000
      vertex 5.200000 28.500000 6.850000
    endloop
  endfacet
  facet normal 0.396911 0.000000 0.917857
    outer loop
      vertex 3.850000 28.500000 7.433784
      vertex 5.200000 28.500000 6.850000
      vertex 5.200000 33.299999 6.850000
    endloop
  endfacet
  facet normal 0.000000 0.000000 -1.000000
    outer loop
      vertex 3.850000 33.299999 6.850000
      vertex 5.200000 33.299999 6.850000
      vertex 5.200000 28.500000 6.850000
    endloop
  endfacet
  facet normal 0.000000 1.000000 0.000000
    outer loop
      vertex 3.850000 33.299999 6.850000
      vertex 3.850000 33.299999 7.433784
      vertex 5.200000 33.299999 6.850000
    endloop
  endfacet
  facet normal 0.396911 0.000000 0.917857
    outer loop
      vertex 3.850000 28.500000 7.433784
      vertex 5.200000 33.299999 6.850000
      vertex 3.850000 33.299999 7.433784
    endloop
  endfacet
  facet normal 0.000000 -1.000000 0.000000
    outer loop
      vertex 29.549999 16.500000 2.000000
      vertex 31.400000 16.500000 2.000000
      vertex 29.549999 16.500000 3.400000
    endloop
  endfacet
  facet normal -1.000000 0.000000 0.000000
    outer loop
      vertex 29.549999 16.500000 2.000000
      vertex 29.549999 16.500000 3.400000
      vertex 29.549999 21.299999 3.400000
    endloop
  endfacet
  facet normal 0.000000 -1.000000 0.000000
    outer loop
      vertex 31.400000 16.500000 2.000000
      vertex 31.400000 16.500000 3.400000
      vertex 29.549999 16.500000 3.400000
    endloop
  endfacet
  facet normal -1.000000 0.000000 0.000000
    outer loop
      vertex 29.549999 16.500000 2.000000
      vertex 29.549999 21.299999 3.400000
      vertex 29.549999 21.299999 2.000000
    endloop
  endfacet
  facet normal 0.000000 1.000000 0.000000
    outer loop
      vertex 29.549999 21.299999 2.000000
      vertex 29.549999 21.299999 3.400000
      vertex 31.400000 21.299999 3.400000
    endloop
  endfacet
  facet normal 0.000000 1.000000 0.000000
    outer loop
      vertex 29.549999 21.299999 2.000000
      vertex 31.400000 21.299999 3.400000
      vertex 31.400000 21.299999 2.000000
    endloop
  endfacet
  facet normal -1.000000 0.000000 0.000000
    outer loop
      vertex 29.549999 16.500000 5.000000
      vertex 29.549999 16.500000 6.850000
      vertex 29.549999 19.889999 5.000000
    endloop
  endfacet
  facet normal 0.000000 -1.000000 0.000000
    outer loop
      vertex 29.549999 16.500000 5.000000
      vertex 31.400000 16.500000 8.450000
      vertex 29.549999 16.500000 6.850000
    endloop
  endfacet
  facet normal 0.000000 -1.000000 0.000000
    outer loop
      vertex 29.549999 16.500000 5.000000
      vertex 31.400000 16.500000 5.000000
      vertex 31.400000 16.500000 8.450000
    endloop
  endfacet
  facet normal 0.000000 -1.000000 0.000000
    outer loop
      vertex 29.549999 16.500000 6.850000
      vertex 31.400000 16.500000 8.450000
      vertex 29.549999 16.500000 7.433784
    endloop
  endfacet
  facet normal 0.000000 -1.000000 0.000000
    outer loop
      vertex 29.549999 16.500000 7.433784
      vertex 31.400000 16.500000 8.450000
      vertex 29.549999 16.500000 8.450000
    endloop
  endfacet
  facet normal -1.000000 0.000000 0.000000
    outer loop
      vertex 29.549999 16.500000 7.433784
      vertex 29.549999 16.500000 8.450000
      vertex 29.549999 19.889999 7.433784
    endloop
  endfacet
  facet normal 0.000000 0.000000 1.000000
    outer loop
      vertex 29.549999 16.500000 8.450000
      vertex 31.400000 16.500000 8.450000
      vertex 29.549999 19.889999 8.450000
    endloop
  endfacet
  facet normal -1.000000 0.000000 0.000000
    outer loop
      vertex 29.549999 16.500000 6.850000
      vertex 29.549999 19.889999 6.850000
      vertex 29.549999 19.889999 5.000000
    endloop
  endfacet
  facet normal -1.000000 0.000000 0.000000
    outer loop
      vertex 29.549999 16.500000 8.450000
      vertex 29.549999 19.889999 8.450000
      vertex 29.549999 19.889999 7.433784
    endloop
  endfacet
  facet normal 0.000000 0.000000 1.000000
    outer loop
      vertex 31.400000 16.500000 8.450000
      vertex 31.400000 19.889999 8.450000
      vertex 29.549999 19.889999 8.450000
    endloop
  endfacet
  facet normal 0.000000 0.000000 -1.000000
    outer loop
      vertex 28.200001 16.500000 3.400000
      vertex 28.200001 21.299999 3.400000
      vertex 29.549999 16.500000 3.400000
    endloop
  endfacet
  facet normal 0.000000 -1.000000 0.000000
    outer loop
      vertex 28.200001 16.500000 3.400000
      vertex 29.549999 16.500000 3.400000
      vertex 28.200001 16.500000 5.000000
    endloop
  endfacet
  facet normal 0.000000 -1.000000 0.000000
    outer loop
      vertex 29.549999 16.500000 3.400000
      vertex 29.549999 16.500000 5.000000
      vertex 28.200001 16.500000 5.000000
    endloop
  endfacet
  facet normal -1.000000 0.000000 0.000000
    outer loop
      vertex 28.200001 16.500000 3.400000
      vertex 28.200001 16.500000 5.000000
      vertex 28.200001 19.889999 4.600000
    endloop
  endfacet
  facet normal 0.000000 0.000000 -1.000000
    outer loop
      vertex 28.200001 21.299999 3.400000
      vertex 29.549999 21.299999 3.400000
      vertex 29.549999 16.500000 3.400000
    endloop
  endfacet
  facet normal -1.000000 0.000000 0.000000
    outer loop
      vertex 28.200001 16.500000 3.400000
      vertex 28.200001 21.299999 4.600000
      vertex 28.200001 21.299999 3.400000
    endloop
  endfacet
  facet normal -1.000000 0.000000 0.000000
    outer loop
      vertex 28.200001 16.500000 3.400000
      vertex 28.200001 19.889999 4.600000
      vertex 28.200001 21.299999 4.600000
    endloop
  endfacet
  facet normal 0.000000 -1.000000 0.000000
    outer loop
      vertex 29.549999 16.500000 3.400000
      vertex 31.400000 16.500000 5.000000
      vertex 29.549999 16.500000 5.000000
    endloop
  endfacet
  facet normal 0.000000 -1.000000 0.000000
    outer loop
      vertex 29.549999 16.500000 3.400000
      vertex 31.400000 16.500000 3.400000
      vertex 31.400000 16.500000 5.000000
    endloop
  endfacet
  facet normal 0.000000 1.000000 0.000000
    outer loop
      vertex 28.200001 21.299999 3.400000
      vertex 31.400000 21.299999 4.600000
      vertex 29.549999 21.299999 3.400000
    endloop
  endfacet
  facet normal 0.000000 1.000000 0.000000
    outer loop
      vertex 28.200001 21.299999 3.400000
      vertex 28.200001 21.299999 4.600000
      vertex 31.400000 21.299999 4.600000
    endloop
  endfacet
  facet normal 0.000000 1.000000 0.000000
    outer loop
      vertex 29.549999 21.299999 3.400000
      vertex 31.400000 21.299999 4.600000
      vertex 31.400000 21.299999 3.400000
    endloop
  endfacet
  facet normal 0.000000 0.000000 1.000000
    outer loop
      vertex 28.200001 16.500000 5.000000
      vertex 29.549999 16.500000 5.000000
      vertex 28.200001 19.889999 5.000000
    endloop
  endfacet
  facet normal -1.000000 0.000000 0.000000
    outer loop
      vertex 28.200001 16.500000 5.000000
      vertex 28.200001 19.889999 5.000000
      vertex 28.200001 19.889999 4.600000
    endloop
  endfacet
  facet normal 0.000000 0.000000 1.000000
    outer loop
      vertex 29.549999 16.500000 5.000000
      vertex 29.549999 19.889999 5.000000
      vertex 28.200001 19.889999 5.000000
    endloop
  endfacet
  facet normal 0.000000 -1.000000 0.000000
    outer loop
      vertex 28.200001 16.500000 6.850000
      vertex 29.549999 16.500000 6.850000
      vertex 29.549999 16.500000 7.433784
    endloop
  endfacet
  facet normal 0.000000 0.000000 -1.000000
    outer loop
      vertex 28.200001 16.500000 6.850000
      vertex 29.549999 19.889999 6.850000
      vertex 29.549999 16.500000 6.850000
    endloop
  endfacet
  facet normal -0.396911 0.000000 0.917857
    outer loop
      vertex 28.200001 16.500000 6.850000
      vertex 29.549999 16.500000 7.433784
      vertex 29.549999 19.889999 7.433784
    endloop
  endfacet
  facet normal 0.000000 0.000000 -1.000000
    outer loop
      vertex 28.200001 16.500000 6.850000
      vertex 28.200001 19.889999 6.850000
      vertex 29.549999 19.889999 6.850000
    endloop
  endfacet
  facet normal -0.396911 0.000000 0.917857
    outer loop
      vertex 28.200001 16.500000 6.850000
      vertex 29.549999 19.889999 7.433784
      vertex 28.200001 19.889999 6.850000
    endloop
  endfacet
  facet normal -1.000000 0.000000 0.000000
    outer loop
      vertex 29.549999 28.500000 2.000000
      vertex 29.549999 28.500000 3.400000
      vertex 29.549999 29.763159 2.000000
    endloop
  endfacet
  facet normal 0.000000 -1.000000 0.000000
    outer loop
      vertex 29.549999 28.500000 2.000000
      vertex 31.400000 28.500000 2.000000
      vertex 29.549999 28.500000 3.400000
    endloop
  endfacet
  facet normal -1.000000 0.000000 0.000000
    outer loop
      vertex 29.549999 29.763159 2.000000
      vertex 29.549999 28.500000 3.400000
      vertex 29.549999 33.299999 3.400000
    endloop
  endfacet
  facet normal 0.000000 -1.000000 0.000000
    outer loop
      vertex 31.400000 28.500000 2.000000
      vertex 31.400000 28.500000 3.400000
      vertex 29.549999 28.500000 3.400000
    endloop
  endfacet
  facet normal -1.000000 0.000000 0.000000
    outer loop
      vertex 29.549999 29.763159 2.000000
      vertex 29.549999 33.299999 3.400000
      vertex 29.549999 33.299999 2.000000
    endloop
  endfacet
  facet normal 0.000000 1.000000 0.000000
    outer loop
      vertex 29.549999 33.299999 2.000000
      vertex 29.549999 33.299999 3.400000
      vertex 31.400000 33.299999 3.400000
    endloop
  endfacet
  facet normal 0.000000 1.000000 0.000000
    outer loop
      vertex 29.549999 33.299999 2.000000
      vertex 31.400000 33.299999 3.400000
      vertex 31.400000 33.299999 2.000000
    endloop
  endfacet
  facet normal -1.000000 0.000000 0.000000
    outer loop
      vertex 29.549999 33.299999 5.000000
      vertex 29.549999 29.990000 5.000000
      vertex 29.549999 29.990000 6.850000
    endloop
  endfacet
  facet normal -1.000000 0.000000 0.000000
    outer loop
      vertex 29.549999 33.299999 7.433784
      vertex 29.549999 29.990000 7.433784
      vertex 29.549999 29.990000 8.450000
    endloop
  endfacet
  facet normal 0.000000 0.000000 1.000000
    outer loop
      vertex 29.549999 33.299999 8.450000
      vertex 29.549999 29.990000 8.450000
      vertex 31.400000 29.990000 8.450000
    endloop
  endfacet
  facet normal 0.000000 1.000000 0.000000
    outer loop
      vertex 29.549999 33.299999 5.000000
      vertex 29.549999 33.299999 6.850000
      vertex 31.400000 33.299999 5.000000
    endloop
  endfacet
  facet normal -1.000000 0.000000 0.000000
    outer loop
      vertex 29.549999 33.299999 5.000000
      vertex 29.549999 29.990000 6.850000
      vertex 29.549999 33.299999 6.850000
    endloop
  endfacet
  facet normal 0.000000 1.000000 0.000000
    outer loop
      vertex 29.549999 33.299999 6.850000
      vertex 29.549999 33.299999 7.433784
      vertex 31.400000 33.299999 5.000000
    endloop
  endfacet
  facet normal 0.000000 1.000000 0.000000
    outer loop
      vertex 31.400000 33.299999 5.000000
      vertex 29.549999 33.299999 7.433784
      vertex 29.549999 33.299999 8.450000
    endloop
  endfacet
  facet normal -1.000000 0.000000 0.000000
    outer loop
      vertex 29.549999 33.299999 7.433784
      vertex 29.549999 29.990000 8.450000
      vertex 29.549999 33.299999 8.450000
    endloop
  endfacet
  facet normal 0.000000 1.000000 0.000000
    outer loop
      vertex 31.400000 33.299999 5.000000
      vertex 29.549999 33.299999 8.450000
      vertex 31.400000 33.299999 8.450000
    endloop
  endfacet
  facet normal 0.000000 0.000000 1.000000
    outer loop
      vertex 29.549999 33.299999 8.450000
      vertex 31.400000 29.990000 8.450000
      vertex 31.400000 33.299999 8.450000
    endloop
  endfacet
  facet normal 0.000000 0.000000 -1.000000
    outer loop
      vertex 28.200001 28.500000 3.400000
      vertex 28.200001 29.135174 3.400000
      vertex 29.549999 28.500000 3.400000
    endloop
  endfacet
  facet normal 0.000000 0.000000 -1.000000
    outer loop
      vertex 28.200001 29.135174 3.400000
      vertex 28.248926 29.161325 3.400000
      vertex 29.549999 28.500000 3.400000
    endloop
  endfacet
  facet normal 0.000000 0.000000 -1.000000
    outer loop
      vertex 28.248926 29.161325 3.400000
      vertex 28.627768 29.472233 3.400000
      vertex 29.549999 28.500000 3.400000
    endloop
  endfacet
  facet normal 0.000000 0.000000 -1.000000
    outer loop
      vertex 28.627768 29.472233 3.400000
      vertex 28.938675 29.851074 3.400000
      vertex 29.549999 28.500000 3.400000
    endloop
  endfacet
  facet normal 0.000000 0.000000 -1.000000
    outer loop
      vertex 28.938675 29.851074 3.400000
      vertex 29.169699 30.283291 3.400000
      vertex 29.549999 28.500000 3.400000
    endloop
  endfacet
  facet normal 0.000000 -1.000000 0.000000
    outer loop
      vertex 28.200001 28.500000 3.400000
      vertex 29.549999 28.500000 3.400000
      vertex 28.200001 28.500000 4.600000
    endloop
  endfacet
  facet normal -1.000000 0.000000 0.000000
    outer loop
      vertex 28.200001 28.500000 3.400000
      vertex 28.200001 29.135174 4.600000
      vertex 28.200001 29.135174 3.400000
    endloop
  endfacet
  facet normal -1.000000 0.000000 0.000000
    outer loop
      vertex 28.200001 28.500000 3.400000
      vertex 28.200001 28.500000 4.600000
      vertex 28.200001 29.135174 4.600000
    endloop
  endfacet
  facet normal 0.000000 0.000000 -1.000000
    outer loop
      vertex 28.271681 33.299999 3.400000
      vertex 29.549999 33.299999 3.400000
      vertex 28.627768 33.007767 3.400000
    endloop
  endfacet
  facet normal 0.000000 0.000000 -1.000000
    outer loop
      vertex 28.938675 32.628925 3.400000
      vertex 28.627768 33.007767 3.400000
      vertex 29.549999 33.299999 3.400000
    endloop
  endfacet
  facet normal 0.000000 0.000000 -1.000000
    outer loop
      vertex 28.938675 32.628925 3.400000
      vertex 29.549999 33.299999 3.400000
      vertex 29.169699 32.196709 3.400000
    endloop
  endfacet
  facet normal 0.000000 1.000000 0.000000
    outer loop
      vertex 28.271681 33.299999 3.400000
      vertex 28.271681 33.299999 5.000000
      vertex 29.549999 33.299999 3.400000
    endloop
  endfacet
  facet normal 0.000000 0.000000 -1.000000
    outer loop
      vertex 29.169699 30.283291 3.400000
      vertex 29.311964 30.752274 3.400000
      vertex 29.549999 28.500000 3.400000
    endloop
  endfacet
  facet normal 0.000000 0.000000 -1.000000
    outer loop
      vertex 29.549999 28.500000 3.400000
      vertex 29.311964 30.752274 3.400000
      vertex 29.360001 31.240000 3.400000
    endloop
  endfacet
  facet normal 0.000000 0.000000 -1.000000
    outer loop
      vertex 29.549999 28.500000 3.400000
      vertex 29.360001 31.240000 3.400000
      vertex 29.549999 33.299999 3.400000
    endloop
  endfacet
  facet normal 0.000000 -1.000000 0.000000
    outer loop
      vertex 29.549999 28.500000 3.400000
      vertex 31.400000 28.500000 3.400000
      vertex 28.200001 28.500000 4.600000
    endloop
  endfacet
  facet normal 0.000000 -1.000000 0.000000
    outer loop
      vertex 31.400000 28.500000 3.400000
      vertex 31.400000 28.500000 4.600000
      vertex 28.200001 28.500000 4.600000
    endloop
  endfacet
  facet normal 0.000000 0.000000 -1.000000
    outer loop
      vertex 29.360001 31.240000 3.400000
      vertex 29.311964 31.727726 3.400000
      vertex 29.549999 33.299999 3.400000
    endloop
  endfacet
  facet normal 0.000000 0.000000 -1.000000
    outer loop
      vertex 29.169699 32.196709 3.400000
      vertex 29.549999 33.299999 3.400000
      vertex 29.311964 31.727726 3.400000
    endloop
  endfacet
  facet normal 0.000000 1.000000 0.000000
    outer loop
      vertex 29.549999 33.299999 3.400000
      vertex 28.271681 33.299999 5.000000
      vertex 31.400000 33.299999 3.400000
    endloop
  endfacet
  facet normal 0.000000 1.000000 0.000000
    outer loop
      vertex 31.400000 33.299999 3.400000
      vertex 28.271681 33.299999 5.000000
      vertex 29.549999 33.299999 5.000000
    endloop
  endfacet
  facet normal 0.000000 1.000000 0.000000
    outer loop
      vertex 31.400000 33.299999 3.400000
      vertex 29.549999 33.299999 5.000000
      vertex 31.400000 33.299999 5.000000
    endloop
  endfacet
  facet normal 0.000000 0.000000 1.000000
    outer loop
      vertex 28.241751 33.245834 5.000000
      vertex 28.208683 29.990000 5.000000
      vertex 29.549999 29.990000 5.000000
    endloop
  endfacet
  facet normal 0.000000 0.000000 1.000000
    outer loop
      vertex 28.241751 33.245834 5.000000
      vertex 29.549999 29.990000 5.000000
      vertex 28.248926 33.236526 5.000000
    endloop
  endfacet
  facet normal 0.000000 0.000000 1.000000
    outer loop
      vertex 28.248926 33.236526 5.000000
      vertex 29.549999 29.990000 5.000000
      vertex 29.549999 33.299999 5.000000
    endloop
  endfacet
  facet normal 0.000000 0.000000 1.000000
    outer loop
      vertex 28.248926 33.236526 5.000000
      vertex 28.271681 33.299999 5.000000
      vertex 28.248926 33.299999 5.000000
    endloop
  endfacet
  facet normal 0.000000 0.000000 1.000000
    outer loop
      vertex 28.248926 33.236526 5.000000
      vertex 29.549999 33.299999 5.000000
      vertex 28.271681 33.299999 5.000000
    endloop
  endfacet
  facet normal -0.396911 0.000000 0.917857
    outer loop
      vertex 28.200001 33.299999 6.850000
      vertex 28.200001 29.990000 6.850000
      vertex 29.549999 29.990000 7.433784
    endloop
  endfacet
  facet normal 0.000000 0.000000 -1.000000
    outer loop
      vertex 29.549999 33.299999 6.850000
      vertex 29.549999 29.990000 6.850000
      vertex 28.200001 29.990000 6.850000
    endloop
  endfacet
  facet normal 0.000000 0.000000 -1.000000
    outer loop
      vertex 28.200001 33.299999 6.850000
      vertex 29.549999 33.299999 6.850000
      vertex 28.200001 29.990000 6.850000
    endloop
  endfacet
  facet normal 0.000000 1.000000 0.000000
    outer loop
      vertex 28.200001 33.299999 6.850000
      vertex 29.549999 33.299999 7.433784
      vertex 29.549999 33.299999 6.850000
    endloop
  endfacet
  facet normal -0.396911 0.000000 0.917857
    outer loop
      vertex 28.200001 33.299999 6.850000
      vertex 29.549999 29.990000 7.433784
      vertex 29.549999 33.299999 7.433784
    endloop
  endfacet
  facet normal 0.000000 1.000000 0.000000
    outer loop
      vertex 28.200001 19.889999 5.000000
      vertex 33.400002 19.889999 4.600000
      vertex 28.200001 19.889999 4.600000
    endloop
  endfacet
  facet normal 0.000000 0.000000 1.000000
    outer loop
      vertex 28.200001 21.299999 4.600000
      vertex 28.200001 19.889999 4.600000
      vertex 31.400000 21.299999 4.600000
    endloop
  endfacet
  facet normal 0.000000 0.000000 1.000000
    outer loop
      vertex 31.400000 21.299999 4.600000
      vertex 28.200001 19.889999 4.600000
      vertex 33.400002 19.889999 4.600000
    endloop
  endfacet
  facet normal 0.000000 0.000000 1.000000
    outer loop
      vertex 31.400000 21.299999 4.600000
      vertex 33.400002 19.889999 4.600000
      vertex 31.400000 28.500000 4.600000
    endloop
  endfacet
  facet normal 0.000000 1.000000 0.000000
    outer loop
      vertex 28.200001 19.889999 6.850000
      vertex 29.549999 19.889999 7.433784
      vertex 29.549999 19.889999 6.850000
    endloop
  endfacet
  facet normal 0.000000 1.000000 0.000000
    outer loop
      vertex 29.549999 19.889999 5.000000
      vertex 33.400002 19.889999 4.600000
      vertex 28.200001 19.889999 5.000000
    endloop
  endfacet
  facet normal 0.000000 1.000000 0.000000
    outer loop
      vertex 29.549999 19.889999 5.000000
      vertex 29.549999 19.889999 6.850000
      vertex 33.400002 19.889999 4.600000
    endloop
  endfacet
  facet normal 0.000000 1.000000 0.000000
    outer loop
      vertex 29.549999 19.889999 6.850000
      vertex 29.549999 19.889999 7.433784
      vertex 33.400002 19.889999 4.600000
    endloop
  endfacet
  facet normal 0.000000 1.000000 0.000000
    outer loop
      vertex 29.549999 19.889999 7.433784
      vertex 29.549999 19.889999 8.450000
      vertex 33.400002 19.889999 4.600000
    endloop
  endfacet
  facet normal 0.000000 1.000000 0.000000
    outer loop
      vertex 31.400000 19.889999 8.450000
      vertex 33.400002 19.889999 4.600000
      vertex 29.549999 19.889999 8.450000
    endloop
  endfacet
  facet normal 0.000000 1.000000 0.000000
    outer loop
      vertex 31.400000 19.889999 8.450000
      vertex 33.400002 19.889999 11.600000
      vertex 33.400002 19.889999 4.600000
    endloop
  endfacet
  facet normal 0.000000 1.000000 0.000000
    outer loop
      vertex 31.400000 19.889999 8.450000
      vertex 31.400000 19.889999 11.600000
      vertex 33.400002 19.889999 11.600000
    endloop
  endfacet
  facet normal 0.000000 0.000000 -1.000000
    outer loop
      vertex 33.400002 19.889999 11.600000
      vertex 31.400000 19.889999 11.600000
      vertex 33.400002 29.990000 11.600000
    endloop
  endfacet
  facet normal 0.000000 0.000000 1.000000
    outer loop
      vertex 25.092234 29.472233 4.600000
      vertex 25.471075 29.161325 4.600000
      vertex 26.860001 28.740000 4.600000
    endloop
  endfacet
  facet normal 0.000000 0.000000 1.000000
    outer loop
      vertex 24.781326 29.851074 4.600000
      vertex 25.092234 29.472233 4.600000
      vertex 27.347725 28.788036 4.600000
    endloop
  endfacet
  facet normal 0.000000 0.000000 1.000000
    outer loop
      vertex 25.471075 29.161325 4.600000
      vertex 25.903292 28.930302 4.600000
      vertex 26.372274 28.788036 4.600000
    endloop
  endfacet
  facet normal 0.000000 0.000000 1.000000
    outer loop
      vertex 24.781326 29.851074 4.600000
      vertex 28.200001 29.135174 4.600000
      vertex 24.707069 29.990000 4.600000
    endloop
  endfacet
  facet normal 0.000000 0.000000 1.000000
    outer loop
      vertex 25.471075 29.161325 4.600000
      vertex 26.372274 28.788036 4.600000
      vertex 26.860001 28.740000 4.600000
    endloop
  endfacet
  facet normal 0.000000 0.000000 1.000000
    outer loop
      vertex 25.092234 29.472233 4.600000
      vertex 26.860001 28.740000 4.600000
      vertex 27.347725 28.788036 4.600000
    endloop
  endfacet
  facet normal 0.000000 0.000000 1.000000
    outer loop
      vertex 24.781326 29.851074 4.600000
      vertex 27.347725 28.788036 4.600000
      vertex 27.816710 28.930302 4.600000
    endloop
  endfacet
  facet normal 0.000000 0.000000 1.000000
    outer loop
      vertex 24.781326 29.851074 4.600000
      vertex 27.816710 28.930302 4.600000
      vertex 28.200001 29.135174 4.600000
    endloop
  endfacet
  facet normal 0.000000 -1.000000 0.000000
    outer loop
      vertex 24.707069 29.990000 5.000000
      vertex 24.707069 29.990000 4.600000
      vertex 33.400002 29.990000 4.600000
    endloop
  endfacet
  facet normal 0.000000 0.000000 1.000000
    outer loop
      vertex 28.200001 29.135174 4.600000
      vertex 33.400002 29.990000 4.600000
      vertex 24.707069 29.990000 4.600000
    endloop
  endfacet
  facet normal 0.000000 0.000000 1.000000
    outer loop
      vertex 28.200001 29.135174 4.600000
      vertex 28.200001 28.500000 4.600000
      vertex 33.400002 29.990000 4.600000
    endloop
  endfacet
  facet normal 0.000000 0.000000 1.000000
    outer loop
      vertex 28.200001 28.500000 4.600000
      vertex 31.400000 28.500000 4.600000
      vertex 33.400002 29.990000 4.600000
    endloop
  endfacet
  facet normal 0.000000 0.000000 1.000000
    outer loop
      vertex 31.400000 28.500000 4.600000
      vertex 33.400002 19.889999 4.600000
      vertex 33.400002 29.990000 4.600000
    endloop
  endfacet
  facet normal 0.000000 -1.000000 0.000000
    outer loop
      vertex 24.707069 29.990000 5.000000
      vertex 33.400002 29.990000 4.600000
      vertex 28.208683 29.990000 5.000000
    endloop
  endfacet
  facet normal 0.000000 -1.000000 0.000000
    outer loop
      vertex 28.200001 29.990000 6.850000
      vertex 29.549999 29.990000 6.850000
      vertex 29.549999 29.990000 7.433784
    endloop
  endfacet
  facet normal 0.000000 -1.000000 0.000000
    outer loop
      vertex 28.208683 29.990000 5.000000
      vertex 33.400002 29.990000 4.600000
      vertex 29.549999 29.990000 5.000000
    endloop
  endfacet
  facet normal 0.000000 -1.000000 0.000000
    outer loop
      vertex 29.549999 29.990000 5.000000
      vertex 33.400002 29.990000 4.600000
      vertex 29.549999 29.990000 6.850000
    endloop
  endfacet
  facet normal 0.000000 -1.000000 0.000000
    outer loop
      vertex 31.400000 29.990000 8.450000
      vertex 29.549999 29.990000 6.850000
      vertex 33.400002 29.990000 4.600000
    endloop
  endfacet
  facet normal 0.000000 -1.000000 0.000000
    outer loop
      vertex 29.549999 29.990000 7.433784
      vertex 29.549999 29.990000 6.850000
      vertex 31.400000 29.990000 8.450000
    endloop
  endfacet
  facet normal 0.000000 -1.000000 0.000000
    outer loop
      vertex 29.549999 29.990000 7.433784
      vertex 31.400000 29.990000 8.450000
      vertex 29.549999 29.990000 8.450000
    endloop
  endfacet
  facet normal 0.000000 -1.000000 0.000000
    outer loop
      vertex 31.400000 29.990000 8.450000
      vertex 33.400002 29.990000 4.600000
      vertex 31.400000 29.990000 11.600000
    endloop
  endfacet
  facet normal 0.000000 -1.000000 0.000000
    outer loop
      vertex 33.400002 29.990000 11.600000
      vertex 31.400000 29.990000 11.600000
      vertex 33.400002 29.990000 4.600000
    endloop
  endfacet
  facet normal 0.000000 0.000000 -1.000000
    outer loop
      vertex 31.400000 19.889999 11.600000
      vertex 31.400000 29.990000 11.600000
      vertex 33.400002 29.990000 11.600000
    endloop
  endfacet
  facet normal 0.000000 0.000000 -1.000000
    outer loop
      vertex 11.450000 11.000000 7.644744
      vertex 11.450000 12.000000 7.644744
      vertex 12.000000 12.000000 7.644744
    endloop
  endfacet
  facet normal 0.000000 0.000000 -1.000000
    outer loop
      vertex 12.000000 11.000000 7.644744
      vertex 11.450000 11.000000 7.644744
      vertex 12.000000 12.000000 7.644744
    endloop
  endfacet
  facet normal 0.000000 -1.000000 0.000000
    outer loop
      vertex 12.000000 11.000000 7.644744
      vertex 12.000000 11.000000 8.285714
      vertex 11.450000 11.000000 7.644744
    endloop
  endfacet
  facet normal 0.000000 -1.000000 0.000000
    outer loop
      vertex 12.000000 11.000000 8.285714
      vertex 11.450000 11.000000 8.285714
      vertex 11.450000 11.000000 7.644744
    endloop
  endfacet
  facet normal 0.866025 0.000000 -0.500000
    outer loop
      vertex 12.000000 11.000000 7.644744
      vertex 12.000000 12.000000 7.644744
      vertex 12.370065 11.000000 8.285714
    endloop
  endfacet
  facet normal 0.866026 0.000001 -0.499999
    outer loop
      vertex 12.000000 12.000000 7.644744
      vertex 12.275000 12.000000 8.121058
      vertex 12.370065 11.000000 8.285714
    endloop
  endfacet
  facet normal 0.000000 -1.000000 0.000000
    outer loop
      vertex 12.000000 11.000000 7.644744
      vertex 12.370065 11.000000 8.285714
      vertex 12.000000 11.000000 8.285714
    endloop
  endfacet
  facet normal 0.866025 0.000001 -0.500000
    outer loop
      vertex 12.782457 12.000000 9.000000
      vertex 12.370065 11.000000 8.285714
      vertex 12.275000 12.000000 8.121058
    endloop
  endfacet
  facet normal 0.866025 0.000000 0.500000
    outer loop
      vertex 9.800000 14.000000 7.644744
      vertex 8.700000 12.000000 9.550000
      vertex 9.800000 12.000000 7.644744
    endloop
  endfacet
  facet normal 0.866025 0.000000 0.500000
    outer loop
      vertex 9.800000 14.000000 7.644744
      vertex 8.700000 14.000000 9.550000
      vertex 8.700000 12.000000 9.550000
    endloop
  endfacet
  facet normal 0.000000 0.000000 1.000000
    outer loop
      vertex 9.800000 14.000000 7.644744
      vertex 9.800000 12.000000 7.644744
      vertex 12.000000 14.000000 7.644744
    endloop
  endfacet
  facet normal 0.000000 0.000000 1.000000
    outer loop
      vertex 9.800000 12.000000 7.644744
      vertex 12.000000 12.000000 7.644744
      vertex 12.000000 14.000000 7.644744
    endloop
  endfacet
  facet normal -0.866025 0.000000 0.500000
    outer loop
      vertex 12.000000 14.000000 7.644744
      vertex 12.000000 12.000000 7.644744
      vertex 13.100000 14.000000 9.550000
    endloop
  endfacet
  facet normal -0.866025 0.000000 0.500000
    outer loop
      vertex 12.000000 12.000000 7.644744
      vertex 13.100000 12.000000 9.550000
      vertex 13.100000 14.000000 9.550000
    endloop
  endfacet
  facet normal 0.866025 0.000000 -0.500000
    outer loop
      vertex 8.700000 12.000000 9.550000
      vertex 8.700000 14.000000 9.550000
      vertex 9.800000 12.000000 11.455256
    endloop
  endfacet
  facet normal 0.866025 0.000000 -0.500000
    outer loop
      vertex 8.700000 14.000000 9.550000
      vertex 9.800000 14.000000 11.455256
      vertex 9.800000 12.000000 11.455256
    endloop
  endfacet
  facet normal 0.000000 0.000000 -1.000000
    outer loop
      vertex 9.800000 12.000000 11.455256
      vertex 9.800000 14.000000 11.455256
      vertex 12.000000 12.000000 11.455256
    endloop
  endfacet
  facet normal 0.000000 0.000000 -1.000000
    outer loop
      vertex 9.800000 14.000000 11.455256
      vertex 12.000000 14.000000 11.455256
      vertex 12.000000 12.000000 11.455256
    endloop
  endfacet
  facet normal -0.866025 0.000000 -0.500000
    outer loop
      vertex 12.000000 12.000000 11.455256
      vertex 12.000000 14.000000 11.455256
      vertex 13.100000 12.000000 9.550000
    endloop
  endfacet
  facet normal -0.866025 0.000000 -0.500000
    outer loop
      vertex 12.000000 14.000000 11.455256
      vertex 13.100000 14.000000 9.550000
      vertex 13.100000 12.000000 9.550000
    endloop
  endfacet
  facet normal 0.866025 0.000000 0.500000
    outer loop
      vertex 14.500000 12.000000 9.550000
      vertex 15.600000 12.000000 7.644744
      vertex 15.600000 14.000000 7.644744
    endloop
  endfacet
  facet normal 0.000000 0.000000 1.000000
    outer loop
      vertex 15.600000 14.000000 7.644744
      vertex 15.600000 12.000000 7.644744
      vertex 17.799999 14.000000 7.644744
    endloop
  endfacet
  facet normal 0.866025 0.000000 0.500000
    outer loop
      vertex 14.500000 12.000000 9.550000
      vertex 15.600000 14.000000 7.644744
      vertex 14.500000 14.000000 9.550000
    endloop
  endfacet
  facet normal 0.866025 0.000000 -0.500000
    outer loop
      vertex 15.600000 12.000000 11.455256
      vertex 14.500000 12.000000 9.550000
      vertex 14.500000 14.000000 9.550000
    endloop
  endfacet
  facet normal 0.866025 0.000000 -0.500000
    outer loop
      vertex 14.500000 14.000000 9.550000
      vertex 15.600000 14.000000 11.455256
      vertex 15.600000 12.000000 11.455256
    endloop
  endfacet
  facet normal 0.000000 0.000000 -1.000000
    outer loop
      vertex 15.600000 12.000000 11.455256
      vertex 15.600000 14.000000 11.455256
      vertex 17.799999 12.000000 11.455256
    endloop
  endfacet
  facet normal 0.000000 0.000000 1.000000
    outer loop
      vertex 15.600000 12.000000 7.644744
      vertex 17.799999 12.000000 7.644744
      vertex 17.799999 14.000000 7.644744
    endloop
  endfacet
  facet normal -0.866025 0.000000 0.500000
    outer loop
      vertex 17.799999 14.000000 7.644744
      vertex 17.799999 12.000000 7.644744
      vertex 18.900000 14.000000 9.550000
    endloop
  endfacet
  facet normal -0.866025 0.000000 0.500000
    outer loop
      vertex 17.799999 12.000000 7.644744
      vertex 18.900000 12.000000 9.550000
      vertex 18.900000 14.000000 9.550000
    endloop
  endfacet
  facet normal -0.866025 0.000000 -0.500000
    outer loop
      vertex 18.900000 12.000000 9.550000
      vertex 17.799999 14.000000 11.455256
      vertex 18.900000 14.000000 9.550000
    endloop
  endfacet
  facet normal 0.000000 0.000000 -1.000000
    outer loop
      vertex 17.799999 12.000000 11.455256
      vertex 15.600000 14.000000 11.455256
      vertex 17.799999 14.000000 11.455256
    endloop
  endfacet
  facet normal -0.866025 0.000000 -0.500000
    outer loop
      vertex 18.900000 12.000000 9.550000
      vertex 17.799999 12.000000 11.455256
      vertex 17.799999 14.000000 11.455256
    endloop
  endfacet
  facet normal 0.000000 0.000000 -1.000000
    outer loop
      vertex 21.400000 12.000000 7.644744
      vertex 21.950001 12.000000 7.644744
      vertex 21.400000 11.000000 7.644744
    endloop
  endfacet
  facet normal 0.000000 0.000000 -1.000000
    outer loop
      vertex 21.400000 11.000000 7.644744
      vertex 21.950001 12.000000 7.644744
      vertex 21.950001 11.000000 7.644744
    endloop
  endfacet
  facet normal -0.866026 0.000000 -0.499999
    outer loop
      vertex 21.400000 11.000000 7.644744
      vertex 21.029936 11.000000 8.285714
      vertex 21.400000 12.000000 7.644744
    endloop
  endfacet
  facet normal 0.000000 -1.000000 0.000000
    outer loop
      vertex 21.400000 11.000000 7.644744
      vertex 21.400000 11.000000 8.285714
      vertex 21.029936 11.000000 8.285714
    endloop
  endfacet
  facet normal 0.000000 -1.000000 0.000000
    outer loop
      vertex 21.400000 11.000000 7.644744
      vertex 21.950001 11.000000 7.644744
      vertex 21.400000 11.000000 8.285714
    endloop
  endfacet
  facet normal 0.000000 -1.000000 0.000000
    outer loop
      vertex 21.950001 11.000000 7.644744
      vertex 21.770063 11.000000 8.285714
      vertex 21.400000 11.000000 8.285714
    endloop
  endfacet
  facet normal 0.000000 -1.000000 0.000000
    outer loop
      vertex 21.950001 11.000000 7.644744
      vertex 21.950001 11.000000 8.285714
      vertex 21.770063 11.000000 8.285714
    endloop
  endfacet
  facet normal 0.000000 0.000000 0.000000
    outer loop
      vertex 21.950001 12.000000 7.644744
      vertex 21.950001 12.000000 7.644744
      vertex 21.950001 11.000000 7.644744
    endloop
  endfacet
  facet normal 0.866025 0.000000 0.500000
    outer loop
      vertex 20.299999 12.000000 9.550000
      vertex 21.400000 14.000000 7.644744
      vertex 20.299999 14.000000 9.550000
    endloop
  endfacet
  facet normal 0.866025 0.000000 0.500000
    outer loop
      vertex 20.299999 12.000000 9.550000
      vertex 21.400000 12.000000 7.644744
      vertex 21.400000 14.000000 7.644744
    endloop
  endfacet
  facet normal 0.000000 0.000000 1.000000
    outer loop
      vertex 23.600000 14.000000 7.644744
      vertex 21.400000 14.000000 7.644744
      vertex 21.400000 12.000000 7.644744
    endloop
  endfacet
  facet normal 0.000000 0.000000 1.000000
    outer loop
      vertex 21.400000 12.000000 7.644744
      vertex 23.600000 12.000000 7.644744
      vertex 23.600000 14.000000 7.644744
    endloop
  endfacet
  facet normal -0.866025 0.000000 0.500000
    outer loop
      vertex 23.600000 14.000000 7.644744
      vertex 23.600000 12.000000 7.644744
      vertex 24.700001 14.000000 9.550000
    endloop
  endfacet
  facet normal -0.866025 0.000000 0.500000
    outer loop
      vertex 23.600000 12.000000 7.644744
      vertex 24.700001 12.000000 9.550000
      vertex 24.700001 14.000000 9.550000
    endloop
  endfacet
  facet normal 0.866025 0.000000 -0.500000
    outer loop
      vertex 21.400000 12.000000 11.455256
      vertex 20.299999 12.000000 9.550000
      vertex 20.299999 14.000000 9.550000
    endloop
  endfacet
  facet normal 0.866025 0.000000 -0.500000
    outer loop
      vertex 21.400000 12.000000 11.455256
      vertex 20.299999 14.000000 9.550000
      vertex 21.400000 14.000000 11.455256
    endloop
  endfacet
  facet normal 0.000000 0.000000 -1.000000
    outer loop
      vertex 23.600000 12.000000 11.455256
      vertex 21.400000 12.000000 11.455256
      vertex 21.400000 14.000000 11.455256
    endloop
  endfacet
  facet normal 0.000000 0.000000 -1.000000
    outer loop
      vertex 23.600000 12.000000 11.455256
      vertex 21.400000 14.000000 11.455256
      vertex 23.600000 14.000000 11.455256
    endloop
  endfacet
  facet normal -0.866025 0.000000 -0.500000
    outer loop
      vertex 24.700001 12.000000 9.550000
      vertex 23.600000 14.000000 11.455256
      vertex 24.700001 14.000000 9.550000
    endloop
  endfacet
  facet normal -0.866025 0.000000 -0.500000
    outer loop
      vertex 23.600000 12.000000 11.455256
      vertex 23.600000 14.000000 11.455256
      vertex 24.700001 12.000000 9.550000
    endloop
  endfacet
  facet normal 0.866025 0.000000 0.500000
    outer loop
      vertex 9.800000 37.779999 7.644744
      vertex 8.700000 35.779999 9.550000
      vertex 9.800000 35.779999 7.644744
    endloop
  endfacet
  facet normal 0.866025 0.000000 0.500000
    outer loop
      vertex 9.800000 37.779999 7.644744
      vertex 8.700000 37.779999 9.550000
      vertex 8.700000 35.779999 9.550000
    endloop
  endfacet
  facet normal 0.000000 0.000000 1.000000
    outer loop
      vertex 12.000000 37.779999 7.644744
      vertex 9.800000 37.779999 7.644744
      vertex 9.800000 35.779999 7.644744
    endloop
  endfacet
  facet normal 0.000000 0.000000 1.000000
    outer loop
      vertex 9.800000 35.779999 7.644744
      vertex 12.000000 35.779999 7.644744
      vertex 12.000000 37.779999 7.644744
    endloop
  endfacet
  facet normal -0.866025 0.000000 0.500000
    outer loop
      vertex 12.000000 37.779999 7.644744
      vertex 12.000000 35.779999 7.644744
      vertex 13.100000 37.779999 9.550000
    endloop
  endfacet
  facet normal -0.866025 0.000000 0.500000
    outer loop
      vertex 12.000000 35.779999 7.644744
      vertex 13.100000 35.779999 9.550000
      vertex 13.100000 37.779999 9.550000
    endloop
  endfacet
  facet normal 0.000000 0.000000 1.000000
    outer loop
      vertex 12.000000 38.779999 7.644744
      vertex 11.450000 38.779999 7.644744
      vertex 11.450000 37.779999 7.644744
    endloop
  endfacet
  facet normal 0.000000 0.000000 1.000000
    outer loop
      vertex 12.000000 38.779999 7.644744
      vertex 11.450000 37.779999 7.644744
      vertex 12.000000 37.779999 7.644744
    endloop
  endfacet
  facet normal 0.000000 -1.000000 0.000000
    outer loop
      vertex 12.000000 38.779999 7.644744
      vertex 11.450000 38.779999 8.285715
      vertex 11.450000 38.779999 7.644744
    endloop
  endfacet
  facet normal 0.000000 -1.000000 0.000000
    outer loop
      vertex 12.000000 38.779999 7.644744
      vertex 12.370065 38.779999 8.285715
      vertex 11.450000 38.779999 8.285715
    endloop
  endfacet
  facet normal -0.866025 0.000000 0.500000
    outer loop
      vertex 12.000000 38.779999 7.644744
      vertex 12.000000 37.779999 7.644744
      vertex 12.370065 38.779999 8.285715
    endloop
  endfacet
  facet normal -0.866025 -0.000000 0.500000
    outer loop
      vertex 12.782457 37.779999 9.000000
      vertex 12.370065 38.779999 8.285715
      vertex 12.000000 37.779999 7.644744
    endloop
  endfacet
  facet normal 0.866025 0.000000 -0.500000
    outer loop
      vertex 8.700000 35.779999 9.550000
      vertex 8.700000 37.779999 9.550000
      vertex 9.800000 35.779999 11.455256
    endloop
  endfacet
  facet normal 0.866025 0.000000 -0.500000
    outer loop
      vertex 9.800000 35.779999 11.455256
      vertex 8.700000 37.779999 9.550000
      vertex 9.800000 37.779999 11.455256
    endloop
  endfacet
  facet normal 0.000000 0.000000 -1.000000
    outer loop
      vertex 9.800000 35.779999 11.455256
      vertex 9.800000 37.779999 11.455256
      vertex 12.000000 35.779999 11.455256
    endloop
  endfacet
  facet normal 0.000000 0.000000 -1.000000
    outer loop
      vertex 12.000000 35.779999 11.455256
      vertex 9.800000 37.779999 11.455256
      vertex 12.000000 37.779999 11.455256
    endloop
  endfacet
  facet normal -0.866025 0.000000 -0.500000
    outer loop
      vertex 12.000000 35.779999 11.455256
      vertex 12.000000 37.779999 11.455256
      vertex 13.100000 35.779999 9.550000
    endloop
  endfacet
  facet normal -0.866025 0.000000 -0.500000
    outer loop
      vertex 13.100000 35.779999 9.550000
      vertex 12.000000 37.779999 11.455256
      vertex 13.100000 37.779999 9.550000
    endloop
  endfacet
  facet normal 0.866025 0.000000 0.500000
    outer loop
      vertex 15.600000 37.779999 7.644744
      vertex 14.500000 35.779999 9.550000
      vertex 15.600000 35.779999 7.644744
    endloop
  endfacet
  facet normal 0.000000 0.000000 1.000000
    outer loop
      vertex 15.600000 37.779999 7.644744
      vertex 15.600000 35.779999 7.644744
      vertex 17.799999 37.779999 7.644744
    endloop
  endfacet
  facet normal 0.866025 0.000000 0.500000
    outer loop
      vertex 15.600000 37.779999 7.644744
      vertex 14.500000 37.779999 9.550000
      vertex 14.500000 35.779999 9.550000
    endloop
  endfacet
  facet normal 0.866025 0.000000 -0.500000
    outer loop
      vertex 14.500000 35.779999 9.550000
      vertex 14.500000 37.779999 9.550000
      vertex 15.600000 35.779999 11.455256
    endloop
  endfacet
  facet normal 0.866025 0.000000 -0.500000
    outer loop
      vertex 15.600000 35.779999 11.455256
      vertex 14.500000 37.779999 9.550000
      vertex 15.600000 37.779999 11.455256
    endloop
  endfacet
  facet normal 0.000000 0.000000 -1.000000
    outer loop
      vertex 15.600000 35.779999 11.455256
      vertex 15.600000 37.779999 11.455256
      vertex 17.799999 35.779999 11.455256
    endloop
  endfacet
  facet normal 0.000000 0.000000 1.000000
    outer loop
      vertex 17.799999 37.779999 7.644744
      vertex 15.600000 35.779999 7.644744
      vertex 17.799999 35.779999 7.644744
    endloop
  endfacet
  facet normal -0.866025 0.000000 0.500000
    outer loop
      vertex 17.799999 37.779999 7.644744
      vertex 17.799999 35.779999 7.644744
      vertex 18.900000 37.779999 9.550000
    endloop
  endfacet
  facet normal -0.866025 0.000000 0.500000
    outer loop
      vertex 18.900000 37.779999 9.550000
      vertex 17.799999 35.779999 7.644744
      vertex 18.900000 35.779999 9.550000
    endloop
  endfacet
  facet normal -0.866025 0.000000 -0.500000
    outer loop
      vertex 17.799999 37.779999 11.455256
      vertex 18.900000 37.779999 9.550000
      vertex 18.900000 35.779999 9.550000
    endloop
  endfacet
  facet normal 0.000000 0.000000 -1.000000
    outer loop
      vertex 17.799999 35.779999 11.455256
      vertex 15.600000 37.779999 11.455256
      vertex 17.799999 37.779999 11.455256
    endloop
  endfacet
  facet normal -0.866025 0.000000 -0.500000
    outer loop
      vertex 18.900000 35.779999 9.550000
      vertex 17.799999 35.779999 11.455256
      vertex 17.799999 37.779999 11.455256
    endloop
  endfacet
  facet normal 0.866025 0.000000 0.500000
    outer loop
      vertex 21.400000 37.779999 7.644744
      vertex 20.299999 37.779999 9.550000
      vertex 20.299999 35.779999 9.550000
    endloop
  endfacet
  facet normal 0.866025 0.000000 0.500000
    outer loop
      vertex 20.299999 35.779999 9.550000
      vertex 21.400000 35.779999 7.644744
      vertex 21.400000 37.779999 7.644744
    endloop
  endfacet
  facet normal 0.000000 0.000000 1.000000
    outer loop
      vertex 23.600000 37.779999 7.644744
      vertex 21.400000 37.779999 7.644744
      vertex 21.400000 35.779999 7.644744
    endloop
  endfacet
  facet normal 0.000000 0.000000 1.000000
    outer loop
      vertex 21.400000 35.779999 7.644744
      vertex 23.600000 35.779999 7.644744
      vertex 23.600000 37.779999 7.644744
    endloop
  endfacet
  facet normal -0.866025 0.000000 0.500000
    outer loop
      vertex 23.600000 37.779999 7.644744
      vertex 23.600000 35.779999 7.644744
      vertex 24.700001 37.779999 9.550000
    endloop
  endfacet
  facet normal -0.866025 0.000000 0.500000
    outer loop
      vertex 23.600000 35.779999 7.644744
      vertex 24.700001 35.779999 9.550000
      vertex 24.700001 37.779999 9.550000
    endloop
  endfacet
  facet normal 0.000000 0.000000 1.000000
    outer loop
      vertex 21.400000 38.779999 7.644744
      vertex 21.400000 37.779999 7.644744
      vertex 21.950001 38.779999 7.644744
    endloop
  endfacet
  facet normal 0.000000 0.000000 1.000000
    outer loop
      vertex 21.400000 37.779999 7.644744
      vertex 21.950001 37.779999 7.644744
      vertex 21.950001 38.779999 7.644744
    endloop
  endfacet
  facet normal 0.866026 -0.000002 0.499999
    outer loop
      vertex 21.400000 38.779999 7.644744
      vertex 21.029936 38.779999 8.285715
      vertex 20.617542 37.779999 9.000000
    endloop
  endfacet
  facet normal 0.866025 0.000000 0.500000
    outer loop
      vertex 21.400000 38.779999 7.644744
      vertex 20.617542 37.779999 9.000000
      vertex 21.400000 37.779999 7.644744
    endloop
  endfacet
  facet normal 0.000000 -1.000000 0.000000
    outer loop
      vertex 21.400000 38.779999 7.644744
      vertex 21.950001 38.779999 7.644744
      vertex 21.950001 38.779999 8.285715
    endloop
  endfacet
  facet normal 0.000000 -1.000000 0.000000
    outer loop
      vertex 21.400000 38.779999 7.644744
      vertex 21.950001 38.779999 8.285715
      vertex 21.029936 38.779999 8.285715
    endloop
  endfacet
  facet normal 0.866025 0.000000 -0.500000
    outer loop
      vertex 20.299999 35.779999 9.550000
      vertex 20.299999 37.779999 9.550000
      vertex 21.400000 35.779999 11.455256
    endloop
  endfacet
  facet normal 0.866025 0.000000 -0.500000
    outer loop
      vertex 20.299999 37.779999 9.550000
      vertex 21.400000 37.779999 11.455256
      vertex 21.400000 35.779999 11.455256
    endloop
  endfacet
  facet normal 0.000000 0.000000 -1.000000
    outer loop
      vertex 21.400000 35.779999 11.455256
      vertex 21.400000 37.779999 11.455256
      vertex 23.600000 35.779999 11.455256
    endloop
  endfacet
  facet normal 0.000000 0.000000 -1.000000
    outer loop
      vertex 21.400000 37.779999 11.455256
      vertex 23.600000 37.779999 11.455256
      vertex 23.600000 35.779999 11.455256
    endloop
  endfacet
  facet normal -0.866025 0.000000 -0.500000
    outer loop
      vertex 23.600000 37.779999 11.455256
      vertex 24.700001 37.779999 9.550000
      vertex 24.700001 35.779999 9.550000
    endloop
  endfacet
  facet normal -0.866025 0.000000 -0.500000
    outer loop
      vertex 23.600000 35.779999 11.455256
      vertex 23.600000 37.779999 11.455256
      vertex 24.700001 35.779999 9.550000
    endloop
  endfacet
  facet normal 0.000000 0.500000 0.866025
    outer loop
      vertex 2.000000 20.084743 8.450000
      vertex 0.000000 21.990000 7.350000
      vertex 0.000000 20.084743 8.450000
    endloop
  endfacet
  facet normal 0.000000 0.500000 0.866026
    outer loop
      vertex 2.000000 21.299999 7.748372
      vertex 2.000000 21.990000 7.350000
      vertex 0.000000 21.990000 7.350000
    endloop
  endfacet
  facet normal 0.000000 0.500000 0.866025
    outer loop
      vertex 2.000000 20.084743 8.450000
      vertex 3.000000 20.084743 8.450000
      vertex 0.000000 21.990000 7.350000
    endloop
  endfacet
  facet normal 0.000000 0.500000 0.866025
    outer loop
      vertex 2.000000 21.299999 7.748372
      vertex 0.000000 21.990000 7.350000
      vertex 3.000000 20.084743 8.450000
    endloop
  endfacet
  facet normal 0.000000 1.000000 0.000000
    outer loop
      vertex 2.000000 20.084743 8.450000
      vertex 0.000000 20.084743 8.450000
      vertex 2.000000 20.084743 10.650000
    endloop
  endfacet
  facet normal 0.000000 -0.500000 0.866025
    outer loop
      vertex 0.000000 23.895256 8.450000
      vertex 0.000000 21.990000 7.350000
      vertex 2.000000 21.990000 7.350000
    endloop
  endfacet
  facet normal 0.000000 -0.500000 0.866025
    outer loop
      vertex 2.000000 21.990000 7.350000
      vertex 2.000000 23.895256 8.450000
      vertex 0.000000 23.895256 8.450000
    endloop
  endfacet
  facet normal 0.000000 -1.000000 0.000000
    outer loop
      vertex 0.000000 23.895256 10.650000
      vertex 0.000000 23.895256 8.450000
      vertex 2.000000 23.895256 8.450000
    endloop
  endfacet
  facet normal 0.000000 0.500000 0.866025
    outer loop
      vertex 2.000000 21.299999 7.748372
      vertex 3.000000 20.084743 8.450000
      vertex 3.000000 21.299999 7.748372
    endloop
  endfacet
  facet normal -1.000000 0.000000 0.000000
    outer loop
      vertex 3.000000 21.299999 7.801351
      vertex 3.000000 21.299999 7.748372
      vertex 3.000000 20.084743 8.450000
    endloop
  endfacet
  facet normal -1.000000 0.000000 0.000000
    outer loop
      vertex 3.000000 21.299999 7.801351
      vertex 3.000000 20.084743 8.450000
      vertex 3.000000 21.299999 8.450000
    endloop
  endfacet
  facet normal 0.000000 0.000000 0.000000
    outer loop
      vertex 3.000000 21.299999 7.801351
      vertex 3.000000 21.299999 7.801351
      vertex 3.000000 21.299999 7.748372
    endloop
  endfacet
  facet normal 0.000000 1.000000 0.000000
    outer loop
      vertex 2.000000 20.084743 10.650000
      vertex 0.000000 20.084743 8.450000
      vertex 0.000000 20.084743 10.650000
    endloop
  endfacet
  facet normal 0.000000 0.500000 -0.866025
    outer loop
      vertex 0.000000 20.084743 10.650000
      vertex 0.000000 21.990000 11.750000
      vertex 2.000000 21.990000 11.750000
    endloop
  endfacet
  facet normal 0.000000 0.500000 -0.866025
    outer loop
      vertex 0.000000 20.084743 10.650000
      vertex 2.000000 21.990000 11.750000
      vertex 2.000000 20.084743 10.650000
    endloop
  endfacet
  facet normal 0.000000 -1.000000 0.000000
    outer loop
      vertex 2.000000 23.895256 10.650000
      vertex 0.000000 23.895256 10.650000
      vertex 2.000000 23.895256 8.450000
    endloop
  endfacet
  facet normal 0.000000 -0.500000 -0.866025
    outer loop
      vertex 0.000000 21.990000 11.750000
      vertex 0.000000 23.895256 10.650000
      vertex 2.000000 23.895256 10.650000
    endloop
  endfacet
  facet normal 0.000000 -0.500000 -0.866025
    outer loop
      vertex 0.000000 21.990000 11.750000
      vertex 2.000000 23.895256 10.650000
      vertex 2.000000 21.990000 11.750000
    endloop
  endfacet
  facet normal 0.000000 0.500000 0.866026
    outer loop
      vertex 2.000000 25.884743 8.450000
      vertex 0.000000 27.790001 7.350000
      vertex 0.000000 25.884743 8.450000
    endloop
  endfacet
  facet normal 0.000000 0.500000 0.866026
    outer loop
      vertex 2.000000 25.884743 8.450000
      vertex 2.000000 27.790001 7.350000
      vertex 0.000000 27.790001 7.350000
    endloop
  endfacet
  facet normal 0.000000 1.000000 0.000000
    outer loop
      vertex 2.000000 25.884743 8.450000
      vertex 0.000000 25.884743 8.450000
      vertex 2.000000 25.884743 10.650000
    endloop
  endfacet
  facet normal 0.000000 -0.500000 0.866025
    outer loop
      vertex 2.000000 27.790001 7.350000
      vertex 0.000000 29.695255 8.450000
      vertex 0.000000 27.790001 7.350000
    endloop
  endfacet
  facet normal -0.000000 -0.500001 0.866025
    outer loop
      vertex 2.000000 28.500000 7.759919
      vertex 0.000000 29.695255 8.450000
      vertex 2.000000 27.790001 7.350000
    endloop
  endfacet
  facet normal 0.000000 -0.500000 0.866025
    outer loop
      vertex 2.000000 28.500000 7.759919
      vertex 2.000000 29.695255 8.450000
      vertex 0.000000 29.695255 8.450000
    endloop
  endfacet
  facet normal 0.000000 -1.000000 0.000000
    outer loop
      vertex 0.000000 29.695255 8.450000
      vertex 2.000000 29.695255 8.450000
      vertex 0.000000 29.695255 10.650000
    endloop
  endfacet
  facet normal 0.000000 -0.500000 0.866025
    outer loop
      vertex 2.000000 28.500000 7.759919
      vertex 3.000000 29.695255 8.450000
      vertex 2.000000 29.695255 8.450000
    endloop
  endfacet
  facet normal 0.000000 -0.500000 0.866025
    outer loop
      vertex 2.000000 28.500000 7.759919
      vertex 3.000000 28.500000 7.759919
      vertex 3.000000 29.695255 8.450000
    endloop
  endfacet
  facet normal -1.000000 0.000000 0.000000
    outer loop
      vertex 3.000000 28.500000 8.450000
      vertex 3.000000 29.695255 8.450000
      vertex 3.000000 28.500000 7.759919
    endloop
  endfacet
  facet normal 0.000000 1.000000 0.000000
    outer loop
      vertex 0.000000 25.884743 8.450000
      vertex 0.000000 25.884743 10.650000
      vertex 2.000000 25.884743 10.650000
    endloop
  endfacet
  facet normal 0.000000 0.500000 -0.866026
    outer loop
      vertex 0.000000 25.884743 10.650000
      vertex 0.000000 27.790001 11.750000
      vertex 2.000000 27.790001 11.750000
    endloop
  endfacet
  facet normal 0.000000 0.500000 -0.866026
    outer loop
      vertex 0.000000 25.884743 10.650000
      vertex 2.000000 27.790001 11.750000
      vertex 2.000000 25.884743 10.650000
    endloop
  endfacet
  facet normal 0.000000 -1.000000 0.000000
    outer loop
      vertex 2.000000 29.695255 8.450000
      vertex 2.000000 29.695255 10.650000
      vertex 0.000000 29.695255 10.650000
    endloop
  endfacet
  facet normal 0.000000 -0.500000 -0.866025
    outer loop
      vertex 0.000000 27.790001 11.750000
      vertex 0.000000 29.695255 10.650000
      vertex 2.000000 29.695255 10.650000
    endloop
  endfacet
  facet normal 0.000000 -0.500000 -0.866025
    outer loop
      vertex 0.000000 27.790001 11.750000
      vertex 2.000000 29.695255 10.650000
      vertex 2.000000 27.790001 11.750000
    endloop
  endfacet
  facet normal 0.923880 0.382683 0.000000
    outer loop
      vertex 6.707926 43.340008 3.000000
      vertex 6.877757 42.930000 0.000000
      vertex 6.707926 43.340008 0.000000
    endloop
  endfacet
  facet normal 0.608766 0.793350 0.000000
    outer loop
      vertex 7.500000 42.307755 0.000000
      vertex 7.147919 42.577919 0.000000
      vertex 7.147919 42.577919 3.000000
    endloop
  endfacet
  facet normal 0.793353 0.608762 0.000000
    outer loop
      vertex 7.147919 42.577919 0.000000
      vertex 6.877757 42.930000 0.000000
      vertex 6.877757 42.930000 3.000000
    endloop
  endfacet
  facet normal 0.382683 0.923880 0.000000
    outer loop
      vertex 7.910007 42.137924 0.000000
      vertex 7.500000 42.307755 0.000000
      vertex 7.500000 42.307755 3.000000
    endloop
  endfacet
  facet normal 0.130518 0.991446 0.000000
    outer loop
      vertex 7.910007 42.137924 0.000000
      vertex 7.910007 42.137924 3.000000
      vertex 8.350000 42.080002 0.000000
    endloop
  endfacet
  facet normal 0.991445 0.130527 0.000000
    outer loop
      vertex 6.650000 43.779999 3.000000
      vertex 6.707926 43.340008 3.000000
      vertex 6.707926 43.340008 0.000000
    endloop
  endfacet
  facet normal 0.793353 0.608762 0.000000
    outer loop
      vertex 7.147919 42.577919 0.000000
      vertex 6.877757 42.930000 3.000000
      vertex 7.147919 42.577919 3.000000
    endloop
  endfacet
  facet normal 0.923880 0.382683 0.000000
    outer loop
      vertex 6.707926 43.340008 3.000000
      vertex 6.877757 42.930000 3.000000
      vertex 6.877757 42.930000 0.000000
    endloop
  endfacet
  facet normal 0.608766 0.793350 0.000000
    outer loop
      vertex 7.500000 42.307755 0.000000
      vertex 7.147919 42.577919 3.000000
      vertex 7.500000 42.307755 3.000000
    endloop
  endfacet
  facet normal 0.382683 0.923880 0.000000
    outer loop
      vertex 7.910007 42.137924 0.000000
      vertex 7.500000 42.307755 3.000000
      vertex 7.910007 42.137924 3.000000
    endloop
  endfacet
  facet normal 0.130518 0.991446 0.000000
    outer loop
      vertex 8.350000 42.080002 0.000000
      vertex 7.910007 42.137924 3.000000
      vertex 8.350000 42.080002 3.000000
    endloop
  endfacet
  facet normal 0.991445 0.130527 0.000000
    outer loop
      vertex 6.650000 43.779999 3.000000
      vertex 6.707926 43.340008 0.000000
      vertex 6.650000 43.779999 0.000000
    endloop
  endfacet
  facet normal 0.991445 -0.130526 0.000000
    outer loop
      vertex 6.650000 43.779999 0.000000
      vertex 6.707926 44.219994 0.000000
      vertex 6.707926 44.219994 3.000000
    endloop
  endfacet
  facet normal 0.923880 -0.382683 0.000000
    outer loop
      vertex 6.877757 44.630001 3.000000
      vertex 6.707926 44.219994 0.000000
      vertex 6.877757 44.630001 0.000000
    endloop
  endfacet
  facet normal 0.793353 -0.608762 0.000000
    outer loop
      vertex 6.877757 44.630001 0.000000
      vertex 7.147919 44.982082 0.000000
      vertex 7.147919 44.982082 3.000000
    endloop
  endfacet
  facet normal 0.608760 -0.793354 0.000000
    outer loop
      vertex 7.500000 45.252243 3.000000
      vertex 7.147919 44.982082 0.000000
      vertex 7.500000 45.252243 0.000000
    endloop
  endfacet
  facet normal 0.382683 -0.923880 0.000000
    outer loop
      vertex 7.910007 45.422073 3.000000
      vertex 7.500000 45.252243 0.000000
      vertex 7.910007 45.422073 0.000000
    endloop
  endfacet
  facet normal 0.130526 -0.991445 0.000000
    outer loop
      vertex 8.350000 45.480000 3.000000
      vertex 7.910007 45.422073 0.000000
      vertex 8.350000 45.480000 0.000000
    endloop
  endfacet
  facet normal 0.991445 -0.130526 0.000000
    outer loop
      vertex 6.707926 44.219994 3.000000
      vertex 6.650000 43.779999 3.000000
      vertex 6.650000 43.779999 0.000000
    endloop
  endfacet
  facet normal 0.923880 -0.382683 0.000000
    outer loop
      vertex 6.877757 44.630001 3.000000
      vertex 6.707926 44.219994 3.000000
      vertex 6.707926 44.219994 0.000000
    endloop
  endfacet
  facet normal 0.793353 -0.608762 0.000000
    outer loop
      vertex 7.147919 44.982082 3.000000
      vertex 6.877757 44.630001 3.000000
      vertex 6.877757 44.630001 0.000000
    endloop
  endfacet
  facet normal 0.608760 -0.793354 0.000000
    outer loop
      vertex 7.500000 45.252243 3.000000
      vertex 7.147919 44.982082 3.000000
      vertex 7.147919 44.982082 0.000000
    endloop
  endfacet
  facet normal 0.382683 -0.923880 0.000000
    outer loop
      vertex 7.910007 45.422073 3.000000
      vertex 7.500000 45.252243 3.000000
      vertex 7.500000 45.252243 0.000000
    endloop
  endfacet
  facet normal 0.130526 -0.991445 0.000000
    outer loop
      vertex 8.350000 45.480000 3.000000
      vertex 7.910007 45.422073 3.000000
      vertex 7.910007 45.422073 0.000000
    endloop
  endfacet
  facet normal -0.130518 0.991446 0.000000
    outer loop
      vertex 8.789992 42.137924 0.000000
      vertex 8.350000 42.080002 0.000000
      vertex 8.350000 42.080002 3.000000
    endloop
  endfacet
  facet normal -0.382683 0.923880 0.000000
    outer loop
      vertex 9.200000 42.307755 0.000000
      vertex 8.789992 42.137924 0.000000
      vertex 8.789992 42.137924 3.000000
    endloop
  endfacet
  facet normal -0.608766 0.793350 0.000000
    outer loop
      vertex 9.552081 42.577919 0.000000
      vertex 9.200000 42.307755 0.000000
      vertex 9.200000 42.307755 3.000000
    endloop
  endfacet
  facet normal -0.793353 0.608762 0.000000
    outer loop
      vertex 9.822243 42.930000 0.000000
      vertex 9.552081 42.577919 0.000000
      vertex 9.552081 42.577919 3.000000
    endloop
  endfacet
  facet normal -0.923879 0.382685 0.000000
    outer loop
      vertex 9.822243 42.930000 0.000000
      vertex 9.822243 42.930000 3.000000
      vertex 9.992074 43.340008 0.000000
    endloop
  endfacet
  facet normal -0.991445 0.130527 0.000000
    outer loop
      vertex 10.050000 43.779999 0.000000
      vertex 9.992074 43.340008 0.000000
      vertex 9.992074 43.340008 3.000000
    endloop
  endfacet
  facet normal -0.130518 0.991446 0.000000
    outer loop
      vertex 8.789992 42.137924 0.000000
      vertex 8.350000 42.080002 3.000000
      vertex 8.789992 42.137924 3.000000
    endloop
  endfacet
  facet normal -0.382683 0.923880 0.000000
    outer loop
      vertex 9.200000 42.307755 0.000000
      vertex 8.789992 42.137924 3.000000
      vertex 9.200000 42.307755 3.000000
    endloop
  endfacet
  facet normal -0.608766 0.793350 0.000000
    outer loop
      vertex 9.552081 42.577919 0.000000
      vertex 9.200000 42.307755 3.000000
      vertex 9.552081 42.577919 3.000000
    endloop
  endfacet
  facet normal -0.793353 0.608762 0.000000
    outer loop
      vertex 9.822243 42.930000 0.000000
      vertex 9.552081 42.577919 3.000000
      vertex 9.822243 42.930000 3.000000
    endloop
  endfacet
  facet normal -0.923879 0.382685 0.000000
    outer loop
      vertex 9.992074 43.340008 0.000000
      vertex 9.822243 42.930000 3.000000
      vertex 9.992074 43.340008 3.000000
    endloop
  endfacet
  facet normal -0.130526 -0.991445 0.000000
    outer loop
      vertex 8.789992 45.422073 3.000000
      vertex 8.350000 45.480000 0.000000
      vertex 8.789992 45.422073 0.000000
    endloop
  endfacet
  facet normal -0.382683 -0.923880 0.000000
    outer loop
      vertex 9.200000 45.252243 3.000000
      vertex 8.789992 45.422073 0.000000
      vertex 9.200000 45.252243 0.000000
    endloop
  endfacet
  facet normal -0.608760 -0.793354 0.000000
    outer loop
      vertex 9.200000 45.252243 0.000000
      vertex 9.552081 44.982082 0.000000
      vertex 9.552081 44.982082 3.000000
    endloop
  endfacet
  facet normal -0.793353 -0.608762 0.000000
    outer loop
      vertex 9.822243 44.630001 3.000000
      vertex 9.552081 44.982082 0.000000
      vertex 9.822243 44.630001 0.000000
    endloop
  endfacet
  facet normal -0.991445 -0.130526 0.000000
    outer loop
      vertex 10.050000 43.779999 3.000000
      vertex 9.992074 44.219994 0.000000
      vertex 10.050000 43.779999 0.000000
    endloop
  endfacet
  facet normal -0.923879 -0.382685 0.000000
    outer loop
      vertex 9.822243 44.630001 0.000000
      vertex 9.992074 44.219994 0.000000
      vertex 9.992074 44.219994 3.000000
    endloop
  endfacet
  facet normal -0.130526 -0.991445 0.000000
    outer loop
      vertex 8.789992 45.422073 3.000000
      vertex 8.350000 45.480000 3.000000
      vertex 8.350000 45.480000 0.000000
    endloop
  endfacet
  facet normal -0.382683 -0.923880 0.000000
    outer loop
      vertex 9.200000 45.252243 3.000000
      vertex 8.789992 45.422073 3.000000
      vertex 8.789992 45.422073 0.000000
    endloop
  endfacet
  facet normal -0.608760 -0.793354 0.000000
    outer loop
      vertex 9.552081 44.982082 3.000000
      vertex 9.200000 45.252243 3.000000
      vertex 9.200000 45.252243 0.000000
    endloop
  endfacet
  facet normal -0.793353 -0.608762 0.000000
    outer loop
      vertex 9.822243 44.630001 3.000000
      vertex 9.552081 44.982082 3.000000
      vertex 9.552081 44.982082 0.000000
    endloop
  endfacet
  facet normal -0.923879 -0.382685 0.000000
    outer loop
      vertex 9.992074 44.219994 3.000000
      vertex 9.822243 44.630001 3.000000
      vertex 9.822243 44.630001 0.000000
    endloop
  endfacet
  facet normal -0.991445 0.130527 0.000000
    outer loop
      vertex 10.050000 43.779999 0.000000
      vertex 9.992074 43.340008 3.000000
      vertex 10.050000 43.779999 3.000000
    endloop
  endfacet
  facet normal -0.991445 -0.130526 0.000000
    outer loop
      vertex 10.050000 43.779999 3.000000
      vertex 9.992074 44.219994 3.000000
      vertex 9.992074 44.219994 0.000000
    endloop
  endfacet
  facet normal 0.923880 0.382683 0.000000
    outer loop
      vertex 23.407927 43.340008 3.000000
      vertex 23.577757 42.930000 0.000000
      vertex 23.407927 43.340008 0.000000
    endloop
  endfacet
  facet normal 0.608764 0.793352 0.000000
    outer loop
      vertex 24.200001 42.307755 0.000000
      vertex 23.847918 42.577919 0.000000
      vertex 23.847918 42.577919 3.000000
    endloop
  endfacet
  facet normal 0.793354 0.608760 0.000000
    outer loop
      vertex 23.847918 42.577919 0.000000
      vertex 23.577757 42.930000 0.000000
      vertex 23.577757 42.930000 3.000000
    endloop
  endfacet
  facet normal 0.382683 0.923880 0.000000
    outer loop
      vertex 24.610008 42.137924 0.000000
      vertex 24.200001 42.307755 0.000000
      vertex 24.200001 42.307755 3.000000
    endloop
  endfacet
  facet normal 0.130518 0.991446 0.000000
    outer loop
      vertex 25.049999 42.080002 0.000000
      vertex 24.610008 42.137924 0.000000
      vertex 24.610008 42.137924 3.000000
    endloop
  endfacet
  facet normal 0.991445 0.130527 0.000000
    outer loop
      vertex 23.350000 43.779999 3.000000
      vertex 23.407927 43.340008 3.000000
      vertex 23.407927 43.340008 0.000000
    endloop
  endfacet
  facet normal 0.793354 0.608760 0.000000
    outer loop
      vertex 23.847918 42.577919 0.000000
      vertex 23.577757 42.930000 3.000000
      vertex 23.847918 42.577919 3.000000
    endloop
  endfacet
  facet normal 0.923880 0.382683 0.000000
    outer loop
      vertex 23.407927 43.340008 3.000000
      vertex 23.577757 42.930000 3.000000
      vertex 23.577757 42.930000 0.000000
    endloop
  endfacet
  facet normal 0.608764 0.793352 0.000000
    outer loop
      vertex 24.200001 42.307755 0.000000
      vertex 23.847918 42.577919 3.000000
      vertex 24.200001 42.307755 3.000000
    endloop
  endfacet
  facet normal 0.382683 0.923880 0.000000
    outer loop
      vertex 24.610008 42.137924 0.000000
      vertex 24.200001 42.307755 3.000000
      vertex 24.610008 42.137924 3.000000
    endloop
  endfacet
  facet normal 0.130518 0.991446 0.000000
    outer loop
      vertex 25.049999 42.080002 0.000000
      vertex 24.610008 42.137924 3.000000
      vertex 25.049999 42.080002 3.000000
    endloop
  endfacet
  facet normal 0.991445 0.130527 0.000000
    outer loop
      vertex 23.350000 43.779999 3.000000
      vertex 23.407927 43.340008 0.000000
      vertex 23.350000 43.779999 0.000000
    endloop
  endfacet
  facet normal 0.991445 -0.130526 0.000000
    outer loop
      vertex 23.350000 43.779999 0.000000
      vertex 23.407927 44.219994 0.000000
      vertex 23.407927 44.219994 3.000000
    endloop
  endfacet
  facet normal 0.923880 -0.382683 0.000000
    outer loop
      vertex 23.577757 44.630001 3.000000
      vertex 23.407927 44.219994 0.000000
      vertex 23.577757 44.630001 0.000000
    endloop
  endfacet
  facet normal 0.793354 -0.608760 0.000000
    outer loop
      vertex 23.577757 44.630001 0.000000
      vertex 23.847918 44.982082 0.000000
      vertex 23.847918 44.982082 3.000000
    endloop
  endfacet
  facet normal 0.608758 -0.793356 0.000000
    outer loop
      vertex 24.200001 45.252243 3.000000
      vertex 23.847918 44.982082 0.000000
      vertex 24.200001 45.252243 0.000000
    endloop
  endfacet
  facet normal 0.382683 -0.923880 0.000000
    outer loop
      vertex 24.610008 45.422073 3.000000
      vertex 24.200001 45.252243 0.000000
      vertex 24.610008 45.422073 0.000000
    endloop
  endfacet
  facet normal 0.130527 -0.991445 0.000000
    outer loop
      vertex 25.049999 45.480000 3.000000
      vertex 24.610008 45.422073 0.000000
      vertex 25.049999 45.480000 0.000000
    endloop
  endfacet
  facet normal 0.991445 -0.130526 0.000000
    outer loop
      vertex 23.407927 44.219994 3.000000
      vertex 23.350000 43.779999 3.000000
      vertex 23.350000 43.779999 0.000000
    endloop
  endfacet
  facet normal 0.923880 -0.382683 0.000000
    outer loop
      vertex 23.577757 44.630001 3.000000
      vertex 23.407927 44.219994 3.000000
      vertex 23.407927 44.219994 0.000000
    endloop
  endfacet
  facet normal 0.793354 -0.608760 0.000000
    outer loop
      vertex 23.847918 44.982082 3.000000
      vertex 23.577757 44.630001 3.000000
      vertex 23.577757 44.630001 0.000000
    endloop
  endfacet
  facet normal 0.608758 -0.793356 0.000000
    outer loop
      vertex 24.200001 45.252243 3.000000
      vertex 23.847918 44.982082 3.000000
      vertex 23.847918 44.982082 0.000000
    endloop
  endfacet
  facet normal 0.382683 -0.923880 0.000000
    outer loop
      vertex 24.610008 45.422073 3.000000
      vertex 24.200001 45.252243 3.000000
      vertex 24.200001 45.252243 0.000000
    endloop
  endfacet
  facet normal 0.130527 -0.991445 0.000000
    outer loop
      vertex 25.049999 45.480000 3.000000
      vertex 24.610008 45.422073 3.000000
      vertex 24.610008 45.422073 0.000000
    endloop
  endfacet
  facet normal -0.130518 0.991446 0.000000
    outer loop
      vertex 25.489992 42.137924 0.000000
      vertex 25.049999 42.080002 0.000000
      vertex 25.049999 42.080002 3.000000
    endloop
  endfacet
  facet normal -0.382683 0.923880 0.000000
    outer loop
      vertex 25.489992 42.137924 0.000000
      vertex 25.489992 42.137924 3.000000
      vertex 25.900000 42.307755 0.000000
    endloop
  endfacet
  facet normal -0.608766 0.793350 0.000000
    outer loop
      vertex 26.252081 42.577919 0.000000
      vertex 25.900000 42.307755 0.000000
      vertex 25.900000 42.307755 3.000000
    endloop
  endfacet
  facet normal -0.793352 0.608763 0.000000
    outer loop
      vertex 26.522243 42.930000 0.000000
      vertex 26.252081 42.577919 0.000000
      vertex 26.252081 42.577919 3.000000
    endloop
  endfacet
  facet normal -0.923880 0.382683 0.000000
    outer loop
      vertex 26.522243 42.930000 0.000000
      vertex 26.522243 42.930000 3.000000
      vertex 26.692074 43.340008 0.000000
    endloop
  endfacet
  facet normal -0.991445 0.130527 0.000000
    outer loop
      vertex 26.750000 43.779999 0.000000
      vertex 26.692074 43.340008 0.000000
      vertex 26.692074 43.340008 3.000000
    endloop
  endfacet
  facet normal -0.130518 0.991446 0.000000
    outer loop
      vertex 25.489992 42.137924 0.000000
      vertex 25.049999 42.080002 3.000000
      vertex 25.489992 42.137924 3.000000
    endloop
  endfacet
  facet normal -0.382683 0.923880 0.000000
    outer loop
      vertex 25.900000 42.307755 0.000000
      vertex 25.489992 42.137924 3.000000
      vertex 25.900000 42.307755 3.000000
    endloop
  endfacet
  facet normal -0.608766 0.793350 0.000000
    outer loop
      vertex 26.252081 42.577919 0.000000
      vertex 25.900000 42.307755 3.000000
      vertex 26.252081 42.577919 3.000000
    endloop
  endfacet
  facet normal -0.793352 0.608763 0.000000
    outer loop
      vertex 26.522243 42.930000 0.000000
      vertex 26.252081 42.577919 3.000000
      vertex 26.522243 42.930000 3.000000
    endloop
  endfacet
  facet normal -0.923880 0.382683 0.000000
    outer loop
      vertex 26.692074 43.340008 0.000000
      vertex 26.522243 42.930000 3.000000
      vertex 26.692074 43.340008 3.000000
    endloop
  endfacet
  facet normal -0.130526 -0.991445 0.000000
    outer loop
      vertex 25.489992 45.422073 3.000000
      vertex 25.049999 45.480000 0.000000
      vertex 25.489992 45.422073 0.000000
    endloop
  endfacet
  facet normal -0.382683 -0.923880 0.000000
    outer loop
      vertex 25.900000 45.252243 3.000000
      vertex 25.489992 45.422073 0.000000
      vertex 25.900000 45.252243 0.000000
    endloop
  endfacet
  facet normal -0.608760 -0.793354 0.000000
    outer loop
      vertex 25.900000 45.252243 0.000000
      vertex 26.252081 44.982082 0.000000
      vertex 26.252081 44.982082 3.000000
    endloop
  endfacet
  facet normal -0.793352 -0.608763 0.000000
    outer loop
      vertex 26.522243 44.630001 3.000000
      vertex 26.252081 44.982082 0.000000
      vertex 26.522243 44.630001 0.000000
    endloop
  endfacet
  facet normal -0.991445 -0.130526 0.000000
    outer loop
      vertex 26.750000 43.779999 3.000000
      vertex 26.692074 44.219994 0.000000
      vertex 26.750000 43.779999 0.000000
    endloop
  endfacet
  facet normal -0.923880 -0.382683 0.000000
    outer loop
      vertex 26.522243 44.630001 0.000000
      vertex 26.692074 44.219994 0.000000
      vertex 26.692074 44.219994 3.000000
    endloop
  endfacet
  facet normal -0.130526 -0.991445 0.000000
    outer loop
      vertex 25.489992 45.422073 3.000000
      vertex 25.049999 45.480000 3.000000
      vertex 25.049999 45.480000 0.000000
    endloop
  endfacet
  facet normal -0.382683 -0.923880 0.000000
    outer loop
      vertex 25.900000 45.252243 3.000000
      vertex 25.489992 45.422073 3.000000
      vertex 25.489992 45.422073 0.000000
    endloop
  endfacet
  facet normal -0.608760 -0.793354 0.000000
    outer loop
      vertex 26.252081 44.982082 3.000000
      vertex 25.900000 45.252243 3.000000
      vertex 25.900000 45.252243 0.000000
    endloop
  endfacet
  facet normal -0.793352 -0.608763 0.000000
    outer loop
      vertex 26.522243 44.630001 3.000000
      vertex 26.252081 44.982082 3.000000
      vertex 26.252081 44.982082 0.000000
    endloop
  endfacet
  facet normal -0.923880 -0.382683 0.000000
    outer loop
      vertex 26.692074 44.219994 3.000000
      vertex 26.522243 44.630001 3.000000
      vertex 26.522243 44.630001 0.000000
    endloop
  endfacet
  facet normal -0.991445 0.130527 0.000000
    outer loop
      vertex 26.750000 43.779999 0.000000
      vertex 26.692074 43.340008 3.000000
      vertex 26.750000 43.779999 3.000000
    endloop
  endfacet
  facet normal -0.991445 -0.130526 0.000000
    outer loop
      vertex 26.750000 43.779999 3.000000
      vertex 26.692074 44.219994 3.000000
      vertex 26.692074 44.219994 0.000000
    endloop
  endfacet
  facet normal 0.923880 0.382683 0.000000
    outer loop
      vertex 6.877757 5.150000 0.000000
      vertex 6.707926 5.560008 0.000000
      vertex 6.707926 5.560008 3.000000
    endloop
  endfacet
  facet normal 0.991445 0.130526 0.000000
    outer loop
      vertex 6.707926 5.560008 0.000000
      vertex 6.650000 6.000000 0.000000
      vertex 6.650000 6.000000 3.000000
    endloop
  endfacet
  facet normal 0.793353 0.608762 0.000000
    outer loop
      vertex 7.147919 4.797918 0.000000
      vertex 6.877757 5.150000 0.000000
      vertex 6.877757 5.150000 3.000000
    endloop
  endfacet
  facet normal 0.608762 0.793353 0.000000
    outer loop
      vertex 7.500000 4.527757 0.000000
      vertex 7.147919 4.797918 0.000000
      vertex 7.147919 4.797918 3.000000
    endloop
  endfacet
  facet normal 0.382684 0.923879 0.000000
    outer loop
      vertex 7.500000 4.527757 0.000000
      vertex 7.500000 4.527757 3.000000
      vertex 7.910007 4.357926 0.000000
    endloop
  endfacet
  facet normal 0.130525 0.991445 0.000000
    outer loop
      vertex 7.910007 4.357926 0.000000
      vertex 7.910007 4.357926 3.000000
      vertex 8.350000 4.300000 0.000000
    endloop
  endfacet
  facet normal 0.991445 0.130526 0.000000
    outer loop
      vertex 6.707926 5.560008 0.000000
      vertex 6.650000 6.000000 3.000000
      vertex 6.707926 5.560008 3.000000
    endloop
  endfacet
  facet normal 0.991445 -0.130526 0.000000
    outer loop
      vertex 6.707926 6.439992 3.000000
      vertex 6.650000 6.000000 3.000000
      vertex 6.650000 6.000000 0.000000
    endloop
  endfacet
  facet normal 0.923880 0.382683 0.000000
    outer loop
      vertex 6.877757 5.150000 0.000000
      vertex 6.707926 5.560008 3.000000
      vertex 6.877757 5.150000 3.000000
    endloop
  endfacet
  facet normal 0.793353 0.608762 0.000000
    outer loop
      vertex 7.147919 4.797918 0.000000
      vertex 6.877757 5.150000 3.000000
      vertex 7.147919 4.797918 3.000000
    endloop
  endfacet
  facet normal 0.608762 0.793353 0.000000
    outer loop
      vertex 7.500000 4.527757 0.000000
      vertex 7.147919 4.797918 3.000000
      vertex 7.500000 4.527757 3.000000
    endloop
  endfacet
  facet normal 0.382684 0.923879 0.000000
    outer loop
      vertex 7.910007 4.357926 0.000000
      vertex 7.500000 4.527757 3.000000
      vertex 7.910007 4.357926 3.000000
    endloop
  endfacet
  facet normal 0.130525 0.991445 0.000000
    outer loop
      vertex 8.350000 4.300000 0.000000
      vertex 7.910007 4.357926 3.000000
      vertex 8.350000 4.300000 3.000000
    endloop
  endfacet
  facet normal 0.991445 -0.130526 0.000000
    outer loop
      vertex 6.650000 6.000000 0.000000
      vertex 6.707926 6.439992 0.000000
      vertex 6.707926 6.439992 3.000000
    endloop
  endfacet
  facet normal 0.923880 -0.382683 0.000000
    outer loop
      vertex 6.707926 6.439992 0.000000
      vertex 6.877757 6.850000 0.000000
      vertex 6.877757 6.850000 3.000000
    endloop
  endfacet
  facet normal 0.793353 -0.608762 0.000000
    outer loop
      vertex 6.877757 6.850000 0.000000
      vertex 7.147919 7.202082 0.000000
      vertex 7.147919 7.202082 3.000000
    endloop
  endfacet
  facet normal 0.608762 -0.793353 0.000000
    outer loop
      vertex 7.147919 7.202082 0.000000
      vertex 7.500000 7.472243 0.000000
      vertex 7.500000 7.472243 3.000000
    endloop
  endfacet
  facet normal 0.382684 -0.923879 0.000000
    outer loop
      vertex 7.500000 7.472243 0.000000
      vertex 7.910007 7.642074 0.000000
      vertex 7.910007 7.642074 3.000000
    endloop
  endfacet
  facet normal 0.130525 -0.991445 0.000000
    outer loop
      vertex 7.910007 7.642074 0.000000
      vertex 8.350000 7.700000 0.000000
      vertex 8.350000 7.700000 3.000000
    endloop
  endfacet
  facet normal 0.923880 -0.382683 0.000000
    outer loop
      vertex 6.877757 6.850000 3.000000
      vertex 6.707926 6.439992 3.000000
      vertex 6.707926 6.439992 0.000000
    endloop
  endfacet
  facet normal 0.793353 -0.608762 0.000000
    outer loop
      vertex 7.147919 7.202082 3.000000
      vertex 6.877757 6.850000 3.000000
      vertex 6.877757 6.850000 0.000000
    endloop
  endfacet
  facet normal 0.608762 -0.793353 0.000000
    outer loop
      vertex 7.147919 7.202082 0.000000
      vertex 7.500000 7.472243 3.000000
      vertex 7.147919 7.202082 3.000000
    endloop
  endfacet
  facet normal 0.382684 -0.923879 0.000000
    outer loop
      vertex 7.910007 7.642074 3.000000
      vertex 7.500000 7.472243 3.000000
      vertex 7.500000 7.472243 0.000000
    endloop
  endfacet
  facet normal 0.130525 -0.991445 0.000000
    outer loop
      vertex 7.910007 7.642074 0.000000
      vertex 8.350000 7.700000 3.000000
      vertex 7.910007 7.642074 3.000000
    endloop
  endfacet
  facet normal -0.130525 0.991445 0.000000
    outer loop
      vertex 8.789992 4.357926 0.000000
      vertex 8.350000 4.300000 0.000000
      vertex 8.350000 4.300000 3.000000
    endloop
  endfacet
  facet normal -0.382684 0.923879 0.000000
    outer loop
      vertex 9.200000 4.527757 0.000000
      vertex 8.789992 4.357926 0.000000
      vertex 8.789992 4.357926 3.000000
    endloop
  endfacet
  facet normal -0.608762 0.793353 0.000000
    outer loop
      vertex 9.552081 4.797918 0.000000
      vertex 9.200000 4.527757 0.000000
      vertex 9.200000 4.527757 3.000000
    endloop
  endfacet
  facet normal -0.793354 0.608761 0.000000
    outer loop
      vertex 9.822243 5.150000 0.000000
      vertex 9.552081 4.797918 0.000000
      vertex 9.552081 4.797918 3.000000
    endloop
  endfacet
  facet normal -0.923879 0.382685 0.000000
    outer loop
      vertex 9.992074 5.560008 0.000000
      vertex 9.822243 5.150000 0.000000
      vertex 9.822243 5.150000 3.000000
    endloop
  endfacet
  facet normal -0.991445 0.130526 0.000000
    outer loop
      vertex 10.050000 6.000000 0.000000
      vertex 9.992074 5.560008 0.000000
      vertex 9.992074 5.560008 3.000000
    endloop
  endfacet
  facet normal -0.991445 -0.130526 0.000000
    outer loop
      vertex 9.992074 6.439992 0.000000
      vertex 10.050000 6.000000 0.000000
      vertex 10.050000 6.000000 3.000000
    endloop
  endfacet
  facet normal -0.130525 0.991445 0.000000
    outer loop
      vertex 8.350000 4.300000 3.000000
      vertex 8.789992 4.357926 3.000000
      vertex 8.789992 4.357926 0.000000
    endloop
  endfacet
  facet normal -0.382684 0.923879 0.000000
    outer loop
      vertex 9.200000 4.527757 0.000000
      vertex 8.789992 4.357926 3.000000
      vertex 9.200000 4.527757 3.000000
    endloop
  endfacet
  facet normal -0.608762 0.793353 0.000000
    outer loop
      vertex 9.200000 4.527757 3.000000
      vertex 9.552081 4.797918 3.000000
      vertex 9.552081 4.797918 0.000000
    endloop
  endfacet
  facet normal -0.793354 0.608761 0.000000
    outer loop
      vertex 9.552081 4.797918 3.000000
      vertex 9.822243 5.150000 3.000000
      vertex 9.822243 5.150000 0.000000
    endloop
  endfacet
  facet normal -0.923879 0.382685 0.000000
    outer loop
      vertex 9.992074 5.560008 0.000000
      vertex 9.822243 5.150000 3.000000
      vertex 9.992074 5.560008 3.000000
    endloop
  endfacet
  facet normal -0.991445 0.130526 0.000000
    outer loop
      vertex 10.050000 6.000000 0.000000
      vertex 9.992074 5.560008 3.000000
      vertex 10.050000 6.000000 3.000000
    endloop
  endfacet
  facet normal -0.130525 -0.991445 0.000000
    outer loop
      vertex 8.350000 7.700000 0.000000
      vertex 8.789992 7.642074 0.000000
      vertex 8.789992 7.642074 3.000000
    endloop
  endfacet
  facet normal -0.382684 -0.923879 0.000000
    outer loop
      vertex 8.789992 7.642074 0.000000
      vertex 9.200000 7.472243 0.000000
      vertex 9.200000 7.472243 3.000000
    endloop
  endfacet
  facet normal -0.793354 -0.608761 0.000000
    outer loop
      vertex 9.822243 6.850000 0.000000
      vertex 9.822243 6.850000 3.000000
      vertex 9.552081 7.202082 0.000000
    endloop
  endfacet
  facet normal -0.608762 -0.793353 0.000000
    outer loop
      vertex 9.200000 7.472243 0.000000
      vertex 9.552081 7.202082 0.000000
      vertex 9.552081 7.202082 3.000000
    endloop
  endfacet
  facet normal -0.923879 -0.382685 0.000000
    outer loop
      vertex 9.822243 6.850000 0.000000
      vertex 9.992074 6.439992 0.000000
      vertex 9.992074 6.439992 3.000000
    endloop
  endfacet
  facet normal -0.130525 -0.991445 0.000000
    outer loop
      vertex 8.350000 7.700000 0.000000
      vertex 8.789992 7.642074 3.000000
      vertex 8.350000 7.700000 3.000000
    endloop
  endfacet
  facet normal -0.382684 -0.923879 0.000000
    outer loop
      vertex 8.789992 7.642074 0.000000
      vertex 9.200000 7.472243 3.000000
      vertex 8.789992 7.642074 3.000000
    endloop
  endfacet
  facet normal -0.608762 -0.793353 0.000000
    outer loop
      vertex 9.552081 7.202082 3.000000
      vertex 9.200000 7.472243 3.000000
      vertex 9.200000 7.472243 0.000000
    endloop
  endfacet
  facet normal -0.923879 -0.382685 0.000000
    outer loop
      vertex 9.822243 6.850000 0.000000
      vertex 9.992074 6.439992 3.000000
      vertex 9.822243 6.850000 3.000000
    endloop
  endfacet
  facet normal -0.793354 -0.608761 0.000000
    outer loop
      vertex 9.552081 7.202082 0.000000
      vertex 9.822243 6.850000 3.000000
      vertex 9.552081 7.202082 3.000000
    endloop
  endfacet
  facet normal -0.991445 -0.130526 0.000000
    outer loop
      vertex 9.992074 6.439992 0.000000
      vertex 10.050000 6.000000 3.000000
      vertex 9.992074 6.439992 3.000000
    endloop
  endfacet
  facet normal 0.923880 0.382683 0.000000
    outer loop
      vertex 23.577757 5.150000 0.000000
      vertex 23.407927 5.560008 0.000000
      vertex 23.407927 5.560008 3.000000
    endloop
  endfacet
  facet normal 0.991445 0.130526 0.000000
    outer loop
      vertex 23.407927 5.560008 0.000000
      vertex 23.350000 6.000000 0.000000
      vertex 23.350000 6.000000 3.000000
    endloop
  endfacet
  facet normal 0.793355 0.608760 0.000000
    outer loop
      vertex 23.847918 4.797918 0.000000
      vertex 23.577757 5.150000 0.000000
      vertex 23.577757 5.150000 3.000000
    endloop
  endfacet
  facet normal 0.608760 0.793355 0.000000
    outer loop
      vertex 24.200001 4.527757 0.000000
      vertex 23.847918 4.797918 0.000000
      vertex 23.847918 4.797918 3.000000
    endloop
  endfacet
  facet normal 0.382684 0.923879 0.000000
    outer loop
      vertex 24.610008 4.357926 0.000000
      vertex 24.200001 4.527757 0.000000
      vertex 24.200001 4.527757 3.000000
    endloop
  endfacet
  facet normal 0.130526 0.991445 0.000000
    outer loop
      vertex 25.049999 4.300000 0.000000
      vertex 24.610008 4.357926 0.000000
      vertex 24.610008 4.357926 3.000000
    endloop
  endfacet
  facet normal 0.991445 0.130526 0.000000
    outer loop
      vertex 23.407927 5.560008 0.000000
      vertex 23.350000 6.000000 3.000000
      vertex 23.407927 5.560008 3.000000
    endloop
  endfacet
  facet normal 0.991445 -0.130526 0.000000
    outer loop
      vertex 23.407927 6.439992 3.000000
      vertex 23.350000 6.000000 3.000000
      vertex 23.350000 6.000000 0.000000
    endloop
  endfacet
  facet normal 0.923880 0.382683 0.000000
    outer loop
      vertex 23.577757 5.150000 0.000000
      vertex 23.407927 5.560008 3.000000
      vertex 23.577757 5.150000 3.000000
    endloop
  endfacet
  facet normal 0.793355 0.608760 0.000000
    outer loop
      vertex 23.847918 4.797918 0.000000
      vertex 23.577757 5.150000 3.000000
      vertex 23.847918 4.797918 3.000000
    endloop
  endfacet
  facet normal 0.608760 0.793355 0.000000
    outer loop
      vertex 24.200001 4.527757 0.000000
      vertex 23.847918 4.797918 3.000000
      vertex 24.200001 4.527757 3.000000
    endloop
  endfacet
  facet normal 0.382684 0.923879 0.000000
    outer loop
      vertex 24.610008 4.357926 0.000000
      vertex 24.200001 4.527757 3.000000
      vertex 24.610008 4.357926 3.000000
    endloop
  endfacet
  facet normal 0.130526 0.991445 0.000000
    outer loop
      vertex 25.049999 4.300000 0.000000
      vertex 24.610008 4.357926 3.000000
      vertex 25.049999 4.300000 3.000000
    endloop
  endfacet
  facet normal 0.991445 -0.130526 0.000000
    outer loop
      vertex 23.350000 6.000000 0.000000
      vertex 23.407927 6.439992 0.000000
      vertex 23.407927 6.439992 3.000000
    endloop
  endfacet
  facet normal 0.923880 -0.382683 0.000000
    outer loop
      vertex 23.407927 6.439992 0.000000
      vertex 23.577757 6.850000 0.000000
      vertex 23.577757 6.850000 3.000000
    endloop
  endfacet
  facet normal 0.793355 -0.608760 0.000000
    outer loop
      vertex 23.577757 6.850000 0.000000
      vertex 23.847918 7.202082 0.000000
      vertex 23.847918 7.202082 3.000000
    endloop
  endfacet
  facet normal 0.608760 -0.793355 0.000000
    outer loop
      vertex 23.847918 7.202082 0.000000
      vertex 24.200001 7.472243 0.000000
      vertex 24.200001 7.472243 3.000000
    endloop
  endfacet
  facet normal 0.382684 -0.923879 0.000000
    outer loop
      vertex 24.200001 7.472243 0.000000
      vertex 24.610008 7.642074 0.000000
      vertex 24.610008 7.642074 3.000000
    endloop
  endfacet
  facet normal 0.130526 -0.991445 0.000000
    outer loop
      vertex 24.610008 7.642074 0.000000
      vertex 25.049999 7.700000 0.000000
      vertex 25.049999 7.700000 3.000000
    endloop
  endfacet
  facet normal 0.923880 -0.382683 0.000000
    outer loop
      vertex 23.577757 6.850000 3.000000
      vertex 23.407927 6.439992 3.000000
      vertex 23.407927 6.439992 0.000000
    endloop
  endfacet
  facet normal 0.793355 -0.608760 0.000000
    outer loop
      vertex 23.847918 7.202082 3.000000
      vertex 23.577757 6.850000 3.000000
      vertex 23.577757 6.850000 0.000000
    endloop
  endfacet
  facet normal 0.608760 -0.793355 0.000000
    outer loop
      vertex 23.847918 7.202082 0.000000
      vertex 24.200001 7.472243 3.000000
      vertex 23.847918 7.202082 3.000000
    endloop
  endfacet
  facet normal 0.382684 -0.923879 0.000000
    outer loop
      vertex 24.610008 7.642074 3.000000
      vertex 24.200001 7.472243 3.000000
      vertex 24.200001 7.472243 0.000000
    endloop
  endfacet
  facet normal 0.130526 -0.991445 0.000000
    outer loop
      vertex 24.610008 7.642074 0.000000
      vertex 25.049999 7.700000 3.000000
      vertex 24.610008 7.642074 3.000000
    endloop
  endfacet
  facet normal -0.130525 0.991445 0.000000
    outer loop
      vertex 25.489992 4.357926 0.000000
      vertex 25.049999 4.300000 0.000000
      vertex 25.049999 4.300000 3.000000
    endloop
  endfacet
  facet normal -0.382684 0.923879 0.000000
    outer loop
      vertex 25.489992 4.357926 0.000000
      vertex 25.489992 4.357926 3.000000
      vertex 25.900000 4.527757 0.000000
    endloop
  endfacet
  facet normal -0.608762 0.793353 0.000000
    outer loop
      vertex 26.252081 4.797918 0.000000
      vertex 25.900000 4.527757 0.000000
      vertex 25.900000 4.527757 3.000000
    endloop
  endfacet
  facet normal -0.793353 0.608762 0.000000
    outer loop
      vertex 26.522243 5.150000 0.000000
      vertex 26.252081 4.797918 0.000000
      vertex 26.252081 4.797918 3.000000
    endloop
  endfacet
  facet normal -0.923880 0.382683 0.000000
    outer loop
      vertex 26.692074 5.560008 0.000000
      vertex 26.522243 5.150000 0.000000
      vertex 26.522243 5.150000 3.000000
    endloop
  endfacet
  facet normal -0.991445 0.130526 0.000000
    outer loop
      vertex 26.750000 6.000000 0.000000
      vertex 26.692074 5.560008 0.000000
      vertex 26.692074 5.560008 3.000000
    endloop
  endfacet
  facet normal -0.991445 -0.130526 0.000000
    outer loop
      vertex 26.692074 6.439992 0.000000
      vertex 26.750000 6.000000 0.000000
      vertex 26.750000 6.000000 3.000000
    endloop
  endfacet
  facet normal -0.130525 0.991445 0.000000
    outer loop
      vertex 25.049999 4.300000 3.000000
      vertex 25.489992 4.357926 3.000000
      vertex 25.489992 4.357926 0.000000
    endloop
  endfacet
  facet normal -0.382684 0.923879 0.000000
    outer loop
      vertex 25.900000 4.527757 0.000000
      vertex 25.489992 4.357926 3.000000
      vertex 25.900000 4.527757 3.000000
    endloop
  endfacet
  facet normal -0.608762 0.793353 0.000000
    outer loop
      vertex 25.900000 4.527757 3.000000
      vertex 26.252081 4.797918 3.000000
      vertex 26.252081 4.797918 0.000000
    endloop
  endfacet
  facet normal -0.793353 0.608762 0.000000
    outer loop
      vertex 26.252081 4.797918 3.000000
      vertex 26.522243 5.150000 3.000000
      vertex 26.522243 5.150000 0.000000
    endloop
  endfacet
  facet normal -0.923880 0.382683 0.000000
    outer loop
      vertex 26.692074 5.560008 0.000000
      vertex 26.522243 5.150000 3.000000
      vertex 26.692074 5.560008 3.000000
    endloop
  endfacet
  facet normal -0.991445 0.130526 0.000000
    outer loop
      vertex 26.750000 6.000000 0.000000
      vertex 26.692074 5.560008 3.000000
      vertex 26.750000 6.000000 3.000000
    endloop
  endfacet
  facet normal -0.130525 -0.991445 0.000000
    outer loop
      vertex 25.049999 7.700000 0.000000
      vertex 25.489992 7.642074 0.000000
      vertex 25.489992 7.642074 3.000000
    endloop
  endfacet
  facet normal -0.382684 -0.923879 0.000000
    outer loop
      vertex 25.489992 7.642074 0.000000
      vertex 25.900000 7.472243 0.000000
      vertex 25.900000 7.472243 3.000000
    endloop
  endfacet
  facet normal -0.793353 -0.608762 0.000000
    outer loop
      vertex 26.522243 6.850000 0.000000
      vertex 26.522243 6.850000 3.000000
      vertex 26.252081 7.202082 0.000000
    endloop
  endfacet
  facet normal -0.608762 -0.793353 0.000000
    outer loop
      vertex 25.900000 7.472243 0.000000
      vertex 26.252081 7.202082 0.000000
      vertex 26.252081 7.202082 3.000000
    endloop
  endfacet
  facet normal -0.923880 -0.382683 0.000000
    outer loop
      vertex 26.522243 6.850000 0.000000
      vertex 26.692074 6.439992 0.000000
      vertex 26.692074 6.439992 3.000000
    endloop
  endfacet
  facet normal -0.130525 -0.991445 0.000000
    outer loop
      vertex 25.049999 7.700000 0.000000
      vertex 25.489992 7.642074 3.000000
      vertex 25.049999 7.700000 3.000000
    endloop
  endfacet
  facet normal -0.382684 -0.923879 0.000000
    outer loop
      vertex 25.489992 7.642074 0.000000
      vertex 25.900000 7.472243 3.000000
      vertex 25.489992 7.642074 3.000000
    endloop
  endfacet
  facet normal -0.608762 -0.793353 0.000000
    outer loop
      vertex 26.252081 7.202082 3.000000
      vertex 25.900000 7.472243 3.000000
      vertex 25.900000 7.472243 0.000000
    endloop
  endfacet
  facet normal -0.923880 -0.382683 0.000000
    outer loop
      vertex 26.522243 6.850000 0.000000
      vertex 26.692074 6.439992 3.000000
      vertex 26.522243 6.850000 3.000000
    endloop
  endfacet
  facet normal -0.793353 -0.608762 0.000000
    outer loop
      vertex 26.252081 7.202082 0.000000
      vertex 26.522243 6.850000 3.000000
      vertex 26.252081 7.202082 3.000000
    endloop
  endfacet
  facet normal -0.991445 -0.130526 0.000000
    outer loop
      vertex 26.692074 6.439992 0.000000
      vertex 26.750000 6.000000 3.000000
      vertex 26.692074 6.439992 3.000000
    endloop
  endfacet
  facet normal 1.000000 0.000000 0.000000
    outer loop
      vertex 13.700000 13.400000 15.300000
      vertex 13.700000 13.766666 15.300000
      vertex 13.700000 13.400000 15.900000
    endloop
  endfacet
  facet normal 1.000000 0.000000 0.000000
    outer loop
      vertex 13.700000 13.400000 15.900000
      vertex 13.700000 14.000000 15.900000
      vertex 13.700000 13.400000 18.100000
    endloop
  endfacet
  facet normal 0.000000 1.000000 0.000000
    outer loop
      vertex 13.700000 13.400000 15.300000
      vertex 13.700000 13.400000 15.900000
      vertex 19.700001 13.400000 15.300000
    endloop
  endfacet
  facet normal 0.000000 0.000000 1.000000
    outer loop
      vertex 13.700000 13.400000 15.300000
      vertex 19.700001 13.766666 15.300000
      vertex 13.700000 13.766666 15.300000
    endloop
  endfacet
  facet normal 0.000000 1.000000 0.000000
    outer loop
      vertex 13.700000 13.400000 15.900000
      vertex 13.700000 13.400000 18.100000
      vertex 19.700001 13.400000 15.900000
    endloop
  endfacet
  facet normal 1.000000 0.000000 0.000000
    outer loop
      vertex 13.700000 13.400000 18.100000
      vertex 13.700000 14.000000 15.900000
      vertex 13.700000 14.000000 18.100000
    endloop
  endfacet
  facet normal 0.000000 0.000000 -1.000000
    outer loop
      vertex 13.700000 13.400000 18.100000
      vertex 13.700000 14.000000 18.100000
      vertex 19.700001 13.400000 18.100000
    endloop
  endfacet
  facet normal 0.000000 0.000000 1.000000
    outer loop
      vertex 13.700000 13.400000 15.300000
      vertex 19.700001 13.400000 15.300000
      vertex 19.700001 13.766666 15.300000
    endloop
  endfacet
  facet normal 0.000000 1.000000 0.000000
    outer loop
      vertex 13.700000 13.400000 15.900000
      vertex 19.700001 13.400000 15.900000
      vertex 19.700001 13.400000 15.300000
    endloop
  endfacet
  facet normal -1.000000 0.000000 0.000000
    outer loop
      vertex 19.700001 13.400000 15.300000
      vertex 19.700001 13.400000 15.900000
      vertex 19.700001 13.766666 15.300000
    endloop
  endfacet
  facet normal -1.000000 0.000000 0.000000
    outer loop
      vertex 19.700001 13.400000 15.900000
      vertex 19.700001 14.000000 18.100000
      vertex 19.700001 14.000000 15.900000
    endloop
  endfacet
  facet normal 0.000000 1.000000 0.000000
    outer loop
      vertex 13.700000 13.400000 18.100000
      vertex 19.700001 13.400000 18.100000
      vertex 19.700001 13.400000 15.900000
    endloop
  endfacet
  facet normal 0.000000 0.000000 -1.000000
    outer loop
      vertex 19.700001 13.400000 18.100000
      vertex 13.700000 14.000000 18.100000
      vertex 19.700001 14.000000 18.100000
    endloop
  endfacet
  facet normal -1.000000 0.000000 0.000000
    outer loop
      vertex 19.700001 13.400000 15.900000
      vertex 19.700001 13.400000 18.100000
      vertex 19.700001 14.000000 18.100000
    endloop
  endfacet
  facet normal 1.000000 0.000000 0.000000
    outer loop
      vertex 13.700000 13.766666 15.300000
      vertex 13.700000 14.000000 14.918181
      vertex 13.700000 14.000000 15.900000
    endloop
  endfacet
  facet normal 0.000000 0.000000 0.000000
    outer loop
      vertex 13.700000 13.766666 15.300000
      vertex 13.700000 13.400000 15.900000
      vertex 13.700000 13.400000 15.900000
    endloop
  endfacet
  facet normal 1.000000 0.000000 0.000000
    outer loop
      vertex 13.700000 13.766666 15.300000
      vertex 13.700000 14.000000 15.900000
      vertex 13.700000 13.400000 15.900000
    endloop
  endfacet
  facet normal 0.000000 0.000000 0.000000
    outer loop
      vertex 13.700000 13.400000 15.900000
      vertex 13.700000 13.400000 15.900000
      vertex 13.700000 13.400000 15.900000
    endloop
  endfacet
  facet normal 0.000000 0.000000 0.000000
    outer loop
      vertex 13.700000 13.400000 15.900000
      vertex 13.700000 14.000000 15.900000
      vertex 13.700000 13.400000 15.900000
    endloop
  endfacet
  facet normal 0.000000 0.000000 0.000000
    outer loop
      vertex 13.700000 13.400000 15.900000
      vertex 13.700000 14.000000 15.900000
      vertex 13.700000 14.000000 15.900000
    endloop
  endfacet
  facet normal 0.000000 0.853282 0.521450
    outer loop
      vertex 13.700000 13.766666 15.300000
      vertex 19.700001 14.000000 14.918181
      vertex 13.700000 14.000000 14.918181
    endloop
  endfacet
  facet normal 0.000000 0.000000 0.000000
    outer loop
      vertex 13.700000 13.400000 15.900000
      vertex 19.700001 13.400000 15.900000
      vertex 13.700000 13.400000 15.900000
    endloop
  endfacet
  facet normal 0.000000 0.853282 0.521450
    outer loop
      vertex 13.700000 13.766666 15.300000
      vertex 19.700001 13.766666 15.300000
      vertex 19.700001 14.000000 14.918181
    endloop
  endfacet
  facet normal 0.000000 0.000000 0.000000
    outer loop
      vertex 13.700000 13.400000 15.900000
      vertex 19.700001 13.400000 15.900000
      vertex 19.700001 13.400000 15.900000
    endloop
  endfacet
  facet normal -1.000000 0.000000 0.000000
    outer loop
      vertex 19.700001 13.766666 15.300000
      vertex 19.700001 14.000000 15.900000
      vertex 19.700001 14.000000 14.918181
    endloop
  endfacet
  facet normal 0.000000 0.000000 0.000000
    outer loop
      vertex 19.700001 13.766666 15.300000
      vertex 19.700001 13.400000 15.900000
      vertex 19.700001 13.400000 15.900000
    endloop
  endfacet
  facet normal -1.000000 0.000000 0.000000
    outer loop
      vertex 19.700001 13.766666 15.300000
      vertex 19.700001 13.400000 15.900000
      vertex 19.700001 14.000000 15.900000
    endloop
  endfacet
  facet normal 0.000000 0.000000 0.000000
    outer loop
      vertex 19.700001 13.400000 15.900000
      vertex 19.700001 13.400000 15.900000
      vertex 19.700001 13.400000 15.900000
    endloop
  endfacet
  facet normal 0.000000 0.000000 0.000000
    outer loop
      vertex 19.700001 13.400000 15.900000
      vertex 19.700001 13.400000 15.900000
      vertex 19.700001 14.000000 15.900000
    endloop
  endfacet
  facet normal 0.000000 0.000000 0.000000
    outer loop
      vertex 19.700001 13.400000 15.900000
      vertex 19.700001 14.000000 15.900000
      vertex 19.700001 14.000000 15.900000
    endloop
  endfacet
  facet normal 1.000000 0.000000 0.000000
    outer loop
      vertex 13.700000 36.013332 15.300000
      vertex 13.700000 36.379997 15.300000
      vertex 13.700000 36.379997 15.900000
    endloop
  endfacet
  facet normal 1.000000 0.000000 0.000000
    outer loop
      vertex 13.700000 36.379997 15.900000
      vertex 13.700000 35.779999 18.100000
      vertex 13.700000 35.779999 15.900000
    endloop
  endfacet
  facet normal 0.000000 0.000000 1.000000
    outer loop
      vertex 13.700000 36.013332 15.300000
      vertex 19.700001 36.379997 15.300000
      vertex 13.700000 36.379997 15.300000
    endloop
  endfacet
  facet normal 0.000000 -1.000000 0.000000
    outer loop
      vertex 13.700000 36.379997 15.300000
      vertex 19.700001 36.379997 18.100000
      vertex 13.700000 36.379997 15.900000
    endloop
  endfacet
  facet normal 1.000000 0.000000 0.000000
    outer loop
      vertex 13.700000 36.379997 15.900000
      vertex 13.700000 36.379997 18.100000
      vertex 13.700000 35.779999 18.100000
    endloop
  endfacet
  facet normal 0.000000 -1.000000 0.000000
    outer loop
      vertex 13.700000 36.379997 15.900000
      vertex 19.700001 36.379997 18.100000
      vertex 13.700000 36.379997 18.100000
    endloop
  endfacet
  facet normal 0.000000 0.000000 -1.000000
    outer loop
      vertex 13.700000 36.379997 18.100000
      vertex 19.700001 35.779999 18.100000
      vertex 13.700000 35.779999 18.100000
    endloop
  endfacet
  facet normal 0.000000 0.000000 1.000000
    outer loop
      vertex 13.700000 36.013332 15.300000
      vertex 19.700001 36.013332 15.300000
      vertex 19.700001 36.379997 15.300000
    endloop
  endfacet
  facet normal 0.000000 -1.000000 0.000000
    outer loop
      vertex 13.700000 36.379997 15.300000
      vertex 19.700001 36.379997 15.300000
      vertex 19.700001 36.379997 15.900000
    endloop
  endfacet
  facet normal 0.000000 -1.000000 0.000000
    outer loop
      vertex 13.700000 36.379997 15.300000
      vertex 19.700001 36.379997 15.900000
      vertex 19.700001 36.379997 18.100000
    endloop
  endfacet
  facet normal -1.000000 0.000000 0.000000
    outer loop
      vertex 19.700001 36.013332 15.300000
      vertex 19.700001 36.379997 15.900000
      vertex 19.700001 36.379997 15.300000
    endloop
  endfacet
  facet normal -1.000000 0.000000 0.000000
    outer loop
      vertex 19.700001 36.379997 15.900000
      vertex 19.700001 35.779999 15.900000
      vertex 19.700001 36.379997 18.100000
    endloop
  endfacet
  facet normal 0.000000 0.000000 -1.000000
    outer loop
      vertex 13.700000 36.379997 18.100000
      vertex 19.700001 36.379997 18.100000
      vertex 19.700001 35.779999 18.100000
    endloop
  endfacet
  facet normal -1.000000 0.000000 0.000000
    outer loop
      vertex 19.700001 36.379997 18.100000
      vertex 19.700001 35.779999 15.900000
      vertex 19.700001 35.779999 18.100000
    endloop
  endfacet
  facet normal 1.000000 0.000000 0.000000
    outer loop
      vertex 13.700000 36.013332 15.300000
      vertex 13.700000 35.779999 15.900000
      vertex 13.700000 35.779999 14.918181
    endloop
  endfacet
  facet normal 1.000000 0.000000 0.000000
    outer loop
      vertex 13.700000 36.013332 15.300000
      vertex 13.700000 36.379997 15.900000
      vertex 13.700000 35.779999 15.900000
    endloop
  endfacet
  facet normal 0.000000 0.000000 0.000000
    outer loop
      vertex 13.700000 36.013332 15.300000
      vertex 13.700000 36.379997 15.900000
      vertex 13.700000 36.379997 15.900000
    endloop
  endfacet
  facet normal 0.000000 0.000000 0.000000
    outer loop
      vertex 13.700000 36.379997 15.900000
      vertex 13.700000 35.779999 15.900000
      vertex 13.700000 35.779999 15.900000
    endloop
  endfacet
  facet normal 0.000000 0.000000 0.000000
    outer loop
      vertex 13.700000 36.379997 15.900000
      vertex 13.700000 36.379997 15.900000
      vertex 13.700000 35.779999 15.900000
    endloop
  endfacet
  facet normal 0.000000 -0.853282 0.521450
    outer loop
      vertex 13.700000 36.013332 15.300000
      vertex 13.700000 35.779999 14.918181
      vertex 19.700001 36.013332 15.300000
    endloop
  endfacet
  facet normal 0.000000 -0.853282 0.521450
    outer loop
      vertex 19.700001 36.013332 15.300000
      vertex 13.700000 35.779999 14.918181
      vertex 19.700001 35.779999 14.918181
    endloop
  endfacet
  facet normal -1.000000 0.000000 0.000000
    outer loop
      vertex 19.700001 36.013332 15.300000
      vertex 19.700001 35.779999 14.918181
      vertex 19.700001 35.779999 15.900000
    endloop
  endfacet
  facet normal -1.000000 0.000000 0.000000
    outer loop
      vertex 19.700001 36.013332 15.300000
      vertex 19.700001 35.779999 15.900000
      vertex 19.700001 36.379997 15.900000
    endloop
  endfacet
  facet normal 0.000000 0.000000 0.000000
    outer loop
      vertex 19.700001 36.013332 15.300000
      vertex 19.700001 36.379997 15.900000
      vertex 19.700001 36.379997 15.900000
    endloop
  endfacet
  facet normal 0.000000 0.000000 0.000000
    outer loop
      vertex 19.700001 36.379997 15.900000
      vertex 19.700001 35.779999 15.900000
      vertex 19.700001 35.779999 15.900000
    endloop
  endfacet
  facet normal 0.000000 0.000000 0.000000
    outer loop
      vertex 19.700001 36.379997 15.900000
      vertex 19.700001 35.779999 15.900000
      vertex 19.700001 36.379997 15.900000
    endloop
  endfacet
  facet normal 0.000000 0.000000 -1.000000
    outer loop
      vertex 38.400002 23.780001 2.000000
      vertex 40.400002 23.780001 2.000000
      vertex 38.468151 2.044439 2.000000
    endloop
  endfacet
  facet normal 1.000000 0.000000 0.000000
    outer loop
      vertex 38.400002 23.780001 2.000000
      vertex 38.400002 2.000000 0.000000
      vertex 38.400002 23.780001 0.000000
    endloop
  endfacet
  facet normal 0.000000 0.000000 1.000000
    outer loop
      vertex 38.400002 23.780001 0.000000
      vertex 40.400002 3.304192 0.000000
      vertex 40.400002 23.780001 0.000000
    endloop
  endfacet
  facet normal 0.000000 0.000000 1.000000
    outer loop
      vertex 38.400002 23.780001 0.000000
      vertex 38.400002 2.000000 0.000000
      vertex 40.400002 3.304192 0.000000
    endloop
  endfacet
  facet normal 0.000000 0.000000 -1.000000
    outer loop
      vertex 38.400002 23.780001 2.000000
      vertex 38.468151 2.044439 2.000000
      vertex 38.400002 2.000000 2.000000
    endloop
  endfacet
  facet normal 0.000000 0.000000 -1.000000
    outer loop
      vertex 40.400002 23.780001 2.000000
      vertex 40.400002 2.000000 2.000000
      vertex 38.468151 2.044439 2.000000
    endloop
  endfacet
  facet normal 1.000000 0.000000 0.000000
    outer loop
      vertex 38.400002 23.780001 2.000000
      vertex 38.400002 2.000000 2.000000
      vertex 38.400002 2.000000 0.000000
    endloop
  endfacet
  facet normal 0.000000 0.000000 -1.000000
    outer loop
      vertex 38.468151 2.044439 2.000000
      vertex 40.400002 2.000000 2.000000
      vertex 38.468151 2.000000 2.000000
    endloop
  endfacet
  facet normal 0.000000 0.000000 -1.000000
    outer loop
      vertex 53.636681 11.606856 2.000000
      vertex 55.898293 13.590001 2.000000
      vertex 53.849350 11.238499 2.000000
    endloop
  endfacet
  facet normal 0.000000 0.000000 -1.000000
    outer loop
      vertex 56.509361 14.125827 2.000000
      vertex 58.700001 15.495256 2.000000
      vertex 56.200001 13.590001 2.000000
    endloop
  endfacet
  facet normal 0.000000 0.000000 -1.000000
    outer loop
      vertex 53.849350 11.238499 2.000000
      vertex 56.200001 13.590001 2.000000
      vertex 58.700001 15.495256 2.000000
    endloop
  endfacet
  facet normal 0.000000 0.000000 -1.000000
    outer loop
      vertex 59.344872 16.612202 2.000000
      vertex 58.700001 15.495256 2.000000
      vertex 56.509361 14.125827 2.000000
    endloop
  endfacet
  facet normal 0.000000 0.000000 -1.000000
    outer loop
      vertex 53.849350 11.238499 2.000000
      vertex 58.700001 15.495256 2.000000
      vertex 59.373051 14.329501 2.000000
    endloop
  endfacet
  facet normal 0.000000 0.000000 -1.000000
    outer loop
      vertex 66.772331 23.125128 2.000000
      vertex 62.000000 17.400513 2.000000
      vertex 60.243874 17.400513 2.000000
    endloop
  endfacet
  facet normal 0.000000 0.000000 -1.000000
    outer loop
      vertex 66.772331 23.125128 2.000000
      vertex 71.731857 23.735561 2.000000
      vertex 62.698627 16.190456 2.000000
    endloop
  endfacet
  facet normal 0.000000 0.000000 -1.000000
    outer loop
      vertex 66.772331 23.125128 2.000000
      vertex 69.800003 23.780001 2.000000
      vertex 71.731857 23.780001 2.000000
    endloop
  endfacet
  facet normal 0.000000 0.000000 -1.000000
    outer loop
      vertex 66.772331 23.125128 2.000000
      vertex 71.731857 23.780001 2.000000
      vertex 71.731857 23.735561 2.000000
    endloop
  endfacet
  facet normal 0.000000 0.000000 -1.000000
    outer loop
      vertex 71.800003 23.780001 2.000000
      vertex 69.800003 20.164310 2.000000
      vertex 71.731857 23.735561 2.000000
    endloop
  endfacet
  facet normal 0.000000 0.000000 -1.000000
    outer loop
      vertex 71.731857 23.735561 2.000000
      vertex 69.800003 20.164310 2.000000
      vertex 62.698627 16.190456 2.000000
    endloop
  endfacet
  facet normal 0.000000 0.000000 -1.000000
    outer loop
      vertex 66.772331 23.125128 2.000000
      vertex 62.698627 16.190456 2.000000
      vertex 62.000000 17.400513 2.000000
    endloop
  endfacet
  facet normal -1.000000 0.000000 0.000000
    outer loop
      vertex 71.800003 23.780001 2.000000
      vertex 71.800003 23.780001 0.000000
      vertex 71.800003 2.000000 2.000000
    endloop
  endfacet
  facet normal 0.000000 0.000000 -1.000000
    outer loop
      vertex 71.800003 23.780001 2.000000
      vertex 71.800003 2.000000 2.000000
      vertex 69.800003 20.164310 2.000000
    endloop
  endfacet
  facet normal 0.000000 0.000000 1.000000
    outer loop
      vertex 71.800003 23.780001 0.000000
      vertex 69.800003 22.475809 0.000000
      vertex 71.800003 2.000000 0.000000
    endloop
  endfacet
  facet normal 0.000000 0.000000 -1.000000
    outer loop
      vertex 55.898293 13.590001 2.000000
      vertex 56.200001 13.590001 2.000000
      vertex 53.849350 11.238499 2.000000
    endloop
  endfacet
  facet normal 0.000000 0.000000 -1.000000
    outer loop
      vertex 69.800003 20.164310 2.000000
      vertex 71.800003 2.000000 2.000000
      vertex 69.800003 2.000000 2.000000
    endloop
  endfacet
  facet normal 0.000000 0.000000 1.000000
    outer loop
      vertex 69.800003 22.475809 0.000000
      vertex 69.800003 2.000000 0.000000
      vertex 71.800003 2.000000 0.000000
    endloop
  endfacet
  facet normal -1.000000 0.000000 0.000000
    outer loop
      vertex 71.800003 23.780001 0.000000
      vertex 71.800003 2.000000 0.000000
      vertex 71.800003 2.000000 2.000000
    endloop
  endfacet
  facet normal 0.000000 0.000000 -1.000000
    outer loop
      vertex 40.400002 25.780001 2.000000
      vertex 52.100002 23.580000 2.000000
      vertex 40.400002 23.780001 2.000000
    endloop
  endfacet
  facet normal 0.000000 0.000000 -1.000000
    outer loop
      vertex 40.400002 23.780001 2.000000
      vertex 50.400002 17.400513 2.000000
      vertex 48.200001 17.400513 2.000000
    endloop
  endfacet
  facet normal 0.000000 0.000000 1.000000
    outer loop
      vertex 40.400002 23.780001 0.000000
      vertex 48.200001 17.400513 0.000000
      vertex 50.400002 17.400513 0.000000
    endloop
  endfacet
  facet normal 0.000000 0.000000 -1.000000
    outer loop
      vertex 40.400002 23.780001 2.000000
      vertex 42.861328 7.928926 2.000000
      vertex 42.630302 7.496710 2.000000
    endloop
  endfacet
  facet normal 0.000000 0.000000 -1.000000
    outer loop
      vertex 40.400002 23.780001 2.000000
      vertex 43.172234 8.307768 2.000000
      vertex 42.861328 7.928926 2.000000
    endloop
  endfacet
  facet normal 0.000000 0.000000 -1.000000
    outer loop
      vertex 40.400002 23.780001 2.000000
      vertex 43.551075 8.618675 2.000000
      vertex 43.172234 8.307768 2.000000
    endloop
  endfacet
  facet normal 0.000000 0.000000 -1.000000
    outer loop
      vertex 40.400002 23.780001 2.000000
      vertex 48.200001 17.400513 2.000000
      vertex 47.100002 15.495256 2.000000
    endloop
  endfacet
  facet normal 0.000000 0.000000 1.000000
    outer loop
      vertex 40.400002 23.780001 0.000000
      vertex 47.100002 15.495256 0.000000
      vertex 48.200001 17.400513 0.000000
    endloop
  endfacet
  facet normal 0.000000 0.000000 -1.000000
    outer loop
      vertex 40.400002 23.780001 2.000000
      vertex 47.100002 15.495256 2.000000
      vertex 43.983292 8.849699 2.000000
    endloop
  endfacet
  facet normal 0.000000 0.000000 -1.000000
    outer loop
      vertex 40.400002 23.780001 2.000000
      vertex 43.983292 8.849699 2.000000
      vertex 43.551075 8.618675 2.000000
    endloop
  endfacet
  facet normal 0.000000 0.000000 1.000000
    outer loop
      vertex 40.400002 23.780001 0.000000
      vertex 40.400002 3.304192 0.000000
      vertex 47.100002 15.495256 0.000000
    endloop
  endfacet
  facet normal 0.000000 0.000000 -1.000000
    outer loop
      vertex 40.400002 23.780001 2.000000
      vertex 52.100002 23.580000 2.000000
      vertex 52.100002 21.980001 2.000000
    endloop
  endfacet
  facet normal 0.000000 0.000000 -1.000000
    outer loop
      vertex 40.400002 25.780001 2.000000
      vertex 58.100002 23.580000 2.000000
      vertex 52.100002 23.580000 2.000000
    endloop
  endfacet
  facet normal 0.000000 -1.000000 0.000000
    outer loop
      vertex 40.400002 25.780001 2.000000
      vertex 40.400002 25.780001 0.000000
      vertex 69.800003 25.780001 2.000000
    endloop
  endfacet
  facet normal 0.000000 0.000000 1.000000
    outer loop
      vertex 40.400002 25.780001 0.000000
      vertex 40.400002 23.780001 0.000000
      vertex 69.800003 25.780001 0.000000
    endloop
  endfacet
  facet normal 0.000000 0.000000 -1.000000
    outer loop
      vertex 40.400002 23.780001 2.000000
      vertex 52.100002 21.980001 2.000000
      vertex 50.400002 17.400513 2.000000
    endloop
  endfacet
  facet normal 0.000000 0.000000 1.000000
    outer loop
      vertex 40.400002 23.780001 0.000000
      vertex 50.400002 17.400513 0.000000
      vertex 54.000000 17.400513 0.000000
    endloop
  endfacet
  facet normal 0.000000 0.000000 1.000000
    outer loop
      vertex 40.400002 23.780001 0.000000
      vertex 54.000000 17.400513 0.000000
      vertex 69.800003 22.475809 0.000000
    endloop
  endfacet
  facet normal 0.000000 0.000000 -1.000000
    outer loop
      vertex 46.707767 8.307768 2.000000
      vertex 50.400002 13.590001 2.000000
      vertex 54.000000 17.400513 2.000000
    endloop
  endfacet
  facet normal 0.000000 0.000000 -1.000000
    outer loop
      vertex 52.100002 21.980001 2.000000
      vertex 54.000000 17.400513 2.000000
      vertex 50.400002 17.400513 2.000000
    endloop
  endfacet
  facet normal 0.000000 0.000000 -1.000000
    outer loop
      vertex 54.000000 17.400513 2.000000
      vertex 51.500000 15.495256 2.000000
      vertex 50.400002 17.400513 2.000000
    endloop
  endfacet
  facet normal 0.000000 0.000000 -1.000000
    outer loop
      vertex 52.100002 21.980001 2.000000
      vertex 56.200001 17.400513 2.000000
      vertex 54.000000 17.400513 2.000000
    endloop
  endfacet
  facet normal 0.000000 0.000000 1.000000
    outer loop
      vertex 50.400002 17.400513 0.000000
      vertex 52.900002 15.495256 0.000000
      vertex 54.000000 17.400513 0.000000
    endloop
  endfacet
  facet normal 0.000000 0.000000 -1.000000
    outer loop
      vertex 54.000000 17.400513 2.000000
      vertex 50.400002 13.590001 2.000000
      vertex 51.500000 15.495256 2.000000
    endloop
  endfacet
  facet normal 0.000000 0.000000 -1.000000
    outer loop
      vertex 46.707767 8.307768 2.000000
      vertex 54.000000 17.400513 2.000000
      vertex 52.900002 15.495256 2.000000
    endloop
  endfacet
  facet normal 0.000000 0.000000 -1.000000
    outer loop
      vertex 52.900002 15.495256 2.000000
      vertex 53.300003 12.190001 2.000000
      vertex 51.100002 12.190001 2.000000
    endloop
  endfacet
  facet normal 0.000000 0.000000 -1.000000
    outer loop
      vertex 52.900002 15.495256 2.000000
      vertex 54.000000 13.590001 2.000000
      vertex 53.300003 12.190001 2.000000
    endloop
  endfacet
  facet normal 0.000000 0.000000 -1.000000
    outer loop
      vertex 53.636681 11.606856 2.000000
      vertex 54.000000 13.590001 2.000000
      vertex 55.898293 13.590001 2.000000
    endloop
  endfacet
  facet normal 0.000000 0.000000 1.000000
    outer loop
      vertex 54.000000 13.590001 0.000000
      vertex 50.400002 17.400513 0.000000
      vertex 51.500000 15.495256 0.000000
    endloop
  endfacet
  facet normal 0.000000 0.000000 1.000000
    outer loop
      vertex 50.400002 17.400513 0.000000
      vertex 54.000000 13.590001 0.000000
      vertex 52.900002 15.495256 0.000000
    endloop
  endfacet
  facet normal 0.000000 0.000000 1.000000
    outer loop
      vertex 51.500000 15.495256 0.000000
      vertex 50.400002 13.590001 0.000000
      vertex 51.100002 12.190001 0.000000
    endloop
  endfacet
  facet normal 0.000000 0.000000 1.000000
    outer loop
      vertex 51.500000 15.495256 0.000000
      vertex 51.100002 12.190001 0.000000
      vertex 53.300003 12.190001 0.000000
    endloop
  endfacet
  facet normal 0.000000 0.000000 1.000000
    outer loop
      vertex 51.500000 15.495256 0.000000
      vertex 55.800003 10.284745 0.000000
      vertex 54.000000 13.590001 0.000000
    endloop
  endfacet
  facet normal 0.000000 0.000000 -1.000000
    outer loop
      vertex 40.400002 23.780001 2.000000
      vertex 42.630302 7.496710 2.000000
      vertex 42.488037 7.027727 2.000000
    endloop
  endfacet
  facet normal 0.000000 0.000000 -1.000000
    outer loop
      vertex 40.400002 23.780001 2.000000
      vertex 42.488037 7.027727 2.000000
      vertex 42.440002 6.540001 2.000000
    endloop
  endfacet
  facet normal 0.000000 0.000000 -1.000000
    outer loop
      vertex 40.400002 23.780001 2.000000
      vertex 42.440002 6.540001 2.000000
      vertex 42.488037 6.052275 2.000000
    endloop
  endfacet
  facet normal 0.000000 0.000000 -1.000000
    outer loop
      vertex 40.400002 23.780001 2.000000
      vertex 42.488037 6.052275 2.000000
      vertex 40.400002 2.000000 2.000000
    endloop
  endfacet
  facet normal 0.000000 0.000000 -1.000000
    outer loop
      vertex 44.452274 8.991964 2.000000
      vertex 43.983292 8.849699 2.000000
      vertex 47.100002 15.495256 2.000000
    endloop
  endfacet
  facet normal 0.000000 0.000000 -1.000000
    outer loop
      vertex 44.452274 8.991964 2.000000
      vertex 47.100002 15.495256 2.000000
      vertex 44.940002 9.040001 2.000000
    endloop
  endfacet
  facet normal 0.000000 0.000000 -1.000000
    outer loop
      vertex 44.940002 9.040001 2.000000
      vertex 47.100002 15.495256 2.000000
      vertex 45.427727 8.991964 2.000000
    endloop
  endfacet
  facet normal 0.000000 0.000000 -1.000000
    outer loop
      vertex 45.427727 8.991964 2.000000
      vertex 47.100002 15.495256 2.000000
      vertex 45.896709 8.849699 2.000000
    endloop
  endfacet
  facet normal 0.000000 0.000000 1.000000
    outer loop
      vertex 40.400002 3.304192 0.000000
      vertex 48.200001 13.590001 0.000000
      vertex 47.100002 15.495256 0.000000
    endloop
  endfacet
  facet normal 0.000000 0.000000 1.000000
    outer loop
      vertex 40.400002 3.304192 0.000000
      vertex 50.400002 13.590001 0.000000
      vertex 48.200001 13.590001 0.000000
    endloop
  endfacet
  facet normal 0.000000 0.000000 -1.000000
    outer loop
      vertex 42.488037 6.052275 2.000000
      vertex 42.630302 5.583292 2.000000
      vertex 40.400002 2.000000 2.000000
    endloop
  endfacet
  facet normal 0.000000 0.000000 -1.000000
    outer loop
      vertex 40.400002 2.000000 2.000000
      vertex 42.630302 5.583292 2.000000
      vertex 42.861328 5.151075 2.000000
    endloop
  endfacet
  facet normal 0.000000 0.000000 -1.000000
    outer loop
      vertex 40.400002 2.000000 2.000000
      vertex 42.861328 5.151075 2.000000
      vertex 43.172234 4.772234 2.000000
    endloop
  endfacet
  facet normal 0.000000 0.000000 -1.000000
    outer loop
      vertex 40.400002 2.000000 2.000000
      vertex 43.172234 4.772234 2.000000
      vertex 43.551075 4.461327 2.000000
    endloop
  endfacet
  facet normal 0.000000 0.000000 -1.000000
    outer loop
      vertex 40.400002 2.000000 2.000000
      vertex 43.983292 4.230301 2.000000
      vertex 40.400002 0.476397 2.000000
    endloop
  endfacet
  facet normal 0.000000 0.000000 -1.000000
    outer loop
      vertex 40.400002 0.476397 2.000000
      vertex 43.983292 4.230301 2.000000
      vertex 40.686031 0.250813 2.000000
    endloop
  endfacet
  facet normal 0.000000 0.000000 -1.000000
    outer loop
      vertex 40.400002 2.000000 2.000000
      vertex 43.551075 4.461327 2.000000
      vertex 43.983292 4.230301 2.000000
    endloop
  endfacet
  facet normal 0.000000 0.000000 -1.000000
    outer loop
      vertex 40.686031 0.250813 2.000000
      vertex 43.983292 4.230301 2.000000
      vertex 44.452274 4.088037 2.000000
    endloop
  endfacet
  facet normal 0.000000 0.000000 -1.000000
    outer loop
      vertex 40.686031 0.250813 2.000000
      vertex 44.452274 4.088037 2.000000
      vertex 44.940002 4.040001 2.000000
    endloop
  endfacet
  facet normal 0.000000 0.000000 -1.000000
    outer loop
      vertex 40.686031 0.250813 2.000000
      vertex 44.940002 4.040001 2.000000
      vertex 45.427727 4.088037 2.000000
    endloop
  endfacet
  facet normal 0.000000 0.000000 -1.000000
    outer loop
      vertex 40.400002 0.000000 2.000000
      vertex 40.686031 0.250813 2.000000
      vertex 52.100002 2.200001 2.000000
    endloop
  endfacet
  facet normal 0.000000 0.000000 -1.000000
    outer loop
      vertex 40.686031 0.250813 2.000000
      vertex 45.427727 4.088037 2.000000
      vertex 52.100002 2.200001 2.000000
    endloop
  endfacet
  facet normal 0.000000 0.000000 -1.000000
    outer loop
      vertex 45.896709 8.849699 2.000000
      vertex 47.100002 15.495256 2.000000
      vertex 48.200001 13.590001 2.000000
    endloop
  endfacet
  facet normal 0.000000 0.000000 -1.000000
    outer loop
      vertex 46.707767 8.307768 2.000000
      vertex 48.200001 13.590001 2.000000
      vertex 50.400002 13.590001 2.000000
    endloop
  endfacet
  facet normal 0.000000 0.000000 -1.000000
    outer loop
      vertex 45.896709 8.849699 2.000000
      vertex 48.200001 13.590001 2.000000
      vertex 46.328926 8.618675 2.000000
    endloop
  endfacet
  facet normal 0.000000 0.000000 -1.000000
    outer loop
      vertex 46.328926 8.618675 2.000000
      vertex 48.200001 13.590001 2.000000
      vertex 46.707767 8.307768 2.000000
    endloop
  endfacet
  facet normal 0.000000 0.000000 -1.000000
    outer loop
      vertex 47.391964 7.027727 2.000000
      vertex 52.900002 15.495256 2.000000
      vertex 51.100002 12.190001 2.000000
    endloop
  endfacet
  facet normal 0.000000 0.000000 -1.000000
    outer loop
      vertex 46.707767 8.307768 2.000000
      vertex 52.900002 15.495256 2.000000
      vertex 47.018677 7.928926 2.000000
    endloop
  endfacet
  facet normal 0.000000 0.000000 -1.000000
    outer loop
      vertex 47.018677 7.928926 2.000000
      vertex 52.900002 15.495256 2.000000
      vertex 47.249702 7.496710 2.000000
    endloop
  endfacet
  facet normal 0.000000 0.000000 -1.000000
    outer loop
      vertex 47.249702 7.496710 2.000000
      vertex 52.900002 15.495256 2.000000
      vertex 47.391964 7.027727 2.000000
    endloop
  endfacet
  facet normal 0.000000 0.000000 -1.000000
    outer loop
      vertex 47.391964 7.027727 2.000000
      vertex 51.100002 12.190001 2.000000
      vertex 50.000000 10.284745 2.000000
    endloop
  endfacet
  facet normal 0.000000 0.000000 1.000000
    outer loop
      vertex 40.400002 3.304192 0.000000
      vertex 51.100002 12.190001 0.000000
      vertex 50.400002 13.590001 0.000000
    endloop
  endfacet
  facet normal 0.000000 0.000000 -1.000000
    outer loop
      vertex 47.391964 7.027727 2.000000
      vertex 50.000000 10.284745 2.000000
      vertex 47.440002 6.540001 2.000000
    endloop
  endfacet
  facet normal 0.000000 0.000000 -1.000000
    outer loop
      vertex 47.440002 6.540001 2.000000
      vertex 50.000000 10.284745 2.000000
      vertex 51.100002 8.379488 2.000000
    endloop
  endfacet
  facet normal 0.000000 0.000000 -1.000000
    outer loop
      vertex 47.440002 6.540001 2.000000
      vertex 51.100002 8.379488 2.000000
      vertex 53.300003 8.379488 2.000000
    endloop
  endfacet
  facet normal 0.000000 0.000000 1.000000
    outer loop
      vertex 40.400002 3.304192 0.000000
      vertex 50.000000 10.284745 0.000000
      vertex 51.100002 12.190001 0.000000
    endloop
  endfacet
  facet normal 0.000000 0.000000 1.000000
    outer loop
      vertex 40.400002 3.304192 0.000000
      vertex 51.100002 8.379488 0.000000
      vertex 50.000000 10.284745 0.000000
    endloop
  endfacet
  facet normal 0.000000 0.000000 -1.000000
    outer loop
      vertex 53.636681 11.606856 2.000000
      vertex 53.300003 12.190001 2.000000
      vertex 54.000000 13.590001 2.000000
    endloop
  endfacet
  facet normal 0.000000 0.000000 -1.000000
    outer loop
      vertex 53.849350 11.238499 2.000000
      vertex 56.900002 12.190001 2.000000
      vertex 54.400002 10.284745 2.000000
    endloop
  endfacet
  facet normal 0.000000 0.000000 1.000000
    outer loop
      vertex 51.500000 15.495256 0.000000
      vertex 53.300003 12.190001 0.000000
      vertex 55.800003 10.284745 0.000000
    endloop
  endfacet
  facet normal 0.000000 0.000000 1.000000
    outer loop
      vertex 53.300003 12.190001 0.000000
      vertex 54.400002 10.284745 0.000000
      vertex 55.800003 10.284745 0.000000
    endloop
  endfacet
  facet normal 0.000000 0.000000 -1.000000
    outer loop
      vertex 47.440002 6.540001 2.000000
      vertex 53.300003 8.379488 2.000000
      vertex 56.900002 8.379488 2.000000
    endloop
  endfacet
  facet normal 0.000000 0.000000 -1.000000
    outer loop
      vertex 53.300003 8.379488 2.000000
      vertex 54.400002 10.284745 2.000000
      vertex 55.800003 10.284745 2.000000
    endloop
  endfacet
  facet normal 0.000000 0.000000 1.000000
    outer loop
      vertex 54.400002 10.284745 0.000000
      vertex 53.300003 8.379488 0.000000
      vertex 56.900002 8.379488 0.000000
    endloop
  endfacet
  facet normal 0.000000 0.000000 -1.000000
    outer loop
      vertex 47.249702 5.583292 2.000000
      vertex 52.100002 3.800001 2.000000
      vertex 47.018677 5.151075 2.000000
    endloop
  endfacet
  facet normal 0.000000 0.000000 -1.000000
    outer loop
      vertex 46.707767 4.772234 2.000000
      vertex 47.018677 5.151075 2.000000
      vertex 52.100002 3.800001 2.000000
    endloop
  endfacet
  facet normal 0.000000 0.000000 -1.000000
    outer loop
      vertex 45.896709 4.230301 2.000000
      vertex 46.328926 4.461327 2.000000
      vertex 52.100002 2.200001 2.000000
    endloop
  endfacet
  facet normal 0.000000 0.000000 -1.000000
    outer loop
      vertex 45.427727 4.088037 2.000000
      vertex 45.896709 4.230301 2.000000
      vertex 52.100002 2.200001 2.000000
    endloop
  endfacet
  facet normal 0.000000 0.000000 -1.000000
    outer loop
      vertex 46.328926 4.461327 2.000000
      vertex 46.707767 4.772234 2.000000
      vertex 52.100002 2.200001 2.000000
    endloop
  endfacet
  facet normal 0.000000 0.000000 -1.000000
    outer loop
      vertex 47.440002 6.540001 2.000000
      vertex 52.100002 3.800001 2.000000
      vertex 47.391964 6.052275 2.000000
    endloop
  endfacet
  facet normal 0.000000 0.000000 -1.000000
    outer loop
      vertex 47.391964 6.052275 2.000000
      vertex 52.100002 3.800001 2.000000
      vertex 47.249702 5.583292 2.000000
    endloop
  endfacet
  facet normal 0.000000 0.000000 -1.000000
    outer loop
      vertex 46.707767 4.772234 2.000000
      vertex 52.100002 3.800001 2.000000
      vertex 52.100002 2.200001 2.000000
    endloop
  endfacet
  facet normal 0.000000 0.000000 1.000000
    outer loop
      vertex 40.400002 3.304192 0.000000
      vertex 40.400002 0.000000 0.000000
      vertex 69.800003 0.000000 0.000000
    endloop
  endfacet
  facet normal 0.000000 1.000000 0.000000
    outer loop
      vertex 40.400002 0.000000 2.000000
      vertex 69.800003 0.000000 0.000000
      vertex 40.400002 0.000000 0.000000
    endloop
  endfacet
  facet normal 0.000000 0.000000 -1.000000
    outer loop
      vertex 47.440002 6.540001 2.000000
      vertex 58.100002 3.800001 2.000000
      vertex 52.100002 3.800001 2.000000
    endloop
  endfacet
  facet normal 0.000000 0.000000 1.000000
    outer loop
      vertex 40.400002 3.304192 0.000000
      vertex 69.800003 0.000000 0.000000
      vertex 51.100002 8.379488 0.000000
    endloop
  endfacet
  facet normal 0.000000 0.000000 -1.000000
    outer loop
      vertex 40.400002 0.000000 2.000000
      vertex 52.100002 2.200001 2.000000
      vertex 69.800003 0.000000 2.000000
    endloop
  endfacet
  facet normal 0.000000 0.000000 -1.000000
    outer loop
      vertex 40.400002 25.780001 2.000000
      vertex 69.800003 25.780001 2.000000
      vertex 58.100002 23.580000 2.000000
    endloop
  endfacet
  facet normal 0.000000 0.000000 -1.000000
    outer loop
      vertex 52.100002 21.980001 2.000000
      vertex 58.100002 21.980001 2.000000
      vertex 56.200001 17.400513 2.000000
    endloop
  endfacet
  facet normal 0.000000 0.000000 -1.000000
    outer loop
      vertex 58.100002 23.580000 2.000000
      vertex 69.800003 25.780001 2.000000
      vertex 58.100002 21.980001 2.000000
    endloop
  endfacet
  facet normal 0.000000 -1.000000 0.000000
    outer loop
      vertex 40.400002 25.780001 0.000000
      vertex 69.800003 25.780001 0.000000
      vertex 69.800003 25.780001 2.000000
    endloop
  endfacet
  facet normal 0.000000 0.000000 1.000000
    outer loop
      vertex 40.400002 23.780001 0.000000
      vertex 69.800003 22.475809 0.000000
      vertex 69.800003 25.780001 0.000000
    endloop
  endfacet
  facet normal 0.000000 0.000000 -1.000000
    outer loop
      vertex 66.772331 23.125128 2.000000
      vertex 60.243874 17.400513 2.000000
      vertex 58.100002 21.980001 2.000000
    endloop
  endfacet
  facet normal 0.000000 0.000000 -1.000000
    outer loop
      vertex 58.100002 21.980001 2.000000
      vertex 59.800003 17.400513 2.000000
      vertex 56.200001 17.400513 2.000000
    endloop
  endfacet
  facet normal 0.000000 0.000000 -1.000000
    outer loop
      vertex 59.800003 17.400513 2.000000
      vertex 57.300003 15.495256 2.000000
      vertex 56.200001 17.400513 2.000000
    endloop
  endfacet
  facet normal 0.000000 0.000000 1.000000
    outer loop
      vertex 56.200001 17.400513 0.000000
      vertex 57.300003 15.495256 0.000000
      vertex 58.700001 15.495256 0.000000
    endloop
  endfacet
  facet normal 0.000000 0.000000 1.000000
    outer loop
      vertex 56.200001 17.400513 0.000000
      vertex 58.700001 15.495256 0.000000
      vertex 59.800003 17.400513 0.000000
    endloop
  endfacet
  facet normal 0.000000 0.000000 -1.000000
    outer loop
      vertex 56.509361 14.125827 2.000000
      vertex 57.300003 15.495256 2.000000
      vertex 59.800003 17.400513 2.000000
    endloop
  endfacet
  facet normal 0.000000 0.000000 -1.000000
    outer loop
      vertex 59.344872 16.612202 2.000000
      vertex 56.509361 14.125827 2.000000
      vertex 59.800003 17.400513 2.000000
    endloop
  endfacet
  facet normal 0.000000 0.000000 -1.000000
    outer loop
      vertex 59.373051 14.329501 2.000000
      vertex 59.100002 12.190001 2.000000
      vertex 56.900002 12.190001 2.000000
    endloop
  endfacet
  facet normal 0.000000 0.000000 1.000000
    outer loop
      vertex 57.300003 15.495256 0.000000
      vertex 56.200001 13.590001 0.000000
      vertex 56.900002 12.190001 0.000000
    endloop
  endfacet
  facet normal 0.000000 0.000000 1.000000
    outer loop
      vertex 59.800003 13.590001 0.000000
      vertex 58.700001 15.495256 0.000000
      vertex 57.300003 15.495256 0.000000
    endloop
  endfacet
  facet normal 0.000000 0.000000 1.000000
    outer loop
      vertex 57.300003 15.495256 0.000000
      vertex 56.900002 12.190001 0.000000
      vertex 59.100002 12.190001 0.000000
    endloop
  endfacet
  facet normal 0.000000 0.000000 1.000000
    outer loop
      vertex 59.800003 13.590001 0.000000
      vertex 57.300003 15.495256 0.000000
      vertex 59.100002 12.190001 0.000000
    endloop
  endfacet
  facet normal 0.000000 0.000000 -1.000000
    outer loop
      vertex 58.100002 21.980001 2.000000
      vertex 60.243874 17.400513 2.000000
      vertex 59.800003 17.400513 2.000000
    endloop
  endfacet
  facet normal 0.000000 0.000000 1.000000
    outer loop
      vertex 69.800003 22.475809 0.000000
      vertex 54.000000 17.400513 0.000000
      vertex 56.200001 17.400513 0.000000
    endloop
  endfacet
  facet normal 0.000000 0.000000 1.000000
    outer loop
      vertex 69.800003 22.475809 0.000000
      vertex 56.200001 17.400513 0.000000
      vertex 59.800003 17.400513 0.000000
    endloop
  endfacet
  facet normal 0.000000 0.000000 -1.000000
    outer loop
      vertex 59.373051 14.329501 2.000000
      vertex 59.800003 13.590001 2.000000
      vertex 59.100002 12.190001 2.000000
    endloop
  endfacet
  facet normal 0.000000 0.000000 1.000000
    outer loop
      vertex 62.000000 13.590001 0.000000
      vertex 59.800003 13.590001 0.000000
      vertex 59.100002 12.190001 0.000000
    endloop
  endfacet
  facet normal 0.000000 0.000000 -1.000000
    outer loop
      vertex 68.077499 24.269590 2.000000
      vertex 66.772331 23.125128 2.000000
      vertex 58.100002 21.980001 2.000000
    endloop
  endfacet
  facet normal 0.000000 0.000000 -1.000000
    outer loop
      vertex 58.100002 21.980001 2.000000
      vertex 69.800003 25.780001 2.000000
      vertex 68.077499 24.269590 2.000000
    endloop
  endfacet
  facet normal 0.000000 0.000000 -1.000000
    outer loop
      vertex 66.772331 23.125128 2.000000
      vertex 68.077499 24.269590 2.000000
      vertex 69.800003 23.780001 2.000000
    endloop
  endfacet
  facet normal 0.000000 0.000000 -1.000000
    outer loop
      vertex 69.800003 20.164310 2.000000
      vertex 63.100002 15.495256 2.000000
      vertex 62.698627 16.190456 2.000000
    endloop
  endfacet
  facet normal 0.000000 0.000000 1.000000
    outer loop
      vertex 69.800003 22.475809 0.000000
      vertex 59.800003 17.400513 0.000000
      vertex 62.000000 17.400513 0.000000
    endloop
  endfacet
  facet normal 0.000000 0.000000 1.000000
    outer loop
      vertex 69.800003 22.475809 0.000000
      vertex 62.000000 17.400513 0.000000
      vertex 63.100002 15.495256 0.000000
    endloop
  endfacet
  facet normal 0.000000 0.000000 -1.000000
    outer loop
      vertex 69.800003 20.164310 2.000000
      vertex 63.871078 8.618675 2.000000
      vertex 63.100002 15.495256 2.000000
    endloop
  endfacet
  facet normal 0.000000 0.000000 1.000000
    outer loop
      vertex 69.800003 22.475809 0.000000
      vertex 63.100002 15.495256 0.000000
      vertex 69.800003 2.000000 0.000000
    endloop
  endfacet
  facet normal 0.000000 0.000000 -1.000000
    outer loop
      vertex 53.849350 11.238499 2.000000
      vertex 59.373051 14.329501 2.000000
      vertex 56.900002 12.190001 2.000000
    endloop
  endfacet
  facet normal 0.000000 0.000000 -1.000000
    outer loop
      vertex 54.400002 10.284745 2.000000
      vertex 56.900002 12.190001 2.000000
      vertex 55.800003 10.284745 2.000000
    endloop
  endfacet
  facet normal 0.000000 0.000000 1.000000
    outer loop
      vertex 55.800003 10.284745 0.000000
      vertex 56.200001 13.590001 0.000000
      vertex 54.000000 13.590001 0.000000
    endloop
  endfacet
  facet normal 0.000000 0.000000 1.000000
    outer loop
      vertex 55.800003 10.284745 0.000000
      vertex 56.900002 12.190001 0.000000
      vertex 56.200001 13.590001 0.000000
    endloop
  endfacet
  facet normal 0.000000 0.000000 -1.000000
    outer loop
      vertex 55.800003 10.284745 2.000000
      vertex 56.900002 8.379488 2.000000
      vertex 53.300003 8.379488 2.000000
    endloop
  endfacet
  facet normal 0.000000 0.000000 -1.000000
    outer loop
      vertex 47.440002 6.540001 2.000000
      vertex 56.900002 8.379488 2.000000
      vertex 62.760002 6.540001 2.000000
    endloop
  endfacet
  facet normal 0.000000 0.000000 1.000000
    outer loop
      vertex 54.400002 10.284745 0.000000
      vertex 56.900002 8.379488 0.000000
      vertex 55.800003 10.284745 0.000000
    endloop
  endfacet
  facet normal 0.000000 0.000000 -1.000000
    outer loop
      vertex 59.800003 13.590001 2.000000
      vertex 60.200001 10.284745 2.000000
      vertex 59.100002 12.190001 2.000000
    endloop
  endfacet
  facet normal 0.000000 0.000000 -1.000000
    outer loop
      vertex 59.800003 13.590001 2.000000
      vertex 62.000000 13.590001 2.000000
      vertex 60.200001 10.284745 2.000000
    endloop
  endfacet
  facet normal 0.000000 0.000000 -1.000000
    outer loop
      vertex 63.871078 8.618675 2.000000
      vertex 62.000000 13.590001 2.000000
      vertex 63.100002 15.495256 2.000000
    endloop
  endfacet
  facet normal 0.000000 0.000000 -1.000000
    outer loop
      vertex 63.871078 8.618675 2.000000
      vertex 60.200001 10.284745 2.000000
      vertex 62.000000 13.590001 2.000000
    endloop
  endfacet
  facet normal 0.000000 0.000000 1.000000
    outer loop
      vertex 62.000000 13.590001 0.000000
      vertex 59.100002 12.190001 0.000000
      vertex 60.200001 10.284745 0.000000
    endloop
  endfacet
  facet normal 0.000000 0.000000 -1.000000
    outer loop
      vertex 63.871078 8.618675 2.000000
      vertex 59.100002 8.379488 2.000000
      vertex 60.200001 10.284745 2.000000
    endloop
  endfacet
  facet normal 0.000000 0.000000 -1.000000
    outer loop
      vertex 62.808037 7.027727 2.000000
      vertex 56.900002 8.379488 2.000000
      vertex 59.100002 8.379488 2.000000
    endloop
  endfacet
  facet normal 0.000000 0.000000 -1.000000
    outer loop
      vertex 62.808037 7.027727 2.000000
      vertex 62.760002 6.540001 2.000000
      vertex 56.900002 8.379488 2.000000
    endloop
  endfacet
  facet normal 0.000000 0.000000 -1.000000
    outer loop
      vertex 63.181328 7.928926 2.000000
      vertex 59.100002 8.379488 2.000000
      vertex 63.492233 8.307768 2.000000
    endloop
  endfacet
  facet normal 0.000000 0.000000 -1.000000
    outer loop
      vertex 63.871078 8.618675 2.000000
      vertex 63.492233 8.307768 2.000000
      vertex 59.100002 8.379488 2.000000
    endloop
  endfacet
  facet normal 0.000000 0.000000 -1.000000
    outer loop
      vertex 63.181328 7.928926 2.000000
      vertex 62.950302 7.496710 2.000000
      vertex 59.100002 8.379488 2.000000
    endloop
  endfacet
  facet normal 0.000000 0.000000 -1.000000
    outer loop
      vertex 62.950302 7.496710 2.000000
      vertex 62.808037 7.027727 2.000000
      vertex 59.100002 8.379488 2.000000
    endloop
  endfacet
  facet normal 0.000000 0.000000 -1.000000
    outer loop
      vertex 47.440002 6.540001 2.000000
      vertex 63.871078 4.461327 2.000000
      vertex 58.100002 3.800001 2.000000
    endloop
  endfacet
  facet normal 0.000000 0.000000 -1.000000
    outer loop
      vertex 47.440002 6.540001 2.000000
      vertex 62.760002 6.540001 2.000000
      vertex 62.808037 6.052275 2.000000
    endloop
  endfacet
  facet normal 0.000000 0.000000 -1.000000
    outer loop
      vertex 47.440002 6.540001 2.000000
      vertex 62.808037 6.052275 2.000000
      vertex 62.950302 5.583292 2.000000
    endloop
  endfacet
  facet normal 0.000000 0.000000 -1.000000
    outer loop
      vertex 47.440002 6.540001 2.000000
      vertex 62.950302 5.583292 2.000000
      vertex 63.181328 5.151075 2.000000
    endloop
  endfacet
  facet normal 0.000000 0.000000 -1.000000
    outer loop
      vertex 47.440002 6.540001 2.000000
      vertex 63.181328 5.151075 2.000000
      vertex 63.492233 4.772234 2.000000
    endloop
  endfacet
  facet normal 0.000000 0.000000 -1.000000
    outer loop
      vertex 47.440002 6.540001 2.000000
      vertex 63.492233 4.772234 2.000000
      vertex 63.871078 4.461327 2.000000
    endloop
  endfacet
  facet normal 0.000000 0.000000 1.000000
    outer loop
      vertex 69.800003 0.000000 0.000000
      vertex 53.300003 8.379488 0.000000
      vertex 51.100002 8.379488 0.000000
    endloop
  endfacet
  facet normal 0.000000 0.000000 -1.000000
    outer loop
      vertex 58.100002 3.800001 2.000000
      vertex 63.871078 4.461327 2.000000
      vertex 58.100002 2.200001 2.000000
    endloop
  endfacet
  facet normal 0.000000 0.000000 -1.000000
    outer loop
      vertex 58.100002 2.200001 2.000000
      vertex 63.871078 4.461327 2.000000
      vertex 64.303291 4.230301 2.000000
    endloop
  endfacet
  facet normal 0.000000 0.000000 -1.000000
    outer loop
      vertex 58.100002 2.200001 2.000000
      vertex 64.303291 4.230301 2.000000
      vertex 64.772278 4.088037 2.000000
    endloop
  endfacet
  facet normal 0.000000 0.000000 1.000000
    outer loop
      vertex 69.800003 0.000000 0.000000
      vertex 56.900002 8.379488 0.000000
      vertex 53.300003 8.379488 0.000000
    endloop
  endfacet
  facet normal 0.000000 0.000000 1.000000
    outer loop
      vertex 69.800003 0.000000 0.000000
      vertex 59.100002 8.379488 0.000000
      vertex 56.900002 8.379488 0.000000
    endloop
  endfacet
  facet normal 0.000000 0.000000 1.000000
    outer loop
      vertex 69.800003 0.000000 0.000000
      vertex 60.200001 10.284745 0.000000
      vertex 59.100002 8.379488 0.000000
    endloop
  endfacet
  facet normal 0.000000 0.000000 -1.000000
    outer loop
      vertex 52.100002 2.200001 2.000000
      vertex 58.100002 2.200001 2.000000
      vertex 69.800003 0.000000 2.000000
    endloop
  endfacet
  facet normal 0.000000 1.000000 0.000000
    outer loop
      vertex 40.400002 0.000000 2.000000
      vertex 69.800003 0.000000 2.000000
      vertex 69.800003 0.000000 0.000000
    endloop
  endfacet
  facet normal 0.000000 0.000000 -1.000000
    outer loop
      vertex 69.800003 20.164310 2.000000
      vertex 64.303291 8.849699 2.000000
      vertex 63.871078 8.618675 2.000000
    endloop
  endfacet
  facet normal 0.000000 0.000000 -1.000000
    outer loop
      vertex 69.800003 20.164310 2.000000
      vertex 64.772278 8.991964 2.000000
      vertex 64.303291 8.849699 2.000000
    endloop
  endfacet
  facet normal 0.000000 0.000000 -1.000000
    outer loop
      vertex 69.800003 20.164310 2.000000
      vertex 65.260002 9.040001 2.000000
      vertex 64.772278 8.991964 2.000000
    endloop
  endfacet
  facet normal 0.000000 0.000000 -1.000000
    outer loop
      vertex 69.800003 20.164310 2.000000
      vertex 65.747726 8.991964 2.000000
      vertex 65.260002 9.040001 2.000000
    endloop
  endfacet
  facet normal 0.000000 0.000000 -1.000000
    outer loop
      vertex 69.800003 20.164310 2.000000
      vertex 66.216713 8.849699 2.000000
      vertex 65.747726 8.991964 2.000000
    endloop
  endfacet
  facet normal 0.000000 0.000000 -1.000000
    outer loop
      vertex 69.800003 20.164310 2.000000
      vertex 66.648926 8.618675 2.000000
      vertex 66.216713 8.849699 2.000000
    endloop
  endfacet
  facet normal 0.000000 0.000000 1.000000
    outer loop
      vertex 69.800003 2.000000 0.000000
      vertex 63.100002 15.495256 0.000000
      vertex 62.000000 13.590001 0.000000
    endloop
  endfacet
  facet normal 0.000000 0.000000 1.000000
    outer loop
      vertex 69.800003 2.000000 0.000000
      vertex 62.000000 13.590001 0.000000
      vertex 60.200001 10.284745 0.000000
    endloop
  endfacet
  facet normal 0.000000 0.000000 -1.000000
    outer loop
      vertex 69.800003 20.164310 2.000000
      vertex 67.027771 8.307768 2.000000
      vertex 66.648926 8.618675 2.000000
    endloop
  endfacet
  facet normal 0.000000 0.000000 -1.000000
    outer loop
      vertex 69.800003 20.164310 2.000000
      vertex 67.338676 7.928926 2.000000
      vertex 67.027771 8.307768 2.000000
    endloop
  endfacet
  facet normal 0.000000 0.000000 -1.000000
    outer loop
      vertex 69.800003 20.164310 2.000000
      vertex 67.569702 7.496710 2.000000
      vertex 67.338676 7.928926 2.000000
    endloop
  endfacet
  facet normal 0.000000 0.000000 -1.000000
    outer loop
      vertex 69.800003 20.164310 2.000000
      vertex 67.711967 7.027727 2.000000
      vertex 67.569702 7.496710 2.000000
    endloop
  endfacet
  facet normal 0.000000 0.000000 -1.000000
    outer loop
      vertex 69.800003 20.164310 2.000000
      vertex 69.800003 2.000000 2.000000
      vertex 67.711967 7.027727 2.000000
    endloop
  endfacet
  facet normal 0.000000 0.000000 -1.000000
    outer loop
      vertex 66.216713 4.230301 2.000000
      vertex 66.648926 4.461327 2.000000
      vertex 69.800003 2.000000 2.000000
    endloop
  endfacet
  facet normal 0.000000 0.000000 1.000000
    outer loop
      vertex 69.800003 2.000000 0.000000
      vertex 60.200001 10.284745 0.000000
      vertex 69.800003 0.000000 0.000000
    endloop
  endfacet
  facet normal 0.000000 0.000000 -1.000000
    outer loop
      vertex 58.100002 2.200001 2.000000
      vertex 64.772278 4.088037 2.000000
      vertex 69.800003 0.000000 2.000000
    endloop
  endfacet
  facet normal 0.000000 0.000000 -1.000000
    outer loop
      vertex 64.772278 4.088037 2.000000
      vertex 65.260002 4.040001 2.000000
      vertex 69.800003 0.000000 2.000000
    endloop
  endfacet
  facet normal 0.000000 0.000000 -1.000000
    outer loop
      vertex 65.260002 4.040001 2.000000
      vertex 65.747726 4.088037 2.000000
      vertex 69.800003 0.000000 2.000000
    endloop
  endfacet
  facet normal 0.000000 0.000000 -1.000000
    outer loop
      vertex 65.747726 4.088037 2.000000
      vertex 66.216713 4.230301 2.000000
      vertex 69.800003 0.000000 2.000000
    endloop
  endfacet
  facet normal 0.000000 0.000000 -1.000000
    outer loop
      vertex 67.711967 7.027727 2.000000
      vertex 69.800003 2.000000 2.000000
      vertex 67.760002 6.540001 2.000000
    endloop
  endfacet
  facet normal 0.000000 0.000000 -1.000000
    outer loop
      vertex 67.760002 6.540001 2.000000
      vertex 69.800003 2.000000 2.000000
      vertex 67.711967 6.052275 2.000000
    endloop
  endfacet
  facet normal 0.000000 0.000000 -1.000000
    outer loop
      vertex 67.569702 5.583292 2.000000
      vertex 67.711967 6.052275 2.000000
      vertex 69.800003 2.000000 2.000000
    endloop
  endfacet
  facet normal 0.000000 0.000000 -1.000000
    outer loop
      vertex 67.569702 5.583292 2.000000
      vertex 69.800003 2.000000 2.000000
      vertex 67.338676 5.151075 2.000000
    endloop
  endfacet
  facet normal 0.000000 0.000000 -1.000000
    outer loop
      vertex 66.648926 4.461327 2.000000
      vertex 67.027771 4.772234 2.000000
      vertex 69.800003 2.000000 2.000000
    endloop
  endfacet
  facet normal 0.000000 0.000000 -1.000000
    outer loop
      vertex 67.338676 5.151075 2.000000
      vertex 69.800003 2.000000 2.000000
      vertex 67.027771 4.772234 2.000000
    endloop
  endfacet
  facet normal 0.000000 0.000000 -1.000000
    outer loop
      vertex 66.216713 4.230301 2.000000
      vertex 69.800003 2.000000 2.000000
      vertex 69.800003 0.000000 2.000000
    endloop
  endfacet
  facet normal 0.000000 0.000000 -1.000000
    outer loop
      vertex 38.985786 25.194214 2.000000
      vertex 40.400002 25.780001 2.000000
      vertex 38.667950 24.780001 2.000000
    endloop
  endfacet
  facet normal 0.000000 0.000000 -1.000000
    outer loop
      vertex 38.667950 24.780001 2.000000
      vertex 40.400002 25.780001 2.000000
      vertex 38.468151 24.297638 2.000000
    endloop
  endfacet
  facet normal 0.000000 0.000000 -1.000000
    outer loop
      vertex 39.400002 25.512051 2.000000
      vertex 40.400002 25.780001 2.000000
      vertex 38.985786 25.194214 2.000000
    endloop
  endfacet
  facet normal 0.000000 0.000000 -1.000000
    outer loop
      vertex 39.400002 25.512051 2.000000
      vertex 39.882362 25.711853 2.000000
      vertex 40.400002 25.780001 2.000000
    endloop
  endfacet
  facet normal 0.000000 0.000000 -1.000000
    outer loop
      vertex 38.468151 24.297638 2.000000
      vertex 40.400002 25.780001 2.000000
      vertex 40.400002 23.780001 2.000000
    endloop
  endfacet
  facet normal 0.000000 0.000000 -1.000000
    outer loop
      vertex 38.468151 24.297638 2.000000
      vertex 40.400002 23.780001 2.000000
      vertex 38.400002 23.780001 2.000000
    endloop
  endfacet
  facet normal 0.608759 -0.793355 0.000000
    outer loop
      vertex 39.400002 25.512051 2.000000
      vertex 38.985786 25.194214 2.000000
      vertex 38.985786 25.194214 0.000000
    endloop
  endfacet
  facet normal 0.793354 -0.608761 0.000000
    outer loop
      vertex 38.985786 25.194214 2.000000
      vertex 38.667950 24.780001 2.000000
      vertex 38.667950 24.780001 0.000000
    endloop
  endfacet
  facet normal 0.923881 -0.382679 0.000000
    outer loop
      vertex 38.667950 24.780001 2.000000
      vertex 38.468151 24.297638 2.000000
      vertex 38.468151 24.297638 0.000000
    endloop
  endfacet
  facet normal 0.382687 -0.923878 0.000000
    outer loop
      vertex 39.400002 25.512051 2.000000
      vertex 39.400002 25.512051 0.000000
      vertex 39.882362 25.711853 2.000000
    endloop
  endfacet
  facet normal 0.130525 -0.991445 0.000000
    outer loop
      vertex 39.882362 25.711853 2.000000
      vertex 39.882362 25.711853 0.000000
      vertex 40.400002 25.780001 2.000000
    endloop
  endfacet
  facet normal 0.793354 -0.608761 0.000000
    outer loop
      vertex 38.985786 25.194214 2.000000
      vertex 38.667950 24.780001 0.000000
      vertex 38.985786 25.194214 0.000000
    endloop
  endfacet
  facet normal 0.608759 -0.793355 0.000000
    outer loop
      vertex 39.400002 25.512051 2.000000
      vertex 38.985786 25.194214 0.000000
      vertex 39.400002 25.512051 0.000000
    endloop
  endfacet
  facet normal 0.000000 0.000000 1.000000
    outer loop
      vertex 39.400002 25.512051 0.000000
      vertex 38.400002 23.780001 0.000000
      vertex 39.882362 25.711853 0.000000
    endloop
  endfacet
  facet normal 0.923881 -0.382679 0.000000
    outer loop
      vertex 38.667950 24.780001 2.000000
      vertex 38.468151 24.297638 0.000000
      vertex 38.667950 24.780001 0.000000
    endloop
  endfacet
  facet normal 0.000000 0.000000 1.000000
    outer loop
      vertex 38.985786 25.194214 0.000000
      vertex 38.667950 24.780001 0.000000
      vertex 38.400002 23.780001 0.000000
    endloop
  endfacet
  facet normal 0.000000 0.000000 1.000000
    outer loop
      vertex 38.667950 24.780001 0.000000
      vertex 38.468151 24.297638 0.000000
      vertex 38.400002 23.780001 0.000000
    endloop
  endfacet
  facet normal 0.000000 0.000000 1.000000
    outer loop
      vertex 39.400002 25.512051 0.000000
      vertex 38.985786 25.194214 0.000000
      vertex 38.400002 23.780001 0.000000
    endloop
  endfacet
  facet normal 0.382687 -0.923878 0.000000
    outer loop
      vertex 39.882362 25.711853 2.000000
      vertex 39.400002 25.512051 0.000000
      vertex 39.882362 25.711853 0.000000
    endloop
  endfacet
  facet normal 0.130525 -0.991445 0.000000
    outer loop
      vertex 40.400002 25.780001 2.000000
      vertex 39.882362 25.711853 0.000000
      vertex 40.400002 25.780001 0.000000
    endloop
  endfacet
  facet normal 0.000000 0.000000 1.000000
    outer loop
      vertex 39.882362 25.711853 0.000000
      vertex 38.400002 23.780001 0.000000
      vertex 40.400002 25.780001 0.000000
    endloop
  endfacet
  facet normal 0.000000 0.000000 1.000000
    outer loop
      vertex 40.400002 25.780001 0.000000
      vertex 38.400002 23.780001 0.000000
      vertex 40.400002 23.780001 0.000000
    endloop
  endfacet
  facet normal 0.991445 -0.130529 0.000000
    outer loop
      vertex 38.468151 24.297638 2.000000
      vertex 38.400002 23.780001 2.000000
      vertex 38.400002 23.780001 0.000000
    endloop
  endfacet
  facet normal 0.991445 -0.130529 0.000000
    outer loop
      vertex 38.468151 24.297638 2.000000
      vertex 38.400002 23.780001 0.000000
      vertex 38.468151 24.297638 0.000000
    endloop
  endfacet
  facet normal 0.000000 0.000000 -1.000000
    outer loop
      vertex 69.800003 25.780001 2.000000
      vertex 70.317642 25.711853 2.000000
      vertex 71.731857 23.780001 2.000000
    endloop
  endfacet
  facet normal 0.000000 0.000000 -1.000000
    outer loop
      vertex 68.077499 24.269590 2.000000
      vertex 69.800003 25.780001 2.000000
      vertex 71.731857 23.780001 2.000000
    endloop
  endfacet
  facet normal 0.000000 0.000000 -1.000000
    outer loop
      vertex 70.317642 25.711853 2.000000
      vertex 70.800003 25.512051 2.000000
      vertex 71.731857 23.780001 2.000000
    endloop
  endfacet
  facet normal 0.000000 0.000000 -1.000000
    outer loop
      vertex 70.800003 25.512051 2.000000
      vertex 71.214218 25.194214 2.000000
      vertex 71.731857 23.780001 2.000000
    endloop
  endfacet
  facet normal 0.000000 0.000000 -1.000000
    outer loop
      vertex 71.214218 25.194214 2.000000
      vertex 71.532051 24.780001 2.000000
      vertex 71.731857 23.780001 2.000000
    endloop
  endfacet
  facet normal 0.000000 0.000000 -1.000000
    outer loop
      vertex 71.532051 24.780001 2.000000
      vertex 71.731857 24.297638 2.000000
      vertex 71.731857 23.780001 2.000000
    endloop
  endfacet
  facet normal 0.000000 0.000000 -1.000000
    outer loop
      vertex 68.077499 24.269590 2.000000
      vertex 71.731857 23.780001 2.000000
      vertex 69.800003 23.780001 2.000000
    endloop
  endfacet
  facet normal 0.000000 0.000000 -1.000000
    outer loop
      vertex 71.731857 24.297638 2.000000
      vertex 71.800003 23.780001 2.000000
      vertex 71.731857 23.780001 2.000000
    endloop
  endfacet
  facet normal 0.000000 0.000000 -1.000000
    outer loop
      vertex 71.731857 23.780001 2.000000
      vertex 71.800003 23.780001 2.000000
      vertex 71.731857 23.735561 2.000000
    endloop
  endfacet
  facet normal -0.130525 -0.991445 0.000000
    outer loop
      vertex 69.800003 25.780001 2.000000
      vertex 69.800003 25.780001 0.000000
      vertex 70.317642 25.711853 2.000000
    endloop
  endfacet
  facet normal -0.382687 -0.923878 0.000000
    outer loop
      vertex 70.317642 25.711853 2.000000
      vertex 70.317642 25.711853 0.000000
      vertex 70.800003 25.512051 2.000000
    endloop
  endfacet
  facet normal -0.608759 -0.793355 0.000000
    outer loop
      vertex 70.800003 25.512051 2.000000
      vertex 70.800003 25.512051 0.000000
      vertex 71.214218 25.194214 2.000000
    endloop
  endfacet
  facet normal -0.793357 -0.608757 0.000000
    outer loop
      vertex 71.214218 25.194214 2.000000
      vertex 71.214218 25.194214 0.000000
      vertex 71.532051 24.780001 2.000000
    endloop
  endfacet
  facet normal -0.923876 -0.382692 0.000000
    outer loop
      vertex 71.532051 24.780001 2.000000
      vertex 71.532051 24.780001 0.000000
      vertex 71.731857 24.297638 2.000000
    endloop
  endfacet
  facet normal -0.130525 -0.991445 0.000000
    outer loop
      vertex 70.317642 25.711853 2.000000
      vertex 69.800003 25.780001 0.000000
      vertex 70.317642 25.711853 0.000000
    endloop
  endfacet
  facet normal -0.382687 -0.923878 0.000000
    outer loop
      vertex 70.800003 25.512051 2.000000
      vertex 70.317642 25.711853 0.000000
      vertex 70.800003 25.512051 0.000000
    endloop
  endfacet
  facet normal 0.000000 0.000000 1.000000
    outer loop
      vertex 69.800003 25.780001 0.000000
      vertex 70.800003 25.512051 0.000000
      vertex 70.317642 25.711853 0.000000
    endloop
  endfacet
  facet normal 0.000000 0.000000 1.000000
    outer loop
      vertex 69.800003 25.780001 0.000000
      vertex 71.214218 25.194214 0.000000
      vertex 70.800003 25.512051 0.000000
    endloop
  endfacet
  facet normal -0.608759 -0.793355 0.000000
    outer loop
      vertex 71.214218 25.194214 2.000000
      vertex 70.800003 25.512051 0.000000
      vertex 71.214218 25.194214 0.000000
    endloop
  endfacet
  facet normal 0.000000 0.000000 1.000000
    outer loop
      vertex 69.800003 25.780001 0.000000
      vertex 71.532051 24.780001 0.000000
      vertex 71.214218 25.194214 0.000000
    endloop
  endfacet
  facet normal -0.793357 -0.608757 0.000000
    outer loop
      vertex 71.532051 24.780001 2.000000
      vertex 71.214218 25.194214 0.000000
      vertex 71.532051 24.780001 0.000000
    endloop
  endfacet
  facet normal -0.923876 -0.382692 0.000000
    outer loop
      vertex 71.731857 24.297638 2.000000
      vertex 71.532051 24.780001 0.000000
      vertex 71.731857 24.297638 0.000000
    endloop
  endfacet
  facet normal 0.000000 0.000000 1.000000
    outer loop
      vertex 69.800003 25.780001 0.000000
      vertex 71.731857 24.297638 0.000000
      vertex 71.532051 24.780001 0.000000
    endloop
  endfacet
  facet normal 0.000000 0.000000 1.000000
    outer loop
      vertex 69.800003 25.780001 0.000000
      vertex 71.800003 23.780001 0.000000
      vertex 71.731857 24.297638 0.000000
    endloop
  endfacet
  facet normal -0.991445 -0.130522 0.000000
    outer loop
      vertex 71.731857 24.297638 2.000000
      vertex 71.731857 24.297638 0.000000
      vertex 71.800003 23.780001 2.000000
    endloop
  endfacet
  facet normal 0.000000 0.000000 1.000000
    outer loop
      vertex 69.800003 25.780001 0.000000
      vertex 69.800003 22.475809 0.000000
      vertex 71.800003 23.780001 0.000000
    endloop
  endfacet
  facet normal -0.991445 -0.130522 0.000000
    outer loop
      vertex 71.800003 23.780001 2.000000
      vertex 71.731857 24.297638 0.000000
      vertex 71.800003 23.780001 0.000000
    endloop
  endfacet
  facet normal 0.000000 0.000000 -1.000000
    outer loop
      vertex 38.468151 2.044439 2.000000
      vertex 38.468151 2.000000 2.000000
      vertex 38.400002 2.000000 2.000000
    endloop
  endfacet
  facet normal 0.000000 0.000000 -1.000000
    outer loop
      vertex 38.400002 2.000000 2.000000
      vertex 38.468151 2.000000 2.000000
      vertex 38.468151 1.482363 2.000000
    endloop
  endfacet
  facet normal 0.000000 0.000000 -1.000000
    outer loop
      vertex 38.468151 2.000000 2.000000
      vertex 38.667950 1.000000 2.000000
      vertex 38.468151 1.482363 2.000000
    endloop
  endfacet
  facet normal 0.000000 0.000000 -1.000000
    outer loop
      vertex 38.468151 2.000000 2.000000
      vertex 38.985786 0.585787 2.000000
      vertex 38.667950 1.000000 2.000000
    endloop
  endfacet
  facet normal 0.000000 0.000000 -1.000000
    outer loop
      vertex 38.468151 2.000000 2.000000
      vertex 39.400002 0.267950 2.000000
      vertex 38.985786 0.585787 2.000000
    endloop
  endfacet
  facet normal 0.000000 0.000000 -1.000000
    outer loop
      vertex 38.468151 2.000000 2.000000
      vertex 39.882362 0.068150 2.000000
      vertex 39.400002 0.267950 2.000000
    endloop
  endfacet
  facet normal 0.000000 0.000000 -1.000000
    outer loop
      vertex 38.468151 2.000000 2.000000
      vertex 40.400002 2.000000 2.000000
      vertex 40.400002 0.476397 2.000000
    endloop
  endfacet
  facet normal 0.000000 0.000000 -1.000000
    outer loop
      vertex 38.468151 2.000000 2.000000
      vertex 40.400002 0.476397 2.000000
      vertex 40.400002 0.000000 2.000000
    endloop
  endfacet
  facet normal 0.000000 0.000000 -1.000000
    outer loop
      vertex 38.468151 2.000000 2.000000
      vertex 40.400002 0.000000 2.000000
      vertex 39.882362 0.068150 2.000000
    endloop
  endfacet
  facet normal 0.000000 0.000000 -1.000000
    outer loop
      vertex 40.400002 0.476397 2.000000
      vertex 40.686031 0.250813 2.000000
      vertex 40.400002 0.000000 2.000000
    endloop
  endfacet
  facet normal 0.991445 0.130529 0.000000
    outer loop
      vertex 38.400002 2.000000 2.000000
      vertex 38.468151 1.482363 2.000000
      vertex 38.468151 1.482363 0.000000
    endloop
  endfacet
  facet normal 0.991445 0.130529 0.000000
    outer loop
      vertex 38.400002 2.000000 2.000000
      vertex 38.468151 1.482363 0.000000
      vertex 38.400002 2.000000 0.000000
    endloop
  endfacet
  facet normal 0.000000 0.000000 1.000000
    outer loop
      vertex 40.400002 3.304192 0.000000
      vertex 38.400002 2.000000 0.000000
      vertex 40.400002 0.000000 0.000000
    endloop
  endfacet
  facet normal 0.923881 0.382679 0.000000
    outer loop
      vertex 38.468151 1.482363 2.000000
      vertex 38.667950 1.000000 2.000000
      vertex 38.667950 1.000000 0.000000
    endloop
  endfacet
  facet normal 0.793354 0.608761 0.000000
    outer loop
      vertex 38.667950 1.000000 2.000000
      vertex 38.985786 0.585787 2.000000
      vertex 38.985786 0.585787 0.000000
    endloop
  endfacet
  facet normal 0.608759 0.793355 0.000000
    outer loop
      vertex 38.985786 0.585787 2.000000
      vertex 39.400002 0.267950 2.000000
      vertex 39.400002 0.267950 0.000000
    endloop
  endfacet
  facet normal 0.382684 0.923879 0.000000
    outer loop
      vertex 39.400002 0.267950 2.000000
      vertex 39.882362 0.068150 2.000000
      vertex 39.882362 0.068150 0.000000
    endloop
  endfacet
  facet normal 0.130528 0.991445 0.000000
    outer loop
      vertex 39.882362 0.068150 2.000000
      vertex 40.400002 0.000000 2.000000
      vertex 40.400002 0.000000 0.000000
    endloop
  endfacet
  facet normal 0.923881 0.382679 0.000000
    outer loop
      vertex 38.468151 1.482363 2.000000
      vertex 38.667950 1.000000 0.000000
      vertex 38.468151 1.482363 0.000000
    endloop
  endfacet
  facet normal 0.793354 0.608761 0.000000
    outer loop
      vertex 38.667950 1.000000 2.000000
      vertex 38.985786 0.585787 0.000000
      vertex 38.667950 1.000000 0.000000
    endloop
  endfacet
  facet normal 0.000000 0.000000 1.000000
    outer loop
      vertex 38.400002 2.000000 0.000000
      vertex 38.468151 1.482363 0.000000
      vertex 40.400002 0.000000 0.000000
    endloop
  endfacet
  facet normal 0.000000 0.000000 1.000000
    outer loop
      vertex 38.468151 1.482363 0.000000
      vertex 38.667950 1.000000 0.000000
      vertex 40.400002 0.000000 0.000000
    endloop
  endfacet
  facet normal 0.608759 0.793355 0.000000
    outer loop
      vertex 38.985786 0.585787 2.000000
      vertex 39.400002 0.267950 0.000000
      vertex 38.985786 0.585787 0.000000
    endloop
  endfacet
  facet normal 0.000000 0.000000 1.000000
    outer loop
      vertex 38.667950 1.000000 0.000000
      vertex 38.985786 0.585787 0.000000
      vertex 40.400002 0.000000 0.000000
    endloop
  endfacet
  facet normal 0.382684 0.923879 0.000000
    outer loop
      vertex 39.400002 0.267950 2.000000
      vertex 39.882362 0.068150 0.000000
      vertex 39.400002 0.267950 0.000000
    endloop
  endfacet
  facet normal 0.130528 0.991445 0.000000
    outer loop
      vertex 39.882362 0.068150 2.000000
      vertex 40.400002 0.000000 0.000000
      vertex 39.882362 0.068150 0.000000
    endloop
  endfacet
  facet normal 0.000000 0.000000 1.000000
    outer loop
      vertex 38.985786 0.585787 0.000000
      vertex 39.400002 0.267950 0.000000
      vertex 40.400002 0.000000 0.000000
    endloop
  endfacet
  facet normal 0.000000 0.000000 1.000000
    outer loop
      vertex 39.400002 0.267950 0.000000
      vertex 39.882362 0.068150 0.000000
      vertex 40.400002 0.000000 0.000000
    endloop
  endfacet
  facet normal 0.000000 0.000000 -1.000000
    outer loop
      vertex 69.800003 2.000000 2.000000
      vertex 71.800003 2.000000 2.000000
      vertex 71.731857 1.482363 2.000000
    endloop
  endfacet
  facet normal 0.000000 0.000000 -1.000000
    outer loop
      vertex 69.800003 2.000000 2.000000
      vertex 71.731857 1.482363 2.000000
      vertex 69.800003 0.000000 2.000000
    endloop
  endfacet
  facet normal 0.000000 0.000000 -1.000000
    outer loop
      vertex 69.800003 0.000000 2.000000
      vertex 70.800003 0.267950 2.000000
      vertex 70.317642 0.068150 2.000000
    endloop
  endfacet
  facet normal 0.000000 0.000000 -1.000000
    outer loop
      vertex 69.800003 0.000000 2.000000
      vertex 71.214218 0.585787 2.000000
      vertex 70.800003 0.267950 2.000000
    endloop
  endfacet
  facet normal 0.000000 0.000000 -1.000000
    outer loop
      vertex 69.800003 0.000000 2.000000
      vertex 71.731857 1.482363 2.000000
      vertex 71.532051 1.000000 2.000000
    endloop
  endfacet
  facet normal 0.000000 0.000000 -1.000000
    outer loop
      vertex 69.800003 0.000000 2.000000
      vertex 71.532051 1.000000 2.000000
      vertex 71.214218 0.585787 2.000000
    endloop
  endfacet
  facet normal -0.991445 0.130522 0.000000
    outer loop
      vertex 71.800003 2.000000 2.000000
      vertex 71.800003 2.000000 0.000000
      vertex 71.731857 1.482363 2.000000
    endloop
  endfacet
  facet normal -0.991445 0.130522 0.000000
    outer loop
      vertex 71.731857 1.482363 2.000000
      vertex 71.800003 2.000000 0.000000
      vertex 71.731857 1.482363 0.000000
    endloop
  endfacet
  facet normal -0.130528 0.991445 0.000000
    outer loop
      vertex 69.800003 0.000000 2.000000
      vertex 70.317642 0.068150 2.000000
      vertex 70.317642 0.068150 0.000000
    endloop
  endfacet
  facet normal -0.382684 0.923879 0.000000
    outer loop
      vertex 70.317642 0.068150 2.000000
      vertex 70.800003 0.267950 2.000000
      vertex 70.800003 0.267950 0.000000
    endloop
  endfacet
  facet normal -0.923876 0.382692 0.000000
    outer loop
      vertex 71.731857 1.482363 2.000000
      vertex 71.731857 1.482363 0.000000
      vertex 71.532051 1.000000 2.000000
    endloop
  endfacet
  facet normal -0.793357 0.608757 0.000000
    outer loop
      vertex 71.532051 1.000000 2.000000
      vertex 71.532051 1.000000 0.000000
      vertex 71.214218 0.585787 2.000000
    endloop
  endfacet
  facet normal -0.608759 0.793355 0.000000
    outer loop
      vertex 71.214218 0.585787 2.000000
      vertex 71.214218 0.585787 0.000000
      vertex 70.800003 0.267950 2.000000
    endloop
  endfacet
  facet normal 0.000000 0.000000 1.000000
    outer loop
      vertex 69.800003 2.000000 0.000000
      vertex 69.800003 0.000000 0.000000
      vertex 71.800003 2.000000 0.000000
    endloop
  endfacet
  facet normal -0.130528 0.991445 0.000000
    outer loop
      vertex 69.800003 0.000000 2.000000
      vertex 70.317642 0.068150 0.000000
      vertex 69.800003 0.000000 0.000000
    endloop
  endfacet
  facet normal -0.382684 0.923879 0.000000
    outer loop
      vertex 70.317642 0.068150 2.000000
      vertex 70.800003 0.267950 0.000000
      vertex 70.317642 0.068150 0.000000
    endloop
  endfacet
  facet normal 0.000000 0.000000 1.000000
    outer loop
      vertex 71.800003 2.000000 0.000000
      vertex 69.800003 0.000000 0.000000
      vertex 70.317642 0.068150 0.000000
    endloop
  endfacet
  facet normal -0.923876 0.382692 0.000000
    outer loop
      vertex 71.532051 1.000000 2.000000
      vertex 71.731857 1.482363 0.000000
      vertex 71.532051 1.000000 0.000000
    endloop
  endfacet
  facet normal 0.000000 0.000000 1.000000
    outer loop
      vertex 71.800003 2.000000 0.000000
      vertex 70.800003 0.267950 0.000000
      vertex 71.214218 0.585787 0.000000
    endloop
  endfacet
  facet normal 0.000000 0.000000 1.000000
    outer loop
      vertex 71.800003 2.000000 0.000000
      vertex 71.532051 1.000000 0.000000
      vertex 71.731857 1.482363 0.000000
    endloop
  endfacet
  facet normal 0.000000 0.000000 1.000000
    outer loop
      vertex 71.800003 2.000000 0.000000
      vertex 71.214218 0.585787 0.000000
      vertex 71.532051 1.000000 0.000000
    endloop
  endfacet
  facet normal -0.608759 0.793355 0.000000
    outer loop
      vertex 70.800003 0.267950 2.000000
      vertex 71.214218 0.585787 0.000000
      vertex 70.800003 0.267950 0.000000
    endloop
  endfacet
  facet normal -0.793357 0.608757 0.000000
    outer loop
      vertex 71.214218 0.585787 2.000000
      vertex 71.532051 1.000000 0.000000
      vertex 71.214218 0.585787 0.000000
    endloop
  endfacet
  facet normal 0.000000 0.000000 1.000000
    outer loop
      vertex 71.800003 2.000000 0.000000
      vertex 70.317642 0.068150 0.000000
      vertex 70.800003 0.267950 0.000000
    endloop
  endfacet
  facet normal 0.000000 0.000000 -1.000000
    outer loop
      vertex 42.488037 7.027727 14.200001
      vertex 42.488037 6.052275 14.200001
      vertex 42.440002 6.540001 14.200001
    endloop
  endfacet
  facet normal 0.000000 0.000000 -1.000000
    outer loop
      vertex 42.861328 7.928926 14.200001
      vertex 42.861328 5.151075 14.200001
      vertex 42.630302 7.496710 14.200001
    endloop
  endfacet
  facet normal 0.000000 0.000000 -1.000000
    outer loop
      vertex 43.172234 8.307768 14.200001
      vertex 43.172234 4.772234 14.200001
      vertex 42.861328 7.928926 14.200001
    endloop
  endfacet
  facet normal 0.000000 0.000000 -1.000000
    outer loop
      vertex 42.488037 7.027727 14.200001
      vertex 42.630302 7.496710 14.200001
      vertex 42.630302 5.583292 14.200001
    endloop
  endfacet
  facet normal 0.000000 0.000000 -1.000000
    outer loop
      vertex 43.551075 8.618675 14.200001
      vertex 43.551075 4.461327 14.200001
      vertex 43.172234 8.307768 14.200001
    endloop
  endfacet
  facet normal 0.000000 0.000000 -1.000000
    outer loop
      vertex 44.452274 8.991964 14.200001
      vertex 44.452274 4.088037 14.200001
      vertex 43.983292 8.849699 14.200001
    endloop
  endfacet
  facet normal 0.000000 0.000000 -1.000000
    outer loop
      vertex 43.551075 8.618675 14.200001
      vertex 43.983292 8.849699 14.200001
      vertex 43.983292 4.230301 14.200001
    endloop
  endfacet
  facet normal 0.000000 0.000000 -1.000000
    outer loop
      vertex 44.452274 8.991964 14.200001
      vertex 44.940002 9.040001 14.200001
      vertex 44.940002 4.040001 14.200001
    endloop
  endfacet
  facet normal 0.000000 0.000000 -1.000000
    outer loop
      vertex 44.940002 9.040001 14.200001
      vertex 45.427727 8.991964 14.200001
      vertex 45.427727 4.088037 14.200001
    endloop
  endfacet
  facet normal 0.000000 0.000000 -1.000000
    outer loop
      vertex 45.427727 8.991964 14.200001
      vertex 45.896709 8.849699 14.200001
      vertex 45.896709 4.230301 14.200001
    endloop
  endfacet
  facet normal 0.000000 0.000000 -1.000000
    outer loop
      vertex 45.896709 8.849699 14.200001
      vertex 46.328926 8.618675 14.200001
      vertex 46.328926 4.461327 14.200001
    endloop
  endfacet
  facet normal 0.000000 0.000000 -1.000000
    outer loop
      vertex 46.328926 8.618675 14.200001
      vertex 46.707767 8.307768 14.200001
      vertex 46.707767 4.772234 14.200001
    endloop
  endfacet
  facet normal 0.956940 -0.290286 0.000000
    outer loop
      vertex 42.488037 7.027727 14.200001
      vertex 42.488037 7.027727 2.000000
      vertex 42.630302 7.496710 14.200001
    endloop
  endfacet
  facet normal 0.995185 -0.098013 0.000000
    outer loop
      vertex 42.488037 7.027727 14.200001
      vertex 42.440002 6.540001 14.200001
      vertex 42.440002 6.540001 2.000000
    endloop
  endfacet
  facet normal 0.634394 -0.773010 0.000000
    outer loop
      vertex 43.551075 8.618675 14.200001
      vertex 43.172234 8.307768 14.200001
      vertex 43.172234 8.307768 2.000000
    endloop
  endfacet
  facet normal 0.290286 -0.956940 0.000000
    outer loop
      vertex 44.452274 8.991964 14.200001
      vertex 43.983292 8.849699 14.200001
      vertex 43.983292 8.849699 2.000000
    endloop
  endfacet
  facet normal 0.098016 -0.995185 0.000000
    outer loop
      vertex 44.452274 8.991964 14.200001
      vertex 44.452274 8.991964 2.000000
      vertex 44.940002 9.040001 14.200001
    endloop
  endfacet
  facet normal 0.471395 -0.881922 0.000000
    outer loop
      vertex 43.551075 8.618675 14.200001
      vertex 43.551075 8.618675 2.000000
      vertex 43.983292 8.849699 14.200001
    endloop
  endfacet
  facet normal 0.773012 -0.634391 0.000000
    outer loop
      vertex 43.172234 8.307768 14.200001
      vertex 42.861328 7.928926 14.200001
      vertex 42.861328 7.928926 2.000000
    endloop
  endfacet
  facet normal 0.881920 -0.471398 0.000000
    outer loop
      vertex 42.861328 7.928926 14.200001
      vertex 42.630302 7.496710 14.200001
      vertex 42.630302 7.496710 2.000000
    endloop
  endfacet
  facet normal -0.098017 -0.995185 0.000000
    outer loop
      vertex 44.940002 9.040001 14.200001
      vertex 44.940002 9.040001 2.000000
      vertex 45.427727 8.991964 14.200001
    endloop
  endfacet
  facet normal -0.290286 -0.956940 0.000000
    outer loop
      vertex 45.427727 8.991964 14.200001
      vertex 45.427727 8.991964 2.000000
      vertex 45.896709 8.849699 14.200001
    endloop
  endfacet
  facet normal -0.471395 -0.881922 0.000000
    outer loop
      vertex 45.896709 8.849699 14.200001
      vertex 45.896709 8.849699 2.000000
      vertex 46.328926 8.618675 14.200001
    endloop
  endfacet
  facet normal -0.634394 -0.773010 0.000000
    outer loop
      vertex 46.328926 8.618675 14.200001
      vertex 46.328926 8.618675 2.000000
      vertex 46.707767 8.307768 14.200001
    endloop
  endfacet
  facet normal 0.000000 0.000000 -1.000000
    outer loop
      vertex 42.488037 7.027727 14.200001
      vertex 42.630302 5.583292 14.200001
      vertex 42.488037 6.052275 14.200001
    endloop
  endfacet
  facet normal 0.000000 0.000000 -1.000000
    outer loop
      vertex 42.630302 7.496710 14.200001
      vertex 42.861328 5.151075 14.200001
      vertex 42.630302 5.583292 14.200001
    endloop
  endfacet
  facet normal 0.000000 0.000000 -1.000000
    outer loop
      vertex 42.861328 7.928926 14.200001
      vertex 43.172234 4.772234 14.200001
      vertex 42.861328 5.151075 14.200001
    endloop
  endfacet
  facet normal 0.000000 0.000000 -1.000000
    outer loop
      vertex 43.172234 8.307768 14.200001
      vertex 43.551075 4.461327 14.200001
      vertex 43.172234 4.772234 14.200001
    endloop
  endfacet
  facet normal 0.000000 0.000000 -1.000000
    outer loop
      vertex 43.551075 8.618675 14.200001
      vertex 43.983292 4.230301 14.200001
      vertex 43.551075 4.461327 14.200001
    endloop
  endfacet
  facet normal 0.000000 0.000000 -1.000000
    outer loop
      vertex 43.983292 8.849699 14.200001
      vertex 44.452274 4.088037 14.200001
      vertex 43.983292 4.230301 14.200001
    endloop
  endfacet
  facet normal 0.000000 0.000000 -1.000000
    outer loop
      vertex 44.452274 8.991964 14.200001
      vertex 44.940002 4.040001 14.200001
      vertex 44.452274 4.088037 14.200001
    endloop
  endfacet
  facet normal 0.000000 0.000000 -1.000000
    outer loop
      vertex 44.940002 9.040001 14.200001
      vertex 45.427727 4.088037 14.200001
      vertex 44.940002 4.040001 14.200001
    endloop
  endfacet
  facet normal 0.000000 0.000000 -1.000000
    outer loop
      vertex 45.427727 8.991964 14.200001
      vertex 45.896709 4.230301 14.200001
      vertex 45.427727 4.088037 14.200001
    endloop
  endfacet
  facet normal 0.000000 0.000000 -1.000000
    outer loop
      vertex 45.896709 8.849699 14.200001
      vertex 46.328926 4.461327 14.200001
      vertex 45.896709 4.230301 14.200001
    endloop
  endfacet
  facet normal 0.000000 0.000000 -1.000000
    outer loop
      vertex 46.328926 8.618675 14.200001
      vertex 46.707767 4.772234 14.200001
      vertex 46.328926 4.461327 14.200001
    endloop
  endfacet
  facet normal 0.995185 0.098013 0.000000
    outer loop
      vertex 42.440002 6.540001 14.200001
      vertex 42.488037 6.052275 14.200001
      vertex 42.488037 6.052275 2.000000
    endloop
  endfacet
  facet normal 0.956940 0.290286 0.000000
    outer loop
      vertex 42.488037 6.052275 14.200001
      vertex 42.630302 5.583292 14.200001
      vertex 42.630302 5.583292 2.000000
    endloop
  endfacet
  facet normal 0.881920 0.471398 0.000000
    outer loop
      vertex 42.630302 5.583292 14.200001
      vertex 42.861328 5.151075 14.200001
      vertex 42.861328 5.151075 2.000000
    endloop
  endfacet
  facet normal 0.773012 0.634391 0.000000
    outer loop
      vertex 42.861328 5.151075 14.200001
      vertex 43.172234 4.772234 14.200001
      vertex 43.172234 4.772234 2.000000
    endloop
  endfacet
  facet normal 0.634394 0.773010 0.000000
    outer loop
      vertex 43.172234 4.772234 14.200001
      vertex 43.551075 4.461327 14.200001
      vertex 43.551075 4.461327 2.000000
    endloop
  endfacet
  facet normal 0.471398 0.881920 0.000000
    outer loop
      vertex 43.551075 4.461327 14.200001
      vertex 43.983292 4.230301 14.200001
      vertex 43.983292 4.230301 2.000000
    endloop
  endfacet
  facet normal 0.290283 0.956941 0.000000
    outer loop
      vertex 43.983292 4.230301 14.200001
      vertex 44.452274 4.088037 14.200001
      vertex 44.452274 4.088037 2.000000
    endloop
  endfacet
  facet normal 0.098016 0.995185 0.000000
    outer loop
      vertex 44.452274 4.088037 14.200001
      vertex 44.940002 4.040001 14.200001
      vertex 44.940002 4.040001 2.000000
    endloop
  endfacet
  facet normal -0.098017 0.995185 0.000000
    outer loop
      vertex 44.940002 4.040001 14.200001
      vertex 45.427727 4.088037 14.200001
      vertex 45.427727 4.088037 2.000000
    endloop
  endfacet
  facet normal -0.290283 0.956941 0.000000
    outer loop
      vertex 45.427727 4.088037 14.200001
      vertex 45.896709 4.230301 14.200001
      vertex 45.896709 4.230301 2.000000
    endloop
  endfacet
  facet normal -0.471398 0.881920 0.000000
    outer loop
      vertex 45.896709 4.230301 14.200001
      vertex 46.328926 4.461327 14.200001
      vertex 46.328926 4.461327 2.000000
    endloop
  endfacet
  facet normal -0.634394 0.773010 0.000000
    outer loop
      vertex 46.328926 4.461327 14.200001
      vertex 46.707767 4.772234 14.200001
      vertex 46.707767 4.772234 2.000000
    endloop
  endfacet
  facet normal 0.000000 0.000000 -1.000000
    outer loop
      vertex 46.707767 8.307768 14.200001
      vertex 47.018677 7.928926 14.200001
      vertex 47.018677 5.151075 14.200001
    endloop
  endfacet
  facet normal 0.000000 0.000000 -1.000000
    outer loop
      vertex 47.018677 7.928926 14.200001
      vertex 47.249702 7.496710 14.200001
      vertex 47.249702 5.583292 14.200001
    endloop
  endfacet
  facet normal 0.000000 0.000000 -1.000000
    outer loop
      vertex 47.249702 7.496710 14.200001
      vertex 47.391964 7.027727 14.200001
      vertex 47.391964 6.052275 14.200001
    endloop
  endfacet
  facet normal 0.000000 0.000000 -1.000000
    outer loop
      vertex 47.391964 7.027727 14.200001
      vertex 47.440002 6.540001 14.200001
      vertex 47.391964 6.052275 14.200001
    endloop
  endfacet
  facet normal -0.773008 -0.634396 0.000000
    outer loop
      vertex 46.707767 8.307768 14.200001
      vertex 46.707767 8.307768 2.000000
      vertex 47.018677 7.928926 14.200001
    endloop
  endfacet
  facet normal -0.881920 -0.471398 0.000000
    outer loop
      vertex 47.018677 7.928926 14.200001
      vertex 47.018677 7.928926 2.000000
      vertex 47.249702 7.496710 14.200001
    endloop
  endfacet
  facet normal -0.956942 -0.290279 0.000000
    outer loop
      vertex 47.249702 7.496710 14.200001
      vertex 47.249702 7.496710 2.000000
      vertex 47.391964 7.027727 14.200001
    endloop
  endfacet
  facet normal -0.995184 -0.098020 0.000000
    outer loop
      vertex 47.391964 7.027727 14.200001
      vertex 47.391964 7.027727 2.000000
      vertex 47.440002 6.540001 14.200001
    endloop
  endfacet
  facet normal 0.000000 0.000000 -1.000000
    outer loop
      vertex 46.707767 8.307768 14.200001
      vertex 47.018677 5.151075 14.200001
      vertex 46.707767 4.772234 14.200001
    endloop
  endfacet
  facet normal 0.000000 0.000000 -1.000000
    outer loop
      vertex 47.018677 7.928926 14.200001
      vertex 47.249702 5.583292 14.200001
      vertex 47.018677 5.151075 14.200001
    endloop
  endfacet
  facet normal 0.000000 0.000000 -1.000000
    outer loop
      vertex 47.249702 7.496710 14.200001
      vertex 47.391964 6.052275 14.200001
      vertex 47.249702 5.583292 14.200001
    endloop
  endfacet
  facet normal -0.995184 0.098020 0.000000
    outer loop
      vertex 47.440002 6.540001 14.200001
      vertex 47.440002 6.540001 2.000000
      vertex 47.391964 6.052275 14.200001
    endloop
  endfacet
  facet normal -0.956942 0.290279 0.000000
    outer loop
      vertex 47.391964 6.052275 14.200001
      vertex 47.391964 6.052275 2.000000
      vertex 47.249702 5.583292 14.200001
    endloop
  endfacet
  facet normal -0.881920 0.471398 0.000000
    outer loop
      vertex 47.249702 5.583292 14.200001
      vertex 47.249702 5.583292 2.000000
      vertex 47.018677 5.151075 14.200001
    endloop
  endfacet
  facet normal -0.773008 0.634396 0.000000
    outer loop
      vertex 46.707767 4.772234 14.200001
      vertex 47.018677 5.151075 14.200001
      vertex 47.018677 5.151075 2.000000
    endloop
  endfacet
  facet normal 0.995185 -0.098013 0.000000
    outer loop
      vertex 42.488037 7.027727 14.200001
      vertex 42.440002 6.540001 2.000000
      vertex 42.488037 7.027727 2.000000
    endloop
  endfacet
  facet normal 0.773012 -0.634391 0.000000
    outer loop
      vertex 43.172234 8.307768 14.200001
      vertex 42.861328 7.928926 2.000000
      vertex 43.172234 8.307768 2.000000
    endloop
  endfacet
  facet normal 0.634394 -0.773010 0.000000
    outer loop
      vertex 43.551075 8.618675 14.200001
      vertex 43.172234 8.307768 2.000000
      vertex 43.551075 8.618675 2.000000
    endloop
  endfacet
  facet normal 0.290286 -0.956940 0.000000
    outer loop
      vertex 44.452274 8.991964 14.200001
      vertex 43.983292 8.849699 2.000000
      vertex 44.452274 8.991964 2.000000
    endloop
  endfacet
  facet normal 0.471395 -0.881922 0.000000
    outer loop
      vertex 43.983292 8.849699 14.200001
      vertex 43.551075 8.618675 2.000000
      vertex 43.983292 8.849699 2.000000
    endloop
  endfacet
  facet normal 0.881920 -0.471398 0.000000
    outer loop
      vertex 42.861328 7.928926 14.200001
      vertex 42.630302 7.496710 2.000000
      vertex 42.861328 7.928926 2.000000
    endloop
  endfacet
  facet normal 0.956940 -0.290286 0.000000
    outer loop
      vertex 42.630302 7.496710 14.200001
      vertex 42.488037 7.027727 2.000000
      vertex 42.630302 7.496710 2.000000
    endloop
  endfacet
  facet normal 0.098016 -0.995185 0.000000
    outer loop
      vertex 44.940002 9.040001 14.200001
      vertex 44.452274 8.991964 2.000000
      vertex 44.940002 9.040001 2.000000
    endloop
  endfacet
  facet normal -0.098017 -0.995185 0.000000
    outer loop
      vertex 45.427727 8.991964 14.200001
      vertex 44.940002 9.040001 2.000000
      vertex 45.427727 8.991964 2.000000
    endloop
  endfacet
  facet normal -0.290286 -0.956940 0.000000
    outer loop
      vertex 45.896709 8.849699 14.200001
      vertex 45.427727 8.991964 2.000000
      vertex 45.896709 8.849699 2.000000
    endloop
  endfacet
  facet normal -0.471395 -0.881922 0.000000
    outer loop
      vertex 46.328926 8.618675 14.200001
      vertex 45.896709 8.849699 2.000000
      vertex 46.328926 8.618675 2.000000
    endloop
  endfacet
  facet normal -0.634394 -0.773010 0.000000
    outer loop
      vertex 46.707767 8.307768 14.200001
      vertex 46.328926 8.618675 2.000000
      vertex 46.707767 8.307768 2.000000
    endloop
  endfacet
  facet normal 0.995185 0.098013 0.000000
    outer loop
      vertex 42.440002 6.540001 14.200001
      vertex 42.488037 6.052275 2.000000
      vertex 42.440002 6.540001 2.000000
    endloop
  endfacet
  facet normal 0.956940 0.290286 0.000000
    outer loop
      vertex 42.488037 6.052275 14.200001
      vertex 42.630302 5.583292 2.000000
      vertex 42.488037 6.052275 2.000000
    endloop
  endfacet
  facet normal 0.881920 0.471398 0.000000
    outer loop
      vertex 42.630302 5.583292 14.200001
      vertex 42.861328 5.151075 2.000000
      vertex 42.630302 5.583292 2.000000
    endloop
  endfacet
  facet normal 0.773012 0.634391 0.000000
    outer loop
      vertex 42.861328 5.151075 14.200001
      vertex 43.172234 4.772234 2.000000
      vertex 42.861328 5.151075 2.000000
    endloop
  endfacet
  facet normal 0.634394 0.773010 0.000000
    outer loop
      vertex 43.172234 4.772234 14.200001
      vertex 43.551075 4.461327 2.000000
      vertex 43.172234 4.772234 2.000000
    endloop
  endfacet
  facet normal 0.471398 0.881920 0.000000
    outer loop
      vertex 43.551075 4.461327 14.200001
      vertex 43.983292 4.230301 2.000000
      vertex 43.551075 4.461327 2.000000
    endloop
  endfacet
  facet normal 0.290283 0.956941 0.000000
    outer loop
      vertex 43.983292 4.230301 14.200001
      vertex 44.452274 4.088037 2.000000
      vertex 43.983292 4.230301 2.000000
    endloop
  endfacet
  facet normal 0.098016 0.995185 0.000000
    outer loop
      vertex 44.452274 4.088037 14.200001
      vertex 44.940002 4.040001 2.000000
      vertex 44.452274 4.088037 2.000000
    endloop
  endfacet
  facet normal -0.098017 0.995185 0.000000
    outer loop
      vertex 44.940002 4.040001 14.200001
      vertex 45.427727 4.088037 2.000000
      vertex 44.940002 4.040001 2.000000
    endloop
  endfacet
  facet normal -0.290283 0.956941 0.000000
    outer loop
      vertex 45.427727 4.088037 14.200001
      vertex 45.896709 4.230301 2.000000
      vertex 45.427727 4.088037 2.000000
    endloop
  endfacet
  facet normal -0.471398 0.881920 0.000000
    outer loop
      vertex 45.896709 4.230301 14.200001
      vertex 46.328926 4.461327 2.000000
      vertex 45.896709 4.230301 2.000000
    endloop
  endfacet
  facet normal -0.634394 0.773010 0.000000
    outer loop
      vertex 46.328926 4.461327 14.200001
      vertex 46.707767 4.772234 2.000000
      vertex 46.328926 4.461327 2.000000
    endloop
  endfacet
  facet normal -0.773008 -0.634396 0.000000
    outer loop
      vertex 47.018677 7.928926 14.200001
      vertex 46.707767 8.307768 2.000000
      vertex 47.018677 7.928926 2.000000
    endloop
  endfacet
  facet normal -0.881920 -0.471398 0.000000
    outer loop
      vertex 47.249702 7.496710 14.200001
      vertex 47.018677 7.928926 2.000000
      vertex 47.249702 7.496710 2.000000
    endloop
  endfacet
  facet normal -0.956942 -0.290279 0.000000
    outer loop
      vertex 47.391964 7.027727 14.200001
      vertex 47.249702 7.496710 2.000000
      vertex 47.391964 7.027727 2.000000
    endloop
  endfacet
  facet normal -0.995184 -0.098020 0.000000
    outer loop
      vertex 47.440002 6.540001 14.200001
      vertex 47.391964 7.027727 2.000000
      vertex 47.440002 6.540001 2.000000
    endloop
  endfacet
  facet normal -0.995184 0.098020 0.000000
    outer loop
      vertex 47.391964 6.052275 14.200001
      vertex 47.440002 6.540001 2.000000
      vertex 47.391964 6.052275 2.000000
    endloop
  endfacet
  facet normal -0.956942 0.290279 0.000000
    outer loop
      vertex 47.249702 5.583292 14.200001
      vertex 47.391964 6.052275 2.000000
      vertex 47.249702 5.583292 2.000000
    endloop
  endfacet
  facet normal -0.881920 0.471398 0.000000
    outer loop
      vertex 47.018677 5.151075 14.200001
      vertex 47.249702 5.583292 2.000000
      vertex 47.018677 5.151075 2.000000
    endloop
  endfacet
  facet normal -0.773008 0.634396 0.000000
    outer loop
      vertex 46.707767 4.772234 14.200001
      vertex 47.018677 5.151075 2.000000
      vertex 46.707767 4.772234 2.000000
    endloop
  endfacet
  facet normal 0.000000 0.000000 -1.000000
    outer loop
      vertex 62.950302 7.496710 14.200001
      vertex 62.950302 5.583292 14.200001
      vertex 62.808037 7.027727 14.200001
    endloop
  endfacet
  facet normal 0.000000 0.000000 -1.000000
    outer loop
      vertex 62.808037 7.027727 14.200001
      vertex 62.808037 6.052275 14.200001
      vertex 62.760002 6.540001 14.200001
    endloop
  endfacet
  facet normal 0.000000 0.000000 -1.000000
    outer loop
      vertex 63.181328 7.928926 14.200001
      vertex 63.181328 5.151075 14.200001
      vertex 62.950302 7.496710 14.200001
    endloop
  endfacet
  facet normal 0.000000 0.000000 -1.000000
    outer loop
      vertex 63.181328 7.928926 14.200001
      vertex 63.492233 8.307768 14.200001
      vertex 63.492233 4.772234 14.200001
    endloop
  endfacet
  facet normal 0.773012 -0.634391 0.000000
    outer loop
      vertex 63.181328 7.928926 14.200001
      vertex 63.181328 7.928926 2.000000
      vertex 63.492233 8.307768 14.200001
    endloop
  endfacet
  facet normal 0.881920 -0.471398 0.000000
    outer loop
      vertex 63.181328 7.928926 14.200001
      vertex 62.950302 7.496710 14.200001
      vertex 62.950302 7.496710 2.000000
    endloop
  endfacet
  facet normal 0.956940 -0.290286 0.000000
    outer loop
      vertex 62.950302 7.496710 14.200001
      vertex 62.808037 7.027727 14.200001
      vertex 62.808037 7.027727 2.000000
    endloop
  endfacet
  facet normal 0.995185 -0.098013 0.000000
    outer loop
      vertex 62.808037 7.027727 14.200001
      vertex 62.760002 6.540001 14.200001
      vertex 62.760002 6.540001 2.000000
    endloop
  endfacet
  facet normal 0.000000 0.000000 -1.000000
    outer loop
      vertex 62.808037 7.027727 14.200001
      vertex 62.950302 5.583292 14.200001
      vertex 62.808037 6.052275 14.200001
    endloop
  endfacet
  facet normal 0.000000 0.000000 -1.000000
    outer loop
      vertex 62.950302 7.496710 14.200001
      vertex 63.181328 5.151075 14.200001
      vertex 62.950302 5.583292 14.200001
    endloop
  endfacet
  facet normal 0.000000 0.000000 -1.000000
    outer loop
      vertex 63.181328 7.928926 14.200001
      vertex 63.492233 4.772234 14.200001
      vertex 63.181328 5.151075 14.200001
    endloop
  endfacet
  facet normal 0.995185 0.098013 0.000000
    outer loop
      vertex 62.760002 6.540001 14.200001
      vertex 62.808037 6.052275 14.200001
      vertex 62.808037 6.052275 2.000000
    endloop
  endfacet
  facet normal 0.956940 0.290286 0.000000
    outer loop
      vertex 62.808037 6.052275 14.200001
      vertex 62.950302 5.583292 14.200001
      vertex 62.950302 5.583292 2.000000
    endloop
  endfacet
  facet normal 0.881920 0.471398 0.000000
    outer loop
      vertex 62.950302 5.583292 14.200001
      vertex 63.181328 5.151075 14.200001
      vertex 63.181328 5.151075 2.000000
    endloop
  endfacet
  facet normal 0.773012 0.634391 0.000000
    outer loop
      vertex 63.181328 5.151075 14.200001
      vertex 63.492233 4.772234 14.200001
      vertex 63.492233 4.772234 2.000000
    endloop
  endfacet
  facet normal 0.000000 0.000000 -1.000000
    outer loop
      vertex 63.871078 8.618675 14.200001
      vertex 63.871078 4.461327 14.200001
      vertex 63.492233 8.307768 14.200001
    endloop
  endfacet
  facet normal 0.000000 0.000000 -1.000000
    outer loop
      vertex 63.871078 8.618675 14.200001
      vertex 64.303291 8.849699 14.200001
      vertex 64.303291 4.230301 14.200001
    endloop
  endfacet
  facet normal 0.000000 0.000000 -1.000000
    outer loop
      vertex 64.303291 8.849699 14.200001
      vertex 64.772278 8.991964 14.200001
      vertex 64.772278 4.088037 14.200001
    endloop
  endfacet
  facet normal 0.000000 0.000000 -1.000000
    outer loop
      vertex 64.772278 8.991964 14.200001
      vertex 65.260002 9.040001 14.200001
      vertex 65.260002 4.040001 14.200001
    endloop
  endfacet
  facet normal 0.000000 0.000000 -1.000000
    outer loop
      vertex 65.260002 9.040001 14.200001
      vertex 65.747726 8.991964 14.200001
      vertex 65.747726 4.088037 14.200001
    endloop
  endfacet
  facet normal 0.000000 0.000000 -1.000000
    outer loop
      vertex 65.747726 8.991964 14.200001
      vertex 66.216713 8.849699 14.200001
      vertex 66.216713 4.230301 14.200001
    endloop
  endfacet
  facet normal 0.000000 0.000000 -1.000000
    outer loop
      vertex 66.216713 8.849699 14.200001
      vertex 66.648926 8.618675 14.200001
      vertex 66.648926 4.461327 14.200001
    endloop
  endfacet
  facet normal 0.000000 0.000000 -1.000000
    outer loop
      vertex 66.648926 8.618675 14.200001
      vertex 67.027771 8.307768 14.200001
      vertex 67.027771 4.772234 14.200001
    endloop
  endfacet
  facet normal 0.000000 0.000000 -1.000000
    outer loop
      vertex 67.027771 8.307768 14.200001
      vertex 67.338676 7.928926 14.200001
      vertex 67.338676 5.151075 14.200001
    endloop
  endfacet
  facet normal 0.000000 0.000000 -1.000000
    outer loop
      vertex 67.338676 7.928926 14.200001
      vertex 67.569702 7.496710 14.200001
      vertex 67.569702 5.583292 14.200001
    endloop
  endfacet
  facet normal 0.000000 0.000000 -1.000000
    outer loop
      vertex 67.569702 7.496710 14.200001
      vertex 67.711967 7.027727 14.200001
      vertex 67.711967 6.052275 14.200001
    endloop
  endfacet
  facet normal 0.000000 0.000000 -1.000000
    outer loop
      vertex 67.711967 7.027727 14.200001
      vertex 67.760002 6.540001 14.200001
      vertex 67.711967 6.052275 14.200001
    endloop
  endfacet
  facet normal 0.290284 -0.956940 0.000000
    outer loop
      vertex 64.303291 8.849699 14.200001
      vertex 64.303291 8.849699 2.000000
      vertex 64.772278 8.991964 14.200001
    endloop
  endfacet
  facet normal 0.634390 -0.773013 0.000000
    outer loop
      vertex 63.871078 8.618675 14.200001
      vertex 63.492233 8.307768 14.200001
      vertex 63.492233 8.307768 2.000000
    endloop
  endfacet
  facet normal 0.471399 -0.881920 0.000000
    outer loop
      vertex 63.871078 8.618675 14.200001
      vertex 63.871078 8.618675 2.000000
      vertex 64.303291 8.849699 14.200001
    endloop
  endfacet
  facet normal 0.098017 -0.995185 0.000000
    outer loop
      vertex 64.772278 8.991964 14.200001
      vertex 64.772278 8.991964 2.000000
      vertex 65.260002 9.040001 14.200001
    endloop
  endfacet
  facet normal -0.098017 -0.995185 0.000000
    outer loop
      vertex 65.260002 9.040001 14.200001
      vertex 65.260002 9.040001 2.000000
      vertex 65.747726 8.991964 14.200001
    endloop
  endfacet
  facet normal -0.290284 -0.956940 0.000000
    outer loop
      vertex 65.747726 8.991964 14.200001
      vertex 65.747726 8.991964 2.000000
      vertex 66.216713 8.849699 14.200001
    endloop
  endfacet
  facet normal -0.471399 -0.881920 0.000000
    outer loop
      vertex 66.216713 8.849699 14.200001
      vertex 66.216713 8.849699 2.000000
      vertex 66.648926 8.618675 14.200001
    endloop
  endfacet
  facet normal -0.634390 -0.773013 0.000000
    outer loop
      vertex 66.648926 8.618675 14.200001
      vertex 66.648926 8.618675 2.000000
      vertex 67.027771 8.307768 14.200001
    endloop
  endfacet
  facet normal -0.773012 -0.634391 0.000000
    outer loop
      vertex 67.027771 8.307768 14.200001
      vertex 67.027771 8.307768 2.000000
      vertex 67.338676 7.928926 14.200001
    endloop
  endfacet
  facet normal -0.881920 -0.471398 0.000000
    outer loop
      vertex 67.338676 7.928926 14.200001
      vertex 67.338676 7.928926 2.000000
      vertex 67.569702 7.496710 14.200001
    endloop
  endfacet
  facet normal -0.956940 -0.290286 0.000000
    outer loop
      vertex 67.569702 7.496710 14.200001
      vertex 67.569702 7.496710 2.000000
      vertex 67.711967 7.027727 14.200001
    endloop
  endfacet
  facet normal -0.995185 -0.098013 0.000000
    outer loop
      vertex 67.711967 7.027727 14.200001
      vertex 67.711967 7.027727 2.000000
      vertex 67.760002 6.540001 14.200001
    endloop
  endfacet
  facet normal 0.000000 0.000000 -1.000000
    outer loop
      vertex 63.492233 8.307768 14.200001
      vertex 63.871078 4.461327 14.200001
      vertex 63.492233 4.772234 14.200001
    endloop
  endfacet
  facet normal 0.000000 0.000000 -1.000000
    outer loop
      vertex 63.871078 8.618675 14.200001
      vertex 64.303291 4.230301 14.200001
      vertex 63.871078 4.461327 14.200001
    endloop
  endfacet
  facet normal 0.000000 0.000000 -1.000000
    outer loop
      vertex 64.303291 8.849699 14.200001
      vertex 64.772278 4.088037 14.200001
      vertex 64.303291 4.230301 14.200001
    endloop
  endfacet
  facet normal 0.000000 0.000000 -1.000000
    outer loop
      vertex 64.772278 8.991964 14.200001
      vertex 65.260002 4.040001 14.200001
      vertex 64.772278 4.088037 14.200001
    endloop
  endfacet
  facet normal 0.000000 0.000000 -1.000000
    outer loop
      vertex 65.260002 9.040001 14.200001
      vertex 65.747726 4.088037 14.200001
      vertex 65.260002 4.040001 14.200001
    endloop
  endfacet
  facet normal 0.000000 0.000000 -1.000000
    outer loop
      vertex 65.747726 8.991964 14.200001
      vertex 66.216713 4.230301 14.200001
      vertex 65.747726 4.088037 14.200001
    endloop
  endfacet
  facet normal 0.000000 0.000000 -1.000000
    outer loop
      vertex 66.216713 8.849699 14.200001
      vertex 66.648926 4.461327 14.200001
      vertex 66.216713 4.230301 14.200001
    endloop
  endfacet
  facet normal 0.000000 0.000000 -1.000000
    outer loop
      vertex 66.648926 8.618675 14.200001
      vertex 67.027771 4.772234 14.200001
      vertex 66.648926 4.461327 14.200001
    endloop
  endfacet
  facet normal 0.000000 0.000000 -1.000000
    outer loop
      vertex 67.027771 8.307768 14.200001
      vertex 67.338676 5.151075 14.200001
      vertex 67.027771 4.772234 14.200001
    endloop
  endfacet
  facet normal 0.000000 0.000000 -1.000000
    outer loop
      vertex 67.569702 7.496710 14.200001
      vertex 67.711967 6.052275 14.200001
      vertex 67.569702 5.583292 14.200001
    endloop
  endfacet
  facet normal 0.000000 0.000000 -1.000000
    outer loop
      vertex 67.338676 7.928926 14.200001
      vertex 67.569702 5.583292 14.200001
      vertex 67.338676 5.151075 14.200001
    endloop
  endfacet
  facet normal 0.634390 0.773013 0.000000
    outer loop
      vertex 63.492233 4.772234 14.200001
      vertex 63.871078 4.461327 14.200001
      vertex 63.871078 4.461327 2.000000
    endloop
  endfacet
  facet normal 0.471402 0.881919 0.000000
    outer loop
      vertex 63.871078 4.461327 14.200001
      vertex 64.303291 4.230301 14.200001
      vertex 64.303291 4.230301 2.000000
    endloop
  endfacet
  facet normal 0.290281 0.956942 0.000000
    outer loop
      vertex 64.303291 4.230301 14.200001
      vertex 64.772278 4.088037 14.200001
      vertex 64.772278 4.088037 2.000000
    endloop
  endfacet
  facet normal 0.098017 0.995185 0.000000
    outer loop
      vertex 64.772278 4.088037 14.200001
      vertex 65.260002 4.040001 14.200001
      vertex 65.260002 4.040001 2.000000
    endloop
  endfacet
  facet normal -0.881920 0.471398 0.000000
    outer loop
      vertex 67.569702 5.583292 14.200001
      vertex 67.569702 5.583292 2.000000
      vertex 67.338676 5.151075 14.200001
    endloop
  endfacet
  facet normal -0.773012 0.634391 0.000000
    outer loop
      vertex 67.338676 5.151075 14.200001
      vertex 67.338676 5.151075 2.000000
      vertex 67.027771 4.772234 14.200001
    endloop
  endfacet
  facet normal -0.098017 0.995185 0.000000
    outer loop
      vertex 65.260002 4.040001 14.200001
      vertex 65.747726 4.088037 14.200001
      vertex 65.747726 4.088037 2.000000
    endloop
  endfacet
  facet normal -0.290281 0.956942 0.000000
    outer loop
      vertex 65.747726 4.088037 14.200001
      vertex 66.216713 4.230301 14.200001
      vertex 66.216713 4.230301 2.000000
    endloop
  endfacet
  facet normal -0.471402 0.881919 0.000000
    outer loop
      vertex 66.216713 4.230301 14.200001
      vertex 66.648926 4.461327 14.200001
      vertex 66.648926 4.461327 2.000000
    endloop
  endfacet
  facet normal -0.634390 0.773013 0.000000
    outer loop
      vertex 66.648926 4.461327 14.200001
      vertex 67.027771 4.772234 14.200001
      vertex 67.027771 4.772234 2.000000
    endloop
  endfacet
  facet normal -0.995185 0.098013 0.000000
    outer loop
      vertex 67.760002 6.540001 14.200001
      vertex 67.760002 6.540001 2.000000
      vertex 67.711967 6.052275 14.200001
    endloop
  endfacet
  facet normal -0.956940 0.290286 0.000000
    outer loop
      vertex 67.569702 5.583292 14.200001
      vertex 67.711967 6.052275 14.200001
      vertex 67.711967 6.052275 2.000000
    endloop
  endfacet
  facet normal 0.773012 -0.634391 0.000000
    outer loop
      vertex 63.492233 8.307768 14.200001
      vertex 63.181328 7.928926 2.000000
      vertex 63.492233 8.307768 2.000000
    endloop
  endfacet
  facet normal 0.956940 -0.290286 0.000000
    outer loop
      vertex 62.950302 7.496710 14.200001
      vertex 62.808037 7.027727 2.000000
      vertex 62.950302 7.496710 2.000000
    endloop
  endfacet
  facet normal 0.881920 -0.471398 0.000000
    outer loop
      vertex 63.181328 7.928926 14.200001
      vertex 62.950302 7.496710 2.000000
      vertex 63.181328 7.928926 2.000000
    endloop
  endfacet
  facet normal 0.995185 -0.098013 0.000000
    outer loop
      vertex 62.808037 7.027727 14.200001
      vertex 62.760002 6.540001 2.000000
      vertex 62.808037 7.027727 2.000000
    endloop
  endfacet
  facet normal 0.995185 0.098013 0.000000
    outer loop
      vertex 62.760002 6.540001 14.200001
      vertex 62.808037 6.052275 2.000000
      vertex 62.760002 6.540001 2.000000
    endloop
  endfacet
  facet normal 0.956940 0.290286 0.000000
    outer loop
      vertex 62.808037 6.052275 14.200001
      vertex 62.950302 5.583292 2.000000
      vertex 62.808037 6.052275 2.000000
    endloop
  endfacet
  facet normal 0.881920 0.471398 0.000000
    outer loop
      vertex 62.950302 5.583292 14.200001
      vertex 63.181328 5.151075 2.000000
      vertex 62.950302 5.583292 2.000000
    endloop
  endfacet
  facet normal 0.773012 0.634391 0.000000
    outer loop
      vertex 63.181328 5.151075 14.200001
      vertex 63.492233 4.772234 2.000000
      vertex 63.181328 5.151075 2.000000
    endloop
  endfacet
  facet normal 0.634390 -0.773013 0.000000
    outer loop
      vertex 63.871078 8.618675 14.200001
      vertex 63.492233 8.307768 2.000000
      vertex 63.871078 8.618675 2.000000
    endloop
  endfacet
  facet normal 0.471399 -0.881920 0.000000
    outer loop
      vertex 64.303291 8.849699 14.200001
      vertex 63.871078 8.618675 2.000000
      vertex 64.303291 8.849699 2.000000
    endloop
  endfacet
  facet normal 0.290284 -0.956940 0.000000
    outer loop
      vertex 64.772278 8.991964 14.200001
      vertex 64.303291 8.849699 2.000000
      vertex 64.772278 8.991964 2.000000
    endloop
  endfacet
  facet normal 0.098017 -0.995185 0.000000
    outer loop
      vertex 65.260002 9.040001 14.200001
      vertex 64.772278 8.991964 2.000000
      vertex 65.260002 9.040001 2.000000
    endloop
  endfacet
  facet normal -0.098017 -0.995185 0.000000
    outer loop
      vertex 65.747726 8.991964 14.200001
      vertex 65.260002 9.040001 2.000000
      vertex 65.747726 8.991964 2.000000
    endloop
  endfacet
  facet normal -0.290284 -0.956940 0.000000
    outer loop
      vertex 66.216713 8.849699 14.200001
      vertex 65.747726 8.991964 2.000000
      vertex 66.216713 8.849699 2.000000
    endloop
  endfacet
  facet normal -0.471399 -0.881920 0.000000
    outer loop
      vertex 66.648926 8.618675 14.200001
      vertex 66.216713 8.849699 2.000000
      vertex 66.648926 8.618675 2.000000
    endloop
  endfacet
  facet normal -0.634390 -0.773013 0.000000
    outer loop
      vertex 67.027771 8.307768 14.200001
      vertex 66.648926 8.618675 2.000000
      vertex 67.027771 8.307768 2.000000
    endloop
  endfacet
  facet normal -0.773012 -0.634391 0.000000
    outer loop
      vertex 67.338676 7.928926 14.200001
      vertex 67.027771 8.307768 2.000000
      vertex 67.338676 7.928926 2.000000
    endloop
  endfacet
  facet normal -0.881920 -0.471398 0.000000
    outer loop
      vertex 67.569702 7.496710 14.200001
      vertex 67.338676 7.928926 2.000000
      vertex 67.569702 7.496710 2.000000
    endloop
  endfacet
  facet normal -0.956940 -0.290286 0.000000
    outer loop
      vertex 67.711967 7.027727 14.200001
      vertex 67.569702 7.496710 2.000000
      vertex 67.711967 7.027727 2.000000
    endloop
  endfacet
  facet normal -0.995185 -0.098013 0.000000
    outer loop
      vertex 67.760002 6.540001 14.200001
      vertex 67.711967 7.027727 2.000000
      vertex 67.760002 6.540001 2.000000
    endloop
  endfacet
  facet normal 0.634390 0.773013 0.000000
    outer loop
      vertex 63.492233 4.772234 14.200001
      vertex 63.871078 4.461327 2.000000
      vertex 63.492233 4.772234 2.000000
    endloop
  endfacet
  facet normal 0.471402 0.881919 0.000000
    outer loop
      vertex 63.871078 4.461327 14.200001
      vertex 64.303291 4.230301 2.000000
      vertex 63.871078 4.461327 2.000000
    endloop
  endfacet
  facet normal 0.290281 0.956942 0.000000
    outer loop
      vertex 64.303291 4.230301 14.200001
      vertex 64.772278 4.088037 2.000000
      vertex 64.303291 4.230301 2.000000
    endloop
  endfacet
  facet normal 0.098017 0.995185 0.000000
    outer loop
      vertex 64.772278 4.088037 14.200001
      vertex 65.260002 4.040001 2.000000
      vertex 64.772278 4.088037 2.000000
    endloop
  endfacet
  facet normal -0.098017 0.995185 0.000000
    outer loop
      vertex 65.260002 4.040001 14.200001
      vertex 65.747726 4.088037 2.000000
      vertex 65.260002 4.040001 2.000000
    endloop
  endfacet
  facet normal -0.956940 0.290286 0.000000
    outer loop
      vertex 67.569702 5.583292 14.200001
      vertex 67.711967 6.052275 2.000000
      vertex 67.569702 5.583292 2.000000
    endloop
  endfacet
  facet normal -0.881920 0.471398 0.000000
    outer loop
      vertex 67.338676 5.151075 14.200001
      vertex 67.569702 5.583292 2.000000
      vertex 67.338676 5.151075 2.000000
    endloop
  endfacet
  facet normal -0.773012 0.634391 0.000000
    outer loop
      vertex 67.027771 4.772234 14.200001
      vertex 67.338676 5.151075 2.000000
      vertex 67.027771 4.772234 2.000000
    endloop
  endfacet
  facet normal -0.290281 0.956942 0.000000
    outer loop
      vertex 65.747726 4.088037 14.200001
      vertex 66.216713 4.230301 2.000000
      vertex 65.747726 4.088037 2.000000
    endloop
  endfacet
  facet normal -0.471402 0.881919 0.000000
    outer loop
      vertex 66.216713 4.230301 14.200001
      vertex 66.648926 4.461327 2.000000
      vertex 66.216713 4.230301 2.000000
    endloop
  endfacet
  facet normal -0.634390 0.773013 0.000000
    outer loop
      vertex 66.648926 4.461327 14.200001
      vertex 67.027771 4.772234 2.000000
      vertex 66.648926 4.461327 2.000000
    endloop
  endfacet
  facet normal -0.995185 0.098013 0.000000
    outer loop
      vertex 67.711967 6.052275 14.200001
      vertex 67.760002 6.540001 2.000000
      vertex 67.711967 6.052275 2.000000
    endloop
  endfacet
  facet normal 1.000000 0.000000 0.000000
    outer loop
      vertex 52.100002 23.580000 8.000000
      vertex 52.100002 23.280001 7.000000
      vertex 52.100002 23.580000 6.509091
    endloop
  endfacet
  facet normal 1.000000 0.000000 0.000000
    outer loop
      vertex 52.100002 23.580000 8.000000
      vertex 52.100002 21.980001 8.000000
      vertex 52.100002 23.280001 7.000000
    endloop
  endfacet
  facet normal 0.000000 0.000000 -1.000000
    outer loop
      vertex 52.100002 23.580000 8.000000
      vertex 58.100002 23.580000 8.000000
      vertex 52.100002 21.980001 8.000000
    endloop
  endfacet
  facet normal 0.000000 -1.000000 0.000000
    outer loop
      vertex 52.100002 23.580000 8.000000
      vertex 52.100002 23.580000 6.509091
      vertex 58.100002 23.580000 8.000000
    endloop
  endfacet
  facet normal 1.000000 0.000000 0.000000
    outer loop
      vertex 52.100002 23.280001 7.000000
      vertex 52.100002 21.980001 2.000000
      vertex 52.100002 23.280001 5.200001
    endloop
  endfacet
  facet normal 1.000000 0.000000 0.000000
    outer loop
      vertex 52.100002 21.980001 8.000000
      vertex 52.100002 21.980001 2.000000
      vertex 52.100002 23.280001 7.000000
    endloop
  endfacet
  facet normal 0.000000 1.000000 0.000000
    outer loop
      vertex 52.100002 21.980001 8.000000
      vertex 58.100002 21.980001 2.000000
      vertex 52.100002 21.980001 2.000000
    endloop
  endfacet
  facet normal 1.000000 0.000000 0.000000
    outer loop
      vertex 52.100002 23.580000 3.000000
      vertex 52.100002 23.280001 3.000000
      vertex 52.100002 23.580000 2.000000
    endloop
  endfacet
  facet normal 1.000000 0.000000 0.000000
    outer loop
      vertex 52.100002 23.280001 5.200001
      vertex 52.100002 21.980001 2.000000
      vertex 52.100002 23.280001 3.000000
    endloop
  endfacet
  facet normal 1.000000 0.000000 0.000000
    outer loop
      vertex 52.100002 23.280001 3.000000
      vertex 52.100002 21.980001 2.000000
      vertex 52.100002 23.580000 2.000000
    endloop
  endfacet
  facet normal 0.000000 -1.000000 0.000000
    outer loop
      vertex 52.100002 23.580000 3.000000
      vertex 52.100002 23.580000 2.000000
      vertex 58.100002 23.580000 3.000000
    endloop
  endfacet
  facet normal -1.000000 0.000000 0.000000
    outer loop
      vertex 58.100002 23.580000 8.000000
      vertex 58.100002 23.580000 6.509091
      vertex 58.100002 23.280001 7.000000
    endloop
  endfacet
  facet normal -1.000000 0.000000 0.000000
    outer loop
      vertex 58.100002 23.580000 8.000000
      vertex 58.100002 23.280001 7.000000
      vertex 58.100002 21.980001 8.000000
    endloop
  endfacet
  facet normal 0.000000 0.000000 -1.000000
    outer loop
      vertex 52.100002 21.980001 8.000000
      vertex 58.100002 23.580000 8.000000
      vertex 58.100002 21.980001 8.000000
    endloop
  endfacet
  facet normal 0.000000 -1.000000 0.000000
    outer loop
      vertex 52.100002 23.580000 6.509091
      vertex 58.100002 23.580000 6.509091
      vertex 58.100002 23.580000 8.000000
    endloop
  endfacet
  facet normal -1.000000 0.000000 0.000000
    outer loop
      vertex 58.100002 21.980001 8.000000
      vertex 58.100002 23.280001 7.000000
      vertex 58.100002 23.280001 5.200001
    endloop
  endfacet
  facet normal -1.000000 0.000000 0.000000
    outer loop
      vertex 58.100002 21.980001 8.000000
      vertex 58.100002 23.280001 5.200001
      vertex 58.100002 23.280001 3.000000
    endloop
  endfacet
  facet normal 0.000000 1.000000 0.000000
    outer loop
      vertex 52.100002 21.980001 8.000000
      vertex 58.100002 21.980001 8.000000
      vertex 58.100002 21.980001 2.000000
    endloop
  endfacet
  facet normal -1.000000 0.000000 0.000000
    outer loop
      vertex 58.100002 21.980001 8.000000
      vertex 58.100002 23.280001 3.000000
      vertex 58.100002 21.980001 2.000000
    endloop
  endfacet
  facet normal 0.000000 -1.000000 0.000000
    outer loop
      vertex 52.100002 23.580000 2.000000
      vertex 58.100002 23.580000 2.000000
      vertex 58.100002 23.580000 3.000000
    endloop
  endfacet
  facet normal -1.000000 0.000000 0.000000
    outer loop
      vertex 58.100002 23.580000 3.000000
      vertex 58.100002 21.980001 2.000000
      vertex 58.100002 23.280001 3.000000
    endloop
  endfacet
  facet normal -1.000000 0.000000 0.000000
    outer loop
      vertex 58.100002 23.580000 3.000000
      vertex 58.100002 23.580000 2.000000
      vertex 58.100002 21.980001 2.000000
    endloop
  endfacet
  facet normal 1.000000 0.000000 0.000000
    outer loop
      vertex 52.100002 24.380001 5.800000
      vertex 52.100002 24.013334 5.800000
      vertex 52.100002 24.380001 5.200001
    endloop
  endfacet
  facet normal 0.000000 -1.000000 0.000000
    outer loop
      vertex 52.100002 24.380001 5.800000
      vertex 52.100002 24.380001 5.200001
      vertex 58.100002 24.380001 5.800000
    endloop
  endfacet
  facet normal 0.000000 0.000000 -1.000000
    outer loop
      vertex 52.100002 24.380001 5.800000
      vertex 58.100002 24.013334 5.800000
      vertex 52.100002 24.013334 5.800000
    endloop
  endfacet
  facet normal 1.000000 0.000000 0.000000
    outer loop
      vertex 52.100002 24.380001 5.200001
      vertex 52.100002 23.280001 5.200001
      vertex 52.100002 23.280001 3.000000
    endloop
  endfacet
  facet normal 1.000000 0.000000 0.000000
    outer loop
      vertex 52.100002 24.380001 5.200001
      vertex 52.100002 23.580000 3.000000
      vertex 52.100002 24.380001 3.000000
    endloop
  endfacet
  facet normal 1.000000 0.000000 0.000000
    outer loop
      vertex 52.100002 24.380001 5.200001
      vertex 52.100002 23.280001 3.000000
      vertex 52.100002 23.580000 3.000000
    endloop
  endfacet
  facet normal 0.000000 -1.000000 0.000000
    outer loop
      vertex 52.100002 24.380001 5.200001
      vertex 52.100002 24.380001 3.000000
      vertex 58.100002 24.380001 5.200001
    endloop
  endfacet
  facet normal 0.000000 0.000000 1.000000
    outer loop
      vertex 52.100002 24.380001 3.000000
      vertex 52.100002 23.580000 3.000000
      vertex 58.100002 23.580000 3.000000
    endloop
  endfacet
  facet normal 0.000000 0.000000 -1.000000
    outer loop
      vertex 52.100002 24.380001 5.800000
      vertex 58.100002 24.380001 5.800000
      vertex 58.100002 24.013334 5.800000
    endloop
  endfacet
  facet normal 0.000000 -1.000000 0.000000
    outer loop
      vertex 52.100002 24.380001 5.200001
      vertex 58.100002 24.380001 5.200001
      vertex 58.100002 24.380001 5.800000
    endloop
  endfacet
  facet normal -1.000000 0.000000 0.000000
    outer loop
      vertex 58.100002 24.380001 5.800000
      vertex 58.100002 24.380001 5.200001
      vertex 58.100002 24.013334 5.800000
    endloop
  endfacet
  facet normal 0.000000 -1.000000 0.000000
    outer loop
      vertex 52.100002 24.380001 3.000000
      vertex 58.100002 24.380001 3.000000
      vertex 58.100002 24.380001 5.200001
    endloop
  endfacet
  facet normal -1.000000 0.000000 0.000000
    outer loop
      vertex 58.100002 24.380001 5.200001
      vertex 58.100002 24.380001 3.000000
      vertex 58.100002 23.280001 5.200001
    endloop
  endfacet
  facet normal -1.000000 0.000000 0.000000
    outer loop
      vertex 58.100002 23.280001 5.200001
      vertex 58.100002 24.380001 3.000000
      vertex 58.100002 23.580000 3.000000
    endloop
  endfacet
  facet normal -1.000000 0.000000 0.000000
    outer loop
      vertex 58.100002 23.280001 5.200001
      vertex 58.100002 23.580000 3.000000
      vertex 58.100002 23.280001 3.000000
    endloop
  endfacet
  facet normal 0.000000 0.000000 1.000000
    outer loop
      vertex 52.100002 24.380001 3.000000
      vertex 58.100002 23.580000 3.000000
      vertex 58.100002 24.380001 3.000000
    endloop
  endfacet
  facet normal 0.000000 0.000000 0.000000
    outer loop
      vertex 52.100002 24.013334 5.800000
      vertex 52.100002 24.380001 5.200001
      vertex 52.100002 24.380001 5.200001
    endloop
  endfacet
  facet normal 0.000000 0.000000 0.000000
    outer loop
      vertex 52.100002 23.580000 6.509091
      vertex 52.100002 23.280001 7.000000
      vertex 52.100002 23.280001 7.000000
    endloop
  endfacet
  facet normal 1.000000 0.000000 0.000000
    outer loop
      vertex 52.100002 23.580000 6.509091
      vertex 52.100002 23.280001 7.000000
      vertex 52.100002 23.280001 5.200001
    endloop
  endfacet
  facet normal 0.000000 0.000000 0.000000
    outer loop
      vertex 52.100002 23.280001 7.000000
      vertex 52.100002 23.280001 7.000000
      vertex 52.100002 23.280001 5.200001
    endloop
  endfacet
  facet normal 1.000000 0.000000 0.000000
    outer loop
      vertex 52.100002 23.580000 6.509091
      vertex 52.100002 23.280001 5.200001
      vertex 52.100002 24.013334 5.800000
    endloop
  endfacet
  facet normal 1.000000 0.000000 0.000000
    outer loop
      vertex 52.100002 24.013334 5.800000
      vertex 52.100002 23.280001 5.200001
      vertex 52.100002 24.380001 5.200001
    endloop
  endfacet
  facet normal 0.000000 0.000000 0.000000
    outer loop
      vertex 52.100002 23.280001 7.000000
      vertex 52.100002 23.280001 5.200001
      vertex 52.100002 23.280001 5.200001
    endloop
  endfacet
  facet normal 0.000000 -0.853281 -0.521451
    outer loop
      vertex 52.100002 23.580000 6.509091
      vertex 52.100002 24.013334 5.800000
      vertex 58.100002 24.013334 5.800000
    endloop
  endfacet
  facet normal 0.000000 0.000000 0.000000
    outer loop
      vertex 52.100002 24.380001 5.200001
      vertex 52.100002 24.380001 5.200001
      vertex 52.100002 24.380001 5.200001
    endloop
  endfacet
  facet normal 0.000000 0.000000 0.000000
    outer loop
      vertex 52.100002 24.380001 5.200001
      vertex 52.100002 23.280001 5.200001
      vertex 52.100002 24.380001 5.200001
    endloop
  endfacet
  facet normal 0.000000 0.000000 0.000000
    outer loop
      vertex 52.100002 24.380001 5.200001
      vertex 52.100002 23.280001 5.200001
      vertex 52.100002 23.280001 5.200001
    endloop
  endfacet
  facet normal 0.000000 0.000000 0.000000
    outer loop
      vertex 52.100002 24.380001 5.200001
      vertex 58.100002 24.380001 5.200001
      vertex 52.100002 24.380001 5.200001
    endloop
  endfacet
  facet normal 0.000000 -0.853281 -0.521451
    outer loop
      vertex 52.100002 23.580000 6.509091
      vertex 58.100002 24.013334 5.800000
      vertex 58.100002 23.580000 6.509091
    endloop
  endfacet
  facet normal 0.000000 0.000000 0.000000
    outer loop
      vertex 58.100002 24.013334 5.800000
      vertex 58.100002 24.380001 5.200001
      vertex 58.100002 24.380001 5.200001
    endloop
  endfacet
  facet normal 0.000000 0.000000 0.000000
    outer loop
      vertex 58.100002 23.580000 6.509091
      vertex 58.100002 23.280001 7.000000
      vertex 58.100002 23.280001 7.000000
    endloop
  endfacet
  facet normal -1.000000 0.000000 0.000000
    outer loop
      vertex 58.100002 23.580000 6.509091
      vertex 58.100002 23.280001 5.200001
      vertex 58.100002 23.280001 7.000000
    endloop
  endfacet
  facet normal 0.000000 0.000000 0.000000
    outer loop
      vertex 58.100002 23.280001 7.000000
      vertex 58.100002 23.280001 5.200001
      vertex 58.100002 23.280001 7.000000
    endloop
  endfacet
  facet normal -1.000000 0.000000 0.000000
    outer loop
      vertex 58.100002 23.580000 6.509091
      vertex 58.100002 24.013334 5.800000
      vertex 58.100002 23.280001 5.200001
    endloop
  endfacet
  facet normal -1.000000 0.000000 0.000000
    outer loop
      vertex 58.100002 24.013334 5.800000
      vertex 58.100002 24.380001 5.200001
      vertex 58.100002 23.280001 5.200001
    endloop
  endfacet
  facet normal 0.000000 0.000000 0.000000
    outer loop
      vertex 58.100002 23.280001 7.000000
      vertex 58.100002 23.280001 5.200001
      vertex 58.100002 23.280001 5.200001
    endloop
  endfacet
  facet normal 0.000000 0.000000 0.000000
    outer loop
      vertex 52.100002 24.380001 5.200001
      vertex 58.100002 24.380001 5.200001
      vertex 58.100002 24.380001 5.200001
    endloop
  endfacet
  facet normal 0.000000 0.000000 0.000000
    outer loop
      vertex 58.100002 24.380001 5.200001
      vertex 58.100002 24.380001 5.200001
      vertex 58.100002 24.380001 5.200001
    endloop
  endfacet
  facet normal 0.000000 0.000000 0.000000
    outer loop
      vertex 58.100002 24.380001 5.200001
      vertex 58.100002 24.380001 5.200001
      vertex 58.100002 23.280001 5.200001
    endloop
  endfacet
  facet normal 0.000000 0.000000 0.000000
    outer loop
      vertex 58.100002 24.380001 5.200001
      vertex 58.100002 23.280001 5.200001
      vertex 58.100002 23.280001 5.200001
    endloop
  endfacet
  facet normal 0.000000 0.000000 -1.000000
    outer loop
      vertex 52.100002 3.800001 8.000000
      vertex 58.100002 3.800001 8.000000
      vertex 52.100002 2.200001 8.000000
    endloop
  endfacet
  facet normal 1.000000 0.000000 0.000000
    outer loop
      vertex 52.100002 3.800001 8.000000
      vertex 52.100002 2.200001 8.000000
      vertex 52.100002 2.500000 7.000000
    endloop
  endfacet
  facet normal 1.000000 0.000000 0.000000
    outer loop
      vertex 52.100002 2.200001 8.000000
      vertex 52.100002 2.200001 6.509091
      vertex 52.100002 2.500000 7.000000
    endloop
  endfacet
  facet normal 0.000000 -1.000000 0.000000
    outer loop
      vertex 52.100002 3.800001 8.000000
      vertex 52.100002 3.800001 2.000000
      vertex 58.100002 3.800001 8.000000
    endloop
  endfacet
  facet normal 1.000000 0.000000 0.000000
    outer loop
      vertex 52.100002 3.800001 8.000000
      vertex 52.100002 2.500000 3.000000
      vertex 52.100002 3.800001 2.000000
    endloop
  endfacet
  facet normal 1.000000 0.000000 0.000000
    outer loop
      vertex 52.100002 3.800001 8.000000
      vertex 52.100002 2.500000 7.000000
      vertex 52.100002 2.500000 5.800000
    endloop
  endfacet
  facet normal 1.000000 0.000000 0.000000
    outer loop
      vertex 52.100002 3.800001 8.000000
      vertex 52.100002 2.500000 5.800000
      vertex 52.100002 2.500000 5.200001
    endloop
  endfacet
  facet normal 0.000000 0.000000 0.000000
    outer loop
      vertex 52.100002 2.500000 7.000000
      vertex 52.100002 2.500000 5.800000
      vertex 52.100002 2.500000 5.800000
    endloop
  endfacet
  facet normal 1.000000 0.000000 0.000000
    outer loop
      vertex 52.100002 3.800001 8.000000
      vertex 52.100002 2.500000 5.200001
      vertex 52.100002 2.500000 3.000000
    endloop
  endfacet
  facet normal 0.000000 1.000000 0.000000
    outer loop
      vertex 52.100002 2.200001 8.000000
      vertex 58.100002 2.200001 6.509091
      vertex 52.100002 2.200001 6.509091
    endloop
  endfacet
  facet normal 1.000000 0.000000 0.000000
    outer loop
      vertex 52.100002 3.800001 2.000000
      vertex 52.100002 2.500000 3.000000
      vertex 52.100002 2.200001 3.000000
    endloop
  endfacet
  facet normal 1.000000 0.000000 0.000000
    outer loop
      vertex 52.100002 3.800001 2.000000
      vertex 52.100002 2.200001 3.000000
      vertex 52.100002 2.200001 2.000000
    endloop
  endfacet
  facet normal 0.000000 1.000000 0.000000
    outer loop
      vertex 52.100002 2.200001 3.000000
      vertex 58.100002 2.200001 2.000000
      vertex 52.100002 2.200001 2.000000
    endloop
  endfacet
  facet normal 0.000000 0.000000 -1.000000
    outer loop
      vertex 52.100002 2.200001 8.000000
      vertex 58.100002 3.800001 8.000000
      vertex 58.100002 2.200001 8.000000
    endloop
  endfacet
  facet normal 0.000000 1.000000 0.000000
    outer loop
      vertex 52.100002 2.200001 8.000000
      vertex 58.100002 2.200001 8.000000
      vertex 58.100002 2.200001 6.509091
    endloop
  endfacet
  facet normal -1.000000 0.000000 0.000000
    outer loop
      vertex 58.100002 3.800001 8.000000
      vertex 58.100002 2.500000 7.000000
      vertex 58.100002 2.200001 8.000000
    endloop
  endfacet
  facet normal -1.000000 0.000000 0.000000
    outer loop
      vertex 58.100002 2.200001 8.000000
      vertex 58.100002 2.500000 7.000000
      vertex 58.100002 2.200001 6.509091
    endloop
  endfacet
  facet normal -1.000000 0.000000 0.000000
    outer loop
      vertex 58.100002 3.800001 8.000000
      vertex 58.100002 3.800001 2.000000
      vertex 58.100002 2.500000 7.000000
    endloop
  endfacet
  facet normal 0.000000 -1.000000 0.000000
    outer loop
      vertex 52.100002 3.800001 2.000000
      vertex 58.100002 3.800001 2.000000
      vertex 58.100002 3.800001 8.000000
    endloop
  endfacet
  facet normal -1.000000 0.000000 0.000000
    outer loop
      vertex 58.100002 2.500000 7.000000
      vertex 58.100002 3.800001 2.000000
      vertex 58.100002 2.500000 5.200001
    endloop
  endfacet
  facet normal -1.000000 0.000000 0.000000
    outer loop
      vertex 58.100002 2.500000 5.200001
      vertex 58.100002 3.800001 2.000000
      vertex 58.100002 2.200001 5.200001
    endloop
  endfacet
  facet normal 0.000000 1.000000 0.000000
    outer loop
      vertex 52.100002 2.200001 3.000000
      vertex 58.100002 2.200001 3.000000
      vertex 58.100002 2.200001 2.000000
    endloop
  endfacet
  facet normal -1.000000 0.000000 0.000000
    outer loop
      vertex 58.100002 2.200001 5.200001
      vertex 58.100002 3.800001 2.000000
      vertex 58.100002 2.200001 3.000000
    endloop
  endfacet
  facet normal -1.000000 0.000000 0.000000
    outer loop
      vertex 58.100002 3.800001 2.000000
      vertex 58.100002 2.200001 2.000000
      vertex 58.100002 2.200001 3.000000
    endloop
  endfacet
  facet normal 0.000000 0.000000 0.000000
    outer loop
      vertex 52.100002 2.500000 5.800000
      vertex 52.100002 2.500000 5.800000
      vertex 52.100002 2.500000 5.200001
    endloop
  endfacet
  facet normal 1.000000 0.000000 0.000000
    outer loop
      vertex 52.100002 1.766668 5.800000
      vertex 52.100002 1.400002 5.800000
      vertex 52.100002 1.400002 5.200001
    endloop
  endfacet
  facet normal 0.000000 0.000000 -1.000000
    outer loop
      vertex 52.100002 1.766668 5.800000
      vertex 58.100002 1.400002 5.800000
      vertex 52.100002 1.400002 5.800000
    endloop
  endfacet
  facet normal 1.000000 0.000000 0.000000
    outer loop
      vertex 52.100002 2.500000 5.200001
      vertex 52.100002 1.400002 5.200001
      vertex 52.100002 1.400002 3.000000
    endloop
  endfacet
  facet normal 1.000000 0.000000 0.000000
    outer loop
      vertex 52.100002 2.500000 5.200001
      vertex 52.100002 2.200001 3.000000
      vertex 52.100002 2.500000 3.000000
    endloop
  endfacet
  facet normal 1.000000 0.000000 0.000000
    outer loop
      vertex 52.100002 2.500000 5.200001
      vertex 52.100002 1.400002 3.000000
      vertex 52.100002 2.200001 3.000000
    endloop
  endfacet
  facet normal 0.000000 1.000000 0.000000
    outer loop
      vertex 52.100002 1.400002 5.800000
      vertex 58.100002 1.400002 3.000000
      vertex 52.100002 1.400002 5.200001
    endloop
  endfacet
  facet normal 0.000000 1.000000 0.000000
    outer loop
      vertex 52.100002 1.400002 5.200001
      vertex 58.100002 1.400002 3.000000
      vertex 52.100002 1.400002 3.000000
    endloop
  endfacet
  facet normal 0.000000 0.000000 1.000000
    outer loop
      vertex 52.100002 2.200001 3.000000
      vertex 52.100002 1.400002 3.000000
      vertex 58.100002 1.400002 3.000000
    endloop
  endfacet
  facet normal 0.000000 0.000000 -1.000000
    outer loop
      vertex 52.100002 1.766668 5.800000
      vertex 58.100002 1.766668 5.800000
      vertex 58.100002 1.400002 5.800000
    endloop
  endfacet
  facet normal 0.000000 1.000000 0.000000
    outer loop
      vertex 52.100002 1.400002 5.800000
      vertex 58.100002 1.400002 5.800000
      vertex 58.100002 1.400002 5.200001
    endloop
  endfacet
  facet normal -1.000000 0.000000 0.000000
    outer loop
      vertex 58.100002 1.766668 5.800000
      vertex 58.100002 1.400002 5.200001
      vertex 58.100002 1.400002 5.800000
    endloop
  endfacet
  facet normal 0.000000 1.000000 0.000000
    outer loop
      vertex 52.100002 1.400002 5.800000
      vertex 58.100002 1.400002 5.200001
      vertex 58.100002 1.400002 3.000000
    endloop
  endfacet
  facet normal -1.000000 0.000000 0.000000
    outer loop
      vertex 58.100002 2.200001 5.200001
      vertex 58.100002 2.200001 3.000000
      vertex 58.100002 1.400002 5.200001
    endloop
  endfacet
  facet normal -1.000000 0.000000 0.000000
    outer loop
      vertex 58.100002 1.400002 5.200001
      vertex 58.100002 2.200001 3.000000
      vertex 58.100002 1.400002 3.000000
    endloop
  endfacet
  facet normal 0.000000 0.000000 1.000000
    outer loop
      vertex 52.100002 2.200001 3.000000
      vertex 58.100002 1.400002 3.000000
      vertex 58.100002 2.200001 3.000000
    endloop
  endfacet
  facet normal 0.000000 0.000000 0.000000
    outer loop
      vertex 52.100002 2.500000 7.000000
      vertex 52.100002 2.500000 5.800000
      vertex 52.100002 2.500000 7.000000
    endloop
  endfacet
  facet normal 0.000000 0.000000 0.000000
    outer loop
      vertex 52.100002 2.500000 7.000000
      vertex 52.100002 2.500000 7.000000
      vertex 52.100002 2.200001 6.509091
    endloop
  endfacet
  facet normal 1.000000 0.000000 0.000000
    outer loop
      vertex 52.100002 2.500000 7.000000
      vertex 52.100002 2.200001 6.509091
      vertex 52.100002 2.500000 5.800000
    endloop
  endfacet
  facet normal 0.000000 0.000000 0.000000
    outer loop
      vertex 52.100002 2.500000 5.800000
      vertex 52.100002 2.500000 5.200001
      vertex 52.100002 2.500000 5.200001
    endloop
  endfacet
  facet normal 1.000000 0.000000 0.000000
    outer loop
      vertex 52.100002 2.200001 6.509091
      vertex 52.100002 1.766668 5.800000
      vertex 52.100002 2.500000 5.800000
    endloop
  endfacet
  facet normal 1.000000 0.000000 0.000000
    outer loop
      vertex 52.100002 2.500000 5.800000
      vertex 52.100002 1.400002 5.200001
      vertex 52.100002 2.500000 5.200001
    endloop
  endfacet
  facet normal 1.000000 0.000000 0.000000
    outer loop
      vertex 52.100002 2.500000 5.800000
      vertex 52.100002 1.766668 5.800000
      vertex 52.100002 1.400002 5.200001
    endloop
  endfacet
  facet normal 0.000000 0.000000 0.000000
    outer loop
      vertex 52.100002 1.766668 5.800000
      vertex 52.100002 1.400002 5.200001
      vertex 52.100002 1.400002 5.200001
    endloop
  endfacet
  facet normal 0.000000 0.853282 -0.521449
    outer loop
      vertex 52.100002 2.200001 6.509091
      vertex 58.100002 2.200001 6.509091
      vertex 52.100002 1.766668 5.800000
    endloop
  endfacet
  facet normal 0.000000 0.000000 0.000000
    outer loop
      vertex 52.100002 2.500000 5.200001
      vertex 52.100002 1.400002 5.200001
      vertex 52.100002 2.500000 5.200001
    endloop
  endfacet
  facet normal 0.000000 0.000000 0.000000
    outer loop
      vertex 52.100002 2.500000 5.200001
      vertex 52.100002 1.400002 5.200001
      vertex 52.100002 1.400002 5.200001
    endloop
  endfacet
  facet normal 0.000000 0.853282 -0.521449
    outer loop
      vertex 52.100002 1.766668 5.800000
      vertex 58.100002 2.200001 6.509091
      vertex 58.100002 1.766668 5.800000
    endloop
  endfacet
  facet normal 0.000000 0.000000 0.000000
    outer loop
      vertex 58.100002 2.500000 7.000000
      vertex 58.100002 2.500000 7.000000
      vertex 58.100002 2.500000 5.200001
    endloop
  endfacet
  facet normal 0.000000 0.000000 0.000000
    outer loop
      vertex 58.100002 2.500000 7.000000
      vertex 58.100002 2.200001 6.509091
      vertex 58.100002 2.500000 7.000000
    endloop
  endfacet
  facet normal -1.000000 0.000000 0.000000
    outer loop
      vertex 58.100002 2.500000 7.000000
      vertex 58.100002 2.500000 5.200001
      vertex 58.100002 2.200001 6.509091
    endloop
  endfacet
  facet normal 0.000000 0.000000 0.000000
    outer loop
      vertex 58.100002 2.500000 7.000000
      vertex 58.100002 2.500000 5.200001
      vertex 58.100002 2.500000 5.200001
    endloop
  endfacet
  facet normal -1.000000 0.000000 0.000000
    outer loop
      vertex 58.100002 2.200001 6.509091
      vertex 58.100002 2.500000 5.200001
      vertex 58.100002 1.766668 5.800000
    endloop
  endfacet
  facet normal -1.000000 0.000000 0.000000
    outer loop
      vertex 58.100002 1.766668 5.800000
      vertex 58.100002 2.500000 5.200001
      vertex 58.100002 2.200001 5.200001
    endloop
  endfacet
  facet normal -1.000000 0.000000 0.000000
    outer loop
      vertex 58.100002 1.766668 5.800000
      vertex 58.100002 2.200001 5.200001
      vertex 58.100002 1.400002 5.200001
    endloop
  endfacet
  facet normal 0.000000 0.000000 0.000000
    outer loop
      vertex 58.100002 1.766668 5.800000
      vertex 58.100002 1.400002 5.200001
      vertex 58.100002 1.400002 5.200001
    endloop
  endfacet
  facet normal 0.000000 0.000000 0.000000
    outer loop
      vertex 58.100002 2.500000 5.200001
      vertex 58.100002 2.500000 5.200001
      vertex 58.100002 2.200001 5.200001
    endloop
  endfacet
  facet normal 0.000000 0.000000 0.000000
    outer loop
      vertex 58.100002 2.200001 5.200001
      vertex 58.100002 1.400002 5.200001
      vertex 58.100002 1.400002 5.200001
    endloop
  endfacet
  facet normal -0.866026 0.499999 0.000000
    outer loop
      vertex 48.200001 17.400513 2.000000
      vertex 47.100002 15.495256 0.000000
      vertex 47.100002 15.495256 2.000000
    endloop
  endfacet
  facet normal -0.866026 0.499999 0.000000
    outer loop
      vertex 48.200001 17.400513 2.000000
      vertex 48.200001 17.400513 0.000000
      vertex 47.100002 15.495256 0.000000
    endloop
  endfacet
  facet normal 0.000000 1.000000 0.000000
    outer loop
      vertex 50.400002 17.400513 2.000000
      vertex 48.200001 17.400513 0.000000
      vertex 48.200001 17.400513 2.000000
    endloop
  endfacet
  facet normal 0.866026 0.499999 0.000000
    outer loop
      vertex 51.500000 15.495256 2.000000
      vertex 50.400002 17.400513 0.000000
      vertex 50.400002 17.400513 2.000000
    endloop
  endfacet
  facet normal 0.000000 1.000000 0.000000
    outer loop
      vertex 48.200001 17.400513 0.000000
      vertex 50.400002 17.400513 2.000000
      vertex 50.400002 17.400513 0.000000
    endloop
  endfacet
  facet normal -0.866026 -0.500000 0.000000
    outer loop
      vertex 47.100002 15.495256 2.000000
      vertex 47.100002 15.495256 0.000000
      vertex 48.200001 13.590001 0.000000
    endloop
  endfacet
  facet normal -0.866026 -0.500000 0.000000
    outer loop
      vertex 47.100002 15.495256 2.000000
      vertex 48.200001 13.590001 0.000000
      vertex 48.200001 13.590001 2.000000
    endloop
  endfacet
  facet normal 0.000000 -1.000000 0.000000
    outer loop
      vertex 48.200001 13.590001 2.000000
      vertex 50.400002 13.590001 0.000000
      vertex 50.400002 13.590001 2.000000
    endloop
  endfacet
  facet normal 0.000000 -1.000000 0.000000
    outer loop
      vertex 48.200001 13.590001 2.000000
      vertex 48.200001 13.590001 0.000000
      vertex 50.400002 13.590001 0.000000
    endloop
  endfacet
  facet normal 0.866026 -0.500000 0.000000
    outer loop
      vertex 50.400002 13.590001 2.000000
      vertex 50.400002 13.590001 0.000000
      vertex 51.500000 15.495256 0.000000
    endloop
  endfacet
  facet normal 0.866026 0.499999 0.000000
    outer loop
      vertex 50.400002 17.400513 0.000000
      vertex 51.500000 15.495256 2.000000
      vertex 51.500000 15.495256 0.000000
    endloop
  endfacet
  facet normal 0.866026 -0.500000 0.000000
    outer loop
      vertex 50.400002 13.590001 2.000000
      vertex 51.500000 15.495256 0.000000
      vertex 51.500000 15.495256 2.000000
    endloop
  endfacet
  facet normal -0.866026 0.499999 0.000000
    outer loop
      vertex 54.000000 17.400513 2.000000
      vertex 52.900002 15.495256 0.000000
      vertex 52.900002 15.495256 2.000000
    endloop
  endfacet
  facet normal 0.000000 1.000000 0.000000
    outer loop
      vertex 56.200001 17.400513 2.000000
      vertex 54.000000 17.400513 0.000000
      vertex 54.000000 17.400513 2.000000
    endloop
  endfacet
  facet normal -0.866026 0.499999 0.000000
    outer loop
      vertex 54.000000 17.400513 2.000000
      vertex 54.000000 17.400513 0.000000
      vertex 52.900002 15.495256 0.000000
    endloop
  endfacet
  facet normal -0.866026 -0.500000 0.000000
    outer loop
      vertex 52.900002 15.495256 2.000000
      vertex 52.900002 15.495256 0.000000
      vertex 54.000000 13.590001 0.000000
    endloop
  endfacet
  facet normal -0.866026 -0.500000 0.000000
    outer loop
      vertex 52.900002 15.495256 2.000000
      vertex 54.000000 13.590001 0.000000
      vertex 54.000000 13.590001 2.000000
    endloop
  endfacet
  facet normal 0.000000 -1.000000 0.000000
    outer loop
      vertex 56.200001 13.590001 0.000000
      vertex 54.000000 13.590001 2.000000
      vertex 54.000000 13.590001 0.000000
    endloop
  endfacet
  facet normal 0.866025 0.500001 0.000000
    outer loop
      vertex 57.300003 15.495256 2.000000
      vertex 56.200001 17.400513 0.000000
      vertex 56.200001 17.400513 2.000000
    endloop
  endfacet
  facet normal 0.000000 1.000000 0.000000
    outer loop
      vertex 56.200001 17.400513 2.000000
      vertex 56.200001 17.400513 0.000000
      vertex 54.000000 17.400513 0.000000
    endloop
  endfacet
  facet normal 0.866025 0.500001 0.000000
    outer loop
      vertex 57.300003 15.495256 2.000000
      vertex 57.300003 15.495256 0.000000
      vertex 56.200001 17.400513 0.000000
    endloop
  endfacet
  facet normal 0.866025 -0.500001 0.000000
    outer loop
      vertex 56.509361 14.125827 2.000000
      vertex 57.300003 15.495256 0.000000
      vertex 57.300003 15.495256 2.000000
    endloop
  endfacet
  facet normal 0.000000 -1.000000 0.000000
    outer loop
      vertex 55.898293 13.590001 2.000000
      vertex 54.000000 13.590001 2.000000
      vertex 56.200001 13.590001 0.000000
    endloop
  endfacet
  facet normal 0.000000 -1.000000 0.000000
    outer loop
      vertex 55.898293 13.590001 2.000000
      vertex 56.200001 13.590001 0.000000
      vertex 56.200001 13.590001 2.000000
    endloop
  endfacet
  facet normal 0.866024 -0.500002 -0.000001
    outer loop
      vertex 56.509361 14.125827 2.000000
      vertex 56.200001 13.590001 2.000000
      vertex 57.300003 15.495256 0.000000
    endloop
  endfacet
  facet normal 0.866025 -0.500001 0.000000
    outer loop
      vertex 57.300003 15.495256 0.000000
      vertex 56.200001 13.590001 2.000000
      vertex 56.200001 13.590001 0.000000
    endloop
  endfacet
  facet normal -0.866025 0.500001 0.000000
    outer loop
      vertex 59.344872 16.612202 2.000000
      vertex 58.700001 15.495256 0.000000
      vertex 58.700001 15.495256 2.000000
    endloop
  endfacet
  facet normal -0.866025 -0.500001 0.000000
    outer loop
      vertex 59.800003 13.590001 0.000000
      vertex 58.700001 15.495256 2.000000
      vertex 58.700001 15.495256 0.000000
    endloop
  endfacet
  facet normal 0.000000 1.000000 0.000000
    outer loop
      vertex 60.243874 17.400513 2.000000
      vertex 59.800003 17.400513 0.000000
      vertex 59.800003 17.400513 2.000000
    endloop
  endfacet
  facet normal -0.866025 0.500000 0.000001
    outer loop
      vertex 59.344872 16.612202 2.000000
      vertex 59.800003 17.400513 2.000000
      vertex 58.700001 15.495256 0.000000
    endloop
  endfacet
  facet normal 0.000000 1.000000 0.000000
    outer loop
      vertex 60.243874 17.400513 2.000000
      vertex 62.000000 17.400513 2.000000
      vertex 59.800003 17.400513 0.000000
    endloop
  endfacet
  facet normal -0.866025 0.500001 0.000000
    outer loop
      vertex 59.800003 17.400513 2.000000
      vertex 59.800003 17.400513 0.000000
      vertex 58.700001 15.495256 0.000000
    endloop
  endfacet
  facet normal 0.000000 1.000000 0.000000
    outer loop
      vertex 59.800003 17.400513 0.000000
      vertex 62.000000 17.400513 2.000000
      vertex 62.000000 17.400513 0.000000
    endloop
  endfacet
  facet normal 0.866025 0.500001 0.000000
    outer loop
      vertex 62.698627 16.190456 2.000000
      vertex 62.000000 17.400513 0.000000
      vertex 62.000000 17.400513 2.000000
    endloop
  endfacet
  facet normal 0.866025 0.500001 0.000000
    outer loop
      vertex 62.698627 16.190456 2.000000
      vertex 63.100002 15.495256 2.000000
      vertex 62.000000 17.400513 0.000000
    endloop
  endfacet
  facet normal 0.866025 0.500001 0.000000
    outer loop
      vertex 63.100002 15.495256 2.000000
      vertex 63.100002 15.495256 0.000000
      vertex 62.000000 17.400513 0.000000
    endloop
  endfacet
  facet normal -0.866025 -0.500000 -0.000001
    outer loop
      vertex 58.700001 15.495256 2.000000
      vertex 59.800003 13.590001 0.000000
      vertex 59.373051 14.329501 2.000000
    endloop
  endfacet
  facet normal -0.866024 -0.500002 0.000000
    outer loop
      vertex 59.373051 14.329501 2.000000
      vertex 59.800003 13.590001 0.000000
      vertex 59.800003 13.590001 2.000000
    endloop
  endfacet
  facet normal 0.000000 -1.000000 0.000000
    outer loop
      vertex 59.800003 13.590001 2.000000
      vertex 62.000000 13.590001 0.000000
      vertex 62.000000 13.590001 2.000000
    endloop
  endfacet
  facet normal 0.000000 -1.000000 0.000000
    outer loop
      vertex 59.800003 13.590001 2.000000
      vertex 59.800003 13.590001 0.000000
      vertex 62.000000 13.590001 0.000000
    endloop
  endfacet
  facet normal 0.866025 -0.500001 0.000000
    outer loop
      vertex 62.000000 13.590001 2.000000
      vertex 63.100002 15.495256 0.000000
      vertex 63.100002 15.495256 2.000000
    endloop
  endfacet
  facet normal 0.866025 -0.500001 0.000000
    outer loop
      vertex 62.000000 13.590001 2.000000
      vertex 62.000000 13.590001 0.000000
      vertex 63.100002 15.495256 0.000000
    endloop
  endfacet
  facet normal -0.866025 0.500001 0.000000
    outer loop
      vertex 50.000000 10.284745 0.000000
      vertex 51.100002 12.190001 2.000000
      vertex 51.100002 12.190001 0.000000
    endloop
  endfacet
  facet normal -0.866025 0.500001 0.000000
    outer loop
      vertex 50.000000 10.284745 0.000000
      vertex 50.000000 10.284745 2.000000
      vertex 51.100002 12.190001 2.000000
    endloop
  endfacet
  facet normal -0.866025 -0.500001 0.000000
    outer loop
      vertex 50.000000 10.284745 2.000000
      vertex 51.100002 8.379488 0.000000
      vertex 51.100002 8.379488 2.000000
    endloop
  endfacet
  facet normal -0.866025 -0.500001 0.000000
    outer loop
      vertex 51.100002 8.379488 0.000000
      vertex 50.000000 10.284745 2.000000
      vertex 50.000000 10.284745 0.000000
    endloop
  endfacet
  facet normal 0.000000 1.000000 0.000000
    outer loop
      vertex 53.300003 12.190001 2.000000
      vertex 51.100002 12.190001 0.000000
      vertex 51.100002 12.190001 2.000000
    endloop
  endfacet
  facet normal 0.000000 1.000000 0.000000
    outer loop
      vertex 51.100002 12.190001 0.000000
      vertex 53.300003 12.190001 2.000000
      vertex 53.300003 12.190001 0.000000
    endloop
  endfacet
  facet normal 0.866026 0.499999 0.000000
    outer loop
      vertex 53.636681 11.606856 2.000000
      vertex 53.300003 12.190001 0.000000
      vertex 53.300003 12.190001 2.000000
    endloop
  endfacet
  facet normal 0.866027 0.499996 -0.000001
    outer loop
      vertex 53.636681 11.606856 2.000000
      vertex 53.849350 11.238499 2.000000
      vertex 53.300003 12.190001 0.000000
    endloop
  endfacet
  facet normal 0.866025 0.500001 0.000002
    outer loop
      vertex 53.849350 11.238499 2.000000
      vertex 54.400002 10.284745 2.000000
      vertex 53.300003 12.190001 0.000000
    endloop
  endfacet
  facet normal 0.866026 0.500000 0.000000
    outer loop
      vertex 53.300003 12.190001 0.000000
      vertex 54.400002 10.284745 2.000000
      vertex 54.400002 10.284745 0.000000
    endloop
  endfacet
  facet normal 0.000000 -1.000000 0.000000
    outer loop
      vertex 53.300003 8.379488 0.000000
      vertex 53.300003 8.379488 2.000000
      vertex 51.100002 8.379488 2.000000
    endloop
  endfacet
  facet normal 0.000000 -1.000000 0.000000
    outer loop
      vertex 53.300003 8.379488 0.000000
      vertex 51.100002 8.379488 2.000000
      vertex 51.100002 8.379488 0.000000
    endloop
  endfacet
  facet normal 0.866026 -0.499999 0.000000
    outer loop
      vertex 53.300003 8.379488 2.000000
      vertex 54.400002 10.284745 0.000000
      vertex 54.400002 10.284745 2.000000
    endloop
  endfacet
  facet normal 0.866026 -0.499999 0.000000
    outer loop
      vertex 54.400002 10.284745 0.000000
      vertex 53.300003 8.379488 2.000000
      vertex 53.300003 8.379488 0.000000
    endloop
  endfacet
  facet normal -0.866026 0.500000 0.000000
    outer loop
      vertex 55.800003 10.284745 0.000000
      vertex 56.900002 12.190001 2.000000
      vertex 56.900002 12.190001 0.000000
    endloop
  endfacet
  facet normal -0.866026 0.500000 0.000000
    outer loop
      vertex 55.800003 10.284745 0.000000
      vertex 55.800003 10.284745 2.000000
      vertex 56.900002 12.190001 2.000000
    endloop
  endfacet
  facet normal 0.000000 1.000000 0.000000
    outer loop
      vertex 59.100002 12.190001 2.000000
      vertex 56.900002 12.190001 0.000000
      vertex 56.900002 12.190001 2.000000
    endloop
  endfacet
  facet normal 0.000000 1.000000 0.000000
    outer loop
      vertex 59.100002 12.190001 2.000000
      vertex 59.100002 12.190001 0.000000
      vertex 56.900002 12.190001 0.000000
    endloop
  endfacet
  facet normal -0.866026 -0.499999 0.000000
    outer loop
      vertex 55.800003 10.284745 2.000000
      vertex 56.900002 8.379488 0.000000
      vertex 56.900002 8.379488 2.000000
    endloop
  endfacet
  facet normal -0.866026 -0.499999 0.000000
    outer loop
      vertex 56.900002 8.379488 0.000000
      vertex 55.800003 10.284745 2.000000
      vertex 55.800003 10.284745 0.000000
    endloop
  endfacet
  facet normal 0.000000 -1.000000 0.000000
    outer loop
      vertex 56.900002 8.379488 2.000000
      vertex 59.100002 8.379488 0.000000
      vertex 59.100002 8.379488 2.000000
    endloop
  endfacet
  facet normal 0.000000 -1.000000 0.000000
    outer loop
      vertex 59.100002 8.379488 0.000000
      vertex 56.900002 8.379488 2.000000
      vertex 56.900002 8.379488 0.000000
    endloop
  endfacet
  facet normal 0.866026 0.500000 0.000000
    outer loop
      vertex 60.200001 10.284745 2.000000
      vertex 59.100002 12.190001 0.000000
      vertex 59.100002 12.190001 2.000000
    endloop
  endfacet
  facet normal 0.866026 0.500000 0.000000
    outer loop
      vertex 60.200001 10.284745 2.000000
      vertex 60.200001 10.284745 0.000000
      vertex 59.100002 12.190001 0.000000
    endloop
  endfacet
  facet normal 0.866026 -0.499999 0.000000
    outer loop
      vertex 59.100002 8.379488 2.000000
      vertex 60.200001 10.284745 0.000000
      vertex 60.200001 10.284745 2.000000
    endloop
  endfacet
  facet normal 0.866026 -0.499999 0.000000
    outer loop
      vertex 60.200001 10.284745 0.000000
      vertex 59.100002 8.379488 2.000000
      vertex 59.100002 8.379488 0.000000
    endloop
  endfacet
endsolid casemaker
